2025-11-02 08:50:30 [background-preinit] INFO  o.h.validator.internal.util.Version - HV000001: Hibernate Validator 8.0.2.Final
2025-11-02 08:50:30 [main] INFO  c.middleware.MiddlewareApplication - Starting MiddlewareApplication using Java 23-valhalla with PID 24908 (C:\Users\omard\Desktop\Work\back-end - Copy\target\classes started by omard in C:\Users\omard\Desktop\Work\back-end - Copy)
2025-11-02 08:50:30 [main] INFO  c.middleware.MiddlewareApplication - No active profile set, falling back to 1 default profile: "default"
2025-11-02 08:50:40 [main] INFO  o.a.coyote.http11.Http11NioProtocol - Initializing ProtocolHandler ["http-nio-8081"]
2025-11-02 08:50:40 [main] INFO  o.a.catalina.core.StandardService - Starting service [Tomcat]
2025-11-02 08:50:40 [main] INFO  o.a.catalina.core.StandardEngine - Starting Servlet engine: [Apache Tomcat/10.1.39]
2025-11-02 08:50:41 [main] INFO  o.a.c.c.C.[Tomcat].[localhost].[/] - Initializing Spring embedded WebApplicationContext
2025-11-02 08:50:42 [main] INFO  o.h.jpa.internal.util.LogHelper - HHH000204: Processing PersistenceUnitInfo [name: default]
2025-11-02 08:50:42 [main] INFO  org.hibernate.Version - HHH000412: Hibernate ORM core version 6.6.11.Final
2025-11-02 08:50:43 [main] INFO  o.h.c.i.RegionFactoryInitiator - HHH000026: Second-level cache disabled
2025-11-02 08:50:44 [main] WARN  org.hibernate.orm.deprecation - HHH90000025: PostgreSQLDialect does not need to be specified explicitly using 'hibernate.dialect' (remove the property setting and it will be selected by default)
2025-11-02 08:50:44 [main] INFO  o.hibernate.orm.connections.pooling - HHH10001005: Database info:
	Database JDBC URL [Connecting through datasource 'org.springframework.jdbc.datasource.DriverManagerDataSource@575e862c']
	Database driver: undefined/unknown
	Database version: 17.4
	Autocommit mode: undefined/unknown
	Isolation level: undefined/unknown
	Minimum pool size: undefined/unknown
	Maximum pool size: undefined/unknown
2025-11-02 08:50:47 [main] INFO  o.h.e.t.j.p.i.JtaPlatformInitiator - HHH000489: No JTA platform available (set 'hibernate.transaction.jta.platform' to enable JTA platform integration)
2025-11-02 08:50:50 [main] DEBUG o.a.camel.spring.SpringCamelContext - Set the application context classloader to: TomcatEmbeddedWebappClassLoader
  context: ROOT
  delegate: true
----------> Parent Classloader:
jdk.internal.loader.ClassLoaders$AppClassLoader@5451c3a8

2025-11-02 08:50:50 [main] DEBUG o.a.camel.support.LRUCacheFactory - Creating DefaultLRUCacheFactory
2025-11-02 08:50:50 [main] DEBUG o.a.c.i.e.DefaultCamelContextExtension - Setting up management with factory: org.apache.camel.impl.engine.DefaultManagementStrategyFactory@a90447f
2025-11-02 08:50:50 [main] DEBUG o.a.camel.support.ResolverHelper - Found HealthCheckRegistry: org.apache.camel.impl.health.DefaultHealthCheckRegistry via: META-INF/services/org/apache/camel/health-check/default-registry
2025-11-02 08:50:50 [main] DEBUG o.a.camel.support.ResolverHelper - Detected and using HealthCheckRegistry: org.apache.camel.impl.health.DefaultHealthCheckRegistry@65d3d7d7
2025-11-02 08:50:50 [main] DEBUG o.a.c.i.h.DefaultHealthCheckRegistry - HealthCheckRepository with id registry-health-check-repository successfully registered
2025-11-02 08:50:50 [main] DEBUG o.a.c.i.c.BaseTypeConverterRegistry - Loading file META-INF/services/org/apache/camel/TypeConverterLoader to retrieve list of type converters, from url: jar:file:/C:/Users/omard/.m2/repository/org/apache/camel/camel-spring/4.4.0/camel-spring-4.4.0.jar!/META-INF/services/org/apache/camel/TypeConverterLoader
2025-11-02 08:50:50 [main] DEBUG o.a.c.i.c.BaseTypeConverterRegistry - Loading file META-INF/services/org/apache/camel/TypeConverterLoader to retrieve list of type converters, from url: jar:file:/C:/Users/omard/.m2/repository/org/apache/camel/camel-xml-jaxp/4.4.0/camel-xml-jaxp-4.4.0.jar!/META-INF/services/org/apache/camel/TypeConverterLoader
2025-11-02 08:50:50 [main] DEBUG o.a.c.i.c.BaseTypeConverterRegistry - Loading file META-INF/services/org/apache/camel/TypeConverterLoader to retrieve list of type converters, from url: jar:file:/C:/Users/omard/.m2/repository/org/apache/camel/camel-http/4.4.0/camel-http-4.4.0.jar!/META-INF/services/org/apache/camel/TypeConverterLoader
2025-11-02 08:50:50 [main] DEBUG o.a.c.i.c.BaseTypeConverterRegistry - Loading file META-INF/services/org/apache/camel/TypeConverterLoader to retrieve list of type converters, from url: jar:file:/C:/Users/omard/.m2/repository/org/apache/camel/camel-http-common/4.4.0/camel-http-common-4.4.0.jar!/META-INF/services/org/apache/camel/TypeConverterLoader
2025-11-02 08:50:50 [main] DEBUG o.a.c.i.c.BaseTypeConverterRegistry - Loading file META-INF/services/org/apache/camel/TypeConverterLoader to retrieve list of type converters, from url: jar:file:/C:/Users/omard/.m2/repository/org/apache/camel/camel-attachments/4.4.0/camel-attachments-4.4.0.jar!/META-INF/services/org/apache/camel/TypeConverterLoader
2025-11-02 08:50:50 [main] DEBUG o.a.c.i.c.BaseTypeConverterRegistry - Loading file META-INF/services/org/apache/camel/TypeConverterLoader to retrieve list of type converters, from url: jar:file:/C:/Users/omard/.m2/repository/org/apache/camel/camel-jackson/4.4.0/camel-jackson-4.4.0.jar!/META-INF/services/org/apache/camel/TypeConverterLoader
2025-11-02 08:50:50 [main] DEBUG o.a.c.i.c.BaseTypeConverterRegistry - Loading file META-INF/services/org/apache/camel/TypeConverterLoader to retrieve list of type converters, from url: jar:file:/C:/Users/omard/.m2/repository/org/apache/camel/camel-support/4.4.0/camel-support-4.4.0.jar!/META-INF/services/org/apache/camel/TypeConverterLoader
2025-11-02 08:50:50 [main] DEBUG o.a.c.i.c.BaseTypeConverterRegistry - Loading file META-INF/services/org/apache/camel/TypeConverterLoader to retrieve list of type converters, from url: jar:file:/C:/Users/omard/.m2/repository/org/apache/camel/camel-file/4.4.0/camel-file-4.4.0.jar!/META-INF/services/org/apache/camel/TypeConverterLoader
2025-11-02 08:50:50 [main] DEBUG o.a.c.i.c.BaseTypeConverterRegistry - Loading file META-INF/services/org/apache/camel/TypeConverterLoader to retrieve list of type converters, from url: jar:file:/C:/Users/omard/.m2/repository/org/apache/camel/camel-base/4.4.0/camel-base-4.4.0.jar!/META-INF/services/org/apache/camel/TypeConverterLoader
2025-11-02 08:50:50 [main] DEBUG o.a.c.i.c.BaseTypeConverterRegistry - Loading file META-INF/services/org/apache/camel/TypeConverterLoader to retrieve list of type converters, from url: jar:file:/C:/Users/omard/.m2/repository/org/apache/camel/camel-spring/4.4.0/camel-spring-4.4.0.jar!/META-INF/services/org/apache/camel/TypeConverterLoader
2025-11-02 08:50:50 [main] DEBUG o.a.c.i.c.BaseTypeConverterRegistry - Loading file META-INF/services/org/apache/camel/TypeConverterLoader to retrieve list of type converters, from url: jar:file:/C:/Users/omard/.m2/repository/org/apache/camel/camel-xml-jaxp/4.4.0/camel-xml-jaxp-4.4.0.jar!/META-INF/services/org/apache/camel/TypeConverterLoader
2025-11-02 08:50:50 [main] DEBUG o.a.c.i.c.BaseTypeConverterRegistry - Loading file META-INF/services/org/apache/camel/TypeConverterLoader to retrieve list of type converters, from url: jar:file:/C:/Users/omard/.m2/repository/org/apache/camel/camel-http/4.4.0/camel-http-4.4.0.jar!/META-INF/services/org/apache/camel/TypeConverterLoader
2025-11-02 08:50:50 [main] DEBUG o.a.c.i.c.BaseTypeConverterRegistry - Loading file META-INF/services/org/apache/camel/TypeConverterLoader to retrieve list of type converters, from url: jar:file:/C:/Users/omard/.m2/repository/org/apache/camel/camel-http-common/4.4.0/camel-http-common-4.4.0.jar!/META-INF/services/org/apache/camel/TypeConverterLoader
2025-11-02 08:50:50 [main] DEBUG o.a.c.i.c.BaseTypeConverterRegistry - Loading file META-INF/services/org/apache/camel/TypeConverterLoader to retrieve list of type converters, from url: jar:file:/C:/Users/omard/.m2/repository/org/apache/camel/camel-attachments/4.4.0/camel-attachments-4.4.0.jar!/META-INF/services/org/apache/camel/TypeConverterLoader
2025-11-02 08:50:50 [main] DEBUG o.a.c.i.c.BaseTypeConverterRegistry - Loading file META-INF/services/org/apache/camel/TypeConverterLoader to retrieve list of type converters, from url: jar:file:/C:/Users/omard/.m2/repository/org/apache/camel/camel-jackson/4.4.0/camel-jackson-4.4.0.jar!/META-INF/services/org/apache/camel/TypeConverterLoader
2025-11-02 08:50:50 [main] DEBUG o.a.c.i.c.BaseTypeConverterRegistry - Loading file META-INF/services/org/apache/camel/TypeConverterLoader to retrieve list of type converters, from url: jar:file:/C:/Users/omard/.m2/repository/org/apache/camel/camel-support/4.4.0/camel-support-4.4.0.jar!/META-INF/services/org/apache/camel/TypeConverterLoader
2025-11-02 08:50:50 [main] DEBUG o.a.c.i.c.BaseTypeConverterRegistry - Loading file META-INF/services/org/apache/camel/TypeConverterLoader to retrieve list of type converters, from url: jar:file:/C:/Users/omard/.m2/repository/org/apache/camel/camel-file/4.4.0/camel-file-4.4.0.jar!/META-INF/services/org/apache/camel/TypeConverterLoader
2025-11-02 08:50:50 [main] DEBUG o.a.c.i.c.BaseTypeConverterRegistry - Loading file META-INF/services/org/apache/camel/TypeConverterLoader to retrieve list of type converters, from url: jar:file:/C:/Users/omard/.m2/repository/org/apache/camel/camel-base/4.4.0/camel-base-4.4.0.jar!/META-INF/services/org/apache/camel/TypeConverterLoader
2025-11-02 08:50:50 [main] DEBUG o.a.c.i.c.BaseTypeConverterRegistry - Resolving TypeConverterLoader: org.apache.camel.spring.converter.ResourceConverterLoader
2025-11-02 08:50:50 [main] DEBUG o.a.c.i.c.BaseTypeConverterRegistry - TypeConverterLoader: org.apache.camel.spring.converter.ResourceConverterLoader loading converters
2025-11-02 08:50:50 [main] DEBUG o.a.c.i.c.BaseTypeConverterRegistry - Resolving TypeConverterLoader: org.apache.camel.converter.jaxp.CamelXmlJaxpBulkConverterLoader
2025-11-02 08:50:50 [main] DEBUG o.a.c.i.c.BaseTypeConverterRegistry - TypeConverterLoader: org.apache.camel.converter.jaxp.CamelXmlJaxpBulkConverterLoader loading converters
2025-11-02 08:50:50 [main] DEBUG o.a.c.i.c.BaseTypeConverterRegistry - Resolving TypeConverterLoader: org.apache.camel.component.http.HttpConvertersLoader
2025-11-02 08:50:50 [main] DEBUG o.a.c.i.c.BaseTypeConverterRegistry - TypeConverterLoader: org.apache.camel.component.http.HttpConvertersLoader loading converters
2025-11-02 08:50:50 [main] DEBUG o.a.c.i.c.BaseTypeConverterRegistry - Resolving TypeConverterLoader: org.apache.camel.component.http.HttpEntityConverterLoader
2025-11-02 08:50:50 [main] DEBUG o.a.c.i.c.BaseTypeConverterRegistry - TypeConverterLoader: org.apache.camel.component.http.HttpEntityConverterLoader loading converters
2025-11-02 08:50:50 [main] DEBUG o.a.c.i.c.BaseTypeConverterRegistry - Resolving TypeConverterLoader: org.apache.camel.http.common.HttpConverterLoader
2025-11-02 08:50:50 [main] DEBUG o.a.c.i.c.BaseTypeConverterRegistry - TypeConverterLoader: org.apache.camel.http.common.HttpConverterLoader loading converters
2025-11-02 08:50:50 [main] DEBUG o.a.c.i.c.BaseTypeConverterRegistry - Resolving TypeConverterLoader: org.apache.camel.attachment.AttachmentConverterLoader
2025-11-02 08:50:50 [main] DEBUG o.a.c.i.c.BaseTypeConverterRegistry - TypeConverterLoader: org.apache.camel.attachment.AttachmentConverterLoader loading converters
2025-11-02 08:50:50 [main] DEBUG o.a.c.i.c.BaseTypeConverterRegistry - Resolving TypeConverterLoader: org.apache.camel.component.jackson.converter.JacksonTypeConvertersLoader
2025-11-02 08:50:50 [main] DEBUG o.a.c.i.c.BaseTypeConverterRegistry - TypeConverterLoader: org.apache.camel.component.jackson.converter.JacksonTypeConvertersLoader loading converters
2025-11-02 08:50:50 [main] DEBUG o.a.c.i.c.BaseTypeConverterRegistry - Resolving TypeConverterLoader: org.apache.camel.converter.stream.StreamCacheBulkConverterLoader
2025-11-02 08:50:50 [main] DEBUG o.a.c.i.c.BaseTypeConverterRegistry - TypeConverterLoader: org.apache.camel.converter.stream.StreamCacheBulkConverterLoader loading converters
2025-11-02 08:50:50 [main] DEBUG o.a.c.i.c.BaseTypeConverterRegistry - Resolving TypeConverterLoader: org.apache.camel.component.file.GenericFileConverterLoader
2025-11-02 08:50:50 [main] DEBUG o.a.c.i.c.BaseTypeConverterRegistry - TypeConverterLoader: org.apache.camel.component.file.GenericFileConverterLoader loading converters
2025-11-02 08:50:50 [main] DEBUG o.a.c.i.c.BaseTypeConverterRegistry - Resolving TypeConverterLoader: org.apache.camel.converter.CamelBaseBulkConverterLoader
2025-11-02 08:50:50 [main] DEBUG o.a.c.i.c.BaseTypeConverterRegistry - TypeConverterLoader: org.apache.camel.converter.CamelBaseBulkConverterLoader loading converters
2025-11-02 08:50:50 [main] DEBUG o.a.c.i.c.DefaultTypeConverter - Loaded 259 type converters in 132ms
2025-11-02 08:50:50 [main] DEBUG o.a.c.i.engine.AbstractCamelContext - Apache Camel 4.4.0 (camel-1) built in 213ms
2025-11-02 08:50:50 [main] INFO  o.a.camel.util.concurrent.ThreadType - The type of thread detected is PLATFORM
2025-11-02 08:50:50 [main] DEBUG o.a.c.i.e.BaseExecutorServiceManager - Created new ScheduledThreadPool for source: ErrorHandlerRedeliveryThreadPool with name: ErrorHandlerRedeliveryTask -> org.apache.camel.util.concurrent.SizedScheduledExecutorService@49e35c6[ErrorHandlerRedeliveryTask]
2025-11-02 08:50:50 [main] DEBUG o.a.c.i.e.DefaultConfigurerResolver - Found configurer: spring-event-component via type: org.apache.camel.component.event.EventComponentConfigurer via: META-INF/services/org/apache/camel/configurer/spring-event-component
2025-11-02 08:50:50 [main] DEBUG o.a.c.i.e.DefaultConfigurerResolver - Found configurer: spring-event-endpoint via type: org.apache.camel.component.event.EventEndpointConfigurer via: META-INF/services/org/apache/camel/configurer/spring-event-endpoint
2025-11-02 08:50:50 [main] DEBUG o.a.c.i.e.DefaultConfigurerResolver - Found configurer: spring-event-component via type: org.apache.camel.component.event.EventComponentConfigurer via: META-INF/services/org/apache/camel/configurer/spring-event-component
2025-11-02 08:50:50 [main] DEBUG o.a.camel.spring.SpringCamelContext - Set the application context classloader to: TomcatEmbeddedWebappClassLoader
  context: ROOT
  delegate: true
----------> Parent Classloader:
jdk.internal.loader.ClassLoaders$AppClassLoader@5451c3a8

2025-11-02 08:50:55 [main] DEBUG o.s.w.f.ServerHttpObservationFilter - Filter 'webMvcObservationFilter' configured for use
2025-11-02 08:50:55 [main] DEBUG o.s.w.f.CommonsRequestLoggingFilter - Filter 'logFilter' configured for use
2025-11-02 08:50:55 [main] DEBUG c.m.b.users.config.JwtRequestFilter - Filter 'jwtRequestFilter' configured for use
2025-11-02 08:50:55 [main] INFO  c.m.b.config.RestTemplateConfig - Creating RestTemplate with SSL trust-all configuration
2025-11-02 08:50:55 [main] INFO  c.m.b.config.RestTemplateConfig - RestTemplate configured with connect-timeout: 10000ms, read-timeout: 30000ms
2025-11-02 08:50:57 [main] INFO  org.quartz.impl.StdSchedulerFactory - Using default implementation for ThreadExecutor
2025-11-02 08:50:57 [main] INFO  o.quartz.core.SchedulerSignalerImpl - Initialized Scheduler Signaller of type: class org.quartz.core.SchedulerSignalerImpl
2025-11-02 08:50:57 [main] INFO  org.quartz.core.QuartzScheduler - Quartz Scheduler v.2.3.2 created.
2025-11-02 08:50:57 [main] INFO  org.quartz.simpl.RAMJobStore - RAMJobStore initialized.
2025-11-02 08:50:57 [main] INFO  org.quartz.core.QuartzScheduler - Scheduler meta-data: Quartz Scheduler (v2.3.2) 'quartzScheduler' with instanceId 'NON_CLUSTERED'
  Scheduler class: 'org.quartz.core.QuartzScheduler' - running locally.
  NOT STARTED.
  Currently in standby mode.
  Number of jobs executed: 0
  Using thread pool 'org.quartz.simpl.SimpleThreadPool' - with 10 threads.
  Using job-store 'org.quartz.simpl.RAMJobStore' - which does not support persistence. and is not clustered.

2025-11-02 08:50:57 [main] INFO  org.quartz.impl.StdSchedulerFactory - Quartz scheduler 'quartzScheduler' initialized from an externally provided properties instance.
2025-11-02 08:50:57 [main] INFO  org.quartz.impl.StdSchedulerFactory - Quartz scheduler version: 2.3.2
2025-11-02 08:50:57 [main] INFO  org.quartz.core.QuartzScheduler - JobFactory set to: org.springframework.scheduling.quartz.SpringBeanJobFactory@77ef56fe
2025-11-02 08:50:57 [main] INFO  c.m.IntegrationMappingComponent - IntegrationMappingComponent initialized with CamelContext.
2025-11-02 08:50:57 [main] INFO  c.m.b.c.IntegrationMappingConfiguration - ✅ Registered custom Camel component: integrationmapping
2025-11-02 08:50:57 [main] INFO  c.m.b.k.i.Dhis2HeaderFilterConfig - === Configuring DHIS2 Header Filter (Static Test) ===
2025-11-02 08:50:57 [main] INFO  c.m.b.k.i.Dhis2HeaderFilterConfig - DHIS2 Header Filter configured - allowing most headers for testing
2025-11-02 08:50:58 [main] DEBUG o.s.w.s.m.m.a.RequestMappingHandlerMapping - 164 mappings in 'requestMappingHandlerMapping'
2025-11-02 08:50:59 [main] DEBUG o.s.w.s.h.SimpleUrlHandlerMapping - Patterns [/webjars/**, /**, /swagger-ui*/*swagger-initializer.js, /swagger-ui*/**] in 'resourceHandlerMapping'
2025-11-02 08:50:59 [main] DEBUG o.a.c.i.h.DefaultHealthCheckRegistry - HealthCheck with id context successfully registered
2025-11-02 08:50:59 [main] DEBUG o.a.c.i.h.DefaultHealthCheckRegistry - HealthCheckRepository with id routes successfully registered
2025-11-02 08:50:59 [main] DEBUG o.a.c.i.h.DefaultHealthCheckRegistry - HealthCheckRepository with id producers successfully registered
2025-11-02 08:50:59 [main] DEBUG o.a.c.i.h.DefaultHealthCheckRegistry - HealthCheckRepository with id consumers successfully registered
2025-11-02 08:51:00 [main] DEBUG o.s.w.s.m.m.a.RequestMappingHandlerAdapter - ControllerAdvice beans: 0 @ModelAttribute, 0 @InitBinder, 1 RequestBodyAdvice, 1 ResponseBodyAdvice
2025-11-02 08:51:00 [main] DEBUG o.s.w.s.m.m.a.ExceptionHandlerExceptionResolver - ControllerAdvice beans: 2 @ExceptionHandler, 1 ResponseBodyAdvice
2025-11-02 08:51:02 [main] INFO  o.a.coyote.http11.Http11NioProtocol - Starting ProtocolHandler ["http-nio-8081"]
2025-11-02 08:51:02 [main] DEBUG o.a.c.h.common.DefaultHttpRegistry - Registering CamelServlet with name CamelServlet consumers present: 0
2025-11-02 08:51:02 [main] INFO  o.a.c.c.s.CamelHttpTransportServlet - Initialized CamelHttpTransportServlet[name=CamelServlet, contextPath=]
2025-11-02 08:51:02 [main] DEBUG o.a.camel.spring.SpringCamelContext - onApplicationEvent: org.springframework.boot.web.servlet.context.ServletWebServerInitializedEvent[source=org.springframework.boot.web.embedded.tomcat.TomcatWebServer@364cf84e]
2025-11-02 08:51:02 [main] INFO  org.quartz.core.QuartzScheduler - Scheduler quartzScheduler_$_NON_CLUSTERED started.
2025-11-02 08:51:02 [main] DEBUG o.a.c.s.b.CamelSpringBootApplicationListener - Post-processing CamelContext bean: camel-1
2025-11-02 08:51:02 [main] DEBUG o.apache.camel.main.RoutesConfigurer - RoutesCollectorEnabled: org.apache.camel.spring.boot.CamelSpringBootRoutesCollector@3bc1711d
2025-11-02 08:51:02 [main] DEBUG o.a.c.s.b.CamelSpringBootRoutesCollector - Finding additional routes from: classpath:camel/*
2025-11-02 08:51:02 [main] DEBUG o.a.c.s.b.CamelSpringBootRoutesCollector - Finding additional routes from: classpath:camel-template/*
2025-11-02 08:51:02 [main] DEBUG o.a.c.s.b.CamelSpringBootRoutesCollector - Finding additional routes from: classpath:camel-rest/*
2025-11-02 08:51:02 [main] DEBUG o.a.c.s.b.CamelSpringBootRoutesCollector - No additional RoutesBuilder discovered from: classpath:camel/*,classpath:camel-template/*,classpath:camel-rest/*
2025-11-02 08:51:02 [main] DEBUG o.a.camel.spring.SpringCamelContext - onApplicationEvent: org.springframework.context.event.ContextRefreshedEvent[source=org.springframework.boot.web.servlet.context.AnnotationConfigServletWebServerApplicationContext@3704122f, started on Sun Nov 02 08:50:30 EET 2025]
2025-11-02 08:51:02 [main] DEBUG o.a.c.i.engine.AbstractCamelContext - Resolving language: simple
2025-11-02 08:51:02 [main] DEBUG o.a.camel.support.ResolverHelper - Lookup Language with name simple in registry. Found: null
2025-11-02 08:51:02 [main] DEBUG o.a.camel.support.ResolverHelper - Lookup Language with name simple-language in registry. Found: null
2025-11-02 08:51:02 [main] DEBUG o.a.c.language.simple.SimpleLanguage - Simple language predicate/expression cache size: 1000
2025-11-02 08:51:02 [main] DEBUG o.a.c.i.engine.AbstractCamelContext - Apache Camel 4.4.0 (camel-1) initialized in 113ms
2025-11-02 08:51:02 [main] INFO  o.a.c.i.engine.AbstractCamelContext - Apache Camel 4.4.0 (camel-1) is starting
2025-11-02 08:51:02 [main] DEBUG o.a.c.i.engine.AbstractCamelContext - Using ClassResolver=org.apache.camel.impl.engine.DefaultClassResolver@360d4124, PackageScanClassResolver=org.apache.camel.spring.boot.FatJarPackageScanClassResolver@27de2eda, ApplicationContextClassLoader=TomcatEmbeddedWebappClassLoader
  context: ROOT
  delegate: true
----------> Parent Classloader:
jdk.internal.loader.ClassLoaders$AppClassLoader@5451c3a8
, RouteController=org.apache.camel.impl.engine.DefaultRouteController@6cf41e6
2025-11-02 08:51:02 [main] DEBUG o.a.c.i.engine.AbstractCamelContext - StreamCaching is disabled on CamelContext: camel-1
2025-11-02 08:51:02 [main] DEBUG o.a.c.i.engine.AbstractCamelContext - Using HeadersMapFactory: org.apache.camel.impl.engine.DefaultHeadersMapFactory@3baa010e
2025-11-02 08:51:02 [main] DEBUG o.a.c.i.engine.AbstractCamelContext - Using ReactiveExecutor: org.apache.camel.impl.engine.DefaultReactiveExecutor@5da5ae8d
2025-11-02 08:51:02 [main] DEBUG o.a.c.i.engine.AbstractCamelContext - Using ThreadPoolFactory: org.apache.camel.support.DefaultThreadPoolFactory@31cbe718
2025-11-02 08:51:02 [main] DEBUG o.a.c.i.engine.AbstractCamelContext - Using HealthCheck: camel-spring-boot
2025-11-02 08:51:02 [main] DEBUG o.a.c.i.e.DefaultStreamCachingStrategy - StreamCaching configuration DefaultStreamCachingStrategy[spoolDirectoryEnabled=false, spoolDirectory=null, spoolCipher=null, spoolThreshold=131072, spoolUsedHeapMemoryThreshold=0, bufferSize=0, anySpoolRules=false]
2025-11-02 08:51:02 [main] DEBUG o.a.c.i.e.DefaultStreamCachingStrategy - StreamCaching in use
2025-11-02 08:51:02 [main] DEBUG o.a.c.i.engine.AbstractCamelContext - Clearing BeanIntrospection cache with 1 objects using during starting Camel
2025-11-02 08:51:02 [main] DEBUG o.a.c.i.engine.AbstractCamelContext - BeanIntrospection invoked 4 times during starting Camel
2025-11-02 08:51:02 [main] INFO  o.a.c.i.engine.AbstractCamelContext - Routes startup (started:0)
2025-11-02 08:51:02 [main] INFO  o.a.c.i.engine.AbstractCamelContext - Apache Camel 4.4.0 (camel-1) started in 353ms (build:213ms init:113ms start:27ms)
2025-11-02 08:51:02 [main] DEBUG o.a.camel.support.ResolverHelper - Found ProcessorFactory: org.apache.camel.processor.DefaultProcessorFactory via: META-INF/services/org/apache/camel/processor-factory
2025-11-02 08:51:02 [main] DEBUG o.a.camel.support.ResolverHelper - Detected and using ProcessorFactory: org.apache.camel.processor.DefaultProcessorFactory@5b04452
2025-11-02 08:51:02 [main] DEBUG o.a.camel.impl.DefaultCamelContext - start() took 152 millis
2025-11-02 08:51:02 [main] INFO  c.middleware.MiddlewareApplication - Started MiddlewareApplication in 33.213 seconds (process running for 35.855)
2025-11-02 08:51:02 [main] DEBUG o.a.camel.spring.SpringCamelContext - onApplicationEvent: org.springframework.boot.context.event.ApplicationStartedEvent[source=org.springframework.boot.SpringApplication@ea7dfe4]
2025-11-02 08:51:02 [main] DEBUG o.a.camel.spring.SpringCamelContext - onApplicationEvent: org.springframework.boot.availability.AvailabilityChangeEvent[source=org.springframework.boot.web.servlet.context.AnnotationConfigServletWebServerApplicationContext@3704122f, started on Sun Nov 02 08:50:30 EET 2025]
2025-11-02 08:51:02 [scheduling-1] INFO  c.m.b.k.service.DynamicRouteService - Starting route status sync with Camel context
2025-11-02 08:51:03 [main] DEBUG o.a.camel.spring.SpringCamelContext - onApplicationEvent: org.springframework.boot.context.event.ApplicationReadyEvent[source=org.springframework.boot.SpringApplication@ea7dfe4]
2025-11-02 08:51:03 [main] INFO  c.m.b.k.service.SequenceFixService - Fixing sequence for integration_mapping.id ...
2025-11-02 08:51:03 [scheduling-1] DEBUG o.a.c.i.engine.AbstractCamelContext - Adding route configurations from builder: Routes: []
2025-11-02 08:51:03 [scheduling-1] DEBUG o.a.c.i.engine.AbstractCamelContext - Adding routes from builder: Routes: []
2025-11-02 08:51:03 [scheduling-1] DEBUG o.a.c.i.e.DefaultUriFactoryResolver - Found EndpointUriFactory: integrationmapping via type: com.middleware.IntegrationMappingEndpointUriFactory via: META-INF/services/org/apache/camel/urifactory/integrationmapping
2025-11-02 08:51:03 [scheduling-1] DEBUG o.a.c.i.e.DefaultUriFactoryResolver - Found EndpointUriFactory: rest via type: org.apache.camel.component.rest.RestEndpointUriFactory via: META-INF/services/org/apache/camel/urifactory/rest
2025-11-02 08:51:03 [scheduling-1] DEBUG o.a.c.i.e.DefaultConfigurerResolver - Found configurer: org.apache.camel.spi.RestConfiguration via type: org.apache.camel.impl.RestConfigurationConfigurer via: META-INF/services/org/apache/camel/configurer/org.apache.camel.spi.RestConfiguration
2025-11-02 08:51:03 [scheduling-1] DEBUG o.a.c.i.e.DefaultConfigurerResolver - Found configurer: org.apache.camel.spi.RestConfiguration via type: org.apache.camel.impl.RestConfigurationConfigurer via: META-INF/services/org/apache/camel/configurer/org.apache.camel.spi.RestConfiguration
2025-11-02 08:51:03 [scheduling-1] DEBUG o.a.c.i.e.DefaultConfigurerResolver - Found configurer: org.apache.camel.spi.RestConfiguration via type: org.apache.camel.impl.RestConfigurationConfigurer via: META-INF/services/org/apache/camel/configurer/org.apache.camel.spi.RestConfiguration
2025-11-02 08:51:03 [scheduling-1] DEBUG o.a.c.i.e.DefaultConfigurerResolver - Found configurer: org.apache.camel.spi.RestConfiguration via type: org.apache.camel.impl.RestConfigurationConfigurer via: META-INF/services/org/apache/camel/configurer/org.apache.camel.spi.RestConfiguration
2025-11-02 08:51:03 [scheduling-1] DEBUG o.a.c.i.e.DefaultConfigurerResolver - Found configurer: org.apache.camel.spi.RestConfiguration via type: org.apache.camel.impl.RestConfigurationConfigurer via: META-INF/services/org/apache/camel/configurer/org.apache.camel.spi.RestConfiguration
2025-11-02 08:51:03 [scheduling-1] DEBUG o.a.c.i.e.DefaultConfigurerResolver - Found configurer: org.apache.camel.spi.RestConfiguration via type: org.apache.camel.impl.RestConfigurationConfigurer via: META-INF/services/org/apache/camel/configurer/org.apache.camel.spi.RestConfiguration
2025-11-02 08:51:03 [scheduling-1] DEBUG o.a.c.i.e.DefaultConfigurerResolver - Found configurer: org.apache.camel.spi.RestConfiguration via type: org.apache.camel.impl.RestConfigurationConfigurer via: META-INF/services/org/apache/camel/configurer/org.apache.camel.spi.RestConfiguration
2025-11-02 08:51:03 [scheduling-1] DEBUG o.a.c.i.e.DefaultConfigurerResolver - Found configurer: org.apache.camel.spi.RestConfiguration via type: org.apache.camel.impl.RestConfigurationConfigurer via: META-INF/services/org/apache/camel/configurer/org.apache.camel.spi.RestConfiguration
2025-11-02 08:51:03 [scheduling-1] DEBUG o.a.c.i.e.DefaultConfigurerResolver - Found configurer: org.apache.camel.spi.RestConfiguration via type: org.apache.camel.impl.RestConfigurationConfigurer via: META-INF/services/org/apache/camel/configurer/org.apache.camel.spi.RestConfiguration
2025-11-02 08:51:03 [scheduling-1] DEBUG o.a.c.i.e.DefaultConfigurerResolver - Found configurer: org.apache.camel.spi.RestConfiguration via type: org.apache.camel.impl.RestConfigurationConfigurer via: META-INF/services/org/apache/camel/configurer/org.apache.camel.spi.RestConfiguration
2025-11-02 08:51:03 [scheduling-1] DEBUG o.a.c.i.e.DefaultConfigurerResolver - Found configurer: org.apache.camel.spi.RestConfiguration via type: org.apache.camel.impl.RestConfigurationConfigurer via: META-INF/services/org/apache/camel/configurer/org.apache.camel.spi.RestConfiguration
2025-11-02 08:51:03 [scheduling-1] DEBUG o.a.c.i.e.DefaultConfigurerResolver - Found configurer: org.apache.camel.spi.RestConfiguration via type: org.apache.camel.impl.RestConfigurationConfigurer via: META-INF/services/org/apache/camel/configurer/org.apache.camel.spi.RestConfiguration
2025-11-02 08:51:03 [scheduling-1] DEBUG o.a.c.i.engine.AbstractCamelContext - Using ComponentResolver: org.apache.camel.impl.engine.DefaultComponentResolver@555fccd4 to resolve component with name: rest
2025-11-02 08:51:03 [scheduling-1] DEBUG o.a.camel.support.ResolverHelper - Lookup Component with name rest in registry. Found: null
2025-11-02 08:51:03 [scheduling-1] DEBUG o.a.camel.support.ResolverHelper - Lookup Component with name rest-component in registry. Found: null
2025-11-02 08:51:03 [scheduling-1] DEBUG o.a.c.i.e.DefaultComponentResolver - Found component: rest via type: org.apache.camel.component.rest.RestComponent via: META-INF/services/org/apache/camel/component/rest
2025-11-02 08:51:03 [scheduling-1] DEBUG o.a.c.i.e.DefaultConfigurerResolver - Found configurer: rest-component via type: org.apache.camel.component.rest.RestComponentConfigurer via: META-INF/services/org/apache/camel/configurer/rest-component
2025-11-02 08:51:03 [scheduling-1] DEBUG o.a.c.i.e.DefaultConfigurerResolver - Found configurer: rest-endpoint via type: org.apache.camel.component.rest.RestEndpointConfigurer via: META-INF/services/org/apache/camel/configurer/rest-endpoint
2025-11-02 08:51:03 [RMI TCP Connection(3)-192.168.2.21] DEBUG o.a.c.i.health.AbstractHealthCheck - Invoke health-check (LIVENESS) camel/context
2025-11-02 08:51:03 [RMI TCP Connection(2)-192.168.2.21] INFO  o.a.c.c.C.[Tomcat].[localhost].[/] - Initializing Spring DispatcherServlet 'dispatcherServlet'
2025-11-02 08:51:03 [RMI TCP Connection(2)-192.168.2.21] INFO  o.s.web.servlet.DispatcherServlet - Initializing Servlet 'dispatcherServlet'
2025-11-02 08:51:03 [RMI TCP Connection(2)-192.168.2.21] DEBUG o.s.web.servlet.DispatcherServlet - Detected StandardServletMultipartResolver
2025-11-02 08:51:03 [RMI TCP Connection(2)-192.168.2.21] DEBUG o.s.web.servlet.DispatcherServlet - Detected AcceptHeaderLocaleResolver
2025-11-02 08:51:03 [RMI TCP Connection(2)-192.168.2.21] DEBUG o.s.web.servlet.DispatcherServlet - Detected FixedThemeResolver
2025-11-02 08:51:03 [RMI TCP Connection(3)-192.168.2.21] DEBUG o.a.c.i.health.AbstractHealthCheck - Invoke health-check (READINESS) camel/context
2025-11-02 08:51:03 [RMI TCP Connection(3)-192.168.2.21] DEBUG o.a.c.i.health.AbstractHealthCheck - Invoke health-check (ALL) camel/context
2025-11-02 08:51:03 [RMI TCP Connection(2)-192.168.2.21] DEBUG o.s.web.servlet.DispatcherServlet - Detected org.springframework.web.servlet.view.DefaultRequestToViewNameTranslator@100c22a2
2025-11-02 08:51:03 [RMI TCP Connection(2)-192.168.2.21] DEBUG o.s.web.servlet.DispatcherServlet - Detected org.springframework.web.servlet.support.SessionFlashMapManager@41339af6
2025-11-02 08:51:03 [RMI TCP Connection(2)-192.168.2.21] DEBUG o.s.web.servlet.DispatcherServlet - enableLoggingRequestDetails='false': request parameters and headers will be masked to prevent unsafe logging of potentially sensitive data
2025-11-02 08:51:03 [RMI TCP Connection(2)-192.168.2.21] INFO  o.s.web.servlet.DispatcherServlet - Completed initialization in 14 ms
2025-11-02 08:51:03 [scheduling-1] DEBUG o.a.c.i.e.DefaultConfigurerResolver - Found configurer: rest-component via type: org.apache.camel.component.rest.RestComponentConfigurer via: META-INF/services/org/apache/camel/configurer/rest-component
2025-11-02 08:51:03 [scheduling-1] DEBUG o.a.camel.support.DefaultComponent - Creating endpoint uri=[rest://get:/healthmap2], path=[get:/healthmap2]
2025-11-02 08:51:03 [scheduling-1] DEBUG o.a.c.i.engine.AbstractCamelContext - rest://get:/healthmap2 converted to endpoint: rest://get:/healthmap2 by component: org.apache.camel.component.rest.RestComponent@47fdbd4d
2025-11-02 08:51:03 [main] INFO  c.m.b.k.service.SequenceFixService - Sequence public.integration_mapping_id_seq synced to 22. setval returned 22
2025-11-02 08:51:03 [main] INFO  c.m.b.k.service.SequenceFixService - Sequence fix done.
2025-11-02 08:51:03 [main] DEBUG o.a.camel.spring.SpringCamelContext - onApplicationEvent: org.springframework.boot.availability.AvailabilityChangeEvent[source=org.springframework.boot.web.servlet.context.AnnotationConfigServletWebServerApplicationContext@3704122f, started on Sun Nov 02 08:50:30 EET 2025]
2025-11-02 08:51:03 [scheduling-1] DEBUG o.a.c.i.engine.AbstractCamelContext - Using ComponentResolver: org.apache.camel.impl.engine.DefaultComponentResolver@555fccd4 to resolve component with name: integrationmapping
2025-11-02 08:51:03 [scheduling-1] DEBUG o.a.camel.support.ResolverHelper - Lookup Component with name integrationmapping in registry. Found: com.middleware.IntegrationMappingComponent@2c684f4e
2025-11-02 08:51:03 [scheduling-1] DEBUG o.a.c.i.e.DefaultConfigurerResolver - Found configurer: integrationmapping-component via type: com.middleware.IntegrationMappingComponentConfigurer via: META-INF/services/org/apache/camel/configurer/integrationmapping-component
2025-11-02 08:51:03 [scheduling-1] DEBUG o.a.c.i.e.DefaultConfigurerResolver - Found configurer: integrationmapping-endpoint via type: com.middleware.IntegrationMappingEndpointConfigurer via: META-INF/services/org/apache/camel/configurer/integrationmapping-endpoint
2025-11-02 08:51:03 [scheduling-1] DEBUG o.a.c.i.e.DefaultConfigurerResolver - Found configurer: integrationmapping-component via type: com.middleware.IntegrationMappingComponentConfigurer via: META-INF/services/org/apache/camel/configurer/integrationmapping-component
2025-11-02 08:51:03 [scheduling-1] DEBUG o.a.camel.support.DefaultComponent - Creating endpoint uri=[integrationmapping://null?code=default], path=[null]
2025-11-02 08:51:03 [scheduling-1] INFO  c.m.IntegrationMappingEndpoint - IntegrationMappingEndpoint created for URI: integrationmapping://null?code=default
2025-11-02 08:51:03 [scheduling-1] DEBUG o.a.c.i.engine.AbstractCamelContext - integrationmapping://null?code=default converted to endpoint: integrationmapping://null?code=default by component: com.middleware.IntegrationMappingComponent@2c684f4e
2025-11-02 08:51:03 [scheduling-1] DEBUG o.a.camel.support.ResolverHelper - Found InternalProcessorFactory: org.apache.camel.processor.DefaultInternalProcessorFactory via: META-INF/services/org/apache/camel/internal-processor-factory
2025-11-02 08:51:03 [scheduling-1] DEBUG o.a.camel.support.ResolverHelper - Detected and using InternalProcessorFactory: org.apache.camel.processor.DefaultInternalProcessorFactory@6f912aab
2025-11-02 08:51:03 [scheduling-1] DEBUG o.apache.camel.reifier.RouteReifier - RoutePolicy is enabled: com.middleware.backend.policy.LoggingRoutePolicy@2956732b on route: integration-mapping-test
2025-11-02 08:51:03 [scheduling-1] DEBUG o.a.c.i.e.InternalRouteStartupManager - Warming up route id: integration-mapping-test having autoStartup=true
2025-11-02 08:51:03 [scheduling-1] DEBUG o.a.c.i.engine.AbstractCamelContext - Using ComponentResolver: org.apache.camel.impl.engine.DefaultComponentResolver@555fccd4 to resolve component with name: servlet
2025-11-02 08:51:03 [scheduling-1] DEBUG o.a.camel.support.ResolverHelper - Lookup Component with name servlet in registry. Found: null
2025-11-02 08:51:03 [scheduling-1] DEBUG o.a.camel.support.ResolverHelper - Lookup Component with name servlet-component in registry. Found: org.apache.camel.component.servlet.ServletComponent@19a4fdcf
2025-11-02 08:51:03 [scheduling-1] DEBUG o.a.c.i.e.DefaultConfigurerResolver - Found configurer: servlet-component via type: org.apache.camel.component.servlet.ServletComponentConfigurer via: META-INF/services/org/apache/camel/configurer/servlet-component
2025-11-02 08:51:03 [scheduling-1] DEBUG o.a.c.i.e.DefaultConfigurerResolver - Found configurer: servlet-endpoint via type: org.apache.camel.component.servlet.ServletEndpointConfigurer via: META-INF/services/org/apache/camel/configurer/servlet-endpoint
2025-11-02 08:51:03 [scheduling-1] DEBUG o.a.c.i.e.DefaultConfigurerResolver - Found configurer: servlet-component via type: org.apache.camel.component.servlet.ServletComponentConfigurer via: META-INF/services/org/apache/camel/configurer/servlet-component
2025-11-02 08:51:03 [scheduling-1] DEBUG o.a.camel.support.DefaultComponent - Creating endpoint uri=[servlet:///healthmap2?httpMethodRestrict=GET], path=[/healthmap2]
2025-11-02 08:51:03 [scheduling-1] DEBUG o.a.c.i.engine.AbstractCamelContext - servlet:///healthmap2?httpMethodRestrict=GET converted to endpoint: servlet:/healthmap2?httpMethodRestrict=GET by component: org.apache.camel.component.servlet.ServletComponent@19a4fdcf
2025-11-02 08:51:03 [scheduling-1] DEBUG o.a.camel.support.ResolverHelper - Found RestRegistryFactory: org.apache.camel.component.rest.DefaultRestRegistryFactory via: META-INF/services/org/apache/camel/rest-registry-factory
2025-11-02 08:51:03 [scheduling-1] DEBUG o.a.camel.support.ResolverHelper - Detected and using RestRegistryFactory: org.apache.camel.component.rest.DefaultRestRegistryFactory@7936ab39
2025-11-02 08:51:03 [scheduling-1] INFO  c.m.IntegrationMappingEndpoint - Creating IntegrationMappingProducer for endpoint: integrationmapping://null?code=default with mapping: null
2025-11-02 08:51:03 [scheduling-1] DEBUG o.a.camel.support.DefaultProducer - Starting producer: Producer[integrationmapping://null?code=default]
2025-11-02 08:51:03 [scheduling-1] DEBUG o.a.c.i.e.InternalRouteStartupManager - Route: integration-mapping-test >>> Route[rest://get:/healthmap2 -> null]
2025-11-02 08:51:03 [scheduling-1] DEBUG o.a.c.i.e.InternalRouteStartupManager - Starting consumer (order: 1000) on route: integration-mapping-test
2025-11-02 08:51:03 [scheduling-1] DEBUG o.a.camel.support.DefaultConsumer - Build consumer: Consumer[servlet:/healthmap2?httpMethodRestrict=GET]
2025-11-02 08:51:03 [scheduling-1] DEBUG o.a.camel.support.DefaultConsumer - Init consumer: Consumer[servlet:/healthmap2?httpMethodRestrict=GET]
2025-11-02 08:51:03 [scheduling-1] DEBUG o.a.camel.support.DefaultConsumer - Starting consumer: Consumer[servlet:/healthmap2?httpMethodRestrict=GET]
2025-11-02 08:51:03 [scheduling-1] DEBUG o.a.c.h.common.DefaultHttpRegistry - Registering consumer for path /healthmap2 providers present: 1
2025-11-02 08:51:03 [scheduling-1] DEBUG o.a.c.c.s.CamelHttpTransportServlet - Connecting consumer: Consumer[servlet:/healthmap2?httpMethodRestrict=GET]
2025-11-02 08:51:03 [scheduling-1] DEBUG o.a.c.i.e.InternalRouteStartupManager - Route: integration-mapping-test started and consuming from: servlet:/healthmap2
2025-11-02 08:51:03 [scheduling-1] DEBUG o.a.c.i.e.InternalRouteStartupManager - Warming up route id: integration-mapping-test having autoStartup=true
2025-11-02 08:51:03 [scheduling-1] DEBUG o.a.c.i.e.InternalRouteStartupManager - Route: integration-mapping-test >>> Route[rest://get:/healthmap2 -> null]
2025-11-02 08:51:03 [scheduling-1] DEBUG o.a.c.i.e.InternalRouteStartupManager - Starting consumer (order: 1001) on route: integration-mapping-test
2025-11-02 08:51:03 [scheduling-1] DEBUG o.a.c.i.e.InternalRouteStartupManager - Route: integration-mapping-test started and consuming from: servlet:/healthmap2
2025-11-02 08:51:03 [scheduling-1] INFO  c.m.b.k.service.DynamicRouteService - Re-added route integration-mapping-test to context (DB says active)
2025-11-02 08:51:03 [scheduling-1] DEBUG o.a.c.i.engine.AbstractCamelContext - Adding route configurations from builder: Routes: []
2025-11-02 08:51:03 [scheduling-1] DEBUG o.a.c.i.engine.AbstractCamelContext - Adding routes from builder: Routes: []
2025-11-02 08:51:03 [scheduling-1] DEBUG o.a.c.i.e.DefaultUriFactoryResolver - Found EndpointUriFactory: integrationmapping via type: com.middleware.IntegrationMappingEndpointUriFactory via: META-INF/services/org/apache/camel/urifactory/integrationmapping
2025-11-02 08:51:03 [scheduling-1] DEBUG o.a.c.i.e.DefaultUriFactoryResolver - Found EndpointUriFactory: rest via type: org.apache.camel.component.rest.RestEndpointUriFactory via: META-INF/services/org/apache/camel/urifactory/rest
2025-11-02 08:51:03 [scheduling-1] DEBUG o.a.camel.support.DefaultComponent - Creating endpoint uri=[rest://get:/HealthCenter], path=[get:/HealthCenter]
2025-11-02 08:51:03 [scheduling-1] DEBUG o.a.c.i.engine.AbstractCamelContext - rest://get:/HealthCenter converted to endpoint: rest://get:/HealthCenter by component: org.apache.camel.component.rest.RestComponent@47fdbd4d
2025-11-02 08:51:03 [scheduling-1] DEBUG o.apache.camel.reifier.RouteReifier - RoutePolicy is enabled: com.middleware.backend.policy.LoggingRoutePolicy@54a306f4 on route: HealthCenter-mapping
2025-11-02 08:51:03 [scheduling-1] DEBUG o.a.c.i.e.InternalRouteStartupManager - Warming up route id: HealthCenter-mapping having autoStartup=true
2025-11-02 08:51:03 [scheduling-1] DEBUG o.a.camel.support.DefaultComponent - Creating endpoint uri=[servlet:///HealthCenter?httpMethodRestrict=GET], path=[/HealthCenter]
2025-11-02 08:51:03 [scheduling-1] DEBUG o.a.c.i.engine.AbstractCamelContext - servlet:///HealthCenter?httpMethodRestrict=GET converted to endpoint: servlet:/HealthCenter?httpMethodRestrict=GET by component: org.apache.camel.component.servlet.ServletComponent@19a4fdcf
2025-11-02 08:51:03 [scheduling-1] INFO  c.m.IntegrationMappingEndpoint - Creating IntegrationMappingProducer for endpoint: integrationmapping://null?code=default with mapping: null
2025-11-02 08:51:03 [scheduling-1] DEBUG o.a.camel.support.DefaultProducer - Starting producer: Producer[integrationmapping://null?code=default]
2025-11-02 08:51:03 [scheduling-1] DEBUG o.a.c.i.e.InternalRouteStartupManager - Route: HealthCenter-mapping >>> Route[rest://get:/HealthCenter -> null]
2025-11-02 08:51:03 [scheduling-1] DEBUG o.a.c.i.e.InternalRouteStartupManager - Starting consumer (order: 1002) on route: HealthCenter-mapping
2025-11-02 08:51:03 [scheduling-1] DEBUG o.a.camel.support.DefaultConsumer - Build consumer: Consumer[servlet:/HealthCenter?httpMethodRestrict=GET]
2025-11-02 08:51:03 [scheduling-1] DEBUG o.a.camel.support.DefaultConsumer - Init consumer: Consumer[servlet:/HealthCenter?httpMethodRestrict=GET]
2025-11-02 08:51:03 [scheduling-1] DEBUG o.a.camel.support.DefaultConsumer - Starting consumer: Consumer[servlet:/HealthCenter?httpMethodRestrict=GET]
2025-11-02 08:51:03 [scheduling-1] DEBUG o.a.c.h.common.DefaultHttpRegistry - Registering consumer for path /HealthCenter providers present: 1
2025-11-02 08:51:03 [scheduling-1] DEBUG o.a.c.c.s.CamelHttpTransportServlet - Connecting consumer: Consumer[servlet:/HealthCenter?httpMethodRestrict=GET]
2025-11-02 08:51:03 [scheduling-1] DEBUG o.a.c.i.e.InternalRouteStartupManager - Route: HealthCenter-mapping started and consuming from: servlet:/HealthCenter
2025-11-02 08:51:03 [scheduling-1] DEBUG o.a.c.i.e.InternalRouteStartupManager - Warming up route id: HealthCenter-mapping having autoStartup=true
2025-11-02 08:51:03 [scheduling-1] DEBUG o.a.c.i.e.InternalRouteStartupManager - Route: HealthCenter-mapping >>> Route[rest://get:/HealthCenter -> null]
2025-11-02 08:51:03 [scheduling-1] DEBUG o.a.c.i.e.InternalRouteStartupManager - Starting consumer (order: 1003) on route: HealthCenter-mapping
2025-11-02 08:51:03 [scheduling-1] DEBUG o.a.c.i.e.InternalRouteStartupManager - Route: HealthCenter-mapping started and consuming from: servlet:/HealthCenter
2025-11-02 08:51:03 [scheduling-1] INFO  c.m.b.k.service.DynamicRouteService - Re-added route HealthCenter-mapping to context (DB says active)
2025-11-02 08:51:03 [scheduling-1] DEBUG o.a.c.i.engine.AbstractCamelContext - Adding route configurations from builder: Routes: []
2025-11-02 08:51:03 [scheduling-1] DEBUG o.a.c.i.engine.AbstractCamelContext - Adding routes from builder: Routes: []
2025-11-02 08:51:03 [scheduling-1] DEBUG o.a.camel.support.DefaultComponent - Creating endpoint uri=[rest://post:/api/TESTscheled], path=[post:/api/TESTscheled]
2025-11-02 08:51:03 [scheduling-1] DEBUG o.a.c.i.engine.AbstractCamelContext - rest://post:/api/TESTscheled converted to endpoint: rest://post:/api/TESTscheled by component: org.apache.camel.component.rest.RestComponent@47fdbd4d
2025-11-02 08:51:03 [scheduling-1] DEBUG o.a.c.i.engine.AbstractCamelContext - Resolving language: simple
2025-11-02 08:51:04 [scheduling-1] DEBUG o.a.c.i.engine.AbstractCamelContext - Resolving language: constant
2025-11-02 08:51:04 [scheduling-1] DEBUG o.a.camel.support.ResolverHelper - Lookup Language with name constant in registry. Found: null
2025-11-02 08:51:04 [scheduling-1] DEBUG o.a.camel.support.ResolverHelper - Lookup Language with name constant-language in registry. Found: null
2025-11-02 08:51:04 [scheduling-1] DEBUG o.a.c.i.engine.AbstractCamelContext - Using ComponentResolver: org.apache.camel.impl.engine.DefaultComponentResolver@555fccd4 to resolve component with name: log
2025-11-02 08:51:04 [scheduling-1] DEBUG o.a.camel.support.ResolverHelper - Lookup Component with name log in registry. Found: null
2025-11-02 08:51:04 [scheduling-1] DEBUG o.a.camel.support.ResolverHelper - Lookup Component with name log-component in registry. Found: null
2025-11-02 08:51:04 [scheduling-1] DEBUG o.a.c.i.e.DefaultComponentResolver - Found component: log via type: org.apache.camel.component.log.LogComponent via: META-INF/services/org/apache/camel/component/log
2025-11-02 08:51:04 [scheduling-1] DEBUG o.a.c.i.e.DefaultConfigurerResolver - Found configurer: log-component via type: org.apache.camel.component.log.LogComponentConfigurer via: META-INF/services/org/apache/camel/configurer/log-component
2025-11-02 08:51:04 [scheduling-1] DEBUG o.a.c.i.e.DefaultConfigurerResolver - Found configurer: log-endpoint via type: org.apache.camel.component.log.LogEndpointConfigurer via: META-INF/services/org/apache/camel/configurer/log-endpoint
2025-11-02 08:51:04 [scheduling-1] DEBUG o.a.c.i.e.DefaultConfigurerResolver - Found configurer: log-component via type: org.apache.camel.component.log.LogComponentConfigurer via: META-INF/services/org/apache/camel/configurer/log-component
2025-11-02 08:51:04 [scheduling-1] DEBUG o.a.camel.support.DefaultComponent - Creating endpoint uri=[log://output], path=[output]
2025-11-02 08:51:04 [scheduling-1] DEBUG o.a.c.i.engine.AbstractCamelContext - log://output converted to endpoint: log://output by component: org.apache.camel.component.log.LogComponent@5a19fece
2025-11-02 08:51:04 [scheduling-1] DEBUG o.apache.camel.reifier.RouteReifier - RoutePolicy is enabled: com.middleware.backend.policy.LoggingRoutePolicy@71969305 on route: TESTscheled
2025-11-02 08:51:04 [scheduling-1] DEBUG o.a.c.i.e.InternalRouteStartupManager - Warming up route id: TESTscheled having autoStartup=true
2025-11-02 08:51:04 [scheduling-1] DEBUG o.a.camel.support.DefaultComponent - Creating endpoint uri=[servlet:///api/TESTscheled?httpMethodRestrict=POST], path=[/api/TESTscheled]
2025-11-02 08:51:04 [scheduling-1] DEBUG o.a.c.i.engine.AbstractCamelContext - servlet:///api/TESTscheled?httpMethodRestrict=POST converted to endpoint: servlet:/api/TESTscheled?httpMethodRestrict=POST by component: org.apache.camel.component.servlet.ServletComponent@19a4fdcf
2025-11-02 08:51:04 [scheduling-1] DEBUG o.a.camel.support.DefaultProducer - Starting producer: Producer[log://output]
2025-11-02 08:51:04 [scheduling-1] DEBUG o.a.c.i.e.InternalRouteStartupManager - Route: TESTscheled >>> Route[rest://post:/api/TESTscheled -> null]
2025-11-02 08:51:04 [scheduling-1] DEBUG o.a.c.i.e.InternalRouteStartupManager - Starting consumer (order: 1004) on route: TESTscheled
2025-11-02 08:51:04 [scheduling-1] DEBUG o.a.camel.support.DefaultConsumer - Build consumer: Consumer[servlet:/api/TESTscheled?httpMethodRestrict=POST]
2025-11-02 08:51:04 [scheduling-1] DEBUG o.a.camel.support.DefaultConsumer - Init consumer: Consumer[servlet:/api/TESTscheled?httpMethodRestrict=POST]
2025-11-02 08:51:04 [scheduling-1] DEBUG o.a.camel.support.DefaultConsumer - Starting consumer: Consumer[servlet:/api/TESTscheled?httpMethodRestrict=POST]
2025-11-02 08:51:04 [scheduling-1] DEBUG o.a.c.h.common.DefaultHttpRegistry - Registering consumer for path /api/TESTscheled providers present: 1
2025-11-02 08:51:04 [scheduling-1] DEBUG o.a.c.c.s.CamelHttpTransportServlet - Connecting consumer: Consumer[servlet:/api/TESTscheled?httpMethodRestrict=POST]
2025-11-02 08:51:04 [scheduling-1] DEBUG o.a.c.i.e.InternalRouteStartupManager - Route: TESTscheled started and consuming from: servlet:/api/TESTscheled
2025-11-02 08:51:04 [scheduling-1] DEBUG o.a.c.i.e.InternalRouteStartupManager - Warming up route id: TESTscheled having autoStartup=true
2025-11-02 08:51:04 [scheduling-1] DEBUG o.a.c.i.e.InternalRouteStartupManager - Route: TESTscheled >>> Route[rest://post:/api/TESTscheled -> null]
2025-11-02 08:51:04 [scheduling-1] DEBUG o.a.c.i.e.InternalRouteStartupManager - Starting consumer (order: 1005) on route: TESTscheled
2025-11-02 08:51:04 [scheduling-1] DEBUG o.a.c.i.e.InternalRouteStartupManager - Route: TESTscheled started and consuming from: servlet:/api/TESTscheled
2025-11-02 08:51:04 [scheduling-1] INFO  c.m.b.k.service.DynamicRouteService - Re-added route TESTscheled to context (DB says active)
2025-11-02 08:51:04 [scheduling-1] DEBUG o.a.c.i.engine.AbstractCamelContext - Adding route configurations from builder: Routes: []
2025-11-02 08:51:04 [scheduling-1] DEBUG o.a.c.i.engine.AbstractCamelContext - Adding routes from builder: Routes: []
2025-11-02 08:51:04 [scheduling-1] DEBUG o.a.camel.support.DefaultComponent - Creating endpoint uri=[rest://post:/api/hello], path=[post:/api/hello]
2025-11-02 08:51:04 [scheduling-1] DEBUG o.a.c.i.engine.AbstractCamelContext - rest://post:/api/hello converted to endpoint: rest://post:/api/hello by component: org.apache.camel.component.rest.RestComponent@47fdbd4d
2025-11-02 08:51:04 [scheduling-1] DEBUG o.a.c.i.engine.AbstractCamelContext - Resolving language: simple
2025-11-02 08:51:04 [scheduling-1] DEBUG o.a.c.i.engine.AbstractCamelContext - Resolving language: constant
2025-11-02 08:51:04 [scheduling-1] DEBUG o.apache.camel.reifier.RouteReifier - RoutePolicy is enabled: com.middleware.backend.policy.LoggingRoutePolicy@d2ba2da on route: my-new-route
2025-11-02 08:51:04 [scheduling-1] DEBUG o.a.c.i.e.InternalRouteStartupManager - Warming up route id: my-new-route having autoStartup=true
2025-11-02 08:51:04 [scheduling-1] DEBUG o.a.camel.support.DefaultComponent - Creating endpoint uri=[servlet:///api/hello?httpMethodRestrict=POST], path=[/api/hello]
2025-11-02 08:51:04 [scheduling-1] DEBUG o.a.c.i.engine.AbstractCamelContext - servlet:///api/hello?httpMethodRestrict=POST converted to endpoint: servlet:/api/hello?httpMethodRestrict=POST by component: org.apache.camel.component.servlet.ServletComponent@19a4fdcf
2025-11-02 08:51:04 [scheduling-1] DEBUG o.a.camel.support.DefaultProducer - Starting producer: Producer[log://output]
2025-11-02 08:51:04 [scheduling-1] DEBUG o.a.c.i.e.InternalRouteStartupManager - Route: my-new-route >>> Route[rest://post:/api/hello -> null]
2025-11-02 08:51:04 [scheduling-1] DEBUG o.a.c.i.e.InternalRouteStartupManager - Starting consumer (order: 1006) on route: my-new-route
2025-11-02 08:51:04 [scheduling-1] DEBUG o.a.camel.support.DefaultConsumer - Build consumer: Consumer[servlet:/api/hello?httpMethodRestrict=POST]
2025-11-02 08:51:04 [scheduling-1] DEBUG o.a.camel.support.DefaultConsumer - Init consumer: Consumer[servlet:/api/hello?httpMethodRestrict=POST]
2025-11-02 08:51:04 [scheduling-1] DEBUG o.a.camel.support.DefaultConsumer - Starting consumer: Consumer[servlet:/api/hello?httpMethodRestrict=POST]
2025-11-02 08:51:04 [scheduling-1] DEBUG o.a.c.h.common.DefaultHttpRegistry - Registering consumer for path /api/hello providers present: 1
2025-11-02 08:51:04 [scheduling-1] DEBUG o.a.c.c.s.CamelHttpTransportServlet - Connecting consumer: Consumer[servlet:/api/hello?httpMethodRestrict=POST]
2025-11-02 08:51:04 [scheduling-1] DEBUG o.a.c.i.e.InternalRouteStartupManager - Route: my-new-route started and consuming from: servlet:/api/hello
2025-11-02 08:51:04 [scheduling-1] DEBUG o.a.c.i.e.InternalRouteStartupManager - Warming up route id: my-new-route having autoStartup=true
2025-11-02 08:51:04 [scheduling-1] DEBUG o.a.c.i.e.InternalRouteStartupManager - Route: my-new-route >>> Route[rest://post:/api/hello -> null]
2025-11-02 08:51:04 [scheduling-1] DEBUG o.a.c.i.e.InternalRouteStartupManager - Starting consumer (order: 1007) on route: my-new-route
2025-11-02 08:51:04 [scheduling-1] DEBUG o.a.c.i.e.InternalRouteStartupManager - Route: my-new-route started and consuming from: servlet:/api/hello
2025-11-02 08:51:04 [scheduling-1] INFO  c.m.b.k.service.DynamicRouteService - Re-added route my-new-route to context (DB says active)
2025-11-02 08:51:04 [scheduling-1] DEBUG o.a.c.i.engine.AbstractCamelContext - Adding route configurations from builder: Routes: []
2025-11-02 08:51:04 [scheduling-1] DEBUG o.a.c.i.engine.AbstractCamelContext - Adding routes from builder: Routes: []
2025-11-02 08:51:04 [scheduling-1] DEBUG o.a.c.i.e.DefaultUriFactoryResolver - Found EndpointUriFactory: rest via type: org.apache.camel.component.rest.RestEndpointUriFactory via: META-INF/services/org/apache/camel/urifactory/rest
2025-11-02 08:51:04 [scheduling-1] DEBUG o.a.camel.support.DefaultComponent - Creating endpoint uri=[rest://get:/healthmap22], path=[get:/healthmap22]
2025-11-02 08:51:04 [scheduling-1] DEBUG o.a.c.i.engine.AbstractCamelContext - rest://get:/healthmap22 converted to endpoint: rest://get:/healthmap22 by component: org.apache.camel.component.rest.RestComponent@47fdbd4d
2025-11-02 08:51:04 [scheduling-1] DEBUG o.a.camel.support.DefaultComponent - Creating endpoint uri=[integrationmapping://default], path=[default]
2025-11-02 08:51:04 [scheduling-1] INFO  c.m.IntegrationMappingEndpoint - IntegrationMappingEndpoint created for URI: integrationmapping://default
2025-11-02 08:51:04 [scheduling-1] DEBUG o.a.c.i.engine.AbstractCamelContext - integrationmapping://default converted to endpoint: integrationmapping://default by component: com.middleware.IntegrationMappingComponent@2c684f4e
2025-11-02 08:51:04 [scheduling-1] DEBUG o.apache.camel.reifier.RouteReifier - RoutePolicy is enabled: com.middleware.backend.policy.LoggingRoutePolicy@7ba53702 on route: integration-mapping-tes
2025-11-02 08:51:04 [scheduling-1] DEBUG o.a.c.i.e.InternalRouteStartupManager - Warming up route id: integration-mapping-tes having autoStartup=true
2025-11-02 08:51:04 [scheduling-1] DEBUG o.a.camel.support.DefaultComponent - Creating endpoint uri=[servlet:///healthmap22?httpMethodRestrict=GET], path=[/healthmap22]
2025-11-02 08:51:04 [scheduling-1] DEBUG o.a.c.i.engine.AbstractCamelContext - servlet:///healthmap22?httpMethodRestrict=GET converted to endpoint: servlet:/healthmap22?httpMethodRestrict=GET by component: org.apache.camel.component.servlet.ServletComponent@19a4fdcf
2025-11-02 08:51:04 [scheduling-1] INFO  c.m.IntegrationMappingEndpoint - Creating IntegrationMappingProducer for endpoint: integrationmapping://default with mapping: null
2025-11-02 08:51:04 [scheduling-1] DEBUG o.a.camel.support.DefaultProducer - Starting producer: Producer[integrationmapping://default]
2025-11-02 08:51:04 [scheduling-1] DEBUG o.a.c.i.e.InternalRouteStartupManager - Route: integration-mapping-tes >>> Route[rest://get:/healthmap22 -> null]
2025-11-02 08:51:04 [scheduling-1] DEBUG o.a.c.i.e.InternalRouteStartupManager - Starting consumer (order: 1008) on route: integration-mapping-tes
2025-11-02 08:51:04 [scheduling-1] DEBUG o.a.camel.support.DefaultConsumer - Build consumer: Consumer[servlet:/healthmap22?httpMethodRestrict=GET]
2025-11-02 08:51:04 [scheduling-1] DEBUG o.a.camel.support.DefaultConsumer - Init consumer: Consumer[servlet:/healthmap22?httpMethodRestrict=GET]
2025-11-02 08:51:04 [scheduling-1] DEBUG o.a.camel.support.DefaultConsumer - Starting consumer: Consumer[servlet:/healthmap22?httpMethodRestrict=GET]
2025-11-02 08:51:04 [scheduling-1] DEBUG o.a.c.h.common.DefaultHttpRegistry - Registering consumer for path /healthmap22 providers present: 1
2025-11-02 08:51:04 [scheduling-1] DEBUG o.a.c.c.s.CamelHttpTransportServlet - Connecting consumer: Consumer[servlet:/healthmap22?httpMethodRestrict=GET]
2025-11-02 08:51:04 [scheduling-1] DEBUG o.a.c.i.e.InternalRouteStartupManager - Route: integration-mapping-tes started and consuming from: servlet:/healthmap22
2025-11-02 08:51:04 [scheduling-1] DEBUG o.a.c.i.e.InternalRouteStartupManager - Warming up route id: integration-mapping-tes having autoStartup=true
2025-11-02 08:51:04 [scheduling-1] DEBUG o.a.c.i.e.InternalRouteStartupManager - Route: integration-mapping-tes >>> Route[rest://get:/healthmap22 -> null]
2025-11-02 08:51:04 [scheduling-1] DEBUG o.a.c.i.e.InternalRouteStartupManager - Starting consumer (order: 1009) on route: integration-mapping-tes
2025-11-02 08:51:04 [scheduling-1] DEBUG o.a.c.i.e.InternalRouteStartupManager - Route: integration-mapping-tes started and consuming from: servlet:/healthmap22
2025-11-02 08:51:04 [scheduling-1] INFO  c.m.b.k.service.DynamicRouteService - Re-added route integration-mapping-tes to context (DB says active)
2025-11-02 08:51:04 [scheduling-1] DEBUG o.a.c.i.engine.AbstractCamelContext - Adding route configurations from builder: Routes: []
2025-11-02 08:51:04 [scheduling-1] DEBUG o.a.c.i.engine.AbstractCamelContext - Adding routes from builder: Routes: []
2025-11-02 08:51:04 [scheduling-1] DEBUG o.a.c.i.e.DefaultUriFactoryResolver - Found EndpointUriFactory: integratedSystem via type: com.middleware.IntegratedSystemEndpointUriFactory via: META-INF/services/org/apache/camel/urifactory/integratedSystem
2025-11-02 08:51:04 [scheduling-1] DEBUG o.a.c.i.e.DefaultUriFactoryResolver - Found EndpointUriFactory: servlet via type: org.apache.camel.component.servlet.ServletEndpointUriFactory via: META-INF/services/org/apache/camel/urifactory/servlet
2025-11-02 08:51:04 [scheduling-1] DEBUG o.a.camel.support.DefaultComponent - Creating endpoint uri=[servlet:///v1/datasets?httpMethodRestrict=POST], path=[/v1/datasets]
2025-11-02 08:51:04 [scheduling-1] DEBUG o.a.c.i.engine.AbstractCamelContext - servlet:///v1/datasets?httpMethodRestrict=POST converted to endpoint: servlet:/v1/datasets?httpMethodRestrict=POST by component: org.apache.camel.component.servlet.ServletComponent@19a4fdcf
2025-11-02 08:51:04 [scheduling-1] DEBUG o.a.c.i.engine.AbstractCamelContext - Using ComponentResolver: org.apache.camel.impl.engine.DefaultComponentResolver@555fccd4 to resolve component with name: integratedSystem
2025-11-02 08:51:04 [scheduling-1] DEBUG o.a.camel.support.ResolverHelper - Lookup Component with name integratedSystem in registry. Found: null
2025-11-02 08:51:04 [scheduling-1] DEBUG o.a.camel.support.ResolverHelper - Lookup Component with name integratedSystem-component in registry. Found: null
2025-11-02 08:51:04 [scheduling-1] DEBUG o.a.c.i.e.DefaultComponentResolver - Found component: integratedSystem via type: com.middleware.IntegratedSystemComponent via: META-INF/services/org/apache/camel/component/integratedSystem
2025-11-02 08:51:04 [scheduling-1] DEBUG o.a.c.i.e.DefaultConfigurerResolver - Found configurer: integratedSystem-component via type: com.middleware.IntegratedSystemComponentConfigurer via: META-INF/services/org/apache/camel/configurer/integratedSystem-component
2025-11-02 08:51:04 [scheduling-1] DEBUG o.a.c.i.e.DefaultConfigurerResolver - Found configurer: integratedSystem-endpoint via type: com.middleware.IntegratedSystemEndpointConfigurer via: META-INF/services/org/apache/camel/configurer/integratedSystem-endpoint
2025-11-02 08:51:04 [scheduling-1] DEBUG o.a.c.i.e.DefaultConfigurerResolver - Found configurer: integratedSystem-component via type: com.middleware.IntegratedSystemComponentConfigurer via: META-INF/services/org/apache/camel/configurer/integratedSystem-component
2025-11-02 08:51:04 [scheduling-1] DEBUG o.a.camel.support.DefaultComponent - Creating endpoint uri=[integratedSystem://null?code=DHIS2.2], path=[null]
2025-11-02 08:51:04 [scheduling-1] INFO  c.m.IntegratedSystemComponent - Created IntegratedSystemEndpoint for URI: integratedSystem://null?code=DHIS2.2
2025-11-02 08:51:04 [scheduling-1] DEBUG o.a.c.i.engine.AbstractCamelContext - integratedSystem://null?code=DHIS2.2 converted to endpoint: integratedSystem://null?code=DHIS2.2 by component: com.middleware.IntegratedSystemComponent@4e38267a
2025-11-02 08:51:04 [scheduling-1] DEBUG o.apache.camel.reifier.RouteReifier - RoutePolicy is enabled: com.middleware.backend.policy.LoggingRoutePolicy@75a46d6e on route: dhis2-upload-csv
2025-11-02 08:51:04 [scheduling-1] DEBUG o.a.c.i.e.InternalRouteStartupManager - Warming up route id: dhis2-upload-csv having autoStartup=true
2025-11-02 08:51:04 [scheduling-1] DEBUG o.a.camel.support.DefaultProducer - Starting producer: Producer[integratedSystem://null?code=DHIS2.2]
2025-11-02 08:51:04 [scheduling-1] DEBUG o.a.c.i.e.InternalRouteStartupManager - Route: dhis2-upload-csv >>> Route[servlet:/v1/datasets?httpMethodRestrict=POST -> null]
2025-11-02 08:51:04 [scheduling-1] DEBUG o.a.c.i.e.InternalRouteStartupManager - Starting consumer (order: 1010) on route: dhis2-upload-csv
2025-11-02 08:51:04 [scheduling-1] DEBUG o.a.camel.support.DefaultConsumer - Build consumer: Consumer[servlet:/v1/datasets?httpMethodRestrict=POST]
2025-11-02 08:51:04 [scheduling-1] DEBUG o.a.camel.support.DefaultConsumer - Init consumer: Consumer[servlet:/v1/datasets?httpMethodRestrict=POST]
2025-11-02 08:51:04 [scheduling-1] DEBUG o.a.camel.support.DefaultConsumer - Starting consumer: Consumer[servlet:/v1/datasets?httpMethodRestrict=POST]
2025-11-02 08:51:04 [scheduling-1] DEBUG o.a.c.h.common.DefaultHttpRegistry - Registering consumer for path /v1/datasets providers present: 1
2025-11-02 08:51:04 [scheduling-1] DEBUG o.a.c.c.s.CamelHttpTransportServlet - Connecting consumer: Consumer[servlet:/v1/datasets?httpMethodRestrict=POST]
2025-11-02 08:51:04 [scheduling-1] DEBUG o.a.c.i.e.InternalRouteStartupManager - Route: dhis2-upload-csv started and consuming from: servlet:/v1/datasets
2025-11-02 08:51:04 [scheduling-1] DEBUG o.a.c.i.e.InternalRouteStartupManager - Warming up route id: dhis2-upload-csv having autoStartup=true
2025-11-02 08:51:04 [scheduling-1] DEBUG o.a.c.i.e.InternalRouteStartupManager - Route: dhis2-upload-csv >>> Route[servlet:/v1/datasets?httpMethodRestrict=POST -> null]
2025-11-02 08:51:04 [scheduling-1] DEBUG o.a.c.i.e.InternalRouteStartupManager - Starting consumer (order: 1011) on route: dhis2-upload-csv
2025-11-02 08:51:04 [scheduling-1] DEBUG o.a.c.i.e.InternalRouteStartupManager - Route: dhis2-upload-csv started and consuming from: servlet:/v1/datasets
2025-11-02 08:51:04 [scheduling-1] INFO  c.m.b.k.service.DynamicRouteService - Re-added route dhis2-upload-csv to context (DB says active)
2025-11-02 08:51:04 [scheduling-1] DEBUG o.a.c.i.engine.AbstractCamelContext - Adding route configurations from builder: Routes: []
2025-11-02 08:51:04 [scheduling-1] DEBUG o.a.c.i.engine.AbstractCamelContext - Adding routes from builder: Routes: []
2025-11-02 08:51:04 [scheduling-1] DEBUG o.a.c.i.e.DefaultUriFactoryResolver - Found EndpointUriFactory: servlet via type: org.apache.camel.component.servlet.ServletEndpointUriFactory via: META-INF/services/org/apache/camel/urifactory/servlet
2025-11-02 08:51:04 [scheduling-1] DEBUG o.a.camel.support.DefaultComponent - Creating endpoint uri=[servlet:///external/integrate?httpMethodRestrict=POST], path=[/external/integrate]
2025-11-02 08:51:04 [scheduling-1] DEBUG o.a.c.i.engine.AbstractCamelContext - servlet:///external/integrate?httpMethodRestrict=POST converted to endpoint: servlet:/external/integrate?httpMethodRestrict=POST by component: org.apache.camel.component.servlet.ServletComponent@19a4fdcf
2025-11-02 08:51:04 [scheduling-1] DEBUG o.a.c.i.engine.AbstractCamelContext - Using ComponentResolver: org.apache.camel.impl.engine.DefaultComponentResolver@555fccd4 to resolve component with name: hakeem
2025-11-02 08:51:04 [scheduling-1] DEBUG o.a.camel.support.ResolverHelper - Lookup Component with name hakeem in registry. Found: null
2025-11-02 08:51:04 [scheduling-1] DEBUG o.a.camel.support.ResolverHelper - Lookup Component with name hakeem-component in registry. Found: null
2025-11-02 08:51:04 [scheduling-1] DEBUG o.a.c.i.e.DefaultComponentResolver - Found component: hakeem via type: com.middleware.dhis2.Dhis2Component via: META-INF/services/org/apache/camel/component/hakeem
2025-11-02 08:51:04 [scheduling-1] INFO  com.middleware.dhis2.Dhis2Component - Dhis2Component initialized.
2025-11-02 08:51:04 [scheduling-1] DEBUG o.a.c.i.e.DefaultConfigurerResolver - Found configurer: hakeem-component via type: com.middleware.dhis2.Dhis2ComponentConfigurer via: META-INF/services/org/apache/camel/configurer/hakeem-component
2025-11-02 08:51:04 [scheduling-1] DEBUG o.a.c.i.e.DefaultConfigurerResolver - Found configurer: hakeem-endpoint via type: com.middleware.dhis2.Dhis2EndpointConfigurer via: META-INF/services/org/apache/camel/configurer/hakeem-endpoint
2025-11-02 08:51:04 [scheduling-1] DEBUG o.a.c.i.e.DefaultConfigurerResolver - Found configurer: hakeem-component via type: com.middleware.dhis2.Dhis2ComponentConfigurer via: META-INF/services/org/apache/camel/configurer/hakeem-component
2025-11-02 08:51:04 [scheduling-1] DEBUG o.a.camel.support.DefaultComponent - Creating endpoint uri=[hakeem://default], path=[default]
2025-11-02 08:51:04 [scheduling-1] INFO  com.middleware.dhis2.Dhis2Endpoint - Dhis2Endpoint created for URI: hakeem://default with operation: default
2025-11-02 08:51:04 [scheduling-1] INFO  com.middleware.dhis2.Dhis2Component - Dhis2Service successfully looked up from Camel registry.
2025-11-02 08:51:04 [scheduling-1] INFO  com.middleware.dhis2.Dhis2Component - Created Dhis2Endpoint: hakeem://default
2025-11-02 08:51:04 [scheduling-1] DEBUG o.a.c.i.engine.AbstractCamelContext - hakeem://default converted to endpoint: hakeem://default by component: com.middleware.dhis2.Dhis2Component@27656177
2025-11-02 08:51:04 [scheduling-1] DEBUG o.apache.camel.reifier.RouteReifier - RoutePolicy is enabled: com.middleware.backend.policy.LoggingRoutePolicy@55c35e56 on route: dhis2-upload-csv-sync-raw-only
2025-11-02 08:51:04 [scheduling-1] DEBUG o.a.c.i.e.InternalRouteStartupManager - Warming up route id: dhis2-upload-csv-sync-raw-only having autoStartup=true
2025-11-02 08:51:04 [scheduling-1] INFO  com.middleware.dhis2.Dhis2Endpoint - Creating Dhis2Producer for endpoint: hakeem://default with operation: default
2025-11-02 08:51:04 [scheduling-1] DEBUG o.a.camel.support.DefaultProducer - Starting producer: Producer[hakeem://default]
2025-11-02 08:51:04 [scheduling-1] DEBUG o.a.c.i.e.InternalRouteStartupManager - Route: dhis2-upload-csv-sync-raw-only >>> Route[servlet:/external/integrate?httpMethodRestrict=POST -> null]
2025-11-02 08:51:04 [scheduling-1] DEBUG o.a.c.i.e.InternalRouteStartupManager - Starting consumer (order: 1012) on route: dhis2-upload-csv-sync-raw-only
2025-11-02 08:51:04 [scheduling-1] DEBUG o.a.camel.support.DefaultConsumer - Build consumer: Consumer[servlet:/external/integrate?httpMethodRestrict=POST]
2025-11-02 08:51:04 [scheduling-1] DEBUG o.a.camel.support.DefaultConsumer - Init consumer: Consumer[servlet:/external/integrate?httpMethodRestrict=POST]
2025-11-02 08:51:04 [scheduling-1] DEBUG o.a.camel.support.DefaultConsumer - Starting consumer: Consumer[servlet:/external/integrate?httpMethodRestrict=POST]
2025-11-02 08:51:04 [scheduling-1] DEBUG o.a.c.h.common.DefaultHttpRegistry - Registering consumer for path /external/integrate providers present: 1
2025-11-02 08:51:04 [scheduling-1] DEBUG o.a.c.c.s.CamelHttpTransportServlet - Connecting consumer: Consumer[servlet:/external/integrate?httpMethodRestrict=POST]
2025-11-02 08:51:04 [scheduling-1] DEBUG o.a.c.i.e.InternalRouteStartupManager - Route: dhis2-upload-csv-sync-raw-only started and consuming from: servlet:/external/integrate
2025-11-02 08:51:04 [scheduling-1] DEBUG o.a.c.i.e.InternalRouteStartupManager - Warming up route id: dhis2-upload-csv-sync-raw-only having autoStartup=true
2025-11-02 08:51:04 [scheduling-1] DEBUG o.a.c.i.e.InternalRouteStartupManager - Route: dhis2-upload-csv-sync-raw-only >>> Route[servlet:/external/integrate?httpMethodRestrict=POST -> null]
2025-11-02 08:51:04 [scheduling-1] DEBUG o.a.c.i.e.InternalRouteStartupManager - Starting consumer (order: 1013) on route: dhis2-upload-csv-sync-raw-only
2025-11-02 08:51:04 [scheduling-1] DEBUG o.a.c.i.e.InternalRouteStartupManager - Route: dhis2-upload-csv-sync-raw-only started and consuming from: servlet:/external/integrate
2025-11-02 08:51:04 [scheduling-1] INFO  c.m.b.k.service.DynamicRouteService - Re-added route dhis2-upload-csv-sync-raw-only to context (DB says active)
2025-11-02 08:51:04 [scheduling-1] INFO  c.m.b.k.service.DynamicRouteService - Completed route status sync
2025-11-02 08:51:32 [scheduling-1] INFO  c.m.b.k.service.DynamicRouteService - Starting route status sync with Camel context
2025-11-02 08:51:32 [scheduling-1] INFO  c.m.b.k.service.DynamicRouteService - Completed route status sync
2025-11-02 08:52:02 [scheduling-1] INFO  c.m.b.k.service.DynamicRouteService - Starting route status sync with Camel context
2025-11-02 08:52:02 [scheduling-1] INFO  c.m.b.k.service.DynamicRouteService - Completed route status sync
2025-11-02 08:52:32 [scheduling-1] INFO  c.m.b.k.service.DynamicRouteService - Starting route status sync with Camel context
2025-11-02 08:52:32 [scheduling-1] INFO  c.m.b.k.service.DynamicRouteService - Completed route status sync
2025-11-02 08:53:02 [scheduling-1] INFO  c.m.b.k.service.DynamicRouteService - Starting route status sync with Camel context
2025-11-02 08:53:02 [scheduling-1] INFO  c.m.b.k.service.DynamicRouteService - Completed route status sync
2025-11-02 08:53:32 [scheduling-1] INFO  c.m.b.k.service.DynamicRouteService - Starting route status sync with Camel context
2025-11-02 08:53:32 [scheduling-1] INFO  c.m.b.k.service.DynamicRouteService - Completed route status sync
2025-11-02 08:54:02 [scheduling-1] INFO  c.m.b.k.service.DynamicRouteService - Starting route status sync with Camel context
2025-11-02 08:54:02 [scheduling-1] INFO  c.m.b.k.service.DynamicRouteService - Completed route status sync
2025-11-02 08:54:32 [scheduling-1] INFO  c.m.b.k.service.DynamicRouteService - Starting route status sync with Camel context
2025-11-02 08:54:32 [scheduling-1] INFO  c.m.b.k.service.DynamicRouteService - Completed route status sync
2025-11-02 08:55:02 [scheduling-1] INFO  c.m.b.k.service.DynamicRouteService - Starting route status sync with Camel context
2025-11-02 08:55:02 [scheduling-1] INFO  c.m.b.k.service.DynamicRouteService - Completed route status sync
2025-11-02 08:55:32 [scheduling-1] INFO  c.m.b.k.service.DynamicRouteService - Starting route status sync with Camel context
2025-11-02 08:55:32 [scheduling-1] INFO  c.m.b.k.service.DynamicRouteService - Completed route status sync
2025-11-02 08:56:02 [scheduling-1] INFO  c.m.b.k.service.DynamicRouteService - Starting route status sync with Camel context
2025-11-02 08:56:02 [scheduling-1] INFO  c.m.b.k.service.DynamicRouteService - Completed route status sync
2025-11-02 08:56:32 [scheduling-1] INFO  c.m.b.k.service.DynamicRouteService - Starting route status sync with Camel context
2025-11-02 08:56:32 [scheduling-1] INFO  c.m.b.k.service.DynamicRouteService - Completed route status sync
2025-11-02 08:57:02 [scheduling-1] INFO  c.m.b.k.service.DynamicRouteService - Starting route status sync with Camel context
2025-11-02 08:57:02 [scheduling-1] INFO  c.m.b.k.service.DynamicRouteService - Completed route status sync
2025-11-02 08:57:32 [scheduling-1] INFO  c.m.b.k.service.DynamicRouteService - Starting route status sync with Camel context
2025-11-02 08:57:32 [scheduling-1] INFO  c.m.b.k.service.DynamicRouteService - Completed route status sync
2025-11-02 08:58:02 [scheduling-1] INFO  c.m.b.k.service.DynamicRouteService - Starting route status sync with Camel context
2025-11-02 08:58:02 [scheduling-1] INFO  c.m.b.k.service.DynamicRouteService - Completed route status sync
2025-11-02 08:58:32 [scheduling-1] INFO  c.m.b.k.service.DynamicRouteService - Starting route status sync with Camel context
2025-11-02 08:58:32 [scheduling-1] INFO  c.m.b.k.service.DynamicRouteService - Completed route status sync
2025-11-02 08:59:02 [scheduling-1] INFO  c.m.b.k.service.DynamicRouteService - Starting route status sync with Camel context
2025-11-02 08:59:02 [scheduling-1] INFO  c.m.b.k.service.DynamicRouteService - Completed route status sync
2025-11-02 08:59:32 [scheduling-1] INFO  c.m.b.k.service.DynamicRouteService - Starting route status sync with Camel context
2025-11-02 08:59:32 [scheduling-1] INFO  c.m.b.k.service.DynamicRouteService - Completed route status sync
2025-11-02 09:00:02 [scheduling-1] INFO  c.m.b.k.service.DynamicRouteService - Starting route status sync with Camel context
2025-11-02 09:00:02 [scheduling-1] INFO  c.m.b.k.service.DynamicRouteService - Completed route status sync
2025-11-02 09:00:32 [scheduling-1] INFO  c.m.b.k.service.DynamicRouteService - Starting route status sync with Camel context
2025-11-02 09:00:32 [scheduling-1] INFO  c.m.b.k.service.DynamicRouteService - Completed route status sync
2025-11-02 09:01:02 [scheduling-1] INFO  c.m.b.k.service.DynamicRouteService - Starting route status sync with Camel context
2025-11-02 09:01:03 [scheduling-1] INFO  c.m.b.k.service.DynamicRouteService - Completed route status sync
2025-11-02 09:01:32 [scheduling-1] INFO  c.m.b.k.service.DynamicRouteService - Starting route status sync with Camel context
2025-11-02 09:01:32 [scheduling-1] INFO  c.m.b.k.service.DynamicRouteService - Completed route status sync
2025-11-02 09:02:02 [scheduling-1] INFO  c.m.b.k.service.DynamicRouteService - Starting route status sync with Camel context
2025-11-02 09:02:02 [scheduling-1] INFO  c.m.b.k.service.DynamicRouteService - Completed route status sync
2025-11-02 09:02:32 [scheduling-1] INFO  c.m.b.k.service.DynamicRouteService - Starting route status sync with Camel context
2025-11-02 09:02:32 [scheduling-1] INFO  c.m.b.k.service.DynamicRouteService - Completed route status sync
2025-11-02 09:03:02 [scheduling-1] INFO  c.m.b.k.service.DynamicRouteService - Starting route status sync with Camel context
2025-11-02 09:03:02 [scheduling-1] INFO  c.m.b.k.service.DynamicRouteService - Completed route status sync
2025-11-02 09:03:32 [scheduling-1] INFO  c.m.b.k.service.DynamicRouteService - Starting route status sync with Camel context
2025-11-02 09:03:32 [scheduling-1] INFO  c.m.b.k.service.DynamicRouteService - Completed route status sync
2025-11-02 09:04:02 [scheduling-1] INFO  c.m.b.k.service.DynamicRouteService - Starting route status sync with Camel context
2025-11-02 09:04:02 [scheduling-1] INFO  c.m.b.k.service.DynamicRouteService - Completed route status sync
2025-11-02 09:04:32 [scheduling-1] INFO  c.m.b.k.service.DynamicRouteService - Starting route status sync with Camel context
2025-11-02 09:04:32 [scheduling-1] INFO  c.m.b.k.service.DynamicRouteService - Completed route status sync
2025-11-02 09:05:02 [scheduling-1] INFO  c.m.b.k.service.DynamicRouteService - Starting route status sync with Camel context
2025-11-02 09:05:02 [scheduling-1] INFO  c.m.b.k.service.DynamicRouteService - Completed route status sync
2025-11-02 09:05:32 [scheduling-1] INFO  c.m.b.k.service.DynamicRouteService - Starting route status sync with Camel context
2025-11-02 09:05:32 [scheduling-1] INFO  c.m.b.k.service.DynamicRouteService - Completed route status sync
2025-11-02 09:06:02 [scheduling-1] INFO  c.m.b.k.service.DynamicRouteService - Starting route status sync with Camel context
2025-11-02 09:06:02 [scheduling-1] INFO  c.m.b.k.service.DynamicRouteService - Completed route status sync
2025-11-02 09:06:32 [scheduling-1] INFO  c.m.b.k.service.DynamicRouteService - Starting route status sync with Camel context
2025-11-02 09:06:32 [scheduling-1] INFO  c.m.b.k.service.DynamicRouteService - Completed route status sync
2025-11-02 09:07:02 [scheduling-1] INFO  c.m.b.k.service.DynamicRouteService - Starting route status sync with Camel context
2025-11-02 09:07:02 [scheduling-1] INFO  c.m.b.k.service.DynamicRouteService - Completed route status sync
2025-11-02 09:07:32 [scheduling-1] INFO  c.m.b.k.service.DynamicRouteService - Starting route status sync with Camel context
2025-11-02 09:07:32 [scheduling-1] INFO  c.m.b.k.service.DynamicRouteService - Completed route status sync
2025-11-02 09:08:02 [scheduling-1] INFO  c.m.b.k.service.DynamicRouteService - Starting route status sync with Camel context
2025-11-02 09:08:02 [scheduling-1] INFO  c.m.b.k.service.DynamicRouteService - Completed route status sync
2025-11-02 09:08:32 [scheduling-1] INFO  c.m.b.k.service.DynamicRouteService - Starting route status sync with Camel context
2025-11-02 09:08:32 [scheduling-1] INFO  c.m.b.k.service.DynamicRouteService - Completed route status sync
2025-11-02 09:09:02 [scheduling-1] INFO  c.m.b.k.service.DynamicRouteService - Starting route status sync with Camel context
2025-11-02 09:09:02 [scheduling-1] INFO  c.m.b.k.service.DynamicRouteService - Completed route status sync
2025-11-02 09:09:32 [scheduling-1] INFO  c.m.b.k.service.DynamicRouteService - Starting route status sync with Camel context
2025-11-02 09:09:32 [scheduling-1] INFO  c.m.b.k.service.DynamicRouteService - Completed route status sync
2025-11-02 09:10:02 [scheduling-1] INFO  c.m.b.k.service.DynamicRouteService - Starting route status sync with Camel context
2025-11-02 09:10:02 [scheduling-1] INFO  c.m.b.k.service.DynamicRouteService - Completed route status sync
2025-11-02 09:10:32 [scheduling-1] INFO  c.m.b.k.service.DynamicRouteService - Starting route status sync with Camel context
2025-11-02 09:10:32 [scheduling-1] INFO  c.m.b.k.service.DynamicRouteService - Completed route status sync
2025-11-02 09:11:02 [scheduling-1] INFO  c.m.b.k.service.DynamicRouteService - Starting route status sync with Camel context
2025-11-02 09:11:02 [scheduling-1] INFO  c.m.b.k.service.DynamicRouteService - Completed route status sync
2025-11-02 09:11:32 [scheduling-1] INFO  c.m.b.k.service.DynamicRouteService - Starting route status sync with Camel context
2025-11-02 09:11:32 [scheduling-1] INFO  c.m.b.k.service.DynamicRouteService - Completed route status sync
2025-11-02 09:12:02 [scheduling-1] INFO  c.m.b.k.service.DynamicRouteService - Starting route status sync with Camel context
2025-11-02 09:12:02 [scheduling-1] INFO  c.m.b.k.service.DynamicRouteService - Completed route status sync
2025-11-02 09:12:32 [scheduling-1] INFO  c.m.b.k.service.DynamicRouteService - Starting route status sync with Camel context
2025-11-02 09:12:32 [scheduling-1] INFO  c.m.b.k.service.DynamicRouteService - Completed route status sync
2025-11-02 09:13:02 [scheduling-1] INFO  c.m.b.k.service.DynamicRouteService - Starting route status sync with Camel context
2025-11-02 09:13:02 [scheduling-1] INFO  c.m.b.k.service.DynamicRouteService - Completed route status sync
2025-11-02 09:13:32 [scheduling-1] INFO  c.m.b.k.service.DynamicRouteService - Starting route status sync with Camel context
2025-11-02 09:13:32 [scheduling-1] INFO  c.m.b.k.service.DynamicRouteService - Completed route status sync
2025-11-02 09:14:02 [scheduling-1] INFO  c.m.b.k.service.DynamicRouteService - Starting route status sync with Camel context
2025-11-02 09:14:02 [scheduling-1] INFO  c.m.b.k.service.DynamicRouteService - Completed route status sync
2025-11-02 09:14:32 [scheduling-1] INFO  c.m.b.k.service.DynamicRouteService - Starting route status sync with Camel context
2025-11-02 09:14:32 [scheduling-1] INFO  c.m.b.k.service.DynamicRouteService - Completed route status sync
2025-11-02 09:15:02 [scheduling-1] INFO  c.m.b.k.service.DynamicRouteService - Starting route status sync with Camel context
2025-11-02 09:15:02 [scheduling-1] INFO  c.m.b.k.service.DynamicRouteService - Completed route status sync
2025-11-02 09:15:32 [scheduling-1] INFO  c.m.b.k.service.DynamicRouteService - Starting route status sync with Camel context
2025-11-02 09:15:32 [scheduling-1] INFO  c.m.b.k.service.DynamicRouteService - Completed route status sync
2025-11-02 09:16:02 [scheduling-1] INFO  c.m.b.k.service.DynamicRouteService - Starting route status sync with Camel context
2025-11-02 09:16:02 [scheduling-1] INFO  c.m.b.k.service.DynamicRouteService - Completed route status sync
2025-11-02 09:16:32 [scheduling-1] INFO  c.m.b.k.service.DynamicRouteService - Starting route status sync with Camel context
2025-11-02 09:16:32 [scheduling-1] INFO  c.m.b.k.service.DynamicRouteService - Completed route status sync
2025-11-02 09:17:02 [scheduling-1] INFO  c.m.b.k.service.DynamicRouteService - Starting route status sync with Camel context
2025-11-02 09:17:02 [scheduling-1] INFO  c.m.b.k.service.DynamicRouteService - Completed route status sync
2025-11-02 09:17:32 [scheduling-1] INFO  c.m.b.k.service.DynamicRouteService - Starting route status sync with Camel context
2025-11-02 09:17:32 [scheduling-1] INFO  c.m.b.k.service.DynamicRouteService - Completed route status sync
2025-11-02 09:18:02 [scheduling-1] INFO  c.m.b.k.service.DynamicRouteService - Starting route status sync with Camel context
2025-11-02 09:18:02 [scheduling-1] INFO  c.m.b.k.service.DynamicRouteService - Completed route status sync
2025-11-02 09:18:32 [scheduling-1] INFO  c.m.b.k.service.DynamicRouteService - Starting route status sync with Camel context
2025-11-02 09:18:32 [scheduling-1] INFO  c.m.b.k.service.DynamicRouteService - Completed route status sync
2025-11-02 09:19:02 [scheduling-1] INFO  c.m.b.k.service.DynamicRouteService - Starting route status sync with Camel context
2025-11-02 09:19:02 [scheduling-1] INFO  c.m.b.k.service.DynamicRouteService - Completed route status sync
2025-11-02 09:19:32 [scheduling-1] INFO  c.m.b.k.service.DynamicRouteService - Starting route status sync with Camel context
2025-11-02 09:19:32 [scheduling-1] INFO  c.m.b.k.service.DynamicRouteService - Completed route status sync
2025-11-02 09:20:02 [scheduling-1] INFO  c.m.b.k.service.DynamicRouteService - Starting route status sync with Camel context
2025-11-02 09:20:02 [scheduling-1] INFO  c.m.b.k.service.DynamicRouteService - Completed route status sync
2025-11-02 09:20:32 [scheduling-1] INFO  c.m.b.k.service.DynamicRouteService - Starting route status sync with Camel context
2025-11-02 09:20:32 [scheduling-1] INFO  c.m.b.k.service.DynamicRouteService - Completed route status sync
2025-11-02 09:21:02 [scheduling-1] INFO  c.m.b.k.service.DynamicRouteService - Starting route status sync with Camel context
2025-11-02 09:21:02 [scheduling-1] INFO  c.m.b.k.service.DynamicRouteService - Completed route status sync
2025-11-02 09:21:32 [scheduling-1] INFO  c.m.b.k.service.DynamicRouteService - Starting route status sync with Camel context
2025-11-02 09:21:32 [scheduling-1] INFO  c.m.b.k.service.DynamicRouteService - Completed route status sync
2025-11-02 09:22:02 [scheduling-1] INFO  c.m.b.k.service.DynamicRouteService - Starting route status sync with Camel context
2025-11-02 09:22:02 [scheduling-1] INFO  c.m.b.k.service.DynamicRouteService - Completed route status sync
2025-11-02 09:22:32 [scheduling-1] INFO  c.m.b.k.service.DynamicRouteService - Starting route status sync with Camel context
2025-11-02 09:22:32 [scheduling-1] INFO  c.m.b.k.service.DynamicRouteService - Completed route status sync
2025-11-02 09:23:02 [scheduling-1] INFO  c.m.b.k.service.DynamicRouteService - Starting route status sync with Camel context
2025-11-02 09:23:02 [scheduling-1] INFO  c.m.b.k.service.DynamicRouteService - Completed route status sync
2025-11-02 09:23:19 [http-nio-8081-exec-3] DEBUG o.s.w.f.CommonsRequestLoggingFilter - Before request [POST /api/auth/login, client=0:0:0:0:0:0:0:1]
2025-11-02 09:23:19 [http-nio-8081-exec-3] DEBUG o.s.web.servlet.DispatcherServlet - POST "/api/auth/login", parameters={}
2025-11-02 09:23:19 [http-nio-8081-exec-3] DEBUG o.s.w.s.m.m.a.RequestMappingHandlerMapping - Mapped to com.middleware.backend.users.auth.AuthController#login(AuthRequest)
2025-11-02 09:23:19 [http-nio-8081-exec-3] DEBUG o.s.w.s.m.m.a.RequestResponseBodyMethodProcessor - Read "application/json;charset=UTF-8" to [AuthController.AuthRequest(email=admin@mail.com, password=S123@2312)]
2025-11-02 09:23:20 [http-nio-8081-exec-3] DEBUG o.a.camel.spring.SpringCamelContext - onApplicationEvent: org.springframework.security.authentication.event.AuthenticationFailureBadCredentialsEvent[source=UsernamePasswordAuthenticationToken [Principal=admin@mail.com, Credentials=[PROTECTED], Authenticated=false, Details=null, Granted Authorities=[]]]
2025-11-02 09:23:20 [http-nio-8081-exec-3] DEBUG o.s.w.s.m.m.a.ExceptionHandlerExceptionResolver - Using @ExceptionHandler com.middleware.backend.exception.GlobalExceptionHandler#handleRuntimeException(RuntimeException)
2025-11-02 09:23:20 [http-nio-8081-exec-3] DEBUG o.s.w.s.m.m.a.HttpEntityMethodProcessor - Using 'application/json', given [*/*] and supported [application/json, application/*+json, application/yaml]
2025-11-02 09:23:20 [http-nio-8081-exec-3] DEBUG o.s.w.s.m.m.a.HttpEntityMethodProcessor - Writing [{message=Bad credentials, timestamp=2025-11-02T09:23:20.359376700}]
2025-11-02 09:23:20 [http-nio-8081-exec-3] DEBUG o.s.w.s.m.m.a.ExceptionHandlerExceptionResolver - Resolved [org.springframework.security.authentication.BadCredentialsException: Bad credentials]
2025-11-02 09:23:20 [http-nio-8081-exec-3] DEBUG o.s.web.servlet.DispatcherServlet - Completed 400 BAD_REQUEST
2025-11-02 09:23:20 [http-nio-8081-exec-3] DEBUG o.a.camel.spring.SpringCamelContext - onApplicationEvent: ServletRequestHandledEvent: url=[/api/auth/login]; client=[0:0:0:0:0:0:0:1]; method=[POST]; status=[400]; servlet=[dispatcherServlet]; session=[null]; user=[null]; time=[629ms]
2025-11-02 09:23:20 [http-nio-8081-exec-3] DEBUG o.s.w.f.CommonsRequestLoggingFilter - After request [POST /api/auth/login, client=0:0:0:0:0:0:0:1, payload={"email":"admin@mail.com","password":"S123@2312"}]
2025-11-02 09:23:24 [http-nio-8081-exec-2] DEBUG o.s.w.f.CommonsRequestLoggingFilter - Before request [POST /api/auth/login, client=0:0:0:0:0:0:0:1]
2025-11-02 09:23:24 [http-nio-8081-exec-2] DEBUG o.s.web.servlet.DispatcherServlet - POST "/api/auth/login", parameters={}
2025-11-02 09:23:24 [http-nio-8081-exec-2] DEBUG o.s.w.s.m.m.a.RequestMappingHandlerMapping - Mapped to com.middleware.backend.users.auth.AuthController#login(AuthRequest)
2025-11-02 09:23:24 [http-nio-8081-exec-2] DEBUG o.s.w.s.m.m.a.RequestResponseBodyMethodProcessor - Read "application/json;charset=UTF-8" to [AuthController.AuthRequest(email=admin@mail.com, password=S123@231\)]
2025-11-02 09:23:24 [http-nio-8081-exec-2] DEBUG o.a.camel.spring.SpringCamelContext - onApplicationEvent: org.springframework.security.authentication.event.AuthenticationFailureBadCredentialsEvent[source=UsernamePasswordAuthenticationToken [Principal=admin@mail.com, Credentials=[PROTECTED], Authenticated=false, Details=null, Granted Authorities=[]]]
2025-11-02 09:23:24 [http-nio-8081-exec-2] DEBUG o.s.w.s.m.m.a.ExceptionHandlerExceptionResolver - Using @ExceptionHandler com.middleware.backend.exception.GlobalExceptionHandler#handleRuntimeException(RuntimeException)
2025-11-02 09:23:24 [http-nio-8081-exec-2] DEBUG o.s.w.s.m.m.a.HttpEntityMethodProcessor - Using 'application/json', given [*/*] and supported [application/json, application/*+json, application/yaml]
2025-11-02 09:23:24 [http-nio-8081-exec-2] DEBUG o.s.w.s.m.m.a.HttpEntityMethodProcessor - Writing [{message=Bad credentials, timestamp=2025-11-02T09:23:24.582975400}]
2025-11-02 09:23:24 [http-nio-8081-exec-2] DEBUG o.s.w.s.m.m.a.ExceptionHandlerExceptionResolver - Resolved [org.springframework.security.authentication.BadCredentialsException: Bad credentials]
2025-11-02 09:23:24 [http-nio-8081-exec-2] DEBUG o.s.web.servlet.DispatcherServlet - Completed 400 BAD_REQUEST
2025-11-02 09:23:24 [http-nio-8081-exec-2] DEBUG o.a.camel.spring.SpringCamelContext - onApplicationEvent: ServletRequestHandledEvent: url=[/api/auth/login]; client=[0:0:0:0:0:0:0:1]; method=[POST]; status=[400]; servlet=[dispatcherServlet]; session=[null]; user=[null]; time=[263ms]
2025-11-02 09:23:24 [http-nio-8081-exec-2] DEBUG o.s.w.f.CommonsRequestLoggingFilter - After request [POST /api/auth/login, client=0:0:0:0:0:0:0:1, payload={"email":"admin@mail.com","password":"S123@231\\"}]
2025-11-02 09:23:31 [http-nio-8081-exec-6] DEBUG o.s.w.f.CommonsRequestLoggingFilter - Before request [POST /api/auth/login, client=0:0:0:0:0:0:0:1]
2025-11-02 09:23:31 [http-nio-8081-exec-6] DEBUG o.s.web.servlet.DispatcherServlet - POST "/api/auth/login", parameters={}
2025-11-02 09:23:31 [http-nio-8081-exec-6] DEBUG o.s.w.s.m.m.a.RequestMappingHandlerMapping - Mapped to com.middleware.backend.users.auth.AuthController#login(AuthRequest)
2025-11-02 09:23:31 [http-nio-8081-exec-6] DEBUG o.s.w.s.m.m.a.RequestResponseBodyMethodProcessor - Read "application/json;charset=UTF-8" to [AuthController.AuthRequest(email=admin@mail.com, password=S123@231)]
2025-11-02 09:23:31 [http-nio-8081-exec-6] DEBUG o.a.camel.spring.SpringCamelContext - onApplicationEvent: org.springframework.security.authentication.event.AuthenticationSuccessEvent[source=UsernamePasswordAuthenticationToken [Principal=org.springframework.security.core.userdetails.User [Username=admin@mail.com, Password=[PROTECTED], Enabled=true, AccountNonExpired=true, CredentialsNonExpired=true, AccountNonLocked=true, Granted Authorities=[ROLE_ADMIN, auditLogs:export, auditLogs:view, channel:create, channel:edit, channel:view, config:create, config:edit, config:view, dashboard:jobGraph, dashboard:jobList, dashboard:summary, dashboard:tokenList, dashboard:transactionGraph, dashboard:transactionList, dhis2:edit, dhis2:view, dynamicRoutes:create, dynamicRoutes:delete, dynamicRoutes:edit, dynamicRoutes:export, dynamicRoutes:revert, dynamicRoutes:start, dynamicRoutes:stop, dynamicRoutes:test, dynamicRoutes:validate, dynamicRoutes:view, dynamicRoutesLogs:export, dynamicRoutesLogs:view, errorCategories:create, errorCategories:edit, errorCategories:export, errorCategories:view, errorMappings:create, errorMappings:edit, errorMappings:export, errorMappings:view, group:create, group:edit, group:view, groupReceivers:create, groupReceivers:edit, integratedApi:create, integratedApi:export, integratedApi:update, integratedApi:view, integratedSystem:create, integratedSystem:edit, integratedSystem:view, integrationMapping:create, integrationMapping:edit, integrationMapping:export, integrationMapping:import, integrationMapping:validate, integrationMapping:view, jobExecutionLogs:export, jobExecutionLogs:view, middlewareLogs:export, middlewareLogs:retry, middlewareLogs:view, notification:send, notification:view, notificationLogs:export, notificationLogs:view, receiver:create, receiver:edit, receiver:view, role:create, role:view, routePermissions:edit, routePermissions:view, scheduledJobs:create, scheduledJobs:delete, scheduledJobs:edit, scheduledJobs:export, scheduledJobs:pause, scheduledJobs:resume, scheduledJobs:test, scheduledJobs:view, scheduledJobsLogs:export, scheduledJobsLogs:view, sourceSystems:create, sourceSystems:edit, sourceSystems:export, sourceSystems:view, template:create, template:edit, template:validate, template:view, throttling:edit, throttling:view, user:activate, user:create, user:delete, user:edit, user:generate-token, user:view, user:viewByRole, userPermissions:edit, userPermissions:view]], Credentials=[PROTECTED], Authenticated=true, Details=null, Granted Authorities=[ROLE_ADMIN, auditLogs:export, auditLogs:view, channel:create, channel:edit, channel:view, config:create, config:edit, config:view, dashboard:jobGraph, dashboard:jobList, dashboard:summary, dashboard:tokenList, dashboard:transactionGraph, dashboard:transactionList, dhis2:edit, dhis2:view, dynamicRoutes:create, dynamicRoutes:delete, dynamicRoutes:edit, dynamicRoutes:export, dynamicRoutes:revert, dynamicRoutes:start, dynamicRoutes:stop, dynamicRoutes:test, dynamicRoutes:validate, dynamicRoutes:view, dynamicRoutesLogs:export, dynamicRoutesLogs:view, errorCategories:create, errorCategories:edit, errorCategories:export, errorCategories:view, errorMappings:create, errorMappings:edit, errorMappings:export, errorMappings:view, group:create, group:edit, group:view, groupReceivers:create, groupReceivers:edit, integratedApi:create, integratedApi:export, integratedApi:update, integratedApi:view, integratedSystem:create, integratedSystem:edit, integratedSystem:view, integrationMapping:create, integrationMapping:edit, integrationMapping:export, integrationMapping:import, integrationMapping:validate, integrationMapping:view, jobExecutionLogs:export, jobExecutionLogs:view, middlewareLogs:export, middlewareLogs:retry, middlewareLogs:view, notification:send, notification:view, notificationLogs:export, notificationLogs:view, receiver:create, receiver:edit, receiver:view, role:create, role:view, routePermissions:edit, routePermissions:view, scheduledJobs:create, scheduledJobs:delete, scheduledJobs:edit, scheduledJobs:export, scheduledJobs:pause, scheduledJobs:resume, scheduledJobs:test, scheduledJobs:view, scheduledJobsLogs:export, scheduledJobsLogs:view, sourceSystems:create, sourceSystems:edit, sourceSystems:export, sourceSystems:view, template:create, template:edit, template:validate, template:view, throttling:edit, throttling:view, user:activate, user:create, user:delete, user:edit, user:generate-token, user:view, user:viewByRole, userPermissions:edit, userPermissions:view]]]
2025-11-02 09:23:32 [http-nio-8081-exec-6] DEBUG o.s.w.s.m.m.a.HttpEntityMethodProcessor - Using 'application/json', given [*/*] and supported [application/json, application/*+json, application/yaml]
2025-11-02 09:23:32 [http-nio-8081-exec-6] DEBUG o.s.w.s.m.m.a.HttpEntityMethodProcessor - Writing [AuthController.AuthResponse2(userName=admin, token=eyJhbGciOiJIUzI1NiJ9.eyJzdWIiOiJhZG1pbkBtYWlsLmNv (truncated)...]
2025-11-02 09:23:32 [http-nio-8081-exec-6] DEBUG o.s.web.servlet.DispatcherServlet - Completed 200 OK
2025-11-02 09:23:32 [http-nio-8081-exec-6] DEBUG o.a.camel.spring.SpringCamelContext - onApplicationEvent: ServletRequestHandledEvent: url=[/api/auth/login]; client=[0:0:0:0:0:0:0:1]; method=[POST]; status=[200]; servlet=[dispatcherServlet]; session=[null]; user=[null]; time=[977ms]
2025-11-02 09:23:32 [http-nio-8081-exec-6] DEBUG o.s.w.f.CommonsRequestLoggingFilter - After request [POST /api/auth/login, client=0:0:0:0:0:0:0:1, payload={"email":"admin@mail.com","password":"S123@231"}]
2025-11-02 09:23:32 [scheduling-1] INFO  c.m.b.k.service.DynamicRouteService - Starting route status sync with Camel context
2025-11-02 09:23:32 [scheduling-1] INFO  c.m.b.k.service.DynamicRouteService - Completed route status sync
2025-11-02 09:23:33 [http-nio-8081-exec-6] INFO  c.m.b.k.service.DynamicRouteService - Fetching active routes with pagination
2025-11-02 09:23:33 [http-nio-8081-exec-5] INFO  c.m.b.k.service.DynamicRouteService - Fetching active routes with pagination
2025-11-02 09:23:33 [http-nio-8081-exec-3] INFO  c.m.b.k.service.DynamicRouteService - Fetching active routes with pagination
2025-11-02 09:23:33 [http-nio-8081-exec-1] INFO  c.m.b.k.service.DynamicRouteService - Fetching active routes with pagination
2025-11-02 09:23:33 [http-nio-8081-exec-2] INFO  c.m.b.k.service.DynamicRouteService - Fetching active routes with pagination
2025-11-02 09:23:33 [http-nio-8081-exec-4] INFO  c.m.b.k.service.DynamicRouteService - Fetching active routes with pagination
2025-11-02 09:23:33 [http-nio-8081-exec-2] DEBUG o.s.w.f.CommonsRequestLoggingFilter - Before request [GET /api/dashboard/transaction/last-30-days, client=0:0:0:0:0:0:0:1, user=admin@mail.com]
2025-11-02 09:23:33 [http-nio-8081-exec-2] DEBUG o.s.web.servlet.DispatcherServlet - GET "/api/dashboard/transaction/last-30-days", parameters={}
2025-11-02 09:23:33 [http-nio-8081-exec-2] DEBUG o.s.w.s.m.m.a.RequestMappingHandlerMapping - Mapped to com.middleware.backend.dashboard.controller.DashboardController#getTransactionGraphCoordinates()
2025-11-02 09:23:33 [http-nio-8081-exec-5] DEBUG o.s.w.f.CommonsRequestLoggingFilter - Before request [GET /api/dashboard/job, client=0:0:0:0:0:0:0:1, user=admin@mail.com]
2025-11-02 09:23:33 [http-nio-8081-exec-6] DEBUG o.s.w.f.CommonsRequestLoggingFilter - Before request [GET /api/dashboard/token, client=0:0:0:0:0:0:0:1, user=admin@mail.com]
2025-11-02 09:23:33 [http-nio-8081-exec-6] DEBUG o.s.web.servlet.DispatcherServlet - GET "/api/dashboard/token", parameters={}
2025-11-02 09:23:33 [http-nio-8081-exec-5] DEBUG o.s.web.servlet.DispatcherServlet - GET "/api/dashboard/job", parameters={}
2025-11-02 09:23:33 [http-nio-8081-exec-5] DEBUG o.s.w.s.m.m.a.RequestMappingHandlerMapping - Mapped to com.middleware.backend.dashboard.controller.DashboardController#getJobsList()
2025-11-02 09:23:33 [http-nio-8081-exec-6] DEBUG o.s.w.s.m.m.a.RequestMappingHandlerMapping - Mapped to com.middleware.backend.dashboard.controller.DashboardController#getTokenList()
2025-11-02 09:23:33 [http-nio-8081-exec-3] DEBUG o.s.w.f.CommonsRequestLoggingFilter - Before request [GET /api/dashboard/job/last-30-days, client=0:0:0:0:0:0:0:1, user=admin@mail.com]
2025-11-02 09:23:33 [http-nio-8081-exec-3] DEBUG o.s.web.servlet.DispatcherServlet - GET "/api/dashboard/job/last-30-days", parameters={}
2025-11-02 09:23:33 [http-nio-8081-exec-3] DEBUG o.s.w.s.m.m.a.RequestMappingHandlerMapping - Mapped to com.middleware.backend.dashboard.controller.DashboardController#getJobsGraphCoordinates()
2025-11-02 09:23:33 [http-nio-8081-exec-4] DEBUG o.s.w.f.CommonsRequestLoggingFilter - Before request [GET /api/dashboard/transaction, client=0:0:0:0:0:0:0:1, user=admin@mail.com]
2025-11-02 09:23:33 [http-nio-8081-exec-4] DEBUG o.s.web.servlet.DispatcherServlet - GET "/api/dashboard/transaction", parameters={}
2025-11-02 09:23:33 [http-nio-8081-exec-4] DEBUG o.s.w.s.m.m.a.RequestMappingHandlerMapping - Mapped to com.middleware.backend.dashboard.controller.DashboardController#getTransactionList()
2025-11-02 09:23:33 [http-nio-8081-exec-1] DEBUG o.s.w.f.CommonsRequestLoggingFilter - Before request [GET /api/dashboard, client=0:0:0:0:0:0:0:1, user=admin@mail.com]
2025-11-02 09:23:33 [http-nio-8081-exec-1] DEBUG o.s.web.servlet.DispatcherServlet - GET "/api/dashboard", parameters={}
2025-11-02 09:23:33 [http-nio-8081-exec-1] DEBUG o.s.w.s.m.m.a.RequestMappingHandlerMapping - Mapped to com.middleware.backend.dashboard.controller.DashboardController#getStatuses()
2025-11-02 09:23:33 [http-nio-8081-exec-6] DEBUG o.s.w.s.m.m.a.HttpEntityMethodProcessor - Using 'application/json', given [*/*] and supported [application/json, application/*+json, application/yaml]
2025-11-02 09:23:33 [http-nio-8081-exec-6] DEBUG o.s.w.s.m.m.a.HttpEntityMethodProcessor - Writing [[]]
2025-11-02 09:23:33 [http-nio-8081-exec-6] DEBUG o.s.web.servlet.DispatcherServlet - Completed 200 OK
2025-11-02 09:23:33 [http-nio-8081-exec-6] DEBUG o.a.camel.spring.SpringCamelContext - onApplicationEvent: ServletRequestHandledEvent: url=[/api/dashboard/token]; client=[0:0:0:0:0:0:0:1]; method=[GET]; status=[200]; servlet=[dispatcherServlet]; session=[null]; user=[admin@mail.com]; time=[120ms]
2025-11-02 09:23:33 [http-nio-8081-exec-6] DEBUG o.s.w.f.CommonsRequestLoggingFilter - After request [GET /api/dashboard/token, client=0:0:0:0:0:0:0:1, user=admin@mail.com]
2025-11-02 09:23:33 [http-nio-8081-exec-5] DEBUG o.s.w.s.m.m.a.HttpEntityMethodProcessor - Using 'application/json', given [*/*] and supported [application/json, application/*+json, application/yaml]
2025-11-02 09:23:33 [http-nio-8081-exec-5] DEBUG o.s.w.s.m.m.a.HttpEntityMethodProcessor - Writing [[ScheduledExecutedJobsListDto(id=40, name=pppppppppppppppppppppppppppppppppppp, status=SUCCESS, exec (truncated)...]
2025-11-02 09:23:33 [http-nio-8081-exec-5] DEBUG o.s.web.servlet.DispatcherServlet - Completed 200 OK
2025-11-02 09:23:33 [http-nio-8081-exec-5] DEBUG o.a.camel.spring.SpringCamelContext - onApplicationEvent: ServletRequestHandledEvent: url=[/api/dashboard/job]; client=[0:0:0:0:0:0:0:1]; method=[GET]; status=[200]; servlet=[dispatcherServlet]; session=[null]; user=[admin@mail.com]; time=[133ms]
2025-11-02 09:23:33 [http-nio-8081-exec-4] DEBUG o.s.w.s.m.m.a.HttpEntityMethodProcessor - Using 'application/json', given [*/*] and supported [application/json, application/*+json, application/yaml]
2025-11-02 09:23:33 [http-nio-8081-exec-5] DEBUG o.s.w.f.CommonsRequestLoggingFilter - After request [GET /api/dashboard/job, client=0:0:0:0:0:0:0:1, user=admin@mail.com]
2025-11-02 09:23:33 [http-nio-8081-exec-4] DEBUG o.s.w.s.m.m.a.HttpEntityMethodProcessor - Writing [[TransactionListDto(id=7b4a7751-906b-477a-895b-2eaee4b70503, endPoint=servlet:/v1/datasets?httpMetho (truncated)...]
2025-11-02 09:23:33 [http-nio-8081-exec-4] DEBUG o.s.web.servlet.DispatcherServlet - Completed 200 OK
2025-11-02 09:23:33 [http-nio-8081-exec-4] DEBUG o.a.camel.spring.SpringCamelContext - onApplicationEvent: ServletRequestHandledEvent: url=[/api/dashboard/transaction]; client=[0:0:0:0:0:0:0:1]; method=[GET]; status=[200]; servlet=[dispatcherServlet]; session=[null]; user=[admin@mail.com]; time=[116ms]
2025-11-02 09:23:33 [http-nio-8081-exec-4] DEBUG o.s.w.f.CommonsRequestLoggingFilter - After request [GET /api/dashboard/transaction, client=0:0:0:0:0:0:0:1, user=admin@mail.com]
2025-11-02 09:23:33 [http-nio-8081-exec-3] DEBUG o.s.w.s.m.m.a.HttpEntityMethodProcessor - Using 'application/json', given [*/*] and supported [application/json, application/*+json, application/yaml]
2025-11-02 09:23:33 [http-nio-8081-exec-2] DEBUG o.s.w.s.m.m.a.HttpEntityMethodProcessor - Using 'application/json', given [*/*] and supported [application/json, application/*+json, application/yaml]
2025-11-02 09:23:33 [http-nio-8081-exec-2] DEBUG o.s.w.s.m.m.a.HttpEntityMethodProcessor - Writing [[org.springframework.data.jpa.repository.query.AbstractJpaQuery$TupleConverter$TupleBackedMap@31afa9 (truncated)...]
2025-11-02 09:23:33 [http-nio-8081-exec-3] DEBUG o.s.w.s.m.m.a.HttpEntityMethodProcessor - Writing [[org.springframework.data.jpa.repository.query.AbstractJpaQuery$TupleConverter$TupleBackedMap@10a1f0 (truncated)...]
2025-11-02 09:23:33 [http-nio-8081-exec-1] DEBUG o.s.w.s.m.m.a.HttpEntityMethodProcessor - Using 'application/json', given [*/*] and supported [application/json, application/*+json, application/yaml]
2025-11-02 09:23:33 [http-nio-8081-exec-1] DEBUG o.s.w.s.m.m.a.HttpEntityMethodProcessor - Writing [SummaryDto(summary={all_transactions=0, failed_transactions=0, user_events=3, succeeded_transactions (truncated)...]
2025-11-02 09:23:33 [http-nio-8081-exec-1] DEBUG o.s.web.servlet.DispatcherServlet - Completed 200 OK
2025-11-02 09:23:33 [http-nio-8081-exec-2] DEBUG o.s.web.servlet.DispatcherServlet - Completed 200 OK
2025-11-02 09:23:33 [http-nio-8081-exec-1] DEBUG o.a.camel.spring.SpringCamelContext - onApplicationEvent: ServletRequestHandledEvent: url=[/api/dashboard]; client=[0:0:0:0:0:0:0:1]; method=[GET]; status=[200]; servlet=[dispatcherServlet]; session=[null]; user=[admin@mail.com]; time=[116ms]
2025-11-02 09:23:33 [http-nio-8081-exec-2] DEBUG o.a.camel.spring.SpringCamelContext - onApplicationEvent: ServletRequestHandledEvent: url=[/api/dashboard/transaction/last-30-days]; client=[0:0:0:0:0:0:0:1]; method=[GET]; status=[200]; servlet=[dispatcherServlet]; session=[null]; user=[admin@mail.com]; time=[227ms]
2025-11-02 09:23:33 [http-nio-8081-exec-2] DEBUG o.s.w.f.CommonsRequestLoggingFilter - After request [GET /api/dashboard/transaction/last-30-days, client=0:0:0:0:0:0:0:1, user=admin@mail.com]
2025-11-02 09:23:33 [http-nio-8081-exec-1] DEBUG o.s.w.f.CommonsRequestLoggingFilter - After request [GET /api/dashboard, client=0:0:0:0:0:0:0:1, user=admin@mail.com]
2025-11-02 09:23:33 [http-nio-8081-exec-3] DEBUG o.s.web.servlet.DispatcherServlet - Completed 200 OK
2025-11-02 09:23:33 [http-nio-8081-exec-3] DEBUG o.a.camel.spring.SpringCamelContext - onApplicationEvent: ServletRequestHandledEvent: url=[/api/dashboard/job/last-30-days]; client=[0:0:0:0:0:0:0:1]; method=[GET]; status=[200]; servlet=[dispatcherServlet]; session=[null]; user=[admin@mail.com]; time=[215ms]
2025-11-02 09:23:33 [http-nio-8081-exec-3] DEBUG o.s.w.f.CommonsRequestLoggingFilter - After request [GET /api/dashboard/job/last-30-days, client=0:0:0:0:0:0:0:1, user=admin@mail.com]
2025-11-02 09:23:39 [http-nio-8081-exec-10] INFO  c.m.b.k.service.DynamicRouteService - Fetching active routes with pagination
2025-11-02 09:23:39 [http-nio-8081-exec-10] DEBUG o.s.w.f.CommonsRequestLoggingFilter - Before request [GET /api/routes/latest?page=0&size=10&sortBy=updated_at&sortDirection=desc, client=0:0:0:0:0:0:0:1, user=admin@mail.com]
2025-11-02 09:23:39 [http-nio-8081-exec-10] DEBUG o.s.web.servlet.DispatcherServlet - GET "/api/routes/latest?page=0&size=10&sortBy=updated_at&sortDirection=desc", parameters={masked}
2025-11-02 09:23:39 [http-nio-8081-exec-10] DEBUG o.s.w.s.m.m.a.RequestMappingHandlerMapping - Mapped to com.middleware.backend.kaotocamel.controller.DynamicRouteController#getRoutes(String, String, String, String, Boolean, String, String, LocalDateTime, LocalDateTime, String, String, int, int)
2025-11-02 09:23:39 [http-nio-8081-exec-10] WARN  o.s.d.w.c.SpringDataJacksonConfiguration$PageModule$WarningLoggingModifier - Serializing PageImpl instances as-is is not supported, meaning that there is no guarantee about the stability of the resulting JSON structure!
	For a stable JSON structure, please use Spring Data's PagedModel (globally via @EnableSpringDataWebSupport(pageSerializationMode = VIA_DTO))
	or Spring HATEOAS and Spring Data's PagedResourcesAssembler as documented in https://docs.spring.io/spring-data/commons/reference/repositories/core-extensions.html#core.web.pageables.

2025-11-02 09:23:39 [http-nio-8081-exec-10] DEBUG o.s.w.s.m.m.a.HttpEntityMethodProcessor - Using 'application/json', given [*/*] and supported [application/json, application/*+json, application/yaml]
2025-11-02 09:23:39 [http-nio-8081-exec-10] DEBUG o.s.w.s.m.m.a.HttpEntityMethodProcessor - Writing [Page 1 of 1 containing com.middleware.backend.kaotocamel.model.DynamicRouteEntity instances]
2025-11-02 09:23:39 [http-nio-8081-exec-10] DEBUG o.s.web.servlet.DispatcherServlet - Completed 200 OK
2025-11-02 09:23:39 [http-nio-8081-exec-10] DEBUG o.a.camel.spring.SpringCamelContext - onApplicationEvent: ServletRequestHandledEvent: url=[/api/routes/latest]; client=[0:0:0:0:0:0:0:1]; method=[GET]; status=[200]; servlet=[dispatcherServlet]; session=[null]; user=[admin@mail.com]; time=[85ms]
2025-11-02 09:23:39 [http-nio-8081-exec-10] DEBUG o.s.w.f.CommonsRequestLoggingFilter - After request [GET /api/routes/latest?page=0&size=10&sortBy=updated_at&sortDirection=desc, client=0:0:0:0:0:0:0:1, user=admin@mail.com]
2025-11-02 09:24:02 [scheduling-1] INFO  c.m.b.k.service.DynamicRouteService - Starting route status sync with Camel context
2025-11-02 09:24:02 [scheduling-1] INFO  c.m.b.k.service.DynamicRouteService - Completed route status sync
2025-11-02 09:24:10 [http-nio-8081-exec-9] INFO  c.m.b.k.service.DynamicRouteService - Fetching active routes with pagination
2025-11-02 09:24:10 [http-nio-8081-exec-9] DEBUG o.s.w.f.CommonsRequestLoggingFilter - Before request [GET /api/routes/latest?page=0&size=10&sortBy=updated_at&sortDirection=desc, client=0:0:0:0:0:0:0:1, user=admin@mail.com]
2025-11-02 09:24:10 [http-nio-8081-exec-9] DEBUG o.s.web.servlet.DispatcherServlet - GET "/api/routes/latest?page=0&size=10&sortBy=updated_at&sortDirection=desc", parameters={masked}
2025-11-02 09:24:10 [http-nio-8081-exec-9] DEBUG o.s.w.s.m.m.a.RequestMappingHandlerMapping - Mapped to com.middleware.backend.kaotocamel.controller.DynamicRouteController#getRoutes(String, String, String, String, Boolean, String, String, LocalDateTime, LocalDateTime, String, String, int, int)
2025-11-02 09:24:10 [http-nio-8081-exec-9] DEBUG o.s.w.s.m.m.a.HttpEntityMethodProcessor - Using 'application/json', given [*/*] and supported [application/json, application/*+json, application/yaml]
2025-11-02 09:24:10 [http-nio-8081-exec-9] DEBUG o.s.w.s.m.m.a.HttpEntityMethodProcessor - Writing [Page 1 of 1 containing com.middleware.backend.kaotocamel.model.DynamicRouteEntity instances]
2025-11-02 09:24:10 [http-nio-8081-exec-9] DEBUG o.s.web.servlet.DispatcherServlet - Completed 200 OK
2025-11-02 09:24:10 [http-nio-8081-exec-9] DEBUG o.a.camel.spring.SpringCamelContext - onApplicationEvent: ServletRequestHandledEvent: url=[/api/routes/latest]; client=[0:0:0:0:0:0:0:1]; method=[GET]; status=[200]; servlet=[dispatcherServlet]; session=[null]; user=[admin@mail.com]; time=[95ms]
2025-11-02 09:24:10 [http-nio-8081-exec-9] DEBUG o.s.w.f.CommonsRequestLoggingFilter - After request [GET /api/routes/latest?page=0&size=10&sortBy=updated_at&sortDirection=desc, client=0:0:0:0:0:0:0:1, user=admin@mail.com]
2025-11-02 09:24:32 [scheduling-1] INFO  c.m.b.k.service.DynamicRouteService - Starting route status sync with Camel context
2025-11-02 09:24:32 [scheduling-1] INFO  c.m.b.k.service.DynamicRouteService - Completed route status sync
2025-11-02 09:24:40 [http-nio-8081-exec-1] INFO  c.m.b.k.service.DynamicRouteService - Fetching active routes with pagination
2025-11-02 09:24:40 [http-nio-8081-exec-1] DEBUG o.s.w.f.CommonsRequestLoggingFilter - Before request [GET /api/routes/latest?page=0&size=10&sortBy=updated_at&sortDirection=desc, client=0:0:0:0:0:0:0:1, user=admin@mail.com]
2025-11-02 09:24:40 [http-nio-8081-exec-1] DEBUG o.s.web.servlet.DispatcherServlet - GET "/api/routes/latest?page=0&size=10&sortBy=updated_at&sortDirection=desc", parameters={masked}
2025-11-02 09:24:40 [http-nio-8081-exec-1] DEBUG o.s.w.s.m.m.a.RequestMappingHandlerMapping - Mapped to com.middleware.backend.kaotocamel.controller.DynamicRouteController#getRoutes(String, String, String, String, Boolean, String, String, LocalDateTime, LocalDateTime, String, String, int, int)
2025-11-02 09:24:40 [http-nio-8081-exec-1] DEBUG o.s.w.s.m.m.a.HttpEntityMethodProcessor - Using 'application/json', given [*/*] and supported [application/json, application/*+json, application/yaml]
2025-11-02 09:24:40 [http-nio-8081-exec-1] DEBUG o.s.w.s.m.m.a.HttpEntityMethodProcessor - Writing [Page 1 of 1 containing com.middleware.backend.kaotocamel.model.DynamicRouteEntity instances]
2025-11-02 09:24:40 [http-nio-8081-exec-1] DEBUG o.s.web.servlet.DispatcherServlet - Completed 200 OK
2025-11-02 09:24:40 [http-nio-8081-exec-1] DEBUG o.a.camel.spring.SpringCamelContext - onApplicationEvent: ServletRequestHandledEvent: url=[/api/routes/latest]; client=[0:0:0:0:0:0:0:1]; method=[GET]; status=[200]; servlet=[dispatcherServlet]; session=[null]; user=[admin@mail.com]; time=[112ms]
2025-11-02 09:24:40 [http-nio-8081-exec-1] DEBUG o.s.w.f.CommonsRequestLoggingFilter - After request [GET /api/routes/latest?page=0&size=10&sortBy=updated_at&sortDirection=desc, client=0:0:0:0:0:0:0:1, user=admin@mail.com]
2025-11-02 09:25:02 [scheduling-1] INFO  c.m.b.k.service.DynamicRouteService - Starting route status sync with Camel context
2025-11-02 09:25:02 [scheduling-1] INFO  c.m.b.k.service.DynamicRouteService - Completed route status sync
2025-11-02 09:25:10 [http-nio-8081-exec-3] INFO  c.m.b.k.service.DynamicRouteService - Fetching active routes with pagination
2025-11-02 09:25:10 [http-nio-8081-exec-3] DEBUG o.s.w.f.CommonsRequestLoggingFilter - Before request [GET /api/routes/latest?page=0&size=10&sortBy=updated_at&sortDirection=desc, client=0:0:0:0:0:0:0:1, user=admin@mail.com]
2025-11-02 09:25:10 [http-nio-8081-exec-3] DEBUG o.s.web.servlet.DispatcherServlet - GET "/api/routes/latest?page=0&size=10&sortBy=updated_at&sortDirection=desc", parameters={masked}
2025-11-02 09:25:10 [http-nio-8081-exec-3] DEBUG o.s.w.s.m.m.a.RequestMappingHandlerMapping - Mapped to com.middleware.backend.kaotocamel.controller.DynamicRouteController#getRoutes(String, String, String, String, Boolean, String, String, LocalDateTime, LocalDateTime, String, String, int, int)
2025-11-02 09:25:10 [http-nio-8081-exec-3] DEBUG o.s.w.s.m.m.a.HttpEntityMethodProcessor - Using 'application/json', given [*/*] and supported [application/json, application/*+json, application/yaml]
2025-11-02 09:25:10 [http-nio-8081-exec-3] DEBUG o.s.w.s.m.m.a.HttpEntityMethodProcessor - Writing [Page 1 of 1 containing com.middleware.backend.kaotocamel.model.DynamicRouteEntity instances]
2025-11-02 09:25:10 [http-nio-8081-exec-3] DEBUG o.s.web.servlet.DispatcherServlet - Completed 200 OK
2025-11-02 09:25:10 [http-nio-8081-exec-3] DEBUG o.a.camel.spring.SpringCamelContext - onApplicationEvent: ServletRequestHandledEvent: url=[/api/routes/latest]; client=[0:0:0:0:0:0:0:1]; method=[GET]; status=[200]; servlet=[dispatcherServlet]; session=[null]; user=[admin@mail.com]; time=[73ms]
2025-11-02 09:25:10 [http-nio-8081-exec-3] DEBUG o.s.w.f.CommonsRequestLoggingFilter - After request [GET /api/routes/latest?page=0&size=10&sortBy=updated_at&sortDirection=desc, client=0:0:0:0:0:0:0:1, user=admin@mail.com]
2025-11-02 09:25:32 [scheduling-1] INFO  c.m.b.k.service.DynamicRouteService - Starting route status sync with Camel context
2025-11-02 09:25:32 [scheduling-1] INFO  c.m.b.k.service.DynamicRouteService - Completed route status sync
2025-11-02 09:25:40 [http-nio-8081-exec-7] INFO  c.m.b.k.service.DynamicRouteService - Fetching active routes with pagination
2025-11-02 09:25:40 [http-nio-8081-exec-7] DEBUG o.s.w.f.CommonsRequestLoggingFilter - Before request [GET /api/routes/latest?page=0&size=10&sortBy=updated_at&sortDirection=desc, client=0:0:0:0:0:0:0:1, user=admin@mail.com]
2025-11-02 09:25:40 [http-nio-8081-exec-7] DEBUG o.s.web.servlet.DispatcherServlet - GET "/api/routes/latest?page=0&size=10&sortBy=updated_at&sortDirection=desc", parameters={masked}
2025-11-02 09:25:40 [http-nio-8081-exec-7] DEBUG o.s.w.s.m.m.a.RequestMappingHandlerMapping - Mapped to com.middleware.backend.kaotocamel.controller.DynamicRouteController#getRoutes(String, String, String, String, Boolean, String, String, LocalDateTime, LocalDateTime, String, String, int, int)
2025-11-02 09:25:40 [http-nio-8081-exec-7] DEBUG o.s.w.s.m.m.a.HttpEntityMethodProcessor - Using 'application/json', given [*/*] and supported [application/json, application/*+json, application/yaml]
2025-11-02 09:25:40 [http-nio-8081-exec-7] DEBUG o.s.w.s.m.m.a.HttpEntityMethodProcessor - Writing [Page 1 of 1 containing com.middleware.backend.kaotocamel.model.DynamicRouteEntity instances]
2025-11-02 09:25:40 [http-nio-8081-exec-7] DEBUG o.s.web.servlet.DispatcherServlet - Completed 200 OK
2025-11-02 09:25:40 [http-nio-8081-exec-7] DEBUG o.a.camel.spring.SpringCamelContext - onApplicationEvent: ServletRequestHandledEvent: url=[/api/routes/latest]; client=[0:0:0:0:0:0:0:1]; method=[GET]; status=[200]; servlet=[dispatcherServlet]; session=[null]; user=[admin@mail.com]; time=[76ms]
2025-11-02 09:25:40 [http-nio-8081-exec-7] DEBUG o.s.w.f.CommonsRequestLoggingFilter - After request [GET /api/routes/latest?page=0&size=10&sortBy=updated_at&sortDirection=desc, client=0:0:0:0:0:0:0:1, user=admin@mail.com]
2025-11-02 09:26:02 [scheduling-1] INFO  c.m.b.k.service.DynamicRouteService - Starting route status sync with Camel context
2025-11-02 09:26:02 [scheduling-1] INFO  c.m.b.k.service.DynamicRouteService - Completed route status sync
2025-11-02 09:26:10 [http-nio-8081-exec-9] INFO  c.m.b.k.service.DynamicRouteService - Fetching active routes with pagination
2025-11-02 09:26:10 [http-nio-8081-exec-9] DEBUG o.s.w.f.CommonsRequestLoggingFilter - Before request [GET /api/routes/latest?page=0&size=10&sortBy=updated_at&sortDirection=desc, client=0:0:0:0:0:0:0:1, user=admin@mail.com]
2025-11-02 09:26:10 [http-nio-8081-exec-9] DEBUG o.s.web.servlet.DispatcherServlet - GET "/api/routes/latest?page=0&size=10&sortBy=updated_at&sortDirection=desc", parameters={masked}
2025-11-02 09:26:10 [http-nio-8081-exec-9] DEBUG o.s.w.s.m.m.a.RequestMappingHandlerMapping - Mapped to com.middleware.backend.kaotocamel.controller.DynamicRouteController#getRoutes(String, String, String, String, Boolean, String, String, LocalDateTime, LocalDateTime, String, String, int, int)
2025-11-02 09:26:10 [http-nio-8081-exec-9] DEBUG o.s.w.s.m.m.a.HttpEntityMethodProcessor - Using 'application/json', given [*/*] and supported [application/json, application/*+json, application/yaml]
2025-11-02 09:26:10 [http-nio-8081-exec-9] DEBUG o.s.w.s.m.m.a.HttpEntityMethodProcessor - Writing [Page 1 of 1 containing com.middleware.backend.kaotocamel.model.DynamicRouteEntity instances]
2025-11-02 09:26:10 [http-nio-8081-exec-9] DEBUG o.s.web.servlet.DispatcherServlet - Completed 200 OK
2025-11-02 09:26:10 [http-nio-8081-exec-9] DEBUG o.a.camel.spring.SpringCamelContext - onApplicationEvent: ServletRequestHandledEvent: url=[/api/routes/latest]; client=[0:0:0:0:0:0:0:1]; method=[GET]; status=[200]; servlet=[dispatcherServlet]; session=[null]; user=[admin@mail.com]; time=[55ms]
2025-11-02 09:26:10 [http-nio-8081-exec-9] DEBUG o.s.w.f.CommonsRequestLoggingFilter - After request [GET /api/routes/latest?page=0&size=10&sortBy=updated_at&sortDirection=desc, client=0:0:0:0:0:0:0:1, user=admin@mail.com]
2025-11-02 09:26:29 [http-nio-8081-exec-3] INFO  c.m.b.k.service.DynamicRouteService - Fetching active routes with pagination
2025-11-02 09:26:29 [http-nio-8081-exec-7] INFO  c.m.b.k.service.DynamicRouteService - Fetching active routes with pagination
2025-11-02 09:26:29 [http-nio-8081-exec-1] INFO  c.m.b.k.service.DynamicRouteService - Fetching active routes with pagination
2025-11-02 09:26:29 [http-nio-8081-exec-2] INFO  c.m.b.k.service.DynamicRouteService - Fetching active routes with pagination
2025-11-02 09:26:29 [http-nio-8081-exec-7] DEBUG o.s.w.f.CommonsRequestLoggingFilter - Before request [GET /api/integration-mappings/mapping-types, client=0:0:0:0:0:0:0:1, user=admin@mail.com]
2025-11-02 09:26:29 [http-nio-8081-exec-1] DEBUG o.s.w.f.CommonsRequestLoggingFilter - Before request [GET /api/integration-mappings?page=0&size=10, client=0:0:0:0:0:0:0:1, user=admin@mail.com]
2025-11-02 09:26:29 [http-nio-8081-exec-3] DEBUG o.s.w.f.CommonsRequestLoggingFilter - Before request [GET /api/routes/routes, client=0:0:0:0:0:0:0:1, user=admin@mail.com]
2025-11-02 09:26:29 [http-nio-8081-exec-7] DEBUG o.s.web.servlet.DispatcherServlet - GET "/api/integration-mappings/mapping-types", parameters={}
2025-11-02 09:26:29 [http-nio-8081-exec-1] DEBUG o.s.web.servlet.DispatcherServlet - GET "/api/integration-mappings?page=0&size=10", parameters={masked}
2025-11-02 09:26:29 [http-nio-8081-exec-3] DEBUG o.s.web.servlet.DispatcherServlet - GET "/api/routes/routes", parameters={}
2025-11-02 09:26:29 [http-nio-8081-exec-1] DEBUG o.s.w.s.m.m.a.RequestMappingHandlerMapping - Mapped to com.middleware.backend.kaotocamel.controller.IntegrationMappingAdminController#findAll(String, Long, String, String, String, String, String, Boolean, String, LocalDateTime, LocalDateTime, LocalDateTime, LocalDateTime, String, Long, Long, String, String, int, int)
2025-11-02 09:26:29 [http-nio-8081-exec-3] DEBUG o.s.w.s.m.m.a.RequestMappingHandlerMapping - Mapped to com.middleware.backend.kaotocamel.controller.DynamicRouteController#getRoutesForDropdown()
2025-11-02 09:26:29 [http-nio-8081-exec-7] DEBUG o.s.w.s.m.m.a.RequestMappingHandlerMapping - Mapped to com.middleware.backend.kaotocamel.controller.IntegrationMappingAdminController#getMappingTypes()
2025-11-02 09:26:29 [http-nio-8081-exec-3] INFO  c.m.b.k.service.DynamicRouteService - Fetching latest active routes for dropdown
2025-11-02 09:26:29 [http-nio-8081-exec-7] DEBUG o.s.w.s.m.m.a.HttpEntityMethodProcessor - Using 'application/json', given [application/json] and supported [application/json, application/*+json, application/yaml]
2025-11-02 09:26:29 [http-nio-8081-exec-7] DEBUG o.s.w.s.m.m.a.HttpEntityMethodProcessor - Writing [[DATA_ELEMENT, DATA_ELEMENT_WITH_DISAGGREGATION, INDICATOR]]
2025-11-02 09:26:29 [http-nio-8081-exec-7] DEBUG o.s.web.servlet.DispatcherServlet - Completed 200 OK
2025-11-02 09:26:29 [http-nio-8081-exec-7] DEBUG o.a.camel.spring.SpringCamelContext - onApplicationEvent: ServletRequestHandledEvent: url=[/api/integration-mappings/mapping-types]; client=[0:0:0:0:0:0:0:1]; method=[GET]; status=[200]; servlet=[dispatcherServlet]; session=[null]; user=[admin@mail.com]; time=[8ms]
2025-11-02 09:26:29 [http-nio-8081-exec-7] DEBUG o.s.w.f.CommonsRequestLoggingFilter - After request [GET /api/integration-mappings/mapping-types, client=0:0:0:0:0:0:0:1, user=admin@mail.com]
2025-11-02 09:26:29 [http-nio-8081-exec-1] INFO  c.m.b.k.c.IntegrationMappingAdminController - Final sort: id: ASC
2025-11-02 09:26:29 [http-nio-8081-exec-3] INFO  c.m.b.k.service.DynamicRouteService - Found 7 active routes
2025-11-02 09:26:29 [http-nio-8081-exec-3] INFO  c.m.b.k.c.DynamicRouteController - Returning 7 routes for dropdown
2025-11-02 09:26:29 [http-nio-8081-exec-3] DEBUG o.s.w.s.m.m.a.HttpEntityMethodProcessor - Using 'application/json', given [application/json] and supported [application/json, application/*+json, application/yaml]
2025-11-02 09:26:29 [http-nio-8081-exec-3] DEBUG o.s.w.s.m.m.a.HttpEntityMethodProcessor - Writing [[{path=/HealthCenter, routeId=HealthCenter-mapping}, {path=/api/TESTscheled, routeId=TESTscheled}, { (truncated)...]
2025-11-02 09:26:29 [http-nio-8081-exec-3] DEBUG o.s.web.servlet.DispatcherServlet - Completed 200 OK
2025-11-02 09:26:29 [http-nio-8081-exec-3] DEBUG o.a.camel.spring.SpringCamelContext - onApplicationEvent: ServletRequestHandledEvent: url=[/api/routes/routes]; client=[0:0:0:0:0:0:0:1]; method=[GET]; status=[200]; servlet=[dispatcherServlet]; session=[null]; user=[admin@mail.com]; time=[69ms]
2025-11-02 09:26:29 [http-nio-8081-exec-3] DEBUG o.s.w.f.CommonsRequestLoggingFilter - After request [GET /api/routes/routes, client=0:0:0:0:0:0:0:1, user=admin@mail.com]
2025-11-02 09:26:29 [http-nio-8081-exec-1] DEBUG c.m.b.k.s.IntegrationMappingService - Searching with advanced filters - dynamicRouteId: null, integratedApiId: null, mappingType: null
2025-11-02 09:26:29 [http-nio-8081-exec-2] DEBUG o.s.w.f.CommonsRequestLoggingFilter - Before request [GET /api/integrated-apis?size=1000&isActive=true, client=0:0:0:0:0:0:0:1, user=admin@mail.com]
2025-11-02 09:26:29 [http-nio-8081-exec-2] DEBUG o.s.web.servlet.DispatcherServlet - GET "/api/integrated-apis?size=1000&isActive=true", parameters={masked}
2025-11-02 09:26:29 [http-nio-8081-exec-2] DEBUG o.s.w.s.m.m.a.RequestMappingHandlerMapping - Mapped to com.middleware.backend.kaotocamel.controller.IntegratedApiController#findAll(String, String, String, String, String, String, Boolean, String, LocalDateTime, LocalDateTime, LocalDateTime, LocalDateTime, String, Long, Long, int, int, String[])
2025-11-02 09:26:29 [http-nio-8081-exec-2] DEBUG c.m.b.k.c.IntegratedApiController - Received sort params: [id, desc]
2025-11-02 09:26:29 [http-nio-8081-exec-2] DEBUG c.m.b.k.c.IntegratedApiController - Handling separated params - field: 'id', direction: 'desc'
2025-11-02 09:26:29 [http-nio-8081-exec-2] DEBUG c.m.b.k.c.IntegratedApiController - Added separated sort order: id DESC
2025-11-02 09:26:29 [http-nio-8081-exec-2] DEBUG c.m.b.k.c.IntegratedApiController - Final sort object: id: DESC
2025-11-02 09:26:29 [http-nio-8081-exec-1] DEBUG c.m.b.k.s.IntegrationMappingService - Found 10 results out of 22 total
2025-11-02 09:26:29 [http-nio-8081-exec-1] DEBUG o.s.w.s.m.m.a.HttpEntityMethodProcessor - Using 'application/json', given [application/json] and supported [application/json, application/*+json, application/yaml]
2025-11-02 09:26:29 [http-nio-8081-exec-1] DEBUG o.s.w.s.m.m.a.HttpEntityMethodProcessor - Writing [Page 1 of 3 containing com.middleware.backend.kaotocamel.dto.IntegrationMappingDto instances]
2025-11-02 09:26:29 [http-nio-8081-exec-1] DEBUG o.s.web.servlet.DispatcherServlet - Completed 200 OK
2025-11-02 09:26:29 [http-nio-8081-exec-1] DEBUG o.a.camel.spring.SpringCamelContext - onApplicationEvent: ServletRequestHandledEvent: url=[/api/integration-mappings]; client=[0:0:0:0:0:0:0:1]; method=[GET]; status=[200]; servlet=[dispatcherServlet]; session=[null]; user=[admin@mail.com]; time=[124ms]
2025-11-02 09:26:29 [http-nio-8081-exec-1] DEBUG o.s.w.f.CommonsRequestLoggingFilter - After request [GET /api/integration-mappings?page=0&size=10, client=0:0:0:0:0:0:0:1, user=admin@mail.com]
2025-11-02 09:26:29 [http-nio-8081-exec-2] DEBUG o.s.w.s.m.m.a.HttpEntityMethodProcessor - Using 'application/json', given [application/json] and supported [application/json, application/*+json, application/yaml]
2025-11-02 09:26:29 [http-nio-8081-exec-2] DEBUG o.s.w.s.m.m.a.HttpEntityMethodProcessor - Writing [Page 1 of 1 containing com.middleware.backend.kaotocamel.dto.IntegratedApiDto instances]
2025-11-02 09:26:29 [http-nio-8081-exec-2] DEBUG o.s.web.servlet.DispatcherServlet - Completed 200 OK
2025-11-02 09:26:29 [http-nio-8081-exec-2] DEBUG o.a.camel.spring.SpringCamelContext - onApplicationEvent: ServletRequestHandledEvent: url=[/api/integrated-apis]; client=[0:0:0:0:0:0:0:1]; method=[GET]; status=[200]; servlet=[dispatcherServlet]; session=[null]; user=[admin@mail.com]; time=[90ms]
2025-11-02 09:26:29 [http-nio-8081-exec-2] DEBUG o.s.w.f.CommonsRequestLoggingFilter - After request [GET /api/integrated-apis?size=1000&isActive=true, client=0:0:0:0:0:0:0:1, user=admin@mail.com]
2025-11-02 09:26:30 [http-nio-8081-exec-8] INFO  c.m.b.k.service.DynamicRouteService - Fetching active routes with pagination
2025-11-02 09:26:30 [http-nio-8081-exec-6] INFO  c.m.b.k.service.DynamicRouteService - Fetching active routes with pagination
2025-11-02 09:26:30 [http-nio-8081-exec-4] INFO  c.m.b.k.service.DynamicRouteService - Fetching active routes with pagination
2025-11-02 09:26:30 [http-nio-8081-exec-8] DEBUG o.s.w.f.CommonsRequestLoggingFilter - Before request [GET /api/integrated-system/codes, client=0:0:0:0:0:0:0:1, user=admin@mail.com]
2025-11-02 09:26:30 [http-nio-8081-exec-8] DEBUG o.s.web.servlet.DispatcherServlet - GET "/api/integrated-system/codes", parameters={}
2025-11-02 09:26:30 [http-nio-8081-exec-8] DEBUG o.s.w.s.m.m.a.RequestMappingHandlerMapping - Mapped to com.middleware.backend.integrated_systems.controller.IntegratedSystemController#getAllCodes()
2025-11-02 09:26:30 [http-nio-8081-exec-8] DEBUG o.s.w.s.m.m.a.HttpEntityMethodProcessor - Using 'application/json', given [application/json] and supported [application/json, application/*+json, application/yaml]
2025-11-02 09:26:30 [http-nio-8081-exec-8] DEBUG o.s.w.s.m.m.a.HttpEntityMethodProcessor - Writing [[DHIS2.1, DHIS2.2]]
2025-11-02 09:26:30 [http-nio-8081-exec-8] DEBUG o.s.web.servlet.DispatcherServlet - Completed 200 OK
2025-11-02 09:26:30 [http-nio-8081-exec-8] DEBUG o.a.camel.spring.SpringCamelContext - onApplicationEvent: ServletRequestHandledEvent: url=[/api/integrated-system/codes]; client=[0:0:0:0:0:0:0:1]; method=[GET]; status=[200]; servlet=[dispatcherServlet]; session=[null]; user=[admin@mail.com]; time=[72ms]
2025-11-02 09:26:30 [http-nio-8081-exec-8] DEBUG o.s.w.f.CommonsRequestLoggingFilter - After request [GET /api/integrated-system/codes, client=0:0:0:0:0:0:0:1, user=admin@mail.com]
2025-11-02 09:26:30 [http-nio-8081-exec-6] DEBUG o.s.w.f.CommonsRequestLoggingFilter - Before request [GET /api/integrated-apis?page=0&size=10, client=0:0:0:0:0:0:0:1, user=admin@mail.com]
2025-11-02 09:26:30 [http-nio-8081-exec-6] DEBUG o.s.web.servlet.DispatcherServlet - GET "/api/integrated-apis?page=0&size=10", parameters={masked}
2025-11-02 09:26:30 [http-nio-8081-exec-6] DEBUG o.s.w.s.m.m.a.RequestMappingHandlerMapping - Mapped to com.middleware.backend.kaotocamel.controller.IntegratedApiController#findAll(String, String, String, String, String, String, Boolean, String, LocalDateTime, LocalDateTime, LocalDateTime, LocalDateTime, String, Long, Long, int, int, String[])
2025-11-02 09:26:30 [http-nio-8081-exec-6] DEBUG c.m.b.k.c.IntegratedApiController - Received sort params: [id, desc]
2025-11-02 09:26:30 [http-nio-8081-exec-6] DEBUG c.m.b.k.c.IntegratedApiController - Handling separated params - field: 'id', direction: 'desc'
2025-11-02 09:26:30 [http-nio-8081-exec-6] DEBUG c.m.b.k.c.IntegratedApiController - Added separated sort order: id DESC
2025-11-02 09:26:30 [http-nio-8081-exec-6] DEBUG c.m.b.k.c.IntegratedApiController - Final sort object: id: DESC
2025-11-02 09:26:30 [http-nio-8081-exec-4] DEBUG o.s.w.f.CommonsRequestLoggingFilter - Before request [GET /api/routes/routes, client=0:0:0:0:0:0:0:1, user=admin@mail.com]
2025-11-02 09:26:30 [http-nio-8081-exec-4] DEBUG o.s.web.servlet.DispatcherServlet - GET "/api/routes/routes", parameters={}
2025-11-02 09:26:30 [http-nio-8081-exec-4] DEBUG o.s.w.s.m.m.a.RequestMappingHandlerMapping - Mapped to com.middleware.backend.kaotocamel.controller.DynamicRouteController#getRoutesForDropdown()
2025-11-02 09:26:30 [http-nio-8081-exec-4] INFO  c.m.b.k.service.DynamicRouteService - Fetching latest active routes for dropdown
2025-11-02 09:26:30 [http-nio-8081-exec-6] DEBUG o.s.w.s.m.m.a.HttpEntityMethodProcessor - Using 'application/json', given [application/json] and supported [application/json, application/*+json, application/yaml]
2025-11-02 09:26:30 [http-nio-8081-exec-6] DEBUG o.s.w.s.m.m.a.HttpEntityMethodProcessor - Writing [Page 1 of 1 containing com.middleware.backend.kaotocamel.dto.IntegratedApiDto instances]
2025-11-02 09:26:30 [http-nio-8081-exec-6] DEBUG o.s.web.servlet.DispatcherServlet - Completed 200 OK
2025-11-02 09:26:30 [http-nio-8081-exec-6] DEBUG o.a.camel.spring.SpringCamelContext - onApplicationEvent: ServletRequestHandledEvent: url=[/api/integrated-apis]; client=[0:0:0:0:0:0:0:1]; method=[GET]; status=[200]; servlet=[dispatcherServlet]; session=[null]; user=[admin@mail.com]; time=[72ms]
2025-11-02 09:26:30 [http-nio-8081-exec-6] DEBUG o.s.w.f.CommonsRequestLoggingFilter - After request [GET /api/integrated-apis?page=0&size=10, client=0:0:0:0:0:0:0:1, user=admin@mail.com]
2025-11-02 09:26:30 [http-nio-8081-exec-4] INFO  c.m.b.k.service.DynamicRouteService - Found 7 active routes
2025-11-02 09:26:30 [http-nio-8081-exec-4] INFO  c.m.b.k.c.DynamicRouteController - Returning 7 routes for dropdown
2025-11-02 09:26:30 [http-nio-8081-exec-4] DEBUG o.s.w.s.m.m.a.HttpEntityMethodProcessor - Using 'application/json', given [application/json] and supported [application/json, application/*+json, application/yaml]
2025-11-02 09:26:30 [http-nio-8081-exec-4] DEBUG o.s.w.s.m.m.a.HttpEntityMethodProcessor - Writing [[{path=/HealthCenter, routeId=HealthCenter-mapping}, {path=/api/TESTscheled, routeId=TESTscheled}, { (truncated)...]
2025-11-02 09:26:30 [http-nio-8081-exec-4] DEBUG o.s.web.servlet.DispatcherServlet - Completed 200 OK
2025-11-02 09:26:30 [http-nio-8081-exec-4] DEBUG o.a.camel.spring.SpringCamelContext - onApplicationEvent: ServletRequestHandledEvent: url=[/api/routes/routes]; client=[0:0:0:0:0:0:0:1]; method=[GET]; status=[200]; servlet=[dispatcherServlet]; session=[null]; user=[admin@mail.com]; time=[177ms]
2025-11-02 09:26:30 [http-nio-8081-exec-4] DEBUG o.s.w.f.CommonsRequestLoggingFilter - After request [GET /api/routes/routes, client=0:0:0:0:0:0:0:1, user=admin@mail.com]
2025-11-02 09:26:31 [http-nio-8081-exec-5] INFO  c.m.b.k.service.DynamicRouteService - Fetching active routes with pagination
2025-11-02 09:26:31 [http-nio-8081-exec-5] DEBUG o.s.w.f.CommonsRequestLoggingFilter - Before request [GET /api/routes/routes, client=0:0:0:0:0:0:0:1, user=admin@mail.com]
2025-11-02 09:26:31 [http-nio-8081-exec-5] DEBUG o.s.web.servlet.DispatcherServlet - GET "/api/routes/routes", parameters={}
2025-11-02 09:26:31 [http-nio-8081-exec-5] DEBUG o.s.w.s.m.m.a.RequestMappingHandlerMapping - Mapped to com.middleware.backend.kaotocamel.controller.DynamicRouteController#getRoutesForDropdown()
2025-11-02 09:26:31 [http-nio-8081-exec-5] INFO  c.m.b.k.service.DynamicRouteService - Fetching latest active routes for dropdown
2025-11-02 09:26:31 [http-nio-8081-exec-5] INFO  c.m.b.k.service.DynamicRouteService - Found 7 active routes
2025-11-02 09:26:31 [http-nio-8081-exec-5] INFO  c.m.b.k.c.DynamicRouteController - Returning 7 routes for dropdown
2025-11-02 09:26:31 [http-nio-8081-exec-5] DEBUG o.s.w.s.m.m.a.HttpEntityMethodProcessor - Using 'application/json', given [application/json] and supported [application/json, application/*+json, application/yaml]
2025-11-02 09:26:31 [http-nio-8081-exec-5] DEBUG o.s.w.s.m.m.a.HttpEntityMethodProcessor - Writing [[{path=/HealthCenter, routeId=HealthCenter-mapping}, {path=/api/TESTscheled, routeId=TESTscheled}, { (truncated)...]
2025-11-02 09:26:31 [http-nio-8081-exec-5] DEBUG o.s.web.servlet.DispatcherServlet - Completed 200 OK
2025-11-02 09:26:31 [http-nio-8081-exec-5] DEBUG o.a.camel.spring.SpringCamelContext - onApplicationEvent: ServletRequestHandledEvent: url=[/api/routes/routes]; client=[0:0:0:0:0:0:0:1]; method=[GET]; status=[200]; servlet=[dispatcherServlet]; session=[null]; user=[admin@mail.com]; time=[78ms]
2025-11-02 09:26:31 [http-nio-8081-exec-5] DEBUG o.s.w.f.CommonsRequestLoggingFilter - After request [GET /api/routes/routes, client=0:0:0:0:0:0:0:1, user=admin@mail.com]
2025-11-02 09:26:32 [scheduling-1] INFO  c.m.b.k.service.DynamicRouteService - Starting route status sync with Camel context
2025-11-02 09:26:32 [scheduling-1] INFO  c.m.b.k.service.DynamicRouteService - Completed route status sync
2025-11-02 09:27:02 [scheduling-1] INFO  c.m.b.k.service.DynamicRouteService - Starting route status sync with Camel context
2025-11-02 09:27:02 [scheduling-1] INFO  c.m.b.k.service.DynamicRouteService - Completed route status sync
2025-11-02 09:27:32 [scheduling-1] INFO  c.m.b.k.service.DynamicRouteService - Starting route status sync with Camel context
2025-11-02 09:27:32 [scheduling-1] INFO  c.m.b.k.service.DynamicRouteService - Completed route status sync
2025-11-02 09:28:02 [scheduling-1] INFO  c.m.b.k.service.DynamicRouteService - Starting route status sync with Camel context
2025-11-02 09:28:02 [scheduling-1] INFO  c.m.b.k.service.DynamicRouteService - Completed route status sync
2025-11-02 09:28:32 [scheduling-1] INFO  c.m.b.k.service.DynamicRouteService - Starting route status sync with Camel context
2025-11-02 09:28:32 [scheduling-1] INFO  c.m.b.k.service.DynamicRouteService - Completed route status sync
2025-11-02 09:29:02 [scheduling-1] INFO  c.m.b.k.service.DynamicRouteService - Starting route status sync with Camel context
2025-11-02 09:29:02 [scheduling-1] INFO  c.m.b.k.service.DynamicRouteService - Completed route status sync
2025-11-02 09:29:32 [scheduling-1] INFO  c.m.b.k.service.DynamicRouteService - Starting route status sync with Camel context
2025-11-02 09:29:32 [scheduling-1] INFO  c.m.b.k.service.DynamicRouteService - Completed route status sync
2025-11-02 09:30:02 [scheduling-1] INFO  c.m.b.k.service.DynamicRouteService - Starting route status sync with Camel context
2025-11-02 09:30:02 [scheduling-1] INFO  c.m.b.k.service.DynamicRouteService - Completed route status sync
2025-11-02 09:30:32 [scheduling-1] INFO  c.m.b.k.service.DynamicRouteService - Starting route status sync with Camel context
2025-11-02 09:30:32 [scheduling-1] INFO  c.m.b.k.service.DynamicRouteService - Completed route status sync
2025-11-02 09:31:02 [scheduling-1] INFO  c.m.b.k.service.DynamicRouteService - Starting route status sync with Camel context
2025-11-02 09:31:02 [scheduling-1] INFO  c.m.b.k.service.DynamicRouteService - Completed route status sync
2025-11-02 09:31:32 [scheduling-1] INFO  c.m.b.k.service.DynamicRouteService - Starting route status sync with Camel context
2025-11-02 09:31:32 [scheduling-1] INFO  c.m.b.k.service.DynamicRouteService - Completed route status sync
2025-11-02 09:32:02 [scheduling-1] INFO  c.m.b.k.service.DynamicRouteService - Starting route status sync with Camel context
2025-11-02 09:32:02 [scheduling-1] INFO  c.m.b.k.service.DynamicRouteService - Completed route status sync
2025-11-02 09:32:32 [scheduling-1] INFO  c.m.b.k.service.DynamicRouteService - Starting route status sync with Camel context
2025-11-02 09:32:32 [scheduling-1] INFO  c.m.b.k.service.DynamicRouteService - Completed route status sync
2025-11-02 09:33:02 [scheduling-1] INFO  c.m.b.k.service.DynamicRouteService - Starting route status sync with Camel context
2025-11-02 09:33:02 [scheduling-1] INFO  c.m.b.k.service.DynamicRouteService - Completed route status sync
2025-11-02 09:33:32 [scheduling-1] INFO  c.m.b.k.service.DynamicRouteService - Starting route status sync with Camel context
2025-11-02 09:33:32 [scheduling-1] INFO  c.m.b.k.service.DynamicRouteService - Completed route status sync
2025-11-02 09:34:02 [scheduling-1] INFO  c.m.b.k.service.DynamicRouteService - Starting route status sync with Camel context
2025-11-02 09:34:02 [scheduling-1] INFO  c.m.b.k.service.DynamicRouteService - Completed route status sync
2025-11-02 09:34:32 [scheduling-1] INFO  c.m.b.k.service.DynamicRouteService - Starting route status sync with Camel context
2025-11-02 09:34:32 [scheduling-1] INFO  c.m.b.k.service.DynamicRouteService - Completed route status sync
2025-11-02 09:35:02 [scheduling-1] INFO  c.m.b.k.service.DynamicRouteService - Starting route status sync with Camel context
2025-11-02 09:35:02 [scheduling-1] INFO  c.m.b.k.service.DynamicRouteService - Completed route status sync
2025-11-02 09:35:32 [scheduling-1] INFO  c.m.b.k.service.DynamicRouteService - Starting route status sync with Camel context
2025-11-02 09:35:32 [scheduling-1] INFO  c.m.b.k.service.DynamicRouteService - Completed route status sync
2025-11-02 09:36:02 [scheduling-1] INFO  c.m.b.k.service.DynamicRouteService - Starting route status sync with Camel context
2025-11-02 09:36:02 [scheduling-1] INFO  c.m.b.k.service.DynamicRouteService - Completed route status sync
2025-11-02 09:36:32 [scheduling-1] INFO  c.m.b.k.service.DynamicRouteService - Starting route status sync with Camel context
2025-11-02 09:36:32 [scheduling-1] INFO  c.m.b.k.service.DynamicRouteService - Completed route status sync
2025-11-02 09:37:02 [scheduling-1] INFO  c.m.b.k.service.DynamicRouteService - Starting route status sync with Camel context
2025-11-02 09:37:02 [scheduling-1] INFO  c.m.b.k.service.DynamicRouteService - Completed route status sync
2025-11-02 09:37:32 [scheduling-1] INFO  c.m.b.k.service.DynamicRouteService - Starting route status sync with Camel context
2025-11-02 09:37:32 [scheduling-1] INFO  c.m.b.k.service.DynamicRouteService - Completed route status sync
2025-11-02 09:38:02 [scheduling-1] INFO  c.m.b.k.service.DynamicRouteService - Starting route status sync with Camel context
2025-11-02 09:38:02 [scheduling-1] INFO  c.m.b.k.service.DynamicRouteService - Completed route status sync
2025-11-02 09:38:32 [scheduling-1] INFO  c.m.b.k.service.DynamicRouteService - Starting route status sync with Camel context
2025-11-02 09:38:32 [scheduling-1] INFO  c.m.b.k.service.DynamicRouteService - Completed route status sync
2025-11-02 09:39:02 [scheduling-1] INFO  c.m.b.k.service.DynamicRouteService - Starting route status sync with Camel context
2025-11-02 09:39:02 [scheduling-1] INFO  c.m.b.k.service.DynamicRouteService - Completed route status sync
2025-11-02 09:39:06 [http-nio-8081-exec-9] INFO  c.m.b.k.service.DynamicRouteService - Fetching active routes with pagination
2025-11-02 09:39:07 [http-nio-8081-exec-9] DEBUG o.s.w.f.CommonsRequestLoggingFilter - Before request [POST /api/integrated-apis, client=0:0:0:0:0:0:0:1, user=admin@mail.com]
2025-11-02 09:39:07 [http-nio-8081-exec-9] DEBUG o.s.web.servlet.DispatcherServlet - POST "/api/integrated-apis", parameters={}
2025-11-02 09:39:07 [http-nio-8081-exec-9] DEBUG o.s.w.s.m.m.a.RequestMappingHandlerMapping - Mapped to com.middleware.backend.kaotocamel.controller.IntegratedApiController#create(IntegratedApiRequestDto)
2025-11-02 09:39:07 [http-nio-8081-exec-9] DEBUG o.s.w.s.m.m.a.RequestResponseBodyMethodProcessor - Read "application/json;charset=UTF-8" to [IntegratedApiRequestDto(code=ATTR-API, name=ATTR-API, apiUrl=/api/analytics.json?dimension=dx:xvHA0f (truncated)...]
2025-11-02 09:39:07 [http-nio-8081-exec-9] INFO  c.m.b.k.service.IntegratedApiService - Creating integrated API with code: ATTR-API
2025-11-02 09:39:07 [http-nio-8081-exec-9] INFO  c.m.b.k.service.IntegratedApiService - Created integrated API: ATTR-API (ID: 7)
2025-11-02 09:39:07 [http-nio-8081-exec-9] INFO  c.m.b.k.c.IntegratedApiController - Created integrated API: ATTR-API
2025-11-02 09:39:07 [http-nio-8081-exec-9] DEBUG o.s.w.s.m.m.a.HttpEntityMethodProcessor - Using 'application/json', given [application/json] and supported [application/json, application/*+json, application/yaml]
2025-11-02 09:39:07 [http-nio-8081-exec-9] DEBUG o.s.w.s.m.m.a.HttpEntityMethodProcessor - Writing [IntegratedApiDto(id=7, code=ATTR-API, name=ATTR-API, apiUrl=/api/analytics.json?dimension=dx:xvHA0fL (truncated)...]
2025-11-02 09:39:07 [http-nio-8081-exec-9] DEBUG o.s.web.servlet.DispatcherServlet - Completed 201 CREATED
2025-11-02 09:39:07 [http-nio-8081-exec-9] DEBUG o.a.camel.spring.SpringCamelContext - onApplicationEvent: ServletRequestHandledEvent: url=[/api/integrated-apis]; client=[0:0:0:0:0:0:0:1]; method=[POST]; status=[201]; servlet=[dispatcherServlet]; session=[null]; user=[admin@mail.com]; time=[350ms]
2025-11-02 09:39:07 [http-nio-8081-exec-9] DEBUG o.s.w.f.CommonsRequestLoggingFilter - After request [POST /api/integrated-apis, client=0:0:0:0:0:0:0:1, user=admin@mail.com, payload={"code":"ATTR-API","name":"ATTR-API","type":"ANALYTICS","integratedSystem":"DHIS2.1","apiUrl":"/api/analytics.json?dimension=dx:xvHA0fLRcyX&dimension=ou:CI1vsTW2OMP&dimension=pe:202505;202506&dimension=UedUhlkhYWX:M0TzDNQdeju&UedUhlkhYWX=M0TzDNQdeju","description":null,"isActive":true,"useOuFromRequest":false,"usePeFromRequest":false}]
2025-11-02 09:39:07 [http-nio-8081-exec-6] INFO  c.m.b.k.service.DynamicRouteService - Fetching active routes with pagination
2025-11-02 09:39:07 [http-nio-8081-exec-8] INFO  c.m.b.k.service.DynamicRouteService - Fetching active routes with pagination
2025-11-02 09:39:07 [http-nio-8081-exec-6] DEBUG o.s.w.f.CommonsRequestLoggingFilter - Before request [GET /api/integrated-system/codes, client=0:0:0:0:0:0:0:1, user=admin@mail.com]
2025-11-02 09:39:07 [http-nio-8081-exec-6] DEBUG o.s.web.servlet.DispatcherServlet - GET "/api/integrated-system/codes", parameters={}
2025-11-02 09:39:07 [http-nio-8081-exec-6] DEBUG o.s.w.s.m.m.a.RequestMappingHandlerMapping - Mapped to com.middleware.backend.integrated_systems.controller.IntegratedSystemController#getAllCodes()
2025-11-02 09:39:07 [http-nio-8081-exec-6] DEBUG o.s.w.s.m.m.a.HttpEntityMethodProcessor - Using 'application/json', given [application/json] and supported [application/json, application/*+json, application/yaml]
2025-11-02 09:39:07 [http-nio-8081-exec-6] DEBUG o.s.w.s.m.m.a.HttpEntityMethodProcessor - Writing [[DHIS2.1, DHIS2.2]]
2025-11-02 09:39:07 [http-nio-8081-exec-6] DEBUG o.s.web.servlet.DispatcherServlet - Completed 200 OK
2025-11-02 09:39:07 [http-nio-8081-exec-6] DEBUG o.a.camel.spring.SpringCamelContext - onApplicationEvent: ServletRequestHandledEvent: url=[/api/integrated-system/codes]; client=[0:0:0:0:0:0:0:1]; method=[GET]; status=[200]; servlet=[dispatcherServlet]; session=[null]; user=[admin@mail.com]; time=[80ms]
2025-11-02 09:39:07 [http-nio-8081-exec-6] DEBUG o.s.w.f.CommonsRequestLoggingFilter - After request [GET /api/integrated-system/codes, client=0:0:0:0:0:0:0:1, user=admin@mail.com]
2025-11-02 09:39:08 [http-nio-8081-exec-8] DEBUG o.s.w.f.CommonsRequestLoggingFilter - Before request [GET /api/integrated-apis?page=0&size=10, client=0:0:0:0:0:0:0:1, user=admin@mail.com]
2025-11-02 09:39:08 [http-nio-8081-exec-8] DEBUG o.s.web.servlet.DispatcherServlet - GET "/api/integrated-apis?page=0&size=10", parameters={masked}
2025-11-02 09:39:08 [http-nio-8081-exec-8] DEBUG o.s.w.s.m.m.a.RequestMappingHandlerMapping - Mapped to com.middleware.backend.kaotocamel.controller.IntegratedApiController#findAll(String, String, String, String, String, String, Boolean, String, LocalDateTime, LocalDateTime, LocalDateTime, LocalDateTime, String, Long, Long, int, int, String[])
2025-11-02 09:39:08 [http-nio-8081-exec-8] DEBUG c.m.b.k.c.IntegratedApiController - Received sort params: [id, desc]
2025-11-02 09:39:08 [http-nio-8081-exec-8] DEBUG c.m.b.k.c.IntegratedApiController - Handling separated params - field: 'id', direction: 'desc'
2025-11-02 09:39:08 [http-nio-8081-exec-8] DEBUG c.m.b.k.c.IntegratedApiController - Added separated sort order: id DESC
2025-11-02 09:39:08 [http-nio-8081-exec-8] DEBUG c.m.b.k.c.IntegratedApiController - Final sort object: id: DESC
2025-11-02 09:39:08 [http-nio-8081-exec-8] DEBUG o.s.w.s.m.m.a.HttpEntityMethodProcessor - Using 'application/json', given [application/json] and supported [application/json, application/*+json, application/yaml]
2025-11-02 09:39:08 [http-nio-8081-exec-8] DEBUG o.s.w.s.m.m.a.HttpEntityMethodProcessor - Writing [Page 1 of 1 containing com.middleware.backend.kaotocamel.dto.IntegratedApiDto instances]
2025-11-02 09:39:08 [http-nio-8081-exec-8] DEBUG o.s.web.servlet.DispatcherServlet - Completed 200 OK
2025-11-02 09:39:08 [http-nio-8081-exec-8] DEBUG o.a.camel.spring.SpringCamelContext - onApplicationEvent: ServletRequestHandledEvent: url=[/api/integrated-apis]; client=[0:0:0:0:0:0:0:1]; method=[GET]; status=[200]; servlet=[dispatcherServlet]; session=[null]; user=[admin@mail.com]; time=[68ms]
2025-11-02 09:39:08 [http-nio-8081-exec-8] DEBUG o.s.w.f.CommonsRequestLoggingFilter - After request [GET /api/integrated-apis?page=0&size=10, client=0:0:0:0:0:0:0:1, user=admin@mail.com]
2025-11-02 09:39:15 [http-nio-8081-exec-5] INFO  c.m.b.k.service.DynamicRouteService - Fetching active routes with pagination
2025-11-02 09:39:15 [http-nio-8081-exec-5] DEBUG o.s.w.f.CommonsRequestLoggingFilter - Before request [GET /api/integrated-apis/5, client=0:0:0:0:0:0:0:1, user=admin@mail.com]
2025-11-02 09:39:15 [http-nio-8081-exec-5] DEBUG o.s.web.servlet.DispatcherServlet - GET "/api/integrated-apis/5", parameters={}
2025-11-02 09:39:15 [http-nio-8081-exec-5] DEBUG o.s.w.s.m.m.a.RequestMappingHandlerMapping - Mapped to com.middleware.backend.kaotocamel.controller.IntegratedApiController#findById(Long)
2025-11-02 09:39:15 [http-nio-8081-exec-5] DEBUG o.s.w.s.m.m.a.HttpEntityMethodProcessor - Using 'application/json', given [application/json] and supported [application/json, application/*+json, application/yaml]
2025-11-02 09:39:15 [http-nio-8081-exec-5] DEBUG o.s.w.s.m.m.a.HttpEntityMethodProcessor - Writing [IntegratedApiDto(id=5, code=HealthCenter Metadata, name=HealthCenter, apiUrl=/api/metadata.json?orga (truncated)...]
2025-11-02 09:39:15 [http-nio-8081-exec-5] DEBUG o.s.web.servlet.DispatcherServlet - Completed 200 OK
2025-11-02 09:39:15 [http-nio-8081-exec-5] DEBUG o.a.camel.spring.SpringCamelContext - onApplicationEvent: ServletRequestHandledEvent: url=[/api/integrated-apis/5]; client=[0:0:0:0:0:0:0:1]; method=[GET]; status=[200]; servlet=[dispatcherServlet]; session=[null]; user=[admin@mail.com]; time=[70ms]
2025-11-02 09:39:15 [http-nio-8081-exec-5] DEBUG o.s.w.f.CommonsRequestLoggingFilter - After request [GET /api/integrated-apis/5, client=0:0:0:0:0:0:0:1, user=admin@mail.com]
2025-11-02 09:39:21 [http-nio-8081-exec-1] INFO  c.m.b.k.service.DynamicRouteService - Fetching active routes with pagination
2025-11-02 09:39:21 [http-nio-8081-exec-1] DEBUG o.s.w.f.CommonsRequestLoggingFilter - Before request [GET /api/integrated-apis/7, client=0:0:0:0:0:0:0:1, user=admin@mail.com]
2025-11-02 09:39:21 [http-nio-8081-exec-1] DEBUG o.s.web.servlet.DispatcherServlet - GET "/api/integrated-apis/7", parameters={}
2025-11-02 09:39:21 [http-nio-8081-exec-1] DEBUG o.s.w.s.m.m.a.RequestMappingHandlerMapping - Mapped to com.middleware.backend.kaotocamel.controller.IntegratedApiController#findById(Long)
2025-11-02 09:39:21 [http-nio-8081-exec-1] DEBUG o.s.w.s.m.m.a.HttpEntityMethodProcessor - Using 'application/json', given [application/json] and supported [application/json, application/*+json, application/yaml]
2025-11-02 09:39:21 [http-nio-8081-exec-1] DEBUG o.s.w.s.m.m.a.HttpEntityMethodProcessor - Writing [IntegratedApiDto(id=7, code=ATTR-API, name=ATTR-API, apiUrl=/api/analytics.json?dimension=dx:xvHA0fL (truncated)...]
2025-11-02 09:39:21 [http-nio-8081-exec-1] DEBUG o.s.web.servlet.DispatcherServlet - Completed 200 OK
2025-11-02 09:39:21 [http-nio-8081-exec-1] DEBUG o.a.camel.spring.SpringCamelContext - onApplicationEvent: ServletRequestHandledEvent: url=[/api/integrated-apis/7]; client=[0:0:0:0:0:0:0:1]; method=[GET]; status=[200]; servlet=[dispatcherServlet]; session=[null]; user=[admin@mail.com]; time=[54ms]
2025-11-02 09:39:21 [http-nio-8081-exec-1] DEBUG o.s.w.f.CommonsRequestLoggingFilter - After request [GET /api/integrated-apis/7, client=0:0:0:0:0:0:0:1, user=admin@mail.com]
2025-11-02 09:39:26 [http-nio-8081-exec-2] INFO  c.m.b.k.service.DynamicRouteService - Fetching active routes with pagination
2025-11-02 09:39:26 [http-nio-8081-exec-2] DEBUG o.s.w.f.CommonsRequestLoggingFilter - Before request [PUT /api/integrated-apis/7, client=0:0:0:0:0:0:0:1, user=admin@mail.com]
2025-11-02 09:39:26 [http-nio-8081-exec-2] DEBUG o.s.web.servlet.DispatcherServlet - PUT "/api/integrated-apis/7", parameters={}
2025-11-02 09:39:26 [http-nio-8081-exec-2] DEBUG o.s.w.s.m.m.a.RequestMappingHandlerMapping - Mapped to com.middleware.backend.kaotocamel.controller.IntegratedApiController#update(Long, IntegratedApiRequestDto)
2025-11-02 09:39:26 [http-nio-8081-exec-2] DEBUG o.s.w.s.m.m.a.RequestResponseBodyMethodProcessor - Read "application/json;charset=UTF-8" to [IntegratedApiRequestDto(code=ATTR-API, name=ATTR-API, apiUrl=/api/analytics.json?dimension=dx:xvHA0f (truncated)...]
2025-11-02 09:39:26 [http-nio-8081-exec-2] INFO  c.m.b.k.service.IntegratedApiService - Updating integrated API: 7
2025-11-02 09:39:26 [http-nio-8081-exec-2] INFO  c.m.b.k.service.IntegratedApiService - Updated integrated API: ATTR-API
2025-11-02 09:39:26 [http-nio-8081-exec-2] INFO  c.m.b.k.c.IntegratedApiController - Updated integrated API: ATTR-API
2025-11-02 09:39:26 [http-nio-8081-exec-2] DEBUG o.s.w.s.m.m.a.HttpEntityMethodProcessor - Using 'application/json', given [application/json] and supported [application/json, application/*+json, application/yaml]
2025-11-02 09:39:26 [http-nio-8081-exec-2] DEBUG o.s.w.s.m.m.a.HttpEntityMethodProcessor - Writing [IntegratedApiDto(id=7, code=ATTR-API, name=ATTR-API, apiUrl=/api/analytics.json?dimension=dx:xvHA0fL (truncated)...]
2025-11-02 09:39:26 [http-nio-8081-exec-2] DEBUG o.s.web.servlet.DispatcherServlet - Completed 200 OK
2025-11-02 09:39:26 [http-nio-8081-exec-2] DEBUG o.a.camel.spring.SpringCamelContext - onApplicationEvent: ServletRequestHandledEvent: url=[/api/integrated-apis/7]; client=[0:0:0:0:0:0:0:1]; method=[PUT]; status=[200]; servlet=[dispatcherServlet]; session=[null]; user=[admin@mail.com]; time=[147ms]
2025-11-02 09:39:26 [http-nio-8081-exec-2] DEBUG o.s.w.f.CommonsRequestLoggingFilter - After request [PUT /api/integrated-apis/7, client=0:0:0:0:0:0:0:1, user=admin@mail.com, payload={"code":"ATTR-API","name":"ATTR-API","type":"ANALYTICS","integratedSystem":"DHIS2.2","apiUrl":"/api/analytics.json?dimension=dx:xvHA0fLRcyX&dimension=ou:CI1vsTW2OMP&dimension=pe:202505;202506&dimension=UedUhlkhYWX:M0TzDNQdeju&UedUhlkhYWX=M0TzDNQdeju","description":null,"isActive":true,"useOuFromRequest":false,"usePeFromRequest":false}]
2025-11-02 09:39:27 [http-nio-8081-exec-9] INFO  c.m.b.k.service.DynamicRouteService - Fetching active routes with pagination
2025-11-02 09:39:27 [http-nio-8081-exec-10] INFO  c.m.b.k.service.DynamicRouteService - Fetching active routes with pagination
2025-11-02 09:39:27 [http-nio-8081-exec-10] DEBUG o.s.w.f.CommonsRequestLoggingFilter - Before request [GET /api/integrated-apis?page=0&size=10, client=0:0:0:0:0:0:0:1, user=admin@mail.com]
2025-11-02 09:39:27 [http-nio-8081-exec-10] DEBUG o.s.web.servlet.DispatcherServlet - GET "/api/integrated-apis?page=0&size=10", parameters={masked}
2025-11-02 09:39:27 [http-nio-8081-exec-10] DEBUG o.s.w.s.m.m.a.RequestMappingHandlerMapping - Mapped to com.middleware.backend.kaotocamel.controller.IntegratedApiController#findAll(String, String, String, String, String, String, Boolean, String, LocalDateTime, LocalDateTime, LocalDateTime, LocalDateTime, String, Long, Long, int, int, String[])
2025-11-02 09:39:27 [http-nio-8081-exec-10] DEBUG c.m.b.k.c.IntegratedApiController - Received sort params: [id, desc]
2025-11-02 09:39:27 [http-nio-8081-exec-10] DEBUG c.m.b.k.c.IntegratedApiController - Handling separated params - field: 'id', direction: 'desc'
2025-11-02 09:39:27 [http-nio-8081-exec-10] DEBUG c.m.b.k.c.IntegratedApiController - Added separated sort order: id DESC
2025-11-02 09:39:27 [http-nio-8081-exec-10] DEBUG c.m.b.k.c.IntegratedApiController - Final sort object: id: DESC
2025-11-02 09:39:27 [http-nio-8081-exec-9] DEBUG o.s.w.f.CommonsRequestLoggingFilter - Before request [GET /api/integrated-system/codes, client=0:0:0:0:0:0:0:1, user=admin@mail.com]
2025-11-02 09:39:27 [http-nio-8081-exec-9] DEBUG o.s.web.servlet.DispatcherServlet - GET "/api/integrated-system/codes", parameters={}
2025-11-02 09:39:27 [http-nio-8081-exec-9] DEBUG o.s.w.s.m.m.a.RequestMappingHandlerMapping - Mapped to com.middleware.backend.integrated_systems.controller.IntegratedSystemController#getAllCodes()
2025-11-02 09:39:27 [http-nio-8081-exec-10] DEBUG o.s.w.s.m.m.a.HttpEntityMethodProcessor - Using 'application/json', given [application/json] and supported [application/json, application/*+json, application/yaml]
2025-11-02 09:39:27 [http-nio-8081-exec-10] DEBUG o.s.w.s.m.m.a.HttpEntityMethodProcessor - Writing [Page 1 of 1 containing com.middleware.backend.kaotocamel.dto.IntegratedApiDto instances]
2025-11-02 09:39:27 [http-nio-8081-exec-10] DEBUG o.s.web.servlet.DispatcherServlet - Completed 200 OK
2025-11-02 09:39:27 [http-nio-8081-exec-10] DEBUG o.a.camel.spring.SpringCamelContext - onApplicationEvent: ServletRequestHandledEvent: url=[/api/integrated-apis]; client=[0:0:0:0:0:0:0:1]; method=[GET]; status=[200]; servlet=[dispatcherServlet]; session=[null]; user=[admin@mail.com]; time=[186ms]
2025-11-02 09:39:27 [http-nio-8081-exec-10] DEBUG o.s.w.f.CommonsRequestLoggingFilter - After request [GET /api/integrated-apis?page=0&size=10, client=0:0:0:0:0:0:0:1, user=admin@mail.com]
2025-11-02 09:39:27 [http-nio-8081-exec-9] DEBUG o.s.w.s.m.m.a.HttpEntityMethodProcessor - Using 'application/json', given [application/json] and supported [application/json, application/*+json, application/yaml]
2025-11-02 09:39:27 [http-nio-8081-exec-9] DEBUG o.s.w.s.m.m.a.HttpEntityMethodProcessor - Writing [[DHIS2.1, DHIS2.2]]
2025-11-02 09:39:27 [http-nio-8081-exec-9] DEBUG o.s.web.servlet.DispatcherServlet - Completed 200 OK
2025-11-02 09:39:27 [http-nio-8081-exec-9] DEBUG o.a.camel.spring.SpringCamelContext - onApplicationEvent: ServletRequestHandledEvent: url=[/api/integrated-system/codes]; client=[0:0:0:0:0:0:0:1]; method=[GET]; status=[200]; servlet=[dispatcherServlet]; session=[null]; user=[admin@mail.com]; time=[69ms]
2025-11-02 09:39:27 [http-nio-8081-exec-9] DEBUG o.s.w.f.CommonsRequestLoggingFilter - After request [GET /api/integrated-system/codes, client=0:0:0:0:0:0:0:1, user=admin@mail.com]
2025-11-02 09:39:28 [http-nio-8081-exec-6] INFO  c.m.b.k.service.DynamicRouteService - Fetching active routes with pagination
2025-11-02 09:39:28 [http-nio-8081-exec-6] DEBUG o.s.w.f.CommonsRequestLoggingFilter - Before request [GET /api/routes/routes, client=0:0:0:0:0:0:0:1, user=admin@mail.com]
2025-11-02 09:39:28 [http-nio-8081-exec-6] DEBUG o.s.web.servlet.DispatcherServlet - GET "/api/routes/routes", parameters={}
2025-11-02 09:39:28 [http-nio-8081-exec-6] DEBUG o.s.w.s.m.m.a.RequestMappingHandlerMapping - Mapped to com.middleware.backend.kaotocamel.controller.DynamicRouteController#getRoutesForDropdown()
2025-11-02 09:39:28 [http-nio-8081-exec-6] INFO  c.m.b.k.service.DynamicRouteService - Fetching latest active routes for dropdown
2025-11-02 09:39:28 [http-nio-8081-exec-6] INFO  c.m.b.k.service.DynamicRouteService - Found 7 active routes
2025-11-02 09:39:28 [http-nio-8081-exec-6] INFO  c.m.b.k.c.DynamicRouteController - Returning 7 routes for dropdown
2025-11-02 09:39:28 [http-nio-8081-exec-6] DEBUG o.s.w.s.m.m.a.HttpEntityMethodProcessor - Using 'application/json', given [application/json] and supported [application/json, application/*+json, application/yaml]
2025-11-02 09:39:28 [http-nio-8081-exec-6] DEBUG o.s.w.s.m.m.a.HttpEntityMethodProcessor - Writing [[{path=/HealthCenter, routeId=HealthCenter-mapping}, {path=/api/TESTscheled, routeId=TESTscheled}, { (truncated)...]
2025-11-02 09:39:28 [http-nio-8081-exec-6] DEBUG o.s.web.servlet.DispatcherServlet - Completed 200 OK
2025-11-02 09:39:28 [http-nio-8081-exec-6] DEBUG o.a.camel.spring.SpringCamelContext - onApplicationEvent: ServletRequestHandledEvent: url=[/api/routes/routes]; client=[0:0:0:0:0:0:0:1]; method=[GET]; status=[200]; servlet=[dispatcherServlet]; session=[null]; user=[admin@mail.com]; time=[50ms]
2025-11-02 09:39:28 [http-nio-8081-exec-6] DEBUG o.s.w.f.CommonsRequestLoggingFilter - After request [GET /api/routes/routes, client=0:0:0:0:0:0:0:1, user=admin@mail.com]
2025-11-02 09:39:32 [scheduling-1] INFO  c.m.b.k.service.DynamicRouteService - Starting route status sync with Camel context
2025-11-02 09:39:32 [scheduling-1] INFO  c.m.b.k.service.DynamicRouteService - Completed route status sync
2025-11-02 09:40:02 [scheduling-1] INFO  c.m.b.k.service.DynamicRouteService - Starting route status sync with Camel context
2025-11-02 09:40:02 [scheduling-1] INFO  c.m.b.k.service.DynamicRouteService - Completed route status sync
2025-11-02 09:40:26 [http-nio-8081-exec-8] INFO  c.m.b.k.service.DynamicRouteService - Fetching active routes with pagination
2025-11-02 09:40:26 [http-nio-8081-exec-8] DEBUG o.s.w.f.CommonsRequestLoggingFilter - Before request [GET /api/routes/routes, client=0:0:0:0:0:0:0:1, user=admin@mail.com]
2025-11-02 09:40:26 [http-nio-8081-exec-8] DEBUG o.s.web.servlet.DispatcherServlet - GET "/api/routes/routes", parameters={}
2025-11-02 09:40:26 [http-nio-8081-exec-8] DEBUG o.s.w.s.m.m.a.RequestMappingHandlerMapping - Mapped to com.middleware.backend.kaotocamel.controller.DynamicRouteController#getRoutesForDropdown()
2025-11-02 09:40:26 [http-nio-8081-exec-8] INFO  c.m.b.k.service.DynamicRouteService - Fetching latest active routes for dropdown
2025-11-02 09:40:26 [http-nio-8081-exec-8] INFO  c.m.b.k.service.DynamicRouteService - Found 7 active routes
2025-11-02 09:40:26 [http-nio-8081-exec-8] INFO  c.m.b.k.c.DynamicRouteController - Returning 7 routes for dropdown
2025-11-02 09:40:26 [http-nio-8081-exec-8] DEBUG o.s.w.s.m.m.a.HttpEntityMethodProcessor - Using 'application/json', given [application/json] and supported [application/json, application/*+json, application/yaml]
2025-11-02 09:40:26 [http-nio-8081-exec-8] DEBUG o.s.w.s.m.m.a.HttpEntityMethodProcessor - Writing [[{path=/HealthCenter, routeId=HealthCenter-mapping}, {path=/api/TESTscheled, routeId=TESTscheled}, { (truncated)...]
2025-11-02 09:40:26 [http-nio-8081-exec-8] DEBUG o.s.web.servlet.DispatcherServlet - Completed 200 OK
2025-11-02 09:40:26 [http-nio-8081-exec-8] DEBUG o.a.camel.spring.SpringCamelContext - onApplicationEvent: ServletRequestHandledEvent: url=[/api/routes/routes]; client=[0:0:0:0:0:0:0:1]; method=[GET]; status=[200]; servlet=[dispatcherServlet]; session=[null]; user=[admin@mail.com]; time=[203ms]
2025-11-02 09:40:26 [http-nio-8081-exec-8] DEBUG o.s.w.f.CommonsRequestLoggingFilter - After request [GET /api/routes/routes, client=0:0:0:0:0:0:0:1, user=admin@mail.com]
2025-11-02 09:40:29 [http-nio-8081-exec-5] INFO  c.m.b.k.service.DynamicRouteService - Fetching active routes with pagination
2025-11-02 09:40:29 [http-nio-8081-exec-5] DEBUG o.s.w.f.CommonsRequestLoggingFilter - Before request [GET /api/routes/routes, client=0:0:0:0:0:0:0:1, user=admin@mail.com]
2025-11-02 09:40:29 [http-nio-8081-exec-5] DEBUG o.s.web.servlet.DispatcherServlet - GET "/api/routes/routes", parameters={}
2025-11-02 09:40:29 [http-nio-8081-exec-5] DEBUG o.s.w.s.m.m.a.RequestMappingHandlerMapping - Mapped to com.middleware.backend.kaotocamel.controller.DynamicRouteController#getRoutesForDropdown()
2025-11-02 09:40:29 [http-nio-8081-exec-5] INFO  c.m.b.k.service.DynamicRouteService - Fetching latest active routes for dropdown
2025-11-02 09:40:29 [http-nio-8081-exec-5] INFO  c.m.b.k.service.DynamicRouteService - Found 7 active routes
2025-11-02 09:40:29 [http-nio-8081-exec-5] INFO  c.m.b.k.c.DynamicRouteController - Returning 7 routes for dropdown
2025-11-02 09:40:29 [http-nio-8081-exec-5] DEBUG o.s.w.s.m.m.a.HttpEntityMethodProcessor - Using 'application/json', given [application/json] and supported [application/json, application/*+json, application/yaml]
2025-11-02 09:40:29 [http-nio-8081-exec-5] DEBUG o.s.w.s.m.m.a.HttpEntityMethodProcessor - Writing [[{path=/HealthCenter, routeId=HealthCenter-mapping}, {path=/api/TESTscheled, routeId=TESTscheled}, { (truncated)...]
2025-11-02 09:40:29 [http-nio-8081-exec-5] DEBUG o.s.web.servlet.DispatcherServlet - Completed 200 OK
2025-11-02 09:40:29 [http-nio-8081-exec-5] DEBUG o.a.camel.spring.SpringCamelContext - onApplicationEvent: ServletRequestHandledEvent: url=[/api/routes/routes]; client=[0:0:0:0:0:0:0:1]; method=[GET]; status=[200]; servlet=[dispatcherServlet]; session=[null]; user=[admin@mail.com]; time=[84ms]
2025-11-02 09:40:29 [http-nio-8081-exec-5] DEBUG o.s.w.f.CommonsRequestLoggingFilter - After request [GET /api/routes/routes, client=0:0:0:0:0:0:0:1, user=admin@mail.com]
2025-11-02 09:40:32 [scheduling-1] INFO  c.m.b.k.service.DynamicRouteService - Starting route status sync with Camel context
2025-11-02 09:40:32 [scheduling-1] INFO  c.m.b.k.service.DynamicRouteService - Completed route status sync
2025-11-02 09:41:02 [scheduling-1] INFO  c.m.b.k.service.DynamicRouteService - Starting route status sync with Camel context
2025-11-02 09:41:02 [scheduling-1] INFO  c.m.b.k.service.DynamicRouteService - Completed route status sync
2025-11-02 09:41:32 [scheduling-1] INFO  c.m.b.k.service.DynamicRouteService - Starting route status sync with Camel context
2025-11-02 09:41:32 [scheduling-1] INFO  c.m.b.k.service.DynamicRouteService - Completed route status sync
2025-11-02 09:42:02 [scheduling-1] INFO  c.m.b.k.service.DynamicRouteService - Starting route status sync with Camel context
2025-11-02 09:42:02 [scheduling-1] INFO  c.m.b.k.service.DynamicRouteService - Completed route status sync
2025-11-02 09:42:32 [scheduling-1] INFO  c.m.b.k.service.DynamicRouteService - Starting route status sync with Camel context
2025-11-02 09:42:32 [scheduling-1] INFO  c.m.b.k.service.DynamicRouteService - Completed route status sync
2025-11-02 09:43:02 [scheduling-1] INFO  c.m.b.k.service.DynamicRouteService - Starting route status sync with Camel context
2025-11-02 09:43:02 [scheduling-1] INFO  c.m.b.k.service.DynamicRouteService - Completed route status sync
2025-11-02 09:43:32 [scheduling-1] INFO  c.m.b.k.service.DynamicRouteService - Starting route status sync with Camel context
2025-11-02 09:43:32 [scheduling-1] INFO  c.m.b.k.service.DynamicRouteService - Completed route status sync
2025-11-02 09:43:43 [http-nio-8081-exec-1] INFO  c.m.b.k.service.DynamicRouteService - Fetching active routes with pagination
2025-11-02 09:43:43 [http-nio-8081-exec-1] DEBUG o.s.w.f.CommonsRequestLoggingFilter - Before request [GET /api/routes/latest?page=0&size=10&sortBy=updated_at&sortDirection=desc, client=0:0:0:0:0:0:0:1, user=admin@mail.com]
2025-11-02 09:43:43 [http-nio-8081-exec-1] DEBUG o.s.web.servlet.DispatcherServlet - GET "/api/routes/latest?page=0&size=10&sortBy=updated_at&sortDirection=desc", parameters={masked}
2025-11-02 09:43:43 [http-nio-8081-exec-1] DEBUG o.s.w.s.m.m.a.RequestMappingHandlerMapping - Mapped to com.middleware.backend.kaotocamel.controller.DynamicRouteController#getRoutes(String, String, String, String, Boolean, String, String, LocalDateTime, LocalDateTime, String, String, int, int)
2025-11-02 09:43:43 [http-nio-8081-exec-1] DEBUG o.s.w.s.m.m.a.HttpEntityMethodProcessor - Using 'application/json', given [*/*] and supported [application/json, application/*+json, application/yaml]
2025-11-02 09:43:43 [http-nio-8081-exec-1] DEBUG o.s.w.s.m.m.a.HttpEntityMethodProcessor - Writing [Page 1 of 1 containing com.middleware.backend.kaotocamel.model.DynamicRouteEntity instances]
2025-11-02 09:43:43 [http-nio-8081-exec-1] DEBUG o.s.web.servlet.DispatcherServlet - Completed 200 OK
2025-11-02 09:43:43 [http-nio-8081-exec-1] DEBUG o.a.camel.spring.SpringCamelContext - onApplicationEvent: ServletRequestHandledEvent: url=[/api/routes/latest]; client=[0:0:0:0:0:0:0:1]; method=[GET]; status=[200]; servlet=[dispatcherServlet]; session=[null]; user=[admin@mail.com]; time=[161ms]
2025-11-02 09:43:43 [http-nio-8081-exec-1] DEBUG o.s.w.f.CommonsRequestLoggingFilter - After request [GET /api/routes/latest?page=0&size=10&sortBy=updated_at&sortDirection=desc, client=0:0:0:0:0:0:0:1, user=admin@mail.com]
2025-11-02 09:43:55 [http-nio-8081-exec-2] INFO  c.m.b.k.service.DynamicRouteService - Fetching active routes with pagination
2025-11-02 09:43:55 [http-nio-8081-exec-2] DEBUG o.s.w.f.CommonsRequestLoggingFilter - Before request [GET /api/routes/latest?routeId=HealthCenter-mapping&size=1, client=0:0:0:0:0:0:0:1, user=admin@mail.com]
2025-11-02 09:43:55 [http-nio-8081-exec-2] DEBUG o.s.web.servlet.DispatcherServlet - GET "/api/routes/latest?routeId=HealthCenter-mapping&size=1", parameters={masked}
2025-11-02 09:43:55 [http-nio-8081-exec-2] DEBUG o.s.w.s.m.m.a.RequestMappingHandlerMapping - Mapped to com.middleware.backend.kaotocamel.controller.DynamicRouteController#getRoutes(String, String, String, String, Boolean, String, String, LocalDateTime, LocalDateTime, String, String, int, int)
2025-11-02 09:43:55 [http-nio-8081-exec-2] DEBUG o.s.w.s.m.m.a.HttpEntityMethodProcessor - Using 'application/json', given [*/*] and supported [application/json, application/*+json, application/yaml]
2025-11-02 09:43:55 [http-nio-8081-exec-2] DEBUG o.s.w.s.m.m.a.HttpEntityMethodProcessor - Writing [Page 1 of 1 containing com.middleware.backend.kaotocamel.model.DynamicRouteEntity instances]
2025-11-02 09:43:55 [http-nio-8081-exec-2] DEBUG o.s.web.servlet.DispatcherServlet - Completed 200 OK
2025-11-02 09:43:55 [http-nio-8081-exec-2] DEBUG o.a.camel.spring.SpringCamelContext - onApplicationEvent: ServletRequestHandledEvent: url=[/api/routes/latest]; client=[0:0:0:0:0:0:0:1]; method=[GET]; status=[200]; servlet=[dispatcherServlet]; session=[null]; user=[admin@mail.com]; time=[54ms]
2025-11-02 09:43:55 [http-nio-8081-exec-2] DEBUG o.s.w.f.CommonsRequestLoggingFilter - After request [GET /api/routes/latest?routeId=HealthCenter-mapping&size=1, client=0:0:0:0:0:0:0:1, user=admin@mail.com]
2025-11-02 09:43:58 [http-nio-8081-exec-10] INFO  c.m.b.k.service.DynamicRouteService - Fetching active routes with pagination
2025-11-02 09:43:58 [http-nio-8081-exec-10] DEBUG o.s.w.f.CommonsRequestLoggingFilter - Before request [GET /api/routes/latest?routeId=HealthCenter-mapping&size=1, client=0:0:0:0:0:0:0:1, user=admin@mail.com]
2025-11-02 09:43:58 [http-nio-8081-exec-10] DEBUG o.s.web.servlet.DispatcherServlet - GET "/api/routes/latest?routeId=HealthCenter-mapping&size=1", parameters={masked}
2025-11-02 09:43:58 [http-nio-8081-exec-10] DEBUG o.s.w.s.m.m.a.RequestMappingHandlerMapping - Mapped to com.middleware.backend.kaotocamel.controller.DynamicRouteController#getRoutes(String, String, String, String, Boolean, String, String, LocalDateTime, LocalDateTime, String, String, int, int)
2025-11-02 09:43:59 [http-nio-8081-exec-10] DEBUG o.s.w.s.m.m.a.HttpEntityMethodProcessor - Using 'application/json', given [*/*] and supported [application/json, application/*+json, application/yaml]
2025-11-02 09:43:59 [http-nio-8081-exec-10] DEBUG o.s.w.s.m.m.a.HttpEntityMethodProcessor - Writing [Page 1 of 1 containing com.middleware.backend.kaotocamel.model.DynamicRouteEntity instances]
2025-11-02 09:43:59 [http-nio-8081-exec-10] DEBUG o.s.web.servlet.DispatcherServlet - Completed 200 OK
2025-11-02 09:43:59 [http-nio-8081-exec-10] DEBUG o.a.camel.spring.SpringCamelContext - onApplicationEvent: ServletRequestHandledEvent: url=[/api/routes/latest]; client=[0:0:0:0:0:0:0:1]; method=[GET]; status=[200]; servlet=[dispatcherServlet]; session=[null]; user=[admin@mail.com]; time=[75ms]
2025-11-02 09:43:59 [http-nio-8081-exec-10] DEBUG o.s.w.f.CommonsRequestLoggingFilter - After request [GET /api/routes/latest?routeId=HealthCenter-mapping&size=1, client=0:0:0:0:0:0:0:1, user=admin@mail.com]
2025-11-02 09:44:02 [scheduling-1] INFO  c.m.b.k.service.DynamicRouteService - Starting route status sync with Camel context
2025-11-02 09:44:02 [scheduling-1] INFO  c.m.b.k.service.DynamicRouteService - Completed route status sync
2025-11-02 09:44:26 [http-nio-8081-exec-6] INFO  c.m.b.k.service.DynamicRouteService - Fetching active routes with pagination
2025-11-02 09:44:26 [http-nio-8081-exec-6] DEBUG o.s.w.f.CommonsRequestLoggingFilter - Before request [POST /api/routes/create, client=0:0:0:0:0:0:0:1, user=admin@mail.com]
2025-11-02 09:44:26 [http-nio-8081-exec-6] DEBUG o.s.web.servlet.DispatcherServlet - POST "/api/routes/create", parameters={}
2025-11-02 09:44:26 [http-nio-8081-exec-6] DEBUG o.s.w.s.m.m.a.RequestMappingHandlerMapping - Mapped to com.middleware.backend.kaotocamel.controller.DynamicRouteController#create(String, String)
2025-11-02 09:44:26 [http-nio-8081-exec-6] DEBUG o.s.w.s.m.m.a.RequestResponseBodyMethodProcessor - Read "text/plain;charset=UTF-8" to ["- route:<EOL>    id: attr-mapping<EOL>    description: HealthCenter mapping<EOL>    from:<EOL>      uri: rest<EOL>       (truncated)..."]
2025-11-02 09:44:26 [http-nio-8081-exec-6] INFO  c.m.b.k.service.DynamicRouteService - found 0 versions
2025-11-02 09:44:26 [http-nio-8081-exec-6] DEBUG o.a.c.i.engine.AbstractCamelContext - Adding route configurations from builder: Routes: []
2025-11-02 09:44:26 [http-nio-8081-exec-6] DEBUG o.a.c.i.engine.AbstractCamelContext - Adding routes from builder: Routes: []
2025-11-02 09:44:26 [http-nio-8081-exec-6] DEBUG o.a.c.i.e.DefaultUriFactoryResolver - Found EndpointUriFactory: integrationmapping via type: com.middleware.IntegrationMappingEndpointUriFactory via: META-INF/services/org/apache/camel/urifactory/integrationmapping
2025-11-02 09:44:26 [http-nio-8081-exec-6] DEBUG o.a.c.i.e.DefaultUriFactoryResolver - Found EndpointUriFactory: rest via type: org.apache.camel.component.rest.RestEndpointUriFactory via: META-INF/services/org/apache/camel/urifactory/rest
2025-11-02 09:44:26 [http-nio-8081-exec-6] DEBUG o.a.camel.support.DefaultComponent - Creating endpoint uri=[rest://get:/attr], path=[get:/attr]
2025-11-02 09:44:26 [http-nio-8081-exec-6] DEBUG o.a.c.i.engine.AbstractCamelContext - rest://get:/attr converted to endpoint: rest://get:/attr by component: org.apache.camel.component.rest.RestComponent@47fdbd4d
2025-11-02 09:44:26 [http-nio-8081-exec-6] DEBUG o.apache.camel.reifier.RouteReifier - RoutePolicy is enabled: com.middleware.backend.policy.LoggingRoutePolicy@3ffa9355 on route: attr-mapping
2025-11-02 09:44:26 [http-nio-8081-exec-6] DEBUG o.a.c.i.e.InternalRouteStartupManager - Warming up route id: attr-mapping having autoStartup=true
2025-11-02 09:44:26 [http-nio-8081-exec-6] DEBUG o.a.camel.support.DefaultComponent - Creating endpoint uri=[servlet:///attr?httpMethodRestrict=GET], path=[/attr]
2025-11-02 09:44:26 [http-nio-8081-exec-6] DEBUG o.a.c.i.engine.AbstractCamelContext - servlet:///attr?httpMethodRestrict=GET converted to endpoint: servlet:/attr?httpMethodRestrict=GET by component: org.apache.camel.component.servlet.ServletComponent@19a4fdcf
2025-11-02 09:44:26 [http-nio-8081-exec-6] INFO  c.m.IntegrationMappingEndpoint - Creating IntegrationMappingProducer for endpoint: integrationmapping://null?code=default with mapping: null
2025-11-02 09:44:26 [http-nio-8081-exec-6] DEBUG o.a.camel.support.DefaultProducer - Starting producer: Producer[integrationmapping://null?code=default]
2025-11-02 09:44:26 [http-nio-8081-exec-6] DEBUG o.a.c.i.e.InternalRouteStartupManager - Route: attr-mapping >>> Route[rest://get:/attr -> null]
2025-11-02 09:44:26 [http-nio-8081-exec-6] DEBUG o.a.c.i.e.InternalRouteStartupManager - Starting consumer (order: 1014) on route: attr-mapping
2025-11-02 09:44:26 [http-nio-8081-exec-6] DEBUG o.a.camel.support.DefaultConsumer - Build consumer: Consumer[servlet:/attr?httpMethodRestrict=GET]
2025-11-02 09:44:26 [http-nio-8081-exec-6] DEBUG o.a.camel.support.DefaultConsumer - Init consumer: Consumer[servlet:/attr?httpMethodRestrict=GET]
2025-11-02 09:44:26 [http-nio-8081-exec-6] DEBUG o.a.camel.support.DefaultConsumer - Starting consumer: Consumer[servlet:/attr?httpMethodRestrict=GET]
2025-11-02 09:44:26 [http-nio-8081-exec-6] DEBUG o.a.c.h.common.DefaultHttpRegistry - Registering consumer for path /attr providers present: 1
2025-11-02 09:44:26 [http-nio-8081-exec-6] DEBUG o.a.c.c.s.CamelHttpTransportServlet - Connecting consumer: Consumer[servlet:/attr?httpMethodRestrict=GET]
2025-11-02 09:44:26 [http-nio-8081-exec-6] DEBUG o.a.c.i.e.InternalRouteStartupManager - Route: attr-mapping started and consuming from: servlet:/attr
2025-11-02 09:44:26 [http-nio-8081-exec-6] INFO  c.m.b.k.service.DynamicRouteService - Uploaded route attr-mapping version 1
2025-11-02 09:44:26 [http-nio-8081-exec-6] DEBUG o.s.w.s.m.m.a.HttpEntityMethodProcessor - Using 'text/plain', given [*/*] and supported [text/plain, */*, application/json, application/*+json, application/yaml]
2025-11-02 09:44:26 [http-nio-8081-exec-6] DEBUG o.s.w.s.m.m.a.HttpEntityMethodProcessor - Writing ["Route attr-mapping uploaded as version 1"]
2025-11-02 09:44:26 [http-nio-8081-exec-6] DEBUG o.s.web.servlet.DispatcherServlet - Completed 200 OK
2025-11-02 09:44:26 [http-nio-8081-exec-6] DEBUG o.a.camel.spring.SpringCamelContext - onApplicationEvent: ServletRequestHandledEvent: url=[/api/routes/create]; client=[0:0:0:0:0:0:0:1]; method=[POST]; status=[200]; servlet=[dispatcherServlet]; session=[null]; user=[admin@mail.com]; time=[327ms]
2025-11-02 09:44:26 [http-nio-8081-exec-6] DEBUG o.s.w.f.CommonsRequestLoggingFilter - After request [POST /api/routes/create, client=0:0:0:0:0:0:0:1, user=admin@mail.com, payload=- route:
    id: attr-mapping
    description: HealthCenter mapping
    from:
      uri: rest
      parameters:
        method: get
        path: /attr
      steps:
        - to:
            id: to-3694
            uri: integrationmapping
            parameters:
              code: default]
2025-11-02 09:44:26 [http-nio-8081-exec-8] INFO  c.m.b.k.service.DynamicRouteService - Fetching active routes with pagination
2025-11-02 09:44:26 [http-nio-8081-exec-8] DEBUG o.s.w.f.CommonsRequestLoggingFilter - Before request [GET /api/routes/latest?page=0&size=10&sortBy=updated_at&sortDirection=desc, client=0:0:0:0:0:0:0:1, user=admin@mail.com]
2025-11-02 09:44:26 [http-nio-8081-exec-8] DEBUG o.s.web.servlet.DispatcherServlet - GET "/api/routes/latest?page=0&size=10&sortBy=updated_at&sortDirection=desc", parameters={masked}
2025-11-02 09:44:26 [http-nio-8081-exec-8] DEBUG o.s.w.s.m.m.a.RequestMappingHandlerMapping - Mapped to com.middleware.backend.kaotocamel.controller.DynamicRouteController#getRoutes(String, String, String, String, Boolean, String, String, LocalDateTime, LocalDateTime, String, String, int, int)
2025-11-02 09:44:27 [http-nio-8081-exec-8] DEBUG o.s.w.s.m.m.a.HttpEntityMethodProcessor - Using 'application/json', given [*/*] and supported [application/json, application/*+json, application/yaml]
2025-11-02 09:44:27 [http-nio-8081-exec-8] DEBUG o.s.w.s.m.m.a.HttpEntityMethodProcessor - Writing [Page 1 of 1 containing com.middleware.backend.kaotocamel.model.DynamicRouteEntity instances]
2025-11-02 09:44:27 [http-nio-8081-exec-8] DEBUG o.s.web.servlet.DispatcherServlet - Completed 200 OK
2025-11-02 09:44:27 [http-nio-8081-exec-8] DEBUG o.a.camel.spring.SpringCamelContext - onApplicationEvent: ServletRequestHandledEvent: url=[/api/routes/latest]; client=[0:0:0:0:0:0:0:1]; method=[GET]; status=[200]; servlet=[dispatcherServlet]; session=[null]; user=[admin@mail.com]; time=[56ms]
2025-11-02 09:44:27 [http-nio-8081-exec-8] DEBUG o.s.w.f.CommonsRequestLoggingFilter - After request [GET /api/routes/latest?page=0&size=10&sortBy=updated_at&sortDirection=desc, client=0:0:0:0:0:0:0:1, user=admin@mail.com]
2025-11-02 09:44:32 [scheduling-1] INFO  c.m.b.k.service.DynamicRouteService - Starting route status sync with Camel context
2025-11-02 09:44:32 [scheduling-1] INFO  c.m.b.k.service.DynamicRouteService - Completed route status sync
2025-11-02 09:44:38 [http-nio-8081-exec-5] INFO  c.m.b.k.service.DynamicRouteService - Fetching active routes with pagination
2025-11-02 09:44:38 [http-nio-8081-exec-4] INFO  c.m.b.k.service.DynamicRouteService - Fetching active routes with pagination
2025-11-02 09:44:38 [http-nio-8081-exec-3] INFO  c.m.b.k.service.DynamicRouteService - Fetching active routes with pagination
2025-11-02 09:44:38 [http-nio-8081-exec-4] DEBUG o.s.w.f.CommonsRequestLoggingFilter - Before request [GET /api/integrated-apis?page=0&size=10, client=0:0:0:0:0:0:0:1, user=admin@mail.com]
2025-11-02 09:44:38 [http-nio-8081-exec-4] DEBUG o.s.web.servlet.DispatcherServlet - GET "/api/integrated-apis?page=0&size=10", parameters={masked}
2025-11-02 09:44:38 [http-nio-8081-exec-5] DEBUG o.s.w.f.CommonsRequestLoggingFilter - Before request [GET /api/routes/routes, client=0:0:0:0:0:0:0:1, user=admin@mail.com]
2025-11-02 09:44:38 [http-nio-8081-exec-5] DEBUG o.s.web.servlet.DispatcherServlet - GET "/api/routes/routes", parameters={}
2025-11-02 09:44:38 [http-nio-8081-exec-4] DEBUG o.s.w.s.m.m.a.RequestMappingHandlerMapping - Mapped to com.middleware.backend.kaotocamel.controller.IntegratedApiController#findAll(String, String, String, String, String, String, Boolean, String, LocalDateTime, LocalDateTime, LocalDateTime, LocalDateTime, String, Long, Long, int, int, String[])
2025-11-02 09:44:38 [http-nio-8081-exec-5] DEBUG o.s.w.s.m.m.a.RequestMappingHandlerMapping - Mapped to com.middleware.backend.kaotocamel.controller.DynamicRouteController#getRoutesForDropdown()
2025-11-02 09:44:38 [http-nio-8081-exec-5] INFO  c.m.b.k.service.DynamicRouteService - Fetching latest active routes for dropdown
2025-11-02 09:44:38 [http-nio-8081-exec-4] DEBUG c.m.b.k.c.IntegratedApiController - Received sort params: [id, desc]
2025-11-02 09:44:38 [http-nio-8081-exec-4] DEBUG c.m.b.k.c.IntegratedApiController - Handling separated params - field: 'id', direction: 'desc'
2025-11-02 09:44:38 [http-nio-8081-exec-4] DEBUG c.m.b.k.c.IntegratedApiController - Added separated sort order: id DESC
2025-11-02 09:44:38 [http-nio-8081-exec-4] DEBUG c.m.b.k.c.IntegratedApiController - Final sort object: id: DESC
2025-11-02 09:44:38 [http-nio-8081-exec-5] INFO  c.m.b.k.service.DynamicRouteService - Found 8 active routes
2025-11-02 09:44:38 [http-nio-8081-exec-5] INFO  c.m.b.k.c.DynamicRouteController - Returning 8 routes for dropdown
2025-11-02 09:44:38 [http-nio-8081-exec-5] DEBUG o.s.w.s.m.m.a.HttpEntityMethodProcessor - Using 'application/json', given [application/json] and supported [application/json, application/*+json, application/yaml]
2025-11-02 09:44:38 [http-nio-8081-exec-5] DEBUG o.s.w.s.m.m.a.HttpEntityMethodProcessor - Writing [[{path=/HealthCenter, routeId=HealthCenter-mapping}, {path=/api/TESTscheled, routeId=TESTscheled}, { (truncated)...]
2025-11-02 09:44:38 [http-nio-8081-exec-4] DEBUG o.s.w.s.m.m.a.HttpEntityMethodProcessor - Using 'application/json', given [application/json] and supported [application/json, application/*+json, application/yaml]
2025-11-02 09:44:38 [http-nio-8081-exec-4] DEBUG o.s.w.s.m.m.a.HttpEntityMethodProcessor - Writing [Page 1 of 1 containing com.middleware.backend.kaotocamel.dto.IntegratedApiDto instances]
2025-11-02 09:44:38 [http-nio-8081-exec-4] DEBUG o.s.web.servlet.DispatcherServlet - Completed 200 OK
2025-11-02 09:44:38 [http-nio-8081-exec-4] DEBUG o.a.camel.spring.SpringCamelContext - onApplicationEvent: ServletRequestHandledEvent: url=[/api/integrated-apis]; client=[0:0:0:0:0:0:0:1]; method=[GET]; status=[200]; servlet=[dispatcherServlet]; session=[null]; user=[admin@mail.com]; time=[68ms]
2025-11-02 09:44:38 [http-nio-8081-exec-5] DEBUG o.s.web.servlet.DispatcherServlet - Completed 200 OK
2025-11-02 09:44:38 [http-nio-8081-exec-4] DEBUG o.s.w.f.CommonsRequestLoggingFilter - After request [GET /api/integrated-apis?page=0&size=10, client=0:0:0:0:0:0:0:1, user=admin@mail.com]
2025-11-02 09:44:38 [http-nio-8081-exec-5] DEBUG o.a.camel.spring.SpringCamelContext - onApplicationEvent: ServletRequestHandledEvent: url=[/api/routes/routes]; client=[0:0:0:0:0:0:0:1]; method=[GET]; status=[200]; servlet=[dispatcherServlet]; session=[null]; user=[admin@mail.com]; time=[70ms]
2025-11-02 09:44:38 [http-nio-8081-exec-5] DEBUG o.s.w.f.CommonsRequestLoggingFilter - After request [GET /api/routes/routes, client=0:0:0:0:0:0:0:1, user=admin@mail.com]
2025-11-02 09:44:38 [http-nio-8081-exec-3] DEBUG o.s.w.f.CommonsRequestLoggingFilter - Before request [GET /api/integrated-system/codes, client=0:0:0:0:0:0:0:1, user=admin@mail.com]
2025-11-02 09:44:38 [http-nio-8081-exec-3] DEBUG o.s.web.servlet.DispatcherServlet - GET "/api/integrated-system/codes", parameters={}
2025-11-02 09:44:38 [http-nio-8081-exec-3] DEBUG o.s.w.s.m.m.a.RequestMappingHandlerMapping - Mapped to com.middleware.backend.integrated_systems.controller.IntegratedSystemController#getAllCodes()
2025-11-02 09:44:38 [http-nio-8081-exec-3] DEBUG o.s.w.s.m.m.a.HttpEntityMethodProcessor - Using 'application/json', given [application/json] and supported [application/json, application/*+json, application/yaml]
2025-11-02 09:44:38 [http-nio-8081-exec-3] DEBUG o.s.w.s.m.m.a.HttpEntityMethodProcessor - Writing [[DHIS2.1, DHIS2.2]]
2025-11-02 09:44:38 [http-nio-8081-exec-3] DEBUG o.s.web.servlet.DispatcherServlet - Completed 200 OK
2025-11-02 09:44:38 [http-nio-8081-exec-3] DEBUG o.a.camel.spring.SpringCamelContext - onApplicationEvent: ServletRequestHandledEvent: url=[/api/integrated-system/codes]; client=[0:0:0:0:0:0:0:1]; method=[GET]; status=[200]; servlet=[dispatcherServlet]; session=[null]; user=[admin@mail.com]; time=[209ms]
2025-11-02 09:44:38 [http-nio-8081-exec-3] DEBUG o.s.w.f.CommonsRequestLoggingFilter - After request [GET /api/integrated-system/codes, client=0:0:0:0:0:0:0:1, user=admin@mail.com]
2025-11-02 09:44:39 [http-nio-8081-exec-1] INFO  c.m.b.k.service.DynamicRouteService - Fetching active routes with pagination
2025-11-02 09:44:39 [http-nio-8081-exec-1] DEBUG o.s.w.f.CommonsRequestLoggingFilter - Before request [GET /api/routes/routes, client=0:0:0:0:0:0:0:1, user=admin@mail.com]
2025-11-02 09:44:39 [http-nio-8081-exec-1] DEBUG o.s.web.servlet.DispatcherServlet - GET "/api/routes/routes", parameters={}
2025-11-02 09:44:39 [http-nio-8081-exec-1] DEBUG o.s.w.s.m.m.a.RequestMappingHandlerMapping - Mapped to com.middleware.backend.kaotocamel.controller.DynamicRouteController#getRoutesForDropdown()
2025-11-02 09:44:39 [http-nio-8081-exec-1] INFO  c.m.b.k.service.DynamicRouteService - Fetching latest active routes for dropdown
2025-11-02 09:44:39 [http-nio-8081-exec-1] INFO  c.m.b.k.service.DynamicRouteService - Found 8 active routes
2025-11-02 09:44:39 [http-nio-8081-exec-1] INFO  c.m.b.k.c.DynamicRouteController - Returning 8 routes for dropdown
2025-11-02 09:44:39 [http-nio-8081-exec-1] DEBUG o.s.w.s.m.m.a.HttpEntityMethodProcessor - Using 'application/json', given [application/json] and supported [application/json, application/*+json, application/yaml]
2025-11-02 09:44:39 [http-nio-8081-exec-1] DEBUG o.s.w.s.m.m.a.HttpEntityMethodProcessor - Writing [[{path=/HealthCenter, routeId=HealthCenter-mapping}, {path=/api/TESTscheled, routeId=TESTscheled}, { (truncated)...]
2025-11-02 09:44:39 [http-nio-8081-exec-1] DEBUG o.s.web.servlet.DispatcherServlet - Completed 200 OK
2025-11-02 09:44:39 [http-nio-8081-exec-1] DEBUG o.a.camel.spring.SpringCamelContext - onApplicationEvent: ServletRequestHandledEvent: url=[/api/routes/routes]; client=[0:0:0:0:0:0:0:1]; method=[GET]; status=[200]; servlet=[dispatcherServlet]; session=[null]; user=[admin@mail.com]; time=[54ms]
2025-11-02 09:44:39 [http-nio-8081-exec-1] DEBUG o.s.w.f.CommonsRequestLoggingFilter - After request [GET /api/routes/routes, client=0:0:0:0:0:0:0:1, user=admin@mail.com]
2025-11-02 09:45:02 [scheduling-1] INFO  c.m.b.k.service.DynamicRouteService - Starting route status sync with Camel context
2025-11-02 09:45:02 [scheduling-1] INFO  c.m.b.k.service.DynamicRouteService - Completed route status sync
2025-11-02 09:45:07 [http-nio-8081-exec-7] INFO  c.m.b.k.service.DynamicRouteService - Fetching active routes with pagination
2025-11-02 09:45:07 [http-nio-8081-exec-7] DEBUG o.s.w.f.CommonsRequestLoggingFilter - Before request [POST /api/integrated-apis, client=0:0:0:0:0:0:0:1, user=admin@mail.com]
2025-11-02 09:45:07 [http-nio-8081-exec-7] DEBUG o.s.web.servlet.DispatcherServlet - POST "/api/integrated-apis", parameters={}
2025-11-02 09:45:07 [http-nio-8081-exec-7] DEBUG o.s.w.s.m.m.a.RequestMappingHandlerMapping - Mapped to com.middleware.backend.kaotocamel.controller.IntegratedApiController#create(IntegratedApiRequestDto)
2025-11-02 09:45:07 [http-nio-8081-exec-7] DEBUG o.s.w.s.m.m.a.RequestResponseBodyMethodProcessor - Read "application/json;charset=UTF-8" to [IntegratedApiRequestDto(code=meta_data_attr, name=metadata attr, apiUrl=/api/metadata.json?organisat (truncated)...]
2025-11-02 09:45:07 [http-nio-8081-exec-7] INFO  c.m.b.k.service.IntegratedApiService - Creating integrated API with code: meta_data_attr
2025-11-02 09:45:07 [http-nio-8081-exec-7] INFO  c.m.b.k.service.IntegratedApiService - Created integrated API: meta_data_attr (ID: 8)
2025-11-02 09:45:07 [http-nio-8081-exec-7] INFO  c.m.b.k.c.IntegratedApiController - Created integrated API: meta_data_attr
2025-11-02 09:45:07 [http-nio-8081-exec-7] DEBUG o.s.w.s.m.m.a.HttpEntityMethodProcessor - Using 'application/json', given [application/json] and supported [application/json, application/*+json, application/yaml]
2025-11-02 09:45:07 [http-nio-8081-exec-7] DEBUG o.s.w.s.m.m.a.HttpEntityMethodProcessor - Writing [IntegratedApiDto(id=8, code=meta_data_attr, name=metadata attr, apiUrl=/api/metadata.json?organisati (truncated)...]
2025-11-02 09:45:07 [http-nio-8081-exec-7] DEBUG o.s.web.servlet.DispatcherServlet - Completed 201 CREATED
2025-11-02 09:45:07 [http-nio-8081-exec-7] DEBUG o.a.camel.spring.SpringCamelContext - onApplicationEvent: ServletRequestHandledEvent: url=[/api/integrated-apis]; client=[0:0:0:0:0:0:0:1]; method=[POST]; status=[201]; servlet=[dispatcherServlet]; session=[null]; user=[admin@mail.com]; time=[257ms]
2025-11-02 09:45:07 [http-nio-8081-exec-7] DEBUG o.s.w.f.CommonsRequestLoggingFilter - After request [POST /api/integrated-apis, client=0:0:0:0:0:0:0:1, user=admin@mail.com, payload={"code":"meta_data_attr","name":"metadata attr","type":"METADATA","integratedSystem":"DHIS2.2","apiUrl":"/api/metadata.json?organisationUnits=true&fields=id,code,name,displayName,shortName,description,openingDate,closedDate,level,phoneNumber,email,address,url,parent[id,code,name,displayName,level],translations,organisationUnitGroups[id,code,name],lastUpdated,lastUpdatedBy[id,displayName,username],attributeValues[value,attribute[id,code,name]]","description":null,"isActive":true,"boundApiCode":"attr-mapping"}]
2025-11-02 09:45:07 [http-nio-8081-exec-2] INFO  c.m.b.k.service.DynamicRouteService - Fetching active routes with pagination
2025-11-02 09:45:07 [http-nio-8081-exec-10] INFO  c.m.b.k.service.DynamicRouteService - Fetching active routes with pagination
2025-11-02 09:45:08 [http-nio-8081-exec-2] DEBUG o.s.w.f.CommonsRequestLoggingFilter - Before request [GET /api/integrated-apis?page=0&size=10, client=0:0:0:0:0:0:0:1, user=admin@mail.com]
2025-11-02 09:45:08 [http-nio-8081-exec-2] DEBUG o.s.web.servlet.DispatcherServlet - GET "/api/integrated-apis?page=0&size=10", parameters={masked}
2025-11-02 09:45:08 [http-nio-8081-exec-2] DEBUG o.s.w.s.m.m.a.RequestMappingHandlerMapping - Mapped to com.middleware.backend.kaotocamel.controller.IntegratedApiController#findAll(String, String, String, String, String, String, Boolean, String, LocalDateTime, LocalDateTime, LocalDateTime, LocalDateTime, String, Long, Long, int, int, String[])
2025-11-02 09:45:08 [http-nio-8081-exec-2] DEBUG c.m.b.k.c.IntegratedApiController - Received sort params: [id, desc]
2025-11-02 09:45:08 [http-nio-8081-exec-2] DEBUG c.m.b.k.c.IntegratedApiController - Handling separated params - field: 'id', direction: 'desc'
2025-11-02 09:45:08 [http-nio-8081-exec-2] DEBUG c.m.b.k.c.IntegratedApiController - Added separated sort order: id DESC
2025-11-02 09:45:08 [http-nio-8081-exec-2] DEBUG c.m.b.k.c.IntegratedApiController - Final sort object: id: DESC
2025-11-02 09:45:08 [http-nio-8081-exec-10] DEBUG o.s.w.f.CommonsRequestLoggingFilter - Before request [GET /api/integrated-system/codes, client=0:0:0:0:0:0:0:1, user=admin@mail.com]
2025-11-02 09:45:08 [http-nio-8081-exec-10] DEBUG o.s.web.servlet.DispatcherServlet - GET "/api/integrated-system/codes", parameters={}
2025-11-02 09:45:08 [http-nio-8081-exec-10] DEBUG o.s.w.s.m.m.a.RequestMappingHandlerMapping - Mapped to com.middleware.backend.integrated_systems.controller.IntegratedSystemController#getAllCodes()
2025-11-02 09:45:08 [http-nio-8081-exec-2] DEBUG o.s.w.s.m.m.a.HttpEntityMethodProcessor - Using 'application/json', given [application/json] and supported [application/json, application/*+json, application/yaml]
2025-11-02 09:45:08 [http-nio-8081-exec-2] DEBUG o.s.w.s.m.m.a.HttpEntityMethodProcessor - Writing [Page 1 of 1 containing com.middleware.backend.kaotocamel.dto.IntegratedApiDto instances]
2025-11-02 09:45:08 [http-nio-8081-exec-2] DEBUG o.s.web.servlet.DispatcherServlet - Completed 200 OK
2025-11-02 09:45:08 [http-nio-8081-exec-10] DEBUG o.s.w.s.m.m.a.HttpEntityMethodProcessor - Using 'application/json', given [application/json] and supported [application/json, application/*+json, application/yaml]
2025-11-02 09:45:08 [http-nio-8081-exec-2] DEBUG o.a.camel.spring.SpringCamelContext - onApplicationEvent: ServletRequestHandledEvent: url=[/api/integrated-apis]; client=[0:0:0:0:0:0:0:1]; method=[GET]; status=[200]; servlet=[dispatcherServlet]; session=[null]; user=[admin@mail.com]; time=[70ms]
2025-11-02 09:45:08 [http-nio-8081-exec-10] DEBUG o.s.w.s.m.m.a.HttpEntityMethodProcessor - Writing [[DHIS2.1, DHIS2.2]]
2025-11-02 09:45:08 [http-nio-8081-exec-2] DEBUG o.s.w.f.CommonsRequestLoggingFilter - After request [GET /api/integrated-apis?page=0&size=10, client=0:0:0:0:0:0:0:1, user=admin@mail.com]
2025-11-02 09:45:08 [http-nio-8081-exec-10] DEBUG o.s.web.servlet.DispatcherServlet - Completed 200 OK
2025-11-02 09:45:08 [http-nio-8081-exec-10] DEBUG o.a.camel.spring.SpringCamelContext - onApplicationEvent: ServletRequestHandledEvent: url=[/api/integrated-system/codes]; client=[0:0:0:0:0:0:0:1]; method=[GET]; status=[200]; servlet=[dispatcherServlet]; session=[null]; user=[admin@mail.com]; time=[65ms]
2025-11-02 09:45:08 [http-nio-8081-exec-10] DEBUG o.s.w.f.CommonsRequestLoggingFilter - After request [GET /api/integrated-system/codes, client=0:0:0:0:0:0:0:1, user=admin@mail.com]
2025-11-02 09:45:11 [http-nio-8081-exec-6] INFO  c.m.b.k.service.DynamicRouteService - Fetching active routes with pagination
2025-11-02 09:45:11 [http-nio-8081-exec-9] INFO  c.m.b.k.service.DynamicRouteService - Fetching active routes with pagination
2025-11-02 09:45:11 [http-nio-8081-exec-4] INFO  c.m.b.k.service.DynamicRouteService - Fetching active routes with pagination
2025-11-02 09:45:12 [http-nio-8081-exec-4] DEBUG o.s.w.f.CommonsRequestLoggingFilter - Before request [GET /api/integration-mappings?page=0&size=10, client=0:0:0:0:0:0:0:1, user=admin@mail.com]
2025-11-02 09:45:12 [http-nio-8081-exec-9] DEBUG o.s.w.f.CommonsRequestLoggingFilter - Before request [GET /api/integrated-apis?size=1000&isActive=true, client=0:0:0:0:0:0:0:1, user=admin@mail.com]
2025-11-02 09:45:12 [http-nio-8081-exec-4] DEBUG o.s.web.servlet.DispatcherServlet - GET "/api/integration-mappings?page=0&size=10", parameters={masked}
2025-11-02 09:45:12 [http-nio-8081-exec-9] DEBUG o.s.web.servlet.DispatcherServlet - GET "/api/integrated-apis?size=1000&isActive=true", parameters={masked}
2025-11-02 09:45:12 [http-nio-8081-exec-9] DEBUG o.s.w.s.m.m.a.RequestMappingHandlerMapping - Mapped to com.middleware.backend.kaotocamel.controller.IntegratedApiController#findAll(String, String, String, String, String, String, Boolean, String, LocalDateTime, LocalDateTime, LocalDateTime, LocalDateTime, String, Long, Long, int, int, String[])
2025-11-02 09:45:12 [http-nio-8081-exec-4] DEBUG o.s.w.s.m.m.a.RequestMappingHandlerMapping - Mapped to com.middleware.backend.kaotocamel.controller.IntegrationMappingAdminController#findAll(String, Long, String, String, String, String, String, Boolean, String, LocalDateTime, LocalDateTime, LocalDateTime, LocalDateTime, String, Long, Long, String, String, int, int)
2025-11-02 09:45:12 [http-nio-8081-exec-9] DEBUG c.m.b.k.c.IntegratedApiController - Received sort params: [id, desc]
2025-11-02 09:45:12 [http-nio-8081-exec-9] DEBUG c.m.b.k.c.IntegratedApiController - Handling separated params - field: 'id', direction: 'desc'
2025-11-02 09:45:12 [http-nio-8081-exec-4] INFO  c.m.b.k.c.IntegrationMappingAdminController - Final sort: id: ASC
2025-11-02 09:45:12 [http-nio-8081-exec-9] DEBUG c.m.b.k.c.IntegratedApiController - Added separated sort order: id DESC
2025-11-02 09:45:12 [http-nio-8081-exec-9] DEBUG c.m.b.k.c.IntegratedApiController - Final sort object: id: DESC
2025-11-02 09:45:12 [http-nio-8081-exec-8] INFO  c.m.b.k.service.DynamicRouteService - Fetching active routes with pagination
2025-11-02 09:45:12 [http-nio-8081-exec-4] DEBUG c.m.b.k.s.IntegrationMappingService - Searching with advanced filters - dynamicRouteId: null, integratedApiId: null, mappingType: null
2025-11-02 09:45:12 [http-nio-8081-exec-9] DEBUG o.s.w.s.m.m.a.HttpEntityMethodProcessor - Using 'application/json', given [application/json] and supported [application/json, application/*+json, application/yaml]
2025-11-02 09:45:12 [http-nio-8081-exec-9] DEBUG o.s.w.s.m.m.a.HttpEntityMethodProcessor - Writing [Page 1 of 1 containing com.middleware.backend.kaotocamel.dto.IntegratedApiDto instances]
2025-11-02 09:45:12 [http-nio-8081-exec-9] DEBUG o.s.web.servlet.DispatcherServlet - Completed 200 OK
2025-11-02 09:45:12 [http-nio-8081-exec-9] DEBUG o.a.camel.spring.SpringCamelContext - onApplicationEvent: ServletRequestHandledEvent: url=[/api/integrated-apis]; client=[0:0:0:0:0:0:0:1]; method=[GET]; status=[200]; servlet=[dispatcherServlet]; session=[null]; user=[admin@mail.com]; time=[79ms]
2025-11-02 09:45:12 [http-nio-8081-exec-9] DEBUG o.s.w.f.CommonsRequestLoggingFilter - After request [GET /api/integrated-apis?size=1000&isActive=true, client=0:0:0:0:0:0:0:1, user=admin@mail.com]
2025-11-02 09:45:12 [http-nio-8081-exec-4] DEBUG c.m.b.k.s.IntegrationMappingService - Found 10 results out of 22 total
2025-11-02 09:45:12 [http-nio-8081-exec-4] DEBUG o.s.w.s.m.m.a.HttpEntityMethodProcessor - Using 'application/json', given [application/json] and supported [application/json, application/*+json, application/yaml]
2025-11-02 09:45:12 [http-nio-8081-exec-4] DEBUG o.s.w.s.m.m.a.HttpEntityMethodProcessor - Writing [Page 1 of 3 containing com.middleware.backend.kaotocamel.dto.IntegrationMappingDto instances]
2025-11-02 09:45:12 [http-nio-8081-exec-4] DEBUG o.s.web.servlet.DispatcherServlet - Completed 200 OK
2025-11-02 09:45:12 [http-nio-8081-exec-4] DEBUG o.a.camel.spring.SpringCamelContext - onApplicationEvent: ServletRequestHandledEvent: url=[/api/integration-mappings]; client=[0:0:0:0:0:0:0:1]; method=[GET]; status=[200]; servlet=[dispatcherServlet]; session=[null]; user=[admin@mail.com]; time=[83ms]
2025-11-02 09:45:12 [http-nio-8081-exec-4] DEBUG o.s.w.f.CommonsRequestLoggingFilter - After request [GET /api/integration-mappings?page=0&size=10, client=0:0:0:0:0:0:0:1, user=admin@mail.com]
2025-11-02 09:45:12 [http-nio-8081-exec-6] DEBUG o.s.w.f.CommonsRequestLoggingFilter - Before request [GET /api/routes/routes, client=0:0:0:0:0:0:0:1, user=admin@mail.com]
2025-11-02 09:45:12 [http-nio-8081-exec-6] DEBUG o.s.web.servlet.DispatcherServlet - GET "/api/routes/routes", parameters={}
2025-11-02 09:45:12 [http-nio-8081-exec-6] DEBUG o.s.w.s.m.m.a.RequestMappingHandlerMapping - Mapped to com.middleware.backend.kaotocamel.controller.DynamicRouteController#getRoutesForDropdown()
2025-11-02 09:45:12 [http-nio-8081-exec-6] INFO  c.m.b.k.service.DynamicRouteService - Fetching latest active routes for dropdown
2025-11-02 09:45:12 [http-nio-8081-exec-6] INFO  c.m.b.k.service.DynamicRouteService - Found 8 active routes
2025-11-02 09:45:12 [http-nio-8081-exec-6] INFO  c.m.b.k.c.DynamicRouteController - Returning 8 routes for dropdown
2025-11-02 09:45:12 [http-nio-8081-exec-6] DEBUG o.s.w.s.m.m.a.HttpEntityMethodProcessor - Using 'application/json', given [application/json] and supported [application/json, application/*+json, application/yaml]
2025-11-02 09:45:12 [http-nio-8081-exec-6] DEBUG o.s.w.s.m.m.a.HttpEntityMethodProcessor - Writing [[{path=/HealthCenter, routeId=HealthCenter-mapping}, {path=/api/TESTscheled, routeId=TESTscheled}, { (truncated)...]
2025-11-02 09:45:12 [http-nio-8081-exec-6] DEBUG o.s.web.servlet.DispatcherServlet - Completed 200 OK
2025-11-02 09:45:12 [http-nio-8081-exec-6] DEBUG o.a.camel.spring.SpringCamelContext - onApplicationEvent: ServletRequestHandledEvent: url=[/api/routes/routes]; client=[0:0:0:0:0:0:0:1]; method=[GET]; status=[200]; servlet=[dispatcherServlet]; session=[null]; user=[admin@mail.com]; time=[59ms]
2025-11-02 09:45:12 [http-nio-8081-exec-6] DEBUG o.s.w.f.CommonsRequestLoggingFilter - After request [GET /api/routes/routes, client=0:0:0:0:0:0:0:1, user=admin@mail.com]
2025-11-02 09:45:12 [http-nio-8081-exec-8] DEBUG o.s.w.f.CommonsRequestLoggingFilter - Before request [GET /api/integration-mappings/mapping-types, client=0:0:0:0:0:0:0:1, user=admin@mail.com]
2025-11-02 09:45:12 [http-nio-8081-exec-8] DEBUG o.s.web.servlet.DispatcherServlet - GET "/api/integration-mappings/mapping-types", parameters={}
2025-11-02 09:45:12 [http-nio-8081-exec-8] DEBUG o.s.w.s.m.m.a.RequestMappingHandlerMapping - Mapped to com.middleware.backend.kaotocamel.controller.IntegrationMappingAdminController#getMappingTypes()
2025-11-02 09:45:12 [http-nio-8081-exec-8] DEBUG o.s.w.s.m.m.a.HttpEntityMethodProcessor - Using 'application/json', given [application/json] and supported [application/json, application/*+json, application/yaml]
2025-11-02 09:45:12 [http-nio-8081-exec-8] DEBUG o.s.w.s.m.m.a.HttpEntityMethodProcessor - Writing [[DATA_ELEMENT, DATA_ELEMENT_WITH_DISAGGREGATION, INDICATOR]]
2025-11-02 09:45:12 [http-nio-8081-exec-8] DEBUG o.s.web.servlet.DispatcherServlet - Completed 200 OK
2025-11-02 09:45:12 [http-nio-8081-exec-8] DEBUG o.a.camel.spring.SpringCamelContext - onApplicationEvent: ServletRequestHandledEvent: url=[/api/integration-mappings/mapping-types]; client=[0:0:0:0:0:0:0:1]; method=[GET]; status=[200]; servlet=[dispatcherServlet]; session=[null]; user=[admin@mail.com]; time=[3ms]
2025-11-02 09:45:12 [http-nio-8081-exec-8] DEBUG o.s.w.f.CommonsRequestLoggingFilter - After request [GET /api/integration-mappings/mapping-types, client=0:0:0:0:0:0:0:1, user=admin@mail.com]
2025-11-02 09:45:32 [scheduling-1] INFO  c.m.b.k.service.DynamicRouteService - Starting route status sync with Camel context
2025-11-02 09:45:32 [scheduling-1] INFO  c.m.b.k.service.DynamicRouteService - Completed route status sync
2025-11-02 09:46:02 [scheduling-1] INFO  c.m.b.k.service.DynamicRouteService - Starting route status sync with Camel context
2025-11-02 09:46:02 [scheduling-1] INFO  c.m.b.k.service.DynamicRouteService - Completed route status sync
2025-11-02 09:46:32 [scheduling-1] INFO  c.m.b.k.service.DynamicRouteService - Starting route status sync with Camel context
2025-11-02 09:46:32 [scheduling-1] INFO  c.m.b.k.service.DynamicRouteService - Completed route status sync
2025-11-02 09:47:02 [scheduling-1] INFO  c.m.b.k.service.DynamicRouteService - Starting route status sync with Camel context
2025-11-02 09:47:02 [scheduling-1] INFO  c.m.b.k.service.DynamicRouteService - Completed route status sync
2025-11-02 09:47:32 [scheduling-1] INFO  c.m.b.k.service.DynamicRouteService - Starting route status sync with Camel context
2025-11-02 09:47:32 [scheduling-1] INFO  c.m.b.k.service.DynamicRouteService - Completed route status sync
2025-11-02 09:48:02 [scheduling-1] INFO  c.m.b.k.service.DynamicRouteService - Starting route status sync with Camel context
2025-11-02 09:48:02 [scheduling-1] INFO  c.m.b.k.service.DynamicRouteService - Completed route status sync
2025-11-02 09:48:32 [scheduling-1] INFO  c.m.b.k.service.DynamicRouteService - Starting route status sync with Camel context
2025-11-02 09:48:32 [scheduling-1] INFO  c.m.b.k.service.DynamicRouteService - Completed route status sync
2025-11-02 09:49:02 [scheduling-1] INFO  c.m.b.k.service.DynamicRouteService - Starting route status sync with Camel context
2025-11-02 09:49:02 [scheduling-1] INFO  c.m.b.k.service.DynamicRouteService - Completed route status sync
2025-11-02 09:49:32 [scheduling-1] INFO  c.m.b.k.service.DynamicRouteService - Starting route status sync with Camel context
2025-11-02 09:49:32 [scheduling-1] INFO  c.m.b.k.service.DynamicRouteService - Completed route status sync
2025-11-02 09:50:02 [scheduling-1] INFO  c.m.b.k.service.DynamicRouteService - Starting route status sync with Camel context
2025-11-02 09:50:02 [scheduling-1] INFO  c.m.b.k.service.DynamicRouteService - Completed route status sync
2025-11-02 09:50:32 [scheduling-1] INFO  c.m.b.k.service.DynamicRouteService - Starting route status sync with Camel context
2025-11-02 09:50:32 [scheduling-1] INFO  c.m.b.k.service.DynamicRouteService - Completed route status sync
2025-11-02 09:51:02 [scheduling-1] INFO  c.m.b.k.service.DynamicRouteService - Starting route status sync with Camel context
2025-11-02 09:51:02 [scheduling-1] INFO  c.m.b.k.service.DynamicRouteService - Completed route status sync
2025-11-02 09:51:22 [http-nio-8081-exec-2] INFO  c.m.b.k.service.DynamicRouteService - Fetching active routes with pagination
2025-11-02 09:51:22 [http-nio-8081-exec-2] DEBUG o.s.w.f.CommonsRequestLoggingFilter - Before request [POST /api/integration-mappings, client=0:0:0:0:0:0:0:1, user=admin@mail.com]
2025-11-02 09:51:22 [http-nio-8081-exec-2] DEBUG o.s.web.servlet.DispatcherServlet - POST "/api/integration-mappings", parameters={}
2025-11-02 09:51:22 [http-nio-8081-exec-2] DEBUG o.s.w.s.m.m.a.RequestMappingHandlerMapping - Mapped to com.middleware.backend.kaotocamel.controller.IntegrationMappingAdminController#create(IntegrationMappingRequestDto)
2025-11-02 09:51:22 [http-nio-8081-exec-2] DEBUG o.s.w.s.m.m.a.RequestResponseBodyMethodProcessor - Read "application/json;charset=UTF-8" to [IntegrationMappingRequestDto(dynamicRouteId=attr-mapping, integratedApiId=7, mappingType=DATA_ELEMEN (truncated)...]
2025-11-02 09:51:23 [http-nio-8081-exec-2] INFO  c.m.b.k.s.IntegrationMappingService - Creating integration mapping for Dynamic Route: attr-mapping
2025-11-02 09:51:23 [http-nio-8081-exec-2] INFO  c.m.b.k.s.IntegrationMappingService - Created integration mapping: attr-mapping -> TEST
2025-11-02 09:51:23 [http-nio-8081-exec-2] INFO  c.m.b.k.c.IntegrationMappingAdminController - Created integration mapping: attr-mapping -> TEST
2025-11-02 09:51:23 [http-nio-8081-exec-2] DEBUG o.s.w.s.m.m.a.HttpEntityMethodProcessor - Using 'application/json', given [application/json] and supported [application/json, application/*+json, application/yaml]
2025-11-02 09:51:23 [http-nio-8081-exec-2] DEBUG o.s.w.s.m.m.a.HttpEntityMethodProcessor - Writing [IntegrationMappingDto(id=23, dynamicRouteId=attr-mapping, integratedApiId=null, integratedApiCode=AT (truncated)...]
2025-11-02 09:51:23 [http-nio-8081-exec-2] DEBUG o.s.web.servlet.DispatcherServlet - Completed 201 CREATED
2025-11-02 09:51:23 [http-nio-8081-exec-2] DEBUG o.a.camel.spring.SpringCamelContext - onApplicationEvent: ServletRequestHandledEvent: url=[/api/integration-mappings]; client=[0:0:0:0:0:0:0:1]; method=[POST]; status=[201]; servlet=[dispatcherServlet]; session=[null]; user=[admin@mail.com]; time=[132ms]
2025-11-02 09:51:23 [http-nio-8081-exec-2] DEBUG o.s.w.f.CommonsRequestLoggingFilter - After request [POST /api/integration-mappings, client=0:0:0:0:0:0:0:1, user=admin@mail.com, payload={"dynamicRouteId":"attr-mapping","integratedApiId":7,"mappingType":"DATA_ELEMENT_WITH_DISAGGREGATION","data":"xvHA0fLRcyX.M0TzDNQdeju","externalKey":"TEST","attribute":null,"isActive":true,"notes":null}]
2025-11-02 09:51:23 [http-nio-8081-exec-4] INFO  c.m.b.k.service.DynamicRouteService - Fetching active routes with pagination
2025-11-02 09:51:23 [http-nio-8081-exec-9] INFO  c.m.b.k.service.DynamicRouteService - Fetching active routes with pagination
2025-11-02 09:51:23 [http-nio-8081-exec-4] DEBUG o.s.w.f.CommonsRequestLoggingFilter - Before request [GET /api/routes/routes, client=0:0:0:0:0:0:0:1, user=admin@mail.com]
2025-11-02 09:51:23 [http-nio-8081-exec-4] DEBUG o.s.web.servlet.DispatcherServlet - GET "/api/routes/routes", parameters={}
2025-11-02 09:51:23 [http-nio-8081-exec-4] DEBUG o.s.w.s.m.m.a.RequestMappingHandlerMapping - Mapped to com.middleware.backend.kaotocamel.controller.DynamicRouteController#getRoutesForDropdown()
2025-11-02 09:51:23 [http-nio-8081-exec-4] INFO  c.m.b.k.service.DynamicRouteService - Fetching latest active routes for dropdown
2025-11-02 09:51:23 [http-nio-8081-exec-9] DEBUG o.s.w.f.CommonsRequestLoggingFilter - Before request [GET /api/integration-mappings?page=0&size=10, client=0:0:0:0:0:0:0:1, user=admin@mail.com]
2025-11-02 09:51:23 [http-nio-8081-exec-9] DEBUG o.s.web.servlet.DispatcherServlet - GET "/api/integration-mappings?page=0&size=10", parameters={masked}
2025-11-02 09:51:23 [http-nio-8081-exec-9] DEBUG o.s.w.s.m.m.a.RequestMappingHandlerMapping - Mapped to com.middleware.backend.kaotocamel.controller.IntegrationMappingAdminController#findAll(String, Long, String, String, String, String, String, Boolean, String, LocalDateTime, LocalDateTime, LocalDateTime, LocalDateTime, String, Long, Long, String, String, int, int)
2025-11-02 09:51:23 [http-nio-8081-exec-9] INFO  c.m.b.k.c.IntegrationMappingAdminController - Final sort: id: ASC
2025-11-02 09:51:23 [http-nio-8081-exec-9] DEBUG c.m.b.k.s.IntegrationMappingService - Searching with advanced filters - dynamicRouteId: null, integratedApiId: null, mappingType: null
2025-11-02 09:51:23 [http-nio-8081-exec-4] INFO  c.m.b.k.service.DynamicRouteService - Found 8 active routes
2025-11-02 09:51:23 [http-nio-8081-exec-4] INFO  c.m.b.k.c.DynamicRouteController - Returning 8 routes for dropdown
2025-11-02 09:51:23 [http-nio-8081-exec-4] DEBUG o.s.w.s.m.m.a.HttpEntityMethodProcessor - Using 'application/json', given [application/json] and supported [application/json, application/*+json, application/yaml]
2025-11-02 09:51:23 [http-nio-8081-exec-4] DEBUG o.s.w.s.m.m.a.HttpEntityMethodProcessor - Writing [[{path=/HealthCenter, routeId=HealthCenter-mapping}, {path=/api/TESTscheled, routeId=TESTscheled}, { (truncated)...]
2025-11-02 09:51:23 [http-nio-8081-exec-4] DEBUG o.s.web.servlet.DispatcherServlet - Completed 200 OK
2025-11-02 09:51:23 [http-nio-8081-exec-4] DEBUG o.a.camel.spring.SpringCamelContext - onApplicationEvent: ServletRequestHandledEvent: url=[/api/routes/routes]; client=[0:0:0:0:0:0:0:1]; method=[GET]; status=[200]; servlet=[dispatcherServlet]; session=[null]; user=[admin@mail.com]; time=[94ms]
2025-11-02 09:51:23 [http-nio-8081-exec-4] DEBUG o.s.w.f.CommonsRequestLoggingFilter - After request [GET /api/routes/routes, client=0:0:0:0:0:0:0:1, user=admin@mail.com]
2025-11-02 09:51:23 [http-nio-8081-exec-9] DEBUG c.m.b.k.s.IntegrationMappingService - Found 10 results out of 23 total
2025-11-02 09:51:23 [http-nio-8081-exec-9] DEBUG o.s.w.s.m.m.a.HttpEntityMethodProcessor - Using 'application/json', given [application/json] and supported [application/json, application/*+json, application/yaml]
2025-11-02 09:51:23 [http-nio-8081-exec-9] DEBUG o.s.w.s.m.m.a.HttpEntityMethodProcessor - Writing [Page 1 of 3 containing com.middleware.backend.kaotocamel.dto.IntegrationMappingDto instances]
2025-11-02 09:51:23 [http-nio-8081-exec-9] DEBUG o.s.web.servlet.DispatcherServlet - Completed 200 OK
2025-11-02 09:51:23 [http-nio-8081-exec-9] DEBUG o.a.camel.spring.SpringCamelContext - onApplicationEvent: ServletRequestHandledEvent: url=[/api/integration-mappings]; client=[0:0:0:0:0:0:0:1]; method=[GET]; status=[200]; servlet=[dispatcherServlet]; session=[null]; user=[admin@mail.com]; time=[97ms]
2025-11-02 09:51:23 [http-nio-8081-exec-9] DEBUG o.s.w.f.CommonsRequestLoggingFilter - After request [GET /api/integration-mappings?page=0&size=10, client=0:0:0:0:0:0:0:1, user=admin@mail.com]
2025-11-02 09:51:27 [http-nio-8081-exec-7] INFO  c.m.b.k.service.DynamicRouteService - Fetching active routes with pagination
2025-11-02 09:51:27 [http-nio-8081-exec-3] INFO  c.m.b.k.service.DynamicRouteService - Fetching active routes with pagination
2025-11-02 09:51:27 [http-nio-8081-exec-7] DEBUG o.s.w.f.CommonsRequestLoggingFilter - Before request [GET /api/role/user, client=0:0:0:0:0:0:0:1, user=admin@mail.com]
2025-11-02 09:51:27 [http-nio-8081-exec-7] DEBUG o.s.web.servlet.DispatcherServlet - GET "/api/role/user", parameters={}
2025-11-02 09:51:27 [http-nio-8081-exec-7] DEBUG o.s.w.s.m.m.a.RequestMappingHandlerMapping - Mapped to com.middleware.backend.users.Roles.controller.RoleController#getAllRolesForUsers()
2025-11-02 09:51:27 [http-nio-8081-exec-3] DEBUG o.s.w.f.CommonsRequestLoggingFilter - Before request [GET /api/user?page=0&size=10&sortedBy=updatedAt&sortDirection=desc, client=0:0:0:0:0:0:0:1, user=admin@mail.com]
2025-11-02 09:51:27 [http-nio-8081-exec-3] DEBUG o.s.web.servlet.DispatcherServlet - GET "/api/user?page=0&size=10&sortedBy=updatedAt&sortDirection=desc", parameters={masked}
2025-11-02 09:51:27 [http-nio-8081-exec-3] DEBUG o.s.w.s.m.m.a.RequestMappingHandlerMapping - Mapped to com.middleware.backend.users.controller.UserController#getAllUsers(Long, String, String, String, String, String, LocalDate, LocalDate, String, String, int, int)
2025-11-02 09:51:27 [http-nio-8081-exec-7] DEBUG o.s.w.s.m.m.a.HttpEntityMethodProcessor - Using 'application/json', given [application/json, text/javascript, */*;q=0.01] and supported [application/json, application/*+json, application/yaml]
2025-11-02 09:51:27 [http-nio-8081-exec-7] DEBUG o.s.w.s.m.m.a.HttpEntityMethodProcessor - Writing [[RoleRequest(id=1, roleName=ADMIN, roleType=USER), RoleRequest(id=107, roleName=EMAIL_SENDER, roleTy (truncated)...]
2025-11-02 09:51:27 [http-nio-8081-exec-7] DEBUG o.s.web.servlet.DispatcherServlet - Completed 200 OK
2025-11-02 09:51:27 [http-nio-8081-exec-7] DEBUG o.a.camel.spring.SpringCamelContext - onApplicationEvent: ServletRequestHandledEvent: url=[/api/role/user]; client=[0:0:0:0:0:0:0:1]; method=[GET]; status=[200]; servlet=[dispatcherServlet]; session=[null]; user=[admin@mail.com]; time=[136ms]
2025-11-02 09:51:27 [http-nio-8081-exec-7] DEBUG o.s.w.f.CommonsRequestLoggingFilter - After request [GET /api/role/user, client=0:0:0:0:0:0:0:1, user=admin@mail.com]
2025-11-02 09:51:27 [http-nio-8081-exec-3] DEBUG o.s.w.s.m.m.a.HttpEntityMethodProcessor - Using 'application/json', given [*/*] and supported [application/json, application/*+json, application/yaml]
2025-11-02 09:51:27 [http-nio-8081-exec-3] DEBUG o.s.w.s.m.m.a.HttpEntityMethodProcessor - Writing [Page 1 of 1 containing com.middleware.backend.users.dto.UserResponse instances]
2025-11-02 09:51:27 [http-nio-8081-exec-3] DEBUG o.s.web.servlet.DispatcherServlet - Completed 200 OK
2025-11-02 09:51:27 [http-nio-8081-exec-3] DEBUG o.a.camel.spring.SpringCamelContext - onApplicationEvent: ServletRequestHandledEvent: url=[/api/user]; client=[0:0:0:0:0:0:0:1]; method=[GET]; status=[200]; servlet=[dispatcherServlet]; session=[null]; user=[admin@mail.com]; time=[160ms]
2025-11-02 09:51:27 [http-nio-8081-exec-3] DEBUG o.s.w.f.CommonsRequestLoggingFilter - After request [GET /api/user?page=0&size=10&sortedBy=updatedAt&sortDirection=desc, client=0:0:0:0:0:0:0:1, user=admin@mail.com]
2025-11-02 09:51:32 [http-nio-8081-exec-5] INFO  c.m.b.k.service.DynamicRouteService - Fetching active routes with pagination
2025-11-02 09:51:32 [scheduling-1] INFO  c.m.b.k.service.DynamicRouteService - Starting route status sync with Camel context
2025-11-02 09:51:32 [scheduling-1] INFO  c.m.b.k.service.DynamicRouteService - Completed route status sync
2025-11-02 09:51:32 [http-nio-8081-exec-5] DEBUG o.s.w.f.CommonsRequestLoggingFilter - Before request [POST /api/auth/token?id=42&expirationDays=30, client=0:0:0:0:0:0:0:1, user=admin@mail.com]
2025-11-02 09:51:32 [http-nio-8081-exec-5] DEBUG o.s.web.servlet.DispatcherServlet - POST "/api/auth/token?id=42&expirationDays=30", parameters={masked}
2025-11-02 09:51:32 [http-nio-8081-exec-5] DEBUG o.s.w.s.m.m.a.RequestMappingHandlerMapping - Mapped to com.middleware.backend.users.auth.AuthController#generateToken(Long, Integer, String)
2025-11-02 09:51:32 [http-nio-8081-exec-5] DEBUG o.s.w.s.m.m.a.HttpEntityMethodProcessor - Using 'application/json', given [*/*] and supported [application/json, application/*+json, application/yaml]
2025-11-02 09:51:32 [http-nio-8081-exec-5] DEBUG o.s.w.s.m.m.a.HttpEntityMethodProcessor - Writing [AuthController.AuthResponse(token=eyJhbGciOiJIUzI1NiJ9.eyJzdWIiOiJoZWFsdGhtYXBAbWFpbC5jb20iLCJpYXQiO (truncated)...]
2025-11-02 09:51:32 [http-nio-8081-exec-5] DEBUG o.s.web.servlet.DispatcherServlet - Completed 200 OK
2025-11-02 09:51:32 [http-nio-8081-exec-5] DEBUG o.a.camel.spring.SpringCamelContext - onApplicationEvent: ServletRequestHandledEvent: url=[/api/auth/token]; client=[0:0:0:0:0:0:0:1]; method=[POST]; status=[200]; servlet=[dispatcherServlet]; session=[null]; user=[admin@mail.com]; time=[72ms]
2025-11-02 09:51:32 [http-nio-8081-exec-5] DEBUG o.s.w.f.CommonsRequestLoggingFilter - After request [POST /api/auth/token?id=42&expirationDays=30, client=0:0:0:0:0:0:0:1, user=admin@mail.com]
2025-11-02 09:51:36 [http-nio-8081-exec-2] INFO  c.m.b.k.service.DynamicRouteService - Fetching active routes with pagination
2025-11-02 09:51:36 [http-nio-8081-exec-2] DEBUG o.s.w.f.CommonsRequestLoggingFilter - Before request [GET /api/role?roleName=&roleType=&page=0&size=10&sortedBy=updatedAt&sortDirection=desc, client=0:0:0:0:0:0:0:1, user=admin@mail.com]
2025-11-02 09:51:36 [http-nio-8081-exec-2] DEBUG o.s.web.servlet.DispatcherServlet - GET "/api/role?roleName=&roleType=&page=0&size=10&sortedBy=updatedAt&sortDirection=desc", parameters={masked}
2025-11-02 09:51:36 [http-nio-8081-exec-2] DEBUG o.s.w.s.m.m.a.RequestMappingHandlerMapping - Mapped to com.middleware.backend.users.Roles.controller.RoleController#getAllRoles(String, String, String, String, int, int)
2025-11-02 09:51:36 [http-nio-8081-exec-2] DEBUG o.s.w.s.m.m.a.HttpEntityMethodProcessor - Using 'application/json', given [*/*] and supported [application/json, application/*+json, application/yaml]
2025-11-02 09:51:36 [http-nio-8081-exec-2] DEBUG o.s.w.s.m.m.a.HttpEntityMethodProcessor - Writing [Page 1 of 1 containing com.middleware.backend.users.Roles.model.Role instances]
2025-11-02 09:51:36 [http-nio-8081-exec-2] DEBUG o.s.web.servlet.DispatcherServlet - Completed 200 OK
2025-11-02 09:51:36 [http-nio-8081-exec-2] DEBUG o.a.camel.spring.SpringCamelContext - onApplicationEvent: ServletRequestHandledEvent: url=[/api/role]; client=[0:0:0:0:0:0:0:1]; method=[GET]; status=[200]; servlet=[dispatcherServlet]; session=[null]; user=[admin@mail.com]; time=[191ms]
2025-11-02 09:51:36 [http-nio-8081-exec-2] DEBUG o.s.w.f.CommonsRequestLoggingFilter - After request [GET /api/role?roleName=&roleType=&page=0&size=10&sortedBy=updatedAt&sortDirection=desc, client=0:0:0:0:0:0:0:1, user=admin@mail.com]
2025-11-02 09:51:41 [http-nio-8081-exec-9] INFO  c.m.b.k.service.DynamicRouteService - Fetching active routes with pagination
2025-11-02 09:51:42 [http-nio-8081-exec-9] DEBUG o.s.w.f.CommonsRequestLoggingFilter - Before request [GET /api/routespermissions, client=0:0:0:0:0:0:0:1, user=admin@mail.com]
2025-11-02 09:51:42 [http-nio-8081-exec-9] DEBUG o.s.web.servlet.DispatcherServlet - GET "/api/routespermissions", parameters={}
2025-11-02 09:51:42 [http-nio-8081-exec-9] DEBUG o.s.w.s.m.m.a.RequestMappingHandlerMapping - Mapped to com.middleware.backend.users.Roles.controller.RoutesPermissionsController#getAll()
2025-11-02 09:51:42 [http-nio-8081-exec-9] DEBUG o.s.w.s.m.m.a.HttpEntityMethodProcessor - Using 'application/json', given [*/*] and supported [application/json, application/*+json, application/yaml]
2025-11-02 09:51:42 [http-nio-8081-exec-9] DEBUG o.s.w.s.m.m.a.HttpEntityMethodProcessor - Writing [java.util.stream.ReferencePipeline$3@11e2a2c9]
2025-11-02 09:51:42 [http-nio-8081-exec-9] DEBUG o.s.web.servlet.DispatcherServlet - Completed 200 OK
2025-11-02 09:51:42 [http-nio-8081-exec-9] DEBUG o.a.camel.spring.SpringCamelContext - onApplicationEvent: ServletRequestHandledEvent: url=[/api/routespermissions]; client=[0:0:0:0:0:0:0:1]; method=[GET]; status=[200]; servlet=[dispatcherServlet]; session=[null]; user=[admin@mail.com]; time=[72ms]
2025-11-02 09:51:42 [http-nio-8081-exec-9] DEBUG o.s.w.f.CommonsRequestLoggingFilter - After request [GET /api/routespermissions, client=0:0:0:0:0:0:0:1, user=admin@mail.com]
2025-11-02 09:51:44 [http-nio-8081-exec-8] INFO  c.m.b.k.service.DynamicRouteService - Fetching active routes with pagination
2025-11-02 09:51:44 [http-nio-8081-exec-8] DEBUG o.s.w.f.CommonsRequestLoggingFilter - Before request [PATCH /api/routespermissions/healthmap, client=0:0:0:0:0:0:0:1, user=admin@mail.com]
2025-11-02 09:51:44 [http-nio-8081-exec-8] DEBUG o.s.web.servlet.DispatcherServlet - PATCH "/api/routespermissions/healthmap", parameters={}
2025-11-02 09:51:44 [http-nio-8081-exec-8] DEBUG o.s.w.s.m.m.a.RequestMappingHandlerMapping - Mapped to com.middleware.backend.users.Roles.controller.RoutesPermissionsController#editPermissions(String, PermissionEditDto)
2025-11-02 09:51:44 [http-nio-8081-exec-8] DEBUG o.s.w.s.m.m.a.RequestResponseBodyMethodProcessor - Read "application/json;charset=UTF-8" to [PermissionEditDto(roleName=healthmap, permissions=[my-new-route, dhis2-hakeem-route, my-new-route-ne (truncated)...]
2025-11-02 09:51:44 [http-nio-8081-exec-8] DEBUG o.s.w.s.m.m.a.HttpEntityMethodProcessor - Using 'text/plain', given [*/*] and supported [text/plain, */*, application/json, application/*+json, application/yaml]
2025-11-02 09:51:44 [http-nio-8081-exec-8] DEBUG o.s.w.s.m.m.a.HttpEntityMethodProcessor - Writing ["Permissions updated successfully"]
2025-11-02 09:51:44 [http-nio-8081-exec-8] DEBUG o.s.web.servlet.DispatcherServlet - Completed 200 OK
2025-11-02 09:51:44 [http-nio-8081-exec-8] DEBUG o.a.camel.spring.SpringCamelContext - onApplicationEvent: ServletRequestHandledEvent: url=[/api/routespermissions/healthmap]; client=[0:0:0:0:0:0:0:1]; method=[PATCH]; status=[200]; servlet=[dispatcherServlet]; session=[null]; user=[admin@mail.com]; time=[197ms]
2025-11-02 09:51:44 [http-nio-8081-exec-8] DEBUG o.s.w.f.CommonsRequestLoggingFilter - After request [PATCH /api/routespermissions/healthmap, client=0:0:0:0:0:0:0:1, user=admin@mail.com, payload={"roleName":"healthmap","permissions":["my-new-route","dhis2-hakeem-route","my-new-route-new","integration-mapping-dynamic-route","integration-mapping-test","my-new-rote","integration-mapping","integration-mapping-tes","TESTscheled","HealthCenter-mapping","dhis2-upload-csv","dhis2-upload-csv-sync-raw-only","attr-mapping"]}]
2025-11-02 09:51:45 [http-nio-8081-exec-7] INFO  c.m.b.k.service.DynamicRouteService - Fetching active routes with pagination
2025-11-02 09:51:45 [http-nio-8081-exec-7] DEBUG o.s.w.f.CommonsRequestLoggingFilter - Before request [GET /api/role?roleName=&roleType=&page=0&size=10&sortedBy=updatedAt&sortDirection=desc, client=0:0:0:0:0:0:0:1, user=admin@mail.com]
2025-11-02 09:51:45 [http-nio-8081-exec-7] DEBUG o.s.web.servlet.DispatcherServlet - GET "/api/role?roleName=&roleType=&page=0&size=10&sortedBy=updatedAt&sortDirection=desc", parameters={masked}
2025-11-02 09:51:45 [http-nio-8081-exec-7] DEBUG o.s.w.s.m.m.a.RequestMappingHandlerMapping - Mapped to com.middleware.backend.users.Roles.controller.RoleController#getAllRoles(String, String, String, String, int, int)
2025-11-02 09:51:45 [http-nio-8081-exec-7] DEBUG o.s.w.s.m.m.a.HttpEntityMethodProcessor - Using 'application/json', given [*/*] and supported [application/json, application/*+json, application/yaml]
2025-11-02 09:51:45 [http-nio-8081-exec-7] DEBUG o.s.w.s.m.m.a.HttpEntityMethodProcessor - Writing [Page 1 of 1 containing com.middleware.backend.users.Roles.model.Role instances]
2025-11-02 09:51:45 [http-nio-8081-exec-7] DEBUG o.s.web.servlet.DispatcherServlet - Completed 200 OK
2025-11-02 09:51:45 [http-nio-8081-exec-7] DEBUG o.a.camel.spring.SpringCamelContext - onApplicationEvent: ServletRequestHandledEvent: url=[/api/role]; client=[0:0:0:0:0:0:0:1]; method=[GET]; status=[200]; servlet=[dispatcherServlet]; session=[null]; user=[admin@mail.com]; time=[83ms]
2025-11-02 09:51:45 [http-nio-8081-exec-7] DEBUG o.s.w.f.CommonsRequestLoggingFilter - After request [GET /api/role?roleName=&roleType=&page=0&size=10&sortedBy=updatedAt&sortDirection=desc, client=0:0:0:0:0:0:0:1, user=admin@mail.com]
2025-11-02 09:51:46 [http-nio-8081-exec-1] INFO  c.m.b.k.service.DynamicRouteService - Fetching active routes with pagination
2025-11-02 09:51:46 [http-nio-8081-exec-3] INFO  c.m.b.k.service.DynamicRouteService - Fetching active routes with pagination
2025-11-02 09:51:46 [http-nio-8081-exec-1] DEBUG o.s.w.f.CommonsRequestLoggingFilter - Before request [GET /api/user?page=0&size=10&sortedBy=updatedAt&sortDirection=desc, client=0:0:0:0:0:0:0:1, user=admin@mail.com]
2025-11-02 09:51:46 [http-nio-8081-exec-1] DEBUG o.s.web.servlet.DispatcherServlet - GET "/api/user?page=0&size=10&sortedBy=updatedAt&sortDirection=desc", parameters={masked}
2025-11-02 09:51:46 [http-nio-8081-exec-1] DEBUG o.s.w.s.m.m.a.RequestMappingHandlerMapping - Mapped to com.middleware.backend.users.controller.UserController#getAllUsers(Long, String, String, String, String, String, LocalDate, LocalDate, String, String, int, int)
2025-11-02 09:51:46 [http-nio-8081-exec-3] DEBUG o.s.w.f.CommonsRequestLoggingFilter - Before request [GET /api/role/user, client=0:0:0:0:0:0:0:1, user=admin@mail.com]
2025-11-02 09:51:46 [http-nio-8081-exec-3] DEBUG o.s.web.servlet.DispatcherServlet - GET "/api/role/user", parameters={}
2025-11-02 09:51:46 [http-nio-8081-exec-3] DEBUG o.s.w.s.m.m.a.RequestMappingHandlerMapping - Mapped to com.middleware.backend.users.Roles.controller.RoleController#getAllRolesForUsers()
2025-11-02 09:51:46 [http-nio-8081-exec-3] DEBUG o.s.w.s.m.m.a.HttpEntityMethodProcessor - Using 'application/json', given [application/json, text/javascript, */*;q=0.01] and supported [application/json, application/*+json, application/yaml]
2025-11-02 09:51:46 [http-nio-8081-exec-3] DEBUG o.s.w.s.m.m.a.HttpEntityMethodProcessor - Writing [[RoleRequest(id=1, roleName=ADMIN, roleType=USER), RoleRequest(id=107, roleName=EMAIL_SENDER, roleTy (truncated)...]
2025-11-02 09:51:46 [http-nio-8081-exec-3] DEBUG o.s.web.servlet.DispatcherServlet - Completed 200 OK
2025-11-02 09:51:46 [http-nio-8081-exec-3] DEBUG o.a.camel.spring.SpringCamelContext - onApplicationEvent: ServletRequestHandledEvent: url=[/api/role/user]; client=[0:0:0:0:0:0:0:1]; method=[GET]; status=[200]; servlet=[dispatcherServlet]; session=[null]; user=[admin@mail.com]; time=[78ms]
2025-11-02 09:51:46 [http-nio-8081-exec-3] DEBUG o.s.w.f.CommonsRequestLoggingFilter - After request [GET /api/role/user, client=0:0:0:0:0:0:0:1, user=admin@mail.com]
2025-11-02 09:51:46 [http-nio-8081-exec-1] DEBUG o.s.w.s.m.m.a.HttpEntityMethodProcessor - Using 'application/json', given [*/*] and supported [application/json, application/*+json, application/yaml]
2025-11-02 09:51:46 [http-nio-8081-exec-1] DEBUG o.s.w.s.m.m.a.HttpEntityMethodProcessor - Writing [Page 1 of 1 containing com.middleware.backend.users.dto.UserResponse instances]
2025-11-02 09:51:46 [http-nio-8081-exec-1] DEBUG o.s.web.servlet.DispatcherServlet - Completed 200 OK
2025-11-02 09:51:46 [http-nio-8081-exec-1] DEBUG o.a.camel.spring.SpringCamelContext - onApplicationEvent: ServletRequestHandledEvent: url=[/api/user]; client=[0:0:0:0:0:0:0:1]; method=[GET]; status=[200]; servlet=[dispatcherServlet]; session=[null]; user=[admin@mail.com]; time=[196ms]
2025-11-02 09:51:46 [http-nio-8081-exec-1] DEBUG o.s.w.f.CommonsRequestLoggingFilter - After request [GET /api/user?page=0&size=10&sortedBy=updatedAt&sortDirection=desc, client=0:0:0:0:0:0:0:1, user=admin@mail.com]
2025-11-02 09:51:51 [http-nio-8081-exec-10] INFO  c.m.b.k.service.DynamicRouteService - Fetching active routes with pagination
2025-11-02 09:51:51 [http-nio-8081-exec-10] DEBUG o.s.w.f.CommonsRequestLoggingFilter - Before request [GET /api/user/42, client=0:0:0:0:0:0:0:1, user=admin@mail.com]
2025-11-02 09:51:51 [http-nio-8081-exec-10] DEBUG o.s.web.servlet.DispatcherServlet - GET "/api/user/42", parameters={}
2025-11-02 09:51:51 [http-nio-8081-exec-10] DEBUG o.s.w.s.m.m.a.RequestMappingHandlerMapping - Mapped to com.middleware.backend.users.controller.UserController#getUserById(Long)
2025-11-02 09:51:51 [http-nio-8081-exec-10] DEBUG o.s.w.s.m.m.a.HttpEntityMethodProcessor - Using 'application/json', given [*/*] and supported [application/json, application/*+json, application/yaml]
2025-11-02 09:51:51 [http-nio-8081-exec-10] DEBUG o.s.w.s.m.m.a.HttpEntityMethodProcessor - Writing [UserResponse(id=42, userName=healthmap, email=healthmap@mail.com, status=ACTIVE, createdBy=admin@mai (truncated)...]
2025-11-02 09:51:51 [http-nio-8081-exec-10] DEBUG o.s.web.servlet.DispatcherServlet - Completed 200 OK
2025-11-02 09:51:51 [http-nio-8081-exec-10] DEBUG o.a.camel.spring.SpringCamelContext - onApplicationEvent: ServletRequestHandledEvent: url=[/api/user/42]; client=[0:0:0:0:0:0:0:1]; method=[GET]; status=[200]; servlet=[dispatcherServlet]; session=[null]; user=[admin@mail.com]; time=[65ms]
2025-11-02 09:51:51 [http-nio-8081-exec-10] DEBUG o.s.w.f.CommonsRequestLoggingFilter - After request [GET /api/user/42, client=0:0:0:0:0:0:0:1, user=admin@mail.com]
2025-11-02 09:51:54 [http-nio-8081-exec-2] INFO  c.m.b.k.service.DynamicRouteService - Fetching active routes with pagination
2025-11-02 09:51:54 [http-nio-8081-exec-2] DEBUG o.s.w.f.CommonsRequestLoggingFilter - Before request [POST /api/auth/token?id=42&expirationDays=30, client=0:0:0:0:0:0:0:1, user=admin@mail.com]
2025-11-02 09:51:54 [http-nio-8081-exec-2] DEBUG o.s.web.servlet.DispatcherServlet - POST "/api/auth/token?id=42&expirationDays=30", parameters={masked}
2025-11-02 09:51:54 [http-nio-8081-exec-2] DEBUG o.s.w.s.m.m.a.RequestMappingHandlerMapping - Mapped to com.middleware.backend.users.auth.AuthController#generateToken(Long, Integer, String)
2025-11-02 09:51:54 [http-nio-8081-exec-2] DEBUG o.s.w.s.m.m.a.HttpEntityMethodProcessor - Using 'application/json', given [*/*] and supported [application/json, application/*+json, application/yaml]
2025-11-02 09:51:54 [http-nio-8081-exec-2] DEBUG o.s.w.s.m.m.a.HttpEntityMethodProcessor - Writing [AuthController.AuthResponse(token=eyJhbGciOiJIUzI1NiJ9.eyJzdWIiOiJoZWFsdGhtYXBAbWFpbC5jb20iLCJpYXQiO (truncated)...]
2025-11-02 09:51:54 [http-nio-8081-exec-2] DEBUG o.s.web.servlet.DispatcherServlet - Completed 200 OK
2025-11-02 09:51:54 [http-nio-8081-exec-2] DEBUG o.a.camel.spring.SpringCamelContext - onApplicationEvent: ServletRequestHandledEvent: url=[/api/auth/token]; client=[0:0:0:0:0:0:0:1]; method=[POST]; status=[200]; servlet=[dispatcherServlet]; session=[null]; user=[admin@mail.com]; time=[180ms]
2025-11-02 09:51:54 [http-nio-8081-exec-2] DEBUG o.s.w.f.CommonsRequestLoggingFilter - After request [POST /api/auth/token?id=42&expirationDays=30, client=0:0:0:0:0:0:0:1, user=admin@mail.com]
2025-11-02 09:51:58 [http-nio-8081-exec-4] INFO  c.m.b.k.service.DynamicRouteService - Fetching active routes with pagination
2025-11-02 09:51:58 [http-nio-8081-exec-4] DEBUG o.s.w.f.CommonsRequestLoggingFilter - Before request [GET /api/user/42, client=0:0:0:0:0:0:0:1, user=admin@mail.com]
2025-11-02 09:51:58 [http-nio-8081-exec-4] DEBUG o.s.web.servlet.DispatcherServlet - GET "/api/user/42", parameters={}
2025-11-02 09:51:58 [http-nio-8081-exec-4] DEBUG o.s.w.s.m.m.a.RequestMappingHandlerMapping - Mapped to com.middleware.backend.users.controller.UserController#getUserById(Long)
2025-11-02 09:51:58 [http-nio-8081-exec-4] DEBUG o.s.w.s.m.m.a.HttpEntityMethodProcessor - Using 'application/json', given [*/*] and supported [application/json, application/*+json, application/yaml]
2025-11-02 09:51:58 [http-nio-8081-exec-4] DEBUG o.s.w.s.m.m.a.HttpEntityMethodProcessor - Writing [UserResponse(id=42, userName=healthmap, email=healthmap@mail.com, status=ACTIVE, createdBy=admin@mai (truncated)...]
2025-11-02 09:51:58 [http-nio-8081-exec-4] DEBUG o.s.web.servlet.DispatcherServlet - Completed 200 OK
2025-11-02 09:51:58 [http-nio-8081-exec-4] DEBUG o.a.camel.spring.SpringCamelContext - onApplicationEvent: ServletRequestHandledEvent: url=[/api/user/42]; client=[0:0:0:0:0:0:0:1]; method=[GET]; status=[200]; servlet=[dispatcherServlet]; session=[null]; user=[admin@mail.com]; time=[58ms]
2025-11-02 09:51:58 [http-nio-8081-exec-4] DEBUG o.s.w.f.CommonsRequestLoggingFilter - After request [GET /api/user/42, client=0:0:0:0:0:0:0:1, user=admin@mail.com]
2025-11-02 09:52:02 [scheduling-1] INFO  c.m.b.k.service.DynamicRouteService - Starting route status sync with Camel context
2025-11-02 09:52:02 [scheduling-1] INFO  c.m.b.k.service.DynamicRouteService - Completed route status sync
2025-11-02 09:52:32 [scheduling-1] INFO  c.m.b.k.service.DynamicRouteService - Starting route status sync with Camel context
2025-11-02 09:52:32 [scheduling-1] INFO  c.m.b.k.service.DynamicRouteService - Completed route status sync
2025-11-02 09:53:02 [scheduling-1] INFO  c.m.b.k.service.DynamicRouteService - Starting route status sync with Camel context
2025-11-02 09:53:02 [scheduling-1] INFO  c.m.b.k.service.DynamicRouteService - Completed route status sync
2025-11-02 09:53:06 [http-nio-8081-exec-7] INFO  c.m.b.k.service.DynamicRouteService - Fetching active routes with pagination
2025-11-02 09:53:32 [scheduling-1] INFO  c.m.b.k.service.DynamicRouteService - Starting route status sync with Camel context
2025-11-02 09:53:32 [scheduling-1] INFO  c.m.b.k.service.DynamicRouteService - Completed route status sync
2025-11-02 09:53:43 [http-nio-8081-exec-3] INFO  c.m.b.k.service.DynamicRouteService - Fetching active routes with pagination
2025-11-02 09:53:49 [http-nio-8081-exec-1] INFO  c.m.b.k.service.DynamicRouteService - Fetching active routes with pagination
2025-11-02 09:53:50 [http-nio-8081-exec-1] DEBUG o.s.w.f.CommonsRequestLoggingFilter - Before request [GET /api/routes/latest?page=0&size=10&sortBy=updated_at&sortDirection=desc, client=0:0:0:0:0:0:0:1, user=admin@mail.com]
2025-11-02 09:53:50 [http-nio-8081-exec-1] DEBUG o.s.web.servlet.DispatcherServlet - GET "/api/routes/latest?page=0&size=10&sortBy=updated_at&sortDirection=desc", parameters={masked}
2025-11-02 09:53:50 [http-nio-8081-exec-1] DEBUG o.s.w.s.m.m.a.RequestMappingHandlerMapping - Mapped to com.middleware.backend.kaotocamel.controller.DynamicRouteController#getRoutes(String, String, String, String, Boolean, String, String, LocalDateTime, LocalDateTime, String, String, int, int)
2025-11-02 09:53:50 [http-nio-8081-exec-1] DEBUG o.s.w.s.m.m.a.HttpEntityMethodProcessor - Using 'application/json', given [*/*] and supported [application/json, application/*+json, application/yaml]
2025-11-02 09:53:50 [http-nio-8081-exec-1] DEBUG o.s.w.s.m.m.a.HttpEntityMethodProcessor - Writing [Page 1 of 1 containing com.middleware.backend.kaotocamel.model.DynamicRouteEntity instances]
2025-11-02 09:53:50 [http-nio-8081-exec-1] DEBUG o.s.web.servlet.DispatcherServlet - Completed 200 OK
2025-11-02 09:53:50 [http-nio-8081-exec-1] DEBUG o.a.camel.spring.SpringCamelContext - onApplicationEvent: ServletRequestHandledEvent: url=[/api/routes/latest]; client=[0:0:0:0:0:0:0:1]; method=[GET]; status=[200]; servlet=[dispatcherServlet]; session=[null]; user=[admin@mail.com]; time=[71ms]
2025-11-02 09:53:50 [http-nio-8081-exec-1] DEBUG o.s.w.f.CommonsRequestLoggingFilter - After request [GET /api/routes/latest?page=0&size=10&sortBy=updated_at&sortDirection=desc, client=0:0:0:0:0:0:0:1, user=admin@mail.com]
2025-11-02 09:53:53 [http-nio-8081-exec-10] INFO  c.m.b.k.service.DynamicRouteService - Fetching active routes with pagination
2025-11-02 09:53:53 [http-nio-8081-exec-10] DEBUG o.s.w.f.CommonsRequestLoggingFilter - Before request [GET /api/routes/latest?routeId=attr-mapping&size=1, client=0:0:0:0:0:0:0:1, user=admin@mail.com]
2025-11-02 09:53:53 [http-nio-8081-exec-10] DEBUG o.s.web.servlet.DispatcherServlet - GET "/api/routes/latest?routeId=attr-mapping&size=1", parameters={masked}
2025-11-02 09:53:53 [http-nio-8081-exec-10] DEBUG o.s.w.s.m.m.a.RequestMappingHandlerMapping - Mapped to com.middleware.backend.kaotocamel.controller.DynamicRouteController#getRoutes(String, String, String, String, Boolean, String, String, LocalDateTime, LocalDateTime, String, String, int, int)
2025-11-02 09:53:53 [http-nio-8081-exec-10] DEBUG o.s.w.s.m.m.a.HttpEntityMethodProcessor - Using 'application/json', given [*/*] and supported [application/json, application/*+json, application/yaml]
2025-11-02 09:53:53 [http-nio-8081-exec-10] DEBUG o.s.w.s.m.m.a.HttpEntityMethodProcessor - Writing [Page 1 of 1 containing com.middleware.backend.kaotocamel.model.DynamicRouteEntity instances]
2025-11-02 09:53:53 [http-nio-8081-exec-10] DEBUG o.s.web.servlet.DispatcherServlet - Completed 200 OK
2025-11-02 09:53:53 [http-nio-8081-exec-10] DEBUG o.a.camel.spring.SpringCamelContext - onApplicationEvent: ServletRequestHandledEvent: url=[/api/routes/latest]; client=[0:0:0:0:0:0:0:1]; method=[GET]; status=[200]; servlet=[dispatcherServlet]; session=[null]; user=[admin@mail.com]; time=[62ms]
2025-11-02 09:53:53 [http-nio-8081-exec-10] DEBUG o.s.w.f.CommonsRequestLoggingFilter - After request [GET /api/routes/latest?routeId=attr-mapping&size=1, client=0:0:0:0:0:0:0:1, user=admin@mail.com]
2025-11-02 09:54:00 [http-nio-8081-exec-2] INFO  c.m.b.k.service.DynamicRouteService - Fetching active routes with pagination
2025-11-02 09:54:02 [scheduling-1] INFO  c.m.b.k.service.DynamicRouteService - Starting route status sync with Camel context
2025-11-02 09:54:02 [scheduling-1] INFO  c.m.b.k.service.DynamicRouteService - Completed route status sync
2025-11-02 09:54:12 [http-nio-8081-exec-4] INFO  c.m.b.k.service.DynamicRouteService - Fetching active routes with pagination
2025-11-02 09:54:12 [http-nio-8081-exec-4] INFO  c.m.b.k.service.DynamicRouteService - Fetching active routes with pagination
2025-11-02 09:54:12 [http-nio-8081-exec-4] DEBUG o.s.w.f.CommonsRequestLoggingFilter - Before request [GET /camel/attr?transactionUUID=c0370d69-c47e-4446-a63e-b296410aada8&pe=202505;202507, client=0:0:0:0:0:0:0:1, user=healthmap@mail.com]
2025-11-02 09:54:12 [http-nio-8081-exec-4] INFO  c.m.b.policy.LoggingRoutePolicy - LoggingRoutePolicy.onExchangeBegin: Route [attr-mapping] - Incoming exchange: D02D46E03F89905-0000000000000000
2025-11-02 09:54:12 [http-nio-8081-exec-4] DEBUG c.m.b.l.s.MiddlewareApiCallLogService - createTransactionSync... creating log for Route [attr-mapping] - Exchange content: {CamelCharsetName=UTF-8}
2025-11-02 09:54:12 [http-nio-8081-exec-4] DEBUG c.m.b.l.s.MiddlewareApiCallLogService - UUID validation passed for: c0370d69-c47e-4446-a63e-b296410aada8
2025-11-02 09:54:12 [http-nio-8081-exec-4] DEBUG c.m.b.l.s.MiddlewareApiCallLogService - First attempt for new UUID: c0370d69-c47e-4446-a63e-b296410aada8
2025-11-02 09:54:12 [http-nio-8081-exec-4] INFO  c.m.b.policy.LoggingRoutePolicy - LoggingRoutePolicy.onExchangeBegin: Route [attr-mapping] - call log created with ID 231
2025-11-02 09:54:12 [http-nio-8081-exec-4] DEBUG o.a.camel.processor.SendProcessor - >>>> integrationmapping://null?code=default Exchange[D02D46E03F89905-0000000000000000]
2025-11-02 09:54:12 [http-nio-8081-exec-4] INFO  c.m.IntegrationMappingProducer - Processing Integration Mapping for routeId: attr-mapping
2025-11-02 09:54:12 [http-nio-8081-exec-4] INFO  c.m.IntegrationMappingProducer - Built request - RouteID: attr-mapping, pe: 202505;202507, ou: null, dhis2Code: null, UUID: c0370d69-c47e-4446-a63e-b296410aada8
2025-11-02 09:54:12 [http-nio-8081-exec-4] INFO  c.m.b.c.IntegrationMappingConfiguration - Processing mapping for API: attr-mapping
2025-11-02 09:54:12 [http-nio-8081-exec-4] INFO  c.m.b.k.s.MiddlewareProcessorService - Processing middleware request for Route ID: attr-mapping with period: 202505;202507, ou: null
2025-11-02 09:54:12 [http-nio-8081-exec-4] DEBUG c.m.b.k.s.MiddlewareProcessorService - Request parameters - ou: null, pe: 202505;202507
2025-11-02 09:54:12 [http-nio-8081-exec-4] INFO  c.m.b.k.s.MiddlewareProcessorService - Grouped 1 mappings into 1 API calls
2025-11-02 09:54:12 [http-nio-8081-exec-4] INFO  c.m.b.k.s.MiddlewareProcessorService - Fetching org units metadata using integratedSystem: DHIS2.2
2025-11-02 09:54:12 [http-nio-8081-exec-4] INFO  c.m.b.k.service.Dhis2ClientService - Fetching metadata using integratedSystem: DHIS2.2 (from metadata API)
2025-11-02 09:54:12 [http-nio-8081-exec-4] DEBUG o.s.web.client.RestTemplate - HTTP GET https://hmis-dev.moh.gov.jo/dwh/api/metadata.json?organisationUnits=true&fields=id,code,name,displayName,shortName,description,openingDate,closedDate,level,phoneNumber,email,address,url,parent%5Bid,code,name,displayName,level%5D,translations,organisationUnitGroups%5Bid,code,name%5D,lastUpdated,lastUpdatedBy%5Bid,displayName,username%5D,attributeValues%5Bvalue,attribute%5Bid,code,name%5D%5D
2025-11-02 09:54:12 [http-nio-8081-exec-4] DEBUG o.s.web.client.RestTemplate - Accept=[text/plain, application/json, application/yaml, application/*+json, */*]
2025-11-02 09:54:15 [http-nio-8081-exec-4] DEBUG o.s.web.client.RestTemplate - Response 200 OK
2025-11-02 09:54:15 [http-nio-8081-exec-4] DEBUG o.s.web.client.RestTemplate - Reading to [java.lang.String] as "application/json;charset=UTF-8"
2025-11-02 09:54:16 [http-nio-8081-exec-4] INFO  c.m.b.k.service.Dhis2ClientService - Fetched 2201 org units from metadata API (integratedSystem: DHIS2.2)
2025-11-02 09:54:16 [http-nio-8081-exec-4] INFO  c.m.b.k.s.MiddlewareProcessorService - Executing call for API: ATTR-API (ANALYTICS) using integratedSystem: DHIS2.2
2025-11-02 09:54:16 [http-nio-8081-exec-4] DEBUG c.m.b.k.s.MiddlewareProcessorService - API flags - useOuFromRequest: false, usePeFromRequest: false
2025-11-02 09:54:16 [http-nio-8081-exec-4] INFO  c.m.b.k.service.Dhis2ClientService - Using DHIS2 settings: integratedSystem=DHIS2.2, baseUrl=HTTPS://hmis-dev.moh.gov.jo/dwh
2025-11-02 09:54:16 [http-nio-8081-exec-4] DEBUG c.m.b.k.service.Dhis2ClientService - Built Analytics URL with flags (useOu=false, usePe=false): /api/analytics.json?dimension=dx:xvHA0fLRcyX&dimension=ou:CI1vsTW2OMP&dimension=pe:202505;202506&dimension=UedUhlkhYWX:M0TzDNQdeju&UedUhlkhYWX=M0TzDNQdeju
2025-11-02 09:54:16 [http-nio-8081-exec-4] DEBUG o.s.web.client.RestTemplate - HTTP GET https://hmis-dev.moh.gov.jo/dwh/api/analytics.json?dimension=dx:xvHA0fLRcyX&dimension=ou:CI1vsTW2OMP&dimension=pe:202505;202506&dimension=UedUhlkhYWX:M0TzDNQdeju&UedUhlkhYWX=M0TzDNQdeju
2025-11-02 09:54:16 [http-nio-8081-exec-4] DEBUG o.s.web.client.RestTemplate - Accept=[text/plain, application/json, application/yaml, application/*+json, */*]
2025-11-02 09:54:17 [http-nio-8081-exec-4] DEBUG o.s.web.client.RestTemplate - Response 200 OK
2025-11-02 09:54:17 [http-nio-8081-exec-4] DEBUG o.s.web.client.RestTemplate - Reading to [java.lang.String] as "application/json;charset=UTF-8"
2025-11-02 09:54:17 [http-nio-8081-exec-4] INFO  c.m.b.k.s.MiddlewareProcessorService - Detected attribute dimension: UedUhlkhYWX at index 3
2025-11-02 09:54:17 [http-nio-8081-exec-4] INFO  c.m.b.k.s.MiddlewareProcessorService - Built middleware response with 1 org units
2025-11-02 09:54:17 [http-nio-8081-exec-4] INFO  c.m.b.c.IntegrationMappingConfiguration - Mapping processed successfully for API: attr-mapping with 1 rows
2025-11-02 09:54:17 [http-nio-8081-exec-4] DEBUG o.a.c.http.common.DefaultHttpBinding - Streaming response in chunked mode with buffer size 8192
2025-11-02 09:54:17 [http-nio-8081-exec-4] DEBUG o.s.w.f.CommonsRequestLoggingFilter - After request [GET /camel/attr?transactionUUID=c0370d69-c47e-4446-a63e-b296410aada8&pe=202505;202507, client=0:0:0:0:0:0:0:1, user=healthmap@mail.com, payload={
  "email": "system.admin@middleware.local",
  "password": "Admin@12345"
}
]
2025-11-02 09:54:17 [task-1] DEBUG c.m.b.l.s.MiddlewareApiCallLogService - updateTransaction... updating Route [servlet:/attr?httpMethodRestrict=GET] - Exchange content: {transactionUUID=c0370d69-c47e-4446-a63e-b296410aada8, mapping.success=true, CamelCharsetName=UTF-8, mapping.status=SUCCESS, CamelToEndpoint=integrationmapping://null?code=default, apiLogId=231}
2025-11-02 09:54:17 [task-1] INFO  c.m.b.l.s.MiddlewareApiCallLogService - Transaction 35ec551a-2fe3-4a2c-969d-5906daf968f7 for routeId: attr-mapping updated successfully: status=COMPLETED, responseCode=200
2025-11-02 09:54:32 [scheduling-1] INFO  c.m.b.k.service.DynamicRouteService - Starting route status sync with Camel context
2025-11-02 09:54:32 [scheduling-1] INFO  c.m.b.k.service.DynamicRouteService - Completed route status sync
2025-11-02 09:54:38 [http-nio-8081-exec-6] INFO  c.m.b.k.service.DynamicRouteService - Fetching active routes with pagination
2025-11-02 09:54:38 [http-nio-8081-exec-9] INFO  c.m.b.k.service.DynamicRouteService - Fetching active routes with pagination
2025-11-02 09:54:38 [http-nio-8081-exec-8] INFO  c.m.b.k.service.DynamicRouteService - Fetching active routes with pagination
2025-11-02 09:54:38 [http-nio-8081-exec-9] DEBUG o.s.w.f.CommonsRequestLoggingFilter - Before request [GET /api/integrated-apis?page=0&size=10, client=0:0:0:0:0:0:0:1, user=admin@mail.com]
2025-11-02 09:54:38 [http-nio-8081-exec-9] DEBUG o.s.web.servlet.DispatcherServlet - GET "/api/integrated-apis?page=0&size=10", parameters={masked}
2025-11-02 09:54:38 [http-nio-8081-exec-9] DEBUG o.s.w.s.m.m.a.RequestMappingHandlerMapping - Mapped to com.middleware.backend.kaotocamel.controller.IntegratedApiController#findAll(String, String, String, String, String, String, Boolean, String, LocalDateTime, LocalDateTime, LocalDateTime, LocalDateTime, String, Long, Long, int, int, String[])
2025-11-02 09:54:38 [http-nio-8081-exec-9] DEBUG c.m.b.k.c.IntegratedApiController - Received sort params: [id, desc]
2025-11-02 09:54:38 [http-nio-8081-exec-9] DEBUG c.m.b.k.c.IntegratedApiController - Handling separated params - field: 'id', direction: 'desc'
2025-11-02 09:54:38 [http-nio-8081-exec-9] DEBUG c.m.b.k.c.IntegratedApiController - Added separated sort order: id DESC
2025-11-02 09:54:38 [http-nio-8081-exec-9] DEBUG c.m.b.k.c.IntegratedApiController - Final sort object: id: DESC
2025-11-02 09:54:38 [http-nio-8081-exec-9] DEBUG o.s.w.s.m.m.a.HttpEntityMethodProcessor - Using 'application/json', given [application/json] and supported [application/json, application/*+json, application/yaml]
2025-11-02 09:54:38 [http-nio-8081-exec-9] DEBUG o.s.w.s.m.m.a.HttpEntityMethodProcessor - Writing [Page 1 of 1 containing com.middleware.backend.kaotocamel.dto.IntegratedApiDto instances]
2025-11-02 09:54:38 [http-nio-8081-exec-9] DEBUG o.s.web.servlet.DispatcherServlet - Completed 200 OK
2025-11-02 09:54:38 [http-nio-8081-exec-9] DEBUG o.a.camel.spring.SpringCamelContext - onApplicationEvent: ServletRequestHandledEvent: url=[/api/integrated-apis]; client=[0:0:0:0:0:0:0:1]; method=[GET]; status=[200]; servlet=[dispatcherServlet]; session=[null]; user=[admin@mail.com]; time=[84ms]
2025-11-02 09:54:38 [http-nio-8081-exec-9] DEBUG o.s.w.f.CommonsRequestLoggingFilter - After request [GET /api/integrated-apis?page=0&size=10, client=0:0:0:0:0:0:0:1, user=admin@mail.com]
2025-11-02 09:54:38 [http-nio-8081-exec-8] DEBUG o.s.w.f.CommonsRequestLoggingFilter - Before request [GET /api/integrated-system/codes, client=0:0:0:0:0:0:0:1, user=admin@mail.com]
2025-11-02 09:54:38 [http-nio-8081-exec-8] DEBUG o.s.web.servlet.DispatcherServlet - GET "/api/integrated-system/codes", parameters={}
2025-11-02 09:54:38 [http-nio-8081-exec-8] DEBUG o.s.w.s.m.m.a.RequestMappingHandlerMapping - Mapped to com.middleware.backend.integrated_systems.controller.IntegratedSystemController#getAllCodes()
2025-11-02 09:54:38 [http-nio-8081-exec-6] DEBUG o.s.w.f.CommonsRequestLoggingFilter - Before request [GET /api/routes/routes, client=0:0:0:0:0:0:0:1, user=admin@mail.com]
2025-11-02 09:54:38 [http-nio-8081-exec-6] DEBUG o.s.web.servlet.DispatcherServlet - GET "/api/routes/routes", parameters={}
2025-11-02 09:54:38 [http-nio-8081-exec-6] DEBUG o.s.w.s.m.m.a.RequestMappingHandlerMapping - Mapped to com.middleware.backend.kaotocamel.controller.DynamicRouteController#getRoutesForDropdown()
2025-11-02 09:54:38 [http-nio-8081-exec-6] INFO  c.m.b.k.service.DynamicRouteService - Fetching latest active routes for dropdown
2025-11-02 09:54:38 [http-nio-8081-exec-8] DEBUG o.s.w.s.m.m.a.HttpEntityMethodProcessor - Using 'application/json', given [application/json] and supported [application/json, application/*+json, application/yaml]
2025-11-02 09:54:38 [http-nio-8081-exec-8] DEBUG o.s.w.s.m.m.a.HttpEntityMethodProcessor - Writing [[DHIS2.1, DHIS2.2]]
2025-11-02 09:54:38 [http-nio-8081-exec-8] DEBUG o.s.web.servlet.DispatcherServlet - Completed 200 OK
2025-11-02 09:54:38 [http-nio-8081-exec-8] DEBUG o.a.camel.spring.SpringCamelContext - onApplicationEvent: ServletRequestHandledEvent: url=[/api/integrated-system/codes]; client=[0:0:0:0:0:0:0:1]; method=[GET]; status=[200]; servlet=[dispatcherServlet]; session=[null]; user=[admin@mail.com]; time=[72ms]
2025-11-02 09:54:38 [http-nio-8081-exec-8] DEBUG o.s.w.f.CommonsRequestLoggingFilter - After request [GET /api/integrated-system/codes, client=0:0:0:0:0:0:0:1, user=admin@mail.com]
2025-11-02 09:54:38 [http-nio-8081-exec-6] INFO  c.m.b.k.service.DynamicRouteService - Found 8 active routes
2025-11-02 09:54:38 [http-nio-8081-exec-6] INFO  c.m.b.k.c.DynamicRouteController - Returning 8 routes for dropdown
2025-11-02 09:54:38 [http-nio-8081-exec-6] DEBUG o.s.w.s.m.m.a.HttpEntityMethodProcessor - Using 'application/json', given [application/json] and supported [application/json, application/*+json, application/yaml]
2025-11-02 09:54:38 [http-nio-8081-exec-6] DEBUG o.s.w.s.m.m.a.HttpEntityMethodProcessor - Writing [[{path=/HealthCenter, routeId=HealthCenter-mapping}, {path=/api/TESTscheled, routeId=TESTscheled}, { (truncated)...]
2025-11-02 09:54:38 [http-nio-8081-exec-6] DEBUG o.s.web.servlet.DispatcherServlet - Completed 200 OK
2025-11-02 09:54:38 [http-nio-8081-exec-6] DEBUG o.a.camel.spring.SpringCamelContext - onApplicationEvent: ServletRequestHandledEvent: url=[/api/routes/routes]; client=[0:0:0:0:0:0:0:1]; method=[GET]; status=[200]; servlet=[dispatcherServlet]; session=[null]; user=[admin@mail.com]; time=[68ms]
2025-11-02 09:54:38 [http-nio-8081-exec-6] DEBUG o.s.w.f.CommonsRequestLoggingFilter - After request [GET /api/routes/routes, client=0:0:0:0:0:0:0:1, user=admin@mail.com]
2025-11-02 09:54:46 [http-nio-8081-exec-5] INFO  c.m.b.k.service.DynamicRouteService - Fetching active routes with pagination
2025-11-02 09:54:46 [http-nio-8081-exec-1] INFO  c.m.b.k.service.DynamicRouteService - Fetching active routes with pagination
2025-11-02 09:54:46 [http-nio-8081-exec-7] INFO  c.m.b.k.service.DynamicRouteService - Fetching active routes with pagination
2025-11-02 09:54:46 [http-nio-8081-exec-5] DEBUG o.s.w.f.CommonsRequestLoggingFilter - Before request [GET /api/integration-mappings/mapping-types, client=0:0:0:0:0:0:0:1, user=admin@mail.com]
2025-11-02 09:54:46 [http-nio-8081-exec-5] DEBUG o.s.web.servlet.DispatcherServlet - GET "/api/integration-mappings/mapping-types", parameters={}
2025-11-02 09:54:46 [http-nio-8081-exec-5] DEBUG o.s.w.s.m.m.a.RequestMappingHandlerMapping - Mapped to com.middleware.backend.kaotocamel.controller.IntegrationMappingAdminController#getMappingTypes()
2025-11-02 09:54:46 [http-nio-8081-exec-5] DEBUG o.s.w.s.m.m.a.HttpEntityMethodProcessor - Using 'application/json', given [application/json] and supported [application/json, application/*+json, application/yaml]
2025-11-02 09:54:46 [http-nio-8081-exec-5] DEBUG o.s.w.s.m.m.a.HttpEntityMethodProcessor - Writing [[DATA_ELEMENT, DATA_ELEMENT_WITH_DISAGGREGATION, INDICATOR]]
2025-11-02 09:54:46 [http-nio-8081-exec-5] DEBUG o.s.web.servlet.DispatcherServlet - Completed 200 OK
2025-11-02 09:54:46 [http-nio-8081-exec-5] DEBUG o.a.camel.spring.SpringCamelContext - onApplicationEvent: ServletRequestHandledEvent: url=[/api/integration-mappings/mapping-types]; client=[0:0:0:0:0:0:0:1]; method=[GET]; status=[200]; servlet=[dispatcherServlet]; session=[null]; user=[admin@mail.com]; time=[2ms]
2025-11-02 09:54:46 [http-nio-8081-exec-5] DEBUG o.s.w.f.CommonsRequestLoggingFilter - After request [GET /api/integration-mappings/mapping-types, client=0:0:0:0:0:0:0:1, user=admin@mail.com]
2025-11-02 09:54:46 [http-nio-8081-exec-7] DEBUG o.s.w.f.CommonsRequestLoggingFilter - Before request [GET /api/integrated-apis?size=1000&isActive=true, client=0:0:0:0:0:0:0:1, user=admin@mail.com]
2025-11-02 09:54:46 [http-nio-8081-exec-7] DEBUG o.s.web.servlet.DispatcherServlet - GET "/api/integrated-apis?size=1000&isActive=true", parameters={masked}
2025-11-02 09:54:46 [http-nio-8081-exec-7] DEBUG o.s.w.s.m.m.a.RequestMappingHandlerMapping - Mapped to com.middleware.backend.kaotocamel.controller.IntegratedApiController#findAll(String, String, String, String, String, String, Boolean, String, LocalDateTime, LocalDateTime, LocalDateTime, LocalDateTime, String, Long, Long, int, int, String[])
2025-11-02 09:54:46 [http-nio-8081-exec-7] DEBUG c.m.b.k.c.IntegratedApiController - Received sort params: [id, desc]
2025-11-02 09:54:46 [http-nio-8081-exec-7] DEBUG c.m.b.k.c.IntegratedApiController - Handling separated params - field: 'id', direction: 'desc'
2025-11-02 09:54:46 [http-nio-8081-exec-7] DEBUG c.m.b.k.c.IntegratedApiController - Added separated sort order: id DESC
2025-11-02 09:54:46 [http-nio-8081-exec-7] DEBUG c.m.b.k.c.IntegratedApiController - Final sort object: id: DESC
2025-11-02 09:54:46 [http-nio-8081-exec-3] INFO  c.m.b.k.service.DynamicRouteService - Fetching active routes with pagination
2025-11-02 09:54:46 [http-nio-8081-exec-1] DEBUG o.s.w.f.CommonsRequestLoggingFilter - Before request [GET /api/routes/routes, client=0:0:0:0:0:0:0:1, user=admin@mail.com]
2025-11-02 09:54:46 [http-nio-8081-exec-1] DEBUG o.s.web.servlet.DispatcherServlet - GET "/api/routes/routes", parameters={}
2025-11-02 09:54:46 [http-nio-8081-exec-1] DEBUG o.s.w.s.m.m.a.RequestMappingHandlerMapping - Mapped to com.middleware.backend.kaotocamel.controller.DynamicRouteController#getRoutesForDropdown()
2025-11-02 09:54:46 [http-nio-8081-exec-1] INFO  c.m.b.k.service.DynamicRouteService - Fetching latest active routes for dropdown
2025-11-02 09:54:46 [http-nio-8081-exec-7] DEBUG o.s.w.s.m.m.a.HttpEntityMethodProcessor - Using 'application/json', given [application/json] and supported [application/json, application/*+json, application/yaml]
2025-11-02 09:54:46 [http-nio-8081-exec-7] DEBUG o.s.w.s.m.m.a.HttpEntityMethodProcessor - Writing [Page 1 of 1 containing com.middleware.backend.kaotocamel.dto.IntegratedApiDto instances]
2025-11-02 09:54:46 [http-nio-8081-exec-7] DEBUG o.s.web.servlet.DispatcherServlet - Completed 200 OK
2025-11-02 09:54:46 [http-nio-8081-exec-7] DEBUG o.a.camel.spring.SpringCamelContext - onApplicationEvent: ServletRequestHandledEvent: url=[/api/integrated-apis]; client=[0:0:0:0:0:0:0:1]; method=[GET]; status=[200]; servlet=[dispatcherServlet]; session=[null]; user=[admin@mail.com]; time=[182ms]
2025-11-02 09:54:46 [http-nio-8081-exec-7] DEBUG o.s.w.f.CommonsRequestLoggingFilter - After request [GET /api/integrated-apis?size=1000&isActive=true, client=0:0:0:0:0:0:0:1, user=admin@mail.com]
2025-11-02 09:54:46 [http-nio-8081-exec-1] INFO  c.m.b.k.service.DynamicRouteService - Found 8 active routes
2025-11-02 09:54:46 [http-nio-8081-exec-1] INFO  c.m.b.k.c.DynamicRouteController - Returning 8 routes for dropdown
2025-11-02 09:54:46 [http-nio-8081-exec-1] DEBUG o.s.w.s.m.m.a.HttpEntityMethodProcessor - Using 'application/json', given [application/json] and supported [application/json, application/*+json, application/yaml]
2025-11-02 09:54:46 [http-nio-8081-exec-1] DEBUG o.s.w.s.m.m.a.HttpEntityMethodProcessor - Writing [[{path=/HealthCenter, routeId=HealthCenter-mapping}, {path=/api/TESTscheled, routeId=TESTscheled}, { (truncated)...]
2025-11-02 09:54:46 [http-nio-8081-exec-1] DEBUG o.s.web.servlet.DispatcherServlet - Completed 200 OK
2025-11-02 09:54:46 [http-nio-8081-exec-1] DEBUG o.a.camel.spring.SpringCamelContext - onApplicationEvent: ServletRequestHandledEvent: url=[/api/routes/routes]; client=[0:0:0:0:0:0:0:1]; method=[GET]; status=[200]; servlet=[dispatcherServlet]; session=[null]; user=[admin@mail.com]; time=[67ms]
2025-11-02 09:54:46 [http-nio-8081-exec-1] DEBUG o.s.w.f.CommonsRequestLoggingFilter - After request [GET /api/routes/routes, client=0:0:0:0:0:0:0:1, user=admin@mail.com]
2025-11-02 09:54:46 [http-nio-8081-exec-3] DEBUG o.s.w.f.CommonsRequestLoggingFilter - Before request [GET /api/integration-mappings?page=0&size=10, client=0:0:0:0:0:0:0:1, user=admin@mail.com]
2025-11-02 09:54:46 [http-nio-8081-exec-3] DEBUG o.s.web.servlet.DispatcherServlet - GET "/api/integration-mappings?page=0&size=10", parameters={masked}
2025-11-02 09:54:46 [http-nio-8081-exec-3] DEBUG o.s.w.s.m.m.a.RequestMappingHandlerMapping - Mapped to com.middleware.backend.kaotocamel.controller.IntegrationMappingAdminController#findAll(String, Long, String, String, String, String, String, Boolean, String, LocalDateTime, LocalDateTime, LocalDateTime, LocalDateTime, String, Long, Long, String, String, int, int)
2025-11-02 09:54:46 [http-nio-8081-exec-3] INFO  c.m.b.k.c.IntegrationMappingAdminController - Final sort: id: ASC
2025-11-02 09:54:46 [http-nio-8081-exec-3] DEBUG c.m.b.k.s.IntegrationMappingService - Searching with advanced filters - dynamicRouteId: null, integratedApiId: null, mappingType: null
2025-11-02 09:54:46 [http-nio-8081-exec-3] DEBUG c.m.b.k.s.IntegrationMappingService - Found 10 results out of 23 total
2025-11-02 09:54:46 [http-nio-8081-exec-3] DEBUG o.s.w.s.m.m.a.HttpEntityMethodProcessor - Using 'application/json', given [application/json] and supported [application/json, application/*+json, application/yaml]
2025-11-02 09:54:46 [http-nio-8081-exec-3] DEBUG o.s.w.s.m.m.a.HttpEntityMethodProcessor - Writing [Page 1 of 3 containing com.middleware.backend.kaotocamel.dto.IntegrationMappingDto instances]
2025-11-02 09:54:46 [http-nio-8081-exec-3] DEBUG o.s.web.servlet.DispatcherServlet - Completed 200 OK
2025-11-02 09:54:46 [http-nio-8081-exec-3] DEBUG o.a.camel.spring.SpringCamelContext - onApplicationEvent: ServletRequestHandledEvent: url=[/api/integration-mappings]; client=[0:0:0:0:0:0:0:1]; method=[GET]; status=[200]; servlet=[dispatcherServlet]; session=[null]; user=[admin@mail.com]; time=[67ms]
2025-11-02 09:54:46 [http-nio-8081-exec-3] DEBUG o.s.w.f.CommonsRequestLoggingFilter - After request [GET /api/integration-mappings?page=0&size=10, client=0:0:0:0:0:0:0:1, user=admin@mail.com]
2025-11-02 09:54:49 [http-nio-8081-exec-2] INFO  c.m.b.k.service.DynamicRouteService - Fetching active routes with pagination
2025-11-02 09:54:49 [http-nio-8081-exec-2] DEBUG o.s.w.f.CommonsRequestLoggingFilter - Before request [GET /api/integration-mappings/1, client=0:0:0:0:0:0:0:1, user=admin@mail.com]
2025-11-02 09:54:49 [http-nio-8081-exec-2] DEBUG o.s.web.servlet.DispatcherServlet - GET "/api/integration-mappings/1", parameters={}
2025-11-02 09:54:49 [http-nio-8081-exec-2] DEBUG o.s.w.s.m.m.a.RequestMappingHandlerMapping - Mapped to com.middleware.backend.kaotocamel.controller.IntegrationMappingAdminController#findById(Long)
2025-11-02 09:54:49 [http-nio-8081-exec-2] DEBUG o.s.w.s.m.m.a.HttpEntityMethodProcessor - Using 'application/json', given [application/json] and supported [application/json, application/*+json, application/yaml]
2025-11-02 09:54:49 [http-nio-8081-exec-2] DEBUG o.s.w.s.m.m.a.HttpEntityMethodProcessor - Writing [IntegrationMappingDto(id=1, dynamicRouteId=integration-mapping-tes, integratedApiId=1, integratedApi (truncated)...]
2025-11-02 09:54:49 [http-nio-8081-exec-2] DEBUG o.s.web.servlet.DispatcherServlet - Completed 200 OK
2025-11-02 09:54:49 [http-nio-8081-exec-2] DEBUG o.a.camel.spring.SpringCamelContext - onApplicationEvent: ServletRequestHandledEvent: url=[/api/integration-mappings/1]; client=[0:0:0:0:0:0:0:1]; method=[GET]; status=[200]; servlet=[dispatcherServlet]; session=[null]; user=[admin@mail.com]; time=[66ms]
2025-11-02 09:54:49 [http-nio-8081-exec-2] DEBUG o.s.w.f.CommonsRequestLoggingFilter - After request [GET /api/integration-mappings/1, client=0:0:0:0:0:0:0:1, user=admin@mail.com]
2025-11-02 09:54:58 [http-nio-8081-exec-9] INFO  c.m.b.k.service.DynamicRouteService - Fetching active routes with pagination
2025-11-02 09:54:58 [http-nio-8081-exec-9] DEBUG o.s.w.f.CommonsRequestLoggingFilter - Before request [GET /api/integration-mappings?page=0&size=10&sortBy=integratedApiId&sortDir=asc, client=0:0:0:0:0:0:0:1, user=admin@mail.com]
2025-11-02 09:54:58 [http-nio-8081-exec-9] DEBUG o.s.web.servlet.DispatcherServlet - GET "/api/integration-mappings?page=0&size=10&sortBy=integratedApiId&sortDir=asc", parameters={masked}
2025-11-02 09:54:58 [http-nio-8081-exec-9] DEBUG o.s.w.s.m.m.a.RequestMappingHandlerMapping - Mapped to com.middleware.backend.kaotocamel.controller.IntegrationMappingAdminController#findAll(String, Long, String, String, String, String, String, Boolean, String, LocalDateTime, LocalDateTime, LocalDateTime, LocalDateTime, String, Long, Long, String, String, int, int)
2025-11-02 09:54:58 [http-nio-8081-exec-9] INFO  c.m.b.k.c.IntegrationMappingAdminController - Applied ascending sort on: integratedApiId
2025-11-02 09:54:58 [http-nio-8081-exec-9] INFO  c.m.b.k.c.IntegrationMappingAdminController - Final sort: integratedApiId: ASC
2025-11-02 09:54:58 [http-nio-8081-exec-9] DEBUG c.m.b.k.s.IntegrationMappingService - Searching with advanced filters - dynamicRouteId: null, integratedApiId: null, mappingType: null
2025-11-02 09:54:58 [http-nio-8081-exec-9] DEBUG c.m.b.k.s.IntegrationMappingService - Found 10 results out of 23 total
2025-11-02 09:54:58 [http-nio-8081-exec-9] DEBUG o.s.w.s.m.m.a.HttpEntityMethodProcessor - Using 'application/json', given [application/json] and supported [application/json, application/*+json, application/yaml]
2025-11-02 09:54:58 [http-nio-8081-exec-9] DEBUG o.s.w.s.m.m.a.HttpEntityMethodProcessor - Writing [Page 1 of 3 containing com.middleware.backend.kaotocamel.dto.IntegrationMappingDto instances]
2025-11-02 09:54:58 [http-nio-8081-exec-9] DEBUG o.s.web.servlet.DispatcherServlet - Completed 200 OK
2025-11-02 09:54:58 [http-nio-8081-exec-9] DEBUG o.a.camel.spring.SpringCamelContext - onApplicationEvent: ServletRequestHandledEvent: url=[/api/integration-mappings]; client=[0:0:0:0:0:0:0:1]; method=[GET]; status=[200]; servlet=[dispatcherServlet]; session=[null]; user=[admin@mail.com]; time=[172ms]
2025-11-02 09:54:58 [http-nio-8081-exec-9] DEBUG o.s.w.f.CommonsRequestLoggingFilter - After request [GET /api/integration-mappings?page=0&size=10&sortBy=integratedApiId&sortDir=asc, client=0:0:0:0:0:0:0:1, user=admin@mail.com]
2025-11-02 09:54:59 [http-nio-8081-exec-6] INFO  c.m.b.k.service.DynamicRouteService - Fetching active routes with pagination
2025-11-02 09:54:59 [http-nio-8081-exec-6] DEBUG o.s.w.f.CommonsRequestLoggingFilter - Before request [GET /api/integration-mappings?page=0&size=10&sortBy=integratedApiId&sortDir=desc, client=0:0:0:0:0:0:0:1, user=admin@mail.com]
2025-11-02 09:54:59 [http-nio-8081-exec-6] DEBUG o.s.web.servlet.DispatcherServlet - GET "/api/integration-mappings?page=0&size=10&sortBy=integratedApiId&sortDir=desc", parameters={masked}
2025-11-02 09:54:59 [http-nio-8081-exec-6] DEBUG o.s.w.s.m.m.a.RequestMappingHandlerMapping - Mapped to com.middleware.backend.kaotocamel.controller.IntegrationMappingAdminController#findAll(String, Long, String, String, String, String, String, Boolean, String, LocalDateTime, LocalDateTime, LocalDateTime, LocalDateTime, String, Long, Long, String, String, int, int)
2025-11-02 09:54:59 [http-nio-8081-exec-6] INFO  c.m.b.k.c.IntegrationMappingAdminController - Applied descending sort on: integratedApiId
2025-11-02 09:54:59 [http-nio-8081-exec-6] INFO  c.m.b.k.c.IntegrationMappingAdminController - Final sort: integratedApiId: DESC
2025-11-02 09:54:59 [http-nio-8081-exec-6] DEBUG c.m.b.k.s.IntegrationMappingService - Searching with advanced filters - dynamicRouteId: null, integratedApiId: null, mappingType: null
2025-11-02 09:54:59 [http-nio-8081-exec-6] DEBUG c.m.b.k.s.IntegrationMappingService - Found 10 results out of 23 total
2025-11-02 09:54:59 [http-nio-8081-exec-6] DEBUG o.s.w.s.m.m.a.HttpEntityMethodProcessor - Using 'application/json', given [application/json] and supported [application/json, application/*+json, application/yaml]
2025-11-02 09:54:59 [http-nio-8081-exec-6] DEBUG o.s.w.s.m.m.a.HttpEntityMethodProcessor - Writing [Page 1 of 3 containing com.middleware.backend.kaotocamel.dto.IntegrationMappingDto instances]
2025-11-02 09:54:59 [http-nio-8081-exec-6] DEBUG o.s.web.servlet.DispatcherServlet - Completed 200 OK
2025-11-02 09:54:59 [http-nio-8081-exec-6] DEBUG o.a.camel.spring.SpringCamelContext - onApplicationEvent: ServletRequestHandledEvent: url=[/api/integration-mappings]; client=[0:0:0:0:0:0:0:1]; method=[GET]; status=[200]; servlet=[dispatcherServlet]; session=[null]; user=[admin@mail.com]; time=[65ms]
2025-11-02 09:54:59 [http-nio-8081-exec-6] DEBUG o.s.w.f.CommonsRequestLoggingFilter - After request [GET /api/integration-mappings?page=0&size=10&sortBy=integratedApiId&sortDir=desc, client=0:0:0:0:0:0:0:1, user=admin@mail.com]
2025-11-02 09:55:02 [scheduling-1] INFO  c.m.b.k.service.DynamicRouteService - Starting route status sync with Camel context
2025-11-02 09:55:02 [scheduling-1] INFO  c.m.b.k.service.DynamicRouteService - Completed route status sync
2025-11-02 09:55:03 [http-nio-8081-exec-7] INFO  c.m.b.k.service.DynamicRouteService - Fetching active routes with pagination
2025-11-02 09:55:03 [http-nio-8081-exec-7] DEBUG o.s.w.f.CommonsRequestLoggingFilter - Before request [GET /api/integration-mappings/23, client=0:0:0:0:0:0:0:1, user=admin@mail.com]
2025-11-02 09:55:03 [http-nio-8081-exec-7] DEBUG o.s.web.servlet.DispatcherServlet - GET "/api/integration-mappings/23", parameters={}
2025-11-02 09:55:03 [http-nio-8081-exec-7] DEBUG o.s.w.s.m.m.a.RequestMappingHandlerMapping - Mapped to com.middleware.backend.kaotocamel.controller.IntegrationMappingAdminController#findById(Long)
2025-11-02 09:55:03 [http-nio-8081-exec-7] DEBUG o.s.w.s.m.m.a.HttpEntityMethodProcessor - Using 'application/json', given [application/json] and supported [application/json, application/*+json, application/yaml]
2025-11-02 09:55:03 [http-nio-8081-exec-7] DEBUG o.s.w.s.m.m.a.HttpEntityMethodProcessor - Writing [IntegrationMappingDto(id=23, dynamicRouteId=attr-mapping, integratedApiId=7, integratedApiCode=ATTR- (truncated)...]
2025-11-02 09:55:03 [http-nio-8081-exec-7] DEBUG o.s.web.servlet.DispatcherServlet - Completed 200 OK
2025-11-02 09:55:03 [http-nio-8081-exec-7] DEBUG o.a.camel.spring.SpringCamelContext - onApplicationEvent: ServletRequestHandledEvent: url=[/api/integration-mappings/23]; client=[0:0:0:0:0:0:0:1]; method=[GET]; status=[200]; servlet=[dispatcherServlet]; session=[null]; user=[admin@mail.com]; time=[169ms]
2025-11-02 09:55:03 [http-nio-8081-exec-7] DEBUG o.s.w.f.CommonsRequestLoggingFilter - After request [GET /api/integration-mappings/23, client=0:0:0:0:0:0:0:1, user=admin@mail.com]
2025-11-02 09:55:32 [scheduling-1] INFO  c.m.b.k.service.DynamicRouteService - Starting route status sync with Camel context
2025-11-02 09:55:32 [scheduling-1] INFO  c.m.b.k.service.DynamicRouteService - Completed route status sync
2025-11-02 09:56:02 [scheduling-1] INFO  c.m.b.k.service.DynamicRouteService - Starting route status sync with Camel context
2025-11-02 09:56:02 [scheduling-1] INFO  c.m.b.k.service.DynamicRouteService - Completed route status sync
2025-11-02 09:56:32 [scheduling-1] INFO  c.m.b.k.service.DynamicRouteService - Starting route status sync with Camel context
2025-11-02 09:56:33 [scheduling-1] INFO  c.m.b.k.service.DynamicRouteService - Completed route status sync
2025-11-02 09:57:02 [scheduling-1] INFO  c.m.b.k.service.DynamicRouteService - Starting route status sync with Camel context
2025-11-02 09:57:02 [scheduling-1] INFO  c.m.b.k.service.DynamicRouteService - Completed route status sync
2025-11-02 09:57:32 [scheduling-1] INFO  c.m.b.k.service.DynamicRouteService - Starting route status sync with Camel context
2025-11-02 09:57:32 [scheduling-1] INFO  c.m.b.k.service.DynamicRouteService - Completed route status sync
2025-11-02 09:58:02 [scheduling-1] INFO  c.m.b.k.service.DynamicRouteService - Starting route status sync with Camel context
2025-11-02 09:58:02 [scheduling-1] INFO  c.m.b.k.service.DynamicRouteService - Completed route status sync
2025-11-02 09:58:32 [scheduling-1] INFO  c.m.b.k.service.DynamicRouteService - Starting route status sync with Camel context
2025-11-02 09:58:32 [scheduling-1] INFO  c.m.b.k.service.DynamicRouteService - Completed route status sync
2025-11-02 09:59:02 [scheduling-1] INFO  c.m.b.k.service.DynamicRouteService - Starting route status sync with Camel context
2025-11-02 09:59:02 [scheduling-1] INFO  c.m.b.k.service.DynamicRouteService - Completed route status sync
2025-11-02 09:59:19 [http-nio-8081-exec-6] INFO  c.m.b.k.service.DynamicRouteService - Fetching active routes with pagination
2025-11-02 09:59:19 [http-nio-8081-exec-5] INFO  c.m.b.k.service.DynamicRouteService - Fetching active routes with pagination
2025-11-02 09:59:20 [http-nio-8081-exec-8] INFO  c.m.b.k.service.DynamicRouteService - Fetching active routes with pagination
2025-11-02 09:59:20 [http-nio-8081-exec-9] INFO  c.m.b.k.service.DynamicRouteService - Fetching active routes with pagination
2025-11-02 09:59:20 [http-nio-8081-exec-6] DEBUG o.s.w.f.CommonsRequestLoggingFilter - Before request [GET /api/routes/routes, client=0:0:0:0:0:0:0:1, user=admin@mail.com]
2025-11-02 09:59:20 [http-nio-8081-exec-6] DEBUG o.s.web.servlet.DispatcherServlet - GET "/api/routes/routes", parameters={}
2025-11-02 09:59:20 [http-nio-8081-exec-6] DEBUG o.s.w.s.m.m.a.RequestMappingHandlerMapping - Mapped to com.middleware.backend.kaotocamel.controller.DynamicRouteController#getRoutesForDropdown()
2025-11-02 09:59:20 [http-nio-8081-exec-5] DEBUG o.s.w.f.CommonsRequestLoggingFilter - Before request [GET /api/integration-mappings?page=0&size=10, client=0:0:0:0:0:0:0:1, user=admin@mail.com]
2025-11-02 09:59:20 [http-nio-8081-exec-5] DEBUG o.s.web.servlet.DispatcherServlet - GET "/api/integration-mappings?page=0&size=10", parameters={masked}
2025-11-02 09:59:20 [http-nio-8081-exec-5] DEBUG o.s.w.s.m.m.a.RequestMappingHandlerMapping - Mapped to com.middleware.backend.kaotocamel.controller.IntegrationMappingAdminController#findAll(String, Long, String, String, String, String, String, Boolean, String, LocalDateTime, LocalDateTime, LocalDateTime, LocalDateTime, String, Long, Long, String, String, int, int)
2025-11-02 09:59:20 [http-nio-8081-exec-6] INFO  c.m.b.k.service.DynamicRouteService - Fetching latest active routes for dropdown
2025-11-02 09:59:20 [http-nio-8081-exec-5] INFO  c.m.b.k.c.IntegrationMappingAdminController - Final sort: id: ASC
2025-11-02 09:59:20 [http-nio-8081-exec-5] DEBUG c.m.b.k.s.IntegrationMappingService - Searching with advanced filters - dynamicRouteId: null, integratedApiId: null, mappingType: null
2025-11-02 09:59:20 [http-nio-8081-exec-5] DEBUG c.m.b.k.s.IntegrationMappingService - Found 10 results out of 23 total
2025-11-02 09:59:20 [http-nio-8081-exec-5] DEBUG o.s.w.s.m.m.a.HttpEntityMethodProcessor - Using 'application/json', given [application/json] and supported [application/json, application/*+json, application/yaml]
2025-11-02 09:59:20 [http-nio-8081-exec-5] DEBUG o.s.w.s.m.m.a.HttpEntityMethodProcessor - Writing [Page 1 of 3 containing com.middleware.backend.kaotocamel.dto.IntegrationMappingDto instances]
2025-11-02 09:59:20 [http-nio-8081-exec-5] DEBUG o.s.web.servlet.DispatcherServlet - Completed 200 OK
2025-11-02 09:59:20 [http-nio-8081-exec-5] DEBUG o.a.camel.spring.SpringCamelContext - onApplicationEvent: ServletRequestHandledEvent: url=[/api/integration-mappings]; client=[0:0:0:0:0:0:0:1]; method=[GET]; status=[200]; servlet=[dispatcherServlet]; session=[null]; user=[admin@mail.com]; time=[81ms]
2025-11-02 09:59:20 [http-nio-8081-exec-5] DEBUG o.s.w.f.CommonsRequestLoggingFilter - After request [GET /api/integration-mappings?page=0&size=10, client=0:0:0:0:0:0:0:1, user=admin@mail.com]
2025-11-02 09:59:20 [http-nio-8081-exec-9] DEBUG o.s.w.f.CommonsRequestLoggingFilter - Before request [GET /api/integrated-apis?size=1000&isActive=true, client=0:0:0:0:0:0:0:1, user=admin@mail.com]
2025-11-02 09:59:20 [http-nio-8081-exec-9] DEBUG o.s.web.servlet.DispatcherServlet - GET "/api/integrated-apis?size=1000&isActive=true", parameters={masked}
2025-11-02 09:59:20 [http-nio-8081-exec-9] DEBUG o.s.w.s.m.m.a.RequestMappingHandlerMapping - Mapped to com.middleware.backend.kaotocamel.controller.IntegratedApiController#findAll(String, String, String, String, String, String, Boolean, String, LocalDateTime, LocalDateTime, LocalDateTime, LocalDateTime, String, Long, Long, int, int, String[])
2025-11-02 09:59:20 [http-nio-8081-exec-9] DEBUG c.m.b.k.c.IntegratedApiController - Received sort params: [id, desc]
2025-11-02 09:59:20 [http-nio-8081-exec-9] DEBUG c.m.b.k.c.IntegratedApiController - Handling separated params - field: 'id', direction: 'desc'
2025-11-02 09:59:20 [http-nio-8081-exec-9] DEBUG c.m.b.k.c.IntegratedApiController - Added separated sort order: id DESC
2025-11-02 09:59:20 [http-nio-8081-exec-9] DEBUG c.m.b.k.c.IntegratedApiController - Final sort object: id: DESC
2025-11-02 09:59:20 [http-nio-8081-exec-8] DEBUG o.s.w.f.CommonsRequestLoggingFilter - Before request [GET /api/integration-mappings/mapping-types, client=0:0:0:0:0:0:0:1, user=admin@mail.com]
2025-11-02 09:59:20 [http-nio-8081-exec-8] DEBUG o.s.web.servlet.DispatcherServlet - GET "/api/integration-mappings/mapping-types", parameters={}
2025-11-02 09:59:20 [http-nio-8081-exec-8] DEBUG o.s.w.s.m.m.a.RequestMappingHandlerMapping - Mapped to com.middleware.backend.kaotocamel.controller.IntegrationMappingAdminController#getMappingTypes()
2025-11-02 09:59:20 [http-nio-8081-exec-8] DEBUG o.s.w.s.m.m.a.HttpEntityMethodProcessor - Using 'application/json', given [application/json] and supported [application/json, application/*+json, application/yaml]
2025-11-02 09:59:20 [http-nio-8081-exec-8] DEBUG o.s.w.s.m.m.a.HttpEntityMethodProcessor - Writing [[DATA_ELEMENT, DATA_ELEMENT_WITH_DISAGGREGATION, INDICATOR]]
2025-11-02 09:59:20 [http-nio-8081-exec-8] DEBUG o.s.web.servlet.DispatcherServlet - Completed 200 OK
2025-11-02 09:59:20 [http-nio-8081-exec-8] DEBUG o.a.camel.spring.SpringCamelContext - onApplicationEvent: ServletRequestHandledEvent: url=[/api/integration-mappings/mapping-types]; client=[0:0:0:0:0:0:0:1]; method=[GET]; status=[200]; servlet=[dispatcherServlet]; session=[null]; user=[admin@mail.com]; time=[1ms]
2025-11-02 09:59:20 [http-nio-8081-exec-8] DEBUG o.s.w.f.CommonsRequestLoggingFilter - After request [GET /api/integration-mappings/mapping-types, client=0:0:0:0:0:0:0:1, user=admin@mail.com]
2025-11-02 09:59:20 [http-nio-8081-exec-6] INFO  c.m.b.k.service.DynamicRouteService - Found 8 active routes
2025-11-02 09:59:20 [http-nio-8081-exec-6] INFO  c.m.b.k.c.DynamicRouteController - Returning 8 routes for dropdown
2025-11-02 09:59:20 [http-nio-8081-exec-6] DEBUG o.s.w.s.m.m.a.HttpEntityMethodProcessor - Using 'application/json', given [application/json] and supported [application/json, application/*+json, application/yaml]
2025-11-02 09:59:20 [http-nio-8081-exec-6] DEBUG o.s.w.s.m.m.a.HttpEntityMethodProcessor - Writing [[{path=/HealthCenter, routeId=HealthCenter-mapping}, {path=/api/TESTscheled, routeId=TESTscheled}, { (truncated)...]
2025-11-02 09:59:20 [http-nio-8081-exec-6] DEBUG o.s.web.servlet.DispatcherServlet - Completed 200 OK
2025-11-02 09:59:20 [http-nio-8081-exec-6] DEBUG o.a.camel.spring.SpringCamelContext - onApplicationEvent: ServletRequestHandledEvent: url=[/api/routes/routes]; client=[0:0:0:0:0:0:0:1]; method=[GET]; status=[200]; servlet=[dispatcherServlet]; session=[null]; user=[admin@mail.com]; time=[178ms]
2025-11-02 09:59:20 [http-nio-8081-exec-6] DEBUG o.s.w.f.CommonsRequestLoggingFilter - After request [GET /api/routes/routes, client=0:0:0:0:0:0:0:1, user=admin@mail.com]
2025-11-02 09:59:20 [http-nio-8081-exec-9] DEBUG o.s.w.s.m.m.a.HttpEntityMethodProcessor - Using 'application/json', given [application/json] and supported [application/json, application/*+json, application/yaml]
2025-11-02 09:59:20 [http-nio-8081-exec-9] DEBUG o.s.w.s.m.m.a.HttpEntityMethodProcessor - Writing [Page 1 of 1 containing com.middleware.backend.kaotocamel.dto.IntegratedApiDto instances]
2025-11-02 09:59:20 [http-nio-8081-exec-9] DEBUG o.s.web.servlet.DispatcherServlet - Completed 200 OK
2025-11-02 09:59:20 [http-nio-8081-exec-9] DEBUG o.a.camel.spring.SpringCamelContext - onApplicationEvent: ServletRequestHandledEvent: url=[/api/integrated-apis]; client=[0:0:0:0:0:0:0:1]; method=[GET]; status=[200]; servlet=[dispatcherServlet]; session=[null]; user=[admin@mail.com]; time=[180ms]
2025-11-02 09:59:20 [http-nio-8081-exec-9] DEBUG o.s.w.f.CommonsRequestLoggingFilter - After request [GET /api/integrated-apis?size=1000&isActive=true, client=0:0:0:0:0:0:0:1, user=admin@mail.com]
2025-11-02 09:59:32 [http-nio-8081-exec-10] INFO  c.m.b.k.service.DynamicRouteService - Fetching active routes with pagination
2025-11-02 09:59:32 [http-nio-8081-exec-2] INFO  c.m.b.k.service.DynamicRouteService - Fetching active routes with pagination
2025-11-02 09:59:32 [http-nio-8081-exec-7] INFO  c.m.b.k.service.DynamicRouteService - Fetching active routes with pagination
2025-11-02 09:59:32 [http-nio-8081-exec-1] INFO  c.m.b.k.service.DynamicRouteService - Fetching active routes with pagination
2025-11-02 09:59:32 [http-nio-8081-exec-10] DEBUG o.s.w.f.CommonsRequestLoggingFilter - Before request [GET /api/integration-mappings/mapping-types, client=0:0:0:0:0:0:0:1, user=admin@mail.com]
2025-11-02 09:59:32 [http-nio-8081-exec-10] DEBUG o.s.web.servlet.DispatcherServlet - GET "/api/integration-mappings/mapping-types", parameters={}
2025-11-02 09:59:32 [http-nio-8081-exec-10] DEBUG o.s.w.s.m.m.a.RequestMappingHandlerMapping - Mapped to com.middleware.backend.kaotocamel.controller.IntegrationMappingAdminController#getMappingTypes()
2025-11-02 09:59:32 [http-nio-8081-exec-10] DEBUG o.s.w.s.m.m.a.HttpEntityMethodProcessor - Using 'application/json', given [application/json] and supported [application/json, application/*+json, application/yaml]
2025-11-02 09:59:32 [http-nio-8081-exec-10] DEBUG o.s.w.s.m.m.a.HttpEntityMethodProcessor - Writing [[DATA_ELEMENT, DATA_ELEMENT_WITH_DISAGGREGATION, INDICATOR]]
2025-11-02 09:59:32 [http-nio-8081-exec-10] DEBUG o.s.web.servlet.DispatcherServlet - Completed 200 OK
2025-11-02 09:59:32 [http-nio-8081-exec-10] DEBUG o.a.camel.spring.SpringCamelContext - onApplicationEvent: ServletRequestHandledEvent: url=[/api/integration-mappings/mapping-types]; client=[0:0:0:0:0:0:0:1]; method=[GET]; status=[200]; servlet=[dispatcherServlet]; session=[null]; user=[admin@mail.com]; time=[3ms]
2025-11-02 09:59:32 [http-nio-8081-exec-10] DEBUG o.s.w.f.CommonsRequestLoggingFilter - After request [GET /api/integration-mappings/mapping-types, client=0:0:0:0:0:0:0:1, user=admin@mail.com]
2025-11-02 09:59:32 [http-nio-8081-exec-2] DEBUG o.s.w.f.CommonsRequestLoggingFilter - Before request [GET /api/integrated-apis?size=1000&isActive=true, client=0:0:0:0:0:0:0:1, user=admin@mail.com]
2025-11-02 09:59:32 [http-nio-8081-exec-2] DEBUG o.s.web.servlet.DispatcherServlet - GET "/api/integrated-apis?size=1000&isActive=true", parameters={masked}
2025-11-02 09:59:32 [http-nio-8081-exec-2] DEBUG o.s.w.s.m.m.a.RequestMappingHandlerMapping - Mapped to com.middleware.backend.kaotocamel.controller.IntegratedApiController#findAll(String, String, String, String, String, String, Boolean, String, LocalDateTime, LocalDateTime, LocalDateTime, LocalDateTime, String, Long, Long, int, int, String[])
2025-11-02 09:59:32 [http-nio-8081-exec-2] DEBUG c.m.b.k.c.IntegratedApiController - Received sort params: [id, desc]
2025-11-02 09:59:32 [http-nio-8081-exec-2] DEBUG c.m.b.k.c.IntegratedApiController - Handling separated params - field: 'id', direction: 'desc'
2025-11-02 09:59:32 [http-nio-8081-exec-2] DEBUG c.m.b.k.c.IntegratedApiController - Added separated sort order: id DESC
2025-11-02 09:59:32 [http-nio-8081-exec-2] DEBUG c.m.b.k.c.IntegratedApiController - Final sort object: id: DESC
2025-11-02 09:59:32 [http-nio-8081-exec-7] DEBUG o.s.w.f.CommonsRequestLoggingFilter - Before request [GET /api/routes/routes, client=0:0:0:0:0:0:0:1, user=admin@mail.com]
2025-11-02 09:59:32 [http-nio-8081-exec-7] DEBUG o.s.web.servlet.DispatcherServlet - GET "/api/routes/routes", parameters={}
2025-11-02 09:59:32 [http-nio-8081-exec-7] DEBUG o.s.w.s.m.m.a.RequestMappingHandlerMapping - Mapped to com.middleware.backend.kaotocamel.controller.DynamicRouteController#getRoutesForDropdown()
2025-11-02 09:59:32 [http-nio-8081-exec-7] INFO  c.m.b.k.service.DynamicRouteService - Fetching latest active routes for dropdown
2025-11-02 09:59:32 [http-nio-8081-exec-1] DEBUG o.s.w.f.CommonsRequestLoggingFilter - Before request [GET /api/integration-mappings?page=0&size=10, client=0:0:0:0:0:0:0:1, user=admin@mail.com]
2025-11-02 09:59:32 [http-nio-8081-exec-1] DEBUG o.s.web.servlet.DispatcherServlet - GET "/api/integration-mappings?page=0&size=10", parameters={masked}
2025-11-02 09:59:32 [http-nio-8081-exec-1] DEBUG o.s.w.s.m.m.a.RequestMappingHandlerMapping - Mapped to com.middleware.backend.kaotocamel.controller.IntegrationMappingAdminController#findAll(String, Long, String, String, String, String, String, Boolean, String, LocalDateTime, LocalDateTime, LocalDateTime, LocalDateTime, String, Long, Long, String, String, int, int)
2025-11-02 09:59:32 [http-nio-8081-exec-1] INFO  c.m.b.k.c.IntegrationMappingAdminController - Final sort: id: ASC
2025-11-02 09:59:32 [http-nio-8081-exec-7] INFO  c.m.b.k.service.DynamicRouteService - Found 8 active routes
2025-11-02 09:59:32 [http-nio-8081-exec-7] INFO  c.m.b.k.c.DynamicRouteController - Returning 8 routes for dropdown
2025-11-02 09:59:32 [http-nio-8081-exec-7] DEBUG o.s.w.s.m.m.a.HttpEntityMethodProcessor - Using 'application/json', given [application/json] and supported [application/json, application/*+json, application/yaml]
2025-11-02 09:59:32 [http-nio-8081-exec-7] DEBUG o.s.w.s.m.m.a.HttpEntityMethodProcessor - Writing [[{path=/HealthCenter, routeId=HealthCenter-mapping}, {path=/api/TESTscheled, routeId=TESTscheled}, { (truncated)...]
2025-11-02 09:59:32 [http-nio-8081-exec-7] DEBUG o.s.web.servlet.DispatcherServlet - Completed 200 OK
2025-11-02 09:59:32 [http-nio-8081-exec-7] DEBUG o.a.camel.spring.SpringCamelContext - onApplicationEvent: ServletRequestHandledEvent: url=[/api/routes/routes]; client=[0:0:0:0:0:0:0:1]; method=[GET]; status=[200]; servlet=[dispatcherServlet]; session=[null]; user=[admin@mail.com]; time=[108ms]
2025-11-02 09:59:32 [http-nio-8081-exec-7] DEBUG o.s.w.f.CommonsRequestLoggingFilter - After request [GET /api/routes/routes, client=0:0:0:0:0:0:0:1, user=admin@mail.com]
2025-11-02 09:59:32 [http-nio-8081-exec-1] DEBUG c.m.b.k.s.IntegrationMappingService - Searching with advanced filters - dynamicRouteId: null, integratedApiId: null, mappingType: null
2025-11-02 09:59:32 [http-nio-8081-exec-1] DEBUG c.m.b.k.s.IntegrationMappingService - Found 10 results out of 23 total
2025-11-02 09:59:32 [http-nio-8081-exec-1] DEBUG o.s.w.s.m.m.a.HttpEntityMethodProcessor - Using 'application/json', given [application/json] and supported [application/json, application/*+json, application/yaml]
2025-11-02 09:59:32 [http-nio-8081-exec-1] DEBUG o.s.w.s.m.m.a.HttpEntityMethodProcessor - Writing [Page 1 of 3 containing com.middleware.backend.kaotocamel.dto.IntegrationMappingDto instances]
2025-11-02 09:59:32 [http-nio-8081-exec-1] DEBUG o.s.web.servlet.DispatcherServlet - Completed 200 OK
2025-11-02 09:59:32 [http-nio-8081-exec-1] DEBUG o.a.camel.spring.SpringCamelContext - onApplicationEvent: ServletRequestHandledEvent: url=[/api/integration-mappings]; client=[0:0:0:0:0:0:0:1]; method=[GET]; status=[200]; servlet=[dispatcherServlet]; session=[null]; user=[admin@mail.com]; time=[109ms]
2025-11-02 09:59:32 [http-nio-8081-exec-1] DEBUG o.s.w.f.CommonsRequestLoggingFilter - After request [GET /api/integration-mappings?page=0&size=10, client=0:0:0:0:0:0:0:1, user=admin@mail.com]
2025-11-02 09:59:32 [http-nio-8081-exec-2] DEBUG o.s.w.s.m.m.a.HttpEntityMethodProcessor - Using 'application/json', given [application/json] and supported [application/json, application/*+json, application/yaml]
2025-11-02 09:59:32 [http-nio-8081-exec-2] DEBUG o.s.w.s.m.m.a.HttpEntityMethodProcessor - Writing [Page 1 of 1 containing com.middleware.backend.kaotocamel.dto.IntegratedApiDto instances]
2025-11-02 09:59:32 [http-nio-8081-exec-2] DEBUG o.s.web.servlet.DispatcherServlet - Completed 200 OK
2025-11-02 09:59:32 [http-nio-8081-exec-2] DEBUG o.a.camel.spring.SpringCamelContext - onApplicationEvent: ServletRequestHandledEvent: url=[/api/integrated-apis]; client=[0:0:0:0:0:0:0:1]; method=[GET]; status=[200]; servlet=[dispatcherServlet]; session=[null]; user=[admin@mail.com]; time=[208ms]
2025-11-02 09:59:32 [http-nio-8081-exec-2] DEBUG o.s.w.f.CommonsRequestLoggingFilter - After request [GET /api/integrated-apis?size=1000&isActive=true, client=0:0:0:0:0:0:0:1, user=admin@mail.com]
2025-11-02 09:59:32 [scheduling-1] INFO  c.m.b.k.service.DynamicRouteService - Starting route status sync with Camel context
2025-11-02 09:59:32 [scheduling-1] INFO  c.m.b.k.service.DynamicRouteService - Completed route status sync
2025-11-02 09:59:54 [http-nio-8081-exec-5] INFO  c.m.b.k.service.DynamicRouteService - Fetching active routes with pagination
2025-11-02 09:59:54 [http-nio-8081-exec-4] INFO  c.m.b.k.service.DynamicRouteService - Fetching active routes with pagination
2025-11-02 09:59:54 [http-nio-8081-exec-8] INFO  c.m.b.k.service.DynamicRouteService - Fetching active routes with pagination
2025-11-02 09:59:54 [http-nio-8081-exec-3] INFO  c.m.b.k.service.DynamicRouteService - Fetching active routes with pagination
2025-11-02 09:59:54 [http-nio-8081-exec-5] DEBUG o.s.w.f.CommonsRequestLoggingFilter - Before request [GET /api/routes/routes, client=0:0:0:0:0:0:0:1, user=admin@mail.com]
2025-11-02 09:59:54 [http-nio-8081-exec-5] DEBUG o.s.web.servlet.DispatcherServlet - GET "/api/routes/routes", parameters={}
2025-11-02 09:59:54 [http-nio-8081-exec-5] DEBUG o.s.w.s.m.m.a.RequestMappingHandlerMapping - Mapped to com.middleware.backend.kaotocamel.controller.DynamicRouteController#getRoutesForDropdown()
2025-11-02 09:59:54 [http-nio-8081-exec-5] INFO  c.m.b.k.service.DynamicRouteService - Fetching latest active routes for dropdown
2025-11-02 09:59:54 [http-nio-8081-exec-4] DEBUG o.s.w.f.CommonsRequestLoggingFilter - Before request [GET /api/integration-mappings?page=0&size=10, client=0:0:0:0:0:0:0:1, user=admin@mail.com]
2025-11-02 09:59:54 [http-nio-8081-exec-8] DEBUG o.s.w.f.CommonsRequestLoggingFilter - Before request [GET /api/integration-mappings/mapping-types, client=0:0:0:0:0:0:0:1, user=admin@mail.com]
2025-11-02 09:59:54 [http-nio-8081-exec-8] DEBUG o.s.web.servlet.DispatcherServlet - GET "/api/integration-mappings/mapping-types", parameters={}
2025-11-02 09:59:54 [http-nio-8081-exec-4] DEBUG o.s.web.servlet.DispatcherServlet - GET "/api/integration-mappings?page=0&size=10", parameters={masked}
2025-11-02 09:59:54 [http-nio-8081-exec-4] DEBUG o.s.w.s.m.m.a.RequestMappingHandlerMapping - Mapped to com.middleware.backend.kaotocamel.controller.IntegrationMappingAdminController#findAll(String, Long, String, String, String, String, String, Boolean, String, LocalDateTime, LocalDateTime, LocalDateTime, LocalDateTime, String, Long, Long, String, String, int, int)
2025-11-02 09:59:54 [http-nio-8081-exec-8] DEBUG o.s.w.s.m.m.a.RequestMappingHandlerMapping - Mapped to com.middleware.backend.kaotocamel.controller.IntegrationMappingAdminController#getMappingTypes()
2025-11-02 09:59:54 [http-nio-8081-exec-8] DEBUG o.s.w.s.m.m.a.HttpEntityMethodProcessor - Using 'application/json', given [application/json] and supported [application/json, application/*+json, application/yaml]
2025-11-02 09:59:54 [http-nio-8081-exec-8] DEBUG o.s.w.s.m.m.a.HttpEntityMethodProcessor - Writing [[DATA_ELEMENT, DATA_ELEMENT_WITH_DISAGGREGATION, INDICATOR]]
2025-11-02 09:59:54 [http-nio-8081-exec-4] INFO  c.m.b.k.c.IntegrationMappingAdminController - Final sort: id: ASC
2025-11-02 09:59:54 [http-nio-8081-exec-8] DEBUG o.s.web.servlet.DispatcherServlet - Completed 200 OK
2025-11-02 09:59:54 [http-nio-8081-exec-8] DEBUG o.a.camel.spring.SpringCamelContext - onApplicationEvent: ServletRequestHandledEvent: url=[/api/integration-mappings/mapping-types]; client=[0:0:0:0:0:0:0:1]; method=[GET]; status=[200]; servlet=[dispatcherServlet]; session=[null]; user=[admin@mail.com]; time=[1ms]
2025-11-02 09:59:54 [http-nio-8081-exec-8] DEBUG o.s.w.f.CommonsRequestLoggingFilter - After request [GET /api/integration-mappings/mapping-types, client=0:0:0:0:0:0:0:1, user=admin@mail.com]
2025-11-02 09:59:54 [http-nio-8081-exec-5] INFO  c.m.b.k.service.DynamicRouteService - Found 8 active routes
2025-11-02 09:59:54 [http-nio-8081-exec-5] INFO  c.m.b.k.c.DynamicRouteController - Returning 8 routes for dropdown
2025-11-02 09:59:54 [http-nio-8081-exec-5] DEBUG o.s.w.s.m.m.a.HttpEntityMethodProcessor - Using 'application/json', given [application/json] and supported [application/json, application/*+json, application/yaml]
2025-11-02 09:59:54 [http-nio-8081-exec-5] DEBUG o.s.w.s.m.m.a.HttpEntityMethodProcessor - Writing [[{path=/HealthCenter, routeId=HealthCenter-mapping}, {path=/api/TESTscheled, routeId=TESTscheled}, { (truncated)...]
2025-11-02 09:59:54 [http-nio-8081-exec-5] DEBUG o.s.web.servlet.DispatcherServlet - Completed 200 OK
2025-11-02 09:59:54 [http-nio-8081-exec-5] DEBUG o.a.camel.spring.SpringCamelContext - onApplicationEvent: ServletRequestHandledEvent: url=[/api/routes/routes]; client=[0:0:0:0:0:0:0:1]; method=[GET]; status=[200]; servlet=[dispatcherServlet]; session=[null]; user=[admin@mail.com]; time=[62ms]
2025-11-02 09:59:54 [http-nio-8081-exec-5] DEBUG o.s.w.f.CommonsRequestLoggingFilter - After request [GET /api/routes/routes, client=0:0:0:0:0:0:0:1, user=admin@mail.com]
2025-11-02 09:59:54 [http-nio-8081-exec-3] DEBUG o.s.w.f.CommonsRequestLoggingFilter - Before request [GET /api/integrated-apis?size=1000&isActive=true, client=0:0:0:0:0:0:0:1, user=admin@mail.com]
2025-11-02 09:59:54 [http-nio-8081-exec-3] DEBUG o.s.web.servlet.DispatcherServlet - GET "/api/integrated-apis?size=1000&isActive=true", parameters={masked}
2025-11-02 09:59:54 [http-nio-8081-exec-3] DEBUG o.s.w.s.m.m.a.RequestMappingHandlerMapping - Mapped to com.middleware.backend.kaotocamel.controller.IntegratedApiController#findAll(String, String, String, String, String, String, Boolean, String, LocalDateTime, LocalDateTime, LocalDateTime, LocalDateTime, String, Long, Long, int, int, String[])
2025-11-02 09:59:54 [http-nio-8081-exec-3] DEBUG c.m.b.k.c.IntegratedApiController - Received sort params: [id, desc]
2025-11-02 09:59:54 [http-nio-8081-exec-3] DEBUG c.m.b.k.c.IntegratedApiController - Handling separated params - field: 'id', direction: 'desc'
2025-11-02 09:59:54 [http-nio-8081-exec-3] DEBUG c.m.b.k.c.IntegratedApiController - Added separated sort order: id DESC
2025-11-02 09:59:54 [http-nio-8081-exec-3] DEBUG c.m.b.k.c.IntegratedApiController - Final sort object: id: DESC
2025-11-02 09:59:54 [http-nio-8081-exec-3] DEBUG o.s.w.s.m.m.a.HttpEntityMethodProcessor - Using 'application/json', given [application/json] and supported [application/json, application/*+json, application/yaml]
2025-11-02 09:59:54 [http-nio-8081-exec-3] DEBUG o.s.w.s.m.m.a.HttpEntityMethodProcessor - Writing [Page 1 of 1 containing com.middleware.backend.kaotocamel.dto.IntegratedApiDto instances]
2025-11-02 09:59:54 [http-nio-8081-exec-3] DEBUG o.s.web.servlet.DispatcherServlet - Completed 200 OK
2025-11-02 09:59:54 [http-nio-8081-exec-3] DEBUG o.a.camel.spring.SpringCamelContext - onApplicationEvent: ServletRequestHandledEvent: url=[/api/integrated-apis]; client=[0:0:0:0:0:0:0:1]; method=[GET]; status=[200]; servlet=[dispatcherServlet]; session=[null]; user=[admin@mail.com]; time=[67ms]
2025-11-02 09:59:54 [http-nio-8081-exec-3] DEBUG o.s.w.f.CommonsRequestLoggingFilter - After request [GET /api/integrated-apis?size=1000&isActive=true, client=0:0:0:0:0:0:0:1, user=admin@mail.com]
2025-11-02 09:59:54 [http-nio-8081-exec-4] DEBUG c.m.b.k.s.IntegrationMappingService - Searching with advanced filters - dynamicRouteId: null, integratedApiId: null, mappingType: null
2025-11-02 09:59:54 [http-nio-8081-exec-4] DEBUG c.m.b.k.s.IntegrationMappingService - Found 10 results out of 23 total
2025-11-02 09:59:54 [http-nio-8081-exec-4] DEBUG o.s.w.s.m.m.a.HttpEntityMethodProcessor - Using 'application/json', given [application/json] and supported [application/json, application/*+json, application/yaml]
2025-11-02 09:59:54 [http-nio-8081-exec-4] DEBUG o.s.w.s.m.m.a.HttpEntityMethodProcessor - Writing [Page 1 of 3 containing com.middleware.backend.kaotocamel.dto.IntegrationMappingDto instances]
2025-11-02 09:59:54 [http-nio-8081-exec-4] DEBUG o.s.web.servlet.DispatcherServlet - Completed 200 OK
2025-11-02 09:59:54 [http-nio-8081-exec-4] DEBUG o.a.camel.spring.SpringCamelContext - onApplicationEvent: ServletRequestHandledEvent: url=[/api/integration-mappings]; client=[0:0:0:0:0:0:0:1]; method=[GET]; status=[200]; servlet=[dispatcherServlet]; session=[null]; user=[admin@mail.com]; time=[175ms]
2025-11-02 09:59:54 [http-nio-8081-exec-4] DEBUG o.s.w.f.CommonsRequestLoggingFilter - After request [GET /api/integration-mappings?page=0&size=10, client=0:0:0:0:0:0:0:1, user=admin@mail.com]
2025-11-02 10:00:02 [scheduling-1] INFO  c.m.b.k.service.DynamicRouteService - Starting route status sync with Camel context
2025-11-02 10:00:02 [scheduling-1] INFO  c.m.b.k.service.DynamicRouteService - Completed route status sync
2025-11-02 10:00:12 [http-nio-8081-exec-7] INFO  c.m.b.k.service.DynamicRouteService - Fetching active routes with pagination
2025-11-02 10:00:12 [http-nio-8081-exec-1] INFO  c.m.b.k.service.DynamicRouteService - Fetching active routes with pagination
2025-11-02 10:00:12 [http-nio-8081-exec-10] INFO  c.m.b.k.service.DynamicRouteService - Fetching active routes with pagination
2025-11-02 10:00:12 [http-nio-8081-exec-1] DEBUG o.s.w.f.CommonsRequestLoggingFilter - Before request [GET /api/admin/rate-limit/camel/custom, client=0:0:0:0:0:0:0:1, user=admin@mail.com]
2025-11-02 10:00:12 [http-nio-8081-exec-1] DEBUG o.s.web.servlet.DispatcherServlet - GET "/api/admin/rate-limit/camel/custom", parameters={}
2025-11-02 10:00:12 [http-nio-8081-exec-1] DEBUG o.s.w.s.m.m.a.RequestMappingHandlerMapping - Mapped to com.middleware.backend.throttling.controller.RateLimitAdminController#getCustomCamelConfig()
2025-11-02 10:00:12 [http-nio-8081-exec-7] DEBUG o.s.w.f.CommonsRequestLoggingFilter - Before request [GET /api/admin/rate-limit, client=0:0:0:0:0:0:0:1, user=admin@mail.com]
2025-11-02 10:00:12 [http-nio-8081-exec-7] DEBUG o.s.web.servlet.DispatcherServlet - GET "/api/admin/rate-limit", parameters={}
2025-11-02 10:00:12 [http-nio-8081-exec-7] DEBUG o.s.w.s.m.m.a.RequestMappingHandlerMapping - Mapped to com.middleware.backend.throttling.controller.RateLimitAdminController#getConfig()
2025-11-02 10:00:12 [http-nio-8081-exec-10] DEBUG o.s.w.f.CommonsRequestLoggingFilter - Before request [GET /api/admin/rate-limit/camel, client=0:0:0:0:0:0:0:1, user=admin@mail.com]
2025-11-02 10:00:12 [http-nio-8081-exec-10] DEBUG o.s.web.servlet.DispatcherServlet - GET "/api/admin/rate-limit/camel", parameters={}
2025-11-02 10:00:12 [http-nio-8081-exec-10] DEBUG o.s.w.s.m.m.a.RequestMappingHandlerMapping - Mapped to com.middleware.backend.throttling.controller.RateLimitAdminController#getCamelConfig()
2025-11-02 10:00:12 [http-nio-8081-exec-1] DEBUG o.s.w.s.m.m.a.HttpEntityMethodProcessor - Using 'application/json', given [*/*] and supported [application/json, application/*+json, application/yaml]
2025-11-02 10:00:12 [http-nio-8081-exec-1] DEBUG o.s.w.s.m.m.a.HttpEntityMethodProcessor - Writing [[]]
2025-11-02 10:00:12 [http-nio-8081-exec-1] DEBUG o.s.web.servlet.DispatcherServlet - Completed 200 OK
2025-11-02 10:00:12 [http-nio-8081-exec-1] DEBUG o.a.camel.spring.SpringCamelContext - onApplicationEvent: ServletRequestHandledEvent: url=[/api/admin/rate-limit/camel/custom]; client=[0:0:0:0:0:0:0:1]; method=[GET]; status=[200]; servlet=[dispatcherServlet]; session=[null]; user=[admin@mail.com]; time=[69ms]
2025-11-02 10:00:12 [http-nio-8081-exec-1] DEBUG o.s.w.f.CommonsRequestLoggingFilter - After request [GET /api/admin/rate-limit/camel/custom, client=0:0:0:0:0:0:0:1, user=admin@mail.com]
2025-11-02 10:00:12 [http-nio-8081-exec-10] DEBUG o.s.w.s.m.m.a.RequestResponseBodyMethodProcessor - Using 'application/json', given [*/*] and supported [application/json, application/*+json, application/yaml]
2025-11-02 10:00:12 [http-nio-8081-exec-7] DEBUG o.s.w.s.m.m.a.RequestResponseBodyMethodProcessor - Using 'application/json', given [*/*] and supported [application/json, application/*+json, application/yaml]
2025-11-02 10:00:12 [http-nio-8081-exec-7] DEBUG o.s.w.s.m.m.a.RequestResponseBodyMethodProcessor - Writing [RateLimitConfig(id=1, limitRequests=100, windowSeconds=60)]
2025-11-02 10:00:12 [http-nio-8081-exec-10] DEBUG o.s.w.s.m.m.a.RequestResponseBodyMethodProcessor - Writing [CamelLimitConfig(id=1, seconds=60, requestLimit=100)]
2025-11-02 10:00:12 [http-nio-8081-exec-7] DEBUG o.s.web.servlet.DispatcherServlet - Completed 200 OK
2025-11-02 10:00:12 [http-nio-8081-exec-10] DEBUG o.s.web.servlet.DispatcherServlet - Completed 200 OK
2025-11-02 10:00:12 [http-nio-8081-exec-7] DEBUG o.a.camel.spring.SpringCamelContext - onApplicationEvent: ServletRequestHandledEvent: url=[/api/admin/rate-limit]; client=[0:0:0:0:0:0:0:1]; method=[GET]; status=[200]; servlet=[dispatcherServlet]; session=[null]; user=[admin@mail.com]; time=[76ms]
2025-11-02 10:00:12 [http-nio-8081-exec-10] DEBUG o.a.camel.spring.SpringCamelContext - onApplicationEvent: ServletRequestHandledEvent: url=[/api/admin/rate-limit/camel]; client=[0:0:0:0:0:0:0:1]; method=[GET]; status=[200]; servlet=[dispatcherServlet]; session=[null]; user=[admin@mail.com]; time=[72ms]
2025-11-02 10:00:12 [http-nio-8081-exec-7] DEBUG o.s.w.f.CommonsRequestLoggingFilter - After request [GET /api/admin/rate-limit, client=0:0:0:0:0:0:0:1, user=admin@mail.com]
2025-11-02 10:00:12 [http-nio-8081-exec-10] DEBUG o.s.w.f.CommonsRequestLoggingFilter - After request [GET /api/admin/rate-limit/camel, client=0:0:0:0:0:0:0:1, user=admin@mail.com]
2025-11-02 10:00:16 [http-nio-8081-exec-8] INFO  c.m.b.k.service.DynamicRouteService - Fetching active routes with pagination
2025-11-02 10:00:16 [http-nio-8081-exec-8] DEBUG o.s.w.f.CommonsRequestLoggingFilter - Before request [GET /api/scheduledjobs?page=0&size=10&sortedBy=updatedAt&sortDirection=desc, client=0:0:0:0:0:0:0:1, user=admin@mail.com]
2025-11-02 10:00:16 [http-nio-8081-exec-8] DEBUG o.s.web.servlet.DispatcherServlet - GET "/api/scheduledjobs?page=0&size=10&sortedBy=updatedAt&sortDirection=desc", parameters={masked}
2025-11-02 10:00:16 [http-nio-8081-exec-8] DEBUG o.s.w.s.m.m.a.RequestMappingHandlerMapping - Mapped to com.middleware.backend.scheduledJobs.controller.ScheduledJobsController#getAll(String, String, String, Boolean, String, String, int, int)
2025-11-02 10:00:16 [http-nio-8081-exec-8] DEBUG o.s.w.s.m.m.a.HttpEntityMethodProcessor - Using 'application/json', given [application/json, text/javascript, */*;q=0.01] and supported [application/json, application/*+json, application/yaml]
2025-11-02 10:00:16 [http-nio-8081-exec-8] DEBUG o.s.w.s.m.m.a.HttpEntityMethodProcessor - Writing [Page 1 of 2 containing com.middleware.backend.scheduledJobs.model.ScheduledJobs instances]
2025-11-02 10:00:16 [http-nio-8081-exec-8] DEBUG o.s.web.servlet.DispatcherServlet - Completed 200 OK
2025-11-02 10:00:16 [http-nio-8081-exec-8] DEBUG o.a.camel.spring.SpringCamelContext - onApplicationEvent: ServletRequestHandledEvent: url=[/api/scheduledjobs]; client=[0:0:0:0:0:0:0:1]; method=[GET]; status=[200]; servlet=[dispatcherServlet]; session=[null]; user=[admin@mail.com]; time=[107ms]
2025-11-02 10:00:16 [http-nio-8081-exec-8] DEBUG o.s.w.f.CommonsRequestLoggingFilter - After request [GET /api/scheduledjobs?page=0&size=10&sortedBy=updatedAt&sortDirection=desc, client=0:0:0:0:0:0:0:1, user=admin@mail.com]
2025-11-02 10:00:32 [scheduling-1] INFO  c.m.b.k.service.DynamicRouteService - Starting route status sync with Camel context
2025-11-02 10:00:32 [scheduling-1] INFO  c.m.b.k.service.DynamicRouteService - Completed route status sync
2025-11-02 10:01:02 [scheduling-1] INFO  c.m.b.k.service.DynamicRouteService - Starting route status sync with Camel context
2025-11-02 10:01:02 [scheduling-1] INFO  c.m.b.k.service.DynamicRouteService - Completed route status sync
2025-11-02 10:01:32 [scheduling-1] INFO  c.m.b.k.service.DynamicRouteService - Starting route status sync with Camel context
2025-11-02 10:01:32 [scheduling-1] INFO  c.m.b.k.service.DynamicRouteService - Completed route status sync
2025-11-02 10:02:02 [scheduling-1] INFO  c.m.b.k.service.DynamicRouteService - Starting route status sync with Camel context
2025-11-02 10:02:02 [scheduling-1] INFO  c.m.b.k.service.DynamicRouteService - Completed route status sync
2025-11-02 10:02:32 [scheduling-1] INFO  c.m.b.k.service.DynamicRouteService - Starting route status sync with Camel context
2025-11-02 10:02:32 [scheduling-1] INFO  c.m.b.k.service.DynamicRouteService - Completed route status sync
2025-11-02 10:03:02 [scheduling-1] INFO  c.m.b.k.service.DynamicRouteService - Starting route status sync with Camel context
2025-11-02 10:03:02 [scheduling-1] INFO  c.m.b.k.service.DynamicRouteService - Completed route status sync
2025-11-02 10:03:06 [http-nio-8081-exec-6] INFO  c.m.b.k.service.DynamicRouteService - Fetching active routes with pagination
2025-11-02 10:03:06 [http-nio-8081-exec-6] DEBUG o.s.w.f.CommonsRequestLoggingFilter - Before request [GET /api/role?roleName=&roleType=&page=0&size=10&sortedBy=updatedAt&sortDirection=desc, client=0:0:0:0:0:0:0:1, user=admin@mail.com]
2025-11-02 10:03:06 [http-nio-8081-exec-6] DEBUG o.s.web.servlet.DispatcherServlet - GET "/api/role?roleName=&roleType=&page=0&size=10&sortedBy=updatedAt&sortDirection=desc", parameters={masked}
2025-11-02 10:03:06 [http-nio-8081-exec-6] DEBUG o.s.w.s.m.m.a.RequestMappingHandlerMapping - Mapped to com.middleware.backend.users.Roles.controller.RoleController#getAllRoles(String, String, String, String, int, int)
2025-11-02 10:03:06 [http-nio-8081-exec-6] DEBUG o.s.w.s.m.m.a.HttpEntityMethodProcessor - Using 'application/json', given [*/*] and supported [application/json, application/*+json, application/yaml]
2025-11-02 10:03:06 [http-nio-8081-exec-6] DEBUG o.s.w.s.m.m.a.HttpEntityMethodProcessor - Writing [Page 1 of 1 containing com.middleware.backend.users.Roles.model.Role instances]
2025-11-02 10:03:06 [http-nio-8081-exec-6] DEBUG o.s.web.servlet.DispatcherServlet - Completed 200 OK
2025-11-02 10:03:06 [http-nio-8081-exec-6] DEBUG o.a.camel.spring.SpringCamelContext - onApplicationEvent: ServletRequestHandledEvent: url=[/api/role]; client=[0:0:0:0:0:0:0:1]; method=[GET]; status=[200]; servlet=[dispatcherServlet]; session=[null]; user=[admin@mail.com]; time=[104ms]
2025-11-02 10:03:06 [http-nio-8081-exec-6] DEBUG o.s.w.f.CommonsRequestLoggingFilter - After request [GET /api/role?roleName=&roleType=&page=0&size=10&sortedBy=updatedAt&sortDirection=desc, client=0:0:0:0:0:0:0:1, user=admin@mail.com]
2025-11-02 10:03:32 [scheduling-1] INFO  c.m.b.k.service.DynamicRouteService - Starting route status sync with Camel context
2025-11-02 10:03:32 [scheduling-1] INFO  c.m.b.k.service.DynamicRouteService - Completed route status sync
2025-11-02 10:04:02 [scheduling-1] INFO  c.m.b.k.service.DynamicRouteService - Starting route status sync with Camel context
2025-11-02 10:04:02 [scheduling-1] INFO  c.m.b.k.service.DynamicRouteService - Completed route status sync
2025-11-02 10:04:32 [scheduling-1] INFO  c.m.b.k.service.DynamicRouteService - Starting route status sync with Camel context
2025-11-02 10:04:32 [scheduling-1] INFO  c.m.b.k.service.DynamicRouteService - Completed route status sync
2025-11-02 10:05:02 [scheduling-1] INFO  c.m.b.k.service.DynamicRouteService - Starting route status sync with Camel context
2025-11-02 10:05:02 [scheduling-1] INFO  c.m.b.k.service.DynamicRouteService - Completed route status sync
2025-11-02 10:05:32 [scheduling-1] INFO  c.m.b.k.service.DynamicRouteService - Starting route status sync with Camel context
2025-11-02 10:05:32 [scheduling-1] INFO  c.m.b.k.service.DynamicRouteService - Completed route status sync
2025-11-02 10:05:46 [http-nio-8081-exec-10] INFO  c.m.b.k.service.DynamicRouteService - Fetching active routes with pagination
2025-11-02 10:05:46 [http-nio-8081-exec-10] DEBUG o.s.w.f.CommonsRequestLoggingFilter - Before request [GET /api/role?roleName=&roleType=&page=0&size=10&sortedBy=updatedAt&sortDirection=desc, client=0:0:0:0:0:0:0:1, user=admin@mail.com]
2025-11-02 10:05:46 [http-nio-8081-exec-10] DEBUG o.s.web.servlet.DispatcherServlet - GET "/api/role?roleName=&roleType=&page=0&size=10&sortedBy=updatedAt&sortDirection=desc", parameters={masked}
2025-11-02 10:05:46 [http-nio-8081-exec-10] DEBUG o.s.w.s.m.m.a.RequestMappingHandlerMapping - Mapped to com.middleware.backend.users.Roles.controller.RoleController#getAllRoles(String, String, String, String, int, int)
2025-11-02 10:05:46 [http-nio-8081-exec-10] DEBUG o.s.w.s.m.m.a.HttpEntityMethodProcessor - Using 'application/json', given [*/*] and supported [application/json, application/*+json, application/yaml]
2025-11-02 10:05:46 [http-nio-8081-exec-10] DEBUG o.s.w.s.m.m.a.HttpEntityMethodProcessor - Writing [Page 1 of 1 containing com.middleware.backend.users.Roles.model.Role instances]
2025-11-02 10:05:46 [http-nio-8081-exec-10] DEBUG o.s.web.servlet.DispatcherServlet - Completed 200 OK
2025-11-02 10:05:46 [http-nio-8081-exec-10] DEBUG o.a.camel.spring.SpringCamelContext - onApplicationEvent: ServletRequestHandledEvent: url=[/api/role]; client=[0:0:0:0:0:0:0:1]; method=[GET]; status=[200]; servlet=[dispatcherServlet]; session=[null]; user=[admin@mail.com]; time=[105ms]
2025-11-02 10:05:46 [http-nio-8081-exec-10] DEBUG o.s.w.f.CommonsRequestLoggingFilter - After request [GET /api/role?roleName=&roleType=&page=0&size=10&sortedBy=updatedAt&sortDirection=desc, client=0:0:0:0:0:0:0:1, user=admin@mail.com]
2025-11-02 10:06:02 [scheduling-1] INFO  c.m.b.k.service.DynamicRouteService - Starting route status sync with Camel context
2025-11-02 10:06:02 [scheduling-1] INFO  c.m.b.k.service.DynamicRouteService - Completed route status sync
2025-11-02 10:06:32 [scheduling-1] INFO  c.m.b.k.service.DynamicRouteService - Starting route status sync with Camel context
2025-11-02 10:06:32 [scheduling-1] INFO  c.m.b.k.service.DynamicRouteService - Completed route status sync
2025-11-02 10:07:02 [scheduling-1] INFO  c.m.b.k.service.DynamicRouteService - Starting route status sync with Camel context
2025-11-02 10:07:02 [scheduling-1] INFO  c.m.b.k.service.DynamicRouteService - Completed route status sync
2025-11-02 10:07:32 [scheduling-1] INFO  c.m.b.k.service.DynamicRouteService - Starting route status sync with Camel context
2025-11-02 10:07:32 [scheduling-1] INFO  c.m.b.k.service.DynamicRouteService - Completed route status sync
2025-11-02 10:08:02 [scheduling-1] INFO  c.m.b.k.service.DynamicRouteService - Starting route status sync with Camel context
2025-11-02 10:08:02 [scheduling-1] INFO  c.m.b.k.service.DynamicRouteService - Completed route status sync
2025-11-02 10:08:32 [scheduling-1] INFO  c.m.b.k.service.DynamicRouteService - Starting route status sync with Camel context
2025-11-02 10:08:32 [scheduling-1] INFO  c.m.b.k.service.DynamicRouteService - Completed route status sync
2025-11-02 10:09:02 [scheduling-1] INFO  c.m.b.k.service.DynamicRouteService - Starting route status sync with Camel context
2025-11-02 10:09:02 [scheduling-1] INFO  c.m.b.k.service.DynamicRouteService - Completed route status sync
2025-11-02 10:09:32 [scheduling-1] INFO  c.m.b.k.service.DynamicRouteService - Starting route status sync with Camel context
2025-11-02 10:09:32 [scheduling-1] INFO  c.m.b.k.service.DynamicRouteService - Completed route status sync
2025-11-02 10:10:02 [scheduling-1] INFO  c.m.b.k.service.DynamicRouteService - Starting route status sync with Camel context
2025-11-02 10:10:02 [scheduling-1] INFO  c.m.b.k.service.DynamicRouteService - Completed route status sync
2025-11-02 10:10:32 [scheduling-1] INFO  c.m.b.k.service.DynamicRouteService - Starting route status sync with Camel context
2025-11-02 10:10:32 [scheduling-1] INFO  c.m.b.k.service.DynamicRouteService - Completed route status sync
2025-11-02 10:11:02 [scheduling-1] INFO  c.m.b.k.service.DynamicRouteService - Starting route status sync with Camel context
2025-11-02 10:11:02 [scheduling-1] INFO  c.m.b.k.service.DynamicRouteService - Completed route status sync
2025-11-02 10:11:32 [scheduling-1] INFO  c.m.b.k.service.DynamicRouteService - Starting route status sync with Camel context
2025-11-02 10:11:32 [scheduling-1] INFO  c.m.b.k.service.DynamicRouteService - Completed route status sync
2025-11-02 10:12:02 [scheduling-1] INFO  c.m.b.k.service.DynamicRouteService - Starting route status sync with Camel context
2025-11-02 10:12:02 [scheduling-1] INFO  c.m.b.k.service.DynamicRouteService - Completed route status sync
2025-11-02 10:12:32 [scheduling-1] INFO  c.m.b.k.service.DynamicRouteService - Starting route status sync with Camel context
2025-11-02 10:12:32 [scheduling-1] INFO  c.m.b.k.service.DynamicRouteService - Completed route status sync
2025-11-02 10:13:02 [scheduling-1] INFO  c.m.b.k.service.DynamicRouteService - Starting route status sync with Camel context
2025-11-02 10:13:02 [scheduling-1] INFO  c.m.b.k.service.DynamicRouteService - Completed route status sync
2025-11-02 10:13:32 [scheduling-1] INFO  c.m.b.k.service.DynamicRouteService - Starting route status sync with Camel context
2025-11-02 10:13:32 [scheduling-1] INFO  c.m.b.k.service.DynamicRouteService - Completed route status sync
2025-11-02 10:14:01 [http-nio-8081-exec-8] INFO  c.m.b.k.service.DynamicRouteService - Fetching active routes with pagination
2025-11-02 10:14:01 [http-nio-8081-exec-8] DEBUG o.s.w.f.CommonsRequestLoggingFilter - Before request [GET /api/role?roleName=&roleType=&page=0&size=10&sortedBy=updatedAt&sortDirection=desc, client=0:0:0:0:0:0:0:1, user=admin@mail.com]
2025-11-02 10:14:01 [http-nio-8081-exec-8] DEBUG o.s.web.servlet.DispatcherServlet - GET "/api/role?roleName=&roleType=&page=0&size=10&sortedBy=updatedAt&sortDirection=desc", parameters={masked}
2025-11-02 10:14:01 [http-nio-8081-exec-8] DEBUG o.s.w.s.m.m.a.RequestMappingHandlerMapping - Mapped to com.middleware.backend.users.Roles.controller.RoleController#getAllRoles(String, String, String, String, int, int)
2025-11-02 10:14:02 [http-nio-8081-exec-8] DEBUG o.s.w.s.m.m.a.HttpEntityMethodProcessor - Using 'application/json', given [*/*] and supported [application/json, application/*+json, application/yaml]
2025-11-02 10:14:02 [http-nio-8081-exec-8] DEBUG o.s.w.s.m.m.a.HttpEntityMethodProcessor - Writing [Page 1 of 1 containing com.middleware.backend.users.Roles.model.Role instances]
2025-11-02 10:14:02 [http-nio-8081-exec-8] DEBUG o.s.web.servlet.DispatcherServlet - Completed 200 OK
2025-11-02 10:14:02 [http-nio-8081-exec-8] DEBUG o.a.camel.spring.SpringCamelContext - onApplicationEvent: ServletRequestHandledEvent: url=[/api/role]; client=[0:0:0:0:0:0:0:1]; method=[GET]; status=[200]; servlet=[dispatcherServlet]; session=[null]; user=[admin@mail.com]; time=[87ms]
2025-11-02 10:14:02 [http-nio-8081-exec-8] DEBUG o.s.w.f.CommonsRequestLoggingFilter - After request [GET /api/role?roleName=&roleType=&page=0&size=10&sortedBy=updatedAt&sortDirection=desc, client=0:0:0:0:0:0:0:1, user=admin@mail.com]
2025-11-02 10:14:02 [http-nio-8081-exec-5] INFO  c.m.b.k.service.DynamicRouteService - Fetching active routes with pagination
2025-11-02 10:14:02 [http-nio-8081-exec-5] DEBUG o.s.w.f.CommonsRequestLoggingFilter - Before request [GET /api/role?roleName=&roleType=&page=0&size=10&sortedBy=updatedAt&sortDirection=desc, client=0:0:0:0:0:0:0:1, user=admin@mail.com]
2025-11-02 10:14:02 [http-nio-8081-exec-5] DEBUG o.s.web.servlet.DispatcherServlet - GET "/api/role?roleName=&roleType=&page=0&size=10&sortedBy=updatedAt&sortDirection=desc", parameters={masked}
2025-11-02 10:14:02 [http-nio-8081-exec-5] DEBUG o.s.w.s.m.m.a.RequestMappingHandlerMapping - Mapped to com.middleware.backend.users.Roles.controller.RoleController#getAllRoles(String, String, String, String, int, int)
2025-11-02 10:14:02 [http-nio-8081-exec-5] DEBUG o.s.w.s.m.m.a.HttpEntityMethodProcessor - Using 'application/json', given [*/*] and supported [application/json, application/*+json, application/yaml]
2025-11-02 10:14:02 [http-nio-8081-exec-5] DEBUG o.s.w.s.m.m.a.HttpEntityMethodProcessor - Writing [Page 1 of 1 containing com.middleware.backend.users.Roles.model.Role instances]
2025-11-02 10:14:02 [http-nio-8081-exec-5] DEBUG o.s.web.servlet.DispatcherServlet - Completed 200 OK
2025-11-02 10:14:02 [http-nio-8081-exec-5] DEBUG o.a.camel.spring.SpringCamelContext - onApplicationEvent: ServletRequestHandledEvent: url=[/api/role]; client=[0:0:0:0:0:0:0:1]; method=[GET]; status=[200]; servlet=[dispatcherServlet]; session=[null]; user=[admin@mail.com]; time=[92ms]
2025-11-02 10:14:02 [http-nio-8081-exec-5] DEBUG o.s.w.f.CommonsRequestLoggingFilter - After request [GET /api/role?roleName=&roleType=&page=0&size=10&sortedBy=updatedAt&sortDirection=desc, client=0:0:0:0:0:0:0:1, user=admin@mail.com]
2025-11-02 10:14:02 [scheduling-1] INFO  c.m.b.k.service.DynamicRouteService - Starting route status sync with Camel context
2025-11-02 10:14:03 [scheduling-1] INFO  c.m.b.k.service.DynamicRouteService - Completed route status sync
2025-11-02 10:14:32 [scheduling-1] INFO  c.m.b.k.service.DynamicRouteService - Starting route status sync with Camel context
2025-11-02 10:14:32 [scheduling-1] INFO  c.m.b.k.service.DynamicRouteService - Completed route status sync
2025-11-02 10:15:02 [scheduling-1] INFO  c.m.b.k.service.DynamicRouteService - Starting route status sync with Camel context
2025-11-02 10:15:02 [scheduling-1] INFO  c.m.b.k.service.DynamicRouteService - Completed route status sync
2025-11-02 10:15:32 [scheduling-1] INFO  c.m.b.k.service.DynamicRouteService - Starting route status sync with Camel context
2025-11-02 10:15:32 [scheduling-1] INFO  c.m.b.k.service.DynamicRouteService - Completed route status sync
2025-11-02 10:16:02 [scheduling-1] INFO  c.m.b.k.service.DynamicRouteService - Starting route status sync with Camel context
2025-11-02 10:16:02 [scheduling-1] INFO  c.m.b.k.service.DynamicRouteService - Completed route status sync
2025-11-02 10:16:32 [scheduling-1] INFO  c.m.b.k.service.DynamicRouteService - Starting route status sync with Camel context
2025-11-02 10:16:32 [scheduling-1] INFO  c.m.b.k.service.DynamicRouteService - Completed route status sync
2025-11-02 10:17:02 [scheduling-1] INFO  c.m.b.k.service.DynamicRouteService - Starting route status sync with Camel context
2025-11-02 10:17:02 [scheduling-1] INFO  c.m.b.k.service.DynamicRouteService - Completed route status sync
2025-11-02 10:17:32 [scheduling-1] INFO  c.m.b.k.service.DynamicRouteService - Starting route status sync with Camel context
2025-11-02 10:17:32 [scheduling-1] INFO  c.m.b.k.service.DynamicRouteService - Completed route status sync
2025-11-02 10:18:02 [scheduling-1] INFO  c.m.b.k.service.DynamicRouteService - Starting route status sync with Camel context
2025-11-02 10:18:02 [scheduling-1] INFO  c.m.b.k.service.DynamicRouteService - Completed route status sync
2025-11-02 10:18:32 [scheduling-1] INFO  c.m.b.k.service.DynamicRouteService - Starting route status sync with Camel context
2025-11-02 10:18:32 [scheduling-1] INFO  c.m.b.k.service.DynamicRouteService - Completed route status sync
2025-11-02 10:19:02 [scheduling-1] INFO  c.m.b.k.service.DynamicRouteService - Starting route status sync with Camel context
2025-11-02 10:19:02 [scheduling-1] INFO  c.m.b.k.service.DynamicRouteService - Completed route status sync
2025-11-02 10:19:32 [scheduling-1] INFO  c.m.b.k.service.DynamicRouteService - Starting route status sync with Camel context
2025-11-02 10:19:32 [scheduling-1] INFO  c.m.b.k.service.DynamicRouteService - Completed route status sync
2025-11-02 10:20:03 [scheduling-1] INFO  c.m.b.k.service.DynamicRouteService - Starting route status sync with Camel context
2025-11-02 10:20:03 [scheduling-1] INFO  c.m.b.k.service.DynamicRouteService - Completed route status sync
2025-11-02 10:20:32 [scheduling-1] INFO  c.m.b.k.service.DynamicRouteService - Starting route status sync with Camel context
2025-11-02 10:20:32 [scheduling-1] INFO  c.m.b.k.service.DynamicRouteService - Completed route status sync
2025-11-02 10:21:02 [scheduling-1] INFO  c.m.b.k.service.DynamicRouteService - Starting route status sync with Camel context
2025-11-02 10:21:03 [scheduling-1] INFO  c.m.b.k.service.DynamicRouteService - Completed route status sync
2025-11-02 10:21:32 [scheduling-1] INFO  c.m.b.k.service.DynamicRouteService - Starting route status sync with Camel context
2025-11-02 10:21:33 [scheduling-1] INFO  c.m.b.k.service.DynamicRouteService - Completed route status sync
2025-11-02 10:22:03 [scheduling-1] INFO  c.m.b.k.service.DynamicRouteService - Starting route status sync with Camel context
2025-11-02 10:22:03 [scheduling-1] INFO  c.m.b.k.service.DynamicRouteService - Completed route status sync
2025-11-02 10:22:32 [scheduling-1] INFO  c.m.b.k.service.DynamicRouteService - Starting route status sync with Camel context
2025-11-02 10:22:33 [scheduling-1] INFO  c.m.b.k.service.DynamicRouteService - Completed route status sync
2025-11-02 10:23:03 [scheduling-1] INFO  c.m.b.k.service.DynamicRouteService - Starting route status sync with Camel context
2025-11-02 10:23:03 [scheduling-1] INFO  c.m.b.k.service.DynamicRouteService - Completed route status sync
2025-11-02 10:23:32 [scheduling-1] INFO  c.m.b.k.service.DynamicRouteService - Starting route status sync with Camel context
2025-11-02 10:23:33 [scheduling-1] INFO  c.m.b.k.service.DynamicRouteService - Completed route status sync
2025-11-02 10:24:03 [scheduling-1] INFO  c.m.b.k.service.DynamicRouteService - Starting route status sync with Camel context
2025-11-02 10:24:03 [scheduling-1] INFO  c.m.b.k.service.DynamicRouteService - Completed route status sync
2025-11-02 10:24:32 [scheduling-1] INFO  c.m.b.k.service.DynamicRouteService - Starting route status sync with Camel context
2025-11-02 10:24:33 [scheduling-1] INFO  c.m.b.k.service.DynamicRouteService - Completed route status sync
2025-11-02 10:25:03 [scheduling-1] INFO  c.m.b.k.service.DynamicRouteService - Starting route status sync with Camel context
2025-11-02 10:25:03 [scheduling-1] INFO  c.m.b.k.service.DynamicRouteService - Completed route status sync
2025-11-02 10:25:32 [scheduling-1] INFO  c.m.b.k.service.DynamicRouteService - Starting route status sync with Camel context
2025-11-02 10:25:33 [scheduling-1] INFO  c.m.b.k.service.DynamicRouteService - Completed route status sync
2025-11-02 10:26:02 [scheduling-1] INFO  c.m.b.k.service.DynamicRouteService - Starting route status sync with Camel context
2025-11-02 10:26:03 [scheduling-1] INFO  c.m.b.k.service.DynamicRouteService - Completed route status sync
2025-11-02 10:26:32 [scheduling-1] INFO  c.m.b.k.service.DynamicRouteService - Starting route status sync with Camel context
2025-11-02 10:26:33 [scheduling-1] INFO  c.m.b.k.service.DynamicRouteService - Completed route status sync
2025-11-02 10:27:03 [scheduling-1] INFO  c.m.b.k.service.DynamicRouteService - Starting route status sync with Camel context
2025-11-02 10:27:03 [scheduling-1] INFO  c.m.b.k.service.DynamicRouteService - Completed route status sync
2025-11-02 10:27:32 [scheduling-1] INFO  c.m.b.k.service.DynamicRouteService - Starting route status sync with Camel context
2025-11-02 10:27:32 [scheduling-1] INFO  c.m.b.k.service.DynamicRouteService - Completed route status sync
2025-11-02 10:28:02 [scheduling-1] INFO  c.m.b.k.service.DynamicRouteService - Starting route status sync with Camel context
2025-11-02 10:28:03 [scheduling-1] INFO  c.m.b.k.service.DynamicRouteService - Completed route status sync
2025-11-02 10:28:32 [scheduling-1] INFO  c.m.b.k.service.DynamicRouteService - Starting route status sync with Camel context
2025-11-02 10:28:32 [scheduling-1] INFO  c.m.b.k.service.DynamicRouteService - Completed route status sync
2025-11-02 10:29:03 [scheduling-1] INFO  c.m.b.k.service.DynamicRouteService - Starting route status sync with Camel context
2025-11-02 10:29:03 [scheduling-1] INFO  c.m.b.k.service.DynamicRouteService - Completed route status sync
2025-11-02 10:29:32 [scheduling-1] INFO  c.m.b.k.service.DynamicRouteService - Starting route status sync with Camel context
2025-11-02 10:29:33 [scheduling-1] INFO  c.m.b.k.service.DynamicRouteService - Completed route status sync
2025-11-02 10:30:02 [scheduling-1] INFO  c.m.b.k.service.DynamicRouteService - Starting route status sync with Camel context
2025-11-02 10:30:02 [scheduling-1] INFO  c.m.b.k.service.DynamicRouteService - Completed route status sync
2025-11-02 10:30:32 [scheduling-1] INFO  c.m.b.k.service.DynamicRouteService - Starting route status sync with Camel context
2025-11-02 10:30:33 [scheduling-1] INFO  c.m.b.k.service.DynamicRouteService - Completed route status sync
2025-11-02 10:31:03 [scheduling-1] INFO  c.m.b.k.service.DynamicRouteService - Starting route status sync with Camel context
2025-11-02 10:31:03 [scheduling-1] INFO  c.m.b.k.service.DynamicRouteService - Completed route status sync
2025-11-02 10:31:32 [scheduling-1] INFO  c.m.b.k.service.DynamicRouteService - Starting route status sync with Camel context
2025-11-02 10:31:33 [scheduling-1] INFO  c.m.b.k.service.DynamicRouteService - Completed route status sync
2025-11-02 10:32:02 [scheduling-1] INFO  c.m.b.k.service.DynamicRouteService - Starting route status sync with Camel context
2025-11-02 10:32:02 [scheduling-1] INFO  c.m.b.k.service.DynamicRouteService - Completed route status sync
2025-11-02 10:32:32 [scheduling-1] INFO  c.m.b.k.service.DynamicRouteService - Starting route status sync with Camel context
2025-11-02 10:32:33 [scheduling-1] INFO  c.m.b.k.service.DynamicRouteService - Completed route status sync
2025-11-02 10:33:02 [scheduling-1] INFO  c.m.b.k.service.DynamicRouteService - Starting route status sync with Camel context
2025-11-02 10:33:03 [scheduling-1] INFO  c.m.b.k.service.DynamicRouteService - Completed route status sync
2025-11-02 10:33:33 [scheduling-1] INFO  c.m.b.k.service.DynamicRouteService - Starting route status sync with Camel context
2025-11-02 10:33:33 [scheduling-1] INFO  c.m.b.k.service.DynamicRouteService - Completed route status sync
2025-11-02 10:34:02 [scheduling-1] INFO  c.m.b.k.service.DynamicRouteService - Starting route status sync with Camel context
2025-11-02 10:34:03 [scheduling-1] INFO  c.m.b.k.service.DynamicRouteService - Completed route status sync
2025-11-02 10:34:33 [scheduling-1] INFO  c.m.b.k.service.DynamicRouteService - Starting route status sync with Camel context
2025-11-02 10:34:33 [scheduling-1] INFO  c.m.b.k.service.DynamicRouteService - Completed route status sync
2025-11-02 10:35:02 [scheduling-1] INFO  c.m.b.k.service.DynamicRouteService - Starting route status sync with Camel context
2025-11-02 10:35:03 [scheduling-1] INFO  c.m.b.k.service.DynamicRouteService - Completed route status sync
2025-11-02 10:35:33 [scheduling-1] INFO  c.m.b.k.service.DynamicRouteService - Starting route status sync with Camel context
2025-11-02 10:35:33 [scheduling-1] INFO  c.m.b.k.service.DynamicRouteService - Completed route status sync
2025-11-02 10:36:02 [scheduling-1] INFO  c.m.b.k.service.DynamicRouteService - Starting route status sync with Camel context
2025-11-02 10:36:03 [scheduling-1] INFO  c.m.b.k.service.DynamicRouteService - Completed route status sync
2025-11-02 10:36:32 [scheduling-1] INFO  c.m.b.k.service.DynamicRouteService - Starting route status sync with Camel context
2025-11-02 10:36:33 [scheduling-1] INFO  c.m.b.k.service.DynamicRouteService - Completed route status sync
2025-11-02 10:37:02 [scheduling-1] INFO  c.m.b.k.service.DynamicRouteService - Starting route status sync with Camel context
2025-11-02 10:37:03 [scheduling-1] INFO  c.m.b.k.service.DynamicRouteService - Completed route status sync
2025-11-02 10:37:32 [scheduling-1] INFO  c.m.b.k.service.DynamicRouteService - Starting route status sync with Camel context
2025-11-02 10:37:32 [scheduling-1] INFO  c.m.b.k.service.DynamicRouteService - Completed route status sync
2025-11-02 10:38:02 [scheduling-1] INFO  c.m.b.k.service.DynamicRouteService - Starting route status sync with Camel context
2025-11-02 10:38:02 [scheduling-1] INFO  c.m.b.k.service.DynamicRouteService - Completed route status sync
2025-11-02 10:38:32 [scheduling-1] INFO  c.m.b.k.service.DynamicRouteService - Starting route status sync with Camel context
2025-11-02 10:38:32 [scheduling-1] INFO  c.m.b.k.service.DynamicRouteService - Completed route status sync
2025-11-02 10:39:03 [scheduling-1] INFO  c.m.b.k.service.DynamicRouteService - Starting route status sync with Camel context
2025-11-02 10:39:03 [scheduling-1] INFO  c.m.b.k.service.DynamicRouteService - Completed route status sync
2025-11-02 10:39:32 [scheduling-1] INFO  c.m.b.k.service.DynamicRouteService - Starting route status sync with Camel context
2025-11-02 10:39:33 [scheduling-1] INFO  c.m.b.k.service.DynamicRouteService - Completed route status sync
2025-11-02 10:40:02 [scheduling-1] INFO  c.m.b.k.service.DynamicRouteService - Starting route status sync with Camel context
2025-11-02 10:40:03 [scheduling-1] INFO  c.m.b.k.service.DynamicRouteService - Completed route status sync
2025-11-02 10:40:32 [scheduling-1] INFO  c.m.b.k.service.DynamicRouteService - Starting route status sync with Camel context
2025-11-02 10:40:33 [scheduling-1] INFO  c.m.b.k.service.DynamicRouteService - Completed route status sync
2025-11-02 10:41:02 [scheduling-1] INFO  c.m.b.k.service.DynamicRouteService - Starting route status sync with Camel context
2025-11-02 10:41:03 [scheduling-1] INFO  c.m.b.k.service.DynamicRouteService - Completed route status sync
2025-11-02 10:41:32 [scheduling-1] INFO  c.m.b.k.service.DynamicRouteService - Starting route status sync with Camel context
2025-11-02 10:41:33 [scheduling-1] INFO  c.m.b.k.service.DynamicRouteService - Completed route status sync
2025-11-02 10:42:02 [scheduling-1] INFO  c.m.b.k.service.DynamicRouteService - Starting route status sync with Camel context
2025-11-02 10:42:02 [scheduling-1] INFO  c.m.b.k.service.DynamicRouteService - Completed route status sync
2025-11-02 10:42:33 [scheduling-1] INFO  c.m.b.k.service.DynamicRouteService - Starting route status sync with Camel context
2025-11-02 10:42:33 [scheduling-1] INFO  c.m.b.k.service.DynamicRouteService - Completed route status sync
2025-11-02 10:43:02 [scheduling-1] INFO  c.m.b.k.service.DynamicRouteService - Starting route status sync with Camel context
2025-11-02 10:43:03 [scheduling-1] INFO  c.m.b.k.service.DynamicRouteService - Completed route status sync
2025-11-02 10:43:33 [scheduling-1] INFO  c.m.b.k.service.DynamicRouteService - Starting route status sync with Camel context
2025-11-02 10:43:33 [scheduling-1] INFO  c.m.b.k.service.DynamicRouteService - Completed route status sync
2025-11-02 10:44:02 [scheduling-1] INFO  c.m.b.k.service.DynamicRouteService - Starting route status sync with Camel context
2025-11-02 10:44:03 [scheduling-1] INFO  c.m.b.k.service.DynamicRouteService - Completed route status sync
2025-11-02 10:44:32 [scheduling-1] INFO  c.m.b.k.service.DynamicRouteService - Starting route status sync with Camel context
2025-11-02 10:44:33 [scheduling-1] INFO  c.m.b.k.service.DynamicRouteService - Completed route status sync
2025-11-02 10:45:02 [scheduling-1] INFO  c.m.b.k.service.DynamicRouteService - Starting route status sync with Camel context
2025-11-02 10:45:03 [scheduling-1] INFO  c.m.b.k.service.DynamicRouteService - Completed route status sync
2025-11-02 10:45:33 [scheduling-1] INFO  c.m.b.k.service.DynamicRouteService - Starting route status sync with Camel context
2025-11-02 10:45:33 [scheduling-1] INFO  c.m.b.k.service.DynamicRouteService - Completed route status sync
2025-11-02 10:46:02 [scheduling-1] INFO  c.m.b.k.service.DynamicRouteService - Starting route status sync with Camel context
2025-11-02 10:46:03 [scheduling-1] INFO  c.m.b.k.service.DynamicRouteService - Completed route status sync
2025-11-02 10:46:32 [scheduling-1] INFO  c.m.b.k.service.DynamicRouteService - Starting route status sync with Camel context
2025-11-02 10:46:32 [scheduling-1] INFO  c.m.b.k.service.DynamicRouteService - Completed route status sync
2025-11-02 10:47:02 [scheduling-1] INFO  c.m.b.k.service.DynamicRouteService - Starting route status sync with Camel context
2025-11-02 10:47:03 [scheduling-1] INFO  c.m.b.k.service.DynamicRouteService - Completed route status sync
2025-11-02 10:47:33 [scheduling-1] INFO  c.m.b.k.service.DynamicRouteService - Starting route status sync with Camel context
2025-11-02 10:47:33 [scheduling-1] INFO  c.m.b.k.service.DynamicRouteService - Completed route status sync
2025-11-02 10:48:02 [scheduling-1] INFO  c.m.b.k.service.DynamicRouteService - Starting route status sync with Camel context
2025-11-02 10:48:03 [scheduling-1] INFO  c.m.b.k.service.DynamicRouteService - Completed route status sync
2025-11-02 10:48:33 [scheduling-1] INFO  c.m.b.k.service.DynamicRouteService - Starting route status sync with Camel context
2025-11-02 10:48:33 [scheduling-1] INFO  c.m.b.k.service.DynamicRouteService - Completed route status sync
2025-11-02 10:49:02 [scheduling-1] INFO  c.m.b.k.service.DynamicRouteService - Starting route status sync with Camel context
2025-11-02 10:49:03 [scheduling-1] INFO  c.m.b.k.service.DynamicRouteService - Completed route status sync
2025-11-02 10:49:32 [scheduling-1] INFO  c.m.b.k.service.DynamicRouteService - Starting route status sync with Camel context
2025-11-02 10:49:33 [scheduling-1] INFO  c.m.b.k.service.DynamicRouteService - Completed route status sync
2025-11-02 10:50:02 [scheduling-1] INFO  c.m.b.k.service.DynamicRouteService - Starting route status sync with Camel context
2025-11-02 10:50:02 [scheduling-1] INFO  c.m.b.k.service.DynamicRouteService - Completed route status sync
2025-11-02 10:50:32 [scheduling-1] INFO  c.m.b.k.service.DynamicRouteService - Starting route status sync with Camel context
2025-11-02 10:50:32 [scheduling-1] INFO  c.m.b.k.service.DynamicRouteService - Completed route status sync
2025-11-02 10:51:02 [scheduling-1] INFO  c.m.b.k.service.DynamicRouteService - Starting route status sync with Camel context
2025-11-02 10:51:03 [scheduling-1] INFO  c.m.b.k.service.DynamicRouteService - Completed route status sync
2025-11-02 10:51:33 [scheduling-1] INFO  c.m.b.k.service.DynamicRouteService - Starting route status sync with Camel context
2025-11-02 10:51:33 [scheduling-1] INFO  c.m.b.k.service.DynamicRouteService - Completed route status sync
2025-11-02 10:52:02 [scheduling-1] INFO  c.m.b.k.service.DynamicRouteService - Starting route status sync with Camel context
2025-11-02 10:52:03 [scheduling-1] INFO  c.m.b.k.service.DynamicRouteService - Completed route status sync
2025-11-02 10:52:32 [scheduling-1] INFO  c.m.b.k.service.DynamicRouteService - Starting route status sync with Camel context
2025-11-02 10:52:33 [scheduling-1] INFO  c.m.b.k.service.DynamicRouteService - Completed route status sync
2025-11-02 10:53:02 [scheduling-1] INFO  c.m.b.k.service.DynamicRouteService - Starting route status sync with Camel context
2025-11-02 10:53:03 [scheduling-1] INFO  c.m.b.k.service.DynamicRouteService - Completed route status sync
2025-11-02 10:53:32 [scheduling-1] INFO  c.m.b.k.service.DynamicRouteService - Starting route status sync with Camel context
2025-11-02 10:53:32 [scheduling-1] INFO  c.m.b.k.service.DynamicRouteService - Completed route status sync
2025-11-02 10:54:02 [scheduling-1] INFO  c.m.b.k.service.DynamicRouteService - Starting route status sync with Camel context
2025-11-02 10:54:02 [scheduling-1] INFO  c.m.b.k.service.DynamicRouteService - Completed route status sync
2025-11-02 10:54:32 [scheduling-1] INFO  c.m.b.k.service.DynamicRouteService - Starting route status sync with Camel context
2025-11-02 10:54:32 [scheduling-1] INFO  c.m.b.k.service.DynamicRouteService - Completed route status sync
2025-11-02 10:55:02 [scheduling-1] INFO  c.m.b.k.service.DynamicRouteService - Starting route status sync with Camel context
2025-11-02 10:55:03 [scheduling-1] INFO  c.m.b.k.service.DynamicRouteService - Completed route status sync
2025-11-02 10:55:33 [scheduling-1] INFO  c.m.b.k.service.DynamicRouteService - Starting route status sync with Camel context
2025-11-02 10:55:33 [scheduling-1] INFO  c.m.b.k.service.DynamicRouteService - Completed route status sync
2025-11-02 10:56:02 [scheduling-1] INFO  c.m.b.k.service.DynamicRouteService - Starting route status sync with Camel context
2025-11-02 10:56:02 [scheduling-1] INFO  c.m.b.k.service.DynamicRouteService - Completed route status sync
2025-11-02 10:56:32 [scheduling-1] INFO  c.m.b.k.service.DynamicRouteService - Starting route status sync with Camel context
2025-11-02 10:56:32 [scheduling-1] INFO  c.m.b.k.service.DynamicRouteService - Completed route status sync
2025-11-02 10:57:02 [scheduling-1] INFO  c.m.b.k.service.DynamicRouteService - Starting route status sync with Camel context
2025-11-02 10:57:03 [scheduling-1] INFO  c.m.b.k.service.DynamicRouteService - Completed route status sync
2025-11-02 10:57:32 [scheduling-1] INFO  c.m.b.k.service.DynamicRouteService - Starting route status sync with Camel context
2025-11-02 10:57:32 [scheduling-1] INFO  c.m.b.k.service.DynamicRouteService - Completed route status sync
2025-11-02 10:58:03 [scheduling-1] INFO  c.m.b.k.service.DynamicRouteService - Starting route status sync with Camel context
2025-11-02 10:58:03 [scheduling-1] INFO  c.m.b.k.service.DynamicRouteService - Completed route status sync
2025-11-02 10:58:32 [scheduling-1] INFO  c.m.b.k.service.DynamicRouteService - Starting route status sync with Camel context
2025-11-02 10:58:33 [scheduling-1] INFO  c.m.b.k.service.DynamicRouteService - Completed route status sync
2025-11-02 10:59:02 [scheduling-1] INFO  c.m.b.k.service.DynamicRouteService - Starting route status sync with Camel context
2025-11-02 10:59:03 [scheduling-1] INFO  c.m.b.k.service.DynamicRouteService - Completed route status sync
2025-11-02 10:59:32 [scheduling-1] INFO  c.m.b.k.service.DynamicRouteService - Starting route status sync with Camel context
2025-11-02 10:59:32 [scheduling-1] INFO  c.m.b.k.service.DynamicRouteService - Completed route status sync
2025-11-02 11:00:02 [scheduling-1] INFO  c.m.b.k.service.DynamicRouteService - Starting route status sync with Camel context
2025-11-02 11:00:02 [scheduling-1] INFO  c.m.b.k.service.DynamicRouteService - Completed route status sync
2025-11-02 11:00:33 [scheduling-1] INFO  c.m.b.k.service.DynamicRouteService - Starting route status sync with Camel context
2025-11-02 11:00:33 [scheduling-1] INFO  c.m.b.k.service.DynamicRouteService - Completed route status sync
2025-11-02 11:01:02 [scheduling-1] INFO  c.m.b.k.service.DynamicRouteService - Starting route status sync with Camel context
2025-11-02 11:01:02 [scheduling-1] INFO  c.m.b.k.service.DynamicRouteService - Completed route status sync
2025-11-02 11:01:33 [scheduling-1] INFO  c.m.b.k.service.DynamicRouteService - Starting route status sync with Camel context
2025-11-02 11:01:33 [scheduling-1] INFO  c.m.b.k.service.DynamicRouteService - Completed route status sync
2025-11-02 11:02:02 [scheduling-1] INFO  c.m.b.k.service.DynamicRouteService - Starting route status sync with Camel context
2025-11-02 11:02:02 [scheduling-1] INFO  c.m.b.k.service.DynamicRouteService - Completed route status sync
2025-11-02 11:02:32 [scheduling-1] INFO  c.m.b.k.service.DynamicRouteService - Starting route status sync with Camel context
2025-11-02 11:02:33 [scheduling-1] INFO  c.m.b.k.service.DynamicRouteService - Completed route status sync
2025-11-02 11:03:02 [scheduling-1] INFO  c.m.b.k.service.DynamicRouteService - Starting route status sync with Camel context
2025-11-02 11:03:03 [scheduling-1] INFO  c.m.b.k.service.DynamicRouteService - Completed route status sync
2025-11-02 11:03:32 [scheduling-1] INFO  c.m.b.k.service.DynamicRouteService - Starting route status sync with Camel context
2025-11-02 11:03:33 [scheduling-1] INFO  c.m.b.k.service.DynamicRouteService - Completed route status sync
2025-11-02 11:04:02 [scheduling-1] INFO  c.m.b.k.service.DynamicRouteService - Starting route status sync with Camel context
2025-11-02 11:04:02 [scheduling-1] INFO  c.m.b.k.service.DynamicRouteService - Completed route status sync
2025-11-02 11:04:32 [scheduling-1] INFO  c.m.b.k.service.DynamicRouteService - Starting route status sync with Camel context
2025-11-02 11:04:33 [scheduling-1] INFO  c.m.b.k.service.DynamicRouteService - Completed route status sync
2025-11-02 11:05:02 [scheduling-1] INFO  c.m.b.k.service.DynamicRouteService - Starting route status sync with Camel context
2025-11-02 11:05:03 [scheduling-1] INFO  c.m.b.k.service.DynamicRouteService - Completed route status sync
2025-11-02 11:05:32 [scheduling-1] INFO  c.m.b.k.service.DynamicRouteService - Starting route status sync with Camel context
2025-11-02 11:05:32 [scheduling-1] INFO  c.m.b.k.service.DynamicRouteService - Completed route status sync
2025-11-02 11:06:02 [scheduling-1] INFO  c.m.b.k.service.DynamicRouteService - Starting route status sync with Camel context
2025-11-02 11:06:02 [scheduling-1] INFO  c.m.b.k.service.DynamicRouteService - Completed route status sync
2025-11-02 11:06:32 [scheduling-1] INFO  c.m.b.k.service.DynamicRouteService - Starting route status sync with Camel context
2025-11-02 11:06:32 [scheduling-1] INFO  c.m.b.k.service.DynamicRouteService - Completed route status sync
2025-11-02 11:07:02 [scheduling-1] INFO  c.m.b.k.service.DynamicRouteService - Starting route status sync with Camel context
2025-11-02 11:07:03 [scheduling-1] INFO  c.m.b.k.service.DynamicRouteService - Completed route status sync
2025-11-02 11:07:32 [scheduling-1] INFO  c.m.b.k.service.DynamicRouteService - Starting route status sync with Camel context
2025-11-02 11:07:32 [scheduling-1] INFO  c.m.b.k.service.DynamicRouteService - Completed route status sync
2025-11-02 11:08:03 [scheduling-1] INFO  c.m.b.k.service.DynamicRouteService - Starting route status sync with Camel context
2025-11-02 11:08:03 [scheduling-1] INFO  c.m.b.k.service.DynamicRouteService - Completed route status sync
2025-11-02 11:08:33 [scheduling-1] INFO  c.m.b.k.service.DynamicRouteService - Starting route status sync with Camel context
2025-11-02 11:08:33 [scheduling-1] INFO  c.m.b.k.service.DynamicRouteService - Completed route status sync
2025-11-02 11:09:02 [scheduling-1] INFO  c.m.b.k.service.DynamicRouteService - Starting route status sync with Camel context
2025-11-02 11:09:02 [scheduling-1] INFO  c.m.b.k.service.DynamicRouteService - Completed route status sync
2025-11-02 11:09:32 [scheduling-1] INFO  c.m.b.k.service.DynamicRouteService - Starting route status sync with Camel context
2025-11-02 11:09:32 [scheduling-1] INFO  c.m.b.k.service.DynamicRouteService - Completed route status sync
2025-11-02 11:10:02 [scheduling-1] INFO  c.m.b.k.service.DynamicRouteService - Starting route status sync with Camel context
2025-11-02 11:10:03 [scheduling-1] INFO  c.m.b.k.service.DynamicRouteService - Completed route status sync
2025-11-02 11:10:32 [scheduling-1] INFO  c.m.b.k.service.DynamicRouteService - Starting route status sync with Camel context
2025-11-02 11:10:32 [scheduling-1] INFO  c.m.b.k.service.DynamicRouteService - Completed route status sync
2025-11-02 11:11:03 [scheduling-1] INFO  c.m.b.k.service.DynamicRouteService - Starting route status sync with Camel context
2025-11-02 11:11:03 [scheduling-1] INFO  c.m.b.k.service.DynamicRouteService - Completed route status sync
2025-11-02 11:11:32 [scheduling-1] INFO  c.m.b.k.service.DynamicRouteService - Starting route status sync with Camel context
2025-11-02 11:11:32 [scheduling-1] INFO  c.m.b.k.service.DynamicRouteService - Completed route status sync
2025-11-02 11:12:02 [scheduling-1] INFO  c.m.b.k.service.DynamicRouteService - Starting route status sync with Camel context
2025-11-02 11:12:03 [scheduling-1] INFO  c.m.b.k.service.DynamicRouteService - Completed route status sync
2025-11-02 11:12:32 [scheduling-1] INFO  c.m.b.k.service.DynamicRouteService - Starting route status sync with Camel context
2025-11-02 11:12:33 [scheduling-1] INFO  c.m.b.k.service.DynamicRouteService - Completed route status sync
2025-11-02 11:13:02 [scheduling-1] INFO  c.m.b.k.service.DynamicRouteService - Starting route status sync with Camel context
2025-11-02 11:13:03 [scheduling-1] INFO  c.m.b.k.service.DynamicRouteService - Completed route status sync
2025-11-02 11:13:32 [scheduling-1] INFO  c.m.b.k.service.DynamicRouteService - Starting route status sync with Camel context
2025-11-02 11:13:32 [scheduling-1] INFO  c.m.b.k.service.DynamicRouteService - Completed route status sync
2025-11-02 11:14:02 [scheduling-1] INFO  c.m.b.k.service.DynamicRouteService - Starting route status sync with Camel context
2025-11-02 11:14:02 [scheduling-1] INFO  c.m.b.k.service.DynamicRouteService - Completed route status sync
2025-11-02 11:14:32 [scheduling-1] INFO  c.m.b.k.service.DynamicRouteService - Starting route status sync with Camel context
2025-11-02 11:14:32 [scheduling-1] INFO  c.m.b.k.service.DynamicRouteService - Completed route status sync
2025-11-02 11:15:02 [scheduling-1] INFO  c.m.b.k.service.DynamicRouteService - Starting route status sync with Camel context
2025-11-02 11:15:02 [scheduling-1] INFO  c.m.b.k.service.DynamicRouteService - Completed route status sync
2025-11-02 11:15:32 [scheduling-1] INFO  c.m.b.k.service.DynamicRouteService - Starting route status sync with Camel context
2025-11-02 11:15:33 [scheduling-1] INFO  c.m.b.k.service.DynamicRouteService - Completed route status sync
2025-11-02 11:16:02 [scheduling-1] INFO  c.m.b.k.service.DynamicRouteService - Starting route status sync with Camel context
2025-11-02 11:16:03 [scheduling-1] INFO  c.m.b.k.service.DynamicRouteService - Completed route status sync
2025-11-02 11:16:32 [scheduling-1] INFO  c.m.b.k.service.DynamicRouteService - Starting route status sync with Camel context
2025-11-02 11:16:32 [scheduling-1] INFO  c.m.b.k.service.DynamicRouteService - Completed route status sync
2025-11-02 11:17:03 [scheduling-1] INFO  c.m.b.k.service.DynamicRouteService - Starting route status sync with Camel context
2025-11-02 11:17:03 [scheduling-1] INFO  c.m.b.k.service.DynamicRouteService - Completed route status sync
2025-11-02 11:17:32 [scheduling-1] INFO  c.m.b.k.service.DynamicRouteService - Starting route status sync with Camel context
2025-11-02 11:17:32 [scheduling-1] INFO  c.m.b.k.service.DynamicRouteService - Completed route status sync
2025-11-02 11:18:03 [scheduling-1] INFO  c.m.b.k.service.DynamicRouteService - Starting route status sync with Camel context
2025-11-02 11:18:03 [scheduling-1] INFO  c.m.b.k.service.DynamicRouteService - Completed route status sync
2025-11-02 11:18:32 [scheduling-1] INFO  c.m.b.k.service.DynamicRouteService - Starting route status sync with Camel context
2025-11-02 11:18:32 [scheduling-1] INFO  c.m.b.k.service.DynamicRouteService - Completed route status sync
2025-11-02 11:19:02 [scheduling-1] INFO  c.m.b.k.service.DynamicRouteService - Starting route status sync with Camel context
2025-11-02 11:19:03 [scheduling-1] INFO  c.m.b.k.service.DynamicRouteService - Completed route status sync
2025-11-02 11:19:32 [scheduling-1] INFO  c.m.b.k.service.DynamicRouteService - Starting route status sync with Camel context
2025-11-02 11:19:32 [scheduling-1] INFO  c.m.b.k.service.DynamicRouteService - Completed route status sync
2025-11-02 11:20:02 [scheduling-1] INFO  c.m.b.k.service.DynamicRouteService - Starting route status sync with Camel context
2025-11-02 11:20:03 [scheduling-1] INFO  c.m.b.k.service.DynamicRouteService - Completed route status sync
2025-11-02 11:20:32 [scheduling-1] INFO  c.m.b.k.service.DynamicRouteService - Starting route status sync with Camel context
2025-11-02 11:20:32 [scheduling-1] INFO  c.m.b.k.service.DynamicRouteService - Completed route status sync
2025-11-02 11:21:03 [scheduling-1] INFO  c.m.b.k.service.DynamicRouteService - Starting route status sync with Camel context
2025-11-02 11:21:03 [scheduling-1] INFO  c.m.b.k.service.DynamicRouteService - Completed route status sync
2025-11-02 11:21:32 [scheduling-1] INFO  c.m.b.k.service.DynamicRouteService - Starting route status sync with Camel context
2025-11-02 11:21:32 [scheduling-1] INFO  c.m.b.k.service.DynamicRouteService - Completed route status sync
2025-11-02 11:22:03 [scheduling-1] INFO  c.m.b.k.service.DynamicRouteService - Starting route status sync with Camel context
2025-11-02 11:22:03 [scheduling-1] INFO  c.m.b.k.service.DynamicRouteService - Completed route status sync
2025-11-02 11:22:32 [scheduling-1] INFO  c.m.b.k.service.DynamicRouteService - Starting route status sync with Camel context
2025-11-02 11:22:32 [scheduling-1] INFO  c.m.b.k.service.DynamicRouteService - Completed route status sync
2025-11-02 11:23:03 [scheduling-1] INFO  c.m.b.k.service.DynamicRouteService - Starting route status sync with Camel context
2025-11-02 11:23:03 [scheduling-1] INFO  c.m.b.k.service.DynamicRouteService - Completed route status sync
2025-11-02 11:23:32 [scheduling-1] INFO  c.m.b.k.service.DynamicRouteService - Starting route status sync with Camel context
2025-11-02 11:23:32 [scheduling-1] INFO  c.m.b.k.service.DynamicRouteService - Completed route status sync
2025-11-02 11:24:03 [scheduling-1] INFO  c.m.b.k.service.DynamicRouteService - Starting route status sync with Camel context
2025-11-02 11:24:03 [scheduling-1] INFO  c.m.b.k.service.DynamicRouteService - Completed route status sync
2025-11-02 11:24:32 [scheduling-1] INFO  c.m.b.k.service.DynamicRouteService - Starting route status sync with Camel context
2025-11-02 11:24:32 [scheduling-1] INFO  c.m.b.k.service.DynamicRouteService - Completed route status sync
2025-11-02 11:25:02 [scheduling-1] INFO  c.m.b.k.service.DynamicRouteService - Starting route status sync with Camel context
2025-11-02 11:25:03 [scheduling-1] INFO  c.m.b.k.service.DynamicRouteService - Completed route status sync
2025-11-02 11:25:32 [scheduling-1] INFO  c.m.b.k.service.DynamicRouteService - Starting route status sync with Camel context
2025-11-02 11:25:33 [scheduling-1] INFO  c.m.b.k.service.DynamicRouteService - Completed route status sync
2025-11-02 11:26:03 [scheduling-1] INFO  c.m.b.k.service.DynamicRouteService - Starting route status sync with Camel context
2025-11-02 11:26:03 [scheduling-1] INFO  c.m.b.k.service.DynamicRouteService - Completed route status sync
2025-11-02 11:26:32 [scheduling-1] INFO  c.m.b.k.service.DynamicRouteService - Starting route status sync with Camel context
2025-11-02 11:26:33 [scheduling-1] INFO  c.m.b.k.service.DynamicRouteService - Completed route status sync
2025-11-02 11:27:02 [scheduling-1] INFO  c.m.b.k.service.DynamicRouteService - Starting route status sync with Camel context
2025-11-02 11:27:03 [scheduling-1] INFO  c.m.b.k.service.DynamicRouteService - Completed route status sync
2025-11-02 11:27:33 [scheduling-1] INFO  c.m.b.k.service.DynamicRouteService - Starting route status sync with Camel context
2025-11-02 11:27:33 [scheduling-1] INFO  c.m.b.k.service.DynamicRouteService - Completed route status sync
2025-11-02 11:28:02 [scheduling-1] INFO  c.m.b.k.service.DynamicRouteService - Starting route status sync with Camel context
2025-11-02 11:28:03 [scheduling-1] INFO  c.m.b.k.service.DynamicRouteService - Completed route status sync
2025-11-02 11:28:32 [scheduling-1] INFO  c.m.b.k.service.DynamicRouteService - Starting route status sync with Camel context
2025-11-02 11:28:32 [scheduling-1] INFO  c.m.b.k.service.DynamicRouteService - Completed route status sync
2025-11-02 11:29:02 [scheduling-1] INFO  c.m.b.k.service.DynamicRouteService - Starting route status sync with Camel context
2025-11-02 11:29:02 [scheduling-1] INFO  c.m.b.k.service.DynamicRouteService - Completed route status sync
2025-11-02 11:29:32 [scheduling-1] INFO  c.m.b.k.service.DynamicRouteService - Starting route status sync with Camel context
2025-11-02 11:29:33 [scheduling-1] INFO  c.m.b.k.service.DynamicRouteService - Completed route status sync
2025-11-02 11:30:02 [scheduling-1] INFO  c.m.b.k.service.DynamicRouteService - Starting route status sync with Camel context
2025-11-02 11:30:03 [scheduling-1] INFO  c.m.b.k.service.DynamicRouteService - Completed route status sync
2025-11-02 11:30:32 [scheduling-1] INFO  c.m.b.k.service.DynamicRouteService - Starting route status sync with Camel context
2025-11-02 11:30:32 [scheduling-1] INFO  c.m.b.k.service.DynamicRouteService - Completed route status sync
2025-11-02 11:31:03 [scheduling-1] INFO  c.m.b.k.service.DynamicRouteService - Starting route status sync with Camel context
2025-11-02 11:31:03 [scheduling-1] INFO  c.m.b.k.service.DynamicRouteService - Completed route status sync
2025-11-02 11:31:32 [scheduling-1] INFO  c.m.b.k.service.DynamicRouteService - Starting route status sync with Camel context
2025-11-02 11:31:33 [scheduling-1] INFO  c.m.b.k.service.DynamicRouteService - Completed route status sync
2025-11-02 11:32:02 [scheduling-1] INFO  c.m.b.k.service.DynamicRouteService - Starting route status sync with Camel context
2025-11-02 11:32:03 [scheduling-1] INFO  c.m.b.k.service.DynamicRouteService - Completed route status sync
2025-11-02 11:32:32 [scheduling-1] INFO  c.m.b.k.service.DynamicRouteService - Starting route status sync with Camel context
2025-11-02 11:32:33 [scheduling-1] INFO  c.m.b.k.service.DynamicRouteService - Completed route status sync
2025-11-02 11:33:02 [scheduling-1] INFO  c.m.b.k.service.DynamicRouteService - Starting route status sync with Camel context
2025-11-02 11:33:02 [scheduling-1] INFO  c.m.b.k.service.DynamicRouteService - Completed route status sync
2025-11-02 11:33:32 [scheduling-1] INFO  c.m.b.k.service.DynamicRouteService - Starting route status sync with Camel context
2025-11-02 11:33:32 [scheduling-1] INFO  c.m.b.k.service.DynamicRouteService - Completed route status sync
2025-11-02 11:34:02 [scheduling-1] INFO  c.m.b.k.service.DynamicRouteService - Starting route status sync with Camel context
2025-11-02 11:34:03 [scheduling-1] INFO  c.m.b.k.service.DynamicRouteService - Completed route status sync
2025-11-02 11:34:32 [scheduling-1] INFO  c.m.b.k.service.DynamicRouteService - Starting route status sync with Camel context
2025-11-02 11:34:32 [scheduling-1] INFO  c.m.b.k.service.DynamicRouteService - Completed route status sync
2025-11-02 11:35:02 [scheduling-1] INFO  c.m.b.k.service.DynamicRouteService - Starting route status sync with Camel context
2025-11-02 11:35:02 [scheduling-1] INFO  c.m.b.k.service.DynamicRouteService - Completed route status sync
2025-11-02 11:35:32 [scheduling-1] INFO  c.m.b.k.service.DynamicRouteService - Starting route status sync with Camel context
2025-11-02 11:35:32 [scheduling-1] INFO  c.m.b.k.service.DynamicRouteService - Completed route status sync
2025-11-02 11:36:02 [scheduling-1] INFO  c.m.b.k.service.DynamicRouteService - Starting route status sync with Camel context
2025-11-02 11:36:03 [scheduling-1] INFO  c.m.b.k.service.DynamicRouteService - Completed route status sync
2025-11-02 11:36:32 [scheduling-1] INFO  c.m.b.k.service.DynamicRouteService - Starting route status sync with Camel context
2025-11-02 11:36:33 [scheduling-1] INFO  c.m.b.k.service.DynamicRouteService - Completed route status sync
2025-11-02 11:37:02 [scheduling-1] INFO  c.m.b.k.service.DynamicRouteService - Starting route status sync with Camel context
2025-11-02 11:37:02 [scheduling-1] INFO  c.m.b.k.service.DynamicRouteService - Completed route status sync
2025-11-02 11:37:32 [scheduling-1] INFO  c.m.b.k.service.DynamicRouteService - Starting route status sync with Camel context
2025-11-02 11:37:32 [scheduling-1] INFO  c.m.b.k.service.DynamicRouteService - Completed route status sync
2025-11-02 11:38:02 [scheduling-1] INFO  c.m.b.k.service.DynamicRouteService - Starting route status sync with Camel context
2025-11-02 11:38:03 [scheduling-1] INFO  c.m.b.k.service.DynamicRouteService - Completed route status sync
2025-11-02 11:38:32 [scheduling-1] INFO  c.m.b.k.service.DynamicRouteService - Starting route status sync with Camel context
2025-11-02 11:38:33 [scheduling-1] INFO  c.m.b.k.service.DynamicRouteService - Completed route status sync
2025-11-02 11:39:03 [scheduling-1] INFO  c.m.b.k.service.DynamicRouteService - Starting route status sync with Camel context
2025-11-02 11:39:03 [scheduling-1] INFO  c.m.b.k.service.DynamicRouteService - Completed route status sync
2025-11-02 11:39:33 [scheduling-1] INFO  c.m.b.k.service.DynamicRouteService - Starting route status sync with Camel context
2025-11-02 11:39:33 [scheduling-1] INFO  c.m.b.k.service.DynamicRouteService - Completed route status sync
2025-11-02 11:40:02 [scheduling-1] INFO  c.m.b.k.service.DynamicRouteService - Starting route status sync with Camel context
2025-11-02 11:40:03 [scheduling-1] INFO  c.m.b.k.service.DynamicRouteService - Completed route status sync
2025-11-02 11:40:33 [scheduling-1] INFO  c.m.b.k.service.DynamicRouteService - Starting route status sync with Camel context
2025-11-02 11:40:33 [scheduling-1] INFO  c.m.b.k.service.DynamicRouteService - Completed route status sync
2025-11-02 11:41:03 [scheduling-1] INFO  c.m.b.k.service.DynamicRouteService - Starting route status sync with Camel context
2025-11-02 11:41:03 [scheduling-1] INFO  c.m.b.k.service.DynamicRouteService - Completed route status sync
2025-11-02 11:41:32 [scheduling-1] INFO  c.m.b.k.service.DynamicRouteService - Starting route status sync with Camel context
2025-11-02 11:41:33 [scheduling-1] INFO  c.m.b.k.service.DynamicRouteService - Completed route status sync
2025-11-02 11:42:02 [scheduling-1] INFO  c.m.b.k.service.DynamicRouteService - Starting route status sync with Camel context
2025-11-02 11:42:02 [scheduling-1] INFO  c.m.b.k.service.DynamicRouteService - Completed route status sync
2025-11-02 11:42:32 [scheduling-1] INFO  c.m.b.k.service.DynamicRouteService - Starting route status sync with Camel context
2025-11-02 11:42:33 [scheduling-1] INFO  c.m.b.k.service.DynamicRouteService - Completed route status sync
2025-11-02 11:43:02 [scheduling-1] INFO  c.m.b.k.service.DynamicRouteService - Starting route status sync with Camel context
2025-11-02 11:43:03 [scheduling-1] INFO  c.m.b.k.service.DynamicRouteService - Completed route status sync
2025-11-02 11:43:32 [scheduling-1] INFO  c.m.b.k.service.DynamicRouteService - Starting route status sync with Camel context
2025-11-02 11:43:33 [scheduling-1] INFO  c.m.b.k.service.DynamicRouteService - Completed route status sync
2025-11-02 11:44:02 [scheduling-1] INFO  c.m.b.k.service.DynamicRouteService - Starting route status sync with Camel context
2025-11-02 11:44:02 [scheduling-1] INFO  c.m.b.k.service.DynamicRouteService - Completed route status sync
2025-11-02 11:44:32 [scheduling-1] INFO  c.m.b.k.service.DynamicRouteService - Starting route status sync with Camel context
2025-11-02 11:44:32 [scheduling-1] INFO  c.m.b.k.service.DynamicRouteService - Completed route status sync
2025-11-02 11:45:02 [scheduling-1] INFO  c.m.b.k.service.DynamicRouteService - Starting route status sync with Camel context
2025-11-02 11:45:02 [scheduling-1] INFO  c.m.b.k.service.DynamicRouteService - Completed route status sync
2025-11-02 11:45:33 [scheduling-1] INFO  c.m.b.k.service.DynamicRouteService - Starting route status sync with Camel context
2025-11-02 11:45:33 [scheduling-1] INFO  c.m.b.k.service.DynamicRouteService - Completed route status sync
2025-11-02 11:46:02 [scheduling-1] INFO  c.m.b.k.service.DynamicRouteService - Starting route status sync with Camel context
2025-11-02 11:46:03 [scheduling-1] INFO  c.m.b.k.service.DynamicRouteService - Completed route status sync
2025-11-02 11:46:32 [scheduling-1] INFO  c.m.b.k.service.DynamicRouteService - Starting route status sync with Camel context
2025-11-02 11:46:33 [scheduling-1] INFO  c.m.b.k.service.DynamicRouteService - Completed route status sync
2025-11-02 11:47:02 [scheduling-1] INFO  c.m.b.k.service.DynamicRouteService - Starting route status sync with Camel context
2025-11-02 11:47:03 [scheduling-1] INFO  c.m.b.k.service.DynamicRouteService - Completed route status sync
2025-11-02 11:47:33 [scheduling-1] INFO  c.m.b.k.service.DynamicRouteService - Starting route status sync with Camel context
2025-11-02 11:47:33 [scheduling-1] INFO  c.m.b.k.service.DynamicRouteService - Completed route status sync
2025-11-02 11:48:02 [scheduling-1] INFO  c.m.b.k.service.DynamicRouteService - Starting route status sync with Camel context
2025-11-02 11:48:03 [scheduling-1] INFO  c.m.b.k.service.DynamicRouteService - Completed route status sync
2025-11-02 11:48:32 [scheduling-1] INFO  c.m.b.k.service.DynamicRouteService - Starting route status sync with Camel context
2025-11-02 11:48:32 [scheduling-1] INFO  c.m.b.k.service.DynamicRouteService - Completed route status sync
2025-11-02 11:49:02 [scheduling-1] INFO  c.m.b.k.service.DynamicRouteService - Starting route status sync with Camel context
2025-11-02 11:49:03 [scheduling-1] INFO  c.m.b.k.service.DynamicRouteService - Completed route status sync
2025-11-02 11:49:32 [scheduling-1] INFO  c.m.b.k.service.DynamicRouteService - Starting route status sync with Camel context
2025-11-02 11:49:32 [scheduling-1] INFO  c.m.b.k.service.DynamicRouteService - Completed route status sync
2025-11-02 11:50:02 [scheduling-1] INFO  c.m.b.k.service.DynamicRouteService - Starting route status sync with Camel context
2025-11-02 11:50:03 [scheduling-1] INFO  c.m.b.k.service.DynamicRouteService - Completed route status sync
2025-11-02 11:50:32 [scheduling-1] INFO  c.m.b.k.service.DynamicRouteService - Starting route status sync with Camel context
2025-11-02 11:50:33 [scheduling-1] INFO  c.m.b.k.service.DynamicRouteService - Completed route status sync
2025-11-02 11:51:02 [scheduling-1] INFO  c.m.b.k.service.DynamicRouteService - Starting route status sync with Camel context
2025-11-02 11:51:02 [scheduling-1] INFO  c.m.b.k.service.DynamicRouteService - Completed route status sync
2025-11-02 11:51:32 [scheduling-1] INFO  c.m.b.k.service.DynamicRouteService - Starting route status sync with Camel context
2025-11-02 11:51:33 [scheduling-1] INFO  c.m.b.k.service.DynamicRouteService - Completed route status sync
2025-11-02 11:52:03 [scheduling-1] INFO  c.m.b.k.service.DynamicRouteService - Starting route status sync with Camel context
2025-11-02 11:52:03 [scheduling-1] INFO  c.m.b.k.service.DynamicRouteService - Completed route status sync
2025-11-02 11:52:32 [scheduling-1] INFO  c.m.b.k.service.DynamicRouteService - Starting route status sync with Camel context
2025-11-02 11:52:32 [scheduling-1] INFO  c.m.b.k.service.DynamicRouteService - Completed route status sync
2025-11-02 11:53:02 [scheduling-1] INFO  c.m.b.k.service.DynamicRouteService - Starting route status sync with Camel context
2025-11-02 11:53:03 [scheduling-1] INFO  c.m.b.k.service.DynamicRouteService - Completed route status sync
2025-11-02 11:53:32 [scheduling-1] INFO  c.m.b.k.service.DynamicRouteService - Starting route status sync with Camel context
2025-11-02 11:53:32 [scheduling-1] INFO  c.m.b.k.service.DynamicRouteService - Completed route status sync
2025-11-02 11:54:02 [scheduling-1] INFO  c.m.b.k.service.DynamicRouteService - Starting route status sync with Camel context
2025-11-02 11:54:03 [scheduling-1] INFO  c.m.b.k.service.DynamicRouteService - Completed route status sync
2025-11-02 11:54:32 [scheduling-1] INFO  c.m.b.k.service.DynamicRouteService - Starting route status sync with Camel context
2025-11-02 11:54:33 [scheduling-1] INFO  c.m.b.k.service.DynamicRouteService - Completed route status sync
2025-11-02 11:55:02 [scheduling-1] INFO  c.m.b.k.service.DynamicRouteService - Starting route status sync with Camel context
2025-11-02 11:55:03 [scheduling-1] INFO  c.m.b.k.service.DynamicRouteService - Completed route status sync
2025-11-02 11:55:33 [scheduling-1] INFO  c.m.b.k.service.DynamicRouteService - Starting route status sync with Camel context
2025-11-02 11:55:33 [scheduling-1] INFO  c.m.b.k.service.DynamicRouteService - Completed route status sync
2025-11-02 11:56:02 [scheduling-1] INFO  c.m.b.k.service.DynamicRouteService - Starting route status sync with Camel context
2025-11-02 11:56:03 [scheduling-1] INFO  c.m.b.k.service.DynamicRouteService - Completed route status sync
2025-11-02 11:56:32 [scheduling-1] INFO  c.m.b.k.service.DynamicRouteService - Starting route status sync with Camel context
2025-11-02 11:56:32 [scheduling-1] INFO  c.m.b.k.service.DynamicRouteService - Completed route status sync
2025-11-02 11:57:02 [scheduling-1] INFO  c.m.b.k.service.DynamicRouteService - Starting route status sync with Camel context
2025-11-02 11:57:02 [scheduling-1] INFO  c.m.b.k.service.DynamicRouteService - Completed route status sync
2025-11-02 11:57:32 [scheduling-1] INFO  c.m.b.k.service.DynamicRouteService - Starting route status sync with Camel context
2025-11-02 11:57:32 [scheduling-1] INFO  c.m.b.k.service.DynamicRouteService - Completed route status sync
2025-11-02 11:58:03 [scheduling-1] INFO  c.m.b.k.service.DynamicRouteService - Starting route status sync with Camel context
2025-11-02 11:58:03 [scheduling-1] INFO  c.m.b.k.service.DynamicRouteService - Completed route status sync
2025-11-02 11:58:32 [scheduling-1] INFO  c.m.b.k.service.DynamicRouteService - Starting route status sync with Camel context
2025-11-02 11:58:33 [scheduling-1] INFO  c.m.b.k.service.DynamicRouteService - Completed route status sync
2025-11-02 11:59:02 [scheduling-1] INFO  c.m.b.k.service.DynamicRouteService - Starting route status sync with Camel context
2025-11-02 11:59:03 [scheduling-1] INFO  c.m.b.k.service.DynamicRouteService - Completed route status sync
2025-11-02 11:59:33 [scheduling-1] INFO  c.m.b.k.service.DynamicRouteService - Starting route status sync with Camel context
2025-11-02 11:59:33 [scheduling-1] INFO  c.m.b.k.service.DynamicRouteService - Completed route status sync
2025-11-02 12:00:03 [scheduling-1] INFO  c.m.b.k.service.DynamicRouteService - Starting route status sync with Camel context
2025-11-02 12:00:03 [scheduling-1] INFO  c.m.b.k.service.DynamicRouteService - Completed route status sync
2025-11-02 12:00:33 [scheduling-1] INFO  c.m.b.k.service.DynamicRouteService - Starting route status sync with Camel context
2025-11-02 12:00:33 [scheduling-1] INFO  c.m.b.k.service.DynamicRouteService - Completed route status sync
2025-11-02 12:01:03 [scheduling-1] INFO  c.m.b.k.service.DynamicRouteService - Starting route status sync with Camel context
2025-11-02 12:01:03 [scheduling-1] INFO  c.m.b.k.service.DynamicRouteService - Completed route status sync
2025-11-02 12:01:32 [scheduling-1] INFO  c.m.b.k.service.DynamicRouteService - Starting route status sync with Camel context
2025-11-02 12:01:32 [scheduling-1] INFO  c.m.b.k.service.DynamicRouteService - Completed route status sync
2025-11-02 12:02:02 [scheduling-1] INFO  c.m.b.k.service.DynamicRouteService - Starting route status sync with Camel context
2025-11-02 12:02:02 [scheduling-1] INFO  c.m.b.k.service.DynamicRouteService - Completed route status sync
2025-11-02 12:02:33 [scheduling-1] INFO  c.m.b.k.service.DynamicRouteService - Starting route status sync with Camel context
2025-11-02 12:02:33 [scheduling-1] INFO  c.m.b.k.service.DynamicRouteService - Completed route status sync
2025-11-02 12:03:02 [scheduling-1] INFO  c.m.b.k.service.DynamicRouteService - Starting route status sync with Camel context
2025-11-02 12:03:02 [scheduling-1] INFO  c.m.b.k.service.DynamicRouteService - Completed route status sync
2025-11-02 12:03:33 [scheduling-1] INFO  c.m.b.k.service.DynamicRouteService - Starting route status sync with Camel context
2025-11-02 12:03:33 [scheduling-1] INFO  c.m.b.k.service.DynamicRouteService - Completed route status sync
2025-11-02 12:04:02 [scheduling-1] INFO  c.m.b.k.service.DynamicRouteService - Starting route status sync with Camel context
2025-11-02 12:04:03 [scheduling-1] INFO  c.m.b.k.service.DynamicRouteService - Completed route status sync
2025-11-02 12:04:32 [scheduling-1] INFO  c.m.b.k.service.DynamicRouteService - Starting route status sync with Camel context
2025-11-02 12:04:33 [scheduling-1] INFO  c.m.b.k.service.DynamicRouteService - Completed route status sync
2025-11-02 12:05:02 [scheduling-1] INFO  c.m.b.k.service.DynamicRouteService - Starting route status sync with Camel context
2025-11-02 12:05:02 [scheduling-1] INFO  c.m.b.k.service.DynamicRouteService - Completed route status sync
2025-11-02 12:05:33 [scheduling-1] INFO  c.m.b.k.service.DynamicRouteService - Starting route status sync with Camel context
2025-11-02 12:05:33 [scheduling-1] INFO  c.m.b.k.service.DynamicRouteService - Completed route status sync
2025-11-02 12:06:02 [scheduling-1] INFO  c.m.b.k.service.DynamicRouteService - Starting route status sync with Camel context
2025-11-02 12:06:02 [scheduling-1] INFO  c.m.b.k.service.DynamicRouteService - Completed route status sync
2025-11-02 12:06:32 [scheduling-1] INFO  c.m.b.k.service.DynamicRouteService - Starting route status sync with Camel context
2025-11-02 12:06:33 [scheduling-1] INFO  c.m.b.k.service.DynamicRouteService - Completed route status sync
2025-11-02 12:07:03 [scheduling-1] INFO  c.m.b.k.service.DynamicRouteService - Starting route status sync with Camel context
2025-11-02 12:07:03 [scheduling-1] INFO  c.m.b.k.service.DynamicRouteService - Completed route status sync
2025-11-02 12:07:32 [scheduling-1] INFO  c.m.b.k.service.DynamicRouteService - Starting route status sync with Camel context
2025-11-02 12:07:32 [scheduling-1] INFO  c.m.b.k.service.DynamicRouteService - Completed route status sync
2025-11-02 12:08:02 [scheduling-1] INFO  c.m.b.k.service.DynamicRouteService - Starting route status sync with Camel context
2025-11-02 12:08:02 [scheduling-1] INFO  c.m.b.k.service.DynamicRouteService - Completed route status sync
2025-11-02 12:08:32 [scheduling-1] INFO  c.m.b.k.service.DynamicRouteService - Starting route status sync with Camel context
2025-11-02 12:08:32 [scheduling-1] INFO  c.m.b.k.service.DynamicRouteService - Completed route status sync
2025-11-02 12:09:02 [scheduling-1] INFO  c.m.b.k.service.DynamicRouteService - Starting route status sync with Camel context
2025-11-02 12:09:02 [scheduling-1] INFO  c.m.b.k.service.DynamicRouteService - Completed route status sync
2025-11-02 12:09:32 [scheduling-1] INFO  c.m.b.k.service.DynamicRouteService - Starting route status sync with Camel context
2025-11-02 12:09:32 [scheduling-1] INFO  c.m.b.k.service.DynamicRouteService - Completed route status sync
2025-11-02 12:10:02 [scheduling-1] INFO  c.m.b.k.service.DynamicRouteService - Starting route status sync with Camel context
2025-11-02 12:10:02 [scheduling-1] INFO  c.m.b.k.service.DynamicRouteService - Completed route status sync
2025-11-02 12:10:32 [scheduling-1] INFO  c.m.b.k.service.DynamicRouteService - Starting route status sync with Camel context
2025-11-02 12:10:32 [scheduling-1] INFO  c.m.b.k.service.DynamicRouteService - Completed route status sync
2025-11-02 12:11:02 [scheduling-1] INFO  c.m.b.k.service.DynamicRouteService - Starting route status sync with Camel context
2025-11-02 12:11:03 [scheduling-1] INFO  c.m.b.k.service.DynamicRouteService - Completed route status sync
2025-11-02 12:11:32 [scheduling-1] INFO  c.m.b.k.service.DynamicRouteService - Starting route status sync with Camel context
2025-11-02 12:11:32 [scheduling-1] INFO  c.m.b.k.service.DynamicRouteService - Completed route status sync
2025-11-02 12:12:02 [scheduling-1] INFO  c.m.b.k.service.DynamicRouteService - Starting route status sync with Camel context
2025-11-02 12:12:02 [scheduling-1] INFO  c.m.b.k.service.DynamicRouteService - Completed route status sync
2025-11-02 12:12:32 [scheduling-1] INFO  c.m.b.k.service.DynamicRouteService - Starting route status sync with Camel context
2025-11-02 12:12:33 [scheduling-1] INFO  c.m.b.k.service.DynamicRouteService - Completed route status sync
2025-11-02 12:13:02 [scheduling-1] INFO  c.m.b.k.service.DynamicRouteService - Starting route status sync with Camel context
2025-11-02 12:13:03 [scheduling-1] INFO  c.m.b.k.service.DynamicRouteService - Completed route status sync
2025-11-02 12:13:32 [scheduling-1] INFO  c.m.b.k.service.DynamicRouteService - Starting route status sync with Camel context
2025-11-02 12:13:32 [scheduling-1] INFO  c.m.b.k.service.DynamicRouteService - Completed route status sync
2025-11-02 12:14:02 [scheduling-1] INFO  c.m.b.k.service.DynamicRouteService - Starting route status sync with Camel context
2025-11-02 12:14:02 [scheduling-1] INFO  c.m.b.k.service.DynamicRouteService - Completed route status sync
2025-11-02 12:14:32 [scheduling-1] INFO  c.m.b.k.service.DynamicRouteService - Starting route status sync with Camel context
2025-11-02 12:14:32 [scheduling-1] INFO  c.m.b.k.service.DynamicRouteService - Completed route status sync
2025-11-02 12:15:03 [scheduling-1] INFO  c.m.b.k.service.DynamicRouteService - Starting route status sync with Camel context
2025-11-02 12:15:03 [scheduling-1] INFO  c.m.b.k.service.DynamicRouteService - Completed route status sync
2025-11-02 12:15:32 [scheduling-1] INFO  c.m.b.k.service.DynamicRouteService - Starting route status sync with Camel context
2025-11-02 12:15:32 [scheduling-1] INFO  c.m.b.k.service.DynamicRouteService - Completed route status sync
2025-11-02 12:16:02 [scheduling-1] INFO  c.m.b.k.service.DynamicRouteService - Starting route status sync with Camel context
2025-11-02 12:16:02 [scheduling-1] INFO  c.m.b.k.service.DynamicRouteService - Completed route status sync
2025-11-02 12:16:32 [scheduling-1] INFO  c.m.b.k.service.DynamicRouteService - Starting route status sync with Camel context
2025-11-02 12:16:32 [scheduling-1] INFO  c.m.b.k.service.DynamicRouteService - Completed route status sync
2025-11-02 12:17:02 [scheduling-1] INFO  c.m.b.k.service.DynamicRouteService - Starting route status sync with Camel context
2025-11-02 12:17:02 [scheduling-1] INFO  c.m.b.k.service.DynamicRouteService - Completed route status sync
2025-11-02 12:17:32 [scheduling-1] INFO  c.m.b.k.service.DynamicRouteService - Starting route status sync with Camel context
2025-11-02 12:17:32 [scheduling-1] INFO  c.m.b.k.service.DynamicRouteService - Completed route status sync
2025-11-02 12:18:02 [scheduling-1] INFO  c.m.b.k.service.DynamicRouteService - Starting route status sync with Camel context
2025-11-02 12:18:02 [scheduling-1] INFO  c.m.b.k.service.DynamicRouteService - Completed route status sync
2025-11-02 12:18:32 [scheduling-1] INFO  c.m.b.k.service.DynamicRouteService - Starting route status sync with Camel context
2025-11-02 12:18:32 [scheduling-1] INFO  c.m.b.k.service.DynamicRouteService - Completed route status sync
2025-11-02 12:19:02 [scheduling-1] INFO  c.m.b.k.service.DynamicRouteService - Starting route status sync with Camel context
2025-11-02 12:19:02 [scheduling-1] INFO  c.m.b.k.service.DynamicRouteService - Completed route status sync
2025-11-02 12:19:32 [scheduling-1] INFO  c.m.b.k.service.DynamicRouteService - Starting route status sync with Camel context
2025-11-02 12:19:32 [scheduling-1] INFO  c.m.b.k.service.DynamicRouteService - Completed route status sync
2025-11-02 12:20:02 [scheduling-1] INFO  c.m.b.k.service.DynamicRouteService - Starting route status sync with Camel context
2025-11-02 12:20:02 [scheduling-1] INFO  c.m.b.k.service.DynamicRouteService - Completed route status sync
2025-11-02 12:20:32 [scheduling-1] INFO  c.m.b.k.service.DynamicRouteService - Starting route status sync with Camel context
2025-11-02 12:20:32 [scheduling-1] INFO  c.m.b.k.service.DynamicRouteService - Completed route status sync
2025-11-02 12:21:02 [scheduling-1] INFO  c.m.b.k.service.DynamicRouteService - Starting route status sync with Camel context
2025-11-02 12:21:02 [scheduling-1] INFO  c.m.b.k.service.DynamicRouteService - Completed route status sync
2025-11-02 12:21:32 [scheduling-1] INFO  c.m.b.k.service.DynamicRouteService - Starting route status sync with Camel context
2025-11-02 12:21:32 [scheduling-1] INFO  c.m.b.k.service.DynamicRouteService - Completed route status sync
2025-11-02 12:22:02 [scheduling-1] INFO  c.m.b.k.service.DynamicRouteService - Starting route status sync with Camel context
2025-11-02 12:22:02 [scheduling-1] INFO  c.m.b.k.service.DynamicRouteService - Completed route status sync
2025-11-02 12:22:31 [scheduling-1] INFO  c.m.b.k.service.DynamicRouteService - Starting route status sync with Camel context
2025-11-02 12:22:31 [scheduling-1] INFO  c.m.b.k.service.DynamicRouteService - Completed route status sync
2025-11-02 12:23:01 [scheduling-1] INFO  c.m.b.k.service.DynamicRouteService - Starting route status sync with Camel context
2025-11-02 12:23:01 [scheduling-1] INFO  c.m.b.k.service.DynamicRouteService - Completed route status sync
2025-11-02 12:23:31 [scheduling-1] INFO  c.m.b.k.service.DynamicRouteService - Starting route status sync with Camel context
2025-11-02 12:23:31 [scheduling-1] INFO  c.m.b.k.service.DynamicRouteService - Completed route status sync
2025-11-02 12:24:01 [scheduling-1] INFO  c.m.b.k.service.DynamicRouteService - Starting route status sync with Camel context
2025-11-02 12:24:01 [scheduling-1] INFO  c.m.b.k.service.DynamicRouteService - Completed route status sync
2025-11-02 12:24:31 [scheduling-1] INFO  c.m.b.k.service.DynamicRouteService - Starting route status sync with Camel context
2025-11-02 12:24:31 [scheduling-1] INFO  c.m.b.k.service.DynamicRouteService - Completed route status sync
2025-11-02 12:25:01 [scheduling-1] INFO  c.m.b.k.service.DynamicRouteService - Starting route status sync with Camel context
2025-11-02 12:25:01 [scheduling-1] INFO  c.m.b.k.service.DynamicRouteService - Completed route status sync
2025-11-02 12:25:31 [scheduling-1] INFO  c.m.b.k.service.DynamicRouteService - Starting route status sync with Camel context
2025-11-02 12:25:31 [scheduling-1] INFO  c.m.b.k.service.DynamicRouteService - Completed route status sync
2025-11-02 12:26:01 [scheduling-1] INFO  c.m.b.k.service.DynamicRouteService - Starting route status sync with Camel context
2025-11-02 12:26:01 [scheduling-1] INFO  c.m.b.k.service.DynamicRouteService - Completed route status sync
2025-11-02 12:26:31 [scheduling-1] INFO  c.m.b.k.service.DynamicRouteService - Starting route status sync with Camel context
2025-11-02 12:26:31 [scheduling-1] INFO  c.m.b.k.service.DynamicRouteService - Completed route status sync
2025-11-02 12:27:01 [scheduling-1] INFO  c.m.b.k.service.DynamicRouteService - Starting route status sync with Camel context
2025-11-02 12:27:01 [scheduling-1] INFO  c.m.b.k.service.DynamicRouteService - Completed route status sync
2025-11-02 12:27:25 [http-nio-8081-exec-6] INFO  c.m.b.k.service.DynamicRouteService - Fetching active routes with pagination
2025-11-02 12:27:26 [http-nio-8081-exec-6] DEBUG o.s.w.f.CommonsRequestLoggingFilter - Before request [GET /api/routes/latest?page=0&size=10&sortBy=updated_at&sortDirection=desc, client=0:0:0:0:0:0:0:1, user=admin@mail.com]
2025-11-02 12:27:26 [http-nio-8081-exec-6] DEBUG o.s.web.servlet.DispatcherServlet - GET "/api/routes/latest?page=0&size=10&sortBy=updated_at&sortDirection=desc", parameters={masked}
2025-11-02 12:27:26 [http-nio-8081-exec-6] DEBUG o.s.w.s.m.m.a.RequestMappingHandlerMapping - Mapped to com.middleware.backend.kaotocamel.controller.DynamicRouteController#getRoutes(String, String, String, String, Boolean, String, String, LocalDateTime, LocalDateTime, String, String, int, int)
2025-11-02 12:27:26 [http-nio-8081-exec-6] DEBUG o.s.w.s.m.m.a.HttpEntityMethodProcessor - Using 'application/json', given [*/*] and supported [application/json, application/*+json, application/yaml]
2025-11-02 12:27:26 [http-nio-8081-exec-6] DEBUG o.s.w.s.m.m.a.HttpEntityMethodProcessor - Writing [Page 1 of 1 containing com.middleware.backend.kaotocamel.model.DynamicRouteEntity instances]
2025-11-02 12:27:26 [http-nio-8081-exec-6] DEBUG o.s.web.servlet.DispatcherServlet - Completed 200 OK
2025-11-02 12:27:26 [http-nio-8081-exec-6] DEBUG o.a.camel.spring.SpringCamelContext - onApplicationEvent: ServletRequestHandledEvent: url=[/api/routes/latest]; client=[0:0:0:0:0:0:0:1]; method=[GET]; status=[200]; servlet=[dispatcherServlet]; session=[null]; user=[admin@mail.com]; time=[222ms]
2025-11-02 12:27:26 [http-nio-8081-exec-6] DEBUG o.s.w.f.CommonsRequestLoggingFilter - After request [GET /api/routes/latest?page=0&size=10&sortBy=updated_at&sortDirection=desc, client=0:0:0:0:0:0:0:1, user=admin@mail.com]
2025-11-02 12:27:31 [scheduling-1] INFO  c.m.b.k.service.DynamicRouteService - Starting route status sync with Camel context
2025-11-02 12:27:31 [scheduling-1] INFO  c.m.b.k.service.DynamicRouteService - Completed route status sync
2025-11-02 12:27:39 [http-nio-8081-exec-7] INFO  c.m.b.k.service.DynamicRouteService - Fetching active routes with pagination
2025-11-02 12:27:39 [http-nio-8081-exec-7] DEBUG o.s.w.f.CommonsRequestLoggingFilter - Before request [GET /api/routes/audits?page=0&size=10&sortedBy=timestamp&sortDirection=desc, client=0:0:0:0:0:0:0:1, user=admin@mail.com]
2025-11-02 12:27:39 [http-nio-8081-exec-7] DEBUG o.s.web.servlet.DispatcherServlet - GET "/api/routes/audits?page=0&size=10&sortedBy=timestamp&sortDirection=desc", parameters={masked}
2025-11-02 12:27:39 [http-nio-8081-exec-7] DEBUG o.s.w.s.m.m.a.RequestMappingHandlerMapping - Mapped to com.middleware.backend.kaotocamel.controller.DynamicRouteController#getRouteAudits(int, int, String, String, Integer, String, LocalDate, LocalDate, String, String)
2025-11-02 12:27:39 [http-nio-8081-exec-7] DEBUG o.s.w.s.m.m.a.HttpEntityMethodProcessor - Using 'application/json', given [*/*] and supported [application/json, application/*+json, application/yaml]
2025-11-02 12:27:39 [http-nio-8081-exec-7] DEBUG o.s.w.s.m.m.a.HttpEntityMethodProcessor - Writing [Page 1 of 106 containing com.middleware.backend.kaotocamel.model.DynamicRouteAudit instances]
2025-11-02 12:27:39 [http-nio-8081-exec-7] DEBUG o.s.web.servlet.DispatcherServlet - Completed 200 OK
2025-11-02 12:27:39 [http-nio-8081-exec-7] DEBUG o.a.camel.spring.SpringCamelContext - onApplicationEvent: ServletRequestHandledEvent: url=[/api/routes/audits]; client=[0:0:0:0:0:0:0:1]; method=[GET]; status=[200]; servlet=[dispatcherServlet]; session=[null]; user=[admin@mail.com]; time=[173ms]
2025-11-02 12:27:39 [http-nio-8081-exec-7] DEBUG o.s.w.f.CommonsRequestLoggingFilter - After request [GET /api/routes/audits?page=0&size=10&sortedBy=timestamp&sortDirection=desc, client=0:0:0:0:0:0:0:1, user=admin@mail.com]
2025-11-02 12:27:40 [http-nio-8081-exec-2] INFO  c.m.b.k.service.DynamicRouteService - Fetching active routes with pagination
2025-11-02 12:27:40 [http-nio-8081-exec-2] DEBUG o.s.w.f.CommonsRequestLoggingFilter - Before request [GET /api/logs?page=0&size=10&sort=receivedAt%2Cdesc, client=0:0:0:0:0:0:0:1, user=admin@mail.com]
2025-11-02 12:27:40 [http-nio-8081-exec-2] DEBUG o.s.web.servlet.DispatcherServlet - GET "/api/logs?page=0&size=10&sort=receivedAt%2Cdesc", parameters={masked}
2025-11-02 12:27:40 [http-nio-8081-exec-2] DEBUG o.s.w.s.m.m.a.RequestMappingHandlerMapping - Mapped to com.middleware.backend.logging.controller.MiddlewareApiCallLogController#getAll(Map, int, int, String)
2025-11-02 12:27:40 [http-nio-8081-exec-2] DEBUG o.s.w.s.m.m.a.HttpEntityMethodProcessor - Using 'application/json', given [*/*] and supported [application/json, application/*+json, application/yaml]
2025-11-02 12:27:40 [http-nio-8081-exec-2] DEBUG o.s.w.s.m.m.a.HttpEntityMethodProcessor - Writing [Page 1 of 24 containing com.middleware.backend.logging.dto.MiddlewareApiCallLogDto instances]
2025-11-02 12:27:40 [http-nio-8081-exec-2] DEBUG o.s.web.servlet.DispatcherServlet - Completed 200 OK
2025-11-02 12:27:40 [http-nio-8081-exec-2] DEBUG o.a.camel.spring.SpringCamelContext - onApplicationEvent: ServletRequestHandledEvent: url=[/api/logs]; client=[0:0:0:0:0:0:0:1]; method=[GET]; status=[200]; servlet=[dispatcherServlet]; session=[null]; user=[admin@mail.com]; time=[134ms]
2025-11-02 12:27:40 [http-nio-8081-exec-2] DEBUG o.s.w.f.CommonsRequestLoggingFilter - After request [GET /api/logs?page=0&size=10&sort=receivedAt%2Cdesc, client=0:0:0:0:0:0:0:1, user=admin@mail.com]
2025-11-02 12:27:43 [http-nio-8081-exec-5] INFO  c.m.b.k.service.DynamicRouteService - Fetching active routes with pagination
2025-11-02 12:27:43 [http-nio-8081-exec-5] DEBUG o.s.w.f.CommonsRequestLoggingFilter - Before request [GET /api/logs?page=0&size=25&sort=receivedAt%2Cdesc, client=0:0:0:0:0:0:0:1, user=admin@mail.com]
2025-11-02 12:27:43 [http-nio-8081-exec-5] DEBUG o.s.web.servlet.DispatcherServlet - GET "/api/logs?page=0&size=25&sort=receivedAt%2Cdesc", parameters={masked}
2025-11-02 12:27:43 [http-nio-8081-exec-5] DEBUG o.s.w.s.m.m.a.RequestMappingHandlerMapping - Mapped to com.middleware.backend.logging.controller.MiddlewareApiCallLogController#getAll(Map, int, int, String)
2025-11-02 12:27:44 [http-nio-8081-exec-5] DEBUG o.s.w.s.m.m.a.HttpEntityMethodProcessor - Using 'application/json', given [*/*] and supported [application/json, application/*+json, application/yaml]
2025-11-02 12:27:44 [http-nio-8081-exec-5] DEBUG o.s.w.s.m.m.a.HttpEntityMethodProcessor - Writing [Page 1 of 10 containing com.middleware.backend.logging.dto.MiddlewareApiCallLogDto instances]
2025-11-02 12:27:44 [http-nio-8081-exec-5] DEBUG o.s.web.servlet.DispatcherServlet - Completed 200 OK
2025-11-02 12:27:44 [http-nio-8081-exec-5] DEBUG o.a.camel.spring.SpringCamelContext - onApplicationEvent: ServletRequestHandledEvent: url=[/api/logs]; client=[0:0:0:0:0:0:0:1]; method=[GET]; status=[200]; servlet=[dispatcherServlet]; session=[null]; user=[admin@mail.com]; time=[88ms]
2025-11-02 12:27:44 [http-nio-8081-exec-5] DEBUG o.s.w.f.CommonsRequestLoggingFilter - After request [GET /api/logs?page=0&size=25&sort=receivedAt%2Cdesc, client=0:0:0:0:0:0:0:1, user=admin@mail.com]
2025-11-02 12:27:47 [http-nio-8081-exec-4] INFO  c.m.b.k.service.DynamicRouteService - Fetching active routes with pagination
2025-11-02 12:27:47 [http-nio-8081-exec-4] DEBUG o.s.w.f.CommonsRequestLoggingFilter - Before request [GET /api/logs?page=0&size=100&sort=receivedAt%2Cdesc, client=0:0:0:0:0:0:0:1, user=admin@mail.com]
2025-11-02 12:27:47 [http-nio-8081-exec-4] DEBUG o.s.web.servlet.DispatcherServlet - GET "/api/logs?page=0&size=100&sort=receivedAt%2Cdesc", parameters={masked}
2025-11-02 12:27:47 [http-nio-8081-exec-4] DEBUG o.s.w.s.m.m.a.RequestMappingHandlerMapping - Mapped to com.middleware.backend.logging.controller.MiddlewareApiCallLogController#getAll(Map, int, int, String)
2025-11-02 12:27:47 [http-nio-8081-exec-4] DEBUG o.s.w.s.m.m.a.HttpEntityMethodProcessor - Using 'application/json', given [*/*] and supported [application/json, application/*+json, application/yaml]
2025-11-02 12:27:47 [http-nio-8081-exec-4] DEBUG o.s.w.s.m.m.a.HttpEntityMethodProcessor - Writing [Page 1 of 3 containing com.middleware.backend.logging.dto.MiddlewareApiCallLogDto instances]
2025-11-02 12:27:47 [http-nio-8081-exec-4] DEBUG o.s.web.servlet.DispatcherServlet - Completed 200 OK
2025-11-02 12:27:47 [http-nio-8081-exec-4] DEBUG o.a.camel.spring.SpringCamelContext - onApplicationEvent: ServletRequestHandledEvent: url=[/api/logs]; client=[0:0:0:0:0:0:0:1]; method=[GET]; status=[200]; servlet=[dispatcherServlet]; session=[null]; user=[admin@mail.com]; time=[167ms]
2025-11-02 12:27:47 [http-nio-8081-exec-4] DEBUG o.s.w.f.CommonsRequestLoggingFilter - After request [GET /api/logs?page=0&size=100&sort=receivedAt%2Cdesc, client=0:0:0:0:0:0:0:1, user=admin@mail.com]
2025-11-02 12:28:01 [scheduling-1] INFO  c.m.b.k.service.DynamicRouteService - Starting route status sync with Camel context
2025-11-02 12:28:01 [scheduling-1] INFO  c.m.b.k.service.DynamicRouteService - Completed route status sync
2025-11-02 12:28:31 [scheduling-1] INFO  c.m.b.k.service.DynamicRouteService - Starting route status sync with Camel context
2025-11-02 12:28:31 [scheduling-1] INFO  c.m.b.k.service.DynamicRouteService - Completed route status sync
2025-11-02 12:29:01 [scheduling-1] INFO  c.m.b.k.service.DynamicRouteService - Starting route status sync with Camel context
2025-11-02 12:29:01 [scheduling-1] INFO  c.m.b.k.service.DynamicRouteService - Completed route status sync
2025-11-02 12:29:31 [scheduling-1] INFO  c.m.b.k.service.DynamicRouteService - Starting route status sync with Camel context
2025-11-02 12:29:31 [scheduling-1] INFO  c.m.b.k.service.DynamicRouteService - Completed route status sync
2025-11-02 12:30:01 [scheduling-1] INFO  c.m.b.k.service.DynamicRouteService - Starting route status sync with Camel context
2025-11-02 12:30:01 [scheduling-1] INFO  c.m.b.k.service.DynamicRouteService - Completed route status sync
2025-11-02 12:30:31 [scheduling-1] INFO  c.m.b.k.service.DynamicRouteService - Starting route status sync with Camel context
2025-11-02 12:30:31 [scheduling-1] INFO  c.m.b.k.service.DynamicRouteService - Completed route status sync
2025-11-02 12:31:01 [scheduling-1] INFO  c.m.b.k.service.DynamicRouteService - Starting route status sync with Camel context
2025-11-02 12:31:01 [scheduling-1] INFO  c.m.b.k.service.DynamicRouteService - Completed route status sync
2025-11-02 12:31:31 [scheduling-1] INFO  c.m.b.k.service.DynamicRouteService - Starting route status sync with Camel context
2025-11-02 12:31:31 [scheduling-1] INFO  c.m.b.k.service.DynamicRouteService - Completed route status sync
2025-11-02 12:32:01 [scheduling-1] INFO  c.m.b.k.service.DynamicRouteService - Starting route status sync with Camel context
2025-11-02 12:32:01 [scheduling-1] INFO  c.m.b.k.service.DynamicRouteService - Completed route status sync
2025-11-02 12:32:31 [scheduling-1] INFO  c.m.b.k.service.DynamicRouteService - Starting route status sync with Camel context
2025-11-02 12:32:31 [scheduling-1] INFO  c.m.b.k.service.DynamicRouteService - Completed route status sync
2025-11-02 12:33:01 [scheduling-1] INFO  c.m.b.k.service.DynamicRouteService - Starting route status sync with Camel context
2025-11-02 12:33:01 [scheduling-1] INFO  c.m.b.k.service.DynamicRouteService - Completed route status sync
2025-11-02 12:33:31 [scheduling-1] INFO  c.m.b.k.service.DynamicRouteService - Starting route status sync with Camel context
2025-11-02 12:33:31 [scheduling-1] INFO  c.m.b.k.service.DynamicRouteService - Completed route status sync
2025-11-02 12:34:01 [scheduling-1] INFO  c.m.b.k.service.DynamicRouteService - Starting route status sync with Camel context
2025-11-02 12:34:01 [scheduling-1] INFO  c.m.b.k.service.DynamicRouteService - Completed route status sync
2025-11-02 12:34:31 [scheduling-1] INFO  c.m.b.k.service.DynamicRouteService - Starting route status sync with Camel context
2025-11-02 12:34:31 [scheduling-1] INFO  c.m.b.k.service.DynamicRouteService - Completed route status sync
2025-11-02 12:35:01 [scheduling-1] INFO  c.m.b.k.service.DynamicRouteService - Starting route status sync with Camel context
2025-11-02 12:35:01 [scheduling-1] INFO  c.m.b.k.service.DynamicRouteService - Completed route status sync
2025-11-02 12:35:31 [scheduling-1] INFO  c.m.b.k.service.DynamicRouteService - Starting route status sync with Camel context
2025-11-02 12:35:31 [scheduling-1] INFO  c.m.b.k.service.DynamicRouteService - Completed route status sync
2025-11-02 12:36:01 [scheduling-1] INFO  c.m.b.k.service.DynamicRouteService - Starting route status sync with Camel context
2025-11-02 12:36:01 [scheduling-1] INFO  c.m.b.k.service.DynamicRouteService - Completed route status sync
2025-11-02 12:36:31 [scheduling-1] INFO  c.m.b.k.service.DynamicRouteService - Starting route status sync with Camel context
2025-11-02 12:36:31 [scheduling-1] INFO  c.m.b.k.service.DynamicRouteService - Completed route status sync
2025-11-02 12:37:01 [scheduling-1] INFO  c.m.b.k.service.DynamicRouteService - Starting route status sync with Camel context
2025-11-02 12:37:01 [scheduling-1] INFO  c.m.b.k.service.DynamicRouteService - Completed route status sync
2025-11-02 12:37:31 [scheduling-1] INFO  c.m.b.k.service.DynamicRouteService - Starting route status sync with Camel context
2025-11-02 12:37:31 [scheduling-1] INFO  c.m.b.k.service.DynamicRouteService - Completed route status sync
2025-11-02 12:38:01 [scheduling-1] INFO  c.m.b.k.service.DynamicRouteService - Starting route status sync with Camel context
2025-11-02 12:38:01 [scheduling-1] INFO  c.m.b.k.service.DynamicRouteService - Completed route status sync
2025-11-02 12:38:31 [scheduling-1] INFO  c.m.b.k.service.DynamicRouteService - Starting route status sync with Camel context
2025-11-02 12:38:31 [scheduling-1] INFO  c.m.b.k.service.DynamicRouteService - Completed route status sync
2025-11-02 12:39:01 [scheduling-1] INFO  c.m.b.k.service.DynamicRouteService - Starting route status sync with Camel context
2025-11-02 12:39:01 [scheduling-1] INFO  c.m.b.k.service.DynamicRouteService - Completed route status sync
2025-11-02 12:39:31 [scheduling-1] INFO  c.m.b.k.service.DynamicRouteService - Starting route status sync with Camel context
2025-11-02 12:39:31 [scheduling-1] INFO  c.m.b.k.service.DynamicRouteService - Completed route status sync
2025-11-02 12:40:01 [scheduling-1] INFO  c.m.b.k.service.DynamicRouteService - Starting route status sync with Camel context
2025-11-02 12:40:01 [scheduling-1] INFO  c.m.b.k.service.DynamicRouteService - Completed route status sync
2025-11-02 12:40:31 [scheduling-1] INFO  c.m.b.k.service.DynamicRouteService - Starting route status sync with Camel context
2025-11-02 12:40:31 [scheduling-1] INFO  c.m.b.k.service.DynamicRouteService - Completed route status sync
2025-11-02 12:41:01 [scheduling-1] INFO  c.m.b.k.service.DynamicRouteService - Starting route status sync with Camel context
2025-11-02 12:41:01 [scheduling-1] INFO  c.m.b.k.service.DynamicRouteService - Completed route status sync
2025-11-02 12:41:31 [scheduling-1] INFO  c.m.b.k.service.DynamicRouteService - Starting route status sync with Camel context
2025-11-02 12:41:31 [scheduling-1] INFO  c.m.b.k.service.DynamicRouteService - Completed route status sync
2025-11-02 12:42:01 [scheduling-1] INFO  c.m.b.k.service.DynamicRouteService - Starting route status sync with Camel context
2025-11-02 12:42:01 [scheduling-1] INFO  c.m.b.k.service.DynamicRouteService - Completed route status sync
2025-11-02 12:42:31 [scheduling-1] INFO  c.m.b.k.service.DynamicRouteService - Starting route status sync with Camel context
2025-11-02 12:42:31 [scheduling-1] INFO  c.m.b.k.service.DynamicRouteService - Completed route status sync
2025-11-02 12:43:01 [scheduling-1] INFO  c.m.b.k.service.DynamicRouteService - Starting route status sync with Camel context
2025-11-02 12:43:01 [scheduling-1] INFO  c.m.b.k.service.DynamicRouteService - Completed route status sync
2025-11-02 12:43:31 [scheduling-1] INFO  c.m.b.k.service.DynamicRouteService - Starting route status sync with Camel context
2025-11-02 12:43:31 [scheduling-1] INFO  c.m.b.k.service.DynamicRouteService - Completed route status sync
2025-11-02 12:44:01 [scheduling-1] INFO  c.m.b.k.service.DynamicRouteService - Starting route status sync with Camel context
2025-11-02 12:44:01 [scheduling-1] INFO  c.m.b.k.service.DynamicRouteService - Completed route status sync
2025-11-02 12:44:31 [scheduling-1] INFO  c.m.b.k.service.DynamicRouteService - Starting route status sync with Camel context
2025-11-02 12:44:31 [scheduling-1] INFO  c.m.b.k.service.DynamicRouteService - Completed route status sync
2025-11-02 12:45:01 [scheduling-1] INFO  c.m.b.k.service.DynamicRouteService - Starting route status sync with Camel context
2025-11-02 12:45:01 [scheduling-1] INFO  c.m.b.k.service.DynamicRouteService - Completed route status sync
2025-11-02 12:45:31 [scheduling-1] INFO  c.m.b.k.service.DynamicRouteService - Starting route status sync with Camel context
2025-11-02 12:45:31 [scheduling-1] INFO  c.m.b.k.service.DynamicRouteService - Completed route status sync
2025-11-02 12:46:01 [scheduling-1] INFO  c.m.b.k.service.DynamicRouteService - Starting route status sync with Camel context
2025-11-02 12:46:01 [scheduling-1] INFO  c.m.b.k.service.DynamicRouteService - Completed route status sync
2025-11-02 12:46:31 [scheduling-1] INFO  c.m.b.k.service.DynamicRouteService - Starting route status sync with Camel context
2025-11-02 12:46:31 [scheduling-1] INFO  c.m.b.k.service.DynamicRouteService - Completed route status sync
2025-11-02 12:47:01 [scheduling-1] INFO  c.m.b.k.service.DynamicRouteService - Starting route status sync with Camel context
2025-11-02 12:47:01 [scheduling-1] INFO  c.m.b.k.service.DynamicRouteService - Completed route status sync
2025-11-02 12:47:31 [scheduling-1] INFO  c.m.b.k.service.DynamicRouteService - Starting route status sync with Camel context
2025-11-02 12:47:31 [scheduling-1] INFO  c.m.b.k.service.DynamicRouteService - Completed route status sync
2025-11-02 12:48:01 [scheduling-1] INFO  c.m.b.k.service.DynamicRouteService - Starting route status sync with Camel context
2025-11-02 12:48:01 [scheduling-1] INFO  c.m.b.k.service.DynamicRouteService - Completed route status sync
2025-11-02 12:48:31 [scheduling-1] INFO  c.m.b.k.service.DynamicRouteService - Starting route status sync with Camel context
2025-11-02 12:48:31 [scheduling-1] INFO  c.m.b.k.service.DynamicRouteService - Completed route status sync
2025-11-02 12:49:01 [scheduling-1] INFO  c.m.b.k.service.DynamicRouteService - Starting route status sync with Camel context
2025-11-02 12:49:01 [scheduling-1] INFO  c.m.b.k.service.DynamicRouteService - Completed route status sync
2025-11-02 12:49:31 [scheduling-1] INFO  c.m.b.k.service.DynamicRouteService - Starting route status sync with Camel context
2025-11-02 12:49:31 [scheduling-1] INFO  c.m.b.k.service.DynamicRouteService - Completed route status sync
2025-11-02 12:50:01 [scheduling-1] INFO  c.m.b.k.service.DynamicRouteService - Starting route status sync with Camel context
2025-11-02 12:50:01 [scheduling-1] INFO  c.m.b.k.service.DynamicRouteService - Completed route status sync
2025-11-02 12:50:31 [scheduling-1] INFO  c.m.b.k.service.DynamicRouteService - Starting route status sync with Camel context
2025-11-02 12:50:31 [scheduling-1] INFO  c.m.b.k.service.DynamicRouteService - Completed route status sync
2025-11-02 12:51:01 [scheduling-1] INFO  c.m.b.k.service.DynamicRouteService - Starting route status sync with Camel context
2025-11-02 12:51:01 [scheduling-1] INFO  c.m.b.k.service.DynamicRouteService - Completed route status sync
2025-11-02 12:51:31 [scheduling-1] INFO  c.m.b.k.service.DynamicRouteService - Starting route status sync with Camel context
2025-11-02 12:51:31 [scheduling-1] INFO  c.m.b.k.service.DynamicRouteService - Completed route status sync
2025-11-02 12:52:01 [scheduling-1] INFO  c.m.b.k.service.DynamicRouteService - Starting route status sync with Camel context
2025-11-02 12:52:01 [scheduling-1] INFO  c.m.b.k.service.DynamicRouteService - Completed route status sync
2025-11-02 12:52:31 [scheduling-1] INFO  c.m.b.k.service.DynamicRouteService - Starting route status sync with Camel context
2025-11-02 12:52:31 [scheduling-1] INFO  c.m.b.k.service.DynamicRouteService - Completed route status sync
2025-11-02 12:53:01 [scheduling-1] INFO  c.m.b.k.service.DynamicRouteService - Starting route status sync with Camel context
2025-11-02 12:53:01 [scheduling-1] INFO  c.m.b.k.service.DynamicRouteService - Completed route status sync
2025-11-02 12:53:31 [scheduling-1] INFO  c.m.b.k.service.DynamicRouteService - Starting route status sync with Camel context
2025-11-02 12:53:31 [scheduling-1] INFO  c.m.b.k.service.DynamicRouteService - Completed route status sync
2025-11-02 12:54:01 [scheduling-1] INFO  c.m.b.k.service.DynamicRouteService - Starting route status sync with Camel context
2025-11-02 12:54:01 [scheduling-1] INFO  c.m.b.k.service.DynamicRouteService - Completed route status sync
2025-11-02 12:54:31 [scheduling-1] INFO  c.m.b.k.service.DynamicRouteService - Starting route status sync with Camel context
2025-11-02 12:54:31 [scheduling-1] INFO  c.m.b.k.service.DynamicRouteService - Completed route status sync
2025-11-02 12:55:01 [scheduling-1] INFO  c.m.b.k.service.DynamicRouteService - Starting route status sync with Camel context
2025-11-02 12:55:01 [scheduling-1] INFO  c.m.b.k.service.DynamicRouteService - Completed route status sync
2025-11-02 12:55:31 [scheduling-1] INFO  c.m.b.k.service.DynamicRouteService - Starting route status sync with Camel context
2025-11-02 12:55:31 [scheduling-1] INFO  c.m.b.k.service.DynamicRouteService - Completed route status sync
2025-11-02 12:56:01 [scheduling-1] INFO  c.m.b.k.service.DynamicRouteService - Starting route status sync with Camel context
2025-11-02 12:56:01 [scheduling-1] INFO  c.m.b.k.service.DynamicRouteService - Completed route status sync
2025-11-02 12:56:31 [scheduling-1] INFO  c.m.b.k.service.DynamicRouteService - Starting route status sync with Camel context
2025-11-02 12:56:31 [scheduling-1] INFO  c.m.b.k.service.DynamicRouteService - Completed route status sync
2025-11-02 12:57:01 [scheduling-1] INFO  c.m.b.k.service.DynamicRouteService - Starting route status sync with Camel context
2025-11-02 12:57:01 [scheduling-1] INFO  c.m.b.k.service.DynamicRouteService - Completed route status sync
2025-11-02 12:57:31 [scheduling-1] INFO  c.m.b.k.service.DynamicRouteService - Starting route status sync with Camel context
2025-11-02 12:57:31 [scheduling-1] INFO  c.m.b.k.service.DynamicRouteService - Completed route status sync
2025-11-02 12:58:01 [scheduling-1] INFO  c.m.b.k.service.DynamicRouteService - Starting route status sync with Camel context
2025-11-02 12:58:01 [scheduling-1] INFO  c.m.b.k.service.DynamicRouteService - Completed route status sync
2025-11-02 12:58:31 [scheduling-1] INFO  c.m.b.k.service.DynamicRouteService - Starting route status sync with Camel context
2025-11-02 12:58:31 [scheduling-1] INFO  c.m.b.k.service.DynamicRouteService - Completed route status sync
2025-11-02 12:59:01 [scheduling-1] INFO  c.m.b.k.service.DynamicRouteService - Starting route status sync with Camel context
2025-11-02 12:59:01 [scheduling-1] INFO  c.m.b.k.service.DynamicRouteService - Completed route status sync
2025-11-02 12:59:31 [scheduling-1] INFO  c.m.b.k.service.DynamicRouteService - Starting route status sync with Camel context
2025-11-02 12:59:31 [scheduling-1] INFO  c.m.b.k.service.DynamicRouteService - Completed route status sync
2025-11-02 13:00:01 [scheduling-1] INFO  c.m.b.k.service.DynamicRouteService - Starting route status sync with Camel context
2025-11-02 13:00:01 [scheduling-1] INFO  c.m.b.k.service.DynamicRouteService - Completed route status sync
2025-11-02 13:00:31 [scheduling-1] INFO  c.m.b.k.service.DynamicRouteService - Starting route status sync with Camel context
2025-11-02 13:00:31 [scheduling-1] INFO  c.m.b.k.service.DynamicRouteService - Completed route status sync
2025-11-02 13:01:01 [scheduling-1] INFO  c.m.b.k.service.DynamicRouteService - Starting route status sync with Camel context
2025-11-02 13:01:01 [scheduling-1] INFO  c.m.b.k.service.DynamicRouteService - Completed route status sync
2025-11-02 13:01:31 [scheduling-1] INFO  c.m.b.k.service.DynamicRouteService - Starting route status sync with Camel context
2025-11-02 13:01:31 [scheduling-1] INFO  c.m.b.k.service.DynamicRouteService - Completed route status sync
2025-11-02 13:02:01 [scheduling-1] INFO  c.m.b.k.service.DynamicRouteService - Starting route status sync with Camel context
2025-11-02 13:02:01 [scheduling-1] INFO  c.m.b.k.service.DynamicRouteService - Completed route status sync
2025-11-02 13:02:31 [scheduling-1] INFO  c.m.b.k.service.DynamicRouteService - Starting route status sync with Camel context
2025-11-02 13:02:31 [scheduling-1] INFO  c.m.b.k.service.DynamicRouteService - Completed route status sync
2025-11-02 13:03:01 [scheduling-1] INFO  c.m.b.k.service.DynamicRouteService - Starting route status sync with Camel context
2025-11-02 13:03:01 [scheduling-1] INFO  c.m.b.k.service.DynamicRouteService - Completed route status sync
2025-11-02 13:03:31 [scheduling-1] INFO  c.m.b.k.service.DynamicRouteService - Starting route status sync with Camel context
2025-11-02 13:03:31 [scheduling-1] INFO  c.m.b.k.service.DynamicRouteService - Completed route status sync
2025-11-02 13:04:01 [scheduling-1] INFO  c.m.b.k.service.DynamicRouteService - Starting route status sync with Camel context
2025-11-02 13:04:01 [scheduling-1] INFO  c.m.b.k.service.DynamicRouteService - Completed route status sync
2025-11-02 13:04:31 [scheduling-1] INFO  c.m.b.k.service.DynamicRouteService - Starting route status sync with Camel context
2025-11-02 13:04:31 [scheduling-1] INFO  c.m.b.k.service.DynamicRouteService - Completed route status sync
2025-11-02 13:05:01 [scheduling-1] INFO  c.m.b.k.service.DynamicRouteService - Starting route status sync with Camel context
2025-11-02 13:05:01 [scheduling-1] INFO  c.m.b.k.service.DynamicRouteService - Completed route status sync
2025-11-02 13:05:31 [scheduling-1] INFO  c.m.b.k.service.DynamicRouteService - Starting route status sync with Camel context
2025-11-02 13:05:31 [scheduling-1] INFO  c.m.b.k.service.DynamicRouteService - Completed route status sync
2025-11-02 13:06:01 [scheduling-1] INFO  c.m.b.k.service.DynamicRouteService - Starting route status sync with Camel context
2025-11-02 13:06:01 [scheduling-1] INFO  c.m.b.k.service.DynamicRouteService - Completed route status sync
2025-11-02 13:06:31 [scheduling-1] INFO  c.m.b.k.service.DynamicRouteService - Starting route status sync with Camel context
2025-11-02 13:06:31 [scheduling-1] INFO  c.m.b.k.service.DynamicRouteService - Completed route status sync
2025-11-02 13:07:01 [scheduling-1] INFO  c.m.b.k.service.DynamicRouteService - Starting route status sync with Camel context
2025-11-02 13:07:01 [scheduling-1] INFO  c.m.b.k.service.DynamicRouteService - Completed route status sync
2025-11-02 13:07:31 [scheduling-1] INFO  c.m.b.k.service.DynamicRouteService - Starting route status sync with Camel context
2025-11-02 13:07:31 [scheduling-1] INFO  c.m.b.k.service.DynamicRouteService - Completed route status sync
2025-11-02 13:08:01 [scheduling-1] INFO  c.m.b.k.service.DynamicRouteService - Starting route status sync with Camel context
2025-11-02 13:08:01 [scheduling-1] INFO  c.m.b.k.service.DynamicRouteService - Completed route status sync
2025-11-02 13:08:31 [scheduling-1] INFO  c.m.b.k.service.DynamicRouteService - Starting route status sync with Camel context
2025-11-02 13:08:31 [scheduling-1] INFO  c.m.b.k.service.DynamicRouteService - Completed route status sync
2025-11-02 13:09:01 [scheduling-1] INFO  c.m.b.k.service.DynamicRouteService - Starting route status sync with Camel context
2025-11-02 13:09:01 [scheduling-1] INFO  c.m.b.k.service.DynamicRouteService - Completed route status sync
2025-11-02 13:09:31 [scheduling-1] INFO  c.m.b.k.service.DynamicRouteService - Starting route status sync with Camel context
2025-11-02 13:09:31 [scheduling-1] INFO  c.m.b.k.service.DynamicRouteService - Completed route status sync
2025-11-02 13:10:01 [scheduling-1] INFO  c.m.b.k.service.DynamicRouteService - Starting route status sync with Camel context
2025-11-02 13:10:01 [scheduling-1] INFO  c.m.b.k.service.DynamicRouteService - Completed route status sync
2025-11-02 13:10:31 [scheduling-1] INFO  c.m.b.k.service.DynamicRouteService - Starting route status sync with Camel context
2025-11-02 13:10:31 [scheduling-1] INFO  c.m.b.k.service.DynamicRouteService - Completed route status sync
2025-11-02 13:11:01 [scheduling-1] INFO  c.m.b.k.service.DynamicRouteService - Starting route status sync with Camel context
2025-11-02 13:11:01 [scheduling-1] INFO  c.m.b.k.service.DynamicRouteService - Completed route status sync
2025-11-02 13:11:31 [scheduling-1] INFO  c.m.b.k.service.DynamicRouteService - Starting route status sync with Camel context
2025-11-02 13:11:31 [scheduling-1] INFO  c.m.b.k.service.DynamicRouteService - Completed route status sync
2025-11-02 13:12:01 [scheduling-1] INFO  c.m.b.k.service.DynamicRouteService - Starting route status sync with Camel context
2025-11-02 13:12:01 [scheduling-1] INFO  c.m.b.k.service.DynamicRouteService - Completed route status sync
2025-11-02 13:12:31 [scheduling-1] INFO  c.m.b.k.service.DynamicRouteService - Starting route status sync with Camel context
2025-11-02 13:12:31 [scheduling-1] INFO  c.m.b.k.service.DynamicRouteService - Completed route status sync
2025-11-02 13:13:01 [scheduling-1] INFO  c.m.b.k.service.DynamicRouteService - Starting route status sync with Camel context
2025-11-02 13:13:01 [scheduling-1] INFO  c.m.b.k.service.DynamicRouteService - Completed route status sync
2025-11-02 13:13:31 [scheduling-1] INFO  c.m.b.k.service.DynamicRouteService - Starting route status sync with Camel context
2025-11-02 13:13:31 [scheduling-1] INFO  c.m.b.k.service.DynamicRouteService - Completed route status sync
2025-11-02 13:14:01 [scheduling-1] INFO  c.m.b.k.service.DynamicRouteService - Starting route status sync with Camel context
2025-11-02 13:14:01 [scheduling-1] INFO  c.m.b.k.service.DynamicRouteService - Completed route status sync
2025-11-02 13:14:31 [scheduling-1] INFO  c.m.b.k.service.DynamicRouteService - Starting route status sync with Camel context
2025-11-02 13:14:31 [scheduling-1] INFO  c.m.b.k.service.DynamicRouteService - Completed route status sync
2025-11-02 13:15:01 [scheduling-1] INFO  c.m.b.k.service.DynamicRouteService - Starting route status sync with Camel context
2025-11-02 13:15:01 [scheduling-1] INFO  c.m.b.k.service.DynamicRouteService - Completed route status sync
2025-11-02 13:15:31 [scheduling-1] INFO  c.m.b.k.service.DynamicRouteService - Starting route status sync with Camel context
2025-11-02 13:15:31 [scheduling-1] INFO  c.m.b.k.service.DynamicRouteService - Completed route status sync
2025-11-02 13:16:01 [scheduling-1] INFO  c.m.b.k.service.DynamicRouteService - Starting route status sync with Camel context
2025-11-02 13:16:01 [scheduling-1] INFO  c.m.b.k.service.DynamicRouteService - Completed route status sync
2025-11-02 13:16:31 [scheduling-1] INFO  c.m.b.k.service.DynamicRouteService - Starting route status sync with Camel context
2025-11-02 13:16:31 [scheduling-1] INFO  c.m.b.k.service.DynamicRouteService - Completed route status sync
2025-11-02 13:17:01 [scheduling-1] INFO  c.m.b.k.service.DynamicRouteService - Starting route status sync with Camel context
2025-11-02 13:17:01 [scheduling-1] INFO  c.m.b.k.service.DynamicRouteService - Completed route status sync
2025-11-02 13:17:31 [scheduling-1] INFO  c.m.b.k.service.DynamicRouteService - Starting route status sync with Camel context
2025-11-02 13:17:31 [scheduling-1] INFO  c.m.b.k.service.DynamicRouteService - Completed route status sync
2025-11-02 13:18:01 [scheduling-1] INFO  c.m.b.k.service.DynamicRouteService - Starting route status sync with Camel context
2025-11-02 13:18:01 [scheduling-1] INFO  c.m.b.k.service.DynamicRouteService - Completed route status sync
2025-11-02 13:18:31 [scheduling-1] INFO  c.m.b.k.service.DynamicRouteService - Starting route status sync with Camel context
2025-11-02 13:18:31 [scheduling-1] INFO  c.m.b.k.service.DynamicRouteService - Completed route status sync
2025-11-02 13:19:01 [scheduling-1] INFO  c.m.b.k.service.DynamicRouteService - Starting route status sync with Camel context
2025-11-02 13:19:01 [scheduling-1] INFO  c.m.b.k.service.DynamicRouteService - Completed route status sync
2025-11-02 13:19:31 [scheduling-1] INFO  c.m.b.k.service.DynamicRouteService - Starting route status sync with Camel context
2025-11-02 13:19:31 [scheduling-1] INFO  c.m.b.k.service.DynamicRouteService - Completed route status sync
2025-11-02 13:20:01 [scheduling-1] INFO  c.m.b.k.service.DynamicRouteService - Starting route status sync with Camel context
2025-11-02 13:20:01 [scheduling-1] INFO  c.m.b.k.service.DynamicRouteService - Completed route status sync
2025-11-02 13:20:31 [scheduling-1] INFO  c.m.b.k.service.DynamicRouteService - Starting route status sync with Camel context
2025-11-02 13:20:31 [scheduling-1] INFO  c.m.b.k.service.DynamicRouteService - Completed route status sync
2025-11-02 13:21:01 [scheduling-1] INFO  c.m.b.k.service.DynamicRouteService - Starting route status sync with Camel context
2025-11-02 13:21:01 [scheduling-1] INFO  c.m.b.k.service.DynamicRouteService - Completed route status sync
2025-11-02 13:21:31 [scheduling-1] INFO  c.m.b.k.service.DynamicRouteService - Starting route status sync with Camel context
2025-11-02 13:21:31 [scheduling-1] INFO  c.m.b.k.service.DynamicRouteService - Completed route status sync
2025-11-02 13:22:01 [scheduling-1] INFO  c.m.b.k.service.DynamicRouteService - Starting route status sync with Camel context
2025-11-02 13:22:01 [scheduling-1] INFO  c.m.b.k.service.DynamicRouteService - Completed route status sync
2025-11-02 13:22:31 [scheduling-1] INFO  c.m.b.k.service.DynamicRouteService - Starting route status sync with Camel context
2025-11-02 13:22:31 [scheduling-1] INFO  c.m.b.k.service.DynamicRouteService - Completed route status sync
2025-11-02 13:23:01 [scheduling-1] INFO  c.m.b.k.service.DynamicRouteService - Starting route status sync with Camel context
2025-11-02 13:23:01 [scheduling-1] INFO  c.m.b.k.service.DynamicRouteService - Completed route status sync
2025-11-02 13:23:31 [scheduling-1] INFO  c.m.b.k.service.DynamicRouteService - Starting route status sync with Camel context
2025-11-02 13:23:31 [scheduling-1] INFO  c.m.b.k.service.DynamicRouteService - Completed route status sync
2025-11-02 13:24:01 [scheduling-1] INFO  c.m.b.k.service.DynamicRouteService - Starting route status sync with Camel context
2025-11-02 13:24:01 [scheduling-1] INFO  c.m.b.k.service.DynamicRouteService - Completed route status sync
2025-11-02 13:24:31 [scheduling-1] INFO  c.m.b.k.service.DynamicRouteService - Starting route status sync with Camel context
2025-11-02 13:24:31 [scheduling-1] INFO  c.m.b.k.service.DynamicRouteService - Completed route status sync
2025-11-02 13:25:01 [scheduling-1] INFO  c.m.b.k.service.DynamicRouteService - Starting route status sync with Camel context
2025-11-02 13:25:01 [scheduling-1] INFO  c.m.b.k.service.DynamicRouteService - Completed route status sync
2025-11-02 13:25:31 [scheduling-1] INFO  c.m.b.k.service.DynamicRouteService - Starting route status sync with Camel context
2025-11-02 13:25:31 [scheduling-1] INFO  c.m.b.k.service.DynamicRouteService - Completed route status sync
2025-11-02 13:26:01 [scheduling-1] INFO  c.m.b.k.service.DynamicRouteService - Starting route status sync with Camel context
2025-11-02 13:26:01 [scheduling-1] INFO  c.m.b.k.service.DynamicRouteService - Completed route status sync
2025-11-02 13:26:31 [scheduling-1] INFO  c.m.b.k.service.DynamicRouteService - Starting route status sync with Camel context
2025-11-02 13:26:31 [scheduling-1] INFO  c.m.b.k.service.DynamicRouteService - Completed route status sync
2025-11-02 13:27:01 [scheduling-1] INFO  c.m.b.k.service.DynamicRouteService - Starting route status sync with Camel context
2025-11-02 13:27:01 [scheduling-1] INFO  c.m.b.k.service.DynamicRouteService - Completed route status sync
2025-11-02 13:27:31 [scheduling-1] INFO  c.m.b.k.service.DynamicRouteService - Starting route status sync with Camel context
2025-11-02 13:27:31 [scheduling-1] INFO  c.m.b.k.service.DynamicRouteService - Completed route status sync
2025-11-02 13:28:01 [scheduling-1] INFO  c.m.b.k.service.DynamicRouteService - Starting route status sync with Camel context
2025-11-02 13:28:01 [scheduling-1] INFO  c.m.b.k.service.DynamicRouteService - Completed route status sync
2025-11-02 13:28:31 [scheduling-1] INFO  c.m.b.k.service.DynamicRouteService - Starting route status sync with Camel context
2025-11-02 13:28:31 [scheduling-1] INFO  c.m.b.k.service.DynamicRouteService - Completed route status sync
2025-11-02 13:29:01 [scheduling-1] INFO  c.m.b.k.service.DynamicRouteService - Starting route status sync with Camel context
2025-11-02 13:29:01 [scheduling-1] INFO  c.m.b.k.service.DynamicRouteService - Completed route status sync
2025-11-02 13:29:31 [scheduling-1] INFO  c.m.b.k.service.DynamicRouteService - Starting route status sync with Camel context
2025-11-02 13:29:31 [scheduling-1] INFO  c.m.b.k.service.DynamicRouteService - Completed route status sync
2025-11-02 13:30:01 [scheduling-1] INFO  c.m.b.k.service.DynamicRouteService - Starting route status sync with Camel context
2025-11-02 13:30:01 [scheduling-1] INFO  c.m.b.k.service.DynamicRouteService - Completed route status sync
2025-11-02 13:30:31 [scheduling-1] INFO  c.m.b.k.service.DynamicRouteService - Starting route status sync with Camel context
2025-11-02 13:30:31 [scheduling-1] INFO  c.m.b.k.service.DynamicRouteService - Completed route status sync
2025-11-02 13:31:01 [scheduling-1] INFO  c.m.b.k.service.DynamicRouteService - Starting route status sync with Camel context
2025-11-02 13:31:01 [scheduling-1] INFO  c.m.b.k.service.DynamicRouteService - Completed route status sync
2025-11-02 13:31:31 [scheduling-1] INFO  c.m.b.k.service.DynamicRouteService - Starting route status sync with Camel context
2025-11-02 13:31:31 [scheduling-1] INFO  c.m.b.k.service.DynamicRouteService - Completed route status sync
2025-11-02 13:32:01 [scheduling-1] INFO  c.m.b.k.service.DynamicRouteService - Starting route status sync with Camel context
2025-11-02 13:32:01 [scheduling-1] INFO  c.m.b.k.service.DynamicRouteService - Completed route status sync
2025-11-02 13:32:31 [scheduling-1] INFO  c.m.b.k.service.DynamicRouteService - Starting route status sync with Camel context
2025-11-02 13:32:31 [scheduling-1] INFO  c.m.b.k.service.DynamicRouteService - Completed route status sync
2025-11-02 13:33:01 [scheduling-1] INFO  c.m.b.k.service.DynamicRouteService - Starting route status sync with Camel context
2025-11-02 13:33:01 [scheduling-1] INFO  c.m.b.k.service.DynamicRouteService - Completed route status sync
2025-11-02 13:33:31 [scheduling-1] INFO  c.m.b.k.service.DynamicRouteService - Starting route status sync with Camel context
2025-11-02 13:33:31 [scheduling-1] INFO  c.m.b.k.service.DynamicRouteService - Completed route status sync
2025-11-02 13:34:01 [scheduling-1] INFO  c.m.b.k.service.DynamicRouteService - Starting route status sync with Camel context
2025-11-02 13:34:01 [scheduling-1] INFO  c.m.b.k.service.DynamicRouteService - Completed route status sync
2025-11-02 13:34:31 [scheduling-1] INFO  c.m.b.k.service.DynamicRouteService - Starting route status sync with Camel context
2025-11-02 13:34:31 [scheduling-1] INFO  c.m.b.k.service.DynamicRouteService - Completed route status sync
2025-11-02 13:35:01 [scheduling-1] INFO  c.m.b.k.service.DynamicRouteService - Starting route status sync with Camel context
2025-11-02 13:35:01 [scheduling-1] INFO  c.m.b.k.service.DynamicRouteService - Completed route status sync
2025-11-02 13:35:31 [scheduling-1] INFO  c.m.b.k.service.DynamicRouteService - Starting route status sync with Camel context
2025-11-02 13:35:31 [scheduling-1] INFO  c.m.b.k.service.DynamicRouteService - Completed route status sync
2025-11-02 13:36:01 [scheduling-1] INFO  c.m.b.k.service.DynamicRouteService - Starting route status sync with Camel context
2025-11-02 13:36:01 [scheduling-1] INFO  c.m.b.k.service.DynamicRouteService - Completed route status sync
2025-11-02 13:36:31 [scheduling-1] INFO  c.m.b.k.service.DynamicRouteService - Starting route status sync with Camel context
2025-11-02 13:36:31 [scheduling-1] INFO  c.m.b.k.service.DynamicRouteService - Completed route status sync
2025-11-02 13:37:01 [scheduling-1] INFO  c.m.b.k.service.DynamicRouteService - Starting route status sync with Camel context
2025-11-02 13:37:01 [scheduling-1] INFO  c.m.b.k.service.DynamicRouteService - Completed route status sync
2025-11-02 13:37:31 [scheduling-1] INFO  c.m.b.k.service.DynamicRouteService - Starting route status sync with Camel context
2025-11-02 13:37:31 [scheduling-1] INFO  c.m.b.k.service.DynamicRouteService - Completed route status sync
2025-11-02 13:38:01 [scheduling-1] INFO  c.m.b.k.service.DynamicRouteService - Starting route status sync with Camel context
2025-11-02 13:38:01 [scheduling-1] INFO  c.m.b.k.service.DynamicRouteService - Completed route status sync
2025-11-02 13:38:31 [scheduling-1] INFO  c.m.b.k.service.DynamicRouteService - Starting route status sync with Camel context
2025-11-02 13:38:31 [scheduling-1] INFO  c.m.b.k.service.DynamicRouteService - Completed route status sync
2025-11-02 13:39:01 [scheduling-1] INFO  c.m.b.k.service.DynamicRouteService - Starting route status sync with Camel context
2025-11-02 13:39:01 [scheduling-1] INFO  c.m.b.k.service.DynamicRouteService - Completed route status sync
2025-11-02 13:39:31 [scheduling-1] INFO  c.m.b.k.service.DynamicRouteService - Starting route status sync with Camel context
2025-11-02 13:39:31 [scheduling-1] INFO  c.m.b.k.service.DynamicRouteService - Completed route status sync
2025-11-02 13:40:01 [scheduling-1] INFO  c.m.b.k.service.DynamicRouteService - Starting route status sync with Camel context
2025-11-02 13:40:01 [scheduling-1] INFO  c.m.b.k.service.DynamicRouteService - Completed route status sync
2025-11-02 13:40:31 [scheduling-1] INFO  c.m.b.k.service.DynamicRouteService - Starting route status sync with Camel context
2025-11-02 13:40:31 [scheduling-1] INFO  c.m.b.k.service.DynamicRouteService - Completed route status sync
2025-11-02 13:41:01 [scheduling-1] INFO  c.m.b.k.service.DynamicRouteService - Starting route status sync with Camel context
2025-11-02 13:41:01 [scheduling-1] INFO  c.m.b.k.service.DynamicRouteService - Completed route status sync
2025-11-02 13:41:31 [scheduling-1] INFO  c.m.b.k.service.DynamicRouteService - Starting route status sync with Camel context
2025-11-02 13:41:31 [scheduling-1] INFO  c.m.b.k.service.DynamicRouteService - Completed route status sync
2025-11-02 13:42:01 [scheduling-1] INFO  c.m.b.k.service.DynamicRouteService - Starting route status sync with Camel context
2025-11-02 13:42:01 [scheduling-1] INFO  c.m.b.k.service.DynamicRouteService - Completed route status sync
2025-11-02 13:42:05 [SpringApplicationShutdownHook] DEBUG o.a.camel.spring.SpringCamelContext - onApplicationEvent: org.springframework.boot.availability.AvailabilityChangeEvent[source=org.springframework.boot.web.servlet.context.AnnotationConfigServletWebServerApplicationContext@3704122f, started on Sun Nov 02 08:50:30 EET 2025]
2025-11-02 13:42:05 [SpringApplicationShutdownHook] DEBUG o.a.camel.spring.SpringCamelContext - onApplicationEvent: org.springframework.context.event.ContextClosedEvent[source=org.springframework.boot.web.servlet.context.AnnotationConfigServletWebServerApplicationContext@3704122f, started on Sun Nov 02 08:50:30 EET 2025]
2025-11-02 13:42:06 [SpringApplicationShutdownHook] INFO  org.quartz.core.QuartzScheduler - Scheduler quartzScheduler_$_NON_CLUSTERED paused.
2025-11-02 13:42:06 [SpringApplicationShutdownHook] INFO  o.a.c.i.engine.AbstractCamelContext - Apache Camel 4.4.0 (camel-1) is shutting down (timeout:45s)
2025-11-02 13:42:06 [SpringApplicationShutdownHook] DEBUG o.a.c.i.e.DefaultShutdownStrategy - Starting to graceful shutdown 8 routes (timeout 45 seconds)
2025-11-02 13:42:06 [SpringApplicationShutdownHook] DEBUG o.a.c.i.e.BaseExecutorServiceManager - Created new ThreadPool for source: org.apache.camel.impl.engine.DefaultShutdownStrategy@79a966bc with name: ShutdownTask. -> org.apache.camel.util.concurrent.RejectableThreadPoolExecutor@6235706a[Running, pool size = 0, active threads = 0, queued tasks = 0, completed tasks = 0][ShutdownTask]
2025-11-02 13:42:06 [Camel (camel-1) thread #1 - ShutdownTask] DEBUG o.a.c.i.e.DefaultShutdownStrategy - There are 8 routes to shutdown
2025-11-02 13:42:06 [Camel (camel-1) thread #1 - ShutdownTask] DEBUG o.a.c.i.e.DefaultShutdownStrategy - Route: attr-mapping suspended and shutdown deferred, was consuming from: rest://get:/attr
2025-11-02 13:42:06 [Camel (camel-1) thread #1 - ShutdownTask] DEBUG o.a.c.i.e.DefaultShutdownStrategy - Route: dhis2-upload-csv-sync-raw-only suspended and shutdown deferred, was consuming from: servlet:/external/integrate
2025-11-02 13:42:06 [Camel (camel-1) thread #1 - ShutdownTask] DEBUG o.a.c.i.e.DefaultShutdownStrategy - Route: dhis2-upload-csv suspended and shutdown deferred, was consuming from: servlet:/v1/datasets
2025-11-02 13:42:06 [Camel (camel-1) thread #1 - ShutdownTask] DEBUG o.a.c.i.e.DefaultShutdownStrategy - Route: integration-mapping-tes suspended and shutdown deferred, was consuming from: rest://get:/healthmap22
2025-11-02 13:42:06 [Camel (camel-1) thread #1 - ShutdownTask] DEBUG o.a.c.i.e.DefaultShutdownStrategy - Route: my-new-route suspended and shutdown deferred, was consuming from: rest://post:/api/hello
2025-11-02 13:42:06 [Camel (camel-1) thread #1 - ShutdownTask] DEBUG o.a.c.i.e.DefaultShutdownStrategy - Route: TESTscheled suspended and shutdown deferred, was consuming from: rest://post:/api/TESTscheled
2025-11-02 13:42:06 [Camel (camel-1) thread #1 - ShutdownTask] DEBUG o.a.c.i.e.DefaultShutdownStrategy - Route: HealthCenter-mapping suspended and shutdown deferred, was consuming from: rest://get:/HealthCenter
2025-11-02 13:42:06 [Camel (camel-1) thread #1 - ShutdownTask] DEBUG o.a.c.i.e.DefaultShutdownStrategy - Route: integration-mapping-test suspended and shutdown deferred, was consuming from: rest://get:/healthmap2
2025-11-02 13:42:06 [Camel (camel-1) thread #1 - ShutdownTask] DEBUG o.a.c.h.common.DefaultHttpRegistry - Unregistering consumer for path /attr
2025-11-02 13:42:06 [Camel (camel-1) thread #1 - ShutdownTask] DEBUG o.a.c.c.s.CamelHttpTransportServlet - Disconnecting consumer: Consumer[servlet:/attr?httpMethodRestrict=GET]
2025-11-02 13:42:06 [Camel (camel-1) thread #1 - ShutdownTask] DEBUG o.a.camel.support.DefaultConsumer - Stopping consumer: Consumer[servlet:/attr?httpMethodRestrict=GET]
2025-11-02 13:42:06 [Camel (camel-1) thread #1 - ShutdownTask] DEBUG o.a.camel.support.DefaultProducer - Stopping producer: Producer[integrationmapping://null?code=default]
2025-11-02 13:42:06 [Camel (camel-1) thread #1 - ShutdownTask] DEBUG o.a.c.i.e.DefaultShutdownStrategy - Route: attr-mapping shutdown complete, was consuming from: rest://get:/attr
2025-11-02 13:42:06 [Camel (camel-1) thread #1 - ShutdownTask] DEBUG o.a.c.h.common.DefaultHttpRegistry - Unregistering consumer for path /external/integrate
2025-11-02 13:42:06 [Camel (camel-1) thread #1 - ShutdownTask] DEBUG o.a.c.c.s.CamelHttpTransportServlet - Disconnecting consumer: Consumer[servlet:/external/integrate?httpMethodRestrict=POST]
2025-11-02 13:42:06 [Camel (camel-1) thread #1 - ShutdownTask] DEBUG o.a.camel.support.DefaultConsumer - Stopping consumer: Consumer[servlet:/external/integrate?httpMethodRestrict=POST]
2025-11-02 13:42:06 [Camel (camel-1) thread #1 - ShutdownTask] DEBUG o.a.camel.support.DefaultProducer - Stopping producer: Producer[hakeem://default]
2025-11-02 13:42:06 [Camel (camel-1) thread #1 - ShutdownTask] DEBUG o.a.c.i.e.DefaultShutdownStrategy - Route: dhis2-upload-csv-sync-raw-only shutdown complete, was consuming from: servlet:/external/integrate
2025-11-02 13:42:06 [Camel (camel-1) thread #1 - ShutdownTask] DEBUG o.a.c.h.common.DefaultHttpRegistry - Unregistering consumer for path /v1/datasets
2025-11-02 13:42:06 [Camel (camel-1) thread #1 - ShutdownTask] DEBUG o.a.c.c.s.CamelHttpTransportServlet - Disconnecting consumer: Consumer[servlet:/v1/datasets?httpMethodRestrict=POST]
2025-11-02 13:42:06 [Camel (camel-1) thread #1 - ShutdownTask] DEBUG o.a.camel.support.DefaultConsumer - Stopping consumer: Consumer[servlet:/v1/datasets?httpMethodRestrict=POST]
2025-11-02 13:42:06 [Camel (camel-1) thread #1 - ShutdownTask] DEBUG o.a.camel.support.DefaultProducer - Stopping producer: Producer[integratedSystem://null?code=DHIS2.2]
2025-11-02 13:42:06 [Camel (camel-1) thread #1 - ShutdownTask] DEBUG o.a.c.i.e.DefaultShutdownStrategy - Route: dhis2-upload-csv shutdown complete, was consuming from: servlet:/v1/datasets
2025-11-02 13:42:06 [Camel (camel-1) thread #1 - ShutdownTask] DEBUG o.a.c.h.common.DefaultHttpRegistry - Unregistering consumer for path /healthmap22
2025-11-02 13:42:06 [Camel (camel-1) thread #1 - ShutdownTask] DEBUG o.a.c.c.s.CamelHttpTransportServlet - Disconnecting consumer: Consumer[servlet:/healthmap22?httpMethodRestrict=GET]
2025-11-02 13:42:06 [Camel (camel-1) thread #1 - ShutdownTask] DEBUG o.a.camel.support.DefaultConsumer - Stopping consumer: Consumer[servlet:/healthmap22?httpMethodRestrict=GET]
2025-11-02 13:42:06 [Camel (camel-1) thread #1 - ShutdownTask] DEBUG o.a.camel.support.DefaultProducer - Stopping producer: Producer[integrationmapping://default]
2025-11-02 13:42:06 [Camel (camel-1) thread #1 - ShutdownTask] DEBUG o.a.c.i.e.DefaultShutdownStrategy - Route: integration-mapping-tes shutdown complete, was consuming from: rest://get:/healthmap22
2025-11-02 13:42:06 [Camel (camel-1) thread #1 - ShutdownTask] DEBUG o.a.c.h.common.DefaultHttpRegistry - Unregistering consumer for path /api/hello
2025-11-02 13:42:06 [Camel (camel-1) thread #1 - ShutdownTask] DEBUG o.a.c.c.s.CamelHttpTransportServlet - Disconnecting consumer: Consumer[servlet:/api/hello?httpMethodRestrict=POST]
2025-11-02 13:42:06 [Camel (camel-1) thread #1 - ShutdownTask] DEBUG o.a.camel.support.DefaultConsumer - Stopping consumer: Consumer[servlet:/api/hello?httpMethodRestrict=POST]
2025-11-02 13:42:06 [Camel (camel-1) thread #1 - ShutdownTask] DEBUG o.a.camel.support.DefaultProducer - Stopping producer: Producer[log://output]
2025-11-02 13:42:06 [Camel (camel-1) thread #1 - ShutdownTask] DEBUG o.a.c.i.e.DefaultShutdownStrategy - Route: my-new-route shutdown complete, was consuming from: rest://post:/api/hello
2025-11-02 13:42:06 [Camel (camel-1) thread #1 - ShutdownTask] DEBUG o.a.c.h.common.DefaultHttpRegistry - Unregistering consumer for path /api/TESTscheled
2025-11-02 13:42:06 [Camel (camel-1) thread #1 - ShutdownTask] DEBUG o.a.c.c.s.CamelHttpTransportServlet - Disconnecting consumer: Consumer[servlet:/api/TESTscheled?httpMethodRestrict=POST]
2025-11-02 13:42:06 [Camel (camel-1) thread #1 - ShutdownTask] DEBUG o.a.camel.support.DefaultConsumer - Stopping consumer: Consumer[servlet:/api/TESTscheled?httpMethodRestrict=POST]
2025-11-02 13:42:06 [Camel (camel-1) thread #1 - ShutdownTask] DEBUG o.a.camel.support.DefaultProducer - Stopping producer: Producer[log://output]
2025-11-02 13:42:06 [Camel (camel-1) thread #1 - ShutdownTask] DEBUG o.a.c.i.e.DefaultShutdownStrategy - Route: TESTscheled shutdown complete, was consuming from: rest://post:/api/TESTscheled
2025-11-02 13:42:06 [Camel (camel-1) thread #1 - ShutdownTask] DEBUG o.a.c.h.common.DefaultHttpRegistry - Unregistering consumer for path /HealthCenter
2025-11-02 13:42:06 [Camel (camel-1) thread #1 - ShutdownTask] DEBUG o.a.c.c.s.CamelHttpTransportServlet - Disconnecting consumer: Consumer[servlet:/HealthCenter?httpMethodRestrict=GET]
2025-11-02 13:42:06 [Camel (camel-1) thread #1 - ShutdownTask] DEBUG o.a.camel.support.DefaultConsumer - Stopping consumer: Consumer[servlet:/HealthCenter?httpMethodRestrict=GET]
2025-11-02 13:42:06 [Camel (camel-1) thread #1 - ShutdownTask] DEBUG o.a.camel.support.DefaultProducer - Stopping producer: Producer[integrationmapping://null?code=default]
2025-11-02 13:42:06 [Camel (camel-1) thread #1 - ShutdownTask] DEBUG o.a.c.i.e.DefaultShutdownStrategy - Route: HealthCenter-mapping shutdown complete, was consuming from: rest://get:/HealthCenter
2025-11-02 13:42:06 [Camel (camel-1) thread #1 - ShutdownTask] DEBUG o.a.c.h.common.DefaultHttpRegistry - Unregistering consumer for path /healthmap2
2025-11-02 13:42:06 [Camel (camel-1) thread #1 - ShutdownTask] DEBUG o.a.c.c.s.CamelHttpTransportServlet - Disconnecting consumer: Consumer[servlet:/healthmap2?httpMethodRestrict=GET]
2025-11-02 13:42:06 [Camel (camel-1) thread #1 - ShutdownTask] DEBUG o.a.camel.support.DefaultConsumer - Stopping consumer: Consumer[servlet:/healthmap2?httpMethodRestrict=GET]
2025-11-02 13:42:06 [Camel (camel-1) thread #1 - ShutdownTask] DEBUG o.a.camel.support.DefaultProducer - Stopping producer: Producer[integrationmapping://null?code=default]
2025-11-02 13:42:06 [Camel (camel-1) thread #1 - ShutdownTask] DEBUG o.a.c.i.e.DefaultShutdownStrategy - Route: integration-mapping-test shutdown complete, was consuming from: rest://get:/healthmap2
2025-11-02 13:42:06 [SpringApplicationShutdownHook] DEBUG o.a.c.i.e.DefaultShutdownStrategy - Graceful shutdown of 8 routes completed in 189ms
2025-11-02 13:42:06 [SpringApplicationShutdownHook] DEBUG o.a.c.i.e.DefaultAsyncProcessorAwaitManager - Shutting down with no inflight threads.
2025-11-02 13:42:06 [SpringApplicationShutdownHook] DEBUG o.a.camel.support.DefaultConsumer - Shutting down consumer: Consumer[servlet:/attr?httpMethodRestrict=GET]
2025-11-02 13:42:06 [SpringApplicationShutdownHook] DEBUG o.a.camel.support.DefaultConsumer - Shutting down consumer: Consumer[servlet:/external/integrate?httpMethodRestrict=POST]
2025-11-02 13:42:06 [SpringApplicationShutdownHook] DEBUG o.a.camel.support.DefaultConsumer - Shutting down consumer: Consumer[servlet:/v1/datasets?httpMethodRestrict=POST]
2025-11-02 13:42:06 [SpringApplicationShutdownHook] DEBUG o.a.camel.support.DefaultConsumer - Shutting down consumer: Consumer[servlet:/healthmap22?httpMethodRestrict=GET]
2025-11-02 13:42:06 [SpringApplicationShutdownHook] DEBUG o.a.camel.support.DefaultConsumer - Shutting down consumer: Consumer[servlet:/api/hello?httpMethodRestrict=POST]
2025-11-02 13:42:06 [SpringApplicationShutdownHook] DEBUG o.a.camel.support.DefaultConsumer - Shutting down consumer: Consumer[servlet:/api/TESTscheled?httpMethodRestrict=POST]
2025-11-02 13:42:06 [SpringApplicationShutdownHook] DEBUG o.a.camel.support.DefaultConsumer - Shutting down consumer: Consumer[servlet:/HealthCenter?httpMethodRestrict=GET]
2025-11-02 13:42:06 [SpringApplicationShutdownHook] DEBUG o.a.camel.support.DefaultConsumer - Shutting down consumer: Consumer[servlet:/healthmap2?httpMethodRestrict=GET]
2025-11-02 13:42:06 [SpringApplicationShutdownHook] INFO  o.a.c.i.engine.AbstractCamelContext - Routes stopped (stopped:8)
2025-11-02 13:42:06 [SpringApplicationShutdownHook] INFO  o.a.c.i.engine.AbstractCamelContext -     Stopped attr-mapping (rest://get:/attr)
2025-11-02 13:42:06 [SpringApplicationShutdownHook] INFO  o.a.c.i.engine.AbstractCamelContext -     Stopped dhis2-upload-csv-sync-raw-only (servlet:/external/integrate)
2025-11-02 13:42:06 [SpringApplicationShutdownHook] INFO  o.a.c.i.engine.AbstractCamelContext -     Stopped dhis2-upload-csv (servlet:/v1/datasets)
2025-11-02 13:42:06 [SpringApplicationShutdownHook] INFO  o.a.c.i.engine.AbstractCamelContext -     Stopped integration-mapping-tes (rest://get:/healthmap22)
2025-11-02 13:42:06 [SpringApplicationShutdownHook] INFO  o.a.c.i.engine.AbstractCamelContext -     Stopped my-new-route (rest://post:/api/hello)
2025-11-02 13:42:06 [SpringApplicationShutdownHook] INFO  o.a.c.i.engine.AbstractCamelContext -     Stopped TESTscheled (rest://post:/api/TESTscheled)
2025-11-02 13:42:06 [SpringApplicationShutdownHook] INFO  o.a.c.i.engine.AbstractCamelContext -     Stopped HealthCenter-mapping (rest://get:/HealthCenter)
2025-11-02 13:42:06 [SpringApplicationShutdownHook] INFO  o.a.c.i.engine.AbstractCamelContext -     Stopped integration-mapping-test (rest://get:/healthmap2)
2025-11-02 13:42:06 [SpringApplicationShutdownHook] DEBUG o.a.c.i.e.BaseExecutorServiceManager - Forcing shutdown of ExecutorService: org.apache.camel.util.concurrent.SizedScheduledExecutorService@49e35c6[ErrorHandlerRedeliveryTask]
2025-11-02 13:42:06 [SpringApplicationShutdownHook] DEBUG o.a.c.i.e.DefaultInflightRepository - Shutting down with no inflight exchanges.
2025-11-02 13:42:06 [SpringApplicationShutdownHook] DEBUG o.a.c.i.e.BaseExecutorServiceManager - Forcing shutdown of ExecutorService: org.apache.camel.util.concurrent.RejectableThreadPoolExecutor@6235706a[Running, pool size = 1, active threads = 0, queued tasks = 0, completed tasks = 1][ShutdownTask]
2025-11-02 13:42:06 [SpringApplicationShutdownHook] DEBUG o.a.c.i.e.DefaultBeanIntrospection - Stopping BeanIntrospection which was invoked: 14 times
2025-11-02 13:42:06 [SpringApplicationShutdownHook] INFO  o.a.c.i.engine.AbstractCamelContext - Apache Camel 4.4.0 (camel-1) shutdown in 252ms (uptime:4h51m)
2025-11-02 13:42:06 [SpringApplicationShutdownHook] DEBUG o.a.c.m.SimpleMainShutdownStrategy - Shutdown called
2025-11-02 13:42:06 [SpringApplicationShutdownHook] INFO  org.quartz.core.QuartzScheduler - Scheduler quartzScheduler_$_NON_CLUSTERED shutting down.
2025-11-02 13:42:06 [SpringApplicationShutdownHook] INFO  org.quartz.core.QuartzScheduler - Scheduler quartzScheduler_$_NON_CLUSTERED paused.
2025-11-02 13:42:06 [SpringApplicationShutdownHook] INFO  org.quartz.core.QuartzScheduler - Scheduler quartzScheduler_$_NON_CLUSTERED shutdown complete.
2025-11-02 13:42:06 [SpringApplicationShutdownHook] DEBUG o.a.c.h.common.DefaultHttpRegistry - Unregistering CamelServlet with name CamelServlet
2025-11-02 13:42:06 [SpringApplicationShutdownHook] INFO  o.a.c.c.s.CamelHttpTransportServlet - Destroyed CamelHttpTransportServlet[CamelServlet]
2025-11-02 13:45:10 [background-preinit] INFO  o.h.validator.internal.util.Version - HV000001: Hibernate Validator 8.0.2.Final
2025-11-02 13:45:10 [background-preinit] INFO  o.h.validator.internal.util.Version - HV000001: Hibernate Validator 8.0.2.Final
2025-11-02 13:45:10 [main] INFO  c.m.MiddlewareApplicationTests - Starting MiddlewareApplicationTests using Java 23-valhalla with PID 26300 (started by omard in C:\Users\omard\Desktop\Work\back-end - Copy)
2025-11-02 13:45:10 [main] INFO  c.m.MiddlewareApplicationTests - Starting MiddlewareApplicationTests using Java 23-valhalla with PID 28044 (started by omard in C:\Users\omard\Desktop\Work\back-end - Copy)
2025-11-02 13:45:10 [main] INFO  c.m.MiddlewareApplicationTests - No active profile set, falling back to 1 default profile: "default"
2025-11-02 13:45:10 [main] INFO  c.m.MiddlewareApplicationTests - No active profile set, falling back to 1 default profile: "default"
2025-11-02 13:45:11 [main] DEBUG o.s.w.c.s.GenericWebApplicationContext - Refreshing org.springframework.web.context.support.GenericWebApplicationContext@363f0ba0
2025-11-02 13:45:11 [main] DEBUG o.s.w.c.s.GenericWebApplicationContext - Refreshing org.springframework.web.context.support.GenericWebApplicationContext@35dd9ed3
2025-11-02 13:45:16 [main] INFO  o.h.jpa.internal.util.LogHelper - HHH000204: Processing PersistenceUnitInfo [name: default]
2025-11-02 13:45:16 [main] INFO  o.h.jpa.internal.util.LogHelper - HHH000204: Processing PersistenceUnitInfo [name: default]
2025-11-02 13:45:16 [main] INFO  org.hibernate.Version - HHH000412: Hibernate ORM core version 6.6.11.Final
2025-11-02 13:45:16 [main] INFO  org.hibernate.Version - HHH000412: Hibernate ORM core version 6.6.11.Final
2025-11-02 13:45:16 [main] INFO  o.h.c.i.RegionFactoryInitiator - HHH000026: Second-level cache disabled
2025-11-02 13:45:16 [main] INFO  o.h.c.i.RegionFactoryInitiator - HHH000026: Second-level cache disabled
2025-11-02 13:45:17 [main] WARN  org.hibernate.orm.deprecation - HHH90000025: PostgreSQLDialect does not need to be specified explicitly using 'hibernate.dialect' (remove the property setting and it will be selected by default)
2025-11-02 13:45:17 [main] WARN  org.hibernate.orm.deprecation - HHH90000025: PostgreSQLDialect does not need to be specified explicitly using 'hibernate.dialect' (remove the property setting and it will be selected by default)
2025-11-02 13:45:17 [main] INFO  o.hibernate.orm.connections.pooling - HHH10001005: Database info:
	Database JDBC URL [Connecting through datasource 'org.springframework.jdbc.datasource.DriverManagerDataSource@77226121']
	Database driver: undefined/unknown
	Database version: 17.4
	Autocommit mode: undefined/unknown
	Isolation level: undefined/unknown
	Minimum pool size: undefined/unknown
	Maximum pool size: undefined/unknown
2025-11-02 13:45:17 [main] INFO  o.hibernate.orm.connections.pooling - HHH10001005: Database info:
	Database JDBC URL [Connecting through datasource 'org.springframework.jdbc.datasource.DriverManagerDataSource@760c777d']
	Database driver: undefined/unknown
	Database version: 17.4
	Autocommit mode: undefined/unknown
	Isolation level: undefined/unknown
	Minimum pool size: undefined/unknown
	Maximum pool size: undefined/unknown
2025-11-02 13:45:19 [main] INFO  o.h.e.t.j.p.i.JtaPlatformInitiator - HHH000489: No JTA platform available (set 'hibernate.transaction.jta.platform' to enable JTA platform integration)
2025-11-02 13:45:19 [main] INFO  o.h.e.t.j.p.i.JtaPlatformInitiator - HHH000489: No JTA platform available (set 'hibernate.transaction.jta.platform' to enable JTA platform integration)
2025-11-02 13:45:21 [main] DEBUG o.a.camel.spring.SpringCamelContext - Set the application context classloader to: jdk.internal.loader.ClassLoaders$AppClassLoader@70dea4e
2025-11-02 13:45:21 [main] DEBUG o.a.camel.spring.SpringCamelContext - Set the application context classloader to: jdk.internal.loader.ClassLoaders$AppClassLoader@70dea4e
2025-11-02 13:45:21 [main] DEBUG o.a.camel.support.LRUCacheFactory - Creating DefaultLRUCacheFactory
2025-11-02 13:45:21 [main] DEBUG o.a.camel.support.LRUCacheFactory - Creating DefaultLRUCacheFactory
2025-11-02 13:45:21 [main] DEBUG o.a.c.i.e.DefaultCamelContextExtension - Setting up management with factory: org.apache.camel.impl.engine.DefaultManagementStrategyFactory@1b27c0d5
2025-11-02 13:45:21 [main] DEBUG o.a.c.i.e.DefaultCamelContextExtension - Setting up management with factory: org.apache.camel.impl.engine.DefaultManagementStrategyFactory@bea7f47
2025-11-02 13:45:21 [main] DEBUG o.a.camel.support.ResolverHelper - Found HealthCheckRegistry: org.apache.camel.impl.health.DefaultHealthCheckRegistry via: META-INF/services/org/apache/camel/health-check/default-registry
2025-11-02 13:45:21 [main] DEBUG o.a.camel.support.ResolverHelper - Found HealthCheckRegistry: org.apache.camel.impl.health.DefaultHealthCheckRegistry via: META-INF/services/org/apache/camel/health-check/default-registry
2025-11-02 13:45:21 [main] DEBUG o.a.camel.support.ResolverHelper - Detected and using HealthCheckRegistry: org.apache.camel.impl.health.DefaultHealthCheckRegistry@24209520
2025-11-02 13:45:21 [main] DEBUG o.a.camel.support.ResolverHelper - Detected and using HealthCheckRegistry: org.apache.camel.impl.health.DefaultHealthCheckRegistry@fffdd40
2025-11-02 13:45:21 [main] DEBUG o.a.c.i.h.DefaultHealthCheckRegistry - HealthCheckRepository with id registry-health-check-repository successfully registered
2025-11-02 13:45:21 [main] DEBUG o.a.c.i.h.DefaultHealthCheckRegistry - HealthCheckRepository with id registry-health-check-repository successfully registered
2025-11-02 13:45:21 [main] DEBUG o.a.c.i.c.BaseTypeConverterRegistry - Loading file META-INF/services/org/apache/camel/TypeConverterLoader to retrieve list of type converters, from url: jar:file:/C:/Users/omard/.m2/repository/org/apache/camel/camel-spring/4.4.0/camel-spring-4.4.0.jar!/META-INF/services/org/apache/camel/TypeConverterLoader
2025-11-02 13:45:21 [main] DEBUG o.a.c.i.c.BaseTypeConverterRegistry - Loading file META-INF/services/org/apache/camel/TypeConverterLoader to retrieve list of type converters, from url: jar:file:/C:/Users/omard/.m2/repository/org/apache/camel/camel-spring/4.4.0/camel-spring-4.4.0.jar!/META-INF/services/org/apache/camel/TypeConverterLoader
2025-11-02 13:45:21 [main] DEBUG o.a.c.i.c.BaseTypeConverterRegistry - Loading file META-INF/services/org/apache/camel/TypeConverterLoader to retrieve list of type converters, from url: jar:file:/C:/Users/omard/.m2/repository/org/apache/camel/camel-xml-jaxp/4.4.0/camel-xml-jaxp-4.4.0.jar!/META-INF/services/org/apache/camel/TypeConverterLoader
2025-11-02 13:45:21 [main] DEBUG o.a.c.i.c.BaseTypeConverterRegistry - Loading file META-INF/services/org/apache/camel/TypeConverterLoader to retrieve list of type converters, from url: jar:file:/C:/Users/omard/.m2/repository/org/apache/camel/camel-http/4.4.0/camel-http-4.4.0.jar!/META-INF/services/org/apache/camel/TypeConverterLoader
2025-11-02 13:45:21 [main] DEBUG o.a.c.i.c.BaseTypeConverterRegistry - Loading file META-INF/services/org/apache/camel/TypeConverterLoader to retrieve list of type converters, from url: jar:file:/C:/Users/omard/.m2/repository/org/apache/camel/camel-http-common/4.4.0/camel-http-common-4.4.0.jar!/META-INF/services/org/apache/camel/TypeConverterLoader
2025-11-02 13:45:21 [main] DEBUG o.a.c.i.c.BaseTypeConverterRegistry - Loading file META-INF/services/org/apache/camel/TypeConverterLoader to retrieve list of type converters, from url: jar:file:/C:/Users/omard/.m2/repository/org/apache/camel/camel-attachments/4.4.0/camel-attachments-4.4.0.jar!/META-INF/services/org/apache/camel/TypeConverterLoader
2025-11-02 13:45:21 [main] DEBUG o.a.c.i.c.BaseTypeConverterRegistry - Loading file META-INF/services/org/apache/camel/TypeConverterLoader to retrieve list of type converters, from url: jar:file:/C:/Users/omard/.m2/repository/org/apache/camel/camel-jackson/4.4.0/camel-jackson-4.4.0.jar!/META-INF/services/org/apache/camel/TypeConverterLoader
2025-11-02 13:45:21 [main] DEBUG o.a.c.i.c.BaseTypeConverterRegistry - Loading file META-INF/services/org/apache/camel/TypeConverterLoader to retrieve list of type converters, from url: jar:file:/C:/Users/omard/.m2/repository/org/apache/camel/camel-support/4.4.0/camel-support-4.4.0.jar!/META-INF/services/org/apache/camel/TypeConverterLoader
2025-11-02 13:45:21 [main] DEBUG o.a.c.i.c.BaseTypeConverterRegistry - Loading file META-INF/services/org/apache/camel/TypeConverterLoader to retrieve list of type converters, from url: jar:file:/C:/Users/omard/.m2/repository/org/apache/camel/camel-file/4.4.0/camel-file-4.4.0.jar!/META-INF/services/org/apache/camel/TypeConverterLoader
2025-11-02 13:45:21 [main] DEBUG o.a.c.i.c.BaseTypeConverterRegistry - Loading file META-INF/services/org/apache/camel/TypeConverterLoader to retrieve list of type converters, from url: jar:file:/C:/Users/omard/.m2/repository/org/apache/camel/camel-base/4.4.0/camel-base-4.4.0.jar!/META-INF/services/org/apache/camel/TypeConverterLoader
2025-11-02 13:45:21 [main] DEBUG o.a.c.i.c.BaseTypeConverterRegistry - Resolving TypeConverterLoader: org.apache.camel.spring.converter.ResourceConverterLoader
2025-11-02 13:45:21 [main] DEBUG o.a.c.i.c.BaseTypeConverterRegistry - TypeConverterLoader: org.apache.camel.spring.converter.ResourceConverterLoader loading converters
2025-11-02 13:45:21 [main] DEBUG o.a.c.i.c.BaseTypeConverterRegistry - Resolving TypeConverterLoader: org.apache.camel.converter.jaxp.CamelXmlJaxpBulkConverterLoader
2025-11-02 13:45:21 [main] DEBUG o.a.c.i.c.BaseTypeConverterRegistry - Loading file META-INF/services/org/apache/camel/TypeConverterLoader to retrieve list of type converters, from url: jar:file:/C:/Users/omard/.m2/repository/org/apache/camel/camel-xml-jaxp/4.4.0/camel-xml-jaxp-4.4.0.jar!/META-INF/services/org/apache/camel/TypeConverterLoader
2025-11-02 13:45:21 [main] DEBUG o.a.c.i.c.BaseTypeConverterRegistry - Loading file META-INF/services/org/apache/camel/TypeConverterLoader to retrieve list of type converters, from url: jar:file:/C:/Users/omard/.m2/repository/org/apache/camel/camel-http/4.4.0/camel-http-4.4.0.jar!/META-INF/services/org/apache/camel/TypeConverterLoader
2025-11-02 13:45:21 [main] DEBUG o.a.c.i.c.BaseTypeConverterRegistry - Loading file META-INF/services/org/apache/camel/TypeConverterLoader to retrieve list of type converters, from url: jar:file:/C:/Users/omard/.m2/repository/org/apache/camel/camel-http-common/4.4.0/camel-http-common-4.4.0.jar!/META-INF/services/org/apache/camel/TypeConverterLoader
2025-11-02 13:45:21 [main] DEBUG o.a.c.i.c.BaseTypeConverterRegistry - Loading file META-INF/services/org/apache/camel/TypeConverterLoader to retrieve list of type converters, from url: jar:file:/C:/Users/omard/.m2/repository/org/apache/camel/camel-attachments/4.4.0/camel-attachments-4.4.0.jar!/META-INF/services/org/apache/camel/TypeConverterLoader
2025-11-02 13:45:21 [main] DEBUG o.a.c.i.c.BaseTypeConverterRegistry - Loading file META-INF/services/org/apache/camel/TypeConverterLoader to retrieve list of type converters, from url: jar:file:/C:/Users/omard/.m2/repository/org/apache/camel/camel-jackson/4.4.0/camel-jackson-4.4.0.jar!/META-INF/services/org/apache/camel/TypeConverterLoader
2025-11-02 13:45:21 [main] DEBUG o.a.c.i.c.BaseTypeConverterRegistry - Loading file META-INF/services/org/apache/camel/TypeConverterLoader to retrieve list of type converters, from url: jar:file:/C:/Users/omard/.m2/repository/org/apache/camel/camel-support/4.4.0/camel-support-4.4.0.jar!/META-INF/services/org/apache/camel/TypeConverterLoader
2025-11-02 13:45:21 [main] DEBUG o.a.c.i.c.BaseTypeConverterRegistry - Loading file META-INF/services/org/apache/camel/TypeConverterLoader to retrieve list of type converters, from url: jar:file:/C:/Users/omard/.m2/repository/org/apache/camel/camel-file/4.4.0/camel-file-4.4.0.jar!/META-INF/services/org/apache/camel/TypeConverterLoader
2025-11-02 13:45:21 [main] DEBUG o.a.c.i.c.BaseTypeConverterRegistry - Loading file META-INF/services/org/apache/camel/TypeConverterLoader to retrieve list of type converters, from url: jar:file:/C:/Users/omard/.m2/repository/org/apache/camel/camel-base/4.4.0/camel-base-4.4.0.jar!/META-INF/services/org/apache/camel/TypeConverterLoader
2025-11-02 13:45:21 [main] DEBUG o.a.c.i.c.BaseTypeConverterRegistry - Resolving TypeConverterLoader: org.apache.camel.spring.converter.ResourceConverterLoader
2025-11-02 13:45:21 [main] DEBUG o.a.c.i.c.BaseTypeConverterRegistry - TypeConverterLoader: org.apache.camel.converter.jaxp.CamelXmlJaxpBulkConverterLoader loading converters
2025-11-02 13:45:21 [main] DEBUG o.a.c.i.c.BaseTypeConverterRegistry - TypeConverterLoader: org.apache.camel.spring.converter.ResourceConverterLoader loading converters
2025-11-02 13:45:21 [main] DEBUG o.a.c.i.c.BaseTypeConverterRegistry - Resolving TypeConverterLoader: org.apache.camel.converter.jaxp.CamelXmlJaxpBulkConverterLoader
2025-11-02 13:45:21 [main] DEBUG o.a.c.i.c.BaseTypeConverterRegistry - Resolving TypeConverterLoader: org.apache.camel.component.http.HttpConvertersLoader
2025-11-02 13:45:21 [main] DEBUG o.a.c.i.c.BaseTypeConverterRegistry - TypeConverterLoader: org.apache.camel.component.http.HttpConvertersLoader loading converters
2025-11-02 13:45:21 [main] DEBUG o.a.c.i.c.BaseTypeConverterRegistry - Resolving TypeConverterLoader: org.apache.camel.component.http.HttpEntityConverterLoader
2025-11-02 13:45:21 [main] DEBUG o.a.c.i.c.BaseTypeConverterRegistry - TypeConverterLoader: org.apache.camel.converter.jaxp.CamelXmlJaxpBulkConverterLoader loading converters
2025-11-02 13:45:21 [main] DEBUG o.a.c.i.c.BaseTypeConverterRegistry - TypeConverterLoader: org.apache.camel.component.http.HttpEntityConverterLoader loading converters
2025-11-02 13:45:21 [main] DEBUG o.a.c.i.c.BaseTypeConverterRegistry - Resolving TypeConverterLoader: org.apache.camel.component.http.HttpConvertersLoader
2025-11-02 13:45:21 [main] DEBUG o.a.c.i.c.BaseTypeConverterRegistry - Resolving TypeConverterLoader: org.apache.camel.http.common.HttpConverterLoader
2025-11-02 13:45:21 [main] DEBUG o.a.c.i.c.BaseTypeConverterRegistry - TypeConverterLoader: org.apache.camel.component.http.HttpConvertersLoader loading converters
2025-11-02 13:45:21 [main] DEBUG o.a.c.i.c.BaseTypeConverterRegistry - Resolving TypeConverterLoader: org.apache.camel.component.http.HttpEntityConverterLoader
2025-11-02 13:45:21 [main] DEBUG o.a.c.i.c.BaseTypeConverterRegistry - TypeConverterLoader: org.apache.camel.http.common.HttpConverterLoader loading converters
2025-11-02 13:45:21 [main] DEBUG o.a.c.i.c.BaseTypeConverterRegistry - TypeConverterLoader: org.apache.camel.component.http.HttpEntityConverterLoader loading converters
2025-11-02 13:45:21 [main] DEBUG o.a.c.i.c.BaseTypeConverterRegistry - Resolving TypeConverterLoader: org.apache.camel.http.common.HttpConverterLoader
2025-11-02 13:45:21 [main] DEBUG o.a.c.i.c.BaseTypeConverterRegistry - Resolving TypeConverterLoader: org.apache.camel.attachment.AttachmentConverterLoader
2025-11-02 13:45:21 [main] DEBUG o.a.c.i.c.BaseTypeConverterRegistry - TypeConverterLoader: org.apache.camel.http.common.HttpConverterLoader loading converters
2025-11-02 13:45:21 [main] DEBUG o.a.c.i.c.BaseTypeConverterRegistry - TypeConverterLoader: org.apache.camel.attachment.AttachmentConverterLoader loading converters
2025-11-02 13:45:21 [main] DEBUG o.a.c.i.c.BaseTypeConverterRegistry - Resolving TypeConverterLoader: org.apache.camel.component.jackson.converter.JacksonTypeConvertersLoader
2025-11-02 13:45:21 [main] DEBUG o.a.c.i.c.BaseTypeConverterRegistry - Resolving TypeConverterLoader: org.apache.camel.attachment.AttachmentConverterLoader
2025-11-02 13:45:21 [main] DEBUG o.a.c.i.c.BaseTypeConverterRegistry - TypeConverterLoader: org.apache.camel.attachment.AttachmentConverterLoader loading converters
2025-11-02 13:45:21 [main] DEBUG o.a.c.i.c.BaseTypeConverterRegistry - TypeConverterLoader: org.apache.camel.component.jackson.converter.JacksonTypeConvertersLoader loading converters
2025-11-02 13:45:21 [main] DEBUG o.a.c.i.c.BaseTypeConverterRegistry - Resolving TypeConverterLoader: org.apache.camel.component.jackson.converter.JacksonTypeConvertersLoader
2025-11-02 13:45:21 [main] DEBUG o.a.c.i.c.BaseTypeConverterRegistry - Resolving TypeConverterLoader: org.apache.camel.converter.stream.StreamCacheBulkConverterLoader
2025-11-02 13:45:21 [main] DEBUG o.a.c.i.c.BaseTypeConverterRegistry - TypeConverterLoader: org.apache.camel.component.jackson.converter.JacksonTypeConvertersLoader loading converters
2025-11-02 13:45:21 [main] DEBUG o.a.c.i.c.BaseTypeConverterRegistry - TypeConverterLoader: org.apache.camel.converter.stream.StreamCacheBulkConverterLoader loading converters
2025-11-02 13:45:21 [main] DEBUG o.a.c.i.c.BaseTypeConverterRegistry - Resolving TypeConverterLoader: org.apache.camel.component.file.GenericFileConverterLoader
2025-11-02 13:45:21 [main] DEBUG o.a.c.i.c.BaseTypeConverterRegistry - Resolving TypeConverterLoader: org.apache.camel.converter.stream.StreamCacheBulkConverterLoader
2025-11-02 13:45:21 [main] DEBUG o.a.c.i.c.BaseTypeConverterRegistry - TypeConverterLoader: org.apache.camel.component.file.GenericFileConverterLoader loading converters
2025-11-02 13:45:21 [main] DEBUG o.a.c.i.c.BaseTypeConverterRegistry - TypeConverterLoader: org.apache.camel.converter.stream.StreamCacheBulkConverterLoader loading converters
2025-11-02 13:45:21 [main] DEBUG o.a.c.i.c.BaseTypeConverterRegistry - Resolving TypeConverterLoader: org.apache.camel.component.file.GenericFileConverterLoader
2025-11-02 13:45:21 [main] DEBUG o.a.c.i.c.BaseTypeConverterRegistry - Resolving TypeConverterLoader: org.apache.camel.converter.CamelBaseBulkConverterLoader
2025-11-02 13:45:21 [main] DEBUG o.a.c.i.c.BaseTypeConverterRegistry - TypeConverterLoader: org.apache.camel.component.file.GenericFileConverterLoader loading converters
2025-11-02 13:45:21 [main] DEBUG o.a.c.i.c.BaseTypeConverterRegistry - Resolving TypeConverterLoader: org.apache.camel.converter.CamelBaseBulkConverterLoader
2025-11-02 13:45:21 [main] DEBUG o.a.c.i.c.BaseTypeConverterRegistry - TypeConverterLoader: org.apache.camel.converter.CamelBaseBulkConverterLoader loading converters
2025-11-02 13:45:21 [main] DEBUG o.a.c.i.c.DefaultTypeConverter - Loaded 259 type converters in 92ms
2025-11-02 13:45:21 [main] DEBUG o.a.c.i.engine.AbstractCamelContext - Apache Camel 4.4.0 (camel-1) built in 139ms
2025-11-02 13:45:21 [main] DEBUG o.a.c.i.c.BaseTypeConverterRegistry - TypeConverterLoader: org.apache.camel.converter.CamelBaseBulkConverterLoader loading converters
2025-11-02 13:45:21 [main] DEBUG o.a.c.i.c.DefaultTypeConverter - Loaded 259 type converters in 97ms
2025-11-02 13:45:21 [main] DEBUG o.a.c.i.engine.AbstractCamelContext - Apache Camel 4.4.0 (camel-1) built in 143ms
2025-11-02 13:45:21 [main] INFO  o.a.camel.util.concurrent.ThreadType - The type of thread detected is PLATFORM
2025-11-02 13:45:21 [main] INFO  o.a.camel.util.concurrent.ThreadType - The type of thread detected is PLATFORM
2025-11-02 13:45:21 [main] DEBUG o.a.c.i.e.BaseExecutorServiceManager - Created new ScheduledThreadPool for source: ErrorHandlerRedeliveryThreadPool with name: ErrorHandlerRedeliveryTask -> org.apache.camel.util.concurrent.SizedScheduledExecutorService@3b92dd48[ErrorHandlerRedeliveryTask]
2025-11-02 13:45:21 [main] DEBUG o.a.c.i.e.BaseExecutorServiceManager - Created new ScheduledThreadPool for source: ErrorHandlerRedeliveryThreadPool with name: ErrorHandlerRedeliveryTask -> org.apache.camel.util.concurrent.SizedScheduledExecutorService@2d34a88a[ErrorHandlerRedeliveryTask]
2025-11-02 13:45:21 [main] DEBUG o.a.c.i.e.DefaultConfigurerResolver - Found configurer: spring-event-component via type: org.apache.camel.component.event.EventComponentConfigurer via: META-INF/services/org/apache/camel/configurer/spring-event-component
2025-11-02 13:45:21 [main] DEBUG o.a.c.i.e.DefaultConfigurerResolver - Found configurer: spring-event-component via type: org.apache.camel.component.event.EventComponentConfigurer via: META-INF/services/org/apache/camel/configurer/spring-event-component
2025-11-02 13:45:21 [main] DEBUG o.a.c.i.e.DefaultConfigurerResolver - Found configurer: spring-event-endpoint via type: org.apache.camel.component.event.EventEndpointConfigurer via: META-INF/services/org/apache/camel/configurer/spring-event-endpoint
2025-11-02 13:45:21 [main] DEBUG o.a.c.i.e.DefaultConfigurerResolver - Found configurer: spring-event-endpoint via type: org.apache.camel.component.event.EventEndpointConfigurer via: META-INF/services/org/apache/camel/configurer/spring-event-endpoint
2025-11-02 13:45:21 [main] DEBUG o.a.c.i.e.DefaultConfigurerResolver - Found configurer: spring-event-component via type: org.apache.camel.component.event.EventComponentConfigurer via: META-INF/services/org/apache/camel/configurer/spring-event-component
2025-11-02 13:45:21 [main] DEBUG o.a.c.i.e.DefaultConfigurerResolver - Found configurer: spring-event-component via type: org.apache.camel.component.event.EventComponentConfigurer via: META-INF/services/org/apache/camel/configurer/spring-event-component
2025-11-02 13:45:22 [main] DEBUG o.a.camel.spring.SpringCamelContext - Set the application context classloader to: jdk.internal.loader.ClassLoaders$AppClassLoader@70dea4e
2025-11-02 13:45:22 [main] DEBUG o.a.camel.spring.SpringCamelContext - Set the application context classloader to: jdk.internal.loader.ClassLoaders$AppClassLoader@70dea4e
2025-11-02 13:45:24 [main] INFO  c.m.b.config.RestTemplateConfig - Creating RestTemplate with SSL trust-all configuration
2025-11-02 13:45:24 [main] INFO  c.m.b.config.RestTemplateConfig - Creating RestTemplate with SSL trust-all configuration
2025-11-02 13:45:24 [main] INFO  c.m.b.config.RestTemplateConfig - RestTemplate configured with connect-timeout: 10000ms, read-timeout: 30000ms
2025-11-02 13:45:24 [main] INFO  c.m.b.config.RestTemplateConfig - RestTemplate configured with connect-timeout: 10000ms, read-timeout: 30000ms
2025-11-02 13:45:26 [main] INFO  org.quartz.impl.StdSchedulerFactory - Using default implementation for ThreadExecutor
2025-11-02 13:45:26 [main] INFO  org.quartz.impl.StdSchedulerFactory - Using default implementation for ThreadExecutor
2025-11-02 13:45:26 [main] INFO  o.quartz.core.SchedulerSignalerImpl - Initialized Scheduler Signaller of type: class org.quartz.core.SchedulerSignalerImpl
2025-11-02 13:45:26 [main] INFO  o.quartz.core.SchedulerSignalerImpl - Initialized Scheduler Signaller of type: class org.quartz.core.SchedulerSignalerImpl
2025-11-02 13:45:26 [main] INFO  org.quartz.core.QuartzScheduler - Quartz Scheduler v.2.3.2 created.
2025-11-02 13:45:26 [main] INFO  org.quartz.core.QuartzScheduler - Quartz Scheduler v.2.3.2 created.
2025-11-02 13:45:26 [main] INFO  org.quartz.simpl.RAMJobStore - RAMJobStore initialized.
2025-11-02 13:45:26 [main] INFO  org.quartz.simpl.RAMJobStore - RAMJobStore initialized.
2025-11-02 13:45:26 [main] INFO  org.quartz.core.QuartzScheduler - Scheduler meta-data: Quartz Scheduler (v2.3.2) 'quartzScheduler' with instanceId 'NON_CLUSTERED'
  Scheduler class: 'org.quartz.core.QuartzScheduler' - running locally.
  NOT STARTED.
  Currently in standby mode.
  Number of jobs executed: 0
  Using thread pool 'org.quartz.simpl.SimpleThreadPool' - with 10 threads.
  Using job-store 'org.quartz.simpl.RAMJobStore' - which does not support persistence. and is not clustered.

2025-11-02 13:45:26 [main] INFO  org.quartz.core.QuartzScheduler - Scheduler meta-data: Quartz Scheduler (v2.3.2) 'quartzScheduler' with instanceId 'NON_CLUSTERED'
  Scheduler class: 'org.quartz.core.QuartzScheduler' - running locally.
  NOT STARTED.
  Currently in standby mode.
  Number of jobs executed: 0
  Using thread pool 'org.quartz.simpl.SimpleThreadPool' - with 10 threads.
  Using job-store 'org.quartz.simpl.RAMJobStore' - which does not support persistence. and is not clustered.

2025-11-02 13:45:26 [main] INFO  org.quartz.impl.StdSchedulerFactory - Quartz scheduler 'quartzScheduler' initialized from an externally provided properties instance.
2025-11-02 13:45:26 [main] INFO  org.quartz.impl.StdSchedulerFactory - Quartz scheduler 'quartzScheduler' initialized from an externally provided properties instance.
2025-11-02 13:45:26 [main] INFO  org.quartz.impl.StdSchedulerFactory - Quartz scheduler version: 2.3.2
2025-11-02 13:45:26 [main] INFO  org.quartz.impl.StdSchedulerFactory - Quartz scheduler version: 2.3.2
2025-11-02 13:45:26 [main] INFO  org.quartz.core.QuartzScheduler - JobFactory set to: org.springframework.scheduling.quartz.SpringBeanJobFactory@20f1913b
2025-11-02 13:45:26 [main] INFO  org.quartz.core.QuartzScheduler - JobFactory set to: org.springframework.scheduling.quartz.SpringBeanJobFactory@2cc6eaf6
2025-11-02 13:45:27 [main] INFO  c.m.IntegrationMappingComponent - IntegrationMappingComponent initialized with CamelContext.
2025-11-02 13:45:27 [main] INFO  c.m.b.c.IntegrationMappingConfiguration - ✅ Registered custom Camel component: integrationmapping
2025-11-02 13:45:27 [main] INFO  c.m.IntegrationMappingComponent - IntegrationMappingComponent initialized with CamelContext.
2025-11-02 13:45:27 [main] INFO  c.m.b.c.IntegrationMappingConfiguration - ✅ Registered custom Camel component: integrationmapping
2025-11-02 13:45:27 [main] INFO  c.m.b.k.i.Dhis2HeaderFilterConfig - === Configuring DHIS2 Header Filter (Static Test) ===
2025-11-02 13:45:27 [main] INFO  c.m.b.k.i.Dhis2HeaderFilterConfig - === Configuring DHIS2 Header Filter (Static Test) ===
2025-11-02 13:45:27 [main] INFO  c.m.b.k.i.Dhis2HeaderFilterConfig - DHIS2 Header Filter configured - allowing most headers for testing
2025-11-02 13:45:27 [main] INFO  c.m.b.k.i.Dhis2HeaderFilterConfig - DHIS2 Header Filter configured - allowing most headers for testing
2025-11-02 13:45:28 [main] DEBUG o.s.w.s.m.m.a.RequestMappingHandlerMapping - 164 mappings in 'requestMappingHandlerMapping'
2025-11-02 13:45:28 [main] DEBUG o.s.w.s.m.m.a.RequestMappingHandlerMapping - 164 mappings in 'requestMappingHandlerMapping'
2025-11-02 13:45:28 [main] DEBUG o.s.w.s.h.SimpleUrlHandlerMapping - Patterns [/webjars/**, /**, /swagger-ui*/*swagger-initializer.js, /swagger-ui*/**] in 'resourceHandlerMapping'
2025-11-02 13:45:28 [main] DEBUG o.s.w.s.h.SimpleUrlHandlerMapping - Patterns [/webjars/**, /**, /swagger-ui*/*swagger-initializer.js, /swagger-ui*/**] in 'resourceHandlerMapping'
2025-11-02 13:45:28 [main] DEBUG o.a.c.i.h.DefaultHealthCheckRegistry - HealthCheck with id context successfully registered
2025-11-02 13:45:28 [main] DEBUG o.a.c.i.h.DefaultHealthCheckRegistry - HealthCheck with id context successfully registered
2025-11-02 13:45:28 [main] DEBUG o.a.c.i.h.DefaultHealthCheckRegistry - HealthCheckRepository with id routes successfully registered
2025-11-02 13:45:28 [main] DEBUG o.a.c.i.h.DefaultHealthCheckRegistry - HealthCheckRepository with id routes successfully registered
2025-11-02 13:45:28 [main] DEBUG o.a.c.i.h.DefaultHealthCheckRegistry - HealthCheckRepository with id producers successfully registered
2025-11-02 13:45:28 [main] DEBUG o.a.c.i.h.DefaultHealthCheckRegistry - HealthCheckRepository with id producers successfully registered
2025-11-02 13:45:28 [main] DEBUG o.a.c.i.h.DefaultHealthCheckRegistry - HealthCheckRepository with id consumers successfully registered
2025-11-02 13:45:28 [main] DEBUG o.a.c.i.h.DefaultHealthCheckRegistry - HealthCheckRepository with id consumers successfully registered
2025-11-02 13:45:28 [main] DEBUG o.a.c.i.e.DefaultConfigurerResolver - Found configurer: config-component via type: com.middleware.ConfigComponentConfigurer via: META-INF/services/org/apache/camel/configurer/config-component
2025-11-02 13:45:28 [main] DEBUG o.a.c.i.e.DefaultConfigurerResolver - Found configurer: config-component via type: com.middleware.ConfigComponentConfigurer via: META-INF/services/org/apache/camel/configurer/config-component
2025-11-02 13:45:28 [main] DEBUG o.a.c.i.e.DefaultConfigurerResolver - Found configurer: config-endpoint via type: com.middleware.ConfigEndpointConfigurer via: META-INF/services/org/apache/camel/configurer/config-endpoint
2025-11-02 13:45:28 [main] DEBUG o.a.c.i.e.DefaultConfigurerResolver - Found configurer: config-endpoint via type: com.middleware.ConfigEndpointConfigurer via: META-INF/services/org/apache/camel/configurer/config-endpoint
2025-11-02 13:45:28 [main] DEBUG o.a.c.i.e.DefaultConfigurerResolver - Found configurer: config-component via type: com.middleware.ConfigComponentConfigurer via: META-INF/services/org/apache/camel/configurer/config-component
2025-11-02 13:45:28 [main] DEBUG o.a.c.i.e.DefaultConfigurerResolver - Found configurer: config-component via type: com.middleware.ConfigComponentConfigurer via: META-INF/services/org/apache/camel/configurer/config-component
2025-11-02 13:45:29 [main] DEBUG o.s.w.s.m.m.a.RequestMappingHandlerAdapter - ControllerAdvice beans: 0 @ModelAttribute, 0 @InitBinder, 1 RequestBodyAdvice, 1 ResponseBodyAdvice
2025-11-02 13:45:29 [main] DEBUG o.s.w.s.m.m.a.RequestMappingHandlerAdapter - ControllerAdvice beans: 0 @ModelAttribute, 0 @InitBinder, 1 RequestBodyAdvice, 1 ResponseBodyAdvice
2025-11-02 13:45:29 [main] DEBUG o.s.w.s.m.m.a.ExceptionHandlerExceptionResolver - ControllerAdvice beans: 2 @ExceptionHandler, 1 ResponseBodyAdvice
2025-11-02 13:45:29 [main] DEBUG o.s.w.s.m.m.a.ExceptionHandlerExceptionResolver - ControllerAdvice beans: 2 @ExceptionHandler, 1 ResponseBodyAdvice
2025-11-02 13:45:30 [main] INFO  org.quartz.core.QuartzScheduler - Scheduler quartzScheduler_$_NON_CLUSTERED started.
2025-11-02 13:45:30 [main] INFO  org.quartz.core.QuartzScheduler - Scheduler quartzScheduler_$_NON_CLUSTERED started.
2025-11-02 13:45:30 [main] DEBUG o.a.c.s.b.CamelSpringBootApplicationListener - Post-processing CamelContext bean: camel-1
2025-11-02 13:45:30 [main] DEBUG o.a.c.s.b.CamelSpringBootApplicationListener - Post-processing CamelContext bean: camel-1
2025-11-02 13:45:30 [main] DEBUG o.apache.camel.main.RoutesConfigurer - RoutesCollectorEnabled: org.apache.camel.spring.boot.CamelSpringBootRoutesCollector@75af77d4
2025-11-02 13:45:30 [main] DEBUG o.apache.camel.main.RoutesConfigurer - RoutesCollectorEnabled: org.apache.camel.spring.boot.CamelSpringBootRoutesCollector@3fce755d
2025-11-02 13:45:30 [main] DEBUG o.a.c.s.b.CamelSpringBootRoutesCollector - Finding additional routes from: classpath:camel/*
2025-11-02 13:45:30 [main] DEBUG o.a.c.s.b.CamelSpringBootRoutesCollector - Finding additional routes from: classpath:camel/*
2025-11-02 13:45:30 [main] DEBUG o.a.c.s.b.CamelSpringBootRoutesCollector - Finding additional routes from: classpath:camel-template/*
2025-11-02 13:45:30 [main] DEBUG o.a.c.s.b.CamelSpringBootRoutesCollector - Finding additional routes from: classpath:camel-rest/*
2025-11-02 13:45:30 [main] DEBUG o.a.c.s.b.CamelSpringBootRoutesCollector - Finding additional routes from: classpath:camel-template/*
2025-11-02 13:45:30 [main] DEBUG o.a.c.s.b.CamelSpringBootRoutesCollector - No additional RoutesBuilder discovered from: classpath:camel/*,classpath:camel-template/*,classpath:camel-rest/*
2025-11-02 13:45:30 [main] DEBUG o.a.c.s.b.CamelSpringBootRoutesCollector - Finding additional routes from: classpath:camel-rest/*
2025-11-02 13:45:30 [main] DEBUG o.a.c.s.b.CamelSpringBootRoutesCollector - No additional RoutesBuilder discovered from: classpath:camel/*,classpath:camel-template/*,classpath:camel-rest/*
2025-11-02 13:45:30 [main] DEBUG o.a.camel.spring.SpringCamelContext - onApplicationEvent: org.springframework.context.event.ContextRefreshedEvent[source=org.springframework.web.context.support.GenericWebApplicationContext@35dd9ed3, started on Sun Nov 02 13:45:11 EET 2025]
2025-11-02 13:45:30 [main] DEBUG o.a.camel.spring.SpringCamelContext - onApplicationEvent: org.springframework.context.event.ContextRefreshedEvent[source=org.springframework.web.context.support.GenericWebApplicationContext@363f0ba0, started on Sun Nov 02 13:45:11 EET 2025]
2025-11-02 13:45:30 [main] DEBUG o.a.c.i.engine.AbstractCamelContext - Resolving language: simple
2025-11-02 13:45:30 [main] DEBUG o.a.camel.support.ResolverHelper - Lookup Language with name simple in registry. Found: null
2025-11-02 13:45:30 [main] DEBUG o.a.camel.support.ResolverHelper - Lookup Language with name simple-language in registry. Found: null
2025-11-02 13:45:30 [main] DEBUG o.a.c.i.engine.AbstractCamelContext - Resolving language: simple
2025-11-02 13:45:30 [main] DEBUG o.a.camel.support.ResolverHelper - Lookup Language with name simple in registry. Found: null
2025-11-02 13:45:30 [main] DEBUG o.a.camel.support.ResolverHelper - Lookup Language with name simple-language in registry. Found: null
2025-11-02 13:45:30 [main] DEBUG o.a.c.language.simple.SimpleLanguage - Simple language predicate/expression cache size: 1000
2025-11-02 13:45:30 [main] DEBUG o.a.c.language.simple.SimpleLanguage - Simple language predicate/expression cache size: 1000
2025-11-02 13:45:30 [scheduling-1] INFO  c.m.b.k.service.DynamicRouteService - Starting route status sync with Camel context
2025-11-02 13:45:30 [main] DEBUG o.a.c.i.engine.AbstractCamelContext - Apache Camel 4.4.0 (camel-1) initialized in 168ms
2025-11-02 13:45:30 [main] INFO  o.a.c.i.engine.AbstractCamelContext - Apache Camel 4.4.0 (camel-1) is starting
2025-11-02 13:45:30 [main] DEBUG o.a.c.i.engine.AbstractCamelContext - Using ClassResolver=org.apache.camel.impl.engine.DefaultClassResolver@3f6507b7, PackageScanClassResolver=org.apache.camel.spring.boot.FatJarPackageScanClassResolver@149317fd, ApplicationContextClassLoader=jdk.internal.loader.ClassLoaders$AppClassLoader@70dea4e, RouteController=org.apache.camel.impl.engine.DefaultRouteController@760854ed
2025-11-02 13:45:30 [main] DEBUG o.a.c.i.engine.AbstractCamelContext - StreamCaching is disabled on CamelContext: camel-1
2025-11-02 13:45:30 [main] DEBUG o.a.c.i.engine.AbstractCamelContext - Using HeadersMapFactory: org.apache.camel.impl.engine.DefaultHeadersMapFactory@37597de0
2025-11-02 13:45:30 [scheduling-1] INFO  c.m.b.k.service.DynamicRouteService - Starting route status sync with Camel context
2025-11-02 13:45:30 [main] DEBUG o.a.c.i.engine.AbstractCamelContext - Using ReactiveExecutor: org.apache.camel.impl.engine.DefaultReactiveExecutor@18af3716
2025-11-02 13:45:30 [main] DEBUG o.a.c.i.engine.AbstractCamelContext - Using ThreadPoolFactory: org.apache.camel.support.DefaultThreadPoolFactory@142c9e8c
2025-11-02 13:45:30 [main] DEBUG o.a.c.i.engine.AbstractCamelContext - Using HealthCheck: camel-spring-boot
2025-11-02 13:45:30 [main] DEBUG o.a.c.i.e.DefaultStreamCachingStrategy - StreamCaching configuration DefaultStreamCachingStrategy[spoolDirectoryEnabled=false, spoolDirectory=null, spoolCipher=null, spoolThreshold=131072, spoolUsedHeapMemoryThreshold=0, bufferSize=0, anySpoolRules=false]
2025-11-02 13:45:30 [main] DEBUG o.a.c.i.e.DefaultStreamCachingStrategy - StreamCaching in use
2025-11-02 13:45:30 [main] DEBUG o.a.c.i.engine.AbstractCamelContext - Clearing BeanIntrospection cache with 1 objects using during starting Camel
2025-11-02 13:45:30 [main] DEBUG o.a.c.i.engine.AbstractCamelContext - BeanIntrospection invoked 4 times during starting Camel
2025-11-02 13:45:30 [main] INFO  o.a.c.i.engine.AbstractCamelContext - Routes startup (started:0)
2025-11-02 13:45:30 [main] INFO  o.a.c.i.engine.AbstractCamelContext - Apache Camel 4.4.0 (camel-1) started in 340ms (build:139ms init:168ms start:33ms)
2025-11-02 13:45:30 [main] DEBUG o.a.camel.support.ResolverHelper - Found ProcessorFactory: org.apache.camel.processor.DefaultProcessorFactory via: META-INF/services/org/apache/camel/processor-factory
2025-11-02 13:45:31 [main] DEBUG o.a.camel.support.ResolverHelper - Detected and using ProcessorFactory: org.apache.camel.processor.DefaultProcessorFactory@7dfd59d6
2025-11-02 13:45:31 [main] DEBUG o.a.camel.impl.DefaultCamelContext - start() took 216 millis
2025-11-02 13:45:31 [main] INFO  c.m.MiddlewareApplicationTests - Started MiddlewareApplicationTests in 20.712 seconds (process running for 22.825)
2025-11-02 13:45:31 [main] DEBUG o.a.camel.spring.SpringCamelContext - onApplicationEvent: org.springframework.boot.context.event.ApplicationStartedEvent[source=org.springframework.boot.SpringApplication@51ea12f1]
2025-11-02 13:45:31 [main] DEBUG o.a.c.i.engine.AbstractCamelContext - Apache Camel 4.4.0 (camel-1) initialized in 267ms
2025-11-02 13:45:31 [main] INFO  o.a.c.i.engine.AbstractCamelContext - Apache Camel 4.4.0 (camel-1) is starting
2025-11-02 13:45:31 [main] DEBUG o.a.c.i.engine.AbstractCamelContext - Using ClassResolver=org.apache.camel.impl.engine.DefaultClassResolver@5deec063, PackageScanClassResolver=org.apache.camel.spring.boot.FatJarPackageScanClassResolver@429bb757, ApplicationContextClassLoader=jdk.internal.loader.ClassLoaders$AppClassLoader@70dea4e, RouteController=org.apache.camel.impl.engine.DefaultRouteController@db1c020
2025-11-02 13:45:31 [main] DEBUG o.a.c.i.engine.AbstractCamelContext - StreamCaching is disabled on CamelContext: camel-1
2025-11-02 13:45:31 [main] DEBUG o.a.c.i.engine.AbstractCamelContext - Using HeadersMapFactory: org.apache.camel.impl.engine.DefaultHeadersMapFactory@182a2c6b
2025-11-02 13:45:31 [main] DEBUG o.a.c.i.engine.AbstractCamelContext - Using ReactiveExecutor: org.apache.camel.impl.engine.DefaultReactiveExecutor@621ae2e7
2025-11-02 13:45:31 [main] DEBUG o.a.c.i.engine.AbstractCamelContext - Using ThreadPoolFactory: org.apache.camel.support.DefaultThreadPoolFactory@683eef1e
2025-11-02 13:45:31 [main] DEBUG o.a.c.i.engine.AbstractCamelContext - Using HealthCheck: camel-spring-boot
2025-11-02 13:45:31 [main] DEBUG o.a.c.i.e.DefaultStreamCachingStrategy - StreamCaching configuration DefaultStreamCachingStrategy[spoolDirectoryEnabled=false, spoolDirectory=null, spoolCipher=null, spoolThreshold=131072, spoolUsedHeapMemoryThreshold=0, bufferSize=0, anySpoolRules=false]
2025-11-02 13:45:31 [main] DEBUG o.a.c.i.e.DefaultStreamCachingStrategy - StreamCaching in use
2025-11-02 13:45:31 [main] DEBUG o.a.c.i.engine.AbstractCamelContext - Clearing BeanIntrospection cache with 1 objects using during starting Camel
2025-11-02 13:45:31 [main] DEBUG o.a.c.i.engine.AbstractCamelContext - BeanIntrospection invoked 4 times during starting Camel
2025-11-02 13:45:31 [main] INFO  o.a.c.i.engine.AbstractCamelContext - Routes startup (started:0)
2025-11-02 13:45:31 [main] INFO  o.a.c.i.engine.AbstractCamelContext - Apache Camel 4.4.0 (camel-1) started in 453ms (build:143ms init:267ms start:43ms)
2025-11-02 13:45:31 [main] DEBUG o.a.camel.support.ResolverHelper - Found ProcessorFactory: org.apache.camel.processor.DefaultProcessorFactory via: META-INF/services/org/apache/camel/processor-factory
2025-11-02 13:45:31 [main] DEBUG o.a.camel.support.ResolverHelper - Detected and using ProcessorFactory: org.apache.camel.processor.DefaultProcessorFactory@4c89f60b
2025-11-02 13:45:31 [main] DEBUG o.a.camel.impl.DefaultCamelContext - start() took 334 millis
2025-11-02 13:45:31 [main] INFO  c.m.MiddlewareApplicationTests - Started MiddlewareApplicationTests in 20.818 seconds (process running for 22.899)
2025-11-02 13:45:31 [main] DEBUG o.a.camel.spring.SpringCamelContext - onApplicationEvent: org.springframework.boot.context.event.ApplicationStartedEvent[source=org.springframework.boot.SpringApplication@7b58d966]
2025-11-02 13:45:31 [main] DEBUG o.a.camel.spring.SpringCamelContext - onApplicationEvent: org.springframework.boot.availability.AvailabilityChangeEvent[source=org.springframework.web.context.support.GenericWebApplicationContext@363f0ba0, started on Sun Nov 02 13:45:11 EET 2025]
2025-11-02 13:45:31 [main] DEBUG o.a.camel.spring.SpringCamelContext - onApplicationEvent: org.springframework.boot.availability.AvailabilityChangeEvent[source=org.springframework.web.context.support.GenericWebApplicationContext@35dd9ed3, started on Sun Nov 02 13:45:11 EET 2025]
2025-11-02 13:45:31 [scheduling-1] DEBUG o.a.c.i.engine.AbstractCamelContext - Adding route configurations from builder: Routes: []
2025-11-02 13:45:31 [scheduling-1] DEBUG o.a.c.i.engine.AbstractCamelContext - Adding routes from builder: Routes: []
2025-11-02 13:45:31 [scheduling-1] DEBUG o.a.c.i.engine.AbstractCamelContext - Adding route configurations from builder: Routes: []
2025-11-02 13:45:31 [scheduling-1] DEBUG o.a.c.i.engine.AbstractCamelContext - Adding routes from builder: Routes: []
2025-11-02 13:45:31 [main] DEBUG o.a.camel.spring.SpringCamelContext - onApplicationEvent: org.springframework.boot.context.event.ApplicationReadyEvent[source=org.springframework.boot.SpringApplication@51ea12f1]
2025-11-02 13:45:31 [main] INFO  c.m.b.k.service.SequenceFixService - Fixing sequence for integration_mapping.id ...
2025-11-02 13:45:31 [main] DEBUG o.a.camel.spring.SpringCamelContext - onApplicationEvent: org.springframework.boot.context.event.ApplicationReadyEvent[source=org.springframework.boot.SpringApplication@7b58d966]
2025-11-02 13:45:31 [main] INFO  c.m.b.k.service.SequenceFixService - Fixing sequence for integration_mapping.id ...
2025-11-02 13:45:31 [scheduling-1] DEBUG o.a.c.i.e.DefaultUriFactoryResolver - Found EndpointUriFactory: integrationmapping via type: com.middleware.IntegrationMappingEndpointUriFactory via: META-INF/services/org/apache/camel/urifactory/integrationmapping
2025-11-02 13:45:31 [scheduling-1] DEBUG o.a.c.i.e.DefaultUriFactoryResolver - Found EndpointUriFactory: integrationmapping via type: com.middleware.IntegrationMappingEndpointUriFactory via: META-INF/services/org/apache/camel/urifactory/integrationmapping
2025-11-02 13:45:31 [scheduling-1] DEBUG o.a.c.i.e.DefaultUriFactoryResolver - Found EndpointUriFactory: rest via type: org.apache.camel.component.rest.RestEndpointUriFactory via: META-INF/services/org/apache/camel/urifactory/rest
2025-11-02 13:45:31 [scheduling-1] DEBUG o.a.c.i.e.DefaultUriFactoryResolver - Found EndpointUriFactory: rest via type: org.apache.camel.component.rest.RestEndpointUriFactory via: META-INF/services/org/apache/camel/urifactory/rest
2025-11-02 13:45:31 [scheduling-1] DEBUG o.a.c.i.e.DefaultConfigurerResolver - Found configurer: org.apache.camel.spi.RestConfiguration via type: org.apache.camel.impl.RestConfigurationConfigurer via: META-INF/services/org/apache/camel/configurer/org.apache.camel.spi.RestConfiguration
2025-11-02 13:45:31 [scheduling-1] DEBUG o.a.c.i.e.DefaultConfigurerResolver - Found configurer: org.apache.camel.spi.RestConfiguration via type: org.apache.camel.impl.RestConfigurationConfigurer via: META-INF/services/org/apache/camel/configurer/org.apache.camel.spi.RestConfiguration
2025-11-02 13:45:31 [scheduling-1] DEBUG o.a.c.i.e.DefaultConfigurerResolver - Found configurer: org.apache.camel.spi.RestConfiguration via type: org.apache.camel.impl.RestConfigurationConfigurer via: META-INF/services/org/apache/camel/configurer/org.apache.camel.spi.RestConfiguration
2025-11-02 13:45:31 [scheduling-1] DEBUG o.a.c.i.e.DefaultConfigurerResolver - Found configurer: org.apache.camel.spi.RestConfiguration via type: org.apache.camel.impl.RestConfigurationConfigurer via: META-INF/services/org/apache/camel/configurer/org.apache.camel.spi.RestConfiguration
2025-11-02 13:45:31 [scheduling-1] DEBUG o.a.c.i.e.DefaultConfigurerResolver - Found configurer: org.apache.camel.spi.RestConfiguration via type: org.apache.camel.impl.RestConfigurationConfigurer via: META-INF/services/org/apache/camel/configurer/org.apache.camel.spi.RestConfiguration
2025-11-02 13:45:31 [scheduling-1] DEBUG o.a.c.i.e.DefaultConfigurerResolver - Found configurer: org.apache.camel.spi.RestConfiguration via type: org.apache.camel.impl.RestConfigurationConfigurer via: META-INF/services/org/apache/camel/configurer/org.apache.camel.spi.RestConfiguration
2025-11-02 13:45:31 [scheduling-1] DEBUG o.a.c.i.e.DefaultConfigurerResolver - Found configurer: org.apache.camel.spi.RestConfiguration via type: org.apache.camel.impl.RestConfigurationConfigurer via: META-INF/services/org/apache/camel/configurer/org.apache.camel.spi.RestConfiguration
2025-11-02 13:45:31 [scheduling-1] DEBUG o.a.c.i.e.DefaultConfigurerResolver - Found configurer: org.apache.camel.spi.RestConfiguration via type: org.apache.camel.impl.RestConfigurationConfigurer via: META-INF/services/org/apache/camel/configurer/org.apache.camel.spi.RestConfiguration
2025-11-02 13:45:31 [scheduling-1] DEBUG o.a.c.i.e.DefaultConfigurerResolver - Found configurer: org.apache.camel.spi.RestConfiguration via type: org.apache.camel.impl.RestConfigurationConfigurer via: META-INF/services/org/apache/camel/configurer/org.apache.camel.spi.RestConfiguration
2025-11-02 13:45:31 [scheduling-1] DEBUG o.a.c.i.e.DefaultConfigurerResolver - Found configurer: org.apache.camel.spi.RestConfiguration via type: org.apache.camel.impl.RestConfigurationConfigurer via: META-INF/services/org/apache/camel/configurer/org.apache.camel.spi.RestConfiguration
2025-11-02 13:45:31 [scheduling-1] DEBUG o.a.c.i.e.DefaultConfigurerResolver - Found configurer: org.apache.camel.spi.RestConfiguration via type: org.apache.camel.impl.RestConfigurationConfigurer via: META-INF/services/org/apache/camel/configurer/org.apache.camel.spi.RestConfiguration
2025-11-02 13:45:31 [scheduling-1] DEBUG o.a.c.i.e.DefaultConfigurerResolver - Found configurer: org.apache.camel.spi.RestConfiguration via type: org.apache.camel.impl.RestConfigurationConfigurer via: META-INF/services/org/apache/camel/configurer/org.apache.camel.spi.RestConfiguration
2025-11-02 13:45:31 [scheduling-1] DEBUG o.a.c.i.e.DefaultConfigurerResolver - Found configurer: org.apache.camel.spi.RestConfiguration via type: org.apache.camel.impl.RestConfigurationConfigurer via: META-INF/services/org/apache/camel/configurer/org.apache.camel.spi.RestConfiguration
2025-11-02 13:45:31 [scheduling-1] DEBUG o.a.c.i.e.DefaultConfigurerResolver - Found configurer: org.apache.camel.spi.RestConfiguration via type: org.apache.camel.impl.RestConfigurationConfigurer via: META-INF/services/org/apache/camel/configurer/org.apache.camel.spi.RestConfiguration
2025-11-02 13:45:31 [scheduling-1] DEBUG o.a.c.i.e.DefaultConfigurerResolver - Found configurer: org.apache.camel.spi.RestConfiguration via type: org.apache.camel.impl.RestConfigurationConfigurer via: META-INF/services/org/apache/camel/configurer/org.apache.camel.spi.RestConfiguration
2025-11-02 13:45:31 [scheduling-1] DEBUG o.a.c.i.e.DefaultConfigurerResolver - Found configurer: org.apache.camel.spi.RestConfiguration via type: org.apache.camel.impl.RestConfigurationConfigurer via: META-INF/services/org/apache/camel/configurer/org.apache.camel.spi.RestConfiguration
2025-11-02 13:45:31 [scheduling-1] DEBUG o.a.c.i.e.DefaultConfigurerResolver - Found configurer: org.apache.camel.spi.RestConfiguration via type: org.apache.camel.impl.RestConfigurationConfigurer via: META-INF/services/org/apache/camel/configurer/org.apache.camel.spi.RestConfiguration
2025-11-02 13:45:31 [scheduling-1] DEBUG o.a.c.i.e.DefaultConfigurerResolver - Found configurer: org.apache.camel.spi.RestConfiguration via type: org.apache.camel.impl.RestConfigurationConfigurer via: META-INF/services/org/apache/camel/configurer/org.apache.camel.spi.RestConfiguration
2025-11-02 13:45:31 [scheduling-1] DEBUG o.a.c.i.e.DefaultConfigurerResolver - Found configurer: org.apache.camel.spi.RestConfiguration via type: org.apache.camel.impl.RestConfigurationConfigurer via: META-INF/services/org/apache/camel/configurer/org.apache.camel.spi.RestConfiguration
2025-11-02 13:45:31 [scheduling-1] DEBUG o.a.c.i.e.DefaultConfigurerResolver - Found configurer: org.apache.camel.spi.RestConfiguration via type: org.apache.camel.impl.RestConfigurationConfigurer via: META-INF/services/org/apache/camel/configurer/org.apache.camel.spi.RestConfiguration
2025-11-02 13:45:31 [scheduling-1] DEBUG o.a.c.i.e.DefaultConfigurerResolver - Found configurer: org.apache.camel.spi.RestConfiguration via type: org.apache.camel.impl.RestConfigurationConfigurer via: META-INF/services/org/apache/camel/configurer/org.apache.camel.spi.RestConfiguration
2025-11-02 13:45:31 [scheduling-1] DEBUG o.a.c.i.e.DefaultConfigurerResolver - Found configurer: org.apache.camel.spi.RestConfiguration via type: org.apache.camel.impl.RestConfigurationConfigurer via: META-INF/services/org/apache/camel/configurer/org.apache.camel.spi.RestConfiguration
2025-11-02 13:45:31 [scheduling-1] DEBUG o.a.c.i.e.DefaultConfigurerResolver - Found configurer: org.apache.camel.spi.RestConfiguration via type: org.apache.camel.impl.RestConfigurationConfigurer via: META-INF/services/org/apache/camel/configurer/org.apache.camel.spi.RestConfiguration
2025-11-02 13:45:31 [scheduling-1] DEBUG o.a.c.i.e.DefaultConfigurerResolver - Found configurer: org.apache.camel.spi.RestConfiguration via type: org.apache.camel.impl.RestConfigurationConfigurer via: META-INF/services/org/apache/camel/configurer/org.apache.camel.spi.RestConfiguration
2025-11-02 13:45:31 [scheduling-1] DEBUG o.a.c.i.engine.AbstractCamelContext - Using ComponentResolver: org.apache.camel.impl.engine.DefaultComponentResolver@40264156 to resolve component with name: rest
2025-11-02 13:45:31 [scheduling-1] DEBUG o.a.camel.support.ResolverHelper - Lookup Component with name rest in registry. Found: null
2025-11-02 13:45:31 [scheduling-1] DEBUG o.a.camel.support.ResolverHelper - Lookup Component with name rest-component in registry. Found: null
2025-11-02 13:45:31 [scheduling-1] DEBUG o.a.c.i.e.DefaultComponentResolver - Found component: rest via type: org.apache.camel.component.rest.RestComponent via: META-INF/services/org/apache/camel/component/rest
2025-11-02 13:45:31 [scheduling-1] DEBUG o.a.c.i.engine.AbstractCamelContext - Using ComponentResolver: org.apache.camel.impl.engine.DefaultComponentResolver@6418ce10 to resolve component with name: rest
2025-11-02 13:45:31 [scheduling-1] DEBUG o.a.camel.support.ResolverHelper - Lookup Component with name rest in registry. Found: null
2025-11-02 13:45:31 [scheduling-1] DEBUG o.a.camel.support.ResolverHelper - Lookup Component with name rest-component in registry. Found: null
2025-11-02 13:45:31 [scheduling-1] DEBUG o.a.c.i.e.DefaultComponentResolver - Found component: rest via type: org.apache.camel.component.rest.RestComponent via: META-INF/services/org/apache/camel/component/rest
2025-11-02 13:45:31 [scheduling-1] DEBUG o.a.c.i.e.DefaultConfigurerResolver - Found configurer: rest-component via type: org.apache.camel.component.rest.RestComponentConfigurer via: META-INF/services/org/apache/camel/configurer/rest-component
2025-11-02 13:45:31 [scheduling-1] DEBUG o.a.c.i.e.DefaultConfigurerResolver - Found configurer: rest-component via type: org.apache.camel.component.rest.RestComponentConfigurer via: META-INF/services/org/apache/camel/configurer/rest-component
2025-11-02 13:45:31 [scheduling-1] DEBUG o.a.c.i.e.DefaultConfigurerResolver - Found configurer: rest-endpoint via type: org.apache.camel.component.rest.RestEndpointConfigurer via: META-INF/services/org/apache/camel/configurer/rest-endpoint
2025-11-02 13:45:31 [scheduling-1] DEBUG o.a.c.i.e.DefaultConfigurerResolver - Found configurer: rest-endpoint via type: org.apache.camel.component.rest.RestEndpointConfigurer via: META-INF/services/org/apache/camel/configurer/rest-endpoint
2025-11-02 13:45:31 [scheduling-1] DEBUG o.a.c.i.e.DefaultConfigurerResolver - Found configurer: rest-component via type: org.apache.camel.component.rest.RestComponentConfigurer via: META-INF/services/org/apache/camel/configurer/rest-component
2025-11-02 13:45:31 [scheduling-1] DEBUG o.a.camel.support.DefaultComponent - Creating endpoint uri=[rest://get:/healthmap2], path=[get:/healthmap2]
2025-11-02 13:45:31 [scheduling-1] DEBUG o.a.c.i.e.DefaultConfigurerResolver - Found configurer: rest-component via type: org.apache.camel.component.rest.RestComponentConfigurer via: META-INF/services/org/apache/camel/configurer/rest-component
2025-11-02 13:45:31 [scheduling-1] DEBUG o.a.camel.support.DefaultComponent - Creating endpoint uri=[rest://get:/healthmap2], path=[get:/healthmap2]
2025-11-02 13:45:31 [scheduling-1] DEBUG o.a.c.i.engine.AbstractCamelContext - rest://get:/healthmap2 converted to endpoint: rest://get:/healthmap2 by component: org.apache.camel.component.rest.RestComponent@360c5896
2025-11-02 13:45:31 [scheduling-1] DEBUG o.a.c.i.engine.AbstractCamelContext - rest://get:/healthmap2 converted to endpoint: rest://get:/healthmap2 by component: org.apache.camel.component.rest.RestComponent@79083f1b
2025-11-02 13:45:31 [scheduling-1] DEBUG o.a.c.i.engine.AbstractCamelContext - Using ComponentResolver: org.apache.camel.impl.engine.DefaultComponentResolver@40264156 to resolve component with name: integrationmapping
2025-11-02 13:45:31 [scheduling-1] DEBUG o.a.camel.support.ResolverHelper - Lookup Component with name integrationmapping in registry. Found: com.middleware.IntegrationMappingComponent@1537e961
2025-11-02 13:45:31 [scheduling-1] DEBUG o.a.c.i.engine.AbstractCamelContext - Using ComponentResolver: org.apache.camel.impl.engine.DefaultComponentResolver@6418ce10 to resolve component with name: integrationmapping
2025-11-02 13:45:31 [scheduling-1] DEBUG o.a.camel.support.ResolverHelper - Lookup Component with name integrationmapping in registry. Found: com.middleware.IntegrationMappingComponent@2b7ce06e
2025-11-02 13:45:31 [scheduling-1] DEBUG o.a.c.i.e.DefaultConfigurerResolver - Found configurer: integrationmapping-component via type: com.middleware.IntegrationMappingComponentConfigurer via: META-INF/services/org/apache/camel/configurer/integrationmapping-component
2025-11-02 13:45:31 [scheduling-1] DEBUG o.a.c.i.e.DefaultConfigurerResolver - Found configurer: integrationmapping-component via type: com.middleware.IntegrationMappingComponentConfigurer via: META-INF/services/org/apache/camel/configurer/integrationmapping-component
2025-11-02 13:45:31 [scheduling-1] DEBUG o.a.c.i.e.DefaultConfigurerResolver - Found configurer: integrationmapping-endpoint via type: com.middleware.IntegrationMappingEndpointConfigurer via: META-INF/services/org/apache/camel/configurer/integrationmapping-endpoint
2025-11-02 13:45:31 [scheduling-1] DEBUG o.a.c.i.e.DefaultConfigurerResolver - Found configurer: integrationmapping-endpoint via type: com.middleware.IntegrationMappingEndpointConfigurer via: META-INF/services/org/apache/camel/configurer/integrationmapping-endpoint
2025-11-02 13:45:31 [scheduling-1] DEBUG o.a.c.i.e.DefaultConfigurerResolver - Found configurer: integrationmapping-component via type: com.middleware.IntegrationMappingComponentConfigurer via: META-INF/services/org/apache/camel/configurer/integrationmapping-component
2025-11-02 13:45:31 [scheduling-1] DEBUG o.a.camel.support.DefaultComponent - Creating endpoint uri=[integrationmapping://null?code=default], path=[null]
2025-11-02 13:45:31 [scheduling-1] INFO  c.m.IntegrationMappingEndpoint - IntegrationMappingEndpoint created for URI: integrationmapping://null?code=default
2025-11-02 13:45:31 [scheduling-1] DEBUG o.a.c.i.engine.AbstractCamelContext - integrationmapping://null?code=default converted to endpoint: integrationmapping://null?code=default by component: com.middleware.IntegrationMappingComponent@2b7ce06e
2025-11-02 13:45:31 [scheduling-1] DEBUG o.a.camel.support.ResolverHelper - Found InternalProcessorFactory: org.apache.camel.processor.DefaultInternalProcessorFactory via: META-INF/services/org/apache/camel/internal-processor-factory
2025-11-02 13:45:31 [scheduling-1] DEBUG o.a.camel.support.ResolverHelper - Detected and using InternalProcessorFactory: org.apache.camel.processor.DefaultInternalProcessorFactory@5a48d8f9
2025-11-02 13:45:31 [scheduling-1] DEBUG o.a.c.i.e.DefaultConfigurerResolver - Found configurer: integrationmapping-component via type: com.middleware.IntegrationMappingComponentConfigurer via: META-INF/services/org/apache/camel/configurer/integrationmapping-component
2025-11-02 13:45:31 [scheduling-1] DEBUG o.a.camel.support.DefaultComponent - Creating endpoint uri=[integrationmapping://null?code=default], path=[null]
2025-11-02 13:45:31 [scheduling-1] INFO  c.m.IntegrationMappingEndpoint - IntegrationMappingEndpoint created for URI: integrationmapping://null?code=default
2025-11-02 13:45:31 [scheduling-1] DEBUG o.a.c.i.engine.AbstractCamelContext - integrationmapping://null?code=default converted to endpoint: integrationmapping://null?code=default by component: com.middleware.IntegrationMappingComponent@1537e961
2025-11-02 13:45:31 [scheduling-1] DEBUG o.a.camel.support.ResolverHelper - Found InternalProcessorFactory: org.apache.camel.processor.DefaultInternalProcessorFactory via: META-INF/services/org/apache/camel/internal-processor-factory
2025-11-02 13:45:31 [scheduling-1] DEBUG o.a.camel.support.ResolverHelper - Detected and using InternalProcessorFactory: org.apache.camel.processor.DefaultInternalProcessorFactory@5e9964e
2025-11-02 13:45:31 [main] INFO  c.m.b.k.service.SequenceFixService - Sequence public.integration_mapping_id_seq synced to 23. setval returned 23
2025-11-02 13:45:31 [main] INFO  c.m.b.k.service.SequenceFixService - Sequence fix done.
2025-11-02 13:45:31 [main] DEBUG o.a.camel.spring.SpringCamelContext - onApplicationEvent: org.springframework.boot.availability.AvailabilityChangeEvent[source=org.springframework.web.context.support.GenericWebApplicationContext@363f0ba0, started on Sun Nov 02 13:45:11 EET 2025]
2025-11-02 13:45:31 [main] INFO  c.m.b.k.service.SequenceFixService - Sequence public.integration_mapping_id_seq synced to 23. setval returned 23
2025-11-02 13:45:31 [main] INFO  c.m.b.k.service.SequenceFixService - Sequence fix done.
2025-11-02 13:45:31 [main] DEBUG o.a.camel.spring.SpringCamelContext - onApplicationEvent: org.springframework.boot.availability.AvailabilityChangeEvent[source=org.springframework.web.context.support.GenericWebApplicationContext@35dd9ed3, started on Sun Nov 02 13:45:11 EET 2025]
2025-11-02 13:45:31 [main] DEBUG o.a.camel.spring.SpringCamelContext - onApplicationEvent: org.springframework.test.context.event.PrepareTestInstanceEvent[source=[DefaultTestContext@5d3498e testClass = com.middleware.MiddlewareApplicationTests, testInstance = com.middleware.MiddlewareApplicationTests@4e5ad54b, testMethod = null, testException = null, mergedContextConfiguration = [WebMergedContextConfiguration@72c8b9ff testClass = com.middleware.MiddlewareApplicationTests, locations = [], classes = [com.middleware.MiddlewareApplication], contextInitializerClasses = [], activeProfiles = [], propertySourceDescriptors = [], propertySourceProperties = ["org.springframework.boot.test.context.SpringBootTestContextBootstrapper=true"], contextCustomizers = [org.springframework.boot.test.context.filter.ExcludeFilterContextCustomizer@47a86fbb, org.springframework.boot.test.json.DuplicateJsonObjectContextCustomizerFactory$DuplicateJsonObjectContextCustomizer@4c4748bf, org.springframework.boot.test.mock.mockito.MockitoContextCustomizer@0, org.springframework.boot.test.web.client.TestRestTemplateContextCustomizer@57ac5227, org.springframework.boot.test.web.reactor.netty.DisableReactorResourceFactoryGlobalResourcesContextCustomizerFactory$DisableReactorResourceFactoryGlobalResourcesContextCustomizerCustomizer@5644dc81, org.springframework.boot.test.autoconfigure.OnFailureConditionReportContextCustomizerFactory$OnFailureConditionReportContextCustomizer@4351c8c3, org.springframework.boot.test.autoconfigure.actuate.observability.ObservabilityContextCustomizerFactory$DisableObservabilityContextCustomizer@1f, org.springframework.boot.test.autoconfigure.properties.PropertyMappingContextCustomizer@0, org.springframework.boot.test.autoconfigure.web.servlet.WebDriverContextCustomizer@3e10dc6, org.springframework.test.context.support.DynamicPropertiesContextCustomizer@0, org.springframework.boot.test.context.SpringBootTestAnnotation@ee4cf76c], resourceBasePath = "src/main/webapp", contextLoader = org.springframework.boot.test.context.SpringBootContextLoader, parent = null], attributes = {"org.springframework.test.context.web.ServletTestExecutionListener.activateListener" -> true, "org.springframework.test.context.web.ServletTestExecutionListener.populatedRequestContextHolder" -> true, "org.springframework.test.context.web.ServletTestExecutionListener.resetRequestContextHolder" -> true, "org.springframework.test.context.event.ApplicationEventsTestExecutionListener.recordApplicationEvents" -> false}]]
2025-11-02 13:45:31 [main] DEBUG o.a.camel.spring.SpringCamelContext - onApplicationEvent: org.springframework.test.context.event.BeforeTestMethodEvent[source=[DefaultTestContext@5d3498e testClass = com.middleware.MiddlewareApplicationTests, testInstance = com.middleware.MiddlewareApplicationTests@4e5ad54b, testMethod = contextLoads(), testException = null, mergedContextConfiguration = [WebMergedContextConfiguration@72c8b9ff testClass = com.middleware.MiddlewareApplicationTests, locations = [], classes = [com.middleware.MiddlewareApplication], contextInitializerClasses = [], activeProfiles = [], propertySourceDescriptors = [], propertySourceProperties = ["org.springframework.boot.test.context.SpringBootTestContextBootstrapper=true"], contextCustomizers = [org.springframework.boot.test.context.filter.ExcludeFilterContextCustomizer@47a86fbb, org.springframework.boot.test.json.DuplicateJsonObjectContextCustomizerFactory$DuplicateJsonObjectContextCustomizer@4c4748bf, org.springframework.boot.test.mock.mockito.MockitoContextCustomizer@0, org.springframework.boot.test.web.client.TestRestTemplateContextCustomizer@57ac5227, org.springframework.boot.test.web.reactor.netty.DisableReactorResourceFactoryGlobalResourcesContextCustomizerFactory$DisableReactorResourceFactoryGlobalResourcesContextCustomizerCustomizer@5644dc81, org.springframework.boot.test.autoconfigure.OnFailureConditionReportContextCustomizerFactory$OnFailureConditionReportContextCustomizer@4351c8c3, org.springframework.boot.test.autoconfigure.actuate.observability.ObservabilityContextCustomizerFactory$DisableObservabilityContextCustomizer@1f, org.springframework.boot.test.autoconfigure.properties.PropertyMappingContextCustomizer@0, org.springframework.boot.test.autoconfigure.web.servlet.WebDriverContextCustomizer@3e10dc6, org.springframework.test.context.support.DynamicPropertiesContextCustomizer@0, org.springframework.boot.test.context.SpringBootTestAnnotation@ee4cf76c], resourceBasePath = "src/main/webapp", contextLoader = org.springframework.boot.test.context.SpringBootContextLoader, parent = null], attributes = {"org.springframework.test.context.web.ServletTestExecutionListener.activateListener" -> true, "org.springframework.test.context.web.ServletTestExecutionListener.populatedRequestContextHolder" -> true, "org.springframework.test.context.web.ServletTestExecutionListener.resetRequestContextHolder" -> true, "org.springframework.test.context.event.ApplicationEventsTestExecutionListener.recordApplicationEvents" -> false}]]
2025-11-02 13:45:31 [scheduling-1] DEBUG o.apache.camel.reifier.RouteReifier - RoutePolicy is enabled: com.middleware.backend.policy.LoggingRoutePolicy@32a15f3a on route: integration-mapping-test
2025-11-02 13:45:31 [main] DEBUG o.a.camel.spring.SpringCamelContext - onApplicationEvent: org.springframework.test.context.event.PrepareTestInstanceEvent[source=[DefaultTestContext@7d458a77 testClass = com.middleware.MiddlewareApplicationTests, testInstance = com.middleware.MiddlewareApplicationTests@7798f534, testMethod = null, testException = null, mergedContextConfiguration = [WebMergedContextConfiguration@31ffe47c testClass = com.middleware.MiddlewareApplicationTests, locations = [], classes = [com.middleware.MiddlewareApplication], contextInitializerClasses = [], activeProfiles = [], propertySourceDescriptors = [], propertySourceProperties = ["org.springframework.boot.test.context.SpringBootTestContextBootstrapper=true"], contextCustomizers = [org.springframework.boot.test.context.filter.ExcludeFilterContextCustomizer@47a86fbb, org.springframework.boot.test.json.DuplicateJsonObjectContextCustomizerFactory$DuplicateJsonObjectContextCustomizer@4c4748bf, org.springframework.boot.test.mock.mockito.MockitoContextCustomizer@0, org.springframework.boot.test.web.client.TestRestTemplateContextCustomizer@57ac5227, org.springframework.boot.test.web.reactor.netty.DisableReactorResourceFactoryGlobalResourcesContextCustomizerFactory$DisableReactorResourceFactoryGlobalResourcesContextCustomizerCustomizer@5644dc81, org.springframework.boot.test.autoconfigure.OnFailureConditionReportContextCustomizerFactory$OnFailureConditionReportContextCustomizer@4351c8c3, org.springframework.boot.test.autoconfigure.actuate.observability.ObservabilityContextCustomizerFactory$DisableObservabilityContextCustomizer@1f, org.springframework.boot.test.autoconfigure.properties.PropertyMappingContextCustomizer@0, org.springframework.boot.test.autoconfigure.web.servlet.WebDriverContextCustomizer@3e10dc6, org.springframework.test.context.support.DynamicPropertiesContextCustomizer@0, org.springframework.boot.test.context.SpringBootTestAnnotation@ee4cf76c], resourceBasePath = "src/main/webapp", contextLoader = org.springframework.boot.test.context.SpringBootContextLoader, parent = null], attributes = {"org.springframework.test.context.web.ServletTestExecutionListener.activateListener" -> true, "org.springframework.test.context.web.ServletTestExecutionListener.populatedRequestContextHolder" -> true, "org.springframework.test.context.web.ServletTestExecutionListener.resetRequestContextHolder" -> true, "org.springframework.test.context.event.ApplicationEventsTestExecutionListener.recordApplicationEvents" -> false}]]
2025-11-02 13:45:31 [scheduling-1] DEBUG o.apache.camel.reifier.RouteReifier - RoutePolicy is enabled: com.middleware.backend.policy.LoggingRoutePolicy@1d828125 on route: integration-mapping-test
2025-11-02 13:45:31 [scheduling-1] DEBUG o.a.c.i.e.InternalRouteStartupManager - Warming up route id: integration-mapping-test having autoStartup=true
2025-11-02 13:45:31 [scheduling-1] DEBUG o.a.c.i.engine.AbstractCamelContext - Using ComponentResolver: org.apache.camel.impl.engine.DefaultComponentResolver@6418ce10 to resolve component with name: servlet
2025-11-02 13:45:31 [scheduling-1] DEBUG o.a.camel.support.ResolverHelper - Lookup Component with name servlet in registry. Found: null
2025-11-02 13:45:31 [scheduling-1] DEBUG o.a.c.i.e.InternalRouteStartupManager - Warming up route id: integration-mapping-test having autoStartup=true
2025-11-02 13:45:31 [scheduling-1] DEBUG o.a.c.i.engine.AbstractCamelContext - Using ComponentResolver: org.apache.camel.impl.engine.DefaultComponentResolver@40264156 to resolve component with name: servlet
2025-11-02 13:45:31 [scheduling-1] DEBUG o.a.camel.support.ResolverHelper - Lookup Component with name servlet in registry. Found: null
2025-11-02 13:45:31 [main] DEBUG o.a.camel.spring.SpringCamelContext - onApplicationEvent: org.springframework.test.context.event.BeforeTestMethodEvent[source=[DefaultTestContext@7d458a77 testClass = com.middleware.MiddlewareApplicationTests, testInstance = com.middleware.MiddlewareApplicationTests@7798f534, testMethod = contextLoads(), testException = null, mergedContextConfiguration = [WebMergedContextConfiguration@31ffe47c testClass = com.middleware.MiddlewareApplicationTests, locations = [], classes = [com.middleware.MiddlewareApplication], contextInitializerClasses = [], activeProfiles = [], propertySourceDescriptors = [], propertySourceProperties = ["org.springframework.boot.test.context.SpringBootTestContextBootstrapper=true"], contextCustomizers = [org.springframework.boot.test.context.filter.ExcludeFilterContextCustomizer@47a86fbb, org.springframework.boot.test.json.DuplicateJsonObjectContextCustomizerFactory$DuplicateJsonObjectContextCustomizer@4c4748bf, org.springframework.boot.test.mock.mockito.MockitoContextCustomizer@0, org.springframework.boot.test.web.client.TestRestTemplateContextCustomizer@57ac5227, org.springframework.boot.test.web.reactor.netty.DisableReactorResourceFactoryGlobalResourcesContextCustomizerFactory$DisableReactorResourceFactoryGlobalResourcesContextCustomizerCustomizer@5644dc81, org.springframework.boot.test.autoconfigure.OnFailureConditionReportContextCustomizerFactory$OnFailureConditionReportContextCustomizer@4351c8c3, org.springframework.boot.test.autoconfigure.actuate.observability.ObservabilityContextCustomizerFactory$DisableObservabilityContextCustomizer@1f, org.springframework.boot.test.autoconfigure.properties.PropertyMappingContextCustomizer@0, org.springframework.boot.test.autoconfigure.web.servlet.WebDriverContextCustomizer@3e10dc6, org.springframework.test.context.support.DynamicPropertiesContextCustomizer@0, org.springframework.boot.test.context.SpringBootTestAnnotation@ee4cf76c], resourceBasePath = "src/main/webapp", contextLoader = org.springframework.boot.test.context.SpringBootContextLoader, parent = null], attributes = {"org.springframework.test.context.web.ServletTestExecutionListener.activateListener" -> true, "org.springframework.test.context.web.ServletTestExecutionListener.populatedRequestContextHolder" -> true, "org.springframework.test.context.web.ServletTestExecutionListener.resetRequestContextHolder" -> true, "org.springframework.test.context.event.ApplicationEventsTestExecutionListener.recordApplicationEvents" -> false}]]
2025-11-02 13:45:31 [scheduling-1] DEBUG o.a.camel.support.ResolverHelper - Lookup Component with name servlet-component in registry. Found: org.apache.camel.component.servlet.ServletComponent@23423864
2025-11-02 13:45:31 [scheduling-1] DEBUG o.a.c.i.e.DefaultConfigurerResolver - Found configurer: servlet-component via type: org.apache.camel.component.servlet.ServletComponentConfigurer via: META-INF/services/org/apache/camel/configurer/servlet-component
2025-11-02 13:45:31 [scheduling-1] DEBUG o.a.camel.support.ResolverHelper - Lookup Component with name servlet-component in registry. Found: org.apache.camel.component.servlet.ServletComponent@7b340651
2025-11-02 13:45:31 [scheduling-1] DEBUG o.a.c.i.e.DefaultConfigurerResolver - Found configurer: servlet-component via type: org.apache.camel.component.servlet.ServletComponentConfigurer via: META-INF/services/org/apache/camel/configurer/servlet-component
2025-11-02 13:45:31 [scheduling-1] DEBUG o.a.c.i.e.DefaultConfigurerResolver - Found configurer: servlet-endpoint via type: org.apache.camel.component.servlet.ServletEndpointConfigurer via: META-INF/services/org/apache/camel/configurer/servlet-endpoint
2025-11-02 13:45:31 [scheduling-1] DEBUG o.a.c.i.e.DefaultConfigurerResolver - Found configurer: servlet-endpoint via type: org.apache.camel.component.servlet.ServletEndpointConfigurer via: META-INF/services/org/apache/camel/configurer/servlet-endpoint
2025-11-02 13:45:31 [scheduling-1] DEBUG o.a.c.i.e.DefaultConfigurerResolver - Found configurer: servlet-component via type: org.apache.camel.component.servlet.ServletComponentConfigurer via: META-INF/services/org/apache/camel/configurer/servlet-component
2025-11-02 13:45:31 [scheduling-1] DEBUG o.a.camel.support.DefaultComponent - Creating endpoint uri=[servlet:///healthmap2?httpMethodRestrict=GET], path=[/healthmap2]
2025-11-02 13:45:31 [scheduling-1] DEBUG o.a.c.i.e.DefaultConfigurerResolver - Found configurer: servlet-component via type: org.apache.camel.component.servlet.ServletComponentConfigurer via: META-INF/services/org/apache/camel/configurer/servlet-component
2025-11-02 13:45:31 [scheduling-1] DEBUG o.a.c.i.engine.AbstractCamelContext - servlet:///healthmap2?httpMethodRestrict=GET converted to endpoint: servlet:/healthmap2?httpMethodRestrict=GET by component: org.apache.camel.component.servlet.ServletComponent@7b340651
2025-11-02 13:45:31 [scheduling-1] DEBUG o.a.camel.support.DefaultComponent - Creating endpoint uri=[servlet:///healthmap2?httpMethodRestrict=GET], path=[/healthmap2]
2025-11-02 13:45:31 [scheduling-1] DEBUG o.a.camel.support.ResolverHelper - Found RestRegistryFactory: org.apache.camel.component.rest.DefaultRestRegistryFactory via: META-INF/services/org/apache/camel/rest-registry-factory
2025-11-02 13:45:31 [scheduling-1] DEBUG o.a.c.i.engine.AbstractCamelContext - servlet:///healthmap2?httpMethodRestrict=GET converted to endpoint: servlet:/healthmap2?httpMethodRestrict=GET by component: org.apache.camel.component.servlet.ServletComponent@23423864
2025-11-02 13:45:31 [scheduling-1] DEBUG o.a.camel.support.ResolverHelper - Detected and using RestRegistryFactory: org.apache.camel.component.rest.DefaultRestRegistryFactory@634733c0
2025-11-02 13:45:31 [scheduling-1] DEBUG o.a.camel.support.ResolverHelper - Found RestRegistryFactory: org.apache.camel.component.rest.DefaultRestRegistryFactory via: META-INF/services/org/apache/camel/rest-registry-factory
2025-11-02 13:45:31 [scheduling-1] DEBUG o.a.camel.support.ResolverHelper - Detected and using RestRegistryFactory: org.apache.camel.component.rest.DefaultRestRegistryFactory@479fa2f0
2025-11-02 13:45:31 [scheduling-1] INFO  c.m.IntegrationMappingEndpoint - Creating IntegrationMappingProducer for endpoint: integrationmapping://null?code=default with mapping: null
2025-11-02 13:45:31 [scheduling-1] DEBUG o.a.camel.support.DefaultProducer - Starting producer: Producer[integrationmapping://null?code=default]
2025-11-02 13:45:31 [scheduling-1] INFO  c.m.IntegrationMappingEndpoint - Creating IntegrationMappingProducer for endpoint: integrationmapping://null?code=default with mapping: null
2025-11-02 13:45:31 [scheduling-1] DEBUG o.a.camel.support.DefaultProducer - Starting producer: Producer[integrationmapping://null?code=default]
2025-11-02 13:45:31 [scheduling-1] DEBUG o.a.c.i.e.InternalRouteStartupManager - Route: integration-mapping-test >>> Route[rest://get:/healthmap2 -> null]
2025-11-02 13:45:31 [scheduling-1] DEBUG o.a.c.i.e.InternalRouteStartupManager - Starting consumer (order: 1000) on route: integration-mapping-test
2025-11-02 13:45:31 [scheduling-1] DEBUG o.a.camel.support.DefaultConsumer - Build consumer: Consumer[servlet:/healthmap2?httpMethodRestrict=GET]
2025-11-02 13:45:31 [scheduling-1] DEBUG o.a.c.i.e.InternalRouteStartupManager - Route: integration-mapping-test >>> Route[rest://get:/healthmap2 -> null]
2025-11-02 13:45:31 [scheduling-1] DEBUG o.a.c.i.e.InternalRouteStartupManager - Starting consumer (order: 1000) on route: integration-mapping-test
2025-11-02 13:45:31 [scheduling-1] DEBUG o.a.camel.support.DefaultConsumer - Build consumer: Consumer[servlet:/healthmap2?httpMethodRestrict=GET]
2025-11-02 13:45:31 [scheduling-1] DEBUG o.a.camel.support.DefaultConsumer - Init consumer: Consumer[servlet:/healthmap2?httpMethodRestrict=GET]
2025-11-02 13:45:31 [scheduling-1] DEBUG o.a.camel.support.DefaultConsumer - Starting consumer: Consumer[servlet:/healthmap2?httpMethodRestrict=GET]
2025-11-02 13:45:31 [scheduling-1] DEBUG o.a.camel.support.DefaultConsumer - Init consumer: Consumer[servlet:/healthmap2?httpMethodRestrict=GET]
2025-11-02 13:45:31 [scheduling-1] DEBUG o.a.camel.support.DefaultConsumer - Starting consumer: Consumer[servlet:/healthmap2?httpMethodRestrict=GET]
2025-11-02 13:45:31 [scheduling-1] DEBUG o.a.c.h.common.DefaultHttpRegistry - Registering consumer for path /healthmap2 providers present: 0
2025-11-02 13:45:31 [scheduling-1] DEBUG o.a.c.i.e.InternalRouteStartupManager - Route: integration-mapping-test started and consuming from: servlet:/healthmap2
2025-11-02 13:45:31 [scheduling-1] DEBUG o.a.c.h.common.DefaultHttpRegistry - Registering consumer for path /healthmap2 providers present: 0
2025-11-02 13:45:31 [scheduling-1] DEBUG o.a.c.i.e.InternalRouteStartupManager - Route: integration-mapping-test started and consuming from: servlet:/healthmap2
2025-11-02 13:45:31 [scheduling-1] DEBUG o.a.c.i.e.InternalRouteStartupManager - Warming up route id: integration-mapping-test having autoStartup=true
2025-11-02 13:45:31 [scheduling-1] DEBUG o.a.c.i.e.InternalRouteStartupManager - Route: integration-mapping-test >>> Route[rest://get:/healthmap2 -> null]
2025-11-02 13:45:31 [scheduling-1] DEBUG o.a.c.i.e.InternalRouteStartupManager - Starting consumer (order: 1001) on route: integration-mapping-test
2025-11-02 13:45:31 [scheduling-1] DEBUG o.a.c.i.e.InternalRouteStartupManager - Route: integration-mapping-test started and consuming from: servlet:/healthmap2
2025-11-02 13:45:31 [scheduling-1] DEBUG o.a.c.i.e.InternalRouteStartupManager - Warming up route id: integration-mapping-test having autoStartup=true
2025-11-02 13:45:31 [scheduling-1] DEBUG o.a.c.i.e.InternalRouteStartupManager - Route: integration-mapping-test >>> Route[rest://get:/healthmap2 -> null]
2025-11-02 13:45:31 [scheduling-1] DEBUG o.a.c.i.e.InternalRouteStartupManager - Starting consumer (order: 1001) on route: integration-mapping-test
2025-11-02 13:45:31 [scheduling-1] DEBUG o.a.c.i.e.InternalRouteStartupManager - Route: integration-mapping-test started and consuming from: servlet:/healthmap2
2025-11-02 13:45:31 [scheduling-1] INFO  c.m.b.k.service.DynamicRouteService - Re-added route integration-mapping-test to context (DB says active)
2025-11-02 13:45:31 [scheduling-1] INFO  c.m.b.k.service.DynamicRouteService - Re-added route integration-mapping-test to context (DB says active)
2025-11-02 13:45:31 [scheduling-1] DEBUG o.a.c.i.engine.AbstractCamelContext - Adding route configurations from builder: Routes: []
2025-11-02 13:45:31 [scheduling-1] DEBUG o.a.c.i.engine.AbstractCamelContext - Adding routes from builder: Routes: []
2025-11-02 13:45:31 [scheduling-1] DEBUG o.a.c.i.e.DefaultUriFactoryResolver - Found EndpointUriFactory: integrationmapping via type: com.middleware.IntegrationMappingEndpointUriFactory via: META-INF/services/org/apache/camel/urifactory/integrationmapping
2025-11-02 13:45:31 [scheduling-1] DEBUG o.a.c.i.engine.AbstractCamelContext - Adding route configurations from builder: Routes: []
2025-11-02 13:45:31 [scheduling-1] DEBUG o.a.c.i.engine.AbstractCamelContext - Adding routes from builder: Routes: []
2025-11-02 13:45:31 [scheduling-1] DEBUG o.a.c.i.e.DefaultUriFactoryResolver - Found EndpointUriFactory: rest via type: org.apache.camel.component.rest.RestEndpointUriFactory via: META-INF/services/org/apache/camel/urifactory/rest
2025-11-02 13:45:31 [scheduling-1] DEBUG o.a.c.i.e.DefaultUriFactoryResolver - Found EndpointUriFactory: integrationmapping via type: com.middleware.IntegrationMappingEndpointUriFactory via: META-INF/services/org/apache/camel/urifactory/integrationmapping
2025-11-02 13:45:31 [scheduling-1] DEBUG o.a.c.i.e.DefaultUriFactoryResolver - Found EndpointUriFactory: rest via type: org.apache.camel.component.rest.RestEndpointUriFactory via: META-INF/services/org/apache/camel/urifactory/rest
2025-11-02 13:45:31 [scheduling-1] DEBUG o.a.camel.support.DefaultComponent - Creating endpoint uri=[rest://get:/HealthCenter], path=[get:/HealthCenter]
2025-11-02 13:45:31 [scheduling-1] DEBUG o.a.c.i.engine.AbstractCamelContext - rest://get:/HealthCenter converted to endpoint: rest://get:/HealthCenter by component: org.apache.camel.component.rest.RestComponent@79083f1b
2025-11-02 13:45:31 [scheduling-1] DEBUG o.a.camel.support.DefaultComponent - Creating endpoint uri=[rest://get:/HealthCenter], path=[get:/HealthCenter]
2025-11-02 13:45:31 [scheduling-1] DEBUG o.apache.camel.reifier.RouteReifier - RoutePolicy is enabled: com.middleware.backend.policy.LoggingRoutePolicy@603ad931 on route: HealthCenter-mapping
2025-11-02 13:45:31 [scheduling-1] DEBUG o.a.c.i.engine.AbstractCamelContext - rest://get:/HealthCenter converted to endpoint: rest://get:/HealthCenter by component: org.apache.camel.component.rest.RestComponent@360c5896
2025-11-02 13:45:31 [scheduling-1] DEBUG o.a.c.i.e.InternalRouteStartupManager - Warming up route id: HealthCenter-mapping having autoStartup=true
2025-11-02 13:45:31 [scheduling-1] DEBUG o.a.camel.support.DefaultComponent - Creating endpoint uri=[servlet:///HealthCenter?httpMethodRestrict=GET], path=[/HealthCenter]
2025-11-02 13:45:31 [scheduling-1] DEBUG o.apache.camel.reifier.RouteReifier - RoutePolicy is enabled: com.middleware.backend.policy.LoggingRoutePolicy@f7cebf9 on route: HealthCenter-mapping
2025-11-02 13:45:31 [scheduling-1] DEBUG o.a.c.i.engine.AbstractCamelContext - servlet:///HealthCenter?httpMethodRestrict=GET converted to endpoint: servlet:/HealthCenter?httpMethodRestrict=GET by component: org.apache.camel.component.servlet.ServletComponent@7b340651
2025-11-02 13:45:31 [scheduling-1] DEBUG o.a.c.i.e.InternalRouteStartupManager - Warming up route id: HealthCenter-mapping having autoStartup=true
2025-11-02 13:45:31 [scheduling-1] INFO  c.m.IntegrationMappingEndpoint - Creating IntegrationMappingProducer for endpoint: integrationmapping://null?code=default with mapping: null
2025-11-02 13:45:31 [scheduling-1] DEBUG o.a.camel.support.DefaultProducer - Starting producer: Producer[integrationmapping://null?code=default]
2025-11-02 13:45:31 [scheduling-1] DEBUG o.a.camel.support.DefaultComponent - Creating endpoint uri=[servlet:///HealthCenter?httpMethodRestrict=GET], path=[/HealthCenter]
2025-11-02 13:45:31 [scheduling-1] DEBUG o.a.c.i.e.InternalRouteStartupManager - Route: HealthCenter-mapping >>> Route[rest://get:/HealthCenter -> null]
2025-11-02 13:45:31 [scheduling-1] DEBUG o.a.c.i.engine.AbstractCamelContext - servlet:///HealthCenter?httpMethodRestrict=GET converted to endpoint: servlet:/HealthCenter?httpMethodRestrict=GET by component: org.apache.camel.component.servlet.ServletComponent@23423864
2025-11-02 13:45:31 [scheduling-1] DEBUG o.a.c.i.e.InternalRouteStartupManager - Starting consumer (order: 1002) on route: HealthCenter-mapping
2025-11-02 13:45:31 [scheduling-1] DEBUG o.a.camel.support.DefaultConsumer - Build consumer: Consumer[servlet:/HealthCenter?httpMethodRestrict=GET]
2025-11-02 13:45:31 [scheduling-1] DEBUG o.a.camel.support.DefaultConsumer - Init consumer: Consumer[servlet:/HealthCenter?httpMethodRestrict=GET]
2025-11-02 13:45:31 [scheduling-1] DEBUG o.a.camel.support.DefaultConsumer - Starting consumer: Consumer[servlet:/HealthCenter?httpMethodRestrict=GET]
2025-11-02 13:45:31 [scheduling-1] INFO  c.m.IntegrationMappingEndpoint - Creating IntegrationMappingProducer for endpoint: integrationmapping://null?code=default with mapping: null
2025-11-02 13:45:31 [scheduling-1] DEBUG o.a.c.h.common.DefaultHttpRegistry - Registering consumer for path /HealthCenter providers present: 0
2025-11-02 13:45:31 [scheduling-1] DEBUG o.a.c.i.e.InternalRouteStartupManager - Route: HealthCenter-mapping started and consuming from: servlet:/HealthCenter
2025-11-02 13:45:31 [scheduling-1] DEBUG o.a.camel.support.DefaultProducer - Starting producer: Producer[integrationmapping://null?code=default]
2025-11-02 13:45:31 [scheduling-1] DEBUG o.a.c.i.e.InternalRouteStartupManager - Warming up route id: HealthCenter-mapping having autoStartup=true
2025-11-02 13:45:31 [scheduling-1] DEBUG o.a.c.i.e.InternalRouteStartupManager - Route: HealthCenter-mapping >>> Route[rest://get:/HealthCenter -> null]
2025-11-02 13:45:31 [scheduling-1] DEBUG o.a.c.i.e.InternalRouteStartupManager - Route: HealthCenter-mapping >>> Route[rest://get:/HealthCenter -> null]
2025-11-02 13:45:31 [scheduling-1] DEBUG o.a.c.i.e.InternalRouteStartupManager - Starting consumer (order: 1002) on route: HealthCenter-mapping
2025-11-02 13:45:31 [scheduling-1] DEBUG o.a.c.i.e.InternalRouteStartupManager - Starting consumer (order: 1003) on route: HealthCenter-mapping
2025-11-02 13:45:31 [scheduling-1] DEBUG o.a.camel.support.DefaultConsumer - Build consumer: Consumer[servlet:/HealthCenter?httpMethodRestrict=GET]
2025-11-02 13:45:31 [scheduling-1] DEBUG o.a.c.i.e.InternalRouteStartupManager - Route: HealthCenter-mapping started and consuming from: servlet:/HealthCenter
2025-11-02 13:45:31 [scheduling-1] DEBUG o.a.camel.support.DefaultConsumer - Init consumer: Consumer[servlet:/HealthCenter?httpMethodRestrict=GET]
2025-11-02 13:45:31 [scheduling-1] DEBUG o.a.camel.support.DefaultConsumer - Starting consumer: Consumer[servlet:/HealthCenter?httpMethodRestrict=GET]
2025-11-02 13:45:31 [scheduling-1] DEBUG o.a.c.h.common.DefaultHttpRegistry - Registering consumer for path /HealthCenter providers present: 0
2025-11-02 13:45:31 [scheduling-1] DEBUG o.a.c.i.e.InternalRouteStartupManager - Route: HealthCenter-mapping started and consuming from: servlet:/HealthCenter
2025-11-02 13:45:31 [scheduling-1] DEBUG o.a.c.i.e.InternalRouteStartupManager - Warming up route id: HealthCenter-mapping having autoStartup=true
2025-11-02 13:45:31 [scheduling-1] DEBUG o.a.c.i.e.InternalRouteStartupManager - Route: HealthCenter-mapping >>> Route[rest://get:/HealthCenter -> null]
2025-11-02 13:45:31 [scheduling-1] DEBUG o.a.c.i.e.InternalRouteStartupManager - Starting consumer (order: 1003) on route: HealthCenter-mapping
2025-11-02 13:45:31 [scheduling-1] DEBUG o.a.c.i.e.InternalRouteStartupManager - Route: HealthCenter-mapping started and consuming from: servlet:/HealthCenter
2025-11-02 13:45:31 [scheduling-1] INFO  c.m.b.k.service.DynamicRouteService - Re-added route HealthCenter-mapping to context (DB says active)
2025-11-02 13:45:31 [scheduling-1] INFO  c.m.b.k.service.DynamicRouteService - Re-added route HealthCenter-mapping to context (DB says active)
2025-11-02 13:45:31 [scheduling-1] DEBUG o.a.c.i.engine.AbstractCamelContext - Adding route configurations from builder: Routes: []
2025-11-02 13:45:31 [scheduling-1] DEBUG o.a.c.i.engine.AbstractCamelContext - Adding route configurations from builder: Routes: []
2025-11-02 13:45:31 [scheduling-1] DEBUG o.a.c.i.engine.AbstractCamelContext - Adding routes from builder: Routes: []
2025-11-02 13:45:31 [scheduling-1] DEBUG o.a.c.i.engine.AbstractCamelContext - Adding routes from builder: Routes: []
2025-11-02 13:45:31 [scheduling-1] DEBUG o.a.camel.support.DefaultComponent - Creating endpoint uri=[rest://post:/api/TESTscheled], path=[post:/api/TESTscheled]
2025-11-02 13:45:31 [scheduling-1] DEBUG o.a.camel.support.DefaultComponent - Creating endpoint uri=[rest://post:/api/TESTscheled], path=[post:/api/TESTscheled]
2025-11-02 13:45:31 [scheduling-1] DEBUG o.a.c.i.engine.AbstractCamelContext - rest://post:/api/TESTscheled converted to endpoint: rest://post:/api/TESTscheled by component: org.apache.camel.component.rest.RestComponent@360c5896
2025-11-02 13:45:31 [scheduling-1] DEBUG o.a.c.i.engine.AbstractCamelContext - rest://post:/api/TESTscheled converted to endpoint: rest://post:/api/TESTscheled by component: org.apache.camel.component.rest.RestComponent@79083f1b
2025-11-02 13:45:31 [scheduling-1] DEBUG o.a.c.i.engine.AbstractCamelContext - Resolving language: simple
2025-11-02 13:45:31 [scheduling-1] DEBUG o.a.c.i.engine.AbstractCamelContext - Resolving language: simple
2025-11-02 13:45:32 [scheduling-1] DEBUG o.a.c.i.engine.AbstractCamelContext - Resolving language: constant
2025-11-02 13:45:32 [scheduling-1] DEBUG o.a.camel.support.ResolverHelper - Lookup Language with name constant in registry. Found: null
2025-11-02 13:45:32 [scheduling-1] DEBUG o.a.camel.support.ResolverHelper - Lookup Language with name constant-language in registry. Found: null
2025-11-02 13:45:32 [scheduling-1] DEBUG o.a.c.i.engine.AbstractCamelContext - Using ComponentResolver: org.apache.camel.impl.engine.DefaultComponentResolver@40264156 to resolve component with name: log
2025-11-02 13:45:32 [scheduling-1] DEBUG o.a.camel.support.ResolverHelper - Lookup Component with name log in registry. Found: null
2025-11-02 13:45:32 [scheduling-1] DEBUG o.a.camel.support.ResolverHelper - Lookup Component with name log-component in registry. Found: null
2025-11-02 13:45:32 [scheduling-1] DEBUG o.a.c.i.e.DefaultComponentResolver - Found component: log via type: org.apache.camel.component.log.LogComponent via: META-INF/services/org/apache/camel/component/log
2025-11-02 13:45:32 [scheduling-1] DEBUG o.a.c.i.engine.AbstractCamelContext - Resolving language: constant
2025-11-02 13:45:32 [scheduling-1] DEBUG o.a.camel.support.ResolverHelper - Lookup Language with name constant in registry. Found: null
2025-11-02 13:45:32 [scheduling-1] DEBUG o.a.camel.support.ResolverHelper - Lookup Language with name constant-language in registry. Found: null
2025-11-02 13:45:32 [scheduling-1] DEBUG o.a.c.i.engine.AbstractCamelContext - Using ComponentResolver: org.apache.camel.impl.engine.DefaultComponentResolver@6418ce10 to resolve component with name: log
2025-11-02 13:45:32 [scheduling-1] DEBUG o.a.camel.support.ResolverHelper - Lookup Component with name log in registry. Found: null
2025-11-02 13:45:32 [scheduling-1] DEBUG o.a.camel.support.ResolverHelper - Lookup Component with name log-component in registry. Found: null
2025-11-02 13:45:32 [scheduling-1] DEBUG o.a.c.i.e.DefaultComponentResolver - Found component: log via type: org.apache.camel.component.log.LogComponent via: META-INF/services/org/apache/camel/component/log
2025-11-02 13:45:32 [scheduling-1] DEBUG o.a.c.i.e.DefaultConfigurerResolver - Found configurer: log-component via type: org.apache.camel.component.log.LogComponentConfigurer via: META-INF/services/org/apache/camel/configurer/log-component
2025-11-02 13:45:32 [scheduling-1] DEBUG o.a.c.i.e.DefaultConfigurerResolver - Found configurer: log-endpoint via type: org.apache.camel.component.log.LogEndpointConfigurer via: META-INF/services/org/apache/camel/configurer/log-endpoint
2025-11-02 13:45:32 [scheduling-1] DEBUG o.a.c.i.e.DefaultConfigurerResolver - Found configurer: log-component via type: org.apache.camel.component.log.LogComponentConfigurer via: META-INF/services/org/apache/camel/configurer/log-component
2025-11-02 13:45:32 [scheduling-1] DEBUG o.a.c.i.e.DefaultConfigurerResolver - Found configurer: log-endpoint via type: org.apache.camel.component.log.LogEndpointConfigurer via: META-INF/services/org/apache/camel/configurer/log-endpoint
2025-11-02 13:45:32 [scheduling-1] DEBUG o.a.c.i.e.DefaultConfigurerResolver - Found configurer: log-component via type: org.apache.camel.component.log.LogComponentConfigurer via: META-INF/services/org/apache/camel/configurer/log-component
2025-11-02 13:45:32 [scheduling-1] DEBUG o.a.camel.support.DefaultComponent - Creating endpoint uri=[log://output], path=[output]
2025-11-02 13:45:32 [scheduling-1] DEBUG o.a.c.i.e.DefaultConfigurerResolver - Found configurer: log-component via type: org.apache.camel.component.log.LogComponentConfigurer via: META-INF/services/org/apache/camel/configurer/log-component
2025-11-02 13:45:32 [scheduling-1] DEBUG o.a.c.i.engine.AbstractCamelContext - log://output converted to endpoint: log://output by component: org.apache.camel.component.log.LogComponent@293892c6
2025-11-02 13:45:32 [scheduling-1] DEBUG o.apache.camel.reifier.RouteReifier - RoutePolicy is enabled: com.middleware.backend.policy.LoggingRoutePolicy@387c1424 on route: TESTscheled
2025-11-02 13:45:32 [scheduling-1] DEBUG o.a.camel.support.DefaultComponent - Creating endpoint uri=[log://output], path=[output]
2025-11-02 13:45:32 [scheduling-1] DEBUG o.a.c.i.e.InternalRouteStartupManager - Warming up route id: TESTscheled having autoStartup=true
2025-11-02 13:45:32 [scheduling-1] DEBUG o.a.camel.support.DefaultComponent - Creating endpoint uri=[servlet:///api/TESTscheled?httpMethodRestrict=POST], path=[/api/TESTscheled]
2025-11-02 13:45:32 [scheduling-1] DEBUG o.a.c.i.engine.AbstractCamelContext - servlet:///api/TESTscheled?httpMethodRestrict=POST converted to endpoint: servlet:/api/TESTscheled?httpMethodRestrict=POST by component: org.apache.camel.component.servlet.ServletComponent@7b340651
2025-11-02 13:45:32 [scheduling-1] DEBUG o.a.camel.support.DefaultProducer - Starting producer: Producer[log://output]
2025-11-02 13:45:32 [scheduling-1] DEBUG o.a.c.i.e.InternalRouteStartupManager - Route: TESTscheled >>> Route[rest://post:/api/TESTscheled -> null]
2025-11-02 13:45:32 [scheduling-1] DEBUG o.a.c.i.e.InternalRouteStartupManager - Starting consumer (order: 1004) on route: TESTscheled
2025-11-02 13:45:32 [scheduling-1] DEBUG o.a.camel.support.DefaultConsumer - Build consumer: Consumer[servlet:/api/TESTscheled?httpMethodRestrict=POST]
2025-11-02 13:45:32 [scheduling-1] DEBUG o.a.camel.support.DefaultConsumer - Init consumer: Consumer[servlet:/api/TESTscheled?httpMethodRestrict=POST]
2025-11-02 13:45:32 [scheduling-1] DEBUG o.a.camel.support.DefaultConsumer - Starting consumer: Consumer[servlet:/api/TESTscheled?httpMethodRestrict=POST]
2025-11-02 13:45:32 [scheduling-1] DEBUG o.a.c.h.common.DefaultHttpRegistry - Registering consumer for path /api/TESTscheled providers present: 0
2025-11-02 13:45:32 [scheduling-1] DEBUG o.a.c.i.e.InternalRouteStartupManager - Route: TESTscheled started and consuming from: servlet:/api/TESTscheled
2025-11-02 13:45:32 [scheduling-1] DEBUG o.a.c.i.e.InternalRouteStartupManager - Warming up route id: TESTscheled having autoStartup=true
2025-11-02 13:45:32 [scheduling-1] DEBUG o.a.c.i.e.InternalRouteStartupManager - Route: TESTscheled >>> Route[rest://post:/api/TESTscheled -> null]
2025-11-02 13:45:32 [scheduling-1] DEBUG o.a.c.i.e.InternalRouteStartupManager - Starting consumer (order: 1005) on route: TESTscheled
2025-11-02 13:45:32 [scheduling-1] DEBUG o.a.c.i.e.InternalRouteStartupManager - Route: TESTscheled started and consuming from: servlet:/api/TESTscheled
2025-11-02 13:45:32 [scheduling-1] INFO  c.m.b.k.service.DynamicRouteService - Re-added route TESTscheled to context (DB says active)
2025-11-02 13:45:32 [scheduling-1] DEBUG o.a.c.i.engine.AbstractCamelContext - log://output converted to endpoint: log://output by component: org.apache.camel.component.log.LogComponent@42bdf82c
2025-11-02 13:45:32 [scheduling-1] DEBUG o.a.c.i.engine.AbstractCamelContext - Adding route configurations from builder: Routes: []
2025-11-02 13:45:32 [scheduling-1] DEBUG o.a.c.i.engine.AbstractCamelContext - Adding routes from builder: Routes: []
2025-11-02 13:45:32 [scheduling-1] DEBUG o.a.c.i.e.DefaultUriFactoryResolver - Found EndpointUriFactory: integrationmapping via type: com.middleware.IntegrationMappingEndpointUriFactory via: META-INF/services/org/apache/camel/urifactory/integrationmapping
2025-11-02 13:45:32 [scheduling-1] DEBUG o.a.c.i.e.DefaultUriFactoryResolver - Found EndpointUriFactory: rest via type: org.apache.camel.component.rest.RestEndpointUriFactory via: META-INF/services/org/apache/camel/urifactory/rest
2025-11-02 13:45:32 [scheduling-1] DEBUG o.a.camel.support.DefaultComponent - Creating endpoint uri=[rest://get:/attr], path=[get:/attr]
2025-11-02 13:45:32 [scheduling-1] DEBUG o.a.c.i.engine.AbstractCamelContext - rest://get:/attr converted to endpoint: rest://get:/attr by component: org.apache.camel.component.rest.RestComponent@79083f1b
2025-11-02 13:45:32 [scheduling-1] DEBUG o.apache.camel.reifier.RouteReifier - RoutePolicy is enabled: com.middleware.backend.policy.LoggingRoutePolicy@689a62f6 on route: attr-mapping
2025-11-02 13:45:32 [scheduling-1] DEBUG o.a.c.i.e.InternalRouteStartupManager - Warming up route id: attr-mapping having autoStartup=true
2025-11-02 13:45:32 [scheduling-1] DEBUG o.apache.camel.reifier.RouteReifier - RoutePolicy is enabled: com.middleware.backend.policy.LoggingRoutePolicy@28e16fcc on route: TESTscheled
2025-11-02 13:45:32 [scheduling-1] DEBUG o.a.camel.support.DefaultComponent - Creating endpoint uri=[servlet:///attr?httpMethodRestrict=GET], path=[/attr]
2025-11-02 13:45:32 [scheduling-1] DEBUG o.a.c.i.engine.AbstractCamelContext - servlet:///attr?httpMethodRestrict=GET converted to endpoint: servlet:/attr?httpMethodRestrict=GET by component: org.apache.camel.component.servlet.ServletComponent@7b340651
2025-11-02 13:45:32 [scheduling-1] DEBUG o.a.c.i.e.InternalRouteStartupManager - Warming up route id: TESTscheled having autoStartup=true
2025-11-02 13:45:32 [scheduling-1] INFO  c.m.IntegrationMappingEndpoint - Creating IntegrationMappingProducer for endpoint: integrationmapping://null?code=default with mapping: null
2025-11-02 13:45:32 [scheduling-1] DEBUG o.a.camel.support.DefaultProducer - Starting producer: Producer[integrationmapping://null?code=default]
2025-11-02 13:45:32 [scheduling-1] DEBUG o.a.c.i.e.InternalRouteStartupManager - Route: attr-mapping >>> Route[rest://get:/attr -> null]
2025-11-02 13:45:32 [scheduling-1] DEBUG o.a.c.i.e.InternalRouteStartupManager - Starting consumer (order: 1006) on route: attr-mapping
2025-11-02 13:45:32 [scheduling-1] DEBUG o.a.camel.support.DefaultConsumer - Build consumer: Consumer[servlet:/attr?httpMethodRestrict=GET]
2025-11-02 13:45:32 [scheduling-1] DEBUG o.a.camel.support.DefaultConsumer - Init consumer: Consumer[servlet:/attr?httpMethodRestrict=GET]
2025-11-02 13:45:32 [scheduling-1] DEBUG o.a.camel.support.DefaultConsumer - Starting consumer: Consumer[servlet:/attr?httpMethodRestrict=GET]
2025-11-02 13:45:32 [scheduling-1] DEBUG o.a.c.h.common.DefaultHttpRegistry - Registering consumer for path /attr providers present: 0
2025-11-02 13:45:32 [scheduling-1] DEBUG o.a.c.i.e.InternalRouteStartupManager - Route: attr-mapping started and consuming from: servlet:/attr
2025-11-02 13:45:32 [scheduling-1] DEBUG o.a.camel.support.DefaultComponent - Creating endpoint uri=[servlet:///api/TESTscheled?httpMethodRestrict=POST], path=[/api/TESTscheled]
2025-11-02 13:45:32 [scheduling-1] DEBUG o.a.c.i.e.InternalRouteStartupManager - Warming up route id: attr-mapping having autoStartup=true
2025-11-02 13:45:32 [scheduling-1] DEBUG o.a.c.i.e.InternalRouteStartupManager - Route: attr-mapping >>> Route[rest://get:/attr -> null]
2025-11-02 13:45:32 [scheduling-1] DEBUG o.a.c.i.e.InternalRouteStartupManager - Starting consumer (order: 1007) on route: attr-mapping
2025-11-02 13:45:32 [scheduling-1] DEBUG o.a.c.i.e.InternalRouteStartupManager - Route: attr-mapping started and consuming from: servlet:/attr
2025-11-02 13:45:32 [scheduling-1] DEBUG o.a.c.i.engine.AbstractCamelContext - servlet:///api/TESTscheled?httpMethodRestrict=POST converted to endpoint: servlet:/api/TESTscheled?httpMethodRestrict=POST by component: org.apache.camel.component.servlet.ServletComponent@23423864
2025-11-02 13:45:32 [scheduling-1] INFO  c.m.b.k.service.DynamicRouteService - Re-added route attr-mapping to context (DB says active)
2025-11-02 13:45:32 [scheduling-1] DEBUG o.a.camel.support.DefaultProducer - Starting producer: Producer[log://output]
2025-11-02 13:45:32 [scheduling-1] DEBUG o.a.c.i.e.InternalRouteStartupManager - Route: TESTscheled >>> Route[rest://post:/api/TESTscheled -> null]
2025-11-02 13:45:32 [scheduling-1] DEBUG o.a.c.i.e.InternalRouteStartupManager - Starting consumer (order: 1004) on route: TESTscheled
2025-11-02 13:45:32 [scheduling-1] DEBUG o.a.camel.support.DefaultConsumer - Build consumer: Consumer[servlet:/api/TESTscheled?httpMethodRestrict=POST]
2025-11-02 13:45:32 [scheduling-1] DEBUG o.a.camel.support.DefaultConsumer - Init consumer: Consumer[servlet:/api/TESTscheled?httpMethodRestrict=POST]
2025-11-02 13:45:32 [scheduling-1] DEBUG o.a.camel.support.DefaultConsumer - Starting consumer: Consumer[servlet:/api/TESTscheled?httpMethodRestrict=POST]
2025-11-02 13:45:32 [scheduling-1] DEBUG o.a.c.h.common.DefaultHttpRegistry - Registering consumer for path /api/TESTscheled providers present: 0
2025-11-02 13:45:32 [scheduling-1] DEBUG o.a.c.i.e.InternalRouteStartupManager - Route: TESTscheled started and consuming from: servlet:/api/TESTscheled
2025-11-02 13:45:32 [scheduling-1] DEBUG o.a.c.i.e.InternalRouteStartupManager - Warming up route id: TESTscheled having autoStartup=true
2025-11-02 13:45:32 [scheduling-1] DEBUG o.a.c.i.e.InternalRouteStartupManager - Route: TESTscheled >>> Route[rest://post:/api/TESTscheled -> null]
2025-11-02 13:45:32 [scheduling-1] DEBUG o.a.c.i.e.InternalRouteStartupManager - Starting consumer (order: 1005) on route: TESTscheled
2025-11-02 13:45:32 [scheduling-1] DEBUG o.a.c.i.e.InternalRouteStartupManager - Route: TESTscheled started and consuming from: servlet:/api/TESTscheled
2025-11-02 13:45:32 [scheduling-1] DEBUG o.a.c.i.engine.AbstractCamelContext - Adding route configurations from builder: Routes: []
2025-11-02 13:45:32 [scheduling-1] DEBUG o.a.c.i.engine.AbstractCamelContext - Adding routes from builder: Routes: []
2025-11-02 13:45:32 [scheduling-1] DEBUG o.a.camel.support.DefaultComponent - Creating endpoint uri=[rest://post:/api/hello], path=[post:/api/hello]
2025-11-02 13:45:32 [scheduling-1] DEBUG o.a.c.i.engine.AbstractCamelContext - rest://post:/api/hello converted to endpoint: rest://post:/api/hello by component: org.apache.camel.component.rest.RestComponent@79083f1b
2025-11-02 13:45:32 [scheduling-1] DEBUG o.a.c.i.engine.AbstractCamelContext - Resolving language: simple
2025-11-02 13:45:32 [scheduling-1] DEBUG o.a.c.i.engine.AbstractCamelContext - Resolving language: constant
2025-11-02 13:45:32 [scheduling-1] DEBUG o.apache.camel.reifier.RouteReifier - RoutePolicy is enabled: com.middleware.backend.policy.LoggingRoutePolicy@352940c3 on route: my-new-route
2025-11-02 13:45:32 [scheduling-1] DEBUG o.a.c.i.e.InternalRouteStartupManager - Warming up route id: my-new-route having autoStartup=true
2025-11-02 13:45:32 [scheduling-1] INFO  c.m.b.k.service.DynamicRouteService - Re-added route TESTscheled to context (DB says active)
2025-11-02 13:45:32 [scheduling-1] DEBUG o.a.camel.support.DefaultComponent - Creating endpoint uri=[servlet:///api/hello?httpMethodRestrict=POST], path=[/api/hello]
2025-11-02 13:45:32 [scheduling-1] DEBUG o.a.c.i.engine.AbstractCamelContext - servlet:///api/hello?httpMethodRestrict=POST converted to endpoint: servlet:/api/hello?httpMethodRestrict=POST by component: org.apache.camel.component.servlet.ServletComponent@7b340651
2025-11-02 13:45:32 [scheduling-1] DEBUG o.a.camel.support.DefaultProducer - Starting producer: Producer[log://output]
2025-11-02 13:45:32 [scheduling-1] DEBUG o.a.c.i.e.InternalRouteStartupManager - Route: my-new-route >>> Route[rest://post:/api/hello -> null]
2025-11-02 13:45:32 [scheduling-1] DEBUG o.a.c.i.e.InternalRouteStartupManager - Starting consumer (order: 1008) on route: my-new-route
2025-11-02 13:45:32 [scheduling-1] DEBUG o.a.camel.support.DefaultConsumer - Build consumer: Consumer[servlet:/api/hello?httpMethodRestrict=POST]
2025-11-02 13:45:32 [scheduling-1] DEBUG o.a.camel.support.DefaultConsumer - Init consumer: Consumer[servlet:/api/hello?httpMethodRestrict=POST]
2025-11-02 13:45:32 [scheduling-1] DEBUG o.a.camel.support.DefaultConsumer - Starting consumer: Consumer[servlet:/api/hello?httpMethodRestrict=POST]
2025-11-02 13:45:32 [scheduling-1] DEBUG o.a.c.h.common.DefaultHttpRegistry - Registering consumer for path /api/hello providers present: 0
2025-11-02 13:45:32 [scheduling-1] DEBUG o.a.c.i.e.InternalRouteStartupManager - Route: my-new-route started and consuming from: servlet:/api/hello
2025-11-02 13:45:32 [scheduling-1] DEBUG o.a.c.i.e.InternalRouteStartupManager - Warming up route id: my-new-route having autoStartup=true
2025-11-02 13:45:32 [scheduling-1] DEBUG o.a.c.i.e.InternalRouteStartupManager - Route: my-new-route >>> Route[rest://post:/api/hello -> null]
2025-11-02 13:45:32 [scheduling-1] DEBUG o.a.c.i.e.InternalRouteStartupManager - Starting consumer (order: 1009) on route: my-new-route
2025-11-02 13:45:32 [scheduling-1] DEBUG o.a.c.i.e.InternalRouteStartupManager - Route: my-new-route started and consuming from: servlet:/api/hello
2025-11-02 13:45:32 [scheduling-1] INFO  c.m.b.k.service.DynamicRouteService - Re-added route my-new-route to context (DB says active)
2025-11-02 13:45:32 [scheduling-1] DEBUG o.a.c.i.engine.AbstractCamelContext - Adding route configurations from builder: Routes: []
2025-11-02 13:45:32 [scheduling-1] DEBUG o.a.c.i.engine.AbstractCamelContext - Adding routes from builder: Routes: []
2025-11-02 13:45:32 [scheduling-1] DEBUG o.a.c.i.e.DefaultUriFactoryResolver - Found EndpointUriFactory: integrationmapping via type: com.middleware.IntegrationMappingEndpointUriFactory via: META-INF/services/org/apache/camel/urifactory/integrationmapping
2025-11-02 13:45:32 [scheduling-1] DEBUG o.a.c.i.e.DefaultUriFactoryResolver - Found EndpointUriFactory: rest via type: org.apache.camel.component.rest.RestEndpointUriFactory via: META-INF/services/org/apache/camel/urifactory/rest
2025-11-02 13:45:32 [scheduling-1] DEBUG o.a.camel.support.DefaultComponent - Creating endpoint uri=[rest://get:/attr], path=[get:/attr]
2025-11-02 13:45:32 [scheduling-1] DEBUG o.a.c.i.engine.AbstractCamelContext - rest://get:/attr converted to endpoint: rest://get:/attr by component: org.apache.camel.component.rest.RestComponent@360c5896
2025-11-02 13:45:32 [scheduling-1] DEBUG o.apache.camel.reifier.RouteReifier - RoutePolicy is enabled: com.middleware.backend.policy.LoggingRoutePolicy@172ec177 on route: attr-mapping
2025-11-02 13:45:32 [scheduling-1] DEBUG o.a.c.i.e.InternalRouteStartupManager - Warming up route id: attr-mapping having autoStartup=true
2025-11-02 13:45:32 [scheduling-1] DEBUG o.a.camel.support.DefaultComponent - Creating endpoint uri=[servlet:///attr?httpMethodRestrict=GET], path=[/attr]
2025-11-02 13:45:32 [scheduling-1] DEBUG o.a.c.i.engine.AbstractCamelContext - servlet:///attr?httpMethodRestrict=GET converted to endpoint: servlet:/attr?httpMethodRestrict=GET by component: org.apache.camel.component.servlet.ServletComponent@23423864
2025-11-02 13:45:32 [scheduling-1] INFO  c.m.IntegrationMappingEndpoint - Creating IntegrationMappingProducer for endpoint: integrationmapping://null?code=default with mapping: null
2025-11-02 13:45:32 [scheduling-1] DEBUG o.a.camel.support.DefaultProducer - Starting producer: Producer[integrationmapping://null?code=default]
2025-11-02 13:45:32 [scheduling-1] DEBUG o.a.c.i.e.InternalRouteStartupManager - Route: attr-mapping >>> Route[rest://get:/attr -> null]
2025-11-02 13:45:32 [scheduling-1] DEBUG o.a.c.i.e.InternalRouteStartupManager - Starting consumer (order: 1006) on route: attr-mapping
2025-11-02 13:45:32 [scheduling-1] DEBUG o.a.camel.support.DefaultConsumer - Build consumer: Consumer[servlet:/attr?httpMethodRestrict=GET]
2025-11-02 13:45:32 [scheduling-1] DEBUG o.a.camel.support.DefaultConsumer - Init consumer: Consumer[servlet:/attr?httpMethodRestrict=GET]
2025-11-02 13:45:32 [scheduling-1] DEBUG o.a.camel.support.DefaultConsumer - Starting consumer: Consumer[servlet:/attr?httpMethodRestrict=GET]
2025-11-02 13:45:32 [scheduling-1] DEBUG o.a.c.h.common.DefaultHttpRegistry - Registering consumer for path /attr providers present: 0
2025-11-02 13:45:32 [scheduling-1] DEBUG o.a.c.i.e.InternalRouteStartupManager - Route: attr-mapping started and consuming from: servlet:/attr
2025-11-02 13:45:32 [scheduling-1] DEBUG o.a.c.i.e.InternalRouteStartupManager - Warming up route id: attr-mapping having autoStartup=true
2025-11-02 13:45:32 [scheduling-1] DEBUG o.a.c.i.e.InternalRouteStartupManager - Route: attr-mapping >>> Route[rest://get:/attr -> null]
2025-11-02 13:45:32 [scheduling-1] DEBUG o.a.c.i.e.InternalRouteStartupManager - Starting consumer (order: 1007) on route: attr-mapping
2025-11-02 13:45:32 [scheduling-1] DEBUG o.a.c.i.e.InternalRouteStartupManager - Route: attr-mapping started and consuming from: servlet:/attr
2025-11-02 13:45:32 [scheduling-1] INFO  c.m.b.k.service.DynamicRouteService - Re-added route attr-mapping to context (DB says active)
2025-11-02 13:45:32 [scheduling-1] DEBUG o.a.c.i.engine.AbstractCamelContext - Adding route configurations from builder: Routes: []
2025-11-02 13:45:32 [scheduling-1] DEBUG o.a.c.i.engine.AbstractCamelContext - Adding routes from builder: Routes: []
2025-11-02 13:45:32 [scheduling-1] DEBUG o.a.c.i.e.DefaultUriFactoryResolver - Found EndpointUriFactory: rest via type: org.apache.camel.component.rest.RestEndpointUriFactory via: META-INF/services/org/apache/camel/urifactory/rest
2025-11-02 13:45:32 [scheduling-1] DEBUG o.a.camel.support.DefaultComponent - Creating endpoint uri=[rest://get:/healthmap22], path=[get:/healthmap22]
2025-11-02 13:45:32 [scheduling-1] DEBUG o.a.c.i.engine.AbstractCamelContext - rest://get:/healthmap22 converted to endpoint: rest://get:/healthmap22 by component: org.apache.camel.component.rest.RestComponent@79083f1b
2025-11-02 13:45:32 [scheduling-1] DEBUG o.a.camel.support.DefaultComponent - Creating endpoint uri=[integrationmapping://default], path=[default]
2025-11-02 13:45:32 [scheduling-1] INFO  c.m.IntegrationMappingEndpoint - IntegrationMappingEndpoint created for URI: integrationmapping://default
2025-11-02 13:45:32 [scheduling-1] DEBUG o.a.c.i.engine.AbstractCamelContext - integrationmapping://default converted to endpoint: integrationmapping://default by component: com.middleware.IntegrationMappingComponent@1537e961
2025-11-02 13:45:32 [scheduling-1] DEBUG o.apache.camel.reifier.RouteReifier - RoutePolicy is enabled: com.middleware.backend.policy.LoggingRoutePolicy@56a73a24 on route: integration-mapping-tes
2025-11-02 13:45:32 [scheduling-1] DEBUG o.a.c.i.e.InternalRouteStartupManager - Warming up route id: integration-mapping-tes having autoStartup=true
2025-11-02 13:45:32 [scheduling-1] DEBUG o.a.camel.support.DefaultComponent - Creating endpoint uri=[servlet:///healthmap22?httpMethodRestrict=GET], path=[/healthmap22]
2025-11-02 13:45:32 [scheduling-1] DEBUG o.a.c.i.engine.AbstractCamelContext - servlet:///healthmap22?httpMethodRestrict=GET converted to endpoint: servlet:/healthmap22?httpMethodRestrict=GET by component: org.apache.camel.component.servlet.ServletComponent@7b340651
2025-11-02 13:45:32 [scheduling-1] INFO  c.m.IntegrationMappingEndpoint - Creating IntegrationMappingProducer for endpoint: integrationmapping://default with mapping: null
2025-11-02 13:45:32 [scheduling-1] DEBUG o.a.camel.support.DefaultProducer - Starting producer: Producer[integrationmapping://default]
2025-11-02 13:45:32 [scheduling-1] DEBUG o.a.c.i.e.InternalRouteStartupManager - Route: integration-mapping-tes >>> Route[rest://get:/healthmap22 -> null]
2025-11-02 13:45:32 [scheduling-1] DEBUG o.a.c.i.e.InternalRouteStartupManager - Starting consumer (order: 1010) on route: integration-mapping-tes
2025-11-02 13:45:32 [scheduling-1] DEBUG o.a.camel.support.DefaultConsumer - Build consumer: Consumer[servlet:/healthmap22?httpMethodRestrict=GET]
2025-11-02 13:45:32 [scheduling-1] DEBUG o.a.camel.support.DefaultConsumer - Init consumer: Consumer[servlet:/healthmap22?httpMethodRestrict=GET]
2025-11-02 13:45:32 [scheduling-1] DEBUG o.a.camel.support.DefaultConsumer - Starting consumer: Consumer[servlet:/healthmap22?httpMethodRestrict=GET]
2025-11-02 13:45:32 [scheduling-1] DEBUG o.a.c.h.common.DefaultHttpRegistry - Registering consumer for path /healthmap22 providers present: 0
2025-11-02 13:45:32 [scheduling-1] DEBUG o.a.c.i.e.InternalRouteStartupManager - Route: integration-mapping-tes started and consuming from: servlet:/healthmap22
2025-11-02 13:45:32 [scheduling-1] DEBUG o.a.c.i.e.InternalRouteStartupManager - Warming up route id: integration-mapping-tes having autoStartup=true
2025-11-02 13:45:32 [scheduling-1] DEBUG o.a.c.i.e.InternalRouteStartupManager - Route: integration-mapping-tes >>> Route[rest://get:/healthmap22 -> null]
2025-11-02 13:45:32 [scheduling-1] DEBUG o.a.c.i.e.InternalRouteStartupManager - Starting consumer (order: 1011) on route: integration-mapping-tes
2025-11-02 13:45:32 [scheduling-1] DEBUG o.a.c.i.e.InternalRouteStartupManager - Route: integration-mapping-tes started and consuming from: servlet:/healthmap22
2025-11-02 13:45:32 [scheduling-1] DEBUG o.a.c.i.engine.AbstractCamelContext - Adding route configurations from builder: Routes: []
2025-11-02 13:45:32 [scheduling-1] DEBUG o.a.c.i.engine.AbstractCamelContext - Adding routes from builder: Routes: []
2025-11-02 13:45:32 [scheduling-1] DEBUG o.a.camel.support.DefaultComponent - Creating endpoint uri=[rest://post:/api/hello], path=[post:/api/hello]
2025-11-02 13:45:32 [scheduling-1] DEBUG o.a.c.i.engine.AbstractCamelContext - rest://post:/api/hello converted to endpoint: rest://post:/api/hello by component: org.apache.camel.component.rest.RestComponent@360c5896
2025-11-02 13:45:32 [scheduling-1] DEBUG o.a.c.i.engine.AbstractCamelContext - Resolving language: simple
2025-11-02 13:45:32 [scheduling-1] DEBUG o.a.c.i.engine.AbstractCamelContext - Resolving language: constant
2025-11-02 13:45:32 [scheduling-1] DEBUG o.apache.camel.reifier.RouteReifier - RoutePolicy is enabled: com.middleware.backend.policy.LoggingRoutePolicy@57c0233 on route: my-new-route
2025-11-02 13:45:32 [scheduling-1] DEBUG o.a.c.i.e.InternalRouteStartupManager - Warming up route id: my-new-route having autoStartup=true
2025-11-02 13:45:32 [scheduling-1] DEBUG o.a.camel.support.DefaultComponent - Creating endpoint uri=[servlet:///api/hello?httpMethodRestrict=POST], path=[/api/hello]
2025-11-02 13:45:32 [scheduling-1] INFO  c.m.b.k.service.DynamicRouteService - Re-added route integration-mapping-tes to context (DB says active)
2025-11-02 13:45:32 [scheduling-1] DEBUG o.a.c.i.engine.AbstractCamelContext - servlet:///api/hello?httpMethodRestrict=POST converted to endpoint: servlet:/api/hello?httpMethodRestrict=POST by component: org.apache.camel.component.servlet.ServletComponent@23423864
2025-11-02 13:45:32 [scheduling-1] DEBUG o.a.camel.support.DefaultProducer - Starting producer: Producer[log://output]
2025-11-02 13:45:32 [scheduling-1] DEBUG o.a.c.i.e.InternalRouteStartupManager - Route: my-new-route >>> Route[rest://post:/api/hello -> null]
2025-11-02 13:45:32 [scheduling-1] DEBUG o.a.c.i.e.InternalRouteStartupManager - Starting consumer (order: 1008) on route: my-new-route
2025-11-02 13:45:32 [scheduling-1] DEBUG o.a.camel.support.DefaultConsumer - Build consumer: Consumer[servlet:/api/hello?httpMethodRestrict=POST]
2025-11-02 13:45:32 [scheduling-1] DEBUG o.a.camel.support.DefaultConsumer - Init consumer: Consumer[servlet:/api/hello?httpMethodRestrict=POST]
2025-11-02 13:45:32 [scheduling-1] DEBUG o.a.camel.support.DefaultConsumer - Starting consumer: Consumer[servlet:/api/hello?httpMethodRestrict=POST]
2025-11-02 13:45:32 [scheduling-1] DEBUG o.a.c.h.common.DefaultHttpRegistry - Registering consumer for path /api/hello providers present: 0
2025-11-02 13:45:32 [scheduling-1] DEBUG o.a.c.i.e.InternalRouteStartupManager - Route: my-new-route started and consuming from: servlet:/api/hello
2025-11-02 13:45:32 [scheduling-1] DEBUG o.a.c.i.e.InternalRouteStartupManager - Warming up route id: my-new-route having autoStartup=true
2025-11-02 13:45:32 [scheduling-1] DEBUG o.a.c.i.e.InternalRouteStartupManager - Route: my-new-route >>> Route[rest://post:/api/hello -> null]
2025-11-02 13:45:32 [scheduling-1] DEBUG o.a.c.i.e.InternalRouteStartupManager - Starting consumer (order: 1009) on route: my-new-route
2025-11-02 13:45:32 [scheduling-1] DEBUG o.a.c.i.e.InternalRouteStartupManager - Route: my-new-route started and consuming from: servlet:/api/hello
2025-11-02 13:45:32 [scheduling-1] INFO  c.m.b.k.service.DynamicRouteService - Re-added route my-new-route to context (DB says active)
2025-11-02 13:45:32 [scheduling-1] DEBUG o.a.c.i.engine.AbstractCamelContext - Adding route configurations from builder: Routes: []
2025-11-02 13:45:32 [scheduling-1] DEBUG o.a.c.i.engine.AbstractCamelContext - Adding routes from builder: Routes: []
2025-11-02 13:45:32 [scheduling-1] DEBUG o.a.c.i.engine.AbstractCamelContext - Adding route configurations from builder: Routes: []
2025-11-02 13:45:32 [scheduling-1] DEBUG o.a.c.i.engine.AbstractCamelContext - Adding routes from builder: Routes: []
2025-11-02 13:45:32 [scheduling-1] DEBUG o.a.c.i.e.DefaultUriFactoryResolver - Found EndpointUriFactory: rest via type: org.apache.camel.component.rest.RestEndpointUriFactory via: META-INF/services/org/apache/camel/urifactory/rest
2025-11-02 13:45:32 [scheduling-1] DEBUG o.a.camel.support.DefaultComponent - Creating endpoint uri=[rest://get:/healthmap22], path=[get:/healthmap22]
2025-11-02 13:45:32 [scheduling-1] DEBUG o.a.c.i.e.DefaultUriFactoryResolver - Found EndpointUriFactory: integratedSystem via type: com.middleware.IntegratedSystemEndpointUriFactory via: META-INF/services/org/apache/camel/urifactory/integratedSystem
2025-11-02 13:45:32 [scheduling-1] DEBUG o.a.c.i.engine.AbstractCamelContext - rest://get:/healthmap22 converted to endpoint: rest://get:/healthmap22 by component: org.apache.camel.component.rest.RestComponent@360c5896
2025-11-02 13:45:32 [scheduling-1] DEBUG o.a.camel.support.DefaultComponent - Creating endpoint uri=[integrationmapping://default], path=[default]
2025-11-02 13:45:32 [scheduling-1] INFO  c.m.IntegrationMappingEndpoint - IntegrationMappingEndpoint created for URI: integrationmapping://default
2025-11-02 13:45:32 [scheduling-1] DEBUG o.a.c.i.engine.AbstractCamelContext - integrationmapping://default converted to endpoint: integrationmapping://default by component: com.middleware.IntegrationMappingComponent@2b7ce06e
2025-11-02 13:45:32 [scheduling-1] DEBUG o.apache.camel.reifier.RouteReifier - RoutePolicy is enabled: com.middleware.backend.policy.LoggingRoutePolicy@6c470019 on route: integration-mapping-tes
2025-11-02 13:45:32 [scheduling-1] DEBUG o.a.c.i.e.InternalRouteStartupManager - Warming up route id: integration-mapping-tes having autoStartup=true
2025-11-02 13:45:32 [scheduling-1] DEBUG o.a.camel.support.DefaultComponent - Creating endpoint uri=[servlet:///healthmap22?httpMethodRestrict=GET], path=[/healthmap22]
2025-11-02 13:45:32 [scheduling-1] DEBUG o.a.c.i.engine.AbstractCamelContext - servlet:///healthmap22?httpMethodRestrict=GET converted to endpoint: servlet:/healthmap22?httpMethodRestrict=GET by component: org.apache.camel.component.servlet.ServletComponent@23423864
2025-11-02 13:45:32 [scheduling-1] INFO  c.m.IntegrationMappingEndpoint - Creating IntegrationMappingProducer for endpoint: integrationmapping://default with mapping: null
2025-11-02 13:45:32 [scheduling-1] DEBUG o.a.camel.support.DefaultProducer - Starting producer: Producer[integrationmapping://default]
2025-11-02 13:45:32 [scheduling-1] DEBUG o.a.c.i.e.InternalRouteStartupManager - Route: integration-mapping-tes >>> Route[rest://get:/healthmap22 -> null]
2025-11-02 13:45:32 [scheduling-1] DEBUG o.a.c.i.e.InternalRouteStartupManager - Starting consumer (order: 1010) on route: integration-mapping-tes
2025-11-02 13:45:32 [scheduling-1] DEBUG o.a.camel.support.DefaultConsumer - Build consumer: Consumer[servlet:/healthmap22?httpMethodRestrict=GET]
2025-11-02 13:45:32 [scheduling-1] DEBUG o.a.camel.support.DefaultConsumer - Init consumer: Consumer[servlet:/healthmap22?httpMethodRestrict=GET]
2025-11-02 13:45:32 [scheduling-1] DEBUG o.a.camel.support.DefaultConsumer - Starting consumer: Consumer[servlet:/healthmap22?httpMethodRestrict=GET]
2025-11-02 13:45:32 [scheduling-1] DEBUG o.a.c.h.common.DefaultHttpRegistry - Registering consumer for path /healthmap22 providers present: 0
2025-11-02 13:45:32 [scheduling-1] DEBUG o.a.c.i.e.InternalRouteStartupManager - Route: integration-mapping-tes started and consuming from: servlet:/healthmap22
2025-11-02 13:45:32 [scheduling-1] DEBUG o.a.c.i.e.InternalRouteStartupManager - Warming up route id: integration-mapping-tes having autoStartup=true
2025-11-02 13:45:32 [scheduling-1] DEBUG o.a.c.i.e.InternalRouteStartupManager - Route: integration-mapping-tes >>> Route[rest://get:/healthmap22 -> null]
2025-11-02 13:45:32 [scheduling-1] DEBUG o.a.c.i.e.InternalRouteStartupManager - Starting consumer (order: 1011) on route: integration-mapping-tes
2025-11-02 13:45:32 [scheduling-1] DEBUG o.a.c.i.e.InternalRouteStartupManager - Route: integration-mapping-tes started and consuming from: servlet:/healthmap22
2025-11-02 13:45:32 [scheduling-1] DEBUG o.a.c.i.e.DefaultUriFactoryResolver - Found EndpointUriFactory: servlet via type: org.apache.camel.component.servlet.ServletEndpointUriFactory via: META-INF/services/org/apache/camel/urifactory/servlet
2025-11-02 13:45:32 [scheduling-1] INFO  c.m.b.k.service.DynamicRouteService - Re-added route integration-mapping-tes to context (DB says active)
2025-11-02 13:45:32 [scheduling-1] DEBUG o.a.camel.support.DefaultComponent - Creating endpoint uri=[servlet:///v1/datasets?httpMethodRestrict=POST], path=[/v1/datasets]
2025-11-02 13:45:32 [scheduling-1] DEBUG o.a.c.i.engine.AbstractCamelContext - servlet:///v1/datasets?httpMethodRestrict=POST converted to endpoint: servlet:/v1/datasets?httpMethodRestrict=POST by component: org.apache.camel.component.servlet.ServletComponent@7b340651
2025-11-02 13:45:32 [scheduling-1] DEBUG o.a.c.i.engine.AbstractCamelContext - Adding route configurations from builder: Routes: []
2025-11-02 13:45:32 [scheduling-1] DEBUG o.a.c.i.engine.AbstractCamelContext - Adding routes from builder: Routes: []
2025-11-02 13:45:32 [scheduling-1] DEBUG o.a.c.i.engine.AbstractCamelContext - Using ComponentResolver: org.apache.camel.impl.engine.DefaultComponentResolver@40264156 to resolve component with name: integratedSystem
2025-11-02 13:45:32 [scheduling-1] DEBUG o.a.camel.support.ResolverHelper - Lookup Component with name integratedSystem in registry. Found: null
2025-11-02 13:45:32 [scheduling-1] DEBUG o.a.camel.support.ResolverHelper - Lookup Component with name integratedSystem-component in registry. Found: null
2025-11-02 13:45:32 [scheduling-1] DEBUG o.a.c.i.e.DefaultComponentResolver - Found component: integratedSystem via type: com.middleware.IntegratedSystemComponent via: META-INF/services/org/apache/camel/component/integratedSystem
2025-11-02 13:45:32 [scheduling-1] DEBUG o.a.c.i.e.DefaultUriFactoryResolver - Found EndpointUriFactory: integratedSystem via type: com.middleware.IntegratedSystemEndpointUriFactory via: META-INF/services/org/apache/camel/urifactory/integratedSystem
2025-11-02 13:45:32 [scheduling-1] DEBUG o.a.c.i.e.DefaultUriFactoryResolver - Found EndpointUriFactory: servlet via type: org.apache.camel.component.servlet.ServletEndpointUriFactory via: META-INF/services/org/apache/camel/urifactory/servlet
2025-11-02 13:45:32 [scheduling-1] DEBUG o.a.c.i.e.DefaultConfigurerResolver - Found configurer: integratedSystem-component via type: com.middleware.IntegratedSystemComponentConfigurer via: META-INF/services/org/apache/camel/configurer/integratedSystem-component
2025-11-02 13:45:32 [scheduling-1] DEBUG o.a.camel.support.DefaultComponent - Creating endpoint uri=[servlet:///v1/datasets?httpMethodRestrict=POST], path=[/v1/datasets]
2025-11-02 13:45:32 [scheduling-1] DEBUG o.a.c.i.engine.AbstractCamelContext - servlet:///v1/datasets?httpMethodRestrict=POST converted to endpoint: servlet:/v1/datasets?httpMethodRestrict=POST by component: org.apache.camel.component.servlet.ServletComponent@23423864
2025-11-02 13:45:32 [scheduling-1] DEBUG o.a.c.i.e.DefaultConfigurerResolver - Found configurer: integratedSystem-endpoint via type: com.middleware.IntegratedSystemEndpointConfigurer via: META-INF/services/org/apache/camel/configurer/integratedSystem-endpoint
2025-11-02 13:45:32 [scheduling-1] DEBUG o.a.c.i.e.DefaultConfigurerResolver - Found configurer: integratedSystem-component via type: com.middleware.IntegratedSystemComponentConfigurer via: META-INF/services/org/apache/camel/configurer/integratedSystem-component
2025-11-02 13:45:32 [scheduling-1] DEBUG o.a.camel.support.DefaultComponent - Creating endpoint uri=[integratedSystem://null?code=DHIS2.2], path=[null]
2025-11-02 13:45:32 [scheduling-1] INFO  c.m.IntegratedSystemComponent - Created IntegratedSystemEndpoint for URI: integratedSystem://null?code=DHIS2.2
2025-11-02 13:45:32 [scheduling-1] DEBUG o.a.c.i.engine.AbstractCamelContext - integratedSystem://null?code=DHIS2.2 converted to endpoint: integratedSystem://null?code=DHIS2.2 by component: com.middleware.IntegratedSystemComponent@6a13b11
2025-11-02 13:45:32 [scheduling-1] DEBUG o.apache.camel.reifier.RouteReifier - RoutePolicy is enabled: com.middleware.backend.policy.LoggingRoutePolicy@583188c9 on route: dhis2-upload-csv
2025-11-02 13:45:32 [scheduling-1] DEBUG o.a.c.i.e.InternalRouteStartupManager - Warming up route id: dhis2-upload-csv having autoStartup=true
2025-11-02 13:45:32 [scheduling-1] DEBUG o.a.camel.support.DefaultProducer - Starting producer: Producer[integratedSystem://null?code=DHIS2.2]
2025-11-02 13:45:32 [scheduling-1] DEBUG o.a.c.i.e.InternalRouteStartupManager - Route: dhis2-upload-csv >>> Route[servlet:/v1/datasets?httpMethodRestrict=POST -> null]
2025-11-02 13:45:32 [scheduling-1] DEBUG o.a.c.i.e.InternalRouteStartupManager - Starting consumer (order: 1012) on route: dhis2-upload-csv
2025-11-02 13:45:32 [scheduling-1] DEBUG o.a.camel.support.DefaultConsumer - Build consumer: Consumer[servlet:/v1/datasets?httpMethodRestrict=POST]
2025-11-02 13:45:32 [scheduling-1] DEBUG o.a.camel.support.DefaultConsumer - Init consumer: Consumer[servlet:/v1/datasets?httpMethodRestrict=POST]
2025-11-02 13:45:32 [scheduling-1] DEBUG o.a.c.i.engine.AbstractCamelContext - Using ComponentResolver: org.apache.camel.impl.engine.DefaultComponentResolver@6418ce10 to resolve component with name: integratedSystem
2025-11-02 13:45:32 [scheduling-1] DEBUG o.a.camel.support.ResolverHelper - Lookup Component with name integratedSystem in registry. Found: null
2025-11-02 13:45:32 [scheduling-1] DEBUG o.a.camel.support.ResolverHelper - Lookup Component with name integratedSystem-component in registry. Found: null
2025-11-02 13:45:32 [scheduling-1] DEBUG o.a.c.i.e.DefaultComponentResolver - Found component: integratedSystem via type: com.middleware.IntegratedSystemComponent via: META-INF/services/org/apache/camel/component/integratedSystem
2025-11-02 13:45:32 [scheduling-1] DEBUG o.a.camel.support.DefaultConsumer - Starting consumer: Consumer[servlet:/v1/datasets?httpMethodRestrict=POST]
2025-11-02 13:45:32 [scheduling-1] DEBUG o.a.c.h.common.DefaultHttpRegistry - Registering consumer for path /v1/datasets providers present: 0
2025-11-02 13:45:32 [scheduling-1] DEBUG o.a.c.i.e.InternalRouteStartupManager - Route: dhis2-upload-csv started and consuming from: servlet:/v1/datasets
2025-11-02 13:45:32 [scheduling-1] DEBUG o.a.c.i.e.InternalRouteStartupManager - Warming up route id: dhis2-upload-csv having autoStartup=true
2025-11-02 13:45:32 [scheduling-1] DEBUG o.a.c.i.e.InternalRouteStartupManager - Route: dhis2-upload-csv >>> Route[servlet:/v1/datasets?httpMethodRestrict=POST -> null]
2025-11-02 13:45:32 [scheduling-1] DEBUG o.a.c.i.e.InternalRouteStartupManager - Starting consumer (order: 1013) on route: dhis2-upload-csv
2025-11-02 13:45:32 [scheduling-1] DEBUG o.a.c.i.e.InternalRouteStartupManager - Route: dhis2-upload-csv started and consuming from: servlet:/v1/datasets
2025-11-02 13:45:32 [scheduling-1] DEBUG o.a.c.i.e.DefaultConfigurerResolver - Found configurer: integratedSystem-component via type: com.middleware.IntegratedSystemComponentConfigurer via: META-INF/services/org/apache/camel/configurer/integratedSystem-component
2025-11-02 13:45:32 [scheduling-1] DEBUG o.a.c.i.e.DefaultConfigurerResolver - Found configurer: integratedSystem-endpoint via type: com.middleware.IntegratedSystemEndpointConfigurer via: META-INF/services/org/apache/camel/configurer/integratedSystem-endpoint
2025-11-02 13:45:32 [scheduling-1] INFO  c.m.b.k.service.DynamicRouteService - Re-added route dhis2-upload-csv to context (DB says active)
2025-11-02 13:45:32 [scheduling-1] DEBUG o.a.c.i.engine.AbstractCamelContext - Adding route configurations from builder: Routes: []
2025-11-02 13:45:32 [scheduling-1] DEBUG o.a.c.i.engine.AbstractCamelContext - Adding routes from builder: Routes: []
2025-11-02 13:45:32 [scheduling-1] DEBUG o.a.c.i.e.DefaultUriFactoryResolver - Found EndpointUriFactory: servlet via type: org.apache.camel.component.servlet.ServletEndpointUriFactory via: META-INF/services/org/apache/camel/urifactory/servlet
2025-11-02 13:45:32 [scheduling-1] DEBUG o.a.camel.support.DefaultComponent - Creating endpoint uri=[servlet:///external/integrate?httpMethodRestrict=POST], path=[/external/integrate]
2025-11-02 13:45:32 [scheduling-1] DEBUG o.a.c.i.engine.AbstractCamelContext - servlet:///external/integrate?httpMethodRestrict=POST converted to endpoint: servlet:/external/integrate?httpMethodRestrict=POST by component: org.apache.camel.component.servlet.ServletComponent@7b340651
2025-11-02 13:45:32 [scheduling-1] DEBUG o.a.c.i.engine.AbstractCamelContext - Using ComponentResolver: org.apache.camel.impl.engine.DefaultComponentResolver@40264156 to resolve component with name: hakeem
2025-11-02 13:45:32 [scheduling-1] DEBUG o.a.camel.support.ResolverHelper - Lookup Component with name hakeem in registry. Found: null
2025-11-02 13:45:32 [scheduling-1] DEBUG o.a.camel.support.ResolverHelper - Lookup Component with name hakeem-component in registry. Found: null
2025-11-02 13:45:32 [scheduling-1] DEBUG o.a.c.i.e.DefaultComponentResolver - Found component: hakeem via type: com.middleware.dhis2.Dhis2Component via: META-INF/services/org/apache/camel/component/hakeem
2025-11-02 13:45:32 [scheduling-1] DEBUG o.a.c.i.e.DefaultConfigurerResolver - Found configurer: integratedSystem-component via type: com.middleware.IntegratedSystemComponentConfigurer via: META-INF/services/org/apache/camel/configurer/integratedSystem-component
2025-11-02 13:45:32 [scheduling-1] INFO  com.middleware.dhis2.Dhis2Component - Dhis2Component initialized.
2025-11-02 13:45:32 [scheduling-1] DEBUG o.a.camel.support.DefaultComponent - Creating endpoint uri=[integratedSystem://null?code=DHIS2.2], path=[null]
2025-11-02 13:45:32 [scheduling-1] INFO  c.m.IntegratedSystemComponent - Created IntegratedSystemEndpoint for URI: integratedSystem://null?code=DHIS2.2
2025-11-02 13:45:32 [scheduling-1] DEBUG o.a.c.i.engine.AbstractCamelContext - integratedSystem://null?code=DHIS2.2 converted to endpoint: integratedSystem://null?code=DHIS2.2 by component: com.middleware.IntegratedSystemComponent@2a7a09
2025-11-02 13:45:32 [scheduling-1] DEBUG o.apache.camel.reifier.RouteReifier - RoutePolicy is enabled: com.middleware.backend.policy.LoggingRoutePolicy@367656cc on route: dhis2-upload-csv
2025-11-02 13:45:32 [scheduling-1] DEBUG o.a.c.i.e.DefaultConfigurerResolver - Found configurer: hakeem-component via type: com.middleware.dhis2.Dhis2ComponentConfigurer via: META-INF/services/org/apache/camel/configurer/hakeem-component
2025-11-02 13:45:32 [scheduling-1] DEBUG o.a.c.i.e.InternalRouteStartupManager - Warming up route id: dhis2-upload-csv having autoStartup=true
2025-11-02 13:45:32 [scheduling-1] DEBUG o.a.camel.support.DefaultProducer - Starting producer: Producer[integratedSystem://null?code=DHIS2.2]
2025-11-02 13:45:32 [scheduling-1] DEBUG o.a.c.i.e.InternalRouteStartupManager - Route: dhis2-upload-csv >>> Route[servlet:/v1/datasets?httpMethodRestrict=POST -> null]
2025-11-02 13:45:32 [scheduling-1] DEBUG o.a.c.i.e.InternalRouteStartupManager - Starting consumer (order: 1012) on route: dhis2-upload-csv
2025-11-02 13:45:32 [scheduling-1] DEBUG o.a.camel.support.DefaultConsumer - Build consumer: Consumer[servlet:/v1/datasets?httpMethodRestrict=POST]
2025-11-02 13:45:32 [scheduling-1] DEBUG o.a.camel.support.DefaultConsumer - Init consumer: Consumer[servlet:/v1/datasets?httpMethodRestrict=POST]
2025-11-02 13:45:32 [scheduling-1] DEBUG o.a.camel.support.DefaultConsumer - Starting consumer: Consumer[servlet:/v1/datasets?httpMethodRestrict=POST]
2025-11-02 13:45:32 [scheduling-1] DEBUG o.a.c.h.common.DefaultHttpRegistry - Registering consumer for path /v1/datasets providers present: 0
2025-11-02 13:45:32 [scheduling-1] DEBUG o.a.c.i.e.InternalRouteStartupManager - Route: dhis2-upload-csv started and consuming from: servlet:/v1/datasets
2025-11-02 13:45:32 [scheduling-1] DEBUG o.a.c.i.e.InternalRouteStartupManager - Warming up route id: dhis2-upload-csv having autoStartup=true
2025-11-02 13:45:32 [scheduling-1] DEBUG o.a.c.i.e.DefaultConfigurerResolver - Found configurer: hakeem-endpoint via type: com.middleware.dhis2.Dhis2EndpointConfigurer via: META-INF/services/org/apache/camel/configurer/hakeem-endpoint
2025-11-02 13:45:32 [scheduling-1] DEBUG o.a.c.i.e.InternalRouteStartupManager - Route: dhis2-upload-csv >>> Route[servlet:/v1/datasets?httpMethodRestrict=POST -> null]
2025-11-02 13:45:32 [scheduling-1] DEBUG o.a.c.i.e.InternalRouteStartupManager - Starting consumer (order: 1013) on route: dhis2-upload-csv
2025-11-02 13:45:32 [scheduling-1] DEBUG o.a.c.i.e.InternalRouteStartupManager - Route: dhis2-upload-csv started and consuming from: servlet:/v1/datasets
2025-11-02 13:45:32 [scheduling-1] INFO  c.m.b.k.service.DynamicRouteService - Re-added route dhis2-upload-csv to context (DB says active)
2025-11-02 13:45:32 [scheduling-1] DEBUG o.a.c.i.e.DefaultConfigurerResolver - Found configurer: hakeem-component via type: com.middleware.dhis2.Dhis2ComponentConfigurer via: META-INF/services/org/apache/camel/configurer/hakeem-component
2025-11-02 13:45:32 [scheduling-1] DEBUG o.a.camel.support.DefaultComponent - Creating endpoint uri=[hakeem://default], path=[default]
2025-11-02 13:45:32 [scheduling-1] INFO  com.middleware.dhis2.Dhis2Endpoint - Dhis2Endpoint created for URI: hakeem://default with operation: default
2025-11-02 13:45:32 [scheduling-1] INFO  com.middleware.dhis2.Dhis2Component - Dhis2Service successfully looked up from Camel registry.
2025-11-02 13:45:32 [scheduling-1] INFO  com.middleware.dhis2.Dhis2Component - Created Dhis2Endpoint: hakeem://default
2025-11-02 13:45:32 [scheduling-1] DEBUG o.a.c.i.engine.AbstractCamelContext - hakeem://default converted to endpoint: hakeem://default by component: com.middleware.dhis2.Dhis2Component@54c224fb
2025-11-02 13:45:32 [scheduling-1] DEBUG o.apache.camel.reifier.RouteReifier - RoutePolicy is enabled: com.middleware.backend.policy.LoggingRoutePolicy@654fc52c on route: dhis2-upload-csv-sync-raw-only
2025-11-02 13:45:32 [scheduling-1] DEBUG o.a.c.i.e.InternalRouteStartupManager - Warming up route id: dhis2-upload-csv-sync-raw-only having autoStartup=true
2025-11-02 13:45:32 [scheduling-1] INFO  com.middleware.dhis2.Dhis2Endpoint - Creating Dhis2Producer for endpoint: hakeem://default with operation: default
2025-11-02 13:45:32 [scheduling-1] DEBUG o.a.c.i.engine.AbstractCamelContext - Adding route configurations from builder: Routes: []
2025-11-02 13:45:32 [scheduling-1] DEBUG o.a.c.i.engine.AbstractCamelContext - Adding routes from builder: Routes: []
2025-11-02 13:45:32 [scheduling-1] DEBUG o.a.c.i.e.DefaultUriFactoryResolver - Found EndpointUriFactory: servlet via type: org.apache.camel.component.servlet.ServletEndpointUriFactory via: META-INF/services/org/apache/camel/urifactory/servlet
2025-11-02 13:45:32 [scheduling-1] DEBUG o.a.camel.support.DefaultComponent - Creating endpoint uri=[servlet:///external/integrate?httpMethodRestrict=POST], path=[/external/integrate]
2025-11-02 13:45:32 [scheduling-1] DEBUG o.a.c.i.engine.AbstractCamelContext - servlet:///external/integrate?httpMethodRestrict=POST converted to endpoint: servlet:/external/integrate?httpMethodRestrict=POST by component: org.apache.camel.component.servlet.ServletComponent@23423864
2025-11-02 13:45:32 [scheduling-1] DEBUG o.a.c.i.engine.AbstractCamelContext - Using ComponentResolver: org.apache.camel.impl.engine.DefaultComponentResolver@6418ce10 to resolve component with name: hakeem
2025-11-02 13:45:32 [scheduling-1] DEBUG o.a.camel.support.ResolverHelper - Lookup Component with name hakeem in registry. Found: null
2025-11-02 13:45:32 [scheduling-1] DEBUG o.a.camel.support.ResolverHelper - Lookup Component with name hakeem-component in registry. Found: null
2025-11-02 13:45:32 [scheduling-1] DEBUG o.a.c.i.e.DefaultComponentResolver - Found component: hakeem via type: com.middleware.dhis2.Dhis2Component via: META-INF/services/org/apache/camel/component/hakeem
2025-11-02 13:45:32 [scheduling-1] INFO  com.middleware.dhis2.Dhis2Component - Dhis2Component initialized.
2025-11-02 13:45:32 [scheduling-1] DEBUG o.a.camel.support.DefaultProducer - Starting producer: Producer[hakeem://default]
2025-11-02 13:45:32 [scheduling-1] DEBUG o.a.c.i.e.InternalRouteStartupManager - Route: dhis2-upload-csv-sync-raw-only >>> Route[servlet:/external/integrate?httpMethodRestrict=POST -> null]
2025-11-02 13:45:32 [scheduling-1] DEBUG o.a.c.i.e.InternalRouteStartupManager - Starting consumer (order: 1014) on route: dhis2-upload-csv-sync-raw-only
2025-11-02 13:45:32 [scheduling-1] DEBUG o.a.camel.support.DefaultConsumer - Build consumer: Consumer[servlet:/external/integrate?httpMethodRestrict=POST]
2025-11-02 13:45:32 [scheduling-1] DEBUG o.a.camel.support.DefaultConsumer - Init consumer: Consumer[servlet:/external/integrate?httpMethodRestrict=POST]
2025-11-02 13:45:32 [scheduling-1] DEBUG o.a.camel.support.DefaultConsumer - Starting consumer: Consumer[servlet:/external/integrate?httpMethodRestrict=POST]
2025-11-02 13:45:32 [scheduling-1] DEBUG o.a.c.h.common.DefaultHttpRegistry - Registering consumer for path /external/integrate providers present: 0
2025-11-02 13:45:32 [scheduling-1] DEBUG o.a.c.i.e.InternalRouteStartupManager - Route: dhis2-upload-csv-sync-raw-only started and consuming from: servlet:/external/integrate
2025-11-02 13:45:32 [scheduling-1] DEBUG o.a.c.i.e.InternalRouteStartupManager - Warming up route id: dhis2-upload-csv-sync-raw-only having autoStartup=true
2025-11-02 13:45:32 [scheduling-1] DEBUG o.a.c.i.e.InternalRouteStartupManager - Route: dhis2-upload-csv-sync-raw-only >>> Route[servlet:/external/integrate?httpMethodRestrict=POST -> null]
2025-11-02 13:45:32 [scheduling-1] DEBUG o.a.c.i.e.InternalRouteStartupManager - Starting consumer (order: 1015) on route: dhis2-upload-csv-sync-raw-only
2025-11-02 13:45:32 [scheduling-1] DEBUG o.a.c.i.e.InternalRouteStartupManager - Route: dhis2-upload-csv-sync-raw-only started and consuming from: servlet:/external/integrate
2025-11-02 13:45:32 [scheduling-1] DEBUG o.a.c.i.e.DefaultConfigurerResolver - Found configurer: hakeem-component via type: com.middleware.dhis2.Dhis2ComponentConfigurer via: META-INF/services/org/apache/camel/configurer/hakeem-component
2025-11-02 13:45:32 [scheduling-1] INFO  c.m.b.k.service.DynamicRouteService - Re-added route dhis2-upload-csv-sync-raw-only to context (DB says active)
2025-11-02 13:45:32 [scheduling-1] INFO  c.m.b.k.service.DynamicRouteService - Completed route status sync
2025-11-02 13:45:32 [scheduling-1] DEBUG o.a.c.i.e.DefaultConfigurerResolver - Found configurer: hakeem-endpoint via type: com.middleware.dhis2.Dhis2EndpointConfigurer via: META-INF/services/org/apache/camel/configurer/hakeem-endpoint
2025-11-02 13:45:32 [scheduling-1] DEBUG o.a.c.i.e.DefaultConfigurerResolver - Found configurer: hakeem-component via type: com.middleware.dhis2.Dhis2ComponentConfigurer via: META-INF/services/org/apache/camel/configurer/hakeem-component
2025-11-02 13:45:32 [scheduling-1] DEBUG o.a.camel.support.DefaultComponent - Creating endpoint uri=[hakeem://default], path=[default]
2025-11-02 13:45:32 [scheduling-1] INFO  com.middleware.dhis2.Dhis2Endpoint - Dhis2Endpoint created for URI: hakeem://default with operation: default
2025-11-02 13:45:32 [scheduling-1] INFO  com.middleware.dhis2.Dhis2Component - Dhis2Service successfully looked up from Camel registry.
2025-11-02 13:45:32 [scheduling-1] INFO  com.middleware.dhis2.Dhis2Component - Created Dhis2Endpoint: hakeem://default
2025-11-02 13:45:32 [scheduling-1] DEBUG o.a.c.i.engine.AbstractCamelContext - hakeem://default converted to endpoint: hakeem://default by component: com.middleware.dhis2.Dhis2Component@1853311c
2025-11-02 13:45:32 [scheduling-1] DEBUG o.apache.camel.reifier.RouteReifier - RoutePolicy is enabled: com.middleware.backend.policy.LoggingRoutePolicy@3efd897b on route: dhis2-upload-csv-sync-raw-only
2025-11-02 13:45:32 [scheduling-1] DEBUG o.a.c.i.e.InternalRouteStartupManager - Warming up route id: dhis2-upload-csv-sync-raw-only having autoStartup=true
2025-11-02 13:45:32 [scheduling-1] INFO  com.middleware.dhis2.Dhis2Endpoint - Creating Dhis2Producer for endpoint: hakeem://default with operation: default
2025-11-02 13:45:32 [scheduling-1] DEBUG o.a.camel.support.DefaultProducer - Starting producer: Producer[hakeem://default]
2025-11-02 13:45:32 [scheduling-1] DEBUG o.a.c.i.e.InternalRouteStartupManager - Route: dhis2-upload-csv-sync-raw-only >>> Route[servlet:/external/integrate?httpMethodRestrict=POST -> null]
2025-11-02 13:45:32 [scheduling-1] DEBUG o.a.c.i.e.InternalRouteStartupManager - Starting consumer (order: 1014) on route: dhis2-upload-csv-sync-raw-only
2025-11-02 13:45:32 [scheduling-1] DEBUG o.a.camel.support.DefaultConsumer - Build consumer: Consumer[servlet:/external/integrate?httpMethodRestrict=POST]
2025-11-02 13:45:32 [scheduling-1] DEBUG o.a.camel.support.DefaultConsumer - Init consumer: Consumer[servlet:/external/integrate?httpMethodRestrict=POST]
2025-11-02 13:45:32 [scheduling-1] DEBUG o.a.camel.support.DefaultConsumer - Starting consumer: Consumer[servlet:/external/integrate?httpMethodRestrict=POST]
2025-11-02 13:45:32 [scheduling-1] DEBUG o.a.c.h.common.DefaultHttpRegistry - Registering consumer for path /external/integrate providers present: 0
2025-11-02 13:45:32 [scheduling-1] DEBUG o.a.c.i.e.InternalRouteStartupManager - Route: dhis2-upload-csv-sync-raw-only started and consuming from: servlet:/external/integrate
2025-11-02 13:45:32 [scheduling-1] DEBUG o.a.c.i.e.InternalRouteStartupManager - Warming up route id: dhis2-upload-csv-sync-raw-only having autoStartup=true
2025-11-02 13:45:32 [scheduling-1] DEBUG o.a.c.i.e.InternalRouteStartupManager - Route: dhis2-upload-csv-sync-raw-only >>> Route[servlet:/external/integrate?httpMethodRestrict=POST -> null]
2025-11-02 13:45:32 [scheduling-1] DEBUG o.a.c.i.e.InternalRouteStartupManager - Starting consumer (order: 1015) on route: dhis2-upload-csv-sync-raw-only
2025-11-02 13:45:32 [scheduling-1] DEBUG o.a.c.i.e.InternalRouteStartupManager - Route: dhis2-upload-csv-sync-raw-only started and consuming from: servlet:/external/integrate
2025-11-02 13:45:32 [scheduling-1] INFO  c.m.b.k.service.DynamicRouteService - Re-added route dhis2-upload-csv-sync-raw-only to context (DB says active)
2025-11-02 13:45:32 [scheduling-1] INFO  c.m.b.k.service.DynamicRouteService - Completed route status sync
2025-11-02 13:45:32 [main] DEBUG o.a.camel.spring.SpringCamelContext - onApplicationEvent: org.springframework.test.context.event.BeforeTestExecutionEvent[source=[DefaultTestContext@5d3498e testClass = com.middleware.MiddlewareApplicationTests, testInstance = com.middleware.MiddlewareApplicationTests@4e5ad54b, testMethod = contextLoads(), testException = null, mergedContextConfiguration = [WebMergedContextConfiguration@72c8b9ff testClass = com.middleware.MiddlewareApplicationTests, locations = [], classes = [com.middleware.MiddlewareApplication], contextInitializerClasses = [], activeProfiles = [], propertySourceDescriptors = [], propertySourceProperties = ["org.springframework.boot.test.context.SpringBootTestContextBootstrapper=true"], contextCustomizers = [org.springframework.boot.test.context.filter.ExcludeFilterContextCustomizer@47a86fbb, org.springframework.boot.test.json.DuplicateJsonObjectContextCustomizerFactory$DuplicateJsonObjectContextCustomizer@4c4748bf, org.springframework.boot.test.mock.mockito.MockitoContextCustomizer@0, org.springframework.boot.test.web.client.TestRestTemplateContextCustomizer@57ac5227, org.springframework.boot.test.web.reactor.netty.DisableReactorResourceFactoryGlobalResourcesContextCustomizerFactory$DisableReactorResourceFactoryGlobalResourcesContextCustomizerCustomizer@5644dc81, org.springframework.boot.test.autoconfigure.OnFailureConditionReportContextCustomizerFactory$OnFailureConditionReportContextCustomizer@4351c8c3, org.springframework.boot.test.autoconfigure.actuate.observability.ObservabilityContextCustomizerFactory$DisableObservabilityContextCustomizer@1f, org.springframework.boot.test.autoconfigure.properties.PropertyMappingContextCustomizer@0, org.springframework.boot.test.autoconfigure.web.servlet.WebDriverContextCustomizer@3e10dc6, org.springframework.test.context.support.DynamicPropertiesContextCustomizer@0, org.springframework.boot.test.context.SpringBootTestAnnotation@ee4cf76c], resourceBasePath = "src/main/webapp", contextLoader = org.springframework.boot.test.context.SpringBootContextLoader, parent = null], attributes = {"org.springframework.test.context.web.ServletTestExecutionListener.activateListener" -> true, "org.springframework.test.context.web.ServletTestExecutionListener.populatedRequestContextHolder" -> true, "org.springframework.test.context.web.ServletTestExecutionListener.resetRequestContextHolder" -> true, "org.springframework.test.context.event.ApplicationEventsTestExecutionListener.recordApplicationEvents" -> false}]]
2025-11-02 13:45:32 [main] DEBUG o.a.camel.spring.SpringCamelContext - onApplicationEvent: org.springframework.test.context.event.BeforeTestExecutionEvent[source=[DefaultTestContext@7d458a77 testClass = com.middleware.MiddlewareApplicationTests, testInstance = com.middleware.MiddlewareApplicationTests@7798f534, testMethod = contextLoads(), testException = null, mergedContextConfiguration = [WebMergedContextConfiguration@31ffe47c testClass = com.middleware.MiddlewareApplicationTests, locations = [], classes = [com.middleware.MiddlewareApplication], contextInitializerClasses = [], activeProfiles = [], propertySourceDescriptors = [], propertySourceProperties = ["org.springframework.boot.test.context.SpringBootTestContextBootstrapper=true"], contextCustomizers = [org.springframework.boot.test.context.filter.ExcludeFilterContextCustomizer@47a86fbb, org.springframework.boot.test.json.DuplicateJsonObjectContextCustomizerFactory$DuplicateJsonObjectContextCustomizer@4c4748bf, org.springframework.boot.test.mock.mockito.MockitoContextCustomizer@0, org.springframework.boot.test.web.client.TestRestTemplateContextCustomizer@57ac5227, org.springframework.boot.test.web.reactor.netty.DisableReactorResourceFactoryGlobalResourcesContextCustomizerFactory$DisableReactorResourceFactoryGlobalResourcesContextCustomizerCustomizer@5644dc81, org.springframework.boot.test.autoconfigure.OnFailureConditionReportContextCustomizerFactory$OnFailureConditionReportContextCustomizer@4351c8c3, org.springframework.boot.test.autoconfigure.actuate.observability.ObservabilityContextCustomizerFactory$DisableObservabilityContextCustomizer@1f, org.springframework.boot.test.autoconfigure.properties.PropertyMappingContextCustomizer@0, org.springframework.boot.test.autoconfigure.web.servlet.WebDriverContextCustomizer@3e10dc6, org.springframework.test.context.support.DynamicPropertiesContextCustomizer@0, org.springframework.boot.test.context.SpringBootTestAnnotation@ee4cf76c], resourceBasePath = "src/main/webapp", contextLoader = org.springframework.boot.test.context.SpringBootContextLoader, parent = null], attributes = {"org.springframework.test.context.web.ServletTestExecutionListener.activateListener" -> true, "org.springframework.test.context.web.ServletTestExecutionListener.populatedRequestContextHolder" -> true, "org.springframework.test.context.web.ServletTestExecutionListener.resetRequestContextHolder" -> true, "org.springframework.test.context.event.ApplicationEventsTestExecutionListener.recordApplicationEvents" -> false}]]
2025-11-02 13:45:32 [main] DEBUG o.a.camel.spring.SpringCamelContext - onApplicationEvent: org.springframework.test.context.event.AfterTestExecutionEvent[source=[DefaultTestContext@5d3498e testClass = com.middleware.MiddlewareApplicationTests, testInstance = com.middleware.MiddlewareApplicationTests@4e5ad54b, testMethod = contextLoads(), testException = null, mergedContextConfiguration = [WebMergedContextConfiguration@72c8b9ff testClass = com.middleware.MiddlewareApplicationTests, locations = [], classes = [com.middleware.MiddlewareApplication], contextInitializerClasses = [], activeProfiles = [], propertySourceDescriptors = [], propertySourceProperties = ["org.springframework.boot.test.context.SpringBootTestContextBootstrapper=true"], contextCustomizers = [org.springframework.boot.test.context.filter.ExcludeFilterContextCustomizer@47a86fbb, org.springframework.boot.test.json.DuplicateJsonObjectContextCustomizerFactory$DuplicateJsonObjectContextCustomizer@4c4748bf, org.springframework.boot.test.mock.mockito.MockitoContextCustomizer@0, org.springframework.boot.test.web.client.TestRestTemplateContextCustomizer@57ac5227, org.springframework.boot.test.web.reactor.netty.DisableReactorResourceFactoryGlobalResourcesContextCustomizerFactory$DisableReactorResourceFactoryGlobalResourcesContextCustomizerCustomizer@5644dc81, org.springframework.boot.test.autoconfigure.OnFailureConditionReportContextCustomizerFactory$OnFailureConditionReportContextCustomizer@4351c8c3, org.springframework.boot.test.autoconfigure.actuate.observability.ObservabilityContextCustomizerFactory$DisableObservabilityContextCustomizer@1f, org.springframework.boot.test.autoconfigure.properties.PropertyMappingContextCustomizer@0, org.springframework.boot.test.autoconfigure.web.servlet.WebDriverContextCustomizer@3e10dc6, org.springframework.test.context.support.DynamicPropertiesContextCustomizer@0, org.springframework.boot.test.context.SpringBootTestAnnotation@ee4cf76c], resourceBasePath = "src/main/webapp", contextLoader = org.springframework.boot.test.context.SpringBootContextLoader, parent = null], attributes = {"org.springframework.test.context.web.ServletTestExecutionListener.activateListener" -> true, "org.springframework.test.context.web.ServletTestExecutionListener.populatedRequestContextHolder" -> true, "org.springframework.test.context.web.ServletTestExecutionListener.resetRequestContextHolder" -> true, "org.springframework.test.context.event.ApplicationEventsTestExecutionListener.recordApplicationEvents" -> false}]]
2025-11-02 13:45:32 [main] DEBUG o.a.camel.spring.SpringCamelContext - onApplicationEvent: org.springframework.test.context.event.AfterTestExecutionEvent[source=[DefaultTestContext@7d458a77 testClass = com.middleware.MiddlewareApplicationTests, testInstance = com.middleware.MiddlewareApplicationTests@7798f534, testMethod = contextLoads(), testException = null, mergedContextConfiguration = [WebMergedContextConfiguration@31ffe47c testClass = com.middleware.MiddlewareApplicationTests, locations = [], classes = [com.middleware.MiddlewareApplication], contextInitializerClasses = [], activeProfiles = [], propertySourceDescriptors = [], propertySourceProperties = ["org.springframework.boot.test.context.SpringBootTestContextBootstrapper=true"], contextCustomizers = [org.springframework.boot.test.context.filter.ExcludeFilterContextCustomizer@47a86fbb, org.springframework.boot.test.json.DuplicateJsonObjectContextCustomizerFactory$DuplicateJsonObjectContextCustomizer@4c4748bf, org.springframework.boot.test.mock.mockito.MockitoContextCustomizer@0, org.springframework.boot.test.web.client.TestRestTemplateContextCustomizer@57ac5227, org.springframework.boot.test.web.reactor.netty.DisableReactorResourceFactoryGlobalResourcesContextCustomizerFactory$DisableReactorResourceFactoryGlobalResourcesContextCustomizerCustomizer@5644dc81, org.springframework.boot.test.autoconfigure.OnFailureConditionReportContextCustomizerFactory$OnFailureConditionReportContextCustomizer@4351c8c3, org.springframework.boot.test.autoconfigure.actuate.observability.ObservabilityContextCustomizerFactory$DisableObservabilityContextCustomizer@1f, org.springframework.boot.test.autoconfigure.properties.PropertyMappingContextCustomizer@0, org.springframework.boot.test.autoconfigure.web.servlet.WebDriverContextCustomizer@3e10dc6, org.springframework.test.context.support.DynamicPropertiesContextCustomizer@0, org.springframework.boot.test.context.SpringBootTestAnnotation@ee4cf76c], resourceBasePath = "src/main/webapp", contextLoader = org.springframework.boot.test.context.SpringBootContextLoader, parent = null], attributes = {"org.springframework.test.context.web.ServletTestExecutionListener.activateListener" -> true, "org.springframework.test.context.web.ServletTestExecutionListener.populatedRequestContextHolder" -> true, "org.springframework.test.context.web.ServletTestExecutionListener.resetRequestContextHolder" -> true, "org.springframework.test.context.event.ApplicationEventsTestExecutionListener.recordApplicationEvents" -> false}]]
2025-11-02 13:45:32 [main] DEBUG o.a.camel.spring.SpringCamelContext - onApplicationEvent: org.springframework.test.context.event.AfterTestMethodEvent[source=[DefaultTestContext@5d3498e testClass = com.middleware.MiddlewareApplicationTests, testInstance = com.middleware.MiddlewareApplicationTests@4e5ad54b, testMethod = contextLoads(), testException = null, mergedContextConfiguration = [WebMergedContextConfiguration@72c8b9ff testClass = com.middleware.MiddlewareApplicationTests, locations = [], classes = [com.middleware.MiddlewareApplication], contextInitializerClasses = [], activeProfiles = [], propertySourceDescriptors = [], propertySourceProperties = ["org.springframework.boot.test.context.SpringBootTestContextBootstrapper=true"], contextCustomizers = [org.springframework.boot.test.context.filter.ExcludeFilterContextCustomizer@47a86fbb, org.springframework.boot.test.json.DuplicateJsonObjectContextCustomizerFactory$DuplicateJsonObjectContextCustomizer@4c4748bf, org.springframework.boot.test.mock.mockito.MockitoContextCustomizer@0, org.springframework.boot.test.web.client.TestRestTemplateContextCustomizer@57ac5227, org.springframework.boot.test.web.reactor.netty.DisableReactorResourceFactoryGlobalResourcesContextCustomizerFactory$DisableReactorResourceFactoryGlobalResourcesContextCustomizerCustomizer@5644dc81, org.springframework.boot.test.autoconfigure.OnFailureConditionReportContextCustomizerFactory$OnFailureConditionReportContextCustomizer@4351c8c3, org.springframework.boot.test.autoconfigure.actuate.observability.ObservabilityContextCustomizerFactory$DisableObservabilityContextCustomizer@1f, org.springframework.boot.test.autoconfigure.properties.PropertyMappingContextCustomizer@0, org.springframework.boot.test.autoconfigure.web.servlet.WebDriverContextCustomizer@3e10dc6, org.springframework.test.context.support.DynamicPropertiesContextCustomizer@0, org.springframework.boot.test.context.SpringBootTestAnnotation@ee4cf76c], resourceBasePath = "src/main/webapp", contextLoader = org.springframework.boot.test.context.SpringBootContextLoader, parent = null], attributes = {"org.springframework.test.context.web.ServletTestExecutionListener.activateListener" -> true, "org.springframework.test.context.web.ServletTestExecutionListener.populatedRequestContextHolder" -> true, "org.springframework.test.context.web.ServletTestExecutionListener.resetRequestContextHolder" -> true, "org.springframework.test.context.event.ApplicationEventsTestExecutionListener.recordApplicationEvents" -> false}]]
2025-11-02 13:45:32 [main] DEBUG o.a.camel.spring.SpringCamelContext - onApplicationEvent: org.springframework.test.context.event.AfterTestMethodEvent[source=[DefaultTestContext@7d458a77 testClass = com.middleware.MiddlewareApplicationTests, testInstance = com.middleware.MiddlewareApplicationTests@7798f534, testMethod = contextLoads(), testException = null, mergedContextConfiguration = [WebMergedContextConfiguration@31ffe47c testClass = com.middleware.MiddlewareApplicationTests, locations = [], classes = [com.middleware.MiddlewareApplication], contextInitializerClasses = [], activeProfiles = [], propertySourceDescriptors = [], propertySourceProperties = ["org.springframework.boot.test.context.SpringBootTestContextBootstrapper=true"], contextCustomizers = [org.springframework.boot.test.context.filter.ExcludeFilterContextCustomizer@47a86fbb, org.springframework.boot.test.json.DuplicateJsonObjectContextCustomizerFactory$DuplicateJsonObjectContextCustomizer@4c4748bf, org.springframework.boot.test.mock.mockito.MockitoContextCustomizer@0, org.springframework.boot.test.web.client.TestRestTemplateContextCustomizer@57ac5227, org.springframework.boot.test.web.reactor.netty.DisableReactorResourceFactoryGlobalResourcesContextCustomizerFactory$DisableReactorResourceFactoryGlobalResourcesContextCustomizerCustomizer@5644dc81, org.springframework.boot.test.autoconfigure.OnFailureConditionReportContextCustomizerFactory$OnFailureConditionReportContextCustomizer@4351c8c3, org.springframework.boot.test.autoconfigure.actuate.observability.ObservabilityContextCustomizerFactory$DisableObservabilityContextCustomizer@1f, org.springframework.boot.test.autoconfigure.properties.PropertyMappingContextCustomizer@0, org.springframework.boot.test.autoconfigure.web.servlet.WebDriverContextCustomizer@3e10dc6, org.springframework.test.context.support.DynamicPropertiesContextCustomizer@0, org.springframework.boot.test.context.SpringBootTestAnnotation@ee4cf76c], resourceBasePath = "src/main/webapp", contextLoader = org.springframework.boot.test.context.SpringBootContextLoader, parent = null], attributes = {"org.springframework.test.context.web.ServletTestExecutionListener.activateListener" -> true, "org.springframework.test.context.web.ServletTestExecutionListener.populatedRequestContextHolder" -> true, "org.springframework.test.context.web.ServletTestExecutionListener.resetRequestContextHolder" -> true, "org.springframework.test.context.event.ApplicationEventsTestExecutionListener.recordApplicationEvents" -> false}]]
2025-11-02 13:45:32 [main] DEBUG o.a.camel.spring.SpringCamelContext - onApplicationEvent: org.springframework.test.context.event.AfterTestClassEvent[source=[DefaultTestContext@5d3498e testClass = com.middleware.MiddlewareApplicationTests, testInstance = null, testMethod = null, testException = null, mergedContextConfiguration = [WebMergedContextConfiguration@72c8b9ff testClass = com.middleware.MiddlewareApplicationTests, locations = [], classes = [com.middleware.MiddlewareApplication], contextInitializerClasses = [], activeProfiles = [], propertySourceDescriptors = [], propertySourceProperties = ["org.springframework.boot.test.context.SpringBootTestContextBootstrapper=true"], contextCustomizers = [org.springframework.boot.test.context.filter.ExcludeFilterContextCustomizer@47a86fbb, org.springframework.boot.test.json.DuplicateJsonObjectContextCustomizerFactory$DuplicateJsonObjectContextCustomizer@4c4748bf, org.springframework.boot.test.mock.mockito.MockitoContextCustomizer@0, org.springframework.boot.test.web.client.TestRestTemplateContextCustomizer@57ac5227, org.springframework.boot.test.web.reactor.netty.DisableReactorResourceFactoryGlobalResourcesContextCustomizerFactory$DisableReactorResourceFactoryGlobalResourcesContextCustomizerCustomizer@5644dc81, org.springframework.boot.test.autoconfigure.OnFailureConditionReportContextCustomizerFactory$OnFailureConditionReportContextCustomizer@4351c8c3, org.springframework.boot.test.autoconfigure.actuate.observability.ObservabilityContextCustomizerFactory$DisableObservabilityContextCustomizer@1f, org.springframework.boot.test.autoconfigure.properties.PropertyMappingContextCustomizer@0, org.springframework.boot.test.autoconfigure.web.servlet.WebDriverContextCustomizer@3e10dc6, org.springframework.test.context.support.DynamicPropertiesContextCustomizer@0, org.springframework.boot.test.context.SpringBootTestAnnotation@ee4cf76c], resourceBasePath = "src/main/webapp", contextLoader = org.springframework.boot.test.context.SpringBootContextLoader, parent = null], attributes = {"org.springframework.test.context.web.ServletTestExecutionListener.activateListener" -> true, "org.springframework.test.context.event.ApplicationEventsTestExecutionListener.recordApplicationEvents" -> false, "org.springframework.test.context.support.DependencyInjectionTestExecutionListener.reinjectDependencies" -> true}]]
2025-11-02 13:45:32 [main] DEBUG o.a.camel.spring.SpringCamelContext - onApplicationEvent: org.springframework.test.context.event.AfterTestClassEvent[source=[DefaultTestContext@7d458a77 testClass = com.middleware.MiddlewareApplicationTests, testInstance = null, testMethod = null, testException = null, mergedContextConfiguration = [WebMergedContextConfiguration@31ffe47c testClass = com.middleware.MiddlewareApplicationTests, locations = [], classes = [com.middleware.MiddlewareApplication], contextInitializerClasses = [], activeProfiles = [], propertySourceDescriptors = [], propertySourceProperties = ["org.springframework.boot.test.context.SpringBootTestContextBootstrapper=true"], contextCustomizers = [org.springframework.boot.test.context.filter.ExcludeFilterContextCustomizer@47a86fbb, org.springframework.boot.test.json.DuplicateJsonObjectContextCustomizerFactory$DuplicateJsonObjectContextCustomizer@4c4748bf, org.springframework.boot.test.mock.mockito.MockitoContextCustomizer@0, org.springframework.boot.test.web.client.TestRestTemplateContextCustomizer@57ac5227, org.springframework.boot.test.web.reactor.netty.DisableReactorResourceFactoryGlobalResourcesContextCustomizerFactory$DisableReactorResourceFactoryGlobalResourcesContextCustomizerCustomizer@5644dc81, org.springframework.boot.test.autoconfigure.OnFailureConditionReportContextCustomizerFactory$OnFailureConditionReportContextCustomizer@4351c8c3, org.springframework.boot.test.autoconfigure.actuate.observability.ObservabilityContextCustomizerFactory$DisableObservabilityContextCustomizer@1f, org.springframework.boot.test.autoconfigure.properties.PropertyMappingContextCustomizer@0, org.springframework.boot.test.autoconfigure.web.servlet.WebDriverContextCustomizer@3e10dc6, org.springframework.test.context.support.DynamicPropertiesContextCustomizer@0, org.springframework.boot.test.context.SpringBootTestAnnotation@ee4cf76c], resourceBasePath = "src/main/webapp", contextLoader = org.springframework.boot.test.context.SpringBootContextLoader, parent = null], attributes = {"org.springframework.test.context.web.ServletTestExecutionListener.activateListener" -> true, "org.springframework.test.context.event.ApplicationEventsTestExecutionListener.recordApplicationEvents" -> false, "org.springframework.test.context.support.DependencyInjectionTestExecutionListener.reinjectDependencies" -> true}]]
2025-11-02 13:45:32 [SpringApplicationShutdownHook] DEBUG o.s.w.c.s.GenericWebApplicationContext - Closing org.springframework.web.context.support.GenericWebApplicationContext@35dd9ed3, started on Sun Nov 02 13:45:11 EET 2025
2025-11-02 13:45:32 [SpringApplicationShutdownHook] DEBUG o.a.camel.spring.SpringCamelContext - onApplicationEvent: org.springframework.context.event.ContextClosedEvent[source=org.springframework.web.context.support.GenericWebApplicationContext@35dd9ed3, started on Sun Nov 02 13:45:11 EET 2025]
2025-11-02 13:45:32 [SpringApplicationShutdownHook] INFO  org.quartz.core.QuartzScheduler - Scheduler quartzScheduler_$_NON_CLUSTERED paused.
2025-11-02 13:45:32 [SpringApplicationShutdownHook] DEBUG o.s.w.c.s.GenericWebApplicationContext - Closing org.springframework.web.context.support.GenericWebApplicationContext@363f0ba0, started on Sun Nov 02 13:45:11 EET 2025
2025-11-02 13:45:32 [SpringApplicationShutdownHook] INFO  o.a.c.i.engine.AbstractCamelContext - Apache Camel 4.4.0 (camel-1) is shutting down (timeout:45s)
2025-11-02 13:45:32 [SpringApplicationShutdownHook] DEBUG o.a.camel.spring.SpringCamelContext - onApplicationEvent: org.springframework.context.event.ContextClosedEvent[source=org.springframework.web.context.support.GenericWebApplicationContext@363f0ba0, started on Sun Nov 02 13:45:11 EET 2025]
2025-11-02 13:45:32 [SpringApplicationShutdownHook] DEBUG o.a.c.i.e.DefaultShutdownStrategy - Starting to graceful shutdown 8 routes (timeout 45 seconds)
2025-11-02 13:45:32 [SpringApplicationShutdownHook] DEBUG o.a.c.i.e.BaseExecutorServiceManager - Created new ThreadPool for source: org.apache.camel.impl.engine.DefaultShutdownStrategy@6c667148 with name: ShutdownTask. -> org.apache.camel.util.concurrent.RejectableThreadPoolExecutor@3165a197[Running, pool size = 0, active threads = 0, queued tasks = 0, completed tasks = 0][ShutdownTask]
2025-11-02 13:45:32 [SpringApplicationShutdownHook] INFO  org.quartz.core.QuartzScheduler - Scheduler quartzScheduler_$_NON_CLUSTERED paused.
2025-11-02 13:45:32 [SpringApplicationShutdownHook] INFO  o.a.c.i.engine.AbstractCamelContext - Apache Camel 4.4.0 (camel-1) is shutting down (timeout:45s)
2025-11-02 13:45:32 [SpringApplicationShutdownHook] DEBUG o.a.c.i.e.DefaultShutdownStrategy - Starting to graceful shutdown 8 routes (timeout 45 seconds)
2025-11-02 13:45:32 [SpringApplicationShutdownHook] DEBUG o.a.c.i.e.BaseExecutorServiceManager - Created new ThreadPool for source: org.apache.camel.impl.engine.DefaultShutdownStrategy@5a7f814e with name: ShutdownTask. -> org.apache.camel.util.concurrent.RejectableThreadPoolExecutor@1d8ce208[Running, pool size = 0, active threads = 0, queued tasks = 0, completed tasks = 0][ShutdownTask]
2025-11-02 13:45:32 [Camel (camel-1) thread #1 - ShutdownTask] DEBUG o.a.c.i.e.DefaultShutdownStrategy - There are 8 routes to shutdown
2025-11-02 13:45:32 [Camel (camel-1) thread #1 - ShutdownTask] DEBUG o.a.c.i.e.DefaultShutdownStrategy - Route: dhis2-upload-csv-sync-raw-only suspended and shutdown deferred, was consuming from: servlet:/external/integrate
2025-11-02 13:45:32 [Camel (camel-1) thread #1 - ShutdownTask] DEBUG o.a.c.i.e.DefaultShutdownStrategy - Route: dhis2-upload-csv suspended and shutdown deferred, was consuming from: servlet:/v1/datasets
2025-11-02 13:45:32 [Camel (camel-1) thread #1 - ShutdownTask] DEBUG o.a.c.i.e.DefaultShutdownStrategy - Route: integration-mapping-tes suspended and shutdown deferred, was consuming from: rest://get:/healthmap22
2025-11-02 13:45:32 [Camel (camel-1) thread #1 - ShutdownTask] DEBUG o.a.c.i.e.DefaultShutdownStrategy - Route: my-new-route suspended and shutdown deferred, was consuming from: rest://post:/api/hello
2025-11-02 13:45:32 [Camel (camel-1) thread #1 - ShutdownTask] DEBUG o.a.c.i.e.DefaultShutdownStrategy - Route: attr-mapping suspended and shutdown deferred, was consuming from: rest://get:/attr
2025-11-02 13:45:32 [Camel (camel-1) thread #1 - ShutdownTask] DEBUG o.a.c.i.e.DefaultShutdownStrategy - Route: TESTscheled suspended and shutdown deferred, was consuming from: rest://post:/api/TESTscheled
2025-11-02 13:45:32 [Camel (camel-1) thread #1 - ShutdownTask] DEBUG o.a.c.i.e.DefaultShutdownStrategy - Route: HealthCenter-mapping suspended and shutdown deferred, was consuming from: rest://get:/HealthCenter
2025-11-02 13:45:32 [Camel (camel-1) thread #1 - ShutdownTask] DEBUG o.a.c.i.e.DefaultShutdownStrategy - Route: integration-mapping-test suspended and shutdown deferred, was consuming from: rest://get:/healthmap2
2025-11-02 13:45:32 [Camel (camel-1) thread #1 - ShutdownTask] DEBUG o.a.c.h.common.DefaultHttpRegistry - Unregistering consumer for path /external/integrate
2025-11-02 13:45:32 [Camel (camel-1) thread #1 - ShutdownTask] DEBUG o.a.camel.support.DefaultConsumer - Stopping consumer: Consumer[servlet:/external/integrate?httpMethodRestrict=POST]
2025-11-02 13:45:32 [Camel (camel-1) thread #1 - ShutdownTask] DEBUG o.a.camel.support.DefaultProducer - Stopping producer: Producer[hakeem://default]
2025-11-02 13:45:32 [Camel (camel-1) thread #1 - ShutdownTask] DEBUG o.a.c.i.e.DefaultShutdownStrategy - Route: dhis2-upload-csv-sync-raw-only shutdown complete, was consuming from: servlet:/external/integrate
2025-11-02 13:45:32 [Camel (camel-1) thread #1 - ShutdownTask] DEBUG o.a.c.h.common.DefaultHttpRegistry - Unregistering consumer for path /v1/datasets
2025-11-02 13:45:32 [Camel (camel-1) thread #1 - ShutdownTask] DEBUG o.a.camel.support.DefaultConsumer - Stopping consumer: Consumer[servlet:/v1/datasets?httpMethodRestrict=POST]
2025-11-02 13:45:32 [Camel (camel-1) thread #1 - ShutdownTask] DEBUG o.a.camel.support.DefaultProducer - Stopping producer: Producer[integratedSystem://null?code=DHIS2.2]
2025-11-02 13:45:32 [Camel (camel-1) thread #1 - ShutdownTask] DEBUG o.a.c.i.e.DefaultShutdownStrategy - Route: dhis2-upload-csv shutdown complete, was consuming from: servlet:/v1/datasets
2025-11-02 13:45:32 [Camel (camel-1) thread #1 - ShutdownTask] DEBUG o.a.c.h.common.DefaultHttpRegistry - Unregistering consumer for path /healthmap22
2025-11-02 13:45:32 [Camel (camel-1) thread #1 - ShutdownTask] DEBUG o.a.camel.support.DefaultConsumer - Stopping consumer: Consumer[servlet:/healthmap22?httpMethodRestrict=GET]
2025-11-02 13:45:32 [Camel (camel-1) thread #1 - ShutdownTask] DEBUG o.a.camel.support.DefaultProducer - Stopping producer: Producer[integrationmapping://default]
2025-11-02 13:45:32 [Camel (camel-1) thread #1 - ShutdownTask] DEBUG o.a.c.i.e.DefaultShutdownStrategy - Route: integration-mapping-tes shutdown complete, was consuming from: rest://get:/healthmap22
2025-11-02 13:45:32 [Camel (camel-1) thread #1 - ShutdownTask] DEBUG o.a.c.h.common.DefaultHttpRegistry - Unregistering consumer for path /api/hello
2025-11-02 13:45:32 [Camel (camel-1) thread #1 - ShutdownTask] DEBUG o.a.camel.support.DefaultConsumer - Stopping consumer: Consumer[servlet:/api/hello?httpMethodRestrict=POST]
2025-11-02 13:45:32 [Camel (camel-1) thread #1 - ShutdownTask] DEBUG o.a.camel.support.DefaultProducer - Stopping producer: Producer[log://output]
2025-11-02 13:45:32 [Camel (camel-1) thread #1 - ShutdownTask] DEBUG o.a.c.i.e.DefaultShutdownStrategy - Route: my-new-route shutdown complete, was consuming from: rest://post:/api/hello
2025-11-02 13:45:32 [Camel (camel-1) thread #1 - ShutdownTask] DEBUG o.a.c.h.common.DefaultHttpRegistry - Unregistering consumer for path /attr
2025-11-02 13:45:32 [Camel (camel-1) thread #1 - ShutdownTask] DEBUG o.a.camel.support.DefaultConsumer - Stopping consumer: Consumer[servlet:/attr?httpMethodRestrict=GET]
2025-11-02 13:45:32 [Camel (camel-1) thread #1 - ShutdownTask] DEBUG o.a.camel.support.DefaultProducer - Stopping producer: Producer[integrationmapping://null?code=default]
2025-11-02 13:45:32 [Camel (camel-1) thread #1 - ShutdownTask] DEBUG o.a.c.i.e.DefaultShutdownStrategy - Route: attr-mapping shutdown complete, was consuming from: rest://get:/attr
2025-11-02 13:45:32 [Camel (camel-1) thread #1 - ShutdownTask] DEBUG o.a.c.h.common.DefaultHttpRegistry - Unregistering consumer for path /api/TESTscheled
2025-11-02 13:45:32 [Camel (camel-1) thread #1 - ShutdownTask] DEBUG o.a.camel.support.DefaultConsumer - Stopping consumer: Consumer[servlet:/api/TESTscheled?httpMethodRestrict=POST]
2025-11-02 13:45:32 [Camel (camel-1) thread #1 - ShutdownTask] DEBUG o.a.camel.support.DefaultProducer - Stopping producer: Producer[log://output]
2025-11-02 13:45:32 [Camel (camel-1) thread #1 - ShutdownTask] DEBUG o.a.c.i.e.DefaultShutdownStrategy - Route: TESTscheled shutdown complete, was consuming from: rest://post:/api/TESTscheled
2025-11-02 13:45:32 [Camel (camel-1) thread #1 - ShutdownTask] DEBUG o.a.c.h.common.DefaultHttpRegistry - Unregistering consumer for path /HealthCenter
2025-11-02 13:45:32 [Camel (camel-1) thread #1 - ShutdownTask] DEBUG o.a.camel.support.DefaultConsumer - Stopping consumer: Consumer[servlet:/HealthCenter?httpMethodRestrict=GET]
2025-11-02 13:45:32 [Camel (camel-1) thread #1 - ShutdownTask] DEBUG o.a.camel.support.DefaultProducer - Stopping producer: Producer[integrationmapping://null?code=default]
2025-11-02 13:45:32 [Camel (camel-1) thread #1 - ShutdownTask] DEBUG o.a.c.i.e.DefaultShutdownStrategy - Route: HealthCenter-mapping shutdown complete, was consuming from: rest://get:/HealthCenter
2025-11-02 13:45:32 [Camel (camel-1) thread #1 - ShutdownTask] DEBUG o.a.c.h.common.DefaultHttpRegistry - Unregistering consumer for path /healthmap2
2025-11-02 13:45:32 [Camel (camel-1) thread #1 - ShutdownTask] DEBUG o.a.camel.support.DefaultConsumer - Stopping consumer: Consumer[servlet:/healthmap2?httpMethodRestrict=GET]
2025-11-02 13:45:32 [Camel (camel-1) thread #1 - ShutdownTask] DEBUG o.a.camel.support.DefaultProducer - Stopping producer: Producer[integrationmapping://null?code=default]
2025-11-02 13:45:32 [Camel (camel-1) thread #1 - ShutdownTask] DEBUG o.a.c.i.e.DefaultShutdownStrategy - Route: integration-mapping-test shutdown complete, was consuming from: rest://get:/healthmap2
2025-11-02 13:45:32 [Camel (camel-1) thread #1 - ShutdownTask] DEBUG o.a.c.i.e.DefaultShutdownStrategy - There are 8 routes to shutdown
2025-11-02 13:45:32 [SpringApplicationShutdownHook] DEBUG o.a.c.i.e.DefaultShutdownStrategy - Graceful shutdown of 8 routes completed in 9ms
2025-11-02 13:45:32 [SpringApplicationShutdownHook] DEBUG o.a.c.i.e.DefaultAsyncProcessorAwaitManager - Shutting down with no inflight threads.
2025-11-02 13:45:32 [Camel (camel-1) thread #1 - ShutdownTask] DEBUG o.a.c.i.e.DefaultShutdownStrategy - Route: dhis2-upload-csv-sync-raw-only suspended and shutdown deferred, was consuming from: servlet:/external/integrate
2025-11-02 13:45:32 [Camel (camel-1) thread #1 - ShutdownTask] DEBUG o.a.c.i.e.DefaultShutdownStrategy - Route: dhis2-upload-csv suspended and shutdown deferred, was consuming from: servlet:/v1/datasets
2025-11-02 13:45:32 [Camel (camel-1) thread #1 - ShutdownTask] DEBUG o.a.c.i.e.DefaultShutdownStrategy - Route: integration-mapping-tes suspended and shutdown deferred, was consuming from: rest://get:/healthmap22
2025-11-02 13:45:32 [SpringApplicationShutdownHook] DEBUG o.a.camel.support.DefaultConsumer - Shutting down consumer: Consumer[servlet:/external/integrate?httpMethodRestrict=POST]
2025-11-02 13:45:32 [Camel (camel-1) thread #1 - ShutdownTask] DEBUG o.a.c.i.e.DefaultShutdownStrategy - Route: my-new-route suspended and shutdown deferred, was consuming from: rest://post:/api/hello
2025-11-02 13:45:32 [Camel (camel-1) thread #1 - ShutdownTask] DEBUG o.a.c.i.e.DefaultShutdownStrategy - Route: attr-mapping suspended and shutdown deferred, was consuming from: rest://get:/attr
2025-11-02 13:45:32 [Camel (camel-1) thread #1 - ShutdownTask] DEBUG o.a.c.i.e.DefaultShutdownStrategy - Route: TESTscheled suspended and shutdown deferred, was consuming from: rest://post:/api/TESTscheled
2025-11-02 13:45:32 [Camel (camel-1) thread #1 - ShutdownTask] DEBUG o.a.c.i.e.DefaultShutdownStrategy - Route: HealthCenter-mapping suspended and shutdown deferred, was consuming from: rest://get:/HealthCenter
2025-11-02 13:45:32 [Camel (camel-1) thread #1 - ShutdownTask] DEBUG o.a.c.i.e.DefaultShutdownStrategy - Route: integration-mapping-test suspended and shutdown deferred, was consuming from: rest://get:/healthmap2
2025-11-02 13:45:32 [Camel (camel-1) thread #1 - ShutdownTask] DEBUG o.a.c.h.common.DefaultHttpRegistry - Unregistering consumer for path /external/integrate
2025-11-02 13:45:32 [Camel (camel-1) thread #1 - ShutdownTask] DEBUG o.a.camel.support.DefaultConsumer - Stopping consumer: Consumer[servlet:/external/integrate?httpMethodRestrict=POST]
2025-11-02 13:45:32 [Camel (camel-1) thread #1 - ShutdownTask] DEBUG o.a.camel.support.DefaultProducer - Stopping producer: Producer[hakeem://default]
2025-11-02 13:45:32 [Camel (camel-1) thread #1 - ShutdownTask] DEBUG o.a.c.i.e.DefaultShutdownStrategy - Route: dhis2-upload-csv-sync-raw-only shutdown complete, was consuming from: servlet:/external/integrate
2025-11-02 13:45:32 [Camel (camel-1) thread #1 - ShutdownTask] DEBUG o.a.c.h.common.DefaultHttpRegistry - Unregistering consumer for path /v1/datasets
2025-11-02 13:45:32 [Camel (camel-1) thread #1 - ShutdownTask] DEBUG o.a.camel.support.DefaultConsumer - Stopping consumer: Consumer[servlet:/v1/datasets?httpMethodRestrict=POST]
2025-11-02 13:45:32 [SpringApplicationShutdownHook] DEBUG o.a.camel.support.DefaultConsumer - Shutting down consumer: Consumer[servlet:/v1/datasets?httpMethodRestrict=POST]
2025-11-02 13:45:32 [Camel (camel-1) thread #1 - ShutdownTask] DEBUG o.a.camel.support.DefaultProducer - Stopping producer: Producer[integratedSystem://null?code=DHIS2.2]
2025-11-02 13:45:32 [Camel (camel-1) thread #1 - ShutdownTask] DEBUG o.a.c.i.e.DefaultShutdownStrategy - Route: dhis2-upload-csv shutdown complete, was consuming from: servlet:/v1/datasets
2025-11-02 13:45:32 [Camel (camel-1) thread #1 - ShutdownTask] DEBUG o.a.c.h.common.DefaultHttpRegistry - Unregistering consumer for path /healthmap22
2025-11-02 13:45:32 [Camel (camel-1) thread #1 - ShutdownTask] DEBUG o.a.camel.support.DefaultConsumer - Stopping consumer: Consumer[servlet:/healthmap22?httpMethodRestrict=GET]
2025-11-02 13:45:32 [SpringApplicationShutdownHook] DEBUG o.a.camel.support.DefaultConsumer - Shutting down consumer: Consumer[servlet:/healthmap22?httpMethodRestrict=GET]
2025-11-02 13:45:32 [Camel (camel-1) thread #1 - ShutdownTask] DEBUG o.a.camel.support.DefaultProducer - Stopping producer: Producer[integrationmapping://default]
2025-11-02 13:45:32 [Camel (camel-1) thread #1 - ShutdownTask] DEBUG o.a.c.i.e.DefaultShutdownStrategy - Route: integration-mapping-tes shutdown complete, was consuming from: rest://get:/healthmap22
2025-11-02 13:45:32 [Camel (camel-1) thread #1 - ShutdownTask] DEBUG o.a.c.h.common.DefaultHttpRegistry - Unregistering consumer for path /api/hello
2025-11-02 13:45:32 [Camel (camel-1) thread #1 - ShutdownTask] DEBUG o.a.camel.support.DefaultConsumer - Stopping consumer: Consumer[servlet:/api/hello?httpMethodRestrict=POST]
2025-11-02 13:45:32 [Camel (camel-1) thread #1 - ShutdownTask] DEBUG o.a.camel.support.DefaultProducer - Stopping producer: Producer[log://output]
2025-11-02 13:45:32 [Camel (camel-1) thread #1 - ShutdownTask] DEBUG o.a.c.i.e.DefaultShutdownStrategy - Route: my-new-route shutdown complete, was consuming from: rest://post:/api/hello
2025-11-02 13:45:32 [Camel (camel-1) thread #1 - ShutdownTask] DEBUG o.a.c.h.common.DefaultHttpRegistry - Unregistering consumer for path /attr
2025-11-02 13:45:32 [Camel (camel-1) thread #1 - ShutdownTask] DEBUG o.a.camel.support.DefaultConsumer - Stopping consumer: Consumer[servlet:/attr?httpMethodRestrict=GET]
2025-11-02 13:45:32 [Camel (camel-1) thread #1 - ShutdownTask] DEBUG o.a.camel.support.DefaultProducer - Stopping producer: Producer[integrationmapping://null?code=default]
2025-11-02 13:45:32 [SpringApplicationShutdownHook] DEBUG o.a.camel.support.DefaultConsumer - Shutting down consumer: Consumer[servlet:/api/hello?httpMethodRestrict=POST]
2025-11-02 13:45:32 [Camel (camel-1) thread #1 - ShutdownTask] DEBUG o.a.c.i.e.DefaultShutdownStrategy - Route: attr-mapping shutdown complete, was consuming from: rest://get:/attr
2025-11-02 13:45:32 [Camel (camel-1) thread #1 - ShutdownTask] DEBUG o.a.c.h.common.DefaultHttpRegistry - Unregistering consumer for path /api/TESTscheled
2025-11-02 13:45:32 [Camel (camel-1) thread #1 - ShutdownTask] DEBUG o.a.camel.support.DefaultConsumer - Stopping consumer: Consumer[servlet:/api/TESTscheled?httpMethodRestrict=POST]
2025-11-02 13:45:32 [SpringApplicationShutdownHook] DEBUG o.a.camel.support.DefaultConsumer - Shutting down consumer: Consumer[servlet:/attr?httpMethodRestrict=GET]
2025-11-02 13:45:32 [Camel (camel-1) thread #1 - ShutdownTask] DEBUG o.a.camel.support.DefaultProducer - Stopping producer: Producer[log://output]
2025-11-02 13:45:32 [Camel (camel-1) thread #1 - ShutdownTask] DEBUG o.a.c.i.e.DefaultShutdownStrategy - Route: TESTscheled shutdown complete, was consuming from: rest://post:/api/TESTscheled
2025-11-02 13:45:32 [Camel (camel-1) thread #1 - ShutdownTask] DEBUG o.a.c.h.common.DefaultHttpRegistry - Unregistering consumer for path /HealthCenter
2025-11-02 13:45:32 [Camel (camel-1) thread #1 - ShutdownTask] DEBUG o.a.camel.support.DefaultConsumer - Stopping consumer: Consumer[servlet:/HealthCenter?httpMethodRestrict=GET]
2025-11-02 13:45:32 [Camel (camel-1) thread #1 - ShutdownTask] DEBUG o.a.camel.support.DefaultProducer - Stopping producer: Producer[integrationmapping://null?code=default]
2025-11-02 13:45:32 [SpringApplicationShutdownHook] DEBUG o.a.camel.support.DefaultConsumer - Shutting down consumer: Consumer[servlet:/api/TESTscheled?httpMethodRestrict=POST]
2025-11-02 13:45:32 [Camel (camel-1) thread #1 - ShutdownTask] DEBUG o.a.c.i.e.DefaultShutdownStrategy - Route: HealthCenter-mapping shutdown complete, was consuming from: rest://get:/HealthCenter
2025-11-02 13:45:32 [Camel (camel-1) thread #1 - ShutdownTask] DEBUG o.a.c.h.common.DefaultHttpRegistry - Unregistering consumer for path /healthmap2
2025-11-02 13:45:32 [Camel (camel-1) thread #1 - ShutdownTask] DEBUG o.a.camel.support.DefaultConsumer - Stopping consumer: Consumer[servlet:/healthmap2?httpMethodRestrict=GET]
2025-11-02 13:45:32 [Camel (camel-1) thread #1 - ShutdownTask] DEBUG o.a.camel.support.DefaultProducer - Stopping producer: Producer[integrationmapping://null?code=default]
2025-11-02 13:45:32 [Camel (camel-1) thread #1 - ShutdownTask] DEBUG o.a.c.i.e.DefaultShutdownStrategy - Route: integration-mapping-test shutdown complete, was consuming from: rest://get:/healthmap2
2025-11-02 13:45:32 [SpringApplicationShutdownHook] DEBUG o.a.camel.support.DefaultConsumer - Shutting down consumer: Consumer[servlet:/HealthCenter?httpMethodRestrict=GET]
2025-11-02 13:45:32 [SpringApplicationShutdownHook] DEBUG o.a.camel.support.DefaultConsumer - Shutting down consumer: Consumer[servlet:/healthmap2?httpMethodRestrict=GET]
2025-11-02 13:45:32 [SpringApplicationShutdownHook] DEBUG o.a.c.i.e.DefaultShutdownStrategy - Graceful shutdown of 8 routes completed in 9ms
2025-11-02 13:45:32 [SpringApplicationShutdownHook] DEBUG o.a.c.i.e.DefaultAsyncProcessorAwaitManager - Shutting down with no inflight threads.
2025-11-02 13:45:32 [SpringApplicationShutdownHook] INFO  o.a.c.i.engine.AbstractCamelContext - Routes stopped (stopped:8)
2025-11-02 13:45:32 [SpringApplicationShutdownHook] INFO  o.a.c.i.engine.AbstractCamelContext -     Stopped dhis2-upload-csv-sync-raw-only (servlet:/external/integrate)
2025-11-02 13:45:32 [SpringApplicationShutdownHook] INFO  o.a.c.i.engine.AbstractCamelContext -     Stopped dhis2-upload-csv (servlet:/v1/datasets)
2025-11-02 13:45:32 [SpringApplicationShutdownHook] INFO  o.a.c.i.engine.AbstractCamelContext -     Stopped integration-mapping-tes (rest://get:/healthmap22)
2025-11-02 13:45:32 [SpringApplicationShutdownHook] INFO  o.a.c.i.engine.AbstractCamelContext -     Stopped my-new-route (rest://post:/api/hello)
2025-11-02 13:45:32 [SpringApplicationShutdownHook] INFO  o.a.c.i.engine.AbstractCamelContext -     Stopped attr-mapping (rest://get:/attr)
2025-11-02 13:45:32 [SpringApplicationShutdownHook] INFO  o.a.c.i.engine.AbstractCamelContext -     Stopped TESTscheled (rest://post:/api/TESTscheled)
2025-11-02 13:45:32 [SpringApplicationShutdownHook] INFO  o.a.c.i.engine.AbstractCamelContext -     Stopped HealthCenter-mapping (rest://get:/HealthCenter)
2025-11-02 13:45:32 [SpringApplicationShutdownHook] INFO  o.a.c.i.engine.AbstractCamelContext -     Stopped integration-mapping-test (rest://get:/healthmap2)
2025-11-02 13:45:32 [SpringApplicationShutdownHook] DEBUG o.a.c.i.e.BaseExecutorServiceManager - Forcing shutdown of ExecutorService: org.apache.camel.util.concurrent.SizedScheduledExecutorService@2d34a88a[ErrorHandlerRedeliveryTask]
2025-11-02 13:45:32 [SpringApplicationShutdownHook] DEBUG o.a.camel.support.DefaultConsumer - Shutting down consumer: Consumer[servlet:/external/integrate?httpMethodRestrict=POST]
2025-11-02 13:45:32 [SpringApplicationShutdownHook] DEBUG o.a.camel.support.DefaultConsumer - Shutting down consumer: Consumer[servlet:/v1/datasets?httpMethodRestrict=POST]
2025-11-02 13:45:32 [SpringApplicationShutdownHook] DEBUG o.a.camel.support.DefaultConsumer - Shutting down consumer: Consumer[servlet:/healthmap22?httpMethodRestrict=GET]
2025-11-02 13:45:32 [SpringApplicationShutdownHook] DEBUG o.a.camel.support.DefaultConsumer - Shutting down consumer: Consumer[servlet:/api/hello?httpMethodRestrict=POST]
2025-11-02 13:45:32 [SpringApplicationShutdownHook] DEBUG o.a.camel.support.DefaultConsumer - Shutting down consumer: Consumer[servlet:/attr?httpMethodRestrict=GET]
2025-11-02 13:45:32 [SpringApplicationShutdownHook] DEBUG o.a.camel.support.DefaultConsumer - Shutting down consumer: Consumer[servlet:/api/TESTscheled?httpMethodRestrict=POST]
2025-11-02 13:45:32 [SpringApplicationShutdownHook] DEBUG o.a.camel.support.DefaultConsumer - Shutting down consumer: Consumer[servlet:/HealthCenter?httpMethodRestrict=GET]
2025-11-02 13:45:32 [SpringApplicationShutdownHook] DEBUG o.a.camel.support.DefaultConsumer - Shutting down consumer: Consumer[servlet:/healthmap2?httpMethodRestrict=GET]
2025-11-02 13:45:32 [SpringApplicationShutdownHook] DEBUG o.a.c.i.e.DefaultInflightRepository - Shutting down with no inflight exchanges.
2025-11-02 13:45:32 [SpringApplicationShutdownHook] INFO  o.a.c.i.engine.AbstractCamelContext - Routes stopped (stopped:8)
2025-11-02 13:45:32 [SpringApplicationShutdownHook] INFO  o.a.c.i.engine.AbstractCamelContext -     Stopped dhis2-upload-csv-sync-raw-only (servlet:/external/integrate)
2025-11-02 13:45:32 [SpringApplicationShutdownHook] INFO  o.a.c.i.engine.AbstractCamelContext -     Stopped dhis2-upload-csv (servlet:/v1/datasets)
2025-11-02 13:45:32 [SpringApplicationShutdownHook] INFO  o.a.c.i.engine.AbstractCamelContext -     Stopped integration-mapping-tes (rest://get:/healthmap22)
2025-11-02 13:45:32 [SpringApplicationShutdownHook] INFO  o.a.c.i.engine.AbstractCamelContext -     Stopped my-new-route (rest://post:/api/hello)
2025-11-02 13:45:32 [SpringApplicationShutdownHook] INFO  o.a.c.i.engine.AbstractCamelContext -     Stopped attr-mapping (rest://get:/attr)
2025-11-02 13:45:32 [SpringApplicationShutdownHook] INFO  o.a.c.i.engine.AbstractCamelContext -     Stopped TESTscheled (rest://post:/api/TESTscheled)
2025-11-02 13:45:32 [SpringApplicationShutdownHook] INFO  o.a.c.i.engine.AbstractCamelContext -     Stopped HealthCenter-mapping (rest://get:/HealthCenter)
2025-11-02 13:45:32 [SpringApplicationShutdownHook] INFO  o.a.c.i.engine.AbstractCamelContext -     Stopped integration-mapping-test (rest://get:/healthmap2)
2025-11-02 13:45:32 [SpringApplicationShutdownHook] DEBUG o.a.c.i.e.BaseExecutorServiceManager - Forcing shutdown of ExecutorService: org.apache.camel.util.concurrent.SizedScheduledExecutorService@3b92dd48[ErrorHandlerRedeliveryTask]
2025-11-02 13:45:32 [SpringApplicationShutdownHook] DEBUG o.a.c.i.e.BaseExecutorServiceManager - Forcing shutdown of ExecutorService: org.apache.camel.util.concurrent.RejectableThreadPoolExecutor@3165a197[Running, pool size = 1, active threads = 0, queued tasks = 0, completed tasks = 1][ShutdownTask]
2025-11-02 13:45:32 [SpringApplicationShutdownHook] DEBUG o.a.c.i.e.DefaultBeanIntrospection - Stopping BeanIntrospection which was invoked: 14 times
2025-11-02 13:45:32 [SpringApplicationShutdownHook] DEBUG o.a.c.i.e.DefaultInflightRepository - Shutting down with no inflight exchanges.
2025-11-02 13:45:32 [SpringApplicationShutdownHook] DEBUG o.a.c.i.e.BaseExecutorServiceManager - Forcing shutdown of ExecutorService: org.apache.camel.util.concurrent.RejectableThreadPoolExecutor@1d8ce208[Running, pool size = 1, active threads = 0, queued tasks = 0, completed tasks = 1][ShutdownTask]
2025-11-02 13:45:32 [SpringApplicationShutdownHook] DEBUG o.a.c.i.e.DefaultBeanIntrospection - Stopping BeanIntrospection which was invoked: 14 times
2025-11-02 13:45:32 [SpringApplicationShutdownHook] INFO  o.a.c.i.engine.AbstractCamelContext - Apache Camel 4.4.0 (camel-1) shutdown in 21ms (uptime:1s)
2025-11-02 13:45:32 [SpringApplicationShutdownHook] INFO  o.a.c.i.engine.AbstractCamelContext - Apache Camel 4.4.0 (camel-1) shutdown in 18ms (uptime:1s)
2025-11-02 13:45:32 [SpringApplicationShutdownHook] DEBUG o.a.c.m.SimpleMainShutdownStrategy - Shutdown called
2025-11-02 13:45:32 [SpringApplicationShutdownHook] DEBUG o.a.c.m.SimpleMainShutdownStrategy - Shutdown called
2025-11-02 13:45:32 [SpringApplicationShutdownHook] INFO  org.quartz.core.QuartzScheduler - Scheduler quartzScheduler_$_NON_CLUSTERED shutting down.
2025-11-02 13:45:32 [SpringApplicationShutdownHook] INFO  org.quartz.core.QuartzScheduler - Scheduler quartzScheduler_$_NON_CLUSTERED paused.
2025-11-02 13:45:32 [SpringApplicationShutdownHook] INFO  org.quartz.core.QuartzScheduler - Scheduler quartzScheduler_$_NON_CLUSTERED shutdown complete.
2025-11-02 13:45:32 [SpringApplicationShutdownHook] INFO  org.quartz.core.QuartzScheduler - Scheduler quartzScheduler_$_NON_CLUSTERED shutting down.
2025-11-02 13:45:32 [SpringApplicationShutdownHook] INFO  org.quartz.core.QuartzScheduler - Scheduler quartzScheduler_$_NON_CLUSTERED paused.
2025-11-02 13:45:32 [SpringApplicationShutdownHook] INFO  org.quartz.core.QuartzScheduler - Scheduler quartzScheduler_$_NON_CLUSTERED shutdown complete.
2025-11-02 15:56:09 [background-preinit] INFO  o.h.validator.internal.util.Version - HV000001: Hibernate Validator 8.0.2.Final
2025-11-02 15:56:09 [main] INFO  c.middleware.MiddlewareApplication - Starting MiddlewareApplication using Java 23-valhalla with PID 13800 (C:\Users\omard\Desktop\Work\back-end - Copy\target\classes started by omard in C:\Users\omard\Desktop\Work\back-end - Copy)
2025-11-02 15:56:09 [main] INFO  c.middleware.MiddlewareApplication - No active profile set, falling back to 1 default profile: "default"
2025-11-02 15:56:22 [main] INFO  o.a.coyote.http11.Http11NioProtocol - Initializing ProtocolHandler ["http-nio-8081"]
2025-11-02 15:56:22 [main] INFO  o.a.catalina.core.StandardService - Starting service [Tomcat]
2025-11-02 15:56:22 [main] INFO  o.a.catalina.core.StandardEngine - Starting Servlet engine: [Apache Tomcat/10.1.39]
2025-11-02 15:56:22 [main] INFO  o.a.c.c.C.[Tomcat].[localhost].[/] - Initializing Spring embedded WebApplicationContext
2025-11-02 15:56:24 [main] INFO  o.h.jpa.internal.util.LogHelper - HHH000204: Processing PersistenceUnitInfo [name: default]
2025-11-02 15:56:24 [main] INFO  org.hibernate.Version - HHH000412: Hibernate ORM core version 6.6.11.Final
2025-11-02 15:56:24 [main] INFO  o.h.c.i.RegionFactoryInitiator - HHH000026: Second-level cache disabled
2025-11-02 15:56:26 [main] WARN  org.hibernate.orm.deprecation - HHH90000025: PostgreSQLDialect does not need to be specified explicitly using 'hibernate.dialect' (remove the property setting and it will be selected by default)
2025-11-02 15:56:26 [main] INFO  o.hibernate.orm.connections.pooling - HHH10001005: Database info:
	Database JDBC URL [Connecting through datasource 'org.springframework.jdbc.datasource.DriverManagerDataSource@dddcd91']
	Database driver: undefined/unknown
	Database version: 17.4
	Autocommit mode: undefined/unknown
	Isolation level: undefined/unknown
	Minimum pool size: undefined/unknown
	Maximum pool size: undefined/unknown
2025-11-02 15:56:34 [main] INFO  o.h.e.t.j.p.i.JtaPlatformInitiator - HHH000489: No JTA platform available (set 'hibernate.transaction.jta.platform' to enable JTA platform integration)
2025-11-02 15:56:40 [main] DEBUG o.a.camel.spring.SpringCamelContext - Set the application context classloader to: TomcatEmbeddedWebappClassLoader
  context: ROOT
  delegate: true
----------> Parent Classloader:
jdk.internal.loader.ClassLoaders$AppClassLoader@5451c3a8

2025-11-02 15:56:40 [main] DEBUG o.a.camel.support.LRUCacheFactory - Creating DefaultLRUCacheFactory
2025-11-02 15:56:40 [main] DEBUG o.a.c.i.e.DefaultCamelContextExtension - Setting up management with factory: org.apache.camel.impl.engine.DefaultManagementStrategyFactory@14b1c925
2025-11-02 15:56:40 [main] DEBUG o.a.camel.support.ResolverHelper - Found HealthCheckRegistry: org.apache.camel.impl.health.DefaultHealthCheckRegistry via: META-INF/services/org/apache/camel/health-check/default-registry
2025-11-02 15:56:40 [main] DEBUG o.a.camel.support.ResolverHelper - Detected and using HealthCheckRegistry: org.apache.camel.impl.health.DefaultHealthCheckRegistry@2ec969ba
2025-11-02 15:56:40 [main] DEBUG o.a.c.i.h.DefaultHealthCheckRegistry - HealthCheckRepository with id registry-health-check-repository successfully registered
2025-11-02 15:56:40 [main] DEBUG o.a.c.i.c.BaseTypeConverterRegistry - Loading file META-INF/services/org/apache/camel/TypeConverterLoader to retrieve list of type converters, from url: jar:file:/C:/Users/omard/.m2/repository/org/apache/camel/camel-spring/4.4.0/camel-spring-4.4.0.jar!/META-INF/services/org/apache/camel/TypeConverterLoader
2025-11-02 15:56:40 [main] DEBUG o.a.c.i.c.BaseTypeConverterRegistry - Loading file META-INF/services/org/apache/camel/TypeConverterLoader to retrieve list of type converters, from url: jar:file:/C:/Users/omard/.m2/repository/org/apache/camel/camel-xml-jaxp/4.4.0/camel-xml-jaxp-4.4.0.jar!/META-INF/services/org/apache/camel/TypeConverterLoader
2025-11-02 15:56:40 [main] DEBUG o.a.c.i.c.BaseTypeConverterRegistry - Loading file META-INF/services/org/apache/camel/TypeConverterLoader to retrieve list of type converters, from url: jar:file:/C:/Users/omard/.m2/repository/org/apache/camel/camel-http/4.4.0/camel-http-4.4.0.jar!/META-INF/services/org/apache/camel/TypeConverterLoader
2025-11-02 15:56:40 [main] DEBUG o.a.c.i.c.BaseTypeConverterRegistry - Loading file META-INF/services/org/apache/camel/TypeConverterLoader to retrieve list of type converters, from url: jar:file:/C:/Users/omard/.m2/repository/org/apache/camel/camel-http-common/4.4.0/camel-http-common-4.4.0.jar!/META-INF/services/org/apache/camel/TypeConverterLoader
2025-11-02 15:56:40 [main] DEBUG o.a.c.i.c.BaseTypeConverterRegistry - Loading file META-INF/services/org/apache/camel/TypeConverterLoader to retrieve list of type converters, from url: jar:file:/C:/Users/omard/.m2/repository/org/apache/camel/camel-attachments/4.4.0/camel-attachments-4.4.0.jar!/META-INF/services/org/apache/camel/TypeConverterLoader
2025-11-02 15:56:40 [main] DEBUG o.a.c.i.c.BaseTypeConverterRegistry - Loading file META-INF/services/org/apache/camel/TypeConverterLoader to retrieve list of type converters, from url: jar:file:/C:/Users/omard/.m2/repository/org/apache/camel/camel-jackson/4.4.0/camel-jackson-4.4.0.jar!/META-INF/services/org/apache/camel/TypeConverterLoader
2025-11-02 15:56:40 [main] DEBUG o.a.c.i.c.BaseTypeConverterRegistry - Loading file META-INF/services/org/apache/camel/TypeConverterLoader to retrieve list of type converters, from url: jar:file:/C:/Users/omard/.m2/repository/org/apache/camel/camel-support/4.4.0/camel-support-4.4.0.jar!/META-INF/services/org/apache/camel/TypeConverterLoader
2025-11-02 15:56:40 [main] DEBUG o.a.c.i.c.BaseTypeConverterRegistry - Loading file META-INF/services/org/apache/camel/TypeConverterLoader to retrieve list of type converters, from url: jar:file:/C:/Users/omard/.m2/repository/org/apache/camel/camel-file/4.4.0/camel-file-4.4.0.jar!/META-INF/services/org/apache/camel/TypeConverterLoader
2025-11-02 15:56:40 [main] DEBUG o.a.c.i.c.BaseTypeConverterRegistry - Loading file META-INF/services/org/apache/camel/TypeConverterLoader to retrieve list of type converters, from url: jar:file:/C:/Users/omard/.m2/repository/org/apache/camel/camel-base/4.4.0/camel-base-4.4.0.jar!/META-INF/services/org/apache/camel/TypeConverterLoader
2025-11-02 15:56:40 [main] DEBUG o.a.c.i.c.BaseTypeConverterRegistry - Loading file META-INF/services/org/apache/camel/TypeConverterLoader to retrieve list of type converters, from url: jar:file:/C:/Users/omard/.m2/repository/org/apache/camel/camel-spring/4.4.0/camel-spring-4.4.0.jar!/META-INF/services/org/apache/camel/TypeConverterLoader
2025-11-02 15:56:40 [main] DEBUG o.a.c.i.c.BaseTypeConverterRegistry - Loading file META-INF/services/org/apache/camel/TypeConverterLoader to retrieve list of type converters, from url: jar:file:/C:/Users/omard/.m2/repository/org/apache/camel/camel-xml-jaxp/4.4.0/camel-xml-jaxp-4.4.0.jar!/META-INF/services/org/apache/camel/TypeConverterLoader
2025-11-02 15:56:40 [main] DEBUG o.a.c.i.c.BaseTypeConverterRegistry - Loading file META-INF/services/org/apache/camel/TypeConverterLoader to retrieve list of type converters, from url: jar:file:/C:/Users/omard/.m2/repository/org/apache/camel/camel-http/4.4.0/camel-http-4.4.0.jar!/META-INF/services/org/apache/camel/TypeConverterLoader
2025-11-02 15:56:40 [main] DEBUG o.a.c.i.c.BaseTypeConverterRegistry - Loading file META-INF/services/org/apache/camel/TypeConverterLoader to retrieve list of type converters, from url: jar:file:/C:/Users/omard/.m2/repository/org/apache/camel/camel-http-common/4.4.0/camel-http-common-4.4.0.jar!/META-INF/services/org/apache/camel/TypeConverterLoader
2025-11-02 15:56:40 [main] DEBUG o.a.c.i.c.BaseTypeConverterRegistry - Loading file META-INF/services/org/apache/camel/TypeConverterLoader to retrieve list of type converters, from url: jar:file:/C:/Users/omard/.m2/repository/org/apache/camel/camel-attachments/4.4.0/camel-attachments-4.4.0.jar!/META-INF/services/org/apache/camel/TypeConverterLoader
2025-11-02 15:56:40 [main] DEBUG o.a.c.i.c.BaseTypeConverterRegistry - Loading file META-INF/services/org/apache/camel/TypeConverterLoader to retrieve list of type converters, from url: jar:file:/C:/Users/omard/.m2/repository/org/apache/camel/camel-jackson/4.4.0/camel-jackson-4.4.0.jar!/META-INF/services/org/apache/camel/TypeConverterLoader
2025-11-02 15:56:40 [main] DEBUG o.a.c.i.c.BaseTypeConverterRegistry - Loading file META-INF/services/org/apache/camel/TypeConverterLoader to retrieve list of type converters, from url: jar:file:/C:/Users/omard/.m2/repository/org/apache/camel/camel-support/4.4.0/camel-support-4.4.0.jar!/META-INF/services/org/apache/camel/TypeConverterLoader
2025-11-02 15:56:40 [main] DEBUG o.a.c.i.c.BaseTypeConverterRegistry - Loading file META-INF/services/org/apache/camel/TypeConverterLoader to retrieve list of type converters, from url: jar:file:/C:/Users/omard/.m2/repository/org/apache/camel/camel-file/4.4.0/camel-file-4.4.0.jar!/META-INF/services/org/apache/camel/TypeConverterLoader
2025-11-02 15:56:40 [main] DEBUG o.a.c.i.c.BaseTypeConverterRegistry - Loading file META-INF/services/org/apache/camel/TypeConverterLoader to retrieve list of type converters, from url: jar:file:/C:/Users/omard/.m2/repository/org/apache/camel/camel-base/4.4.0/camel-base-4.4.0.jar!/META-INF/services/org/apache/camel/TypeConverterLoader
2025-11-02 15:56:40 [main] DEBUG o.a.c.i.c.BaseTypeConverterRegistry - Resolving TypeConverterLoader: org.apache.camel.spring.converter.ResourceConverterLoader
2025-11-02 15:56:40 [main] DEBUG o.a.c.i.c.BaseTypeConverterRegistry - TypeConverterLoader: org.apache.camel.spring.converter.ResourceConverterLoader loading converters
2025-11-02 15:56:40 [main] DEBUG o.a.c.i.c.BaseTypeConverterRegistry - Resolving TypeConverterLoader: org.apache.camel.converter.jaxp.CamelXmlJaxpBulkConverterLoader
2025-11-02 15:56:40 [main] DEBUG o.a.c.i.c.BaseTypeConverterRegistry - TypeConverterLoader: org.apache.camel.converter.jaxp.CamelXmlJaxpBulkConverterLoader loading converters
2025-11-02 15:56:40 [main] DEBUG o.a.c.i.c.BaseTypeConverterRegistry - Resolving TypeConverterLoader: org.apache.camel.component.http.HttpConvertersLoader
2025-11-02 15:56:40 [main] DEBUG o.a.c.i.c.BaseTypeConverterRegistry - TypeConverterLoader: org.apache.camel.component.http.HttpConvertersLoader loading converters
2025-11-02 15:56:40 [main] DEBUG o.a.c.i.c.BaseTypeConverterRegistry - Resolving TypeConverterLoader: org.apache.camel.component.http.HttpEntityConverterLoader
2025-11-02 15:56:40 [main] DEBUG o.a.c.i.c.BaseTypeConverterRegistry - TypeConverterLoader: org.apache.camel.component.http.HttpEntityConverterLoader loading converters
2025-11-02 15:56:40 [main] DEBUG o.a.c.i.c.BaseTypeConverterRegistry - Resolving TypeConverterLoader: org.apache.camel.http.common.HttpConverterLoader
2025-11-02 15:56:40 [main] DEBUG o.a.c.i.c.BaseTypeConverterRegistry - TypeConverterLoader: org.apache.camel.http.common.HttpConverterLoader loading converters
2025-11-02 15:56:40 [main] DEBUG o.a.c.i.c.BaseTypeConverterRegistry - Resolving TypeConverterLoader: org.apache.camel.attachment.AttachmentConverterLoader
2025-11-02 15:56:40 [main] DEBUG o.a.c.i.c.BaseTypeConverterRegistry - TypeConverterLoader: org.apache.camel.attachment.AttachmentConverterLoader loading converters
2025-11-02 15:56:40 [main] DEBUG o.a.c.i.c.BaseTypeConverterRegistry - Resolving TypeConverterLoader: org.apache.camel.component.jackson.converter.JacksonTypeConvertersLoader
2025-11-02 15:56:40 [main] DEBUG o.a.c.i.c.BaseTypeConverterRegistry - TypeConverterLoader: org.apache.camel.component.jackson.converter.JacksonTypeConvertersLoader loading converters
2025-11-02 15:56:40 [main] DEBUG o.a.c.i.c.BaseTypeConverterRegistry - Resolving TypeConverterLoader: org.apache.camel.converter.stream.StreamCacheBulkConverterLoader
2025-11-02 15:56:40 [main] DEBUG o.a.c.i.c.BaseTypeConverterRegistry - TypeConverterLoader: org.apache.camel.converter.stream.StreamCacheBulkConverterLoader loading converters
2025-11-02 15:56:40 [main] DEBUG o.a.c.i.c.BaseTypeConverterRegistry - Resolving TypeConverterLoader: org.apache.camel.component.file.GenericFileConverterLoader
2025-11-02 15:56:40 [main] DEBUG o.a.c.i.c.BaseTypeConverterRegistry - TypeConverterLoader: org.apache.camel.component.file.GenericFileConverterLoader loading converters
2025-11-02 15:56:40 [main] DEBUG o.a.c.i.c.BaseTypeConverterRegistry - Resolving TypeConverterLoader: org.apache.camel.converter.CamelBaseBulkConverterLoader
2025-11-02 15:56:40 [main] DEBUG o.a.c.i.c.BaseTypeConverterRegistry - TypeConverterLoader: org.apache.camel.converter.CamelBaseBulkConverterLoader loading converters
2025-11-02 15:56:40 [main] DEBUG o.a.c.i.c.DefaultTypeConverter - Loaded 259 type converters in 284ms
2025-11-02 15:56:40 [main] DEBUG o.a.c.i.engine.AbstractCamelContext - Apache Camel 4.4.0 (camel-1) built in 450ms
2025-11-02 15:56:40 [main] INFO  o.a.camel.util.concurrent.ThreadType - The type of thread detected is PLATFORM
2025-11-02 15:56:40 [main] DEBUG o.a.c.i.e.BaseExecutorServiceManager - Created new ScheduledThreadPool for source: ErrorHandlerRedeliveryThreadPool with name: ErrorHandlerRedeliveryTask -> org.apache.camel.util.concurrent.SizedScheduledExecutorService@3f3e21d7[ErrorHandlerRedeliveryTask]
2025-11-02 15:56:40 [main] DEBUG o.a.c.i.e.DefaultConfigurerResolver - Found configurer: spring-event-component via type: org.apache.camel.component.event.EventComponentConfigurer via: META-INF/services/org/apache/camel/configurer/spring-event-component
2025-11-02 15:56:40 [main] DEBUG o.a.c.i.e.DefaultConfigurerResolver - Found configurer: spring-event-endpoint via type: org.apache.camel.component.event.EventEndpointConfigurer via: META-INF/services/org/apache/camel/configurer/spring-event-endpoint
2025-11-02 15:56:40 [main] DEBUG o.a.c.i.e.DefaultConfigurerResolver - Found configurer: spring-event-component via type: org.apache.camel.component.event.EventComponentConfigurer via: META-INF/services/org/apache/camel/configurer/spring-event-component
2025-11-02 15:56:41 [main] DEBUG o.a.camel.spring.SpringCamelContext - Set the application context classloader to: TomcatEmbeddedWebappClassLoader
  context: ROOT
  delegate: true
----------> Parent Classloader:
jdk.internal.loader.ClassLoaders$AppClassLoader@5451c3a8

2025-11-02 15:56:49 [main] DEBUG o.s.w.f.ServerHttpObservationFilter - Filter 'webMvcObservationFilter' configured for use
2025-11-02 15:56:49 [main] DEBUG o.s.w.f.CommonsRequestLoggingFilter - Filter 'logFilter' configured for use
2025-11-02 15:56:49 [main] DEBUG c.m.b.users.config.JwtRequestFilter - Filter 'jwtRequestFilter' configured for use
2025-11-02 15:56:50 [main] INFO  c.m.b.config.RestTemplateConfig - Creating RestTemplate with SSL trust-all configuration
2025-11-02 15:56:50 [main] INFO  c.m.b.config.RestTemplateConfig - RestTemplate configured with connect-timeout: 10000ms, read-timeout: 30000ms
2025-11-02 15:56:54 [main] INFO  org.quartz.impl.StdSchedulerFactory - Using default implementation for ThreadExecutor
2025-11-02 15:56:54 [main] INFO  o.quartz.core.SchedulerSignalerImpl - Initialized Scheduler Signaller of type: class org.quartz.core.SchedulerSignalerImpl
2025-11-02 15:56:54 [main] INFO  org.quartz.core.QuartzScheduler - Quartz Scheduler v.2.3.2 created.
2025-11-02 15:56:54 [main] INFO  org.quartz.simpl.RAMJobStore - RAMJobStore initialized.
2025-11-02 15:56:54 [main] INFO  org.quartz.core.QuartzScheduler - Scheduler meta-data: Quartz Scheduler (v2.3.2) 'quartzScheduler' with instanceId 'NON_CLUSTERED'
  Scheduler class: 'org.quartz.core.QuartzScheduler' - running locally.
  NOT STARTED.
  Currently in standby mode.
  Number of jobs executed: 0
  Using thread pool 'org.quartz.simpl.SimpleThreadPool' - with 10 threads.
  Using job-store 'org.quartz.simpl.RAMJobStore' - which does not support persistence. and is not clustered.

2025-11-02 15:56:54 [main] INFO  org.quartz.impl.StdSchedulerFactory - Quartz scheduler 'quartzScheduler' initialized from an externally provided properties instance.
2025-11-02 15:56:54 [main] INFO  org.quartz.impl.StdSchedulerFactory - Quartz scheduler version: 2.3.2
2025-11-02 15:56:54 [main] INFO  org.quartz.core.QuartzScheduler - JobFactory set to: org.springframework.scheduling.quartz.SpringBeanJobFactory@48b2a764
2025-11-02 15:56:55 [main] INFO  c.m.IntegrationMappingComponent - IntegrationMappingComponent initialized with CamelContext.
2025-11-02 15:56:55 [main] INFO  c.m.b.c.IntegrationMappingConfiguration - ✅ Registered custom Camel component: integrationmapping
2025-11-02 15:56:55 [main] INFO  c.m.b.k.i.Dhis2HeaderFilterConfig - === Configuring DHIS2 Header Filter (Static Test) ===
2025-11-02 15:56:55 [main] INFO  c.m.b.k.i.Dhis2HeaderFilterConfig - DHIS2 Header Filter configured - allowing most headers for testing
2025-11-02 15:56:57 [main] DEBUG o.s.w.s.m.m.a.RequestMappingHandlerMapping - 164 mappings in 'requestMappingHandlerMapping'
2025-11-02 15:56:57 [main] DEBUG o.s.w.s.h.SimpleUrlHandlerMapping - Patterns [/webjars/**, /**, /swagger-ui*/*swagger-initializer.js, /swagger-ui*/**] in 'resourceHandlerMapping'
2025-11-02 15:56:57 [main] DEBUG o.a.c.i.h.DefaultHealthCheckRegistry - HealthCheck with id context successfully registered
2025-11-02 15:56:57 [main] DEBUG o.a.c.i.h.DefaultHealthCheckRegistry - HealthCheckRepository with id routes successfully registered
2025-11-02 15:56:57 [main] DEBUG o.a.c.i.h.DefaultHealthCheckRegistry - HealthCheckRepository with id producers successfully registered
2025-11-02 15:56:57 [main] DEBUG o.a.c.i.h.DefaultHealthCheckRegistry - HealthCheckRepository with id consumers successfully registered
2025-11-02 15:56:59 [main] DEBUG o.s.w.s.m.m.a.RequestMappingHandlerAdapter - ControllerAdvice beans: 0 @ModelAttribute, 0 @InitBinder, 1 RequestBodyAdvice, 1 ResponseBodyAdvice
2025-11-02 15:56:59 [main] DEBUG o.s.w.s.m.m.a.ExceptionHandlerExceptionResolver - ControllerAdvice beans: 2 @ExceptionHandler, 1 ResponseBodyAdvice
2025-11-02 15:57:03 [main] INFO  o.a.coyote.http11.Http11NioProtocol - Starting ProtocolHandler ["http-nio-8081"]
2025-11-02 15:57:04 [main] DEBUG o.a.c.h.common.DefaultHttpRegistry - Registering CamelServlet with name CamelServlet consumers present: 0
2025-11-02 15:57:04 [main] INFO  o.a.c.c.s.CamelHttpTransportServlet - Initialized CamelHttpTransportServlet[name=CamelServlet, contextPath=]
2025-11-02 15:57:04 [main] DEBUG o.a.camel.spring.SpringCamelContext - onApplicationEvent: org.springframework.boot.web.servlet.context.ServletWebServerInitializedEvent[source=org.springframework.boot.web.embedded.tomcat.TomcatWebServer@33616e79]
2025-11-02 15:57:04 [main] INFO  org.quartz.core.QuartzScheduler - Scheduler quartzScheduler_$_NON_CLUSTERED started.
2025-11-02 15:57:04 [main] DEBUG o.a.c.s.b.CamelSpringBootApplicationListener - Post-processing CamelContext bean: camel-1
2025-11-02 15:57:04 [main] DEBUG o.apache.camel.main.RoutesConfigurer - RoutesCollectorEnabled: org.apache.camel.spring.boot.CamelSpringBootRoutesCollector@5482416d
2025-11-02 15:57:04 [main] DEBUG o.a.c.s.b.CamelSpringBootRoutesCollector - Finding additional routes from: classpath:camel/*
2025-11-02 15:57:04 [main] DEBUG o.a.c.s.b.CamelSpringBootRoutesCollector - Finding additional routes from: classpath:camel-template/*
2025-11-02 15:57:04 [main] DEBUG o.a.c.s.b.CamelSpringBootRoutesCollector - Finding additional routes from: classpath:camel-rest/*
2025-11-02 15:57:04 [main] DEBUG o.a.c.s.b.CamelSpringBootRoutesCollector - No additional RoutesBuilder discovered from: classpath:camel/*,classpath:camel-template/*,classpath:camel-rest/*
2025-11-02 15:57:04 [main] DEBUG o.a.camel.spring.SpringCamelContext - onApplicationEvent: org.springframework.context.event.ContextRefreshedEvent[source=org.springframework.boot.web.servlet.context.AnnotationConfigServletWebServerApplicationContext@751e664e, started on Sun Nov 02 15:56:10 EET 2025]
2025-11-02 15:57:04 [main] DEBUG o.a.c.i.engine.AbstractCamelContext - Resolving language: simple
2025-11-02 15:57:04 [main] DEBUG o.a.camel.support.ResolverHelper - Lookup Language with name simple in registry. Found: null
2025-11-02 15:57:04 [main] DEBUG o.a.camel.support.ResolverHelper - Lookup Language with name simple-language in registry. Found: null
2025-11-02 15:57:04 [main] DEBUG o.a.c.language.simple.SimpleLanguage - Simple language predicate/expression cache size: 1000
2025-11-02 15:57:04 [main] DEBUG o.a.c.i.engine.AbstractCamelContext - Apache Camel 4.4.0 (camel-1) initialized in 257ms
2025-11-02 15:57:04 [main] INFO  o.a.c.i.engine.AbstractCamelContext - Apache Camel 4.4.0 (camel-1) is starting
2025-11-02 15:57:04 [main] DEBUG o.a.c.i.engine.AbstractCamelContext - Using ClassResolver=org.apache.camel.impl.engine.DefaultClassResolver@71ee8e35, PackageScanClassResolver=org.apache.camel.spring.boot.FatJarPackageScanClassResolver@40f9f6a4, ApplicationContextClassLoader=TomcatEmbeddedWebappClassLoader
  context: ROOT
  delegate: true
----------> Parent Classloader:
jdk.internal.loader.ClassLoaders$AppClassLoader@5451c3a8
, RouteController=org.apache.camel.impl.engine.DefaultRouteController@2ecf57c9
2025-11-02 15:57:04 [main] DEBUG o.a.c.i.engine.AbstractCamelContext - StreamCaching is disabled on CamelContext: camel-1
2025-11-02 15:57:04 [main] DEBUG o.a.c.i.engine.AbstractCamelContext - Using HeadersMapFactory: org.apache.camel.impl.engine.DefaultHeadersMapFactory@5ffcb6aa
2025-11-02 15:57:04 [main] DEBUG o.a.c.i.engine.AbstractCamelContext - Using ReactiveExecutor: org.apache.camel.impl.engine.DefaultReactiveExecutor@75bc6754
2025-11-02 15:57:04 [main] DEBUG o.a.c.i.engine.AbstractCamelContext - Using ThreadPoolFactory: org.apache.camel.support.DefaultThreadPoolFactory@236d8e23
2025-11-02 15:57:04 [main] DEBUG o.a.c.i.engine.AbstractCamelContext - Using HealthCheck: camel-spring-boot
2025-11-02 15:57:04 [main] DEBUG o.a.c.i.e.DefaultStreamCachingStrategy - StreamCaching configuration DefaultStreamCachingStrategy[spoolDirectoryEnabled=false, spoolDirectory=null, spoolCipher=null, spoolThreshold=131072, spoolUsedHeapMemoryThreshold=0, bufferSize=0, anySpoolRules=false]
2025-11-02 15:57:04 [main] DEBUG o.a.c.i.e.DefaultStreamCachingStrategy - StreamCaching in use
2025-11-02 15:57:04 [main] DEBUG o.a.c.i.engine.AbstractCamelContext - Clearing BeanIntrospection cache with 1 objects using during starting Camel
2025-11-02 15:57:04 [main] DEBUG o.a.c.i.engine.AbstractCamelContext - BeanIntrospection invoked 4 times during starting Camel
2025-11-02 15:57:04 [main] INFO  o.a.c.i.engine.AbstractCamelContext - Routes startup (started:0)
2025-11-02 15:57:04 [main] INFO  o.a.c.i.engine.AbstractCamelContext - Apache Camel 4.4.0 (camel-1) started in 770ms (build:450ms init:257ms start:63ms)
2025-11-02 15:57:04 [main] DEBUG o.a.camel.support.ResolverHelper - Found ProcessorFactory: org.apache.camel.processor.DefaultProcessorFactory via: META-INF/services/org/apache/camel/processor-factory
2025-11-02 15:57:04 [main] DEBUG o.a.camel.support.ResolverHelper - Detected and using ProcessorFactory: org.apache.camel.processor.DefaultProcessorFactory@1d9f2537
2025-11-02 15:57:04 [main] DEBUG o.a.camel.impl.DefaultCamelContext - start() took 338 millis
2025-11-02 15:57:04 [main] INFO  c.middleware.MiddlewareApplication - Started MiddlewareApplication in 56.318 seconds (process running for 59.156)
2025-11-02 15:57:04 [main] DEBUG o.a.camel.spring.SpringCamelContext - onApplicationEvent: org.springframework.boot.context.event.ApplicationStartedEvent[source=org.springframework.boot.SpringApplication@75a2981a]
2025-11-02 15:57:04 [main] DEBUG o.a.camel.spring.SpringCamelContext - onApplicationEvent: org.springframework.boot.availability.AvailabilityChangeEvent[source=org.springframework.boot.web.servlet.context.AnnotationConfigServletWebServerApplicationContext@751e664e, started on Sun Nov 02 15:56:10 EET 2025]
2025-11-02 15:57:04 [scheduling-1] INFO  c.m.b.k.service.DynamicRouteService - Starting route status sync with Camel context
2025-11-02 15:57:05 [main] DEBUG o.a.camel.spring.SpringCamelContext - onApplicationEvent: org.springframework.boot.context.event.ApplicationReadyEvent[source=org.springframework.boot.SpringApplication@75a2981a]
2025-11-02 15:57:05 [main] INFO  c.m.b.k.service.SequenceFixService - Fixing sequence for integration_mapping.id ...
2025-11-02 15:57:05 [scheduling-1] DEBUG o.a.c.i.engine.AbstractCamelContext - Adding route configurations from builder: Routes: []
2025-11-02 15:57:05 [scheduling-1] DEBUG o.a.c.i.engine.AbstractCamelContext - Adding routes from builder: Routes: []
2025-11-02 15:57:05 [scheduling-1] DEBUG o.a.c.i.e.DefaultUriFactoryResolver - Found EndpointUriFactory: integrationmapping via type: com.middleware.IntegrationMappingEndpointUriFactory via: META-INF/services/org/apache/camel/urifactory/integrationmapping
2025-11-02 15:57:05 [scheduling-1] DEBUG o.a.c.i.e.DefaultUriFactoryResolver - Found EndpointUriFactory: rest via type: org.apache.camel.component.rest.RestEndpointUriFactory via: META-INF/services/org/apache/camel/urifactory/rest
2025-11-02 15:57:05 [scheduling-1] DEBUG o.a.c.i.e.DefaultConfigurerResolver - Found configurer: org.apache.camel.spi.RestConfiguration via type: org.apache.camel.impl.RestConfigurationConfigurer via: META-INF/services/org/apache/camel/configurer/org.apache.camel.spi.RestConfiguration
2025-11-02 15:57:05 [scheduling-1] DEBUG o.a.c.i.e.DefaultConfigurerResolver - Found configurer: org.apache.camel.spi.RestConfiguration via type: org.apache.camel.impl.RestConfigurationConfigurer via: META-INF/services/org/apache/camel/configurer/org.apache.camel.spi.RestConfiguration
2025-11-02 15:57:05 [scheduling-1] DEBUG o.a.c.i.e.DefaultConfigurerResolver - Found configurer: org.apache.camel.spi.RestConfiguration via type: org.apache.camel.impl.RestConfigurationConfigurer via: META-INF/services/org/apache/camel/configurer/org.apache.camel.spi.RestConfiguration
2025-11-02 15:57:05 [scheduling-1] DEBUG o.a.c.i.e.DefaultConfigurerResolver - Found configurer: org.apache.camel.spi.RestConfiguration via type: org.apache.camel.impl.RestConfigurationConfigurer via: META-INF/services/org/apache/camel/configurer/org.apache.camel.spi.RestConfiguration
2025-11-02 15:57:05 [scheduling-1] DEBUG o.a.c.i.e.DefaultConfigurerResolver - Found configurer: org.apache.camel.spi.RestConfiguration via type: org.apache.camel.impl.RestConfigurationConfigurer via: META-INF/services/org/apache/camel/configurer/org.apache.camel.spi.RestConfiguration
2025-11-02 15:57:05 [scheduling-1] DEBUG o.a.c.i.e.DefaultConfigurerResolver - Found configurer: org.apache.camel.spi.RestConfiguration via type: org.apache.camel.impl.RestConfigurationConfigurer via: META-INF/services/org/apache/camel/configurer/org.apache.camel.spi.RestConfiguration
2025-11-02 15:57:05 [scheduling-1] DEBUG o.a.c.i.e.DefaultConfigurerResolver - Found configurer: org.apache.camel.spi.RestConfiguration via type: org.apache.camel.impl.RestConfigurationConfigurer via: META-INF/services/org/apache/camel/configurer/org.apache.camel.spi.RestConfiguration
2025-11-02 15:57:05 [scheduling-1] DEBUG o.a.c.i.e.DefaultConfigurerResolver - Found configurer: org.apache.camel.spi.RestConfiguration via type: org.apache.camel.impl.RestConfigurationConfigurer via: META-INF/services/org/apache/camel/configurer/org.apache.camel.spi.RestConfiguration
2025-11-02 15:57:05 [scheduling-1] DEBUG o.a.c.i.e.DefaultConfigurerResolver - Found configurer: org.apache.camel.spi.RestConfiguration via type: org.apache.camel.impl.RestConfigurationConfigurer via: META-INF/services/org/apache/camel/configurer/org.apache.camel.spi.RestConfiguration
2025-11-02 15:57:05 [scheduling-1] DEBUG o.a.c.i.e.DefaultConfigurerResolver - Found configurer: org.apache.camel.spi.RestConfiguration via type: org.apache.camel.impl.RestConfigurationConfigurer via: META-INF/services/org/apache/camel/configurer/org.apache.camel.spi.RestConfiguration
2025-11-02 15:57:05 [scheduling-1] DEBUG o.a.c.i.e.DefaultConfigurerResolver - Found configurer: org.apache.camel.spi.RestConfiguration via type: org.apache.camel.impl.RestConfigurationConfigurer via: META-INF/services/org/apache/camel/configurer/org.apache.camel.spi.RestConfiguration
2025-11-02 15:57:05 [scheduling-1] DEBUG o.a.c.i.e.DefaultConfigurerResolver - Found configurer: org.apache.camel.spi.RestConfiguration via type: org.apache.camel.impl.RestConfigurationConfigurer via: META-INF/services/org/apache/camel/configurer/org.apache.camel.spi.RestConfiguration
2025-11-02 15:57:05 [scheduling-1] DEBUG o.a.c.i.engine.AbstractCamelContext - Using ComponentResolver: org.apache.camel.impl.engine.DefaultComponentResolver@10c15f39 to resolve component with name: rest
2025-11-02 15:57:05 [scheduling-1] DEBUG o.a.camel.support.ResolverHelper - Lookup Component with name rest in registry. Found: null
2025-11-02 15:57:05 [scheduling-1] DEBUG o.a.camel.support.ResolverHelper - Lookup Component with name rest-component in registry. Found: null
2025-11-02 15:57:05 [scheduling-1] DEBUG o.a.c.i.e.DefaultComponentResolver - Found component: rest via type: org.apache.camel.component.rest.RestComponent via: META-INF/services/org/apache/camel/component/rest
2025-11-02 15:57:05 [scheduling-1] DEBUG o.a.c.i.e.DefaultConfigurerResolver - Found configurer: rest-component via type: org.apache.camel.component.rest.RestComponentConfigurer via: META-INF/services/org/apache/camel/configurer/rest-component
2025-11-02 15:57:05 [scheduling-1] DEBUG o.a.c.i.e.DefaultConfigurerResolver - Found configurer: rest-endpoint via type: org.apache.camel.component.rest.RestEndpointConfigurer via: META-INF/services/org/apache/camel/configurer/rest-endpoint
2025-11-02 15:57:05 [main] INFO  c.m.b.k.service.SequenceFixService - Sequence public.integration_mapping_id_seq synced to 23. setval returned 23
2025-11-02 15:57:05 [main] INFO  c.m.b.k.service.SequenceFixService - Sequence fix done.
2025-11-02 15:57:05 [main] DEBUG o.a.camel.spring.SpringCamelContext - onApplicationEvent: org.springframework.boot.availability.AvailabilityChangeEvent[source=org.springframework.boot.web.servlet.context.AnnotationConfigServletWebServerApplicationContext@751e664e, started on Sun Nov 02 15:56:10 EET 2025]
2025-11-02 15:57:05 [scheduling-1] DEBUG o.a.c.i.e.DefaultConfigurerResolver - Found configurer: rest-component via type: org.apache.camel.component.rest.RestComponentConfigurer via: META-INF/services/org/apache/camel/configurer/rest-component
2025-11-02 15:57:05 [scheduling-1] DEBUG o.a.camel.support.DefaultComponent - Creating endpoint uri=[rest://get:/healthmap2], path=[get:/healthmap2]
2025-11-02 15:57:05 [scheduling-1] DEBUG o.a.c.i.engine.AbstractCamelContext - rest://get:/healthmap2 converted to endpoint: rest://get:/healthmap2 by component: org.apache.camel.component.rest.RestComponent@56f4efe2
2025-11-02 15:57:06 [scheduling-1] DEBUG o.a.c.i.engine.AbstractCamelContext - Using ComponentResolver: org.apache.camel.impl.engine.DefaultComponentResolver@10c15f39 to resolve component with name: integrationmapping
2025-11-02 15:57:06 [scheduling-1] DEBUG o.a.camel.support.ResolverHelper - Lookup Component with name integrationmapping in registry. Found: com.middleware.IntegrationMappingComponent@1419a868
2025-11-02 15:57:06 [scheduling-1] DEBUG o.a.c.i.e.DefaultConfigurerResolver - Found configurer: integrationmapping-component via type: com.middleware.IntegrationMappingComponentConfigurer via: META-INF/services/org/apache/camel/configurer/integrationmapping-component
2025-11-02 15:57:06 [scheduling-1] DEBUG o.a.c.i.e.DefaultConfigurerResolver - Found configurer: integrationmapping-endpoint via type: com.middleware.IntegrationMappingEndpointConfigurer via: META-INF/services/org/apache/camel/configurer/integrationmapping-endpoint
2025-11-02 15:57:06 [scheduling-1] DEBUG o.a.c.i.e.DefaultConfigurerResolver - Found configurer: integrationmapping-component via type: com.middleware.IntegrationMappingComponentConfigurer via: META-INF/services/org/apache/camel/configurer/integrationmapping-component
2025-11-02 15:57:06 [scheduling-1] DEBUG o.a.camel.support.DefaultComponent - Creating endpoint uri=[integrationmapping://null?code=default], path=[null]
2025-11-02 15:57:06 [scheduling-1] INFO  c.m.IntegrationMappingEndpoint - IntegrationMappingEndpoint created for URI: integrationmapping://null?code=default
2025-11-02 15:57:06 [scheduling-1] DEBUG o.a.c.i.engine.AbstractCamelContext - integrationmapping://null?code=default converted to endpoint: integrationmapping://null?code=default by component: com.middleware.IntegrationMappingComponent@1419a868
2025-11-02 15:57:06 [scheduling-1] DEBUG o.a.camel.support.ResolverHelper - Found InternalProcessorFactory: org.apache.camel.processor.DefaultInternalProcessorFactory via: META-INF/services/org/apache/camel/internal-processor-factory
2025-11-02 15:57:06 [scheduling-1] DEBUG o.a.camel.support.ResolverHelper - Detected and using InternalProcessorFactory: org.apache.camel.processor.DefaultInternalProcessorFactory@4a5b3335
2025-11-02 15:57:06 [RMI TCP Connection(3)-192.168.2.21] DEBUG o.a.c.i.health.AbstractHealthCheck - Invoke health-check (LIVENESS) camel/context
2025-11-02 15:57:06 [RMI TCP Connection(3)-192.168.2.21] DEBUG o.a.c.i.health.AbstractHealthCheck - Invoke health-check (READINESS) camel/context
2025-11-02 15:57:06 [RMI TCP Connection(3)-192.168.2.21] DEBUG o.a.c.i.health.AbstractHealthCheck - Invoke health-check (ALL) camel/context
2025-11-02 15:57:06 [RMI TCP Connection(2)-192.168.2.21] INFO  o.a.c.c.C.[Tomcat].[localhost].[/] - Initializing Spring DispatcherServlet 'dispatcherServlet'
2025-11-02 15:57:06 [RMI TCP Connection(2)-192.168.2.21] INFO  o.s.web.servlet.DispatcherServlet - Initializing Servlet 'dispatcherServlet'
2025-11-02 15:57:06 [RMI TCP Connection(2)-192.168.2.21] DEBUG o.s.web.servlet.DispatcherServlet - Detected StandardServletMultipartResolver
2025-11-02 15:57:06 [RMI TCP Connection(2)-192.168.2.21] DEBUG o.s.web.servlet.DispatcherServlet - Detected AcceptHeaderLocaleResolver
2025-11-02 15:57:06 [RMI TCP Connection(2)-192.168.2.21] DEBUG o.s.web.servlet.DispatcherServlet - Detected FixedThemeResolver
2025-11-02 15:57:06 [RMI TCP Connection(2)-192.168.2.21] DEBUG o.s.web.servlet.DispatcherServlet - Detected org.springframework.web.servlet.view.DefaultRequestToViewNameTranslator@4c165a61
2025-11-02 15:57:06 [RMI TCP Connection(2)-192.168.2.21] DEBUG o.s.web.servlet.DispatcherServlet - Detected org.springframework.web.servlet.support.SessionFlashMapManager@40486321
2025-11-02 15:57:06 [RMI TCP Connection(2)-192.168.2.21] DEBUG o.s.web.servlet.DispatcherServlet - enableLoggingRequestDetails='false': request parameters and headers will be masked to prevent unsafe logging of potentially sensitive data
2025-11-02 15:57:06 [RMI TCP Connection(2)-192.168.2.21] INFO  o.s.web.servlet.DispatcherServlet - Completed initialization in 11 ms
2025-11-02 15:57:06 [scheduling-1] DEBUG o.apache.camel.reifier.RouteReifier - RoutePolicy is enabled: com.middleware.backend.policy.LoggingRoutePolicy@752c209e on route: integration-mapping-test
2025-11-02 15:57:06 [scheduling-1] DEBUG o.a.c.i.e.InternalRouteStartupManager - Warming up route id: integration-mapping-test having autoStartup=true
2025-11-02 15:57:06 [scheduling-1] DEBUG o.a.c.i.engine.AbstractCamelContext - Using ComponentResolver: org.apache.camel.impl.engine.DefaultComponentResolver@10c15f39 to resolve component with name: servlet
2025-11-02 15:57:06 [scheduling-1] DEBUG o.a.camel.support.ResolverHelper - Lookup Component with name servlet in registry. Found: null
2025-11-02 15:57:06 [scheduling-1] DEBUG o.a.camel.support.ResolverHelper - Lookup Component with name servlet-component in registry. Found: org.apache.camel.component.servlet.ServletComponent@6bc56b72
2025-11-02 15:57:06 [scheduling-1] DEBUG o.a.c.i.e.DefaultConfigurerResolver - Found configurer: servlet-component via type: org.apache.camel.component.servlet.ServletComponentConfigurer via: META-INF/services/org/apache/camel/configurer/servlet-component
2025-11-02 15:57:06 [scheduling-1] DEBUG o.a.c.i.e.DefaultConfigurerResolver - Found configurer: servlet-endpoint via type: org.apache.camel.component.servlet.ServletEndpointConfigurer via: META-INF/services/org/apache/camel/configurer/servlet-endpoint
2025-11-02 15:57:06 [scheduling-1] DEBUG o.a.c.i.e.DefaultConfigurerResolver - Found configurer: servlet-component via type: org.apache.camel.component.servlet.ServletComponentConfigurer via: META-INF/services/org/apache/camel/configurer/servlet-component
2025-11-02 15:57:06 [scheduling-1] DEBUG o.a.camel.support.DefaultComponent - Creating endpoint uri=[servlet:///healthmap2?httpMethodRestrict=GET], path=[/healthmap2]
2025-11-02 15:57:06 [scheduling-1] DEBUG o.a.c.i.engine.AbstractCamelContext - servlet:///healthmap2?httpMethodRestrict=GET converted to endpoint: servlet:/healthmap2?httpMethodRestrict=GET by component: org.apache.camel.component.servlet.ServletComponent@6bc56b72
2025-11-02 15:57:06 [scheduling-1] DEBUG o.a.camel.support.ResolverHelper - Found RestRegistryFactory: org.apache.camel.component.rest.DefaultRestRegistryFactory via: META-INF/services/org/apache/camel/rest-registry-factory
2025-11-02 15:57:06 [scheduling-1] DEBUG o.a.camel.support.ResolverHelper - Detected and using RestRegistryFactory: org.apache.camel.component.rest.DefaultRestRegistryFactory@7fa0b5dc
2025-11-02 15:57:06 [scheduling-1] INFO  c.m.IntegrationMappingEndpoint - Creating IntegrationMappingProducer for endpoint: integrationmapping://null?code=default with mapping: null
2025-11-02 15:57:06 [scheduling-1] DEBUG o.a.camel.support.DefaultProducer - Starting producer: Producer[integrationmapping://null?code=default]
2025-11-02 15:57:06 [scheduling-1] DEBUG o.a.c.i.e.InternalRouteStartupManager - Route: integration-mapping-test >>> Route[rest://get:/healthmap2 -> null]
2025-11-02 15:57:06 [scheduling-1] DEBUG o.a.c.i.e.InternalRouteStartupManager - Starting consumer (order: 1000) on route: integration-mapping-test
2025-11-02 15:57:06 [scheduling-1] DEBUG o.a.camel.support.DefaultConsumer - Build consumer: Consumer[servlet:/healthmap2?httpMethodRestrict=GET]
2025-11-02 15:57:06 [scheduling-1] DEBUG o.a.camel.support.DefaultConsumer - Init consumer: Consumer[servlet:/healthmap2?httpMethodRestrict=GET]
2025-11-02 15:57:06 [scheduling-1] DEBUG o.a.camel.support.DefaultConsumer - Starting consumer: Consumer[servlet:/healthmap2?httpMethodRestrict=GET]
2025-11-02 15:57:06 [scheduling-1] DEBUG o.a.c.h.common.DefaultHttpRegistry - Registering consumer for path /healthmap2 providers present: 1
2025-11-02 15:57:06 [scheduling-1] DEBUG o.a.c.c.s.CamelHttpTransportServlet - Connecting consumer: Consumer[servlet:/healthmap2?httpMethodRestrict=GET]
2025-11-02 15:57:06 [scheduling-1] DEBUG o.a.c.i.e.InternalRouteStartupManager - Route: integration-mapping-test started and consuming from: servlet:/healthmap2
2025-11-02 15:57:06 [scheduling-1] DEBUG o.a.c.i.e.InternalRouteStartupManager - Warming up route id: integration-mapping-test having autoStartup=true
2025-11-02 15:57:06 [scheduling-1] DEBUG o.a.c.i.e.InternalRouteStartupManager - Route: integration-mapping-test >>> Route[rest://get:/healthmap2 -> null]
2025-11-02 15:57:06 [scheduling-1] DEBUG o.a.c.i.e.InternalRouteStartupManager - Starting consumer (order: 1001) on route: integration-mapping-test
2025-11-02 15:57:06 [scheduling-1] DEBUG o.a.c.i.e.InternalRouteStartupManager - Route: integration-mapping-test started and consuming from: servlet:/healthmap2
2025-11-02 15:57:06 [scheduling-1] INFO  c.m.b.k.service.DynamicRouteService - Re-added route integration-mapping-test to context (DB says active)
2025-11-02 15:57:06 [scheduling-1] DEBUG o.a.c.i.engine.AbstractCamelContext - Adding route configurations from builder: Routes: []
2025-11-02 15:57:06 [scheduling-1] DEBUG o.a.c.i.engine.AbstractCamelContext - Adding routes from builder: Routes: []
2025-11-02 15:57:06 [scheduling-1] DEBUG o.a.c.i.e.DefaultUriFactoryResolver - Found EndpointUriFactory: integrationmapping via type: com.middleware.IntegrationMappingEndpointUriFactory via: META-INF/services/org/apache/camel/urifactory/integrationmapping
2025-11-02 15:57:06 [scheduling-1] DEBUG o.a.c.i.e.DefaultUriFactoryResolver - Found EndpointUriFactory: rest via type: org.apache.camel.component.rest.RestEndpointUriFactory via: META-INF/services/org/apache/camel/urifactory/rest
2025-11-02 15:57:06 [scheduling-1] DEBUG o.a.camel.support.DefaultComponent - Creating endpoint uri=[rest://get:/HealthCenter], path=[get:/HealthCenter]
2025-11-02 15:57:06 [scheduling-1] DEBUG o.a.c.i.engine.AbstractCamelContext - rest://get:/HealthCenter converted to endpoint: rest://get:/HealthCenter by component: org.apache.camel.component.rest.RestComponent@56f4efe2
2025-11-02 15:57:06 [scheduling-1] DEBUG o.apache.camel.reifier.RouteReifier - RoutePolicy is enabled: com.middleware.backend.policy.LoggingRoutePolicy@330fd3e7 on route: HealthCenter-mapping
2025-11-02 15:57:06 [scheduling-1] DEBUG o.a.c.i.e.InternalRouteStartupManager - Warming up route id: HealthCenter-mapping having autoStartup=true
2025-11-02 15:57:06 [scheduling-1] DEBUG o.a.camel.support.DefaultComponent - Creating endpoint uri=[servlet:///HealthCenter?httpMethodRestrict=GET], path=[/HealthCenter]
2025-11-02 15:57:06 [scheduling-1] DEBUG o.a.c.i.engine.AbstractCamelContext - servlet:///HealthCenter?httpMethodRestrict=GET converted to endpoint: servlet:/HealthCenter?httpMethodRestrict=GET by component: org.apache.camel.component.servlet.ServletComponent@6bc56b72
2025-11-02 15:57:06 [scheduling-1] INFO  c.m.IntegrationMappingEndpoint - Creating IntegrationMappingProducer for endpoint: integrationmapping://null?code=default with mapping: null
2025-11-02 15:57:06 [scheduling-1] DEBUG o.a.camel.support.DefaultProducer - Starting producer: Producer[integrationmapping://null?code=default]
2025-11-02 15:57:06 [scheduling-1] DEBUG o.a.c.i.e.InternalRouteStartupManager - Route: HealthCenter-mapping >>> Route[rest://get:/HealthCenter -> null]
2025-11-02 15:57:06 [scheduling-1] DEBUG o.a.c.i.e.InternalRouteStartupManager - Starting consumer (order: 1002) on route: HealthCenter-mapping
2025-11-02 15:57:06 [scheduling-1] DEBUG o.a.camel.support.DefaultConsumer - Build consumer: Consumer[servlet:/HealthCenter?httpMethodRestrict=GET]
2025-11-02 15:57:06 [scheduling-1] DEBUG o.a.camel.support.DefaultConsumer - Init consumer: Consumer[servlet:/HealthCenter?httpMethodRestrict=GET]
2025-11-02 15:57:06 [scheduling-1] DEBUG o.a.camel.support.DefaultConsumer - Starting consumer: Consumer[servlet:/HealthCenter?httpMethodRestrict=GET]
2025-11-02 15:57:06 [scheduling-1] DEBUG o.a.c.h.common.DefaultHttpRegistry - Registering consumer for path /HealthCenter providers present: 1
2025-11-02 15:57:06 [scheduling-1] DEBUG o.a.c.c.s.CamelHttpTransportServlet - Connecting consumer: Consumer[servlet:/HealthCenter?httpMethodRestrict=GET]
2025-11-02 15:57:06 [scheduling-1] DEBUG o.a.c.i.e.InternalRouteStartupManager - Route: HealthCenter-mapping started and consuming from: servlet:/HealthCenter
2025-11-02 15:57:06 [scheduling-1] DEBUG o.a.c.i.e.InternalRouteStartupManager - Warming up route id: HealthCenter-mapping having autoStartup=true
2025-11-02 15:57:06 [scheduling-1] DEBUG o.a.c.i.e.InternalRouteStartupManager - Route: HealthCenter-mapping >>> Route[rest://get:/HealthCenter -> null]
2025-11-02 15:57:06 [scheduling-1] DEBUG o.a.c.i.e.InternalRouteStartupManager - Starting consumer (order: 1003) on route: HealthCenter-mapping
2025-11-02 15:57:06 [scheduling-1] DEBUG o.a.c.i.e.InternalRouteStartupManager - Route: HealthCenter-mapping started and consuming from: servlet:/HealthCenter
2025-11-02 15:57:06 [scheduling-1] INFO  c.m.b.k.service.DynamicRouteService - Re-added route HealthCenter-mapping to context (DB says active)
2025-11-02 15:57:06 [scheduling-1] DEBUG o.a.c.i.engine.AbstractCamelContext - Adding route configurations from builder: Routes: []
2025-11-02 15:57:06 [scheduling-1] DEBUG o.a.c.i.engine.AbstractCamelContext - Adding routes from builder: Routes: []
2025-11-02 15:57:06 [scheduling-1] DEBUG o.a.camel.support.DefaultComponent - Creating endpoint uri=[rest://post:/api/TESTscheled], path=[post:/api/TESTscheled]
2025-11-02 15:57:06 [scheduling-1] DEBUG o.a.c.i.engine.AbstractCamelContext - rest://post:/api/TESTscheled converted to endpoint: rest://post:/api/TESTscheled by component: org.apache.camel.component.rest.RestComponent@56f4efe2
2025-11-02 15:57:06 [scheduling-1] DEBUG o.a.c.i.engine.AbstractCamelContext - Resolving language: simple
2025-11-02 15:57:06 [scheduling-1] DEBUG o.a.c.i.engine.AbstractCamelContext - Resolving language: constant
2025-11-02 15:57:06 [scheduling-1] DEBUG o.a.camel.support.ResolverHelper - Lookup Language with name constant in registry. Found: null
2025-11-02 15:57:06 [scheduling-1] DEBUG o.a.camel.support.ResolverHelper - Lookup Language with name constant-language in registry. Found: null
2025-11-02 15:57:07 [scheduling-1] DEBUG o.a.c.i.engine.AbstractCamelContext - Using ComponentResolver: org.apache.camel.impl.engine.DefaultComponentResolver@10c15f39 to resolve component with name: log
2025-11-02 15:57:07 [scheduling-1] DEBUG o.a.camel.support.ResolverHelper - Lookup Component with name log in registry. Found: null
2025-11-02 15:57:07 [scheduling-1] DEBUG o.a.camel.support.ResolverHelper - Lookup Component with name log-component in registry. Found: null
2025-11-02 15:57:07 [scheduling-1] DEBUG o.a.c.i.e.DefaultComponentResolver - Found component: log via type: org.apache.camel.component.log.LogComponent via: META-INF/services/org/apache/camel/component/log
2025-11-02 15:57:07 [scheduling-1] DEBUG o.a.c.i.e.DefaultConfigurerResolver - Found configurer: log-component via type: org.apache.camel.component.log.LogComponentConfigurer via: META-INF/services/org/apache/camel/configurer/log-component
2025-11-02 15:57:07 [scheduling-1] DEBUG o.a.c.i.e.DefaultConfigurerResolver - Found configurer: log-endpoint via type: org.apache.camel.component.log.LogEndpointConfigurer via: META-INF/services/org/apache/camel/configurer/log-endpoint
2025-11-02 15:57:07 [scheduling-1] DEBUG o.a.c.i.e.DefaultConfigurerResolver - Found configurer: log-component via type: org.apache.camel.component.log.LogComponentConfigurer via: META-INF/services/org/apache/camel/configurer/log-component
2025-11-02 15:57:07 [scheduling-1] DEBUG o.a.camel.support.DefaultComponent - Creating endpoint uri=[log://output], path=[output]
2025-11-02 15:57:07 [scheduling-1] DEBUG o.a.c.i.engine.AbstractCamelContext - log://output converted to endpoint: log://output by component: org.apache.camel.component.log.LogComponent@13abdba9
2025-11-02 15:57:07 [scheduling-1] DEBUG o.apache.camel.reifier.RouteReifier - RoutePolicy is enabled: com.middleware.backend.policy.LoggingRoutePolicy@6c998aa6 on route: TESTscheled
2025-11-02 15:57:07 [scheduling-1] DEBUG o.a.c.i.e.InternalRouteStartupManager - Warming up route id: TESTscheled having autoStartup=true
2025-11-02 15:57:07 [scheduling-1] DEBUG o.a.camel.support.DefaultComponent - Creating endpoint uri=[servlet:///api/TESTscheled?httpMethodRestrict=POST], path=[/api/TESTscheled]
2025-11-02 15:57:07 [scheduling-1] DEBUG o.a.c.i.engine.AbstractCamelContext - servlet:///api/TESTscheled?httpMethodRestrict=POST converted to endpoint: servlet:/api/TESTscheled?httpMethodRestrict=POST by component: org.apache.camel.component.servlet.ServletComponent@6bc56b72
2025-11-02 15:57:07 [scheduling-1] DEBUG o.a.camel.support.DefaultProducer - Starting producer: Producer[log://output]
2025-11-02 15:57:07 [scheduling-1] DEBUG o.a.c.i.e.InternalRouteStartupManager - Route: TESTscheled >>> Route[rest://post:/api/TESTscheled -> null]
2025-11-02 15:57:07 [scheduling-1] DEBUG o.a.c.i.e.InternalRouteStartupManager - Starting consumer (order: 1004) on route: TESTscheled
2025-11-02 15:57:07 [scheduling-1] DEBUG o.a.camel.support.DefaultConsumer - Build consumer: Consumer[servlet:/api/TESTscheled?httpMethodRestrict=POST]
2025-11-02 15:57:07 [scheduling-1] DEBUG o.a.camel.support.DefaultConsumer - Init consumer: Consumer[servlet:/api/TESTscheled?httpMethodRestrict=POST]
2025-11-02 15:57:07 [scheduling-1] DEBUG o.a.camel.support.DefaultConsumer - Starting consumer: Consumer[servlet:/api/TESTscheled?httpMethodRestrict=POST]
2025-11-02 15:57:07 [scheduling-1] DEBUG o.a.c.h.common.DefaultHttpRegistry - Registering consumer for path /api/TESTscheled providers present: 1
2025-11-02 15:57:07 [scheduling-1] DEBUG o.a.c.c.s.CamelHttpTransportServlet - Connecting consumer: Consumer[servlet:/api/TESTscheled?httpMethodRestrict=POST]
2025-11-02 15:57:07 [scheduling-1] DEBUG o.a.c.i.e.InternalRouteStartupManager - Route: TESTscheled started and consuming from: servlet:/api/TESTscheled
2025-11-02 15:57:07 [scheduling-1] DEBUG o.a.c.i.e.InternalRouteStartupManager - Warming up route id: TESTscheled having autoStartup=true
2025-11-02 15:57:07 [scheduling-1] DEBUG o.a.c.i.e.InternalRouteStartupManager - Route: TESTscheled >>> Route[rest://post:/api/TESTscheled -> null]
2025-11-02 15:57:07 [scheduling-1] DEBUG o.a.c.i.e.InternalRouteStartupManager - Starting consumer (order: 1005) on route: TESTscheled
2025-11-02 15:57:07 [scheduling-1] DEBUG o.a.c.i.e.InternalRouteStartupManager - Route: TESTscheled started and consuming from: servlet:/api/TESTscheled
2025-11-02 15:57:07 [scheduling-1] INFO  c.m.b.k.service.DynamicRouteService - Re-added route TESTscheled to context (DB says active)
2025-11-02 15:57:07 [scheduling-1] DEBUG o.a.c.i.engine.AbstractCamelContext - Adding route configurations from builder: Routes: []
2025-11-02 15:57:07 [scheduling-1] DEBUG o.a.c.i.engine.AbstractCamelContext - Adding routes from builder: Routes: []
2025-11-02 15:57:07 [scheduling-1] DEBUG o.a.c.i.e.DefaultUriFactoryResolver - Found EndpointUriFactory: integrationmapping via type: com.middleware.IntegrationMappingEndpointUriFactory via: META-INF/services/org/apache/camel/urifactory/integrationmapping
2025-11-02 15:57:07 [scheduling-1] DEBUG o.a.c.i.e.DefaultUriFactoryResolver - Found EndpointUriFactory: rest via type: org.apache.camel.component.rest.RestEndpointUriFactory via: META-INF/services/org/apache/camel/urifactory/rest
2025-11-02 15:57:07 [scheduling-1] DEBUG o.a.camel.support.DefaultComponent - Creating endpoint uri=[rest://get:/attr], path=[get:/attr]
2025-11-02 15:57:07 [scheduling-1] DEBUG o.a.c.i.engine.AbstractCamelContext - rest://get:/attr converted to endpoint: rest://get:/attr by component: org.apache.camel.component.rest.RestComponent@56f4efe2
2025-11-02 15:57:07 [scheduling-1] DEBUG o.apache.camel.reifier.RouteReifier - RoutePolicy is enabled: com.middleware.backend.policy.LoggingRoutePolicy@8158da7 on route: attr-mapping
2025-11-02 15:57:07 [scheduling-1] DEBUG o.a.c.i.e.InternalRouteStartupManager - Warming up route id: attr-mapping having autoStartup=true
2025-11-02 15:57:07 [scheduling-1] DEBUG o.a.camel.support.DefaultComponent - Creating endpoint uri=[servlet:///attr?httpMethodRestrict=GET], path=[/attr]
2025-11-02 15:57:07 [scheduling-1] DEBUG o.a.c.i.engine.AbstractCamelContext - servlet:///attr?httpMethodRestrict=GET converted to endpoint: servlet:/attr?httpMethodRestrict=GET by component: org.apache.camel.component.servlet.ServletComponent@6bc56b72
2025-11-02 15:57:07 [scheduling-1] INFO  c.m.IntegrationMappingEndpoint - Creating IntegrationMappingProducer for endpoint: integrationmapping://null?code=default with mapping: null
2025-11-02 15:57:07 [scheduling-1] DEBUG o.a.camel.support.DefaultProducer - Starting producer: Producer[integrationmapping://null?code=default]
2025-11-02 15:57:07 [scheduling-1] DEBUG o.a.c.i.e.InternalRouteStartupManager - Route: attr-mapping >>> Route[rest://get:/attr -> null]
2025-11-02 15:57:07 [scheduling-1] DEBUG o.a.c.i.e.InternalRouteStartupManager - Starting consumer (order: 1006) on route: attr-mapping
2025-11-02 15:57:07 [scheduling-1] DEBUG o.a.camel.support.DefaultConsumer - Build consumer: Consumer[servlet:/attr?httpMethodRestrict=GET]
2025-11-02 15:57:07 [scheduling-1] DEBUG o.a.camel.support.DefaultConsumer - Init consumer: Consumer[servlet:/attr?httpMethodRestrict=GET]
2025-11-02 15:57:07 [scheduling-1] DEBUG o.a.camel.support.DefaultConsumer - Starting consumer: Consumer[servlet:/attr?httpMethodRestrict=GET]
2025-11-02 15:57:07 [scheduling-1] DEBUG o.a.c.h.common.DefaultHttpRegistry - Registering consumer for path /attr providers present: 1
2025-11-02 15:57:07 [scheduling-1] DEBUG o.a.c.c.s.CamelHttpTransportServlet - Connecting consumer: Consumer[servlet:/attr?httpMethodRestrict=GET]
2025-11-02 15:57:07 [scheduling-1] DEBUG o.a.c.i.e.InternalRouteStartupManager - Route: attr-mapping started and consuming from: servlet:/attr
2025-11-02 15:57:07 [scheduling-1] DEBUG o.a.c.i.e.InternalRouteStartupManager - Warming up route id: attr-mapping having autoStartup=true
2025-11-02 15:57:07 [scheduling-1] DEBUG o.a.c.i.e.InternalRouteStartupManager - Route: attr-mapping >>> Route[rest://get:/attr -> null]
2025-11-02 15:57:07 [scheduling-1] DEBUG o.a.c.i.e.InternalRouteStartupManager - Starting consumer (order: 1007) on route: attr-mapping
2025-11-02 15:57:07 [scheduling-1] DEBUG o.a.c.i.e.InternalRouteStartupManager - Route: attr-mapping started and consuming from: servlet:/attr
2025-11-02 15:57:07 [scheduling-1] INFO  c.m.b.k.service.DynamicRouteService - Re-added route attr-mapping to context (DB says active)
2025-11-02 15:57:07 [scheduling-1] DEBUG o.a.c.i.engine.AbstractCamelContext - Adding route configurations from builder: Routes: []
2025-11-02 15:57:07 [scheduling-1] DEBUG o.a.c.i.engine.AbstractCamelContext - Adding routes from builder: Routes: []
2025-11-02 15:57:07 [scheduling-1] DEBUG o.a.camel.support.DefaultComponent - Creating endpoint uri=[rest://post:/api/hello], path=[post:/api/hello]
2025-11-02 15:57:07 [scheduling-1] DEBUG o.a.c.i.engine.AbstractCamelContext - rest://post:/api/hello converted to endpoint: rest://post:/api/hello by component: org.apache.camel.component.rest.RestComponent@56f4efe2
2025-11-02 15:57:07 [scheduling-1] DEBUG o.a.c.i.engine.AbstractCamelContext - Resolving language: simple
2025-11-02 15:57:07 [scheduling-1] DEBUG o.a.c.i.engine.AbstractCamelContext - Resolving language: constant
2025-11-02 15:57:07 [scheduling-1] DEBUG o.apache.camel.reifier.RouteReifier - RoutePolicy is enabled: com.middleware.backend.policy.LoggingRoutePolicy@6084c261 on route: my-new-route
2025-11-02 15:57:07 [scheduling-1] DEBUG o.a.c.i.e.InternalRouteStartupManager - Warming up route id: my-new-route having autoStartup=true
2025-11-02 15:57:07 [scheduling-1] DEBUG o.a.camel.support.DefaultComponent - Creating endpoint uri=[servlet:///api/hello?httpMethodRestrict=POST], path=[/api/hello]
2025-11-02 15:57:07 [scheduling-1] DEBUG o.a.c.i.engine.AbstractCamelContext - servlet:///api/hello?httpMethodRestrict=POST converted to endpoint: servlet:/api/hello?httpMethodRestrict=POST by component: org.apache.camel.component.servlet.ServletComponent@6bc56b72
2025-11-02 15:57:07 [scheduling-1] DEBUG o.a.camel.support.DefaultProducer - Starting producer: Producer[log://output]
2025-11-02 15:57:07 [scheduling-1] DEBUG o.a.c.i.e.InternalRouteStartupManager - Route: my-new-route >>> Route[rest://post:/api/hello -> null]
2025-11-02 15:57:07 [scheduling-1] DEBUG o.a.c.i.e.InternalRouteStartupManager - Starting consumer (order: 1008) on route: my-new-route
2025-11-02 15:57:07 [scheduling-1] DEBUG o.a.camel.support.DefaultConsumer - Build consumer: Consumer[servlet:/api/hello?httpMethodRestrict=POST]
2025-11-02 15:57:07 [scheduling-1] DEBUG o.a.camel.support.DefaultConsumer - Init consumer: Consumer[servlet:/api/hello?httpMethodRestrict=POST]
2025-11-02 15:57:07 [scheduling-1] DEBUG o.a.camel.support.DefaultConsumer - Starting consumer: Consumer[servlet:/api/hello?httpMethodRestrict=POST]
2025-11-02 15:57:07 [scheduling-1] DEBUG o.a.c.h.common.DefaultHttpRegistry - Registering consumer for path /api/hello providers present: 1
2025-11-02 15:57:07 [scheduling-1] DEBUG o.a.c.c.s.CamelHttpTransportServlet - Connecting consumer: Consumer[servlet:/api/hello?httpMethodRestrict=POST]
2025-11-02 15:57:07 [scheduling-1] DEBUG o.a.c.i.e.InternalRouteStartupManager - Route: my-new-route started and consuming from: servlet:/api/hello
2025-11-02 15:57:07 [scheduling-1] DEBUG o.a.c.i.e.InternalRouteStartupManager - Warming up route id: my-new-route having autoStartup=true
2025-11-02 15:57:07 [scheduling-1] DEBUG o.a.c.i.e.InternalRouteStartupManager - Route: my-new-route >>> Route[rest://post:/api/hello -> null]
2025-11-02 15:57:07 [scheduling-1] DEBUG o.a.c.i.e.InternalRouteStartupManager - Starting consumer (order: 1009) on route: my-new-route
2025-11-02 15:57:07 [scheduling-1] DEBUG o.a.c.i.e.InternalRouteStartupManager - Route: my-new-route started and consuming from: servlet:/api/hello
2025-11-02 15:57:07 [scheduling-1] INFO  c.m.b.k.service.DynamicRouteService - Re-added route my-new-route to context (DB says active)
2025-11-02 15:57:07 [scheduling-1] DEBUG o.a.c.i.engine.AbstractCamelContext - Adding route configurations from builder: Routes: []
2025-11-02 15:57:07 [scheduling-1] DEBUG o.a.c.i.engine.AbstractCamelContext - Adding routes from builder: Routes: []
2025-11-02 15:57:07 [scheduling-1] DEBUG o.a.c.i.e.DefaultUriFactoryResolver - Found EndpointUriFactory: rest via type: org.apache.camel.component.rest.RestEndpointUriFactory via: META-INF/services/org/apache/camel/urifactory/rest
2025-11-02 15:57:07 [scheduling-1] DEBUG o.a.camel.support.DefaultComponent - Creating endpoint uri=[rest://get:/healthmap22], path=[get:/healthmap22]
2025-11-02 15:57:07 [scheduling-1] DEBUG o.a.c.i.engine.AbstractCamelContext - rest://get:/healthmap22 converted to endpoint: rest://get:/healthmap22 by component: org.apache.camel.component.rest.RestComponent@56f4efe2
2025-11-02 15:57:07 [scheduling-1] DEBUG o.a.camel.support.DefaultComponent - Creating endpoint uri=[integrationmapping://default], path=[default]
2025-11-02 15:57:07 [scheduling-1] INFO  c.m.IntegrationMappingEndpoint - IntegrationMappingEndpoint created for URI: integrationmapping://default
2025-11-02 15:57:07 [scheduling-1] DEBUG o.a.c.i.engine.AbstractCamelContext - integrationmapping://default converted to endpoint: integrationmapping://default by component: com.middleware.IntegrationMappingComponent@1419a868
2025-11-02 15:57:07 [scheduling-1] DEBUG o.apache.camel.reifier.RouteReifier - RoutePolicy is enabled: com.middleware.backend.policy.LoggingRoutePolicy@3472f370 on route: integration-mapping-tes
2025-11-02 15:57:07 [scheduling-1] DEBUG o.a.c.i.e.InternalRouteStartupManager - Warming up route id: integration-mapping-tes having autoStartup=true
2025-11-02 15:57:07 [scheduling-1] DEBUG o.a.camel.support.DefaultComponent - Creating endpoint uri=[servlet:///healthmap22?httpMethodRestrict=GET], path=[/healthmap22]
2025-11-02 15:57:07 [scheduling-1] DEBUG o.a.c.i.engine.AbstractCamelContext - servlet:///healthmap22?httpMethodRestrict=GET converted to endpoint: servlet:/healthmap22?httpMethodRestrict=GET by component: org.apache.camel.component.servlet.ServletComponent@6bc56b72
2025-11-02 15:57:07 [scheduling-1] INFO  c.m.IntegrationMappingEndpoint - Creating IntegrationMappingProducer for endpoint: integrationmapping://default with mapping: null
2025-11-02 15:57:07 [scheduling-1] DEBUG o.a.camel.support.DefaultProducer - Starting producer: Producer[integrationmapping://default]
2025-11-02 15:57:07 [scheduling-1] DEBUG o.a.c.i.e.InternalRouteStartupManager - Route: integration-mapping-tes >>> Route[rest://get:/healthmap22 -> null]
2025-11-02 15:57:07 [scheduling-1] DEBUG o.a.c.i.e.InternalRouteStartupManager - Starting consumer (order: 1010) on route: integration-mapping-tes
2025-11-02 15:57:07 [scheduling-1] DEBUG o.a.camel.support.DefaultConsumer - Build consumer: Consumer[servlet:/healthmap22?httpMethodRestrict=GET]
2025-11-02 15:57:07 [scheduling-1] DEBUG o.a.camel.support.DefaultConsumer - Init consumer: Consumer[servlet:/healthmap22?httpMethodRestrict=GET]
2025-11-02 15:57:07 [scheduling-1] DEBUG o.a.camel.support.DefaultConsumer - Starting consumer: Consumer[servlet:/healthmap22?httpMethodRestrict=GET]
2025-11-02 15:57:07 [scheduling-1] DEBUG o.a.c.h.common.DefaultHttpRegistry - Registering consumer for path /healthmap22 providers present: 1
2025-11-02 15:57:07 [scheduling-1] DEBUG o.a.c.c.s.CamelHttpTransportServlet - Connecting consumer: Consumer[servlet:/healthmap22?httpMethodRestrict=GET]
2025-11-02 15:57:07 [scheduling-1] DEBUG o.a.c.i.e.InternalRouteStartupManager - Route: integration-mapping-tes started and consuming from: servlet:/healthmap22
2025-11-02 15:57:07 [scheduling-1] DEBUG o.a.c.i.e.InternalRouteStartupManager - Warming up route id: integration-mapping-tes having autoStartup=true
2025-11-02 15:57:07 [scheduling-1] DEBUG o.a.c.i.e.InternalRouteStartupManager - Route: integration-mapping-tes >>> Route[rest://get:/healthmap22 -> null]
2025-11-02 15:57:07 [scheduling-1] DEBUG o.a.c.i.e.InternalRouteStartupManager - Starting consumer (order: 1011) on route: integration-mapping-tes
2025-11-02 15:57:07 [scheduling-1] DEBUG o.a.c.i.e.InternalRouteStartupManager - Route: integration-mapping-tes started and consuming from: servlet:/healthmap22
2025-11-02 15:57:07 [scheduling-1] INFO  c.m.b.k.service.DynamicRouteService - Re-added route integration-mapping-tes to context (DB says active)
2025-11-02 15:57:07 [scheduling-1] DEBUG o.a.c.i.engine.AbstractCamelContext - Adding route configurations from builder: Routes: []
2025-11-02 15:57:07 [scheduling-1] DEBUG o.a.c.i.engine.AbstractCamelContext - Adding routes from builder: Routes: []
2025-11-02 15:57:07 [scheduling-1] DEBUG o.a.c.i.e.DefaultUriFactoryResolver - Found EndpointUriFactory: integratedSystem via type: com.middleware.IntegratedSystemEndpointUriFactory via: META-INF/services/org/apache/camel/urifactory/integratedSystem
2025-11-02 15:57:07 [scheduling-1] DEBUG o.a.c.i.e.DefaultUriFactoryResolver - Found EndpointUriFactory: servlet via type: org.apache.camel.component.servlet.ServletEndpointUriFactory via: META-INF/services/org/apache/camel/urifactory/servlet
2025-11-02 15:57:07 [scheduling-1] DEBUG o.a.camel.support.DefaultComponent - Creating endpoint uri=[servlet:///v1/datasets?httpMethodRestrict=POST], path=[/v1/datasets]
2025-11-02 15:57:07 [scheduling-1] DEBUG o.a.c.i.engine.AbstractCamelContext - servlet:///v1/datasets?httpMethodRestrict=POST converted to endpoint: servlet:/v1/datasets?httpMethodRestrict=POST by component: org.apache.camel.component.servlet.ServletComponent@6bc56b72
2025-11-02 15:57:07 [scheduling-1] DEBUG o.a.c.i.engine.AbstractCamelContext - Using ComponentResolver: org.apache.camel.impl.engine.DefaultComponentResolver@10c15f39 to resolve component with name: integratedSystem
2025-11-02 15:57:07 [scheduling-1] DEBUG o.a.camel.support.ResolverHelper - Lookup Component with name integratedSystem in registry. Found: null
2025-11-02 15:57:07 [scheduling-1] DEBUG o.a.camel.support.ResolverHelper - Lookup Component with name integratedSystem-component in registry. Found: null
2025-11-02 15:57:07 [scheduling-1] DEBUG o.a.c.i.e.DefaultComponentResolver - Found component: integratedSystem via type: com.middleware.IntegratedSystemComponent via: META-INF/services/org/apache/camel/component/integratedSystem
2025-11-02 15:57:07 [scheduling-1] DEBUG o.a.c.i.e.DefaultConfigurerResolver - Found configurer: integratedSystem-component via type: com.middleware.IntegratedSystemComponentConfigurer via: META-INF/services/org/apache/camel/configurer/integratedSystem-component
2025-11-02 15:57:07 [scheduling-1] DEBUG o.a.c.i.e.DefaultConfigurerResolver - Found configurer: integratedSystem-endpoint via type: com.middleware.IntegratedSystemEndpointConfigurer via: META-INF/services/org/apache/camel/configurer/integratedSystem-endpoint
2025-11-02 15:57:07 [scheduling-1] DEBUG o.a.c.i.e.DefaultConfigurerResolver - Found configurer: integratedSystem-component via type: com.middleware.IntegratedSystemComponentConfigurer via: META-INF/services/org/apache/camel/configurer/integratedSystem-component
2025-11-02 15:57:07 [scheduling-1] DEBUG o.a.camel.support.DefaultComponent - Creating endpoint uri=[integratedSystem://null?code=DHIS2.2], path=[null]
2025-11-02 15:57:07 [scheduling-1] INFO  c.m.IntegratedSystemComponent - Created IntegratedSystemEndpoint for URI: integratedSystem://null?code=DHIS2.2
2025-11-02 15:57:07 [scheduling-1] DEBUG o.a.c.i.engine.AbstractCamelContext - integratedSystem://null?code=DHIS2.2 converted to endpoint: integratedSystem://null?code=DHIS2.2 by component: com.middleware.IntegratedSystemComponent@7d461a31
2025-11-02 15:57:07 [scheduling-1] DEBUG o.apache.camel.reifier.RouteReifier - RoutePolicy is enabled: com.middleware.backend.policy.LoggingRoutePolicy@16d5f60e on route: dhis2-upload-csv
2025-11-02 15:57:07 [scheduling-1] DEBUG o.a.c.i.e.InternalRouteStartupManager - Warming up route id: dhis2-upload-csv having autoStartup=true
2025-11-02 15:57:07 [scheduling-1] DEBUG o.a.camel.support.DefaultProducer - Starting producer: Producer[integratedSystem://null?code=DHIS2.2]
2025-11-02 15:57:07 [scheduling-1] DEBUG o.a.c.i.e.InternalRouteStartupManager - Route: dhis2-upload-csv >>> Route[servlet:/v1/datasets?httpMethodRestrict=POST -> null]
2025-11-02 15:57:07 [scheduling-1] DEBUG o.a.c.i.e.InternalRouteStartupManager - Starting consumer (order: 1012) on route: dhis2-upload-csv
2025-11-02 15:57:07 [scheduling-1] DEBUG o.a.camel.support.DefaultConsumer - Build consumer: Consumer[servlet:/v1/datasets?httpMethodRestrict=POST]
2025-11-02 15:57:07 [scheduling-1] DEBUG o.a.camel.support.DefaultConsumer - Init consumer: Consumer[servlet:/v1/datasets?httpMethodRestrict=POST]
2025-11-02 15:57:07 [scheduling-1] DEBUG o.a.camel.support.DefaultConsumer - Starting consumer: Consumer[servlet:/v1/datasets?httpMethodRestrict=POST]
2025-11-02 15:57:07 [scheduling-1] DEBUG o.a.c.h.common.DefaultHttpRegistry - Registering consumer for path /v1/datasets providers present: 1
2025-11-02 15:57:07 [scheduling-1] DEBUG o.a.c.c.s.CamelHttpTransportServlet - Connecting consumer: Consumer[servlet:/v1/datasets?httpMethodRestrict=POST]
2025-11-02 15:57:07 [scheduling-1] DEBUG o.a.c.i.e.InternalRouteStartupManager - Route: dhis2-upload-csv started and consuming from: servlet:/v1/datasets
2025-11-02 15:57:07 [scheduling-1] DEBUG o.a.c.i.e.InternalRouteStartupManager - Warming up route id: dhis2-upload-csv having autoStartup=true
2025-11-02 15:57:07 [scheduling-1] DEBUG o.a.c.i.e.InternalRouteStartupManager - Route: dhis2-upload-csv >>> Route[servlet:/v1/datasets?httpMethodRestrict=POST -> null]
2025-11-02 15:57:07 [scheduling-1] DEBUG o.a.c.i.e.InternalRouteStartupManager - Starting consumer (order: 1013) on route: dhis2-upload-csv
2025-11-02 15:57:07 [scheduling-1] DEBUG o.a.c.i.e.InternalRouteStartupManager - Route: dhis2-upload-csv started and consuming from: servlet:/v1/datasets
2025-11-02 15:57:07 [scheduling-1] INFO  c.m.b.k.service.DynamicRouteService - Re-added route dhis2-upload-csv to context (DB says active)
2025-11-02 15:57:07 [scheduling-1] DEBUG o.a.c.i.engine.AbstractCamelContext - Adding route configurations from builder: Routes: []
2025-11-02 15:57:07 [scheduling-1] DEBUG o.a.c.i.engine.AbstractCamelContext - Adding routes from builder: Routes: []
2025-11-02 15:57:07 [scheduling-1] DEBUG o.a.c.i.e.DefaultUriFactoryResolver - Found EndpointUriFactory: servlet via type: org.apache.camel.component.servlet.ServletEndpointUriFactory via: META-INF/services/org/apache/camel/urifactory/servlet
2025-11-02 15:57:07 [scheduling-1] DEBUG o.a.camel.support.DefaultComponent - Creating endpoint uri=[servlet:///external/integrate?httpMethodRestrict=POST], path=[/external/integrate]
2025-11-02 15:57:07 [scheduling-1] DEBUG o.a.c.i.engine.AbstractCamelContext - servlet:///external/integrate?httpMethodRestrict=POST converted to endpoint: servlet:/external/integrate?httpMethodRestrict=POST by component: org.apache.camel.component.servlet.ServletComponent@6bc56b72
2025-11-02 15:57:07 [scheduling-1] DEBUG o.a.c.i.engine.AbstractCamelContext - Using ComponentResolver: org.apache.camel.impl.engine.DefaultComponentResolver@10c15f39 to resolve component with name: hakeem
2025-11-02 15:57:07 [scheduling-1] DEBUG o.a.camel.support.ResolverHelper - Lookup Component with name hakeem in registry. Found: null
2025-11-02 15:57:07 [scheduling-1] DEBUG o.a.camel.support.ResolverHelper - Lookup Component with name hakeem-component in registry. Found: null
2025-11-02 15:57:07 [scheduling-1] DEBUG o.a.c.i.e.DefaultComponentResolver - Found component: hakeem via type: com.middleware.dhis2.Dhis2Component via: META-INF/services/org/apache/camel/component/hakeem
2025-11-02 15:57:07 [scheduling-1] INFO  com.middleware.dhis2.Dhis2Component - Dhis2Component initialized.
2025-11-02 15:57:07 [scheduling-1] DEBUG o.a.c.i.e.DefaultConfigurerResolver - Found configurer: hakeem-component via type: com.middleware.dhis2.Dhis2ComponentConfigurer via: META-INF/services/org/apache/camel/configurer/hakeem-component
2025-11-02 15:57:07 [scheduling-1] DEBUG o.a.c.i.e.DefaultConfigurerResolver - Found configurer: hakeem-endpoint via type: com.middleware.dhis2.Dhis2EndpointConfigurer via: META-INF/services/org/apache/camel/configurer/hakeem-endpoint
2025-11-02 15:57:07 [scheduling-1] DEBUG o.a.c.i.e.DefaultConfigurerResolver - Found configurer: hakeem-component via type: com.middleware.dhis2.Dhis2ComponentConfigurer via: META-INF/services/org/apache/camel/configurer/hakeem-component
2025-11-02 15:57:07 [scheduling-1] DEBUG o.a.camel.support.DefaultComponent - Creating endpoint uri=[hakeem://default], path=[default]
2025-11-02 15:57:07 [scheduling-1] INFO  com.middleware.dhis2.Dhis2Endpoint - Dhis2Endpoint created for URI: hakeem://default with operation: default
2025-11-02 15:57:07 [scheduling-1] INFO  com.middleware.dhis2.Dhis2Component - Dhis2Service successfully looked up from Camel registry.
2025-11-02 15:57:07 [scheduling-1] INFO  com.middleware.dhis2.Dhis2Component - Created Dhis2Endpoint: hakeem://default
2025-11-02 15:57:07 [scheduling-1] DEBUG o.a.c.i.engine.AbstractCamelContext - hakeem://default converted to endpoint: hakeem://default by component: com.middleware.dhis2.Dhis2Component@42b47814
2025-11-02 15:57:07 [scheduling-1] DEBUG o.apache.camel.reifier.RouteReifier - RoutePolicy is enabled: com.middleware.backend.policy.LoggingRoutePolicy@3744d7d0 on route: dhis2-upload-csv-sync-raw-only
2025-11-02 15:57:07 [scheduling-1] DEBUG o.a.c.i.e.InternalRouteStartupManager - Warming up route id: dhis2-upload-csv-sync-raw-only having autoStartup=true
2025-11-02 15:57:07 [scheduling-1] INFO  com.middleware.dhis2.Dhis2Endpoint - Creating Dhis2Producer for endpoint: hakeem://default with operation: default
2025-11-02 15:57:07 [scheduling-1] DEBUG o.a.camel.support.DefaultProducer - Starting producer: Producer[hakeem://default]
2025-11-02 15:57:07 [scheduling-1] DEBUG o.a.c.i.e.InternalRouteStartupManager - Route: dhis2-upload-csv-sync-raw-only >>> Route[servlet:/external/integrate?httpMethodRestrict=POST -> null]
2025-11-02 15:57:07 [scheduling-1] DEBUG o.a.c.i.e.InternalRouteStartupManager - Starting consumer (order: 1014) on route: dhis2-upload-csv-sync-raw-only
2025-11-02 15:57:07 [scheduling-1] DEBUG o.a.camel.support.DefaultConsumer - Build consumer: Consumer[servlet:/external/integrate?httpMethodRestrict=POST]
2025-11-02 15:57:07 [scheduling-1] DEBUG o.a.camel.support.DefaultConsumer - Init consumer: Consumer[servlet:/external/integrate?httpMethodRestrict=POST]
2025-11-02 15:57:07 [scheduling-1] DEBUG o.a.camel.support.DefaultConsumer - Starting consumer: Consumer[servlet:/external/integrate?httpMethodRestrict=POST]
2025-11-02 15:57:07 [scheduling-1] DEBUG o.a.c.h.common.DefaultHttpRegistry - Registering consumer for path /external/integrate providers present: 1
2025-11-02 15:57:07 [scheduling-1] DEBUG o.a.c.c.s.CamelHttpTransportServlet - Connecting consumer: Consumer[servlet:/external/integrate?httpMethodRestrict=POST]
2025-11-02 15:57:07 [scheduling-1] DEBUG o.a.c.i.e.InternalRouteStartupManager - Route: dhis2-upload-csv-sync-raw-only started and consuming from: servlet:/external/integrate
2025-11-02 15:57:07 [scheduling-1] DEBUG o.a.c.i.e.InternalRouteStartupManager - Warming up route id: dhis2-upload-csv-sync-raw-only having autoStartup=true
2025-11-02 15:57:07 [scheduling-1] DEBUG o.a.c.i.e.InternalRouteStartupManager - Route: dhis2-upload-csv-sync-raw-only >>> Route[servlet:/external/integrate?httpMethodRestrict=POST -> null]
2025-11-02 15:57:07 [scheduling-1] DEBUG o.a.c.i.e.InternalRouteStartupManager - Starting consumer (order: 1015) on route: dhis2-upload-csv-sync-raw-only
2025-11-02 15:57:07 [scheduling-1] DEBUG o.a.c.i.e.InternalRouteStartupManager - Route: dhis2-upload-csv-sync-raw-only started and consuming from: servlet:/external/integrate
2025-11-02 15:57:07 [scheduling-1] INFO  c.m.b.k.service.DynamicRouteService - Re-added route dhis2-upload-csv-sync-raw-only to context (DB says active)
2025-11-02 15:57:07 [scheduling-1] INFO  c.m.b.k.service.DynamicRouteService - Completed route status sync
2025-11-02 15:57:34 [scheduling-1] INFO  c.m.b.k.service.DynamicRouteService - Starting route status sync with Camel context
2025-11-02 15:57:34 [scheduling-1] INFO  c.m.b.k.service.DynamicRouteService - Completed route status sync
2025-11-02 15:58:04 [scheduling-1] INFO  c.m.b.k.service.DynamicRouteService - Starting route status sync with Camel context
2025-11-02 15:58:04 [scheduling-1] INFO  c.m.b.k.service.DynamicRouteService - Completed route status sync
2025-11-02 15:58:34 [scheduling-1] INFO  c.m.b.k.service.DynamicRouteService - Starting route status sync with Camel context
2025-11-02 15:58:34 [scheduling-1] INFO  c.m.b.k.service.DynamicRouteService - Completed route status sync
2025-11-02 15:59:04 [scheduling-1] INFO  c.m.b.k.service.DynamicRouteService - Starting route status sync with Camel context
2025-11-02 15:59:04 [scheduling-1] INFO  c.m.b.k.service.DynamicRouteService - Completed route status sync
2025-11-02 15:59:34 [scheduling-1] INFO  c.m.b.k.service.DynamicRouteService - Starting route status sync with Camel context
2025-11-02 15:59:34 [scheduling-1] INFO  c.m.b.k.service.DynamicRouteService - Completed route status sync
2025-11-02 15:59:50 [http-nio-8081-exec-4] INFO  c.m.b.k.service.DynamicRouteService - Fetching active routes with pagination
2025-11-02 15:59:50 [http-nio-8081-exec-5] INFO  c.m.b.k.service.DynamicRouteService - Fetching active routes with pagination
2025-11-02 15:59:50 [http-nio-8081-exec-6] INFO  c.m.b.k.service.DynamicRouteService - Fetching active routes with pagination
2025-11-02 15:59:50 [http-nio-8081-exec-4] DEBUG o.s.w.f.CommonsRequestLoggingFilter - Before request [GET /api/integrated-apis?page=0&size=10, client=0:0:0:0:0:0:0:1, user=admin@mail.com]
2025-11-02 15:59:50 [http-nio-8081-exec-5] DEBUG o.s.w.f.CommonsRequestLoggingFilter - Before request [GET /api/routes/routes, client=0:0:0:0:0:0:0:1, user=admin@mail.com]
2025-11-02 15:59:50 [http-nio-8081-exec-4] DEBUG o.s.web.servlet.DispatcherServlet - GET "/api/integrated-apis?page=0&size=10", parameters={masked}
2025-11-02 15:59:50 [http-nio-8081-exec-5] DEBUG o.s.web.servlet.DispatcherServlet - GET "/api/routes/routes", parameters={}
2025-11-02 15:59:50 [http-nio-8081-exec-4] DEBUG o.s.w.s.m.m.a.RequestMappingHandlerMapping - Mapped to com.middleware.backend.kaotocamel.controller.IntegratedApiController#findAll(String, String, String, String, String, String, Boolean, String, LocalDateTime, LocalDateTime, LocalDateTime, LocalDateTime, String, Long, Long, int, int, String[])
2025-11-02 15:59:50 [http-nio-8081-exec-5] DEBUG o.s.w.s.m.m.a.RequestMappingHandlerMapping - Mapped to com.middleware.backend.kaotocamel.controller.DynamicRouteController#getRoutesForDropdown()
2025-11-02 15:59:50 [http-nio-8081-exec-6] DEBUG o.s.w.f.CommonsRequestLoggingFilter - Before request [GET /api/integrated-system/codes, client=0:0:0:0:0:0:0:1, user=admin@mail.com]
2025-11-02 15:59:50 [http-nio-8081-exec-6] DEBUG o.s.web.servlet.DispatcherServlet - GET "/api/integrated-system/codes", parameters={}
2025-11-02 15:59:50 [http-nio-8081-exec-6] DEBUG o.s.w.s.m.m.a.RequestMappingHandlerMapping - Mapped to com.middleware.backend.integrated_systems.controller.IntegratedSystemController#getAllCodes()
2025-11-02 15:59:51 [http-nio-8081-exec-5] INFO  c.m.b.k.service.DynamicRouteService - Fetching latest active routes for dropdown
2025-11-02 15:59:51 [http-nio-8081-exec-4] DEBUG c.m.b.k.c.IntegratedApiController - Received sort params: [id, desc]
2025-11-02 15:59:51 [http-nio-8081-exec-4] DEBUG c.m.b.k.c.IntegratedApiController - Handling separated params - field: 'id', direction: 'desc'
2025-11-02 15:59:51 [http-nio-8081-exec-4] DEBUG c.m.b.k.c.IntegratedApiController - Added separated sort order: id DESC
2025-11-02 15:59:51 [http-nio-8081-exec-4] DEBUG c.m.b.k.c.IntegratedApiController - Final sort object: id: DESC
2025-11-02 15:59:51 [http-nio-8081-exec-5] INFO  c.m.b.k.service.DynamicRouteService - Found 8 active routes
2025-11-02 15:59:51 [http-nio-8081-exec-5] INFO  c.m.b.k.c.DynamicRouteController - Returning 8 routes for dropdown
2025-11-02 15:59:51 [http-nio-8081-exec-4] WARN  o.s.d.w.c.SpringDataJacksonConfiguration$PageModule$WarningLoggingModifier - Serializing PageImpl instances as-is is not supported, meaning that there is no guarantee about the stability of the resulting JSON structure!
	For a stable JSON structure, please use Spring Data's PagedModel (globally via @EnableSpringDataWebSupport(pageSerializationMode = VIA_DTO))
	or Spring HATEOAS and Spring Data's PagedResourcesAssembler as documented in https://docs.spring.io/spring-data/commons/reference/repositories/core-extensions.html#core.web.pageables.

2025-11-02 15:59:51 [http-nio-8081-exec-4] DEBUG o.s.w.s.m.m.a.HttpEntityMethodProcessor - Using 'application/json', given [application/json] and supported [application/json, application/*+json, application/yaml]
2025-11-02 15:59:51 [http-nio-8081-exec-5] DEBUG o.s.w.s.m.m.a.HttpEntityMethodProcessor - Using 'application/json', given [application/json] and supported [application/json, application/*+json, application/yaml]
2025-11-02 15:59:51 [http-nio-8081-exec-5] DEBUG o.s.w.s.m.m.a.HttpEntityMethodProcessor - Writing [[{path=/HealthCenter, routeId=HealthCenter-mapping}, {path=/api/TESTscheled, routeId=TESTscheled}, { (truncated)...]
2025-11-02 15:59:51 [http-nio-8081-exec-4] DEBUG o.s.w.s.m.m.a.HttpEntityMethodProcessor - Writing [Page 1 of 1 containing com.middleware.backend.kaotocamel.dto.IntegratedApiDto instances]
2025-11-02 15:59:51 [http-nio-8081-exec-6] DEBUG o.s.w.s.m.m.a.HttpEntityMethodProcessor - Using 'application/json', given [application/json] and supported [application/json, application/*+json, application/yaml]
2025-11-02 15:59:51 [http-nio-8081-exec-6] DEBUG o.s.w.s.m.m.a.HttpEntityMethodProcessor - Writing [[DHIS2.1, DHIS2.2]]
2025-11-02 15:59:51 [http-nio-8081-exec-5] DEBUG o.s.web.servlet.DispatcherServlet - Completed 200 OK
2025-11-02 15:59:51 [http-nio-8081-exec-6] DEBUG o.s.web.servlet.DispatcherServlet - Completed 200 OK
2025-11-02 15:59:51 [http-nio-8081-exec-6] DEBUG o.a.camel.spring.SpringCamelContext - onApplicationEvent: ServletRequestHandledEvent: url=[/api/integrated-system/codes]; client=[0:0:0:0:0:0:0:1]; method=[GET]; status=[200]; servlet=[dispatcherServlet]; session=[null]; user=[admin@mail.com]; time=[414ms]
2025-11-02 15:59:51 [http-nio-8081-exec-6] DEBUG o.s.w.f.CommonsRequestLoggingFilter - After request [GET /api/integrated-system/codes, client=0:0:0:0:0:0:0:1, user=admin@mail.com]
2025-11-02 15:59:51 [http-nio-8081-exec-5] DEBUG o.a.camel.spring.SpringCamelContext - onApplicationEvent: ServletRequestHandledEvent: url=[/api/routes/routes]; client=[0:0:0:0:0:0:0:1]; method=[GET]; status=[200]; servlet=[dispatcherServlet]; session=[null]; user=[admin@mail.com]; time=[438ms]
2025-11-02 15:59:51 [http-nio-8081-exec-5] DEBUG o.s.w.f.CommonsRequestLoggingFilter - After request [GET /api/routes/routes, client=0:0:0:0:0:0:0:1, user=admin@mail.com]
2025-11-02 15:59:51 [http-nio-8081-exec-4] DEBUG o.s.web.servlet.DispatcherServlet - Completed 200 OK
2025-11-02 15:59:51 [http-nio-8081-exec-4] DEBUG o.a.camel.spring.SpringCamelContext - onApplicationEvent: ServletRequestHandledEvent: url=[/api/integrated-apis]; client=[0:0:0:0:0:0:0:1]; method=[GET]; status=[200]; servlet=[dispatcherServlet]; session=[null]; user=[admin@mail.com]; time=[448ms]
2025-11-02 15:59:51 [http-nio-8081-exec-4] DEBUG o.s.w.f.CommonsRequestLoggingFilter - After request [GET /api/integrated-apis?page=0&size=10, client=0:0:0:0:0:0:0:1, user=admin@mail.com]
2025-11-02 15:59:56 [http-nio-8081-exec-8] INFO  c.m.b.k.service.DynamicRouteService - Fetching active routes with pagination
2025-11-02 15:59:56 [http-nio-8081-exec-8] DEBUG o.s.w.f.CommonsRequestLoggingFilter - Before request [GET /api/integrated-apis/8, client=0:0:0:0:0:0:0:1, user=admin@mail.com]
2025-11-02 15:59:56 [http-nio-8081-exec-8] DEBUG o.s.web.servlet.DispatcherServlet - GET "/api/integrated-apis/8", parameters={}
2025-11-02 15:59:56 [http-nio-8081-exec-8] DEBUG o.s.w.s.m.m.a.RequestMappingHandlerMapping - Mapped to com.middleware.backend.kaotocamel.controller.IntegratedApiController#findById(Long)
2025-11-02 15:59:56 [http-nio-8081-exec-8] DEBUG o.s.w.s.m.m.a.HttpEntityMethodProcessor - Using 'application/json', given [application/json] and supported [application/json, application/*+json, application/yaml]
2025-11-02 15:59:56 [http-nio-8081-exec-8] DEBUG o.s.w.s.m.m.a.HttpEntityMethodProcessor - Writing [IntegratedApiDto(id=8, code=meta_data_attr, name=metadata attr, apiUrl=/api/metadata.json?organisati (truncated)...]
2025-11-02 15:59:56 [http-nio-8081-exec-8] DEBUG o.s.web.servlet.DispatcherServlet - Completed 200 OK
2025-11-02 15:59:56 [http-nio-8081-exec-8] DEBUG o.a.camel.spring.SpringCamelContext - onApplicationEvent: ServletRequestHandledEvent: url=[/api/integrated-apis/8]; client=[0:0:0:0:0:0:0:1]; method=[GET]; status=[200]; servlet=[dispatcherServlet]; session=[null]; user=[admin@mail.com]; time=[279ms]
2025-11-02 15:59:56 [http-nio-8081-exec-8] DEBUG o.s.w.f.CommonsRequestLoggingFilter - After request [GET /api/integrated-apis/8, client=0:0:0:0:0:0:0:1, user=admin@mail.com]
2025-11-02 16:00:01 [http-nio-8081-exec-10] INFO  c.m.b.k.service.DynamicRouteService - Fetching active routes with pagination
2025-11-02 16:00:02 [http-nio-8081-exec-10] DEBUG o.s.w.f.CommonsRequestLoggingFilter - Before request [GET /api/integrated-apis/7, client=0:0:0:0:0:0:0:1, user=admin@mail.com]
2025-11-02 16:00:02 [http-nio-8081-exec-10] DEBUG o.s.web.servlet.DispatcherServlet - GET "/api/integrated-apis/7", parameters={}
2025-11-02 16:00:02 [http-nio-8081-exec-10] DEBUG o.s.w.s.m.m.a.RequestMappingHandlerMapping - Mapped to com.middleware.backend.kaotocamel.controller.IntegratedApiController#findById(Long)
2025-11-02 16:00:02 [http-nio-8081-exec-10] DEBUG o.s.w.s.m.m.a.HttpEntityMethodProcessor - Using 'application/json', given [application/json] and supported [application/json, application/*+json, application/yaml]
2025-11-02 16:00:02 [http-nio-8081-exec-10] DEBUG o.s.w.s.m.m.a.HttpEntityMethodProcessor - Writing [IntegratedApiDto(id=7, code=ATTR-API, name=ATTR-API, apiUrl=/api/analytics.json?dimension=dx:xvHA0fL (truncated)...]
2025-11-02 16:00:02 [http-nio-8081-exec-10] DEBUG o.s.web.servlet.DispatcherServlet - Completed 200 OK
2025-11-02 16:00:02 [http-nio-8081-exec-10] DEBUG o.a.camel.spring.SpringCamelContext - onApplicationEvent: ServletRequestHandledEvent: url=[/api/integrated-apis/7]; client=[0:0:0:0:0:0:0:1]; method=[GET]; status=[200]; servlet=[dispatcherServlet]; session=[null]; user=[admin@mail.com]; time=[232ms]
2025-11-02 16:00:02 [http-nio-8081-exec-10] DEBUG o.s.w.f.CommonsRequestLoggingFilter - After request [GET /api/integrated-apis/7, client=0:0:0:0:0:0:0:1, user=admin@mail.com]
2025-11-02 16:00:04 [scheduling-1] INFO  c.m.b.k.service.DynamicRouteService - Starting route status sync with Camel context
2025-11-02 16:00:04 [scheduling-1] INFO  c.m.b.k.service.DynamicRouteService - Completed route status sync
2025-11-02 16:00:34 [scheduling-1] INFO  c.m.b.k.service.DynamicRouteService - Starting route status sync with Camel context
2025-11-02 16:00:34 [scheduling-1] INFO  c.m.b.k.service.DynamicRouteService - Completed route status sync
2025-11-02 16:00:38 [http-nio-8081-exec-2] INFO  c.m.b.k.service.DynamicRouteService - Fetching active routes with pagination
2025-11-02 16:00:39 [http-nio-8081-exec-2] DEBUG o.s.w.f.CommonsRequestLoggingFilter - Before request [GET /api/integrated-apis/5, client=0:0:0:0:0:0:0:1, user=admin@mail.com]
2025-11-02 16:00:39 [http-nio-8081-exec-2] DEBUG o.s.web.servlet.DispatcherServlet - GET "/api/integrated-apis/5", parameters={}
2025-11-02 16:00:39 [http-nio-8081-exec-2] DEBUG o.s.w.s.m.m.a.RequestMappingHandlerMapping - Mapped to com.middleware.backend.kaotocamel.controller.IntegratedApiController#findById(Long)
2025-11-02 16:00:39 [http-nio-8081-exec-2] DEBUG o.s.w.s.m.m.a.HttpEntityMethodProcessor - Using 'application/json', given [application/json] and supported [application/json, application/*+json, application/yaml]
2025-11-02 16:00:39 [http-nio-8081-exec-2] DEBUG o.s.w.s.m.m.a.HttpEntityMethodProcessor - Writing [IntegratedApiDto(id=5, code=HealthCenter Metadata, name=HealthCenter, apiUrl=/api/metadata.json?orga (truncated)...]
2025-11-02 16:00:39 [http-nio-8081-exec-2] DEBUG o.s.web.servlet.DispatcherServlet - Completed 200 OK
2025-11-02 16:00:39 [http-nio-8081-exec-2] DEBUG o.a.camel.spring.SpringCamelContext - onApplicationEvent: ServletRequestHandledEvent: url=[/api/integrated-apis/5]; client=[0:0:0:0:0:0:0:1]; method=[GET]; status=[200]; servlet=[dispatcherServlet]; session=[null]; user=[admin@mail.com]; time=[243ms]
2025-11-02 16:00:39 [http-nio-8081-exec-2] DEBUG o.s.w.f.CommonsRequestLoggingFilter - After request [GET /api/integrated-apis/5, client=0:0:0:0:0:0:0:1, user=admin@mail.com]
2025-11-02 16:00:42 [http-nio-8081-exec-5] INFO  c.m.b.k.service.DynamicRouteService - Fetching active routes with pagination
2025-11-02 16:00:43 [http-nio-8081-exec-5] DEBUG o.s.w.f.CommonsRequestLoggingFilter - Before request [GET /api/integrated-apis/4, client=0:0:0:0:0:0:0:1, user=admin@mail.com]
2025-11-02 16:00:43 [http-nio-8081-exec-5] DEBUG o.s.web.servlet.DispatcherServlet - GET "/api/integrated-apis/4", parameters={}
2025-11-02 16:00:43 [http-nio-8081-exec-5] DEBUG o.s.w.s.m.m.a.RequestMappingHandlerMapping - Mapped to com.middleware.backend.kaotocamel.controller.IntegratedApiController#findById(Long)
2025-11-02 16:00:43 [http-nio-8081-exec-5] DEBUG o.s.w.s.m.m.a.HttpEntityMethodProcessor - Using 'application/json', given [application/json] and supported [application/json, application/*+json, application/yaml]
2025-11-02 16:00:43 [http-nio-8081-exec-5] DEBUG o.s.w.s.m.m.a.HttpEntityMethodProcessor - Writing [IntegratedApiDto(id=4, code=Kadomi, name=Kadomi, apiUrl=/api/analytics.json?dimension=dx:k5A4Y81dCWK (truncated)...]
2025-11-02 16:00:43 [http-nio-8081-exec-5] DEBUG o.s.web.servlet.DispatcherServlet - Completed 200 OK
2025-11-02 16:00:43 [http-nio-8081-exec-5] DEBUG o.a.camel.spring.SpringCamelContext - onApplicationEvent: ServletRequestHandledEvent: url=[/api/integrated-apis/4]; client=[0:0:0:0:0:0:0:1]; method=[GET]; status=[200]; servlet=[dispatcherServlet]; session=[null]; user=[admin@mail.com]; time=[235ms]
2025-11-02 16:00:43 [http-nio-8081-exec-5] DEBUG o.s.w.f.CommonsRequestLoggingFilter - After request [GET /api/integrated-apis/4, client=0:0:0:0:0:0:0:1, user=admin@mail.com]
2025-11-02 16:00:48 [http-nio-8081-exec-4] INFO  c.m.b.k.service.DynamicRouteService - Fetching active routes with pagination
2025-11-02 16:00:49 [http-nio-8081-exec-4] DEBUG o.s.w.f.CommonsRequestLoggingFilter - Before request [GET /api/integrated-apis/7, client=0:0:0:0:0:0:0:1, user=admin@mail.com]
2025-11-02 16:00:49 [http-nio-8081-exec-4] DEBUG o.s.web.servlet.DispatcherServlet - GET "/api/integrated-apis/7", parameters={}
2025-11-02 16:00:49 [http-nio-8081-exec-4] DEBUG o.s.w.s.m.m.a.RequestMappingHandlerMapping - Mapped to com.middleware.backend.kaotocamel.controller.IntegratedApiController#findById(Long)
2025-11-02 16:00:49 [http-nio-8081-exec-4] DEBUG o.s.w.s.m.m.a.HttpEntityMethodProcessor - Using 'application/json', given [application/json] and supported [application/json, application/*+json, application/yaml]
2025-11-02 16:00:49 [http-nio-8081-exec-4] DEBUG o.s.w.s.m.m.a.HttpEntityMethodProcessor - Writing [IntegratedApiDto(id=7, code=ATTR-API, name=ATTR-API, apiUrl=/api/analytics.json?dimension=dx:xvHA0fL (truncated)...]
2025-11-02 16:00:49 [http-nio-8081-exec-4] DEBUG o.s.web.servlet.DispatcherServlet - Completed 200 OK
2025-11-02 16:00:49 [http-nio-8081-exec-4] DEBUG o.a.camel.spring.SpringCamelContext - onApplicationEvent: ServletRequestHandledEvent: url=[/api/integrated-apis/7]; client=[0:0:0:0:0:0:0:1]; method=[GET]; status=[200]; servlet=[dispatcherServlet]; session=[null]; user=[admin@mail.com]; time=[212ms]
2025-11-02 16:00:49 [http-nio-8081-exec-4] DEBUG o.s.w.f.CommonsRequestLoggingFilter - After request [GET /api/integrated-apis/7, client=0:0:0:0:0:0:0:1, user=admin@mail.com]
2025-11-02 16:00:52 [http-nio-8081-exec-7] INFO  c.m.b.k.service.DynamicRouteService - Fetching active routes with pagination
2025-11-02 16:00:52 [http-nio-8081-exec-7] DEBUG o.s.w.f.CommonsRequestLoggingFilter - Before request [GET /api/integrated-apis/6, client=0:0:0:0:0:0:0:1, user=admin@mail.com]
2025-11-02 16:00:52 [http-nio-8081-exec-7] DEBUG o.s.web.servlet.DispatcherServlet - GET "/api/integrated-apis/6", parameters={}
2025-11-02 16:00:52 [http-nio-8081-exec-7] DEBUG o.s.w.s.m.m.a.RequestMappingHandlerMapping - Mapped to com.middleware.backend.kaotocamel.controller.IntegratedApiController#findById(Long)
2025-11-02 16:00:52 [http-nio-8081-exec-7] DEBUG o.s.w.s.m.m.a.HttpEntityMethodProcessor - Using 'application/json', given [application/json] and supported [application/json, application/*+json, application/yaml]
2025-11-02 16:00:52 [http-nio-8081-exec-7] DEBUG o.s.w.s.m.m.a.HttpEntityMethodProcessor - Writing [IntegratedApiDto(id=6, code=HealthCenter, name=HealthCenter, apiUrl=/api/analytics.json?dimension=dx (truncated)...]
2025-11-02 16:00:52 [http-nio-8081-exec-7] DEBUG o.s.web.servlet.DispatcherServlet - Completed 200 OK
2025-11-02 16:00:52 [http-nio-8081-exec-7] DEBUG o.a.camel.spring.SpringCamelContext - onApplicationEvent: ServletRequestHandledEvent: url=[/api/integrated-apis/6]; client=[0:0:0:0:0:0:0:1]; method=[GET]; status=[200]; servlet=[dispatcherServlet]; session=[null]; user=[admin@mail.com]; time=[219ms]
2025-11-02 16:00:52 [http-nio-8081-exec-7] DEBUG o.s.w.f.CommonsRequestLoggingFilter - After request [GET /api/integrated-apis/6, client=0:0:0:0:0:0:0:1, user=admin@mail.com]
2025-11-02 16:01:04 [scheduling-1] INFO  c.m.b.k.service.DynamicRouteService - Starting route status sync with Camel context
2025-11-02 16:01:04 [scheduling-1] INFO  c.m.b.k.service.DynamicRouteService - Completed route status sync
2025-11-02 16:01:34 [scheduling-1] INFO  c.m.b.k.service.DynamicRouteService - Starting route status sync with Camel context
2025-11-02 16:01:34 [scheduling-1] INFO  c.m.b.k.service.DynamicRouteService - Completed route status sync
2025-11-02 16:02:04 [scheduling-1] INFO  c.m.b.k.service.DynamicRouteService - Starting route status sync with Camel context
2025-11-02 16:02:04 [scheduling-1] INFO  c.m.b.k.service.DynamicRouteService - Completed route status sync
2025-11-02 16:02:34 [scheduling-1] INFO  c.m.b.k.service.DynamicRouteService - Starting route status sync with Camel context
2025-11-02 16:02:34 [scheduling-1] INFO  c.m.b.k.service.DynamicRouteService - Completed route status sync
2025-11-02 16:03:04 [scheduling-1] INFO  c.m.b.k.service.DynamicRouteService - Starting route status sync with Camel context
2025-11-02 16:03:04 [scheduling-1] INFO  c.m.b.k.service.DynamicRouteService - Completed route status sync
2025-11-02 16:03:34 [scheduling-1] INFO  c.m.b.k.service.DynamicRouteService - Starting route status sync with Camel context
2025-11-02 16:03:34 [scheduling-1] INFO  c.m.b.k.service.DynamicRouteService - Completed route status sync
2025-11-02 16:04:04 [scheduling-1] INFO  c.m.b.k.service.DynamicRouteService - Starting route status sync with Camel context
2025-11-02 16:04:04 [scheduling-1] INFO  c.m.b.k.service.DynamicRouteService - Completed route status sync
2025-11-02 16:04:34 [scheduling-1] INFO  c.m.b.k.service.DynamicRouteService - Starting route status sync with Camel context
2025-11-02 16:04:34 [scheduling-1] INFO  c.m.b.k.service.DynamicRouteService - Completed route status sync
2025-11-02 16:05:04 [scheduling-1] INFO  c.m.b.k.service.DynamicRouteService - Starting route status sync with Camel context
2025-11-02 16:05:04 [scheduling-1] INFO  c.m.b.k.service.DynamicRouteService - Completed route status sync
2025-11-02 16:05:34 [scheduling-1] INFO  c.m.b.k.service.DynamicRouteService - Starting route status sync with Camel context
2025-11-02 16:05:34 [scheduling-1] INFO  c.m.b.k.service.DynamicRouteService - Completed route status sync
2025-11-02 16:06:04 [scheduling-1] INFO  c.m.b.k.service.DynamicRouteService - Starting route status sync with Camel context
2025-11-02 16:06:04 [scheduling-1] INFO  c.m.b.k.service.DynamicRouteService - Completed route status sync
2025-11-02 16:06:34 [scheduling-1] INFO  c.m.b.k.service.DynamicRouteService - Starting route status sync with Camel context
2025-11-02 16:06:34 [scheduling-1] INFO  c.m.b.k.service.DynamicRouteService - Completed route status sync
2025-11-02 16:07:04 [scheduling-1] INFO  c.m.b.k.service.DynamicRouteService - Starting route status sync with Camel context
2025-11-02 16:07:04 [scheduling-1] INFO  c.m.b.k.service.DynamicRouteService - Completed route status sync
2025-11-02 16:07:34 [scheduling-1] INFO  c.m.b.k.service.DynamicRouteService - Starting route status sync with Camel context
2025-11-02 16:07:34 [scheduling-1] INFO  c.m.b.k.service.DynamicRouteService - Completed route status sync
2025-11-02 16:08:04 [scheduling-1] INFO  c.m.b.k.service.DynamicRouteService - Starting route status sync with Camel context
2025-11-02 16:08:04 [scheduling-1] INFO  c.m.b.k.service.DynamicRouteService - Completed route status sync
2025-11-02 16:08:34 [scheduling-1] INFO  c.m.b.k.service.DynamicRouteService - Starting route status sync with Camel context
2025-11-02 16:08:34 [scheduling-1] INFO  c.m.b.k.service.DynamicRouteService - Completed route status sync
2025-11-02 16:09:04 [scheduling-1] INFO  c.m.b.k.service.DynamicRouteService - Starting route status sync with Camel context
2025-11-02 16:09:04 [scheduling-1] INFO  c.m.b.k.service.DynamicRouteService - Completed route status sync
2025-11-02 16:09:34 [scheduling-1] INFO  c.m.b.k.service.DynamicRouteService - Starting route status sync with Camel context
2025-11-02 16:09:34 [scheduling-1] INFO  c.m.b.k.service.DynamicRouteService - Completed route status sync
2025-11-02 16:10:04 [scheduling-1] INFO  c.m.b.k.service.DynamicRouteService - Starting route status sync with Camel context
2025-11-02 16:10:04 [scheduling-1] INFO  c.m.b.k.service.DynamicRouteService - Completed route status sync
2025-11-02 16:10:34 [scheduling-1] INFO  c.m.b.k.service.DynamicRouteService - Starting route status sync with Camel context
2025-11-02 16:10:34 [scheduling-1] INFO  c.m.b.k.service.DynamicRouteService - Completed route status sync
2025-11-02 16:11:04 [scheduling-1] INFO  c.m.b.k.service.DynamicRouteService - Starting route status sync with Camel context
2025-11-02 16:11:04 [scheduling-1] INFO  c.m.b.k.service.DynamicRouteService - Completed route status sync
2025-11-02 16:11:34 [scheduling-1] INFO  c.m.b.k.service.DynamicRouteService - Starting route status sync with Camel context
2025-11-02 16:11:34 [scheduling-1] INFO  c.m.b.k.service.DynamicRouteService - Completed route status sync
2025-11-02 16:12:04 [scheduling-1] INFO  c.m.b.k.service.DynamicRouteService - Starting route status sync with Camel context
2025-11-02 16:12:04 [scheduling-1] INFO  c.m.b.k.service.DynamicRouteService - Completed route status sync
2025-11-02 16:12:34 [scheduling-1] INFO  c.m.b.k.service.DynamicRouteService - Starting route status sync with Camel context
2025-11-02 16:12:34 [scheduling-1] INFO  c.m.b.k.service.DynamicRouteService - Completed route status sync
2025-11-02 16:13:04 [scheduling-1] INFO  c.m.b.k.service.DynamicRouteService - Starting route status sync with Camel context
2025-11-02 16:13:04 [scheduling-1] INFO  c.m.b.k.service.DynamicRouteService - Completed route status sync
2025-11-02 16:13:34 [scheduling-1] INFO  c.m.b.k.service.DynamicRouteService - Starting route status sync with Camel context
2025-11-02 16:13:34 [scheduling-1] INFO  c.m.b.k.service.DynamicRouteService - Completed route status sync
2025-11-02 16:14:04 [scheduling-1] INFO  c.m.b.k.service.DynamicRouteService - Starting route status sync with Camel context
2025-11-02 16:14:04 [scheduling-1] INFO  c.m.b.k.service.DynamicRouteService - Completed route status sync
2025-11-02 16:14:34 [scheduling-1] INFO  c.m.b.k.service.DynamicRouteService - Starting route status sync with Camel context
2025-11-02 16:14:34 [scheduling-1] INFO  c.m.b.k.service.DynamicRouteService - Completed route status sync
2025-11-02 16:15:04 [scheduling-1] INFO  c.m.b.k.service.DynamicRouteService - Starting route status sync with Camel context
2025-11-02 16:15:04 [scheduling-1] INFO  c.m.b.k.service.DynamicRouteService - Completed route status sync
2025-11-02 16:15:34 [scheduling-1] INFO  c.m.b.k.service.DynamicRouteService - Starting route status sync with Camel context
2025-11-02 16:15:34 [scheduling-1] INFO  c.m.b.k.service.DynamicRouteService - Completed route status sync
2025-11-02 16:16:04 [scheduling-1] INFO  c.m.b.k.service.DynamicRouteService - Starting route status sync with Camel context
2025-11-02 16:16:04 [scheduling-1] INFO  c.m.b.k.service.DynamicRouteService - Completed route status sync
2025-11-02 16:16:34 [scheduling-1] INFO  c.m.b.k.service.DynamicRouteService - Starting route status sync with Camel context
2025-11-02 16:16:34 [scheduling-1] INFO  c.m.b.k.service.DynamicRouteService - Completed route status sync
2025-11-02 16:17:04 [scheduling-1] INFO  c.m.b.k.service.DynamicRouteService - Starting route status sync with Camel context
2025-11-02 16:17:04 [scheduling-1] INFO  c.m.b.k.service.DynamicRouteService - Completed route status sync
2025-11-02 16:17:34 [scheduling-1] INFO  c.m.b.k.service.DynamicRouteService - Starting route status sync with Camel context
2025-11-02 16:17:34 [scheduling-1] INFO  c.m.b.k.service.DynamicRouteService - Completed route status sync
2025-11-02 16:18:04 [scheduling-1] INFO  c.m.b.k.service.DynamicRouteService - Starting route status sync with Camel context
2025-11-02 16:18:04 [scheduling-1] INFO  c.m.b.k.service.DynamicRouteService - Completed route status sync
2025-11-02 16:18:34 [scheduling-1] INFO  c.m.b.k.service.DynamicRouteService - Starting route status sync with Camel context
2025-11-02 16:18:34 [scheduling-1] INFO  c.m.b.k.service.DynamicRouteService - Completed route status sync
2025-11-02 16:19:04 [scheduling-1] INFO  c.m.b.k.service.DynamicRouteService - Starting route status sync with Camel context
2025-11-02 16:19:04 [scheduling-1] INFO  c.m.b.k.service.DynamicRouteService - Completed route status sync
2025-11-02 16:19:34 [scheduling-1] INFO  c.m.b.k.service.DynamicRouteService - Starting route status sync with Camel context
2025-11-02 16:19:34 [scheduling-1] INFO  c.m.b.k.service.DynamicRouteService - Completed route status sync
2025-11-02 16:20:04 [scheduling-1] INFO  c.m.b.k.service.DynamicRouteService - Starting route status sync with Camel context
2025-11-02 16:20:04 [scheduling-1] INFO  c.m.b.k.service.DynamicRouteService - Completed route status sync
2025-11-02 16:20:34 [scheduling-1] INFO  c.m.b.k.service.DynamicRouteService - Starting route status sync with Camel context
2025-11-02 16:20:34 [scheduling-1] INFO  c.m.b.k.service.DynamicRouteService - Completed route status sync
2025-11-02 16:21:04 [scheduling-1] INFO  c.m.b.k.service.DynamicRouteService - Starting route status sync with Camel context
2025-11-02 16:21:04 [scheduling-1] INFO  c.m.b.k.service.DynamicRouteService - Completed route status sync
2025-11-02 16:21:34 [scheduling-1] INFO  c.m.b.k.service.DynamicRouteService - Starting route status sync with Camel context
2025-11-02 16:21:34 [scheduling-1] INFO  c.m.b.k.service.DynamicRouteService - Completed route status sync
2025-11-02 16:22:04 [scheduling-1] INFO  c.m.b.k.service.DynamicRouteService - Starting route status sync with Camel context
2025-11-02 16:22:04 [scheduling-1] INFO  c.m.b.k.service.DynamicRouteService - Completed route status sync
2025-11-02 16:22:34 [scheduling-1] INFO  c.m.b.k.service.DynamicRouteService - Starting route status sync with Camel context
2025-11-02 16:22:34 [scheduling-1] INFO  c.m.b.k.service.DynamicRouteService - Completed route status sync
2025-11-02 16:23:04 [scheduling-1] INFO  c.m.b.k.service.DynamicRouteService - Starting route status sync with Camel context
2025-11-02 16:23:04 [scheduling-1] INFO  c.m.b.k.service.DynamicRouteService - Completed route status sync
2025-11-02 16:23:34 [scheduling-1] INFO  c.m.b.k.service.DynamicRouteService - Starting route status sync with Camel context
2025-11-02 16:23:34 [scheduling-1] INFO  c.m.b.k.service.DynamicRouteService - Completed route status sync
2025-11-02 16:24:04 [scheduling-1] INFO  c.m.b.k.service.DynamicRouteService - Starting route status sync with Camel context
2025-11-02 16:24:04 [scheduling-1] INFO  c.m.b.k.service.DynamicRouteService - Completed route status sync
2025-11-02 16:24:34 [scheduling-1] INFO  c.m.b.k.service.DynamicRouteService - Starting route status sync with Camel context
2025-11-02 16:24:34 [scheduling-1] INFO  c.m.b.k.service.DynamicRouteService - Completed route status sync
2025-11-02 16:25:04 [scheduling-1] INFO  c.m.b.k.service.DynamicRouteService - Starting route status sync with Camel context
2025-11-02 16:25:04 [scheduling-1] INFO  c.m.b.k.service.DynamicRouteService - Completed route status sync
2025-11-02 16:25:34 [scheduling-1] INFO  c.m.b.k.service.DynamicRouteService - Starting route status sync with Camel context
2025-11-02 16:25:34 [scheduling-1] INFO  c.m.b.k.service.DynamicRouteService - Completed route status sync
2025-11-02 16:26:04 [scheduling-1] INFO  c.m.b.k.service.DynamicRouteService - Starting route status sync with Camel context
2025-11-02 16:26:04 [scheduling-1] INFO  c.m.b.k.service.DynamicRouteService - Completed route status sync
2025-11-02 16:26:34 [scheduling-1] INFO  c.m.b.k.service.DynamicRouteService - Starting route status sync with Camel context
2025-11-02 16:26:34 [scheduling-1] INFO  c.m.b.k.service.DynamicRouteService - Completed route status sync
2025-11-02 16:27:04 [scheduling-1] INFO  c.m.b.k.service.DynamicRouteService - Starting route status sync with Camel context
2025-11-02 16:27:04 [scheduling-1] INFO  c.m.b.k.service.DynamicRouteService - Completed route status sync
2025-11-02 16:27:34 [scheduling-1] INFO  c.m.b.k.service.DynamicRouteService - Starting route status sync with Camel context
2025-11-02 16:27:34 [scheduling-1] INFO  c.m.b.k.service.DynamicRouteService - Completed route status sync
2025-11-02 16:28:04 [scheduling-1] INFO  c.m.b.k.service.DynamicRouteService - Starting route status sync with Camel context
2025-11-02 16:28:04 [scheduling-1] INFO  c.m.b.k.service.DynamicRouteService - Completed route status sync
2025-11-02 16:28:34 [scheduling-1] INFO  c.m.b.k.service.DynamicRouteService - Starting route status sync with Camel context
2025-11-02 16:28:34 [scheduling-1] INFO  c.m.b.k.service.DynamicRouteService - Completed route status sync
2025-11-02 16:29:04 [scheduling-1] INFO  c.m.b.k.service.DynamicRouteService - Starting route status sync with Camel context
2025-11-02 16:29:04 [scheduling-1] INFO  c.m.b.k.service.DynamicRouteService - Completed route status sync
2025-11-02 16:29:34 [scheduling-1] INFO  c.m.b.k.service.DynamicRouteService - Starting route status sync with Camel context
2025-11-02 16:29:34 [scheduling-1] INFO  c.m.b.k.service.DynamicRouteService - Completed route status sync
2025-11-02 16:30:04 [scheduling-1] INFO  c.m.b.k.service.DynamicRouteService - Starting route status sync with Camel context
2025-11-02 16:30:04 [scheduling-1] INFO  c.m.b.k.service.DynamicRouteService - Completed route status sync
2025-11-02 16:30:34 [scheduling-1] INFO  c.m.b.k.service.DynamicRouteService - Starting route status sync with Camel context
2025-11-02 16:30:34 [scheduling-1] INFO  c.m.b.k.service.DynamicRouteService - Completed route status sync
2025-11-02 16:31:04 [scheduling-1] INFO  c.m.b.k.service.DynamicRouteService - Starting route status sync with Camel context
2025-11-02 16:31:04 [scheduling-1] INFO  c.m.b.k.service.DynamicRouteService - Completed route status sync
2025-11-02 16:31:34 [scheduling-1] INFO  c.m.b.k.service.DynamicRouteService - Starting route status sync with Camel context
2025-11-02 16:31:34 [scheduling-1] INFO  c.m.b.k.service.DynamicRouteService - Completed route status sync
2025-11-02 16:32:04 [scheduling-1] INFO  c.m.b.k.service.DynamicRouteService - Starting route status sync with Camel context
2025-11-02 16:32:04 [scheduling-1] INFO  c.m.b.k.service.DynamicRouteService - Completed route status sync
2025-11-02 16:32:34 [scheduling-1] INFO  c.m.b.k.service.DynamicRouteService - Starting route status sync with Camel context
2025-11-02 16:32:34 [scheduling-1] INFO  c.m.b.k.service.DynamicRouteService - Completed route status sync
2025-11-02 16:33:04 [scheduling-1] INFO  c.m.b.k.service.DynamicRouteService - Starting route status sync with Camel context
2025-11-02 16:33:04 [scheduling-1] INFO  c.m.b.k.service.DynamicRouteService - Completed route status sync
2025-11-02 16:33:34 [scheduling-1] INFO  c.m.b.k.service.DynamicRouteService - Starting route status sync with Camel context
2025-11-02 16:33:34 [scheduling-1] INFO  c.m.b.k.service.DynamicRouteService - Completed route status sync
2025-11-02 16:34:04 [scheduling-1] INFO  c.m.b.k.service.DynamicRouteService - Starting route status sync with Camel context
2025-11-02 16:34:04 [scheduling-1] INFO  c.m.b.k.service.DynamicRouteService - Completed route status sync
2025-11-02 16:34:34 [scheduling-1] INFO  c.m.b.k.service.DynamicRouteService - Starting route status sync with Camel context
2025-11-02 16:34:34 [scheduling-1] INFO  c.m.b.k.service.DynamicRouteService - Completed route status sync
2025-11-02 16:35:04 [scheduling-1] INFO  c.m.b.k.service.DynamicRouteService - Starting route status sync with Camel context
2025-11-02 16:35:04 [scheduling-1] INFO  c.m.b.k.service.DynamicRouteService - Completed route status sync
2025-11-02 16:35:34 [scheduling-1] INFO  c.m.b.k.service.DynamicRouteService - Starting route status sync with Camel context
2025-11-02 16:35:34 [scheduling-1] INFO  c.m.b.k.service.DynamicRouteService - Completed route status sync
2025-11-02 16:36:04 [scheduling-1] INFO  c.m.b.k.service.DynamicRouteService - Starting route status sync with Camel context
2025-11-02 16:36:04 [scheduling-1] INFO  c.m.b.k.service.DynamicRouteService - Completed route status sync
2025-11-02 16:36:34 [scheduling-1] INFO  c.m.b.k.service.DynamicRouteService - Starting route status sync with Camel context
2025-11-02 16:36:34 [scheduling-1] INFO  c.m.b.k.service.DynamicRouteService - Completed route status sync
2025-11-02 16:37:04 [scheduling-1] INFO  c.m.b.k.service.DynamicRouteService - Starting route status sync with Camel context
2025-11-02 16:37:04 [scheduling-1] INFO  c.m.b.k.service.DynamicRouteService - Completed route status sync
2025-11-02 16:37:34 [scheduling-1] INFO  c.m.b.k.service.DynamicRouteService - Starting route status sync with Camel context
2025-11-02 16:37:34 [scheduling-1] INFO  c.m.b.k.service.DynamicRouteService - Completed route status sync
2025-11-02 16:38:04 [scheduling-1] INFO  c.m.b.k.service.DynamicRouteService - Starting route status sync with Camel context
2025-11-02 16:38:04 [scheduling-1] INFO  c.m.b.k.service.DynamicRouteService - Completed route status sync
2025-11-02 16:38:34 [scheduling-1] INFO  c.m.b.k.service.DynamicRouteService - Starting route status sync with Camel context
2025-11-02 16:38:34 [scheduling-1] INFO  c.m.b.k.service.DynamicRouteService - Completed route status sync
2025-11-02 16:39:04 [scheduling-1] INFO  c.m.b.k.service.DynamicRouteService - Starting route status sync with Camel context
2025-11-02 16:39:04 [scheduling-1] INFO  c.m.b.k.service.DynamicRouteService - Completed route status sync
2025-11-02 16:39:34 [scheduling-1] INFO  c.m.b.k.service.DynamicRouteService - Starting route status sync with Camel context
2025-11-02 16:39:34 [scheduling-1] INFO  c.m.b.k.service.DynamicRouteService - Completed route status sync
2025-11-02 16:40:04 [scheduling-1] INFO  c.m.b.k.service.DynamicRouteService - Starting route status sync with Camel context
2025-11-02 16:40:04 [scheduling-1] INFO  c.m.b.k.service.DynamicRouteService - Completed route status sync
2025-11-02 16:40:34 [scheduling-1] INFO  c.m.b.k.service.DynamicRouteService - Starting route status sync with Camel context
2025-11-02 16:40:34 [scheduling-1] INFO  c.m.b.k.service.DynamicRouteService - Completed route status sync
2025-11-02 16:41:04 [scheduling-1] INFO  c.m.b.k.service.DynamicRouteService - Starting route status sync with Camel context
2025-11-02 16:41:04 [scheduling-1] INFO  c.m.b.k.service.DynamicRouteService - Completed route status sync
2025-11-02 16:41:34 [scheduling-1] INFO  c.m.b.k.service.DynamicRouteService - Starting route status sync with Camel context
2025-11-02 16:41:34 [scheduling-1] INFO  c.m.b.k.service.DynamicRouteService - Completed route status sync
2025-11-02 16:42:04 [scheduling-1] INFO  c.m.b.k.service.DynamicRouteService - Starting route status sync with Camel context
2025-11-02 16:42:04 [scheduling-1] INFO  c.m.b.k.service.DynamicRouteService - Completed route status sync
2025-11-02 16:42:34 [scheduling-1] INFO  c.m.b.k.service.DynamicRouteService - Starting route status sync with Camel context
2025-11-02 16:42:34 [scheduling-1] INFO  c.m.b.k.service.DynamicRouteService - Completed route status sync
2025-11-02 16:43:04 [scheduling-1] INFO  c.m.b.k.service.DynamicRouteService - Starting route status sync with Camel context
2025-11-02 16:43:04 [scheduling-1] INFO  c.m.b.k.service.DynamicRouteService - Completed route status sync
2025-11-02 16:43:34 [scheduling-1] INFO  c.m.b.k.service.DynamicRouteService - Starting route status sync with Camel context
2025-11-02 16:43:34 [scheduling-1] INFO  c.m.b.k.service.DynamicRouteService - Completed route status sync
2025-11-02 16:44:04 [scheduling-1] INFO  c.m.b.k.service.DynamicRouteService - Starting route status sync with Camel context
2025-11-02 16:44:04 [scheduling-1] INFO  c.m.b.k.service.DynamicRouteService - Completed route status sync
2025-11-02 16:44:34 [scheduling-1] INFO  c.m.b.k.service.DynamicRouteService - Starting route status sync with Camel context
2025-11-02 16:44:34 [scheduling-1] INFO  c.m.b.k.service.DynamicRouteService - Completed route status sync
2025-11-02 16:45:04 [scheduling-1] INFO  c.m.b.k.service.DynamicRouteService - Starting route status sync with Camel context
2025-11-02 16:45:04 [scheduling-1] INFO  c.m.b.k.service.DynamicRouteService - Completed route status sync
2025-11-02 16:45:34 [scheduling-1] INFO  c.m.b.k.service.DynamicRouteService - Starting route status sync with Camel context
2025-11-02 16:45:34 [scheduling-1] INFO  c.m.b.k.service.DynamicRouteService - Completed route status sync
2025-11-02 16:46:04 [scheduling-1] INFO  c.m.b.k.service.DynamicRouteService - Starting route status sync with Camel context
2025-11-02 16:46:04 [scheduling-1] INFO  c.m.b.k.service.DynamicRouteService - Completed route status sync
2025-11-02 16:46:34 [scheduling-1] INFO  c.m.b.k.service.DynamicRouteService - Starting route status sync with Camel context
2025-11-02 16:46:34 [scheduling-1] INFO  c.m.b.k.service.DynamicRouteService - Completed route status sync
2025-11-02 16:47:04 [scheduling-1] INFO  c.m.b.k.service.DynamicRouteService - Starting route status sync with Camel context
2025-11-02 16:47:04 [scheduling-1] INFO  c.m.b.k.service.DynamicRouteService - Completed route status sync
2025-11-02 16:47:34 [scheduling-1] INFO  c.m.b.k.service.DynamicRouteService - Starting route status sync with Camel context
2025-11-02 16:47:34 [scheduling-1] INFO  c.m.b.k.service.DynamicRouteService - Completed route status sync
2025-11-02 16:48:04 [scheduling-1] INFO  c.m.b.k.service.DynamicRouteService - Starting route status sync with Camel context
2025-11-02 16:48:04 [scheduling-1] INFO  c.m.b.k.service.DynamicRouteService - Completed route status sync
2025-11-02 16:48:34 [scheduling-1] INFO  c.m.b.k.service.DynamicRouteService - Starting route status sync with Camel context
2025-11-02 16:48:34 [scheduling-1] INFO  c.m.b.k.service.DynamicRouteService - Completed route status sync
2025-11-02 16:49:04 [scheduling-1] INFO  c.m.b.k.service.DynamicRouteService - Starting route status sync with Camel context
2025-11-02 16:49:04 [scheduling-1] INFO  c.m.b.k.service.DynamicRouteService - Completed route status sync
2025-11-02 16:49:34 [scheduling-1] INFO  c.m.b.k.service.DynamicRouteService - Starting route status sync with Camel context
2025-11-02 16:49:34 [scheduling-1] INFO  c.m.b.k.service.DynamicRouteService - Completed route status sync
2025-11-02 16:50:04 [scheduling-1] INFO  c.m.b.k.service.DynamicRouteService - Starting route status sync with Camel context
2025-11-02 16:50:04 [scheduling-1] INFO  c.m.b.k.service.DynamicRouteService - Completed route status sync
2025-11-02 16:50:34 [scheduling-1] INFO  c.m.b.k.service.DynamicRouteService - Starting route status sync with Camel context
2025-11-02 16:50:34 [scheduling-1] INFO  c.m.b.k.service.DynamicRouteService - Completed route status sync
2025-11-02 16:51:04 [scheduling-1] INFO  c.m.b.k.service.DynamicRouteService - Starting route status sync with Camel context
2025-11-02 16:51:04 [scheduling-1] INFO  c.m.b.k.service.DynamicRouteService - Completed route status sync
2025-11-02 16:51:34 [scheduling-1] INFO  c.m.b.k.service.DynamicRouteService - Starting route status sync with Camel context
2025-11-02 16:51:34 [scheduling-1] INFO  c.m.b.k.service.DynamicRouteService - Completed route status sync
2025-11-02 16:52:04 [scheduling-1] INFO  c.m.b.k.service.DynamicRouteService - Starting route status sync with Camel context
2025-11-02 16:52:04 [scheduling-1] INFO  c.m.b.k.service.DynamicRouteService - Completed route status sync
2025-11-02 16:52:34 [scheduling-1] INFO  c.m.b.k.service.DynamicRouteService - Starting route status sync with Camel context
2025-11-02 16:52:34 [scheduling-1] INFO  c.m.b.k.service.DynamicRouteService - Completed route status sync
2025-11-02 16:53:04 [scheduling-1] INFO  c.m.b.k.service.DynamicRouteService - Starting route status sync with Camel context
2025-11-02 16:53:04 [scheduling-1] INFO  c.m.b.k.service.DynamicRouteService - Completed route status sync
2025-11-02 16:53:34 [scheduling-1] INFO  c.m.b.k.service.DynamicRouteService - Starting route status sync with Camel context
2025-11-02 16:53:34 [scheduling-1] INFO  c.m.b.k.service.DynamicRouteService - Completed route status sync
2025-11-02 16:54:04 [scheduling-1] INFO  c.m.b.k.service.DynamicRouteService - Starting route status sync with Camel context
2025-11-02 16:54:04 [scheduling-1] INFO  c.m.b.k.service.DynamicRouteService - Completed route status sync
2025-11-02 16:54:34 [scheduling-1] INFO  c.m.b.k.service.DynamicRouteService - Starting route status sync with Camel context
2025-11-02 16:54:34 [scheduling-1] INFO  c.m.b.k.service.DynamicRouteService - Completed route status sync
2025-11-02 16:55:04 [scheduling-1] INFO  c.m.b.k.service.DynamicRouteService - Starting route status sync with Camel context
2025-11-02 16:55:04 [scheduling-1] INFO  c.m.b.k.service.DynamicRouteService - Completed route status sync
2025-11-02 16:58:20 [scheduling-1] INFO  c.m.b.k.service.DynamicRouteService - Starting route status sync with Camel context
2025-11-02 16:58:20 [scheduling-1] INFO  c.m.b.k.service.DynamicRouteService - Completed route status sync
2025-11-02 16:58:21 [scheduling-1] INFO  c.m.b.k.service.DynamicRouteService - Starting route status sync with Camel context
2025-11-02 16:58:21 [scheduling-1] INFO  c.m.b.k.service.DynamicRouteService - Completed route status sync
2025-11-02 16:58:21 [scheduling-1] INFO  c.m.b.k.service.DynamicRouteService - Starting route status sync with Camel context
2025-11-02 16:58:21 [scheduling-1] INFO  c.m.b.k.service.DynamicRouteService - Completed route status sync
2025-11-02 16:58:21 [scheduling-1] INFO  c.m.b.k.service.DynamicRouteService - Starting route status sync with Camel context
2025-11-02 16:58:21 [scheduling-1] INFO  c.m.b.k.service.DynamicRouteService - Completed route status sync
2025-11-02 16:58:21 [scheduling-1] INFO  c.m.b.k.service.DynamicRouteService - Starting route status sync with Camel context
2025-11-02 16:58:21 [scheduling-1] INFO  c.m.b.k.service.DynamicRouteService - Completed route status sync
2025-11-02 16:58:21 [scheduling-1] INFO  c.m.b.k.service.DynamicRouteService - Starting route status sync with Camel context
2025-11-02 16:58:21 [scheduling-1] INFO  c.m.b.k.service.DynamicRouteService - Completed route status sync
2025-11-02 16:58:34 [scheduling-1] INFO  c.m.b.k.service.DynamicRouteService - Starting route status sync with Camel context
2025-11-02 16:58:34 [scheduling-1] INFO  c.m.b.k.service.DynamicRouteService - Completed route status sync
2025-11-02 16:59:04 [scheduling-1] INFO  c.m.b.k.service.DynamicRouteService - Starting route status sync with Camel context
2025-11-02 16:59:04 [scheduling-1] INFO  c.m.b.k.service.DynamicRouteService - Completed route status sync
2025-11-02 16:59:34 [scheduling-1] INFO  c.m.b.k.service.DynamicRouteService - Starting route status sync with Camel context
2025-11-02 16:59:34 [scheduling-1] INFO  c.m.b.k.service.DynamicRouteService - Completed route status sync
