2025-09-03 01:53:19 [background-preinit] INFO  o.h.validator.internal.util.Version - HV000001: Hibernate Validator 8.0.2.Final
2025-09-03 01:53:19 [main] INFO  c.middleware.MiddlewareApplication - Starting MiddlewareApplication using Java 23-valhalla with PID 11960 (C:\Users\omard\Desktop\Work\jordan\back-end\target\classes started by omard in C:\Users\omard\Desktop\Work\jordan\back-end)
2025-09-03 01:53:19 [main] INFO  c.middleware.MiddlewareApplication - No active profile set, falling back to 1 default profile: "default"
2025-09-03 01:53:27 [main] INFO  o.a.coyote.http11.Http11NioProtocol - Initializing ProtocolHandler ["http-nio-8081"]
2025-09-03 01:53:27 [main] INFO  o.a.catalina.core.StandardService - Starting service [Tomcat]
2025-09-03 01:53:27 [main] INFO  o.a.catalina.core.StandardEngine - Starting Servlet engine: [Apache Tomcat/10.1.39]
2025-09-03 01:53:28 [main] INFO  o.a.c.c.C.[Tomcat].[localhost].[/] - Initializing Spring embedded WebApplicationContext
2025-09-03 01:53:29 [main] INFO  o.h.jpa.internal.util.LogHelper - HHH000204: Processing PersistenceUnitInfo [name: default]
2025-09-03 01:53:29 [main] INFO  org.hibernate.Version - HHH000412: Hibernate ORM core version 6.6.11.Final
2025-09-03 01:53:29 [main] INFO  o.h.c.i.RegionFactoryInitiator - HHH000026: Second-level cache disabled
2025-09-03 01:53:31 [main] WARN  org.hibernate.orm.deprecation - HHH90000025: PostgreSQLDialect does not need to be specified explicitly using 'hibernate.dialect' (remove the property setting and it will be selected by default)
2025-09-03 01:53:31 [main] INFO  o.hibernate.orm.connections.pooling - HHH10001005: Database info:
	Database JDBC URL [Connecting through datasource 'org.springframework.jdbc.datasource.DriverManagerDataSource@1906f982']
	Database driver: undefined/unknown
	Database version: 17.4
	Autocommit mode: undefined/unknown
	Isolation level: undefined/unknown
	Minimum pool size: undefined/unknown
	Maximum pool size: undefined/unknown
2025-09-03 01:53:38 [main] INFO  o.h.e.t.j.p.i.JtaPlatformInitiator - HHH000489: No JTA platform available (set 'hibernate.transaction.jta.platform' to enable JTA platform integration)
2025-09-03 01:53:43 [main] INFO  o.a.camel.util.concurrent.ThreadType - The type of thread detected is PLATFORM
2025-09-03 01:53:48 [main] DEBUG o.s.w.f.ServerHttpObservationFilter - Filter 'webMvcObservationFilter' configured for use
2025-09-03 01:53:48 [main] DEBUG o.s.w.f.CommonsRequestLoggingFilter - Filter 'logFilter' configured for use
2025-09-03 01:53:48 [main] DEBUG c.m.b.users.config.JwtRequestFilter - Filter 'jwtRequestFilter' configured for use
2025-09-03 01:53:49 [main] INFO  org.quartz.impl.StdSchedulerFactory - Using default implementation for ThreadExecutor
2025-09-03 01:53:49 [main] INFO  o.quartz.core.SchedulerSignalerImpl - Initialized Scheduler Signaller of type: class org.quartz.core.SchedulerSignalerImpl
2025-09-03 01:53:49 [main] INFO  org.quartz.core.QuartzScheduler - Quartz Scheduler v.2.3.2 created.
2025-09-03 01:53:49 [main] INFO  org.quartz.simpl.RAMJobStore - RAMJobStore initialized.
2025-09-03 01:53:49 [main] INFO  org.quartz.core.QuartzScheduler - Scheduler meta-data: Quartz Scheduler (v2.3.2) 'quartzScheduler' with instanceId 'NON_CLUSTERED'
  Scheduler class: 'org.quartz.core.QuartzScheduler' - running locally.
  NOT STARTED.
  Currently in standby mode.
  Number of jobs executed: 0
  Using thread pool 'org.quartz.simpl.SimpleThreadPool' - with 10 threads.
  Using job-store 'org.quartz.simpl.RAMJobStore' - which does not support persistence. and is not clustered.

2025-09-03 01:53:49 [main] INFO  org.quartz.impl.StdSchedulerFactory - Quartz scheduler 'quartzScheduler' initialized from an externally provided properties instance.
2025-09-03 01:53:49 [main] INFO  org.quartz.impl.StdSchedulerFactory - Quartz scheduler version: 2.3.2
2025-09-03 01:53:49 [main] INFO  org.quartz.core.QuartzScheduler - JobFactory set to: org.springframework.scheduling.quartz.SpringBeanJobFactory@391bce40
2025-09-03 01:53:50 [main] INFO  c.m.b.k.i.Dhis2HeaderFilterConfig - === Configuring DHIS2 Header Filter (Static Test) ===
2025-09-03 01:53:50 [main] INFO  c.m.b.k.i.Dhis2HeaderFilterConfig - DHIS2 Header Filter configured - allowing most headers for testing
2025-09-03 01:53:52 [main] DEBUG o.s.w.s.m.m.a.RequestMappingHandlerMapping - 104 mappings in 'requestMappingHandlerMapping'
2025-09-03 01:53:53 [main] DEBUG o.s.w.s.h.SimpleUrlHandlerMapping - Patterns [/webjars/**, /**, /swagger-ui*/*swagger-initializer.js, /swagger-ui*/**] in 'resourceHandlerMapping'
2025-09-03 01:53:55 [main] DEBUG o.s.w.s.m.m.a.RequestMappingHandlerAdapter - ControllerAdvice beans: 0 @ModelAttribute, 0 @InitBinder, 1 RequestBodyAdvice, 1 ResponseBodyAdvice
2025-09-03 01:53:55 [main] DEBUG o.s.w.s.m.m.a.ExceptionHandlerExceptionResolver - ControllerAdvice beans: 2 @ExceptionHandler, 1 ResponseBodyAdvice
2025-09-03 01:53:59 [main] INFO  o.a.coyote.http11.Http11NioProtocol - Starting ProtocolHandler ["http-nio-8081"]
2025-09-03 01:53:59 [main] INFO  o.a.c.c.s.CamelHttpTransportServlet - Initialized CamelHttpTransportServlet[name=CamelServlet, contextPath=]
2025-09-03 01:53:59 [main] INFO  org.quartz.core.QuartzScheduler - Scheduler quartzScheduler_$_NON_CLUSTERED started.
2025-09-03 01:53:59 [main] INFO  o.a.c.i.engine.AbstractCamelContext - Apache Camel 4.4.0 (camel-1) is starting
2025-09-03 01:53:59 [main] INFO  o.a.c.i.engine.AbstractCamelContext - Routes startup (started:0)
2025-09-03 01:53:59 [main] INFO  o.a.c.i.engine.AbstractCamelContext - Apache Camel 4.4.0 (camel-1) started in 34ms (build:0ms init:0ms start:34ms)
2025-09-03 01:54:00 [main] INFO  c.middleware.MiddlewareApplication - Started MiddlewareApplication in 41.325 seconds (process running for 45.328)
2025-09-03 01:54:00 [scheduling-1] INFO  c.m.b.k.service.DynamicRouteService - Starting route status sync with Camel context
2025-09-03 01:54:00 [scheduling-1] INFO  c.m.b.k.service.DynamicRouteService - Completed route status sync
2025-09-03 01:54:00 [main] INFO  c.m.b.k.service.SequenceFixService - Fixing sequence for integration_mapping.id ...
2025-09-03 01:54:01 [main] INFO  c.m.b.k.service.SequenceFixService - Sequence public.integration_mapping_id_seq synced to 211. setval returned 211
2025-09-03 01:54:01 [main] INFO  c.m.b.k.service.SequenceFixService - Sequence fix done.
2025-09-03 01:54:01 [RMI TCP Connection(1)-192.168.88.13] INFO  o.a.c.c.C.[Tomcat].[localhost].[/] - Initializing Spring DispatcherServlet 'dispatcherServlet'
2025-09-03 01:54:01 [RMI TCP Connection(1)-192.168.88.13] INFO  o.s.web.servlet.DispatcherServlet - Initializing Servlet 'dispatcherServlet'
2025-09-03 01:54:01 [RMI TCP Connection(1)-192.168.88.13] DEBUG o.s.web.servlet.DispatcherServlet - Detected StandardServletMultipartResolver
2025-09-03 01:54:01 [RMI TCP Connection(1)-192.168.88.13] DEBUG o.s.web.servlet.DispatcherServlet - Detected AcceptHeaderLocaleResolver
2025-09-03 01:54:01 [RMI TCP Connection(1)-192.168.88.13] DEBUG o.s.web.servlet.DispatcherServlet - Detected FixedThemeResolver
2025-09-03 01:54:01 [RMI TCP Connection(1)-192.168.88.13] DEBUG o.s.web.servlet.DispatcherServlet - Detected org.springframework.web.servlet.view.DefaultRequestToViewNameTranslator@71e21f48
2025-09-03 01:54:01 [RMI TCP Connection(1)-192.168.88.13] DEBUG o.s.web.servlet.DispatcherServlet - Detected org.springframework.web.servlet.support.SessionFlashMapManager@2a3cdf2b
2025-09-03 01:54:01 [RMI TCP Connection(1)-192.168.88.13] DEBUG o.s.web.servlet.DispatcherServlet - enableLoggingRequestDetails='false': request parameters and headers will be masked to prevent unsafe logging of potentially sensitive data
2025-09-03 01:54:01 [RMI TCP Connection(1)-192.168.88.13] INFO  o.s.web.servlet.DispatcherServlet - Completed initialization in 25 ms
2025-09-03 01:54:30 [scheduling-1] INFO  c.m.b.k.service.DynamicRouteService - Starting route status sync with Camel context
2025-09-03 01:54:30 [scheduling-1] INFO  c.m.b.k.service.DynamicRouteService - Completed route status sync
2025-09-03 01:55:00 [scheduling-1] INFO  c.m.b.k.service.DynamicRouteService - Starting route status sync with Camel context
2025-09-03 01:55:00 [scheduling-1] INFO  c.m.b.k.service.DynamicRouteService - Completed route status sync
2025-09-03 01:55:30 [scheduling-1] INFO  c.m.b.k.service.DynamicRouteService - Starting route status sync with Camel context
2025-09-03 01:55:30 [scheduling-1] INFO  c.m.b.k.service.DynamicRouteService - Completed route status sync
2025-09-03 01:56:00 [scheduling-1] INFO  c.m.b.k.service.DynamicRouteService - Starting route status sync with Camel context
2025-09-03 01:56:00 [scheduling-1] INFO  c.m.b.k.service.DynamicRouteService - Completed route status sync
2025-09-03 01:56:30 [scheduling-1] INFO  c.m.b.k.service.DynamicRouteService - Starting route status sync with Camel context
2025-09-03 01:56:30 [scheduling-1] INFO  c.m.b.k.service.DynamicRouteService - Completed route status sync
2025-09-03 01:56:58 [http-nio-8081-exec-2] DEBUG o.s.w.f.CommonsRequestLoggingFilter - Before request [POST /auth/login, client=0:0:0:0:0:0:0:1]
2025-09-03 01:56:58 [http-nio-8081-exec-2] DEBUG o.s.web.servlet.DispatcherServlet - POST "/auth/login", parameters={}
2025-09-03 01:56:58 [http-nio-8081-exec-2] DEBUG o.s.w.s.m.m.a.RequestMappingHandlerMapping - Mapped to com.middleware.backend.users.auth.AuthController#login(AuthRequest)
2025-09-03 01:56:59 [http-nio-8081-exec-2] DEBUG o.s.w.s.m.m.a.RequestResponseBodyMethodProcessor - Read "application/json;charset=UTF-8" to [AuthController.AuthRequest(email=admin@mail.com, password=S123@231)]
2025-09-03 01:57:00 [scheduling-1] INFO  c.m.b.k.service.DynamicRouteService - Starting route status sync with Camel context
2025-09-03 01:57:00 [scheduling-1] INFO  c.m.b.k.service.DynamicRouteService - Completed route status sync
2025-09-03 01:57:01 [http-nio-8081-exec-2] DEBUG o.s.w.s.m.m.a.RequestResponseBodyMethodProcessor - Using 'application/json', given [*/*] and supported [application/json, application/*+json, application/yaml]
2025-09-03 01:57:01 [http-nio-8081-exec-2] DEBUG o.s.w.s.m.m.a.RequestResponseBodyMethodProcessor - Writing [AuthController.AuthResponse(token=eyJhbGciOiJIUzI1NiJ9.eyJzdWIiOiJhZG1pbkBtYWlsLmNvbSIsImlhdCI6MTc1N (truncated)...]
2025-09-03 01:57:01 [http-nio-8081-exec-2] DEBUG o.s.web.servlet.DispatcherServlet - Completed 200 OK
2025-09-03 01:57:01 [http-nio-8081-exec-2] DEBUG o.s.w.f.CommonsRequestLoggingFilter - After request [POST /auth/login, client=0:0:0:0:0:0:0:1, payload={"email":"admin@mail.com","password":"S123@231"}]
2025-09-03 01:57:04 [http-nio-8081-exec-4] INFO  c.m.b.k.service.DynamicRouteService - Fetching active routes with pagination
2025-09-03 01:57:05 [http-nio-8081-exec-4] DEBUG o.s.w.f.CommonsRequestLoggingFilter - Before request [GET /scheduledjobslogs?page=0&size=10&sortedBy=createdAt&sortDirection=desc, client=0:0:0:0:0:0:0:1, user=admin@mail.com]
2025-09-03 01:57:05 [http-nio-8081-exec-4] DEBUG o.s.web.servlet.DispatcherServlet - GET "/scheduledjobslogs?page=0&size=10&sortedBy=createdAt&sortDirection=desc", parameters={masked}
2025-09-03 01:57:05 [http-nio-8081-exec-4] DEBUG o.s.w.s.m.m.a.RequestMappingHandlerMapping - Mapped to com.middleware.backend.scheduledJobs.controller.JobLogsController#getAll(String, String, String, Status, String, String, LocalDate, LocalDate, int, int)
2025-09-03 01:57:05 [http-nio-8081-exec-4] WARN  o.s.d.w.c.SpringDataJacksonConfiguration$PageModule$WarningLoggingModifier - Serializing PageImpl instances as-is is not supported, meaning that there is no guarantee about the stability of the resulting JSON structure!
	For a stable JSON structure, please use Spring Data's PagedModel (globally via @EnableSpringDataWebSupport(pageSerializationMode = VIA_DTO))
	or Spring HATEOAS and Spring Data's PagedResourcesAssembler as documented in https://docs.spring.io/spring-data/commons/reference/repositories/core-extensions.html#core.web.pageables.

2025-09-03 01:57:05 [http-nio-8081-exec-4] DEBUG o.s.w.s.m.m.a.HttpEntityMethodProcessor - Using 'application/json', given [application/json, text/javascript, */*;q=0.01] and supported [application/json, application/*+json, application/yaml]
2025-09-03 01:57:05 [http-nio-8081-exec-4] DEBUG o.s.w.s.m.m.a.HttpEntityMethodProcessor - Writing [Page 1 of 0 containing UNKNOWN instances]
2025-09-03 01:57:05 [http-nio-8081-exec-4] DEBUG o.s.web.servlet.DispatcherServlet - Completed 200 OK
2025-09-03 01:57:05 [http-nio-8081-exec-4] DEBUG o.s.w.f.CommonsRequestLoggingFilter - After request [GET /scheduledjobslogs?page=0&size=10&sortedBy=createdAt&sortDirection=desc, client=0:0:0:0:0:0:0:1, user=admin@mail.com]
2025-09-03 01:57:08 [http-nio-8081-exec-6] INFO  c.m.b.k.service.DynamicRouteService - Fetching active routes with pagination
2025-09-03 01:57:08 [http-nio-8081-exec-6] DEBUG o.s.w.f.CommonsRequestLoggingFilter - Before request [GET /routes/latest?page=0&size=10, client=0:0:0:0:0:0:0:1, user=admin@mail.com]
2025-09-03 01:57:08 [http-nio-8081-exec-6] DEBUG o.s.web.servlet.DispatcherServlet - GET "/routes/latest?page=0&size=10", parameters={masked}
2025-09-03 01:57:08 [http-nio-8081-exec-6] DEBUG o.s.w.s.m.m.a.RequestMappingHandlerMapping - Mapped to com.middleware.backend.kaotocamel.controller.DynamicRouteController#getRoutes(String, String, String, String, Boolean, String, String, LocalDateTime, LocalDateTime, String, String, int, int)
2025-09-03 01:57:08 [http-nio-8081-exec-6] DEBUG o.s.w.s.m.m.a.HttpEntityMethodProcessor - Using 'application/json', given [*/*] and supported [application/json, application/*+json, application/yaml]
2025-09-03 01:57:08 [http-nio-8081-exec-6] DEBUG o.s.w.s.m.m.a.HttpEntityMethodProcessor - Writing [Page 1 of 0 containing UNKNOWN instances]
2025-09-03 01:57:08 [http-nio-8081-exec-6] DEBUG o.s.web.servlet.DispatcherServlet - Completed 200 OK
2025-09-03 01:57:08 [http-nio-8081-exec-6] DEBUG o.s.w.f.CommonsRequestLoggingFilter - After request [GET /routes/latest?page=0&size=10, client=0:0:0:0:0:0:0:1, user=admin@mail.com]
2025-09-03 01:57:12 [http-nio-8081-exec-8] INFO  c.m.b.k.service.DynamicRouteService - Fetching active routes with pagination
2025-09-03 01:57:12 [http-nio-8081-exec-8] DEBUG o.s.w.f.CommonsRequestLoggingFilter - Before request [GET /api/logs?page=0&size=10&sort=receivedAt%2Cdesc, client=0:0:0:0:0:0:0:1, user=admin@mail.com]
2025-09-03 01:57:12 [http-nio-8081-exec-8] DEBUG o.s.web.servlet.DispatcherServlet - GET "/api/logs?page=0&size=10&sort=receivedAt%2Cdesc", parameters={masked}
2025-09-03 01:57:12 [http-nio-8081-exec-8] DEBUG o.s.w.s.m.m.a.RequestMappingHandlerMapping - Mapped to com.middleware.backend.logging.controller.MiddlewareApiCallLogController#getAll(Map, int, int, String)
2025-09-03 01:57:12 [http-nio-8081-exec-8] DEBUG o.s.w.s.m.m.a.HttpEntityMethodProcessor - Using 'application/json', given [*/*] and supported [application/json, application/*+json, application/yaml]
2025-09-03 01:57:12 [http-nio-8081-exec-8] DEBUG o.s.w.s.m.m.a.HttpEntityMethodProcessor - Writing [Page 1 of 1 containing com.middleware.backend.logging.dto.MiddlewareApiCallLogDto instances]
2025-09-03 01:57:12 [http-nio-8081-exec-8] DEBUG o.s.web.servlet.DispatcherServlet - Completed 200 OK
2025-09-03 01:57:12 [http-nio-8081-exec-8] DEBUG o.s.w.f.CommonsRequestLoggingFilter - After request [GET /api/logs?page=0&size=10&sort=receivedAt%2Cdesc, client=0:0:0:0:0:0:0:1, user=admin@mail.com]
2025-09-03 01:57:30 [scheduling-1] INFO  c.m.b.k.service.DynamicRouteService - Starting route status sync with Camel context
2025-09-03 01:57:30 [scheduling-1] INFO  c.m.b.k.service.DynamicRouteService - Completed route status sync
2025-09-03 01:58:00 [scheduling-1] INFO  c.m.b.k.service.DynamicRouteService - Starting route status sync with Camel context
2025-09-03 01:58:00 [scheduling-1] INFO  c.m.b.k.service.DynamicRouteService - Completed route status sync
2025-09-03 01:58:30 [scheduling-1] INFO  c.m.b.k.service.DynamicRouteService - Starting route status sync with Camel context
2025-09-03 01:58:30 [scheduling-1] INFO  c.m.b.k.service.DynamicRouteService - Completed route status sync
2025-09-03 01:59:00 [scheduling-1] INFO  c.m.b.k.service.DynamicRouteService - Starting route status sync with Camel context
2025-09-03 01:59:00 [scheduling-1] INFO  c.m.b.k.service.DynamicRouteService - Completed route status sync
2025-09-03 01:59:30 [scheduling-1] INFO  c.m.b.k.service.DynamicRouteService - Starting route status sync with Camel context
2025-09-03 01:59:30 [scheduling-1] INFO  c.m.b.k.service.DynamicRouteService - Completed route status sync
2025-09-03 02:00:00 [scheduling-1] INFO  c.m.b.k.service.DynamicRouteService - Starting route status sync with Camel context
2025-09-03 02:00:00 [scheduling-1] INFO  c.m.b.k.service.DynamicRouteService - Completed route status sync
2025-09-03 02:00:30 [scheduling-1] INFO  c.m.b.k.service.DynamicRouteService - Starting route status sync with Camel context
2025-09-03 02:00:30 [scheduling-1] INFO  c.m.b.k.service.DynamicRouteService - Completed route status sync
2025-09-03 02:01:00 [scheduling-1] INFO  c.m.b.k.service.DynamicRouteService - Starting route status sync with Camel context
2025-09-03 02:01:00 [scheduling-1] INFO  c.m.b.k.service.DynamicRouteService - Completed route status sync
2025-09-03 02:01:30 [scheduling-1] INFO  c.m.b.k.service.DynamicRouteService - Starting route status sync with Camel context
2025-09-03 02:01:30 [scheduling-1] INFO  c.m.b.k.service.DynamicRouteService - Completed route status sync
2025-09-03 02:02:00 [scheduling-1] INFO  c.m.b.k.service.DynamicRouteService - Starting route status sync with Camel context
2025-09-03 02:02:00 [scheduling-1] INFO  c.m.b.k.service.DynamicRouteService - Completed route status sync
2025-09-03 02:02:30 [scheduling-1] INFO  c.m.b.k.service.DynamicRouteService - Starting route status sync with Camel context
2025-09-03 02:02:30 [scheduling-1] INFO  c.m.b.k.service.DynamicRouteService - Completed route status sync
2025-09-03 02:03:00 [scheduling-1] INFO  c.m.b.k.service.DynamicRouteService - Starting route status sync with Camel context
2025-09-03 02:03:00 [scheduling-1] INFO  c.m.b.k.service.DynamicRouteService - Completed route status sync
2025-09-03 02:03:30 [scheduling-1] INFO  c.m.b.k.service.DynamicRouteService - Starting route status sync with Camel context
2025-09-03 02:03:30 [scheduling-1] INFO  c.m.b.k.service.DynamicRouteService - Completed route status sync
2025-09-03 02:04:00 [scheduling-1] INFO  c.m.b.k.service.DynamicRouteService - Starting route status sync with Camel context
2025-09-03 02:04:00 [scheduling-1] INFO  c.m.b.k.service.DynamicRouteService - Completed route status sync
2025-09-03 02:04:30 [scheduling-1] INFO  c.m.b.k.service.DynamicRouteService - Starting route status sync with Camel context
2025-09-03 02:04:30 [scheduling-1] INFO  c.m.b.k.service.DynamicRouteService - Completed route status sync
2025-09-03 02:05:00 [scheduling-1] INFO  c.m.b.k.service.DynamicRouteService - Starting route status sync with Camel context
2025-09-03 02:05:00 [scheduling-1] INFO  c.m.b.k.service.DynamicRouteService - Completed route status sync
2025-09-03 02:05:30 [scheduling-1] INFO  c.m.b.k.service.DynamicRouteService - Starting route status sync with Camel context
2025-09-03 02:05:30 [scheduling-1] INFO  c.m.b.k.service.DynamicRouteService - Completed route status sync
2025-09-03 02:06:00 [scheduling-1] INFO  c.m.b.k.service.DynamicRouteService - Starting route status sync with Camel context
2025-09-03 02:06:00 [scheduling-1] INFO  c.m.b.k.service.DynamicRouteService - Completed route status sync
2025-09-03 02:06:30 [scheduling-1] INFO  c.m.b.k.service.DynamicRouteService - Starting route status sync with Camel context
2025-09-03 02:06:30 [scheduling-1] INFO  c.m.b.k.service.DynamicRouteService - Completed route status sync
2025-09-03 02:07:00 [scheduling-1] INFO  c.m.b.k.service.DynamicRouteService - Starting route status sync with Camel context
2025-09-03 02:07:00 [scheduling-1] INFO  c.m.b.k.service.DynamicRouteService - Completed route status sync
2025-09-03 02:07:30 [scheduling-1] INFO  c.m.b.k.service.DynamicRouteService - Starting route status sync with Camel context
2025-09-03 02:07:30 [scheduling-1] INFO  c.m.b.k.service.DynamicRouteService - Completed route status sync
2025-09-03 02:08:00 [scheduling-1] INFO  c.m.b.k.service.DynamicRouteService - Starting route status sync with Camel context
2025-09-03 02:08:00 [scheduling-1] INFO  c.m.b.k.service.DynamicRouteService - Completed route status sync
2025-09-03 02:08:30 [scheduling-1] INFO  c.m.b.k.service.DynamicRouteService - Starting route status sync with Camel context
2025-09-03 02:08:30 [scheduling-1] INFO  c.m.b.k.service.DynamicRouteService - Completed route status sync
2025-09-03 02:09:00 [scheduling-1] INFO  c.m.b.k.service.DynamicRouteService - Starting route status sync with Camel context
2025-09-03 02:09:00 [scheduling-1] INFO  c.m.b.k.service.DynamicRouteService - Completed route status sync
2025-09-03 02:09:30 [scheduling-1] INFO  c.m.b.k.service.DynamicRouteService - Starting route status sync with Camel context
2025-09-03 02:09:30 [scheduling-1] INFO  c.m.b.k.service.DynamicRouteService - Completed route status sync
2025-09-03 02:10:00 [scheduling-1] INFO  c.m.b.k.service.DynamicRouteService - Starting route status sync with Camel context
2025-09-03 02:10:00 [scheduling-1] INFO  c.m.b.k.service.DynamicRouteService - Completed route status sync
2025-09-03 02:10:30 [scheduling-1] INFO  c.m.b.k.service.DynamicRouteService - Starting route status sync with Camel context
2025-09-03 02:10:30 [scheduling-1] INFO  c.m.b.k.service.DynamicRouteService - Completed route status sync
2025-09-03 02:11:00 [scheduling-1] INFO  c.m.b.k.service.DynamicRouteService - Starting route status sync with Camel context
2025-09-03 02:11:00 [scheduling-1] INFO  c.m.b.k.service.DynamicRouteService - Completed route status sync
2025-09-03 02:11:30 [scheduling-1] INFO  c.m.b.k.service.DynamicRouteService - Starting route status sync with Camel context
2025-09-03 02:11:30 [scheduling-1] INFO  c.m.b.k.service.DynamicRouteService - Completed route status sync
2025-09-03 02:12:00 [scheduling-1] INFO  c.m.b.k.service.DynamicRouteService - Starting route status sync with Camel context
2025-09-03 02:12:00 [scheduling-1] INFO  c.m.b.k.service.DynamicRouteService - Completed route status sync
2025-09-03 02:12:30 [scheduling-1] INFO  c.m.b.k.service.DynamicRouteService - Starting route status sync with Camel context
2025-09-03 02:12:30 [scheduling-1] INFO  c.m.b.k.service.DynamicRouteService - Completed route status sync
2025-09-03 02:13:00 [scheduling-1] INFO  c.m.b.k.service.DynamicRouteService - Starting route status sync with Camel context
2025-09-03 02:13:00 [scheduling-1] INFO  c.m.b.k.service.DynamicRouteService - Completed route status sync
2025-09-03 02:13:30 [scheduling-1] INFO  c.m.b.k.service.DynamicRouteService - Starting route status sync with Camel context
2025-09-03 02:13:30 [scheduling-1] INFO  c.m.b.k.service.DynamicRouteService - Completed route status sync
2025-09-03 02:14:00 [scheduling-1] INFO  c.m.b.k.service.DynamicRouteService - Starting route status sync with Camel context
2025-09-03 02:14:00 [scheduling-1] INFO  c.m.b.k.service.DynamicRouteService - Completed route status sync
2025-09-03 02:14:30 [scheduling-1] INFO  c.m.b.k.service.DynamicRouteService - Starting route status sync with Camel context
2025-09-03 02:14:30 [scheduling-1] INFO  c.m.b.k.service.DynamicRouteService - Completed route status sync
2025-09-03 02:15:00 [scheduling-1] INFO  c.m.b.k.service.DynamicRouteService - Starting route status sync with Camel context
2025-09-03 02:15:00 [scheduling-1] INFO  c.m.b.k.service.DynamicRouteService - Completed route status sync
2025-09-03 02:15:30 [scheduling-1] INFO  c.m.b.k.service.DynamicRouteService - Starting route status sync with Camel context
2025-09-03 02:15:30 [scheduling-1] INFO  c.m.b.k.service.DynamicRouteService - Completed route status sync
2025-09-03 02:16:00 [scheduling-1] INFO  c.m.b.k.service.DynamicRouteService - Starting route status sync with Camel context
2025-09-03 02:16:00 [scheduling-1] INFO  c.m.b.k.service.DynamicRouteService - Completed route status sync
2025-09-03 02:16:30 [scheduling-1] INFO  c.m.b.k.service.DynamicRouteService - Starting route status sync with Camel context
2025-09-03 02:16:30 [scheduling-1] INFO  c.m.b.k.service.DynamicRouteService - Completed route status sync
2025-09-03 02:17:00 [scheduling-1] INFO  c.m.b.k.service.DynamicRouteService - Starting route status sync with Camel context
2025-09-03 02:17:00 [scheduling-1] INFO  c.m.b.k.service.DynamicRouteService - Completed route status sync
2025-09-03 02:17:30 [scheduling-1] INFO  c.m.b.k.service.DynamicRouteService - Starting route status sync with Camel context
2025-09-03 02:17:30 [scheduling-1] INFO  c.m.b.k.service.DynamicRouteService - Completed route status sync
2025-09-03 02:18:00 [scheduling-1] INFO  c.m.b.k.service.DynamicRouteService - Starting route status sync with Camel context
2025-09-03 02:18:00 [scheduling-1] INFO  c.m.b.k.service.DynamicRouteService - Completed route status sync
2025-09-03 02:18:30 [scheduling-1] INFO  c.m.b.k.service.DynamicRouteService - Starting route status sync with Camel context
2025-09-03 02:18:30 [scheduling-1] INFO  c.m.b.k.service.DynamicRouteService - Completed route status sync
2025-09-03 02:19:00 [scheduling-1] INFO  c.m.b.k.service.DynamicRouteService - Starting route status sync with Camel context
2025-09-03 02:19:00 [scheduling-1] INFO  c.m.b.k.service.DynamicRouteService - Completed route status sync
2025-09-03 02:19:30 [scheduling-1] INFO  c.m.b.k.service.DynamicRouteService - Starting route status sync with Camel context
2025-09-03 02:19:30 [scheduling-1] INFO  c.m.b.k.service.DynamicRouteService - Completed route status sync
2025-09-03 02:20:00 [scheduling-1] INFO  c.m.b.k.service.DynamicRouteService - Starting route status sync with Camel context
2025-09-03 02:20:00 [scheduling-1] INFO  c.m.b.k.service.DynamicRouteService - Completed route status sync
2025-09-03 02:20:30 [scheduling-1] INFO  c.m.b.k.service.DynamicRouteService - Starting route status sync with Camel context
2025-09-03 02:20:30 [scheduling-1] INFO  c.m.b.k.service.DynamicRouteService - Completed route status sync
2025-09-03 02:21:00 [scheduling-1] INFO  c.m.b.k.service.DynamicRouteService - Starting route status sync with Camel context
2025-09-03 02:21:00 [scheduling-1] INFO  c.m.b.k.service.DynamicRouteService - Completed route status sync
2025-09-03 02:21:30 [scheduling-1] INFO  c.m.b.k.service.DynamicRouteService - Starting route status sync with Camel context
2025-09-03 02:21:30 [scheduling-1] INFO  c.m.b.k.service.DynamicRouteService - Completed route status sync
2025-09-03 02:22:00 [scheduling-1] INFO  c.m.b.k.service.DynamicRouteService - Starting route status sync with Camel context
2025-09-03 02:22:00 [scheduling-1] INFO  c.m.b.k.service.DynamicRouteService - Completed route status sync
2025-09-03 02:22:30 [scheduling-1] INFO  c.m.b.k.service.DynamicRouteService - Starting route status sync with Camel context
2025-09-03 02:22:30 [scheduling-1] INFO  c.m.b.k.service.DynamicRouteService - Completed route status sync
2025-09-03 02:22:50 [SpringApplicationShutdownHook] INFO  org.quartz.core.QuartzScheduler - Scheduler quartzScheduler_$_NON_CLUSTERED paused.
2025-09-03 02:22:50 [SpringApplicationShutdownHook] INFO  o.a.c.i.engine.AbstractCamelContext - Apache Camel 4.4.0 (camel-1) is shutting down (timeout:45s)
2025-09-03 02:22:50 [SpringApplicationShutdownHook] INFO  o.a.c.i.engine.AbstractCamelContext - Routes stopped (stopped:0)
2025-09-03 02:22:50 [SpringApplicationShutdownHook] INFO  o.a.c.i.engine.AbstractCamelContext - Apache Camel 4.4.0 (camel-1) shutdown in 9ms (uptime:28m50s)
2025-09-03 02:22:50 [SpringApplicationShutdownHook] INFO  org.quartz.core.QuartzScheduler - Scheduler quartzScheduler_$_NON_CLUSTERED shutting down.
2025-09-03 02:22:50 [SpringApplicationShutdownHook] INFO  org.quartz.core.QuartzScheduler - Scheduler quartzScheduler_$_NON_CLUSTERED paused.
2025-09-03 02:22:50 [SpringApplicationShutdownHook] INFO  org.quartz.core.QuartzScheduler - Scheduler quartzScheduler_$_NON_CLUSTERED shutdown complete.
2025-09-03 02:22:50 [SpringApplicationShutdownHook] INFO  o.a.c.c.s.CamelHttpTransportServlet - Destroyed CamelHttpTransportServlet[CamelServlet]
2025-09-03 02:56:49 [background-preinit] INFO  o.h.validator.internal.util.Version - HV000001: Hibernate Validator 8.0.2.Final
2025-09-03 02:56:49 [main] INFO  c.m.MiddlewareApplicationTests - Starting MiddlewareApplicationTests using Java 23-valhalla with PID 14040 (started by omard in C:\Users\omard\Desktop\Work\jordan\back-end)
2025-09-03 02:56:49 [main] INFO  c.m.MiddlewareApplicationTests - No active profile set, falling back to 1 default profile: "default"
2025-09-03 02:56:49 [main] DEBUG o.s.w.c.s.GenericWebApplicationContext - Refreshing org.springframework.web.context.support.GenericWebApplicationContext@1ad8df52
2025-09-03 02:56:53 [main] INFO  o.h.jpa.internal.util.LogHelper - HHH000204: Processing PersistenceUnitInfo [name: default]
2025-09-03 02:56:53 [main] INFO  org.hibernate.Version - HHH000412: Hibernate ORM core version 6.6.11.Final
2025-09-03 02:56:53 [main] INFO  o.h.c.i.RegionFactoryInitiator - HHH000026: Second-level cache disabled
2025-09-03 02:56:53 [main] WARN  org.hibernate.orm.deprecation - HHH90000025: PostgreSQLDialect does not need to be specified explicitly using 'hibernate.dialect' (remove the property setting and it will be selected by default)
2025-09-03 02:56:53 [main] INFO  o.hibernate.orm.connections.pooling - HHH10001005: Database info:
	Database JDBC URL [Connecting through datasource 'org.springframework.jdbc.datasource.DriverManagerDataSource@152035eb']
	Database driver: undefined/unknown
	Database version: 17.4
	Autocommit mode: undefined/unknown
	Isolation level: undefined/unknown
	Minimum pool size: undefined/unknown
	Maximum pool size: undefined/unknown
2025-09-03 02:56:55 [main] INFO  o.h.e.t.j.p.i.JtaPlatformInitiator - HHH000489: No JTA platform available (set 'hibernate.transaction.jta.platform' to enable JTA platform integration)
2025-09-03 02:56:57 [main] INFO  o.a.camel.util.concurrent.ThreadType - The type of thread detected is PLATFORM
2025-09-03 02:56:58 [main] INFO  org.quartz.impl.StdSchedulerFactory - Using default implementation for ThreadExecutor
2025-09-03 02:56:58 [main] INFO  o.quartz.core.SchedulerSignalerImpl - Initialized Scheduler Signaller of type: class org.quartz.core.SchedulerSignalerImpl
2025-09-03 02:56:58 [main] INFO  org.quartz.core.QuartzScheduler - Quartz Scheduler v.2.3.2 created.
2025-09-03 02:56:58 [main] INFO  org.quartz.simpl.RAMJobStore - RAMJobStore initialized.
2025-09-03 02:56:58 [main] INFO  org.quartz.core.QuartzScheduler - Scheduler meta-data: Quartz Scheduler (v2.3.2) 'quartzScheduler' with instanceId 'NON_CLUSTERED'
  Scheduler class: 'org.quartz.core.QuartzScheduler' - running locally.
  NOT STARTED.
  Currently in standby mode.
  Number of jobs executed: 0
  Using thread pool 'org.quartz.simpl.SimpleThreadPool' - with 10 threads.
  Using job-store 'org.quartz.simpl.RAMJobStore' - which does not support persistence. and is not clustered.

2025-09-03 02:56:58 [main] INFO  org.quartz.impl.StdSchedulerFactory - Quartz scheduler 'quartzScheduler' initialized from an externally provided properties instance.
2025-09-03 02:56:58 [main] INFO  org.quartz.impl.StdSchedulerFactory - Quartz scheduler version: 2.3.2
2025-09-03 02:56:58 [main] INFO  org.quartz.core.QuartzScheduler - JobFactory set to: org.springframework.scheduling.quartz.SpringBeanJobFactory@904df8a
2025-09-03 02:56:59 [main] INFO  c.m.b.k.i.Dhis2HeaderFilterConfig - === Configuring DHIS2 Header Filter (Static Test) ===
2025-09-03 02:56:59 [main] INFO  c.m.b.k.i.Dhis2HeaderFilterConfig - DHIS2 Header Filter configured - allowing most headers for testing
2025-09-03 02:56:59 [main] DEBUG o.s.w.s.m.m.a.RequestMappingHandlerMapping - 104 mappings in 'requestMappingHandlerMapping'
2025-09-03 02:57:00 [main] DEBUG o.s.w.s.h.SimpleUrlHandlerMapping - Patterns [/webjars/**, /**, /swagger-ui*/*swagger-initializer.js, /swagger-ui*/**] in 'resourceHandlerMapping'
2025-09-03 02:57:00 [main] DEBUG o.s.w.s.m.m.a.RequestMappingHandlerAdapter - ControllerAdvice beans: 0 @ModelAttribute, 0 @InitBinder, 1 RequestBodyAdvice, 1 ResponseBodyAdvice
2025-09-03 02:57:00 [main] DEBUG o.s.w.s.m.m.a.ExceptionHandlerExceptionResolver - ControllerAdvice beans: 2 @ExceptionHandler, 1 ResponseBodyAdvice
2025-09-03 02:57:01 [main] INFO  org.quartz.core.QuartzScheduler - Scheduler quartzScheduler_$_NON_CLUSTERED started.
2025-09-03 02:57:01 [scheduling-1] INFO  c.m.b.k.service.DynamicRouteService - Starting route status sync with Camel context
2025-09-03 02:57:01 [main] INFO  o.a.c.i.engine.AbstractCamelContext - Apache Camel 4.4.0 (camel-1) is starting
2025-09-03 02:57:01 [main] INFO  o.a.c.i.engine.AbstractCamelContext - Routes startup (started:0)
2025-09-03 02:57:01 [main] INFO  o.a.c.i.engine.AbstractCamelContext - Apache Camel 4.4.0 (camel-1) started in 22ms (build:0ms init:0ms start:22ms)
2025-09-03 02:57:01 [main] INFO  c.m.MiddlewareApplicationTests - Started MiddlewareApplicationTests in 12.719 seconds (process running for 14.229)
2025-09-03 02:57:02 [scheduling-1] INFO  c.m.b.k.service.DynamicRouteService - Completed route status sync
2025-09-03 02:57:02 [main] INFO  c.m.b.k.service.SequenceFixService - Fixing sequence for integration_mapping.id ...
2025-09-03 02:57:02 [main] INFO  c.m.b.k.service.SequenceFixService - Sequence public.integration_mapping_id_seq synced to 211. setval returned 211
2025-09-03 02:57:02 [main] INFO  c.m.b.k.service.SequenceFixService - Sequence fix done.
2025-09-03 02:57:03 [SpringApplicationShutdownHook] DEBUG o.s.w.c.s.GenericWebApplicationContext - Closing org.springframework.web.context.support.GenericWebApplicationContext@1ad8df52, started on Wed Sep 03 02:56:49 EEST 2025
2025-09-03 02:57:03 [SpringApplicationShutdownHook] INFO  org.quartz.core.QuartzScheduler - Scheduler quartzScheduler_$_NON_CLUSTERED paused.
2025-09-03 02:57:03 [SpringApplicationShutdownHook] INFO  o.a.c.i.engine.AbstractCamelContext - Apache Camel 4.4.0 (camel-1) is shutting down (timeout:45s)
2025-09-03 02:57:03 [SpringApplicationShutdownHook] INFO  o.a.c.i.engine.AbstractCamelContext - Routes stopped (stopped:0)
2025-09-03 02:57:03 [SpringApplicationShutdownHook] INFO  o.a.c.i.engine.AbstractCamelContext - Apache Camel 4.4.0 (camel-1) shutdown in 10ms (uptime:1s)
2025-09-03 02:57:03 [SpringApplicationShutdownHook] INFO  org.quartz.core.QuartzScheduler - Scheduler quartzScheduler_$_NON_CLUSTERED shutting down.
2025-09-03 02:57:03 [SpringApplicationShutdownHook] INFO  org.quartz.core.QuartzScheduler - Scheduler quartzScheduler_$_NON_CLUSTERED paused.
2025-09-03 02:57:03 [SpringApplicationShutdownHook] INFO  org.quartz.core.QuartzScheduler - Scheduler quartzScheduler_$_NON_CLUSTERED shutdown complete.
2025-09-03 03:02:44 [background-preinit] INFO  o.h.validator.internal.util.Version - HV000001: Hibernate Validator 8.0.2.Final
2025-09-03 03:02:44 [main] INFO  c.middleware.MiddlewareApplication - Starting MiddlewareApplication using Java 23-valhalla with PID 15172 (C:\Users\omard\Desktop\Work\jordan\back-end\target\classes started by omard in C:\Users\omard\Desktop\Work\jordan\back-end)
2025-09-03 03:02:44 [main] INFO  c.middleware.MiddlewareApplication - No active profile set, falling back to 1 default profile: "default"
2025-09-03 03:02:47 [main] INFO  o.a.coyote.http11.Http11NioProtocol - Initializing ProtocolHandler ["http-nio-8081"]
2025-09-03 03:02:47 [main] INFO  o.a.catalina.core.StandardService - Starting service [Tomcat]
2025-09-03 03:02:47 [main] INFO  o.a.catalina.core.StandardEngine - Starting Servlet engine: [Apache Tomcat/10.1.39]
2025-09-03 03:02:47 [main] INFO  o.a.c.c.C.[Tomcat].[localhost].[/] - Initializing Spring embedded WebApplicationContext
2025-09-03 03:02:47 [main] INFO  o.h.jpa.internal.util.LogHelper - HHH000204: Processing PersistenceUnitInfo [name: default]
2025-09-03 03:02:47 [main] INFO  org.hibernate.Version - HHH000412: Hibernate ORM core version 6.6.11.Final
2025-09-03 03:02:47 [main] INFO  o.h.c.i.RegionFactoryInitiator - HHH000026: Second-level cache disabled
2025-09-03 03:02:47 [main] WARN  org.hibernate.orm.deprecation - HHH90000025: PostgreSQLDialect does not need to be specified explicitly using 'hibernate.dialect' (remove the property setting and it will be selected by default)
2025-09-03 03:02:48 [main] INFO  o.hibernate.orm.connections.pooling - HHH10001005: Database info:
	Database JDBC URL [Connecting through datasource 'org.springframework.jdbc.datasource.DriverManagerDataSource@27682fa9']
	Database driver: undefined/unknown
	Database version: 17.4
	Autocommit mode: undefined/unknown
	Isolation level: undefined/unknown
	Minimum pool size: undefined/unknown
	Maximum pool size: undefined/unknown
2025-09-03 03:02:49 [main] INFO  o.h.e.t.j.p.i.JtaPlatformInitiator - HHH000489: No JTA platform available (set 'hibernate.transaction.jta.platform' to enable JTA platform integration)
2025-09-03 03:02:51 [main] INFO  o.a.camel.util.concurrent.ThreadType - The type of thread detected is PLATFORM
2025-09-03 03:02:52 [main] DEBUG o.s.w.f.ServerHttpObservationFilter - Filter 'webMvcObservationFilter' configured for use
2025-09-03 03:02:52 [main] DEBUG o.s.w.f.CommonsRequestLoggingFilter - Filter 'logFilter' configured for use
2025-09-03 03:02:52 [main] DEBUG c.m.b.users.config.JwtRequestFilter - Filter 'jwtRequestFilter' configured for use
2025-09-03 03:02:53 [main] INFO  org.quartz.impl.StdSchedulerFactory - Using default implementation for ThreadExecutor
2025-09-03 03:02:53 [main] INFO  o.quartz.core.SchedulerSignalerImpl - Initialized Scheduler Signaller of type: class org.quartz.core.SchedulerSignalerImpl
2025-09-03 03:02:53 [main] INFO  org.quartz.core.QuartzScheduler - Quartz Scheduler v.2.3.2 created.
2025-09-03 03:02:53 [main] INFO  org.quartz.simpl.RAMJobStore - RAMJobStore initialized.
2025-09-03 03:02:53 [main] INFO  org.quartz.core.QuartzScheduler - Scheduler meta-data: Quartz Scheduler (v2.3.2) 'quartzScheduler' with instanceId 'NON_CLUSTERED'
  Scheduler class: 'org.quartz.core.QuartzScheduler' - running locally.
  NOT STARTED.
  Currently in standby mode.
  Number of jobs executed: 0
  Using thread pool 'org.quartz.simpl.SimpleThreadPool' - with 10 threads.
  Using job-store 'org.quartz.simpl.RAMJobStore' - which does not support persistence. and is not clustered.

2025-09-03 03:02:53 [main] INFO  org.quartz.impl.StdSchedulerFactory - Quartz scheduler 'quartzScheduler' initialized from an externally provided properties instance.
2025-09-03 03:02:53 [main] INFO  org.quartz.impl.StdSchedulerFactory - Quartz scheduler version: 2.3.2
2025-09-03 03:02:53 [main] INFO  org.quartz.core.QuartzScheduler - JobFactory set to: org.springframework.scheduling.quartz.SpringBeanJobFactory@3050363d
2025-09-03 03:02:53 [main] INFO  c.m.b.k.i.Dhis2HeaderFilterConfig - === Configuring DHIS2 Header Filter (Static Test) ===
2025-09-03 03:02:53 [main] INFO  c.m.b.k.i.Dhis2HeaderFilterConfig - DHIS2 Header Filter configured - allowing most headers for testing
2025-09-03 03:02:54 [main] DEBUG o.s.w.s.m.m.a.RequestMappingHandlerMapping - 104 mappings in 'requestMappingHandlerMapping'
2025-09-03 03:02:54 [main] DEBUG o.s.w.s.h.SimpleUrlHandlerMapping - Patterns [/webjars/**, /**, /swagger-ui*/*swagger-initializer.js, /swagger-ui*/**] in 'resourceHandlerMapping'
2025-09-03 03:02:55 [main] DEBUG o.s.w.s.m.m.a.RequestMappingHandlerAdapter - ControllerAdvice beans: 0 @ModelAttribute, 0 @InitBinder, 1 RequestBodyAdvice, 1 ResponseBodyAdvice
2025-09-03 03:02:55 [main] DEBUG o.s.w.s.m.m.a.ExceptionHandlerExceptionResolver - ControllerAdvice beans: 2 @ExceptionHandler, 1 ResponseBodyAdvice
2025-09-03 03:02:56 [main] INFO  o.a.coyote.http11.Http11NioProtocol - Starting ProtocolHandler ["http-nio-8081"]
2025-09-03 03:02:56 [main] INFO  o.a.c.c.s.CamelHttpTransportServlet - Initialized CamelHttpTransportServlet[name=CamelServlet, contextPath=]
2025-09-03 03:02:56 [main] INFO  org.quartz.core.QuartzScheduler - Scheduler quartzScheduler_$_NON_CLUSTERED started.
2025-09-03 03:02:57 [main] INFO  o.a.c.i.engine.AbstractCamelContext - Apache Camel 4.4.0 (camel-1) is starting
2025-09-03 03:02:57 [main] INFO  o.a.c.i.engine.AbstractCamelContext - Routes startup (started:0)
2025-09-03 03:02:57 [main] INFO  o.a.c.i.engine.AbstractCamelContext - Apache Camel 4.4.0 (camel-1) started in 15ms (build:0ms init:0ms start:15ms)
2025-09-03 03:02:57 [main] INFO  c.middleware.MiddlewareApplication - Started MiddlewareApplication in 13.076 seconds (process running for 14.033)
2025-09-03 03:02:57 [scheduling-1] INFO  c.m.b.k.service.DynamicRouteService - Starting route status sync with Camel context
2025-09-03 03:02:57 [scheduling-1] INFO  c.m.b.k.service.DynamicRouteService - Completed route status sync
2025-09-03 03:02:57 [main] INFO  c.m.b.k.service.SequenceFixService - Fixing sequence for integration_mapping.id ...
2025-09-03 03:02:57 [main] INFO  c.m.b.k.service.SequenceFixService - Sequence public.integration_mapping_id_seq synced to 211. setval returned 211
2025-09-03 03:02:57 [main] INFO  c.m.b.k.service.SequenceFixService - Sequence fix done.
2025-09-03 03:02:57 [RMI TCP Connection(4)-192.168.88.13] INFO  o.a.c.c.C.[Tomcat].[localhost].[/] - Initializing Spring DispatcherServlet 'dispatcherServlet'
2025-09-03 03:02:57 [RMI TCP Connection(4)-192.168.88.13] INFO  o.s.web.servlet.DispatcherServlet - Initializing Servlet 'dispatcherServlet'
2025-09-03 03:02:57 [RMI TCP Connection(4)-192.168.88.13] DEBUG o.s.web.servlet.DispatcherServlet - Detected StandardServletMultipartResolver
2025-09-03 03:02:57 [RMI TCP Connection(4)-192.168.88.13] DEBUG o.s.web.servlet.DispatcherServlet - Detected AcceptHeaderLocaleResolver
2025-09-03 03:02:57 [RMI TCP Connection(4)-192.168.88.13] DEBUG o.s.web.servlet.DispatcherServlet - Detected FixedThemeResolver
2025-09-03 03:02:57 [RMI TCP Connection(4)-192.168.88.13] DEBUG o.s.web.servlet.DispatcherServlet - Detected org.springframework.web.servlet.view.DefaultRequestToViewNameTranslator@7dd8713e
2025-09-03 03:02:57 [RMI TCP Connection(4)-192.168.88.13] DEBUG o.s.web.servlet.DispatcherServlet - Detected org.springframework.web.servlet.support.SessionFlashMapManager@793ac211
2025-09-03 03:02:57 [RMI TCP Connection(4)-192.168.88.13] DEBUG o.s.web.servlet.DispatcherServlet - enableLoggingRequestDetails='false': request parameters and headers will be masked to prevent unsafe logging of potentially sensitive data
2025-09-03 03:02:57 [RMI TCP Connection(4)-192.168.88.13] INFO  o.s.web.servlet.DispatcherServlet - Completed initialization in 9 ms
2025-09-03 03:03:27 [scheduling-1] INFO  c.m.b.k.service.DynamicRouteService - Starting route status sync with Camel context
2025-09-03 03:03:27 [scheduling-1] INFO  c.m.b.k.service.DynamicRouteService - Completed route status sync
2025-09-03 03:03:29 [http-nio-8081-exec-5] INFO  c.m.b.k.service.DynamicRouteService - Fetching active routes with pagination
2025-09-03 03:03:29 [http-nio-8081-exec-6] INFO  c.m.b.k.service.DynamicRouteService - Fetching active routes with pagination
2025-09-03 03:03:29 [http-nio-8081-exec-7] INFO  c.m.b.k.service.DynamicRouteService - Fetching active routes with pagination
2025-09-03 03:03:29 [http-nio-8081-exec-8] INFO  c.m.b.k.service.DynamicRouteService - Fetching active routes with pagination
2025-09-03 03:03:29 [http-nio-8081-exec-6] DEBUG o.s.w.f.CommonsRequestLoggingFilter - Before request [GET /error-mappings/routes, client=0:0:0:0:0:0:0:1, user=admin@mail.com]
2025-09-03 03:03:29 [http-nio-8081-exec-5] DEBUG o.s.w.f.CommonsRequestLoggingFilter - Before request [GET /error-mappings/source-systems, client=0:0:0:0:0:0:0:1, user=admin@mail.com]
2025-09-03 03:03:29 [http-nio-8081-exec-5] DEBUG o.s.web.servlet.DispatcherServlet - GET "/error-mappings/source-systems", parameters={}
2025-09-03 03:03:29 [http-nio-8081-exec-6] DEBUG o.s.web.servlet.DispatcherServlet - GET "/error-mappings/routes", parameters={}
2025-09-03 03:03:29 [http-nio-8081-exec-5] DEBUG o.s.w.s.m.m.a.RequestMappingHandlerMapping - Mapped to com.middleware.backend.controller.ErrorMappingController#getAvailableSourceSystems()
2025-09-03 03:03:29 [http-nio-8081-exec-6] DEBUG o.s.w.s.m.m.a.RequestMappingHandlerMapping - Mapped to com.middleware.backend.controller.ErrorMappingController#getAvailableRoutes()
2025-09-03 03:03:29 [http-nio-8081-exec-7] DEBUG o.s.w.f.CommonsRequestLoggingFilter - Before request [GET /error-mappings?page=0&size=10&sortBy=createdAt&sortDir=desc, client=0:0:0:0:0:0:0:1, user=admin@mail.com]
2025-09-03 03:03:29 [http-nio-8081-exec-7] DEBUG o.s.web.servlet.DispatcherServlet - GET "/error-mappings?page=0&size=10&sortBy=createdAt&sortDir=desc", parameters={masked}
2025-09-03 03:03:29 [http-nio-8081-exec-7] DEBUG o.s.w.s.m.m.a.RequestMappingHandlerMapping - Mapped to com.middleware.backend.controller.ErrorMappingController#getAllErrorMappings(Map, int, int, String, String)
2025-09-03 03:03:29 [http-nio-8081-exec-8] DEBUG o.s.w.f.CommonsRequestLoggingFilter - Before request [GET /error-mappings/error-categories, client=0:0:0:0:0:0:0:1, user=admin@mail.com]
2025-09-03 03:03:29 [http-nio-8081-exec-8] DEBUG o.s.web.servlet.DispatcherServlet - GET "/error-mappings/error-categories", parameters={}
2025-09-03 03:03:29 [http-nio-8081-exec-8] DEBUG o.s.w.s.m.m.a.RequestMappingHandlerMapping - Mapped to com.middleware.backend.controller.ErrorMappingController#getActiveErrorCategories()
2025-09-03 03:03:29 [http-nio-8081-exec-6] DEBUG o.s.w.s.m.m.a.HttpEntityMethodProcessor - Using 'application/json', given [*/*] and supported [application/json, application/*+json, application/yaml]
2025-09-03 03:03:29 [http-nio-8081-exec-5] DEBUG o.s.w.s.m.m.a.HttpEntityMethodProcessor - Using 'application/json', given [*/*] and supported [application/json, application/*+json, application/yaml]
2025-09-03 03:03:29 [http-nio-8081-exec-5] DEBUG o.s.w.s.m.m.a.HttpEntityMethodProcessor - Writing [[SourceSystemOptionDto(id=1, name=CHILD HEALTH, description=CHILD HEALTH, active=true), SourceSystem (truncated)...]
2025-09-03 03:03:29 [http-nio-8081-exec-6] DEBUG o.s.w.s.m.m.a.HttpEntityMethodProcessor - Writing [[]]
2025-09-03 03:03:29 [http-nio-8081-exec-6] DEBUG o.s.web.servlet.DispatcherServlet - Completed 200 OK
2025-09-03 03:03:29 [http-nio-8081-exec-8] DEBUG o.s.w.s.m.m.a.HttpEntityMethodProcessor - Using 'application/json', given [*/*] and supported [application/json, application/*+json, application/yaml]
2025-09-03 03:03:29 [http-nio-8081-exec-8] DEBUG o.s.w.s.m.m.a.HttpEntityMethodProcessor - Writing [[{name=test, description=test, active=true, id=3}]]
2025-09-03 03:03:29 [http-nio-8081-exec-6] DEBUG o.s.w.f.CommonsRequestLoggingFilter - After request [GET /error-mappings/routes, client=0:0:0:0:0:0:0:1, user=admin@mail.com]
2025-09-03 03:03:29 [http-nio-8081-exec-8] DEBUG o.s.web.servlet.DispatcherServlet - Completed 200 OK
2025-09-03 03:03:29 [http-nio-8081-exec-8] DEBUG o.s.w.f.CommonsRequestLoggingFilter - After request [GET /error-mappings/error-categories, client=0:0:0:0:0:0:0:1, user=admin@mail.com]
2025-09-03 03:03:29 [http-nio-8081-exec-5] DEBUG o.s.web.servlet.DispatcherServlet - Completed 200 OK
2025-09-03 03:03:29 [http-nio-8081-exec-5] DEBUG o.s.w.f.CommonsRequestLoggingFilter - After request [GET /error-mappings/source-systems, client=0:0:0:0:0:0:0:1, user=admin@mail.com]
2025-09-03 03:03:29 [http-nio-8081-exec-7] WARN  o.s.d.w.c.SpringDataJacksonConfiguration$PageModule$WarningLoggingModifier - Serializing PageImpl instances as-is is not supported, meaning that there is no guarantee about the stability of the resulting JSON structure!
	For a stable JSON structure, please use Spring Data's PagedModel (globally via @EnableSpringDataWebSupport(pageSerializationMode = VIA_DTO))
	or Spring HATEOAS and Spring Data's PagedResourcesAssembler as documented in https://docs.spring.io/spring-data/commons/reference/repositories/core-extensions.html#core.web.pageables.

2025-09-03 03:03:29 [http-nio-8081-exec-7] DEBUG o.s.w.s.m.m.a.HttpEntityMethodProcessor - Using 'application/json', given [*/*] and supported [application/json, application/*+json, application/yaml]
2025-09-03 03:03:29 [http-nio-8081-exec-7] DEBUG o.s.w.s.m.m.a.HttpEntityMethodProcessor - Writing [Page 1 of 1 containing com.middleware.backend.dto.ErrorMappingDto instances]
2025-09-03 03:03:29 [http-nio-8081-exec-7] DEBUG o.s.web.servlet.DispatcherServlet - Completed 200 OK
2025-09-03 03:03:29 [http-nio-8081-exec-7] DEBUG o.s.w.f.CommonsRequestLoggingFilter - After request [GET /error-mappings?page=0&size=10&sortBy=createdAt&sortDir=desc, client=0:0:0:0:0:0:0:1, user=admin@mail.com]
2025-09-03 03:03:36 [http-nio-8081-exec-10] INFO  c.m.b.k.service.DynamicRouteService - Fetching active routes with pagination
2025-09-03 03:03:36 [http-nio-8081-exec-10] DEBUG o.s.w.f.CommonsRequestLoggingFilter - Before request [GET /error-categories?page=0&size=10&name=&description=&sortedBy=createdAt&sortDirection=desc&status=&startDate=&endDate=, client=0:0:0:0:0:0:0:1, user=admin@mail.com]
2025-09-03 03:03:36 [http-nio-8081-exec-10] DEBUG o.s.web.servlet.DispatcherServlet - GET "/error-categories?page=0&size=10&name=&description=&sortedBy=createdAt&sortDirection=desc&status=&startDate=&endDate=", parameters={masked}
2025-09-03 03:03:36 [http-nio-8081-exec-10] DEBUG o.s.w.s.m.m.a.RequestMappingHandlerMapping - Mapped to com.middleware.backend.controller.ErrorCategoryController#getAll(String, String, String, LocalDate, LocalDate, String, String, int, int)
2025-09-03 03:03:36 [http-nio-8081-exec-10] DEBUG o.s.w.s.m.m.a.HttpEntityMethodProcessor - Using 'application/json', given [*/*] and supported [application/json, application/*+json, application/yaml]
2025-09-03 03:03:36 [http-nio-8081-exec-10] DEBUG o.s.w.s.m.m.a.HttpEntityMethodProcessor - Writing [Page 1 of 1 containing com.middleware.backend.model.ErrorCategory instances]
2025-09-03 03:03:36 [http-nio-8081-exec-10] DEBUG o.s.web.servlet.DispatcherServlet - Completed 200 OK
2025-09-03 03:03:36 [http-nio-8081-exec-10] DEBUG o.s.w.f.CommonsRequestLoggingFilter - After request [GET /error-categories?page=0&size=10&name=&description=&sortedBy=createdAt&sortDirection=desc&status=&startDate=&endDate=, client=0:0:0:0:0:0:0:1, user=admin@mail.com]
2025-09-03 03:03:40 [http-nio-8081-exec-4] INFO  c.m.b.k.service.DynamicRouteService - Fetching active routes with pagination
2025-09-03 03:03:40 [http-nio-8081-exec-4] DEBUG o.s.w.f.CommonsRequestLoggingFilter - Before request [POST /error-categories, client=0:0:0:0:0:0:0:1, user=admin@mail.com]
2025-09-03 03:03:40 [http-nio-8081-exec-4] DEBUG o.s.web.servlet.DispatcherServlet - POST "/error-categories", parameters={}
2025-09-03 03:03:40 [http-nio-8081-exec-4] DEBUG o.s.w.s.m.m.a.RequestMappingHandlerMapping - Mapped to com.middleware.backend.controller.ErrorCategoryController#createCategory(ErrorCategoryDto)
2025-09-03 03:03:40 [http-nio-8081-exec-4] DEBUG o.s.w.s.m.m.a.RequestResponseBodyMethodProcessor - Read "application/json;charset=UTF-8" to [ErrorCategoryDto(id=null, name=ي, description=ي, active=true, createdAt=null, updatedAt=null)]
2025-09-03 03:03:40 [http-nio-8081-exec-4] DEBUG o.s.w.s.m.m.a.HttpEntityMethodProcessor - Using 'application/json', given [*/*] and supported [application/json, application/*+json, application/yaml]
2025-09-03 03:03:40 [http-nio-8081-exec-4] DEBUG o.s.w.s.m.m.a.HttpEntityMethodProcessor - Writing [ErrorCategoryDto(id=4, name=ي, description=ي, active=true, createdAt=2025-09-03T03:03:40.433278100,  (truncated)...]
2025-09-03 03:03:40 [http-nio-8081-exec-4] DEBUG o.s.web.servlet.DispatcherServlet - Completed 201 CREATED
2025-09-03 03:03:40 [http-nio-8081-exec-4] DEBUG o.s.w.f.CommonsRequestLoggingFilter - After request [POST /error-categories, client=0:0:0:0:0:0:0:1, user=admin@mail.com, payload={"name":"ي","description":"ي","active":true}]
2025-09-03 03:03:40 [http-nio-8081-exec-3] INFO  c.m.b.k.service.DynamicRouteService - Fetching active routes with pagination
2025-09-03 03:03:40 [http-nio-8081-exec-3] DEBUG o.s.w.f.CommonsRequestLoggingFilter - Before request [GET /error-categories?page=0&size=10&name=&description=&sortedBy=createdAt&sortDirection=desc&status=&startDate=&endDate=, client=0:0:0:0:0:0:0:1, user=admin@mail.com]
2025-09-03 03:03:40 [http-nio-8081-exec-3] DEBUG o.s.web.servlet.DispatcherServlet - GET "/error-categories?page=0&size=10&name=&description=&sortedBy=createdAt&sortDirection=desc&status=&startDate=&endDate=", parameters={masked}
2025-09-03 03:03:40 [http-nio-8081-exec-3] DEBUG o.s.w.s.m.m.a.RequestMappingHandlerMapping - Mapped to com.middleware.backend.controller.ErrorCategoryController#getAll(String, String, String, LocalDate, LocalDate, String, String, int, int)
2025-09-03 03:03:40 [http-nio-8081-exec-3] DEBUG o.s.w.s.m.m.a.HttpEntityMethodProcessor - Using 'application/json', given [*/*] and supported [application/json, application/*+json, application/yaml]
2025-09-03 03:03:40 [http-nio-8081-exec-3] DEBUG o.s.w.s.m.m.a.HttpEntityMethodProcessor - Writing [Page 1 of 1 containing com.middleware.backend.model.ErrorCategory instances]
2025-09-03 03:03:40 [http-nio-8081-exec-3] DEBUG o.s.web.servlet.DispatcherServlet - Completed 200 OK
2025-09-03 03:03:40 [http-nio-8081-exec-3] DEBUG o.s.w.f.CommonsRequestLoggingFilter - After request [GET /error-categories?page=0&size=10&name=&description=&sortedBy=createdAt&sortDirection=desc&status=&startDate=&endDate=, client=0:0:0:0:0:0:0:1, user=admin@mail.com]
2025-09-03 03:03:49 [http-nio-8081-exec-1] INFO  c.m.b.k.service.DynamicRouteService - Fetching active routes with pagination
2025-09-03 03:03:49 [http-nio-8081-exec-1] DEBUG o.s.w.f.CommonsRequestLoggingFilter - Before request [POST /error-categories, client=0:0:0:0:0:0:0:1, user=admin@mail.com]
2025-09-03 03:03:49 [http-nio-8081-exec-1] DEBUG o.s.web.servlet.DispatcherServlet - POST "/error-categories", parameters={}
2025-09-03 03:03:49 [http-nio-8081-exec-1] DEBUG o.s.w.s.m.m.a.RequestMappingHandlerMapping - Mapped to com.middleware.backend.controller.ErrorCategoryController#createCategory(ErrorCategoryDto)
2025-09-03 03:03:49 [http-nio-8081-exec-1] DEBUG o.s.w.s.m.m.a.RequestResponseBodyMethodProcessor - Read "application/json;charset=UTF-8" to [ErrorCategoryDto(id=null, name=يبسيبسي, description=سيبسي, active=true, createdAt=null, updatedAt=nu (truncated)...]
2025-09-03 03:03:49 [http-nio-8081-exec-1] DEBUG o.s.w.s.m.m.a.HttpEntityMethodProcessor - Using 'application/json', given [*/*] and supported [application/json, application/*+json, application/yaml]
2025-09-03 03:03:49 [http-nio-8081-exec-1] DEBUG o.s.w.s.m.m.a.HttpEntityMethodProcessor - Writing [ErrorCategoryDto(id=5, name=يبسيبسي, description=سيبسي, active=true, createdAt=2025-09-03T03:03:49.1 (truncated)...]
2025-09-03 03:03:49 [http-nio-8081-exec-1] DEBUG o.s.web.servlet.DispatcherServlet - Completed 201 CREATED
2025-09-03 03:03:49 [http-nio-8081-exec-1] DEBUG o.s.w.f.CommonsRequestLoggingFilter - After request [POST /error-categories, client=0:0:0:0:0:0:0:1, user=admin@mail.com, payload={"name":"يبسيبسي","description":"سيبسي","active":true}]
2025-09-03 03:03:49 [http-nio-8081-exec-7] INFO  c.m.b.k.service.DynamicRouteService - Fetching active routes with pagination
2025-09-03 03:03:49 [http-nio-8081-exec-7] DEBUG o.s.w.f.CommonsRequestLoggingFilter - Before request [GET /error-categories?page=0&size=10&name=&description=&sortedBy=createdAt&sortDirection=desc&status=&startDate=&endDate=, client=0:0:0:0:0:0:0:1, user=admin@mail.com]
2025-09-03 03:03:49 [http-nio-8081-exec-7] DEBUG o.s.web.servlet.DispatcherServlet - GET "/error-categories?page=0&size=10&name=&description=&sortedBy=createdAt&sortDirection=desc&status=&startDate=&endDate=", parameters={masked}
2025-09-03 03:03:49 [http-nio-8081-exec-7] DEBUG o.s.w.s.m.m.a.RequestMappingHandlerMapping - Mapped to com.middleware.backend.controller.ErrorCategoryController#getAll(String, String, String, LocalDate, LocalDate, String, String, int, int)
2025-09-03 03:03:49 [http-nio-8081-exec-7] DEBUG o.s.w.s.m.m.a.HttpEntityMethodProcessor - Using 'application/json', given [*/*] and supported [application/json, application/*+json, application/yaml]
2025-09-03 03:03:49 [http-nio-8081-exec-7] DEBUG o.s.w.s.m.m.a.HttpEntityMethodProcessor - Writing [Page 1 of 1 containing com.middleware.backend.model.ErrorCategory instances]
2025-09-03 03:03:49 [http-nio-8081-exec-7] DEBUG o.s.web.servlet.DispatcherServlet - Completed 200 OK
2025-09-03 03:03:49 [http-nio-8081-exec-7] DEBUG o.s.w.f.CommonsRequestLoggingFilter - After request [GET /error-categories?page=0&size=10&name=&description=&sortedBy=createdAt&sortDirection=desc&status=&startDate=&endDate=, client=0:0:0:0:0:0:0:1, user=admin@mail.com]
2025-09-03 03:03:57 [scheduling-1] INFO  c.m.b.k.service.DynamicRouteService - Starting route status sync with Camel context
2025-09-03 03:03:57 [scheduling-1] INFO  c.m.b.k.service.DynamicRouteService - Completed route status sync
2025-09-03 03:04:27 [scheduling-1] INFO  c.m.b.k.service.DynamicRouteService - Starting route status sync with Camel context
2025-09-03 03:04:27 [scheduling-1] INFO  c.m.b.k.service.DynamicRouteService - Completed route status sync
2025-09-03 03:04:57 [scheduling-1] INFO  c.m.b.k.service.DynamicRouteService - Starting route status sync with Camel context
2025-09-03 03:04:57 [scheduling-1] INFO  c.m.b.k.service.DynamicRouteService - Completed route status sync
2025-09-03 03:05:27 [scheduling-1] INFO  c.m.b.k.service.DynamicRouteService - Starting route status sync with Camel context
2025-09-03 03:05:27 [scheduling-1] INFO  c.m.b.k.service.DynamicRouteService - Completed route status sync
2025-09-03 03:05:57 [scheduling-1] INFO  c.m.b.k.service.DynamicRouteService - Starting route status sync with Camel context
2025-09-03 03:05:57 [scheduling-1] INFO  c.m.b.k.service.DynamicRouteService - Completed route status sync
2025-09-03 03:06:27 [scheduling-1] INFO  c.m.b.k.service.DynamicRouteService - Starting route status sync with Camel context
2025-09-03 03:06:27 [scheduling-1] INFO  c.m.b.k.service.DynamicRouteService - Completed route status sync
2025-09-03 03:06:57 [scheduling-1] INFO  c.m.b.k.service.DynamicRouteService - Starting route status sync with Camel context
2025-09-03 03:06:57 [scheduling-1] INFO  c.m.b.k.service.DynamicRouteService - Completed route status sync
2025-09-03 03:07:27 [scheduling-1] INFO  c.m.b.k.service.DynamicRouteService - Starting route status sync with Camel context
2025-09-03 03:07:27 [scheduling-1] INFO  c.m.b.k.service.DynamicRouteService - Completed route status sync
2025-09-03 03:07:34 [SpringApplicationShutdownHook] INFO  org.quartz.core.QuartzScheduler - Scheduler quartzScheduler_$_NON_CLUSTERED paused.
2025-09-03 03:07:34 [SpringApplicationShutdownHook] INFO  o.a.c.i.engine.AbstractCamelContext - Apache Camel 4.4.0 (camel-1) is shutting down (timeout:45s)
2025-09-03 03:07:34 [SpringApplicationShutdownHook] INFO  o.a.c.i.engine.AbstractCamelContext - Routes stopped (stopped:0)
2025-09-03 03:07:34 [SpringApplicationShutdownHook] INFO  o.a.c.i.engine.AbstractCamelContext - Apache Camel 4.4.0 (camel-1) shutdown in 7ms (uptime:4m37s)
2025-09-03 03:07:34 [SpringApplicationShutdownHook] INFO  org.quartz.core.QuartzScheduler - Scheduler quartzScheduler_$_NON_CLUSTERED shutting down.
2025-09-03 03:07:34 [SpringApplicationShutdownHook] INFO  org.quartz.core.QuartzScheduler - Scheduler quartzScheduler_$_NON_CLUSTERED paused.
2025-09-03 03:07:34 [SpringApplicationShutdownHook] INFO  org.quartz.core.QuartzScheduler - Scheduler quartzScheduler_$_NON_CLUSTERED shutdown complete.
2025-09-03 03:07:34 [SpringApplicationShutdownHook] INFO  o.a.c.c.s.CamelHttpTransportServlet - Destroyed CamelHttpTransportServlet[CamelServlet]
2025-09-03 14:25:15 [background-preinit] INFO  o.h.validator.internal.util.Version - HV000001: Hibernate Validator 8.0.2.Final
2025-09-03 14:25:15 [main] INFO  c.middleware.MiddlewareApplication - Starting MiddlewareApplication using Java 23-valhalla with PID 20760 (C:\Users\omard\Desktop\Work\jordan\back-end\target\classes started by omard in C:\Users\omard\Desktop\Work\jordan\back-end)
2025-09-03 14:25:15 [main] INFO  c.middleware.MiddlewareApplication - No active profile set, falling back to 1 default profile: "default"
2025-09-03 14:25:18 [main] INFO  o.a.coyote.http11.Http11NioProtocol - Initializing ProtocolHandler ["http-nio-8081"]
2025-09-03 14:25:18 [main] INFO  o.a.catalina.core.StandardService - Starting service [Tomcat]
2025-09-03 14:25:18 [main] INFO  o.a.catalina.core.StandardEngine - Starting Servlet engine: [Apache Tomcat/10.1.39]
2025-09-03 14:25:18 [main] INFO  o.a.c.c.C.[Tomcat].[localhost].[/] - Initializing Spring embedded WebApplicationContext
2025-09-03 14:25:19 [main] INFO  o.h.jpa.internal.util.LogHelper - HHH000204: Processing PersistenceUnitInfo [name: default]
2025-09-03 14:25:19 [main] INFO  org.hibernate.Version - HHH000412: Hibernate ORM core version 6.6.11.Final
2025-09-03 14:25:19 [main] INFO  o.h.c.i.RegionFactoryInitiator - HHH000026: Second-level cache disabled
2025-09-03 14:25:19 [main] WARN  org.hibernate.orm.deprecation - HHH90000025: PostgreSQLDialect does not need to be specified explicitly using 'hibernate.dialect' (remove the property setting and it will be selected by default)
2025-09-03 14:25:19 [main] INFO  o.hibernate.orm.connections.pooling - HHH10001005: Database info:
	Database JDBC URL [Connecting through datasource 'org.springframework.jdbc.datasource.DriverManagerDataSource@47c356e']
	Database driver: undefined/unknown
	Database version: 17.4
	Autocommit mode: undefined/unknown
	Isolation level: undefined/unknown
	Minimum pool size: undefined/unknown
	Maximum pool size: undefined/unknown
2025-09-03 14:25:21 [main] INFO  o.h.e.t.j.p.i.JtaPlatformInitiator - HHH000489: No JTA platform available (set 'hibernate.transaction.jta.platform' to enable JTA platform integration)
2025-09-03 14:25:23 [main] INFO  o.a.camel.util.concurrent.ThreadType - The type of thread detected is PLATFORM
2025-09-03 14:25:24 [main] DEBUG o.s.w.f.ServerHttpObservationFilter - Filter 'webMvcObservationFilter' configured for use
2025-09-03 14:25:24 [main] DEBUG o.s.w.f.CommonsRequestLoggingFilter - Filter 'logFilter' configured for use
2025-09-03 14:25:24 [main] DEBUG c.m.b.users.config.JwtRequestFilter - Filter 'jwtRequestFilter' configured for use
2025-09-03 14:25:24 [main] INFO  org.quartz.impl.StdSchedulerFactory - Using default implementation for ThreadExecutor
2025-09-03 14:25:24 [main] INFO  o.quartz.core.SchedulerSignalerImpl - Initialized Scheduler Signaller of type: class org.quartz.core.SchedulerSignalerImpl
2025-09-03 14:25:24 [main] INFO  org.quartz.core.QuartzScheduler - Quartz Scheduler v.2.3.2 created.
2025-09-03 14:25:24 [main] INFO  org.quartz.simpl.RAMJobStore - RAMJobStore initialized.
2025-09-03 14:25:24 [main] INFO  org.quartz.core.QuartzScheduler - Scheduler meta-data: Quartz Scheduler (v2.3.2) 'quartzScheduler' with instanceId 'NON_CLUSTERED'
  Scheduler class: 'org.quartz.core.QuartzScheduler' - running locally.
  NOT STARTED.
  Currently in standby mode.
  Number of jobs executed: 0
  Using thread pool 'org.quartz.simpl.SimpleThreadPool' - with 10 threads.
  Using job-store 'org.quartz.simpl.RAMJobStore' - which does not support persistence. and is not clustered.

2025-09-03 14:25:24 [main] INFO  org.quartz.impl.StdSchedulerFactory - Quartz scheduler 'quartzScheduler' initialized from an externally provided properties instance.
2025-09-03 14:25:24 [main] INFO  org.quartz.impl.StdSchedulerFactory - Quartz scheduler version: 2.3.2
2025-09-03 14:25:24 [main] INFO  org.quartz.core.QuartzScheduler - JobFactory set to: org.springframework.scheduling.quartz.SpringBeanJobFactory@5a4cf76c
2025-09-03 14:25:25 [main] INFO  c.m.b.k.i.Dhis2HeaderFilterConfig - === Configuring DHIS2 Header Filter (Static Test) ===
2025-09-03 14:25:25 [main] INFO  c.m.b.k.i.Dhis2HeaderFilterConfig - DHIS2 Header Filter configured - allowing most headers for testing
2025-09-03 14:25:25 [main] DEBUG o.s.w.s.m.m.a.RequestMappingHandlerMapping - 101 mappings in 'requestMappingHandlerMapping'
2025-09-03 14:25:25 [main] DEBUG o.s.w.s.h.SimpleUrlHandlerMapping - Patterns [/webjars/**, /**, /swagger-ui*/*swagger-initializer.js, /swagger-ui*/**] in 'resourceHandlerMapping'
2025-09-03 14:25:26 [main] DEBUG o.s.w.s.m.m.a.RequestMappingHandlerAdapter - ControllerAdvice beans: 0 @ModelAttribute, 0 @InitBinder, 1 RequestBodyAdvice, 1 ResponseBodyAdvice
2025-09-03 14:25:26 [main] DEBUG o.s.w.s.m.m.a.ExceptionHandlerExceptionResolver - ControllerAdvice beans: 2 @ExceptionHandler, 1 ResponseBodyAdvice
2025-09-03 14:25:27 [main] INFO  o.a.coyote.http11.Http11NioProtocol - Starting ProtocolHandler ["http-nio-8081"]
2025-09-03 14:25:27 [main] INFO  o.a.c.c.s.CamelHttpTransportServlet - Initialized CamelHttpTransportServlet[name=CamelServlet, contextPath=]
2025-09-03 14:25:27 [main] INFO  org.quartz.core.QuartzScheduler - Scheduler quartzScheduler_$_NON_CLUSTERED started.
2025-09-03 14:25:27 [main] INFO  o.a.c.i.engine.AbstractCamelContext - Apache Camel 4.4.0 (camel-1) is starting
2025-09-03 14:25:27 [main] INFO  o.a.c.i.engine.AbstractCamelContext - Routes startup (started:0)
2025-09-03 14:25:27 [main] INFO  o.a.c.i.engine.AbstractCamelContext - Apache Camel 4.4.0 (camel-1) started in 8ms (build:0ms init:0ms start:8ms)
2025-09-03 14:25:27 [main] INFO  c.middleware.MiddlewareApplication - Started MiddlewareApplication in 12.878 seconds (process running for 14.151)
2025-09-03 14:25:27 [scheduling-1] INFO  c.m.b.k.service.DynamicRouteService - Starting route status sync with Camel context
2025-09-03 14:25:27 [scheduling-1] INFO  c.m.b.k.service.DynamicRouteService - Completed route status sync
2025-09-03 14:25:27 [main] INFO  c.m.b.k.service.SequenceFixService - Fixing sequence for integration_mapping.id ...
2025-09-03 14:25:28 [main] INFO  c.m.b.k.service.SequenceFixService - Sequence public.integration_mapping_id_seq synced to 211. setval returned 211
2025-09-03 14:25:28 [main] INFO  c.m.b.k.service.SequenceFixService - Sequence fix done.
2025-09-03 14:25:28 [RMI TCP Connection(1)-192.168.88.5] INFO  o.a.c.c.C.[Tomcat].[localhost].[/] - Initializing Spring DispatcherServlet 'dispatcherServlet'
2025-09-03 14:25:28 [RMI TCP Connection(1)-192.168.88.5] INFO  o.s.web.servlet.DispatcherServlet - Initializing Servlet 'dispatcherServlet'
2025-09-03 14:25:28 [RMI TCP Connection(1)-192.168.88.5] DEBUG o.s.web.servlet.DispatcherServlet - Detected StandardServletMultipartResolver
2025-09-03 14:25:28 [RMI TCP Connection(1)-192.168.88.5] DEBUG o.s.web.servlet.DispatcherServlet - Detected AcceptHeaderLocaleResolver
2025-09-03 14:25:28 [RMI TCP Connection(1)-192.168.88.5] DEBUG o.s.web.servlet.DispatcherServlet - Detected FixedThemeResolver
2025-09-03 14:25:28 [RMI TCP Connection(1)-192.168.88.5] DEBUG o.s.web.servlet.DispatcherServlet - Detected org.springframework.web.servlet.view.DefaultRequestToViewNameTranslator@4260f222
2025-09-03 14:25:28 [RMI TCP Connection(1)-192.168.88.5] DEBUG o.s.web.servlet.DispatcherServlet - Detected org.springframework.web.servlet.support.SessionFlashMapManager@45cd5616
2025-09-03 14:25:28 [RMI TCP Connection(1)-192.168.88.5] DEBUG o.s.web.servlet.DispatcherServlet - enableLoggingRequestDetails='false': request parameters and headers will be masked to prevent unsafe logging of potentially sensitive data
2025-09-03 14:25:28 [RMI TCP Connection(1)-192.168.88.5] INFO  o.s.web.servlet.DispatcherServlet - Completed initialization in 5 ms
2025-09-03 14:25:33 [http-nio-8081-exec-1] DEBUG o.s.w.f.CommonsRequestLoggingFilter - Before request [GET /swagger-ui/index.html, client=0:0:0:0:0:0:0:1]
2025-09-03 14:25:33 [http-nio-8081-exec-1] DEBUG o.s.web.servlet.DispatcherServlet - GET "/swagger-ui/index.html", parameters={}
2025-09-03 14:25:33 [http-nio-8081-exec-1] DEBUG o.s.w.s.h.SimpleUrlHandlerMapping - Mapped to ResourceHttpRequestHandler [classpath [META-INF/resources/webjars/]]
2025-09-03 14:25:33 [http-nio-8081-exec-1] DEBUG o.s.web.servlet.DispatcherServlet - Completed 200 OK
2025-09-03 14:25:33 [http-nio-8081-exec-1] DEBUG o.s.w.f.CommonsRequestLoggingFilter - After request [GET /swagger-ui/index.html, client=0:0:0:0:0:0:0:1]
2025-09-03 14:25:33 [http-nio-8081-exec-4] DEBUG o.s.w.f.CommonsRequestLoggingFilter - Before request [GET /swagger-ui/index.css, client=0:0:0:0:0:0:0:1]
2025-09-03 14:25:33 [http-nio-8081-exec-4] DEBUG o.s.web.servlet.DispatcherServlet - GET "/swagger-ui/index.css", parameters={}
2025-09-03 14:25:33 [http-nio-8081-exec-2] DEBUG o.s.w.f.CommonsRequestLoggingFilter - Before request [GET /swagger-ui/swagger-ui.css, client=0:0:0:0:0:0:0:1]
2025-09-03 14:25:33 [http-nio-8081-exec-3] DEBUG o.s.w.f.CommonsRequestLoggingFilter - Before request [GET /swagger-ui/swagger-ui-bundle.js, client=0:0:0:0:0:0:0:1]
2025-09-03 14:25:33 [http-nio-8081-exec-2] DEBUG o.s.web.servlet.DispatcherServlet - GET "/swagger-ui/swagger-ui.css", parameters={}
2025-09-03 14:25:33 [http-nio-8081-exec-3] DEBUG o.s.web.servlet.DispatcherServlet - GET "/swagger-ui/swagger-ui-bundle.js", parameters={}
2025-09-03 14:25:33 [http-nio-8081-exec-6] DEBUG o.s.w.f.CommonsRequestLoggingFilter - Before request [GET /swagger-ui/swagger-initializer.js, client=0:0:0:0:0:0:0:1]
2025-09-03 14:25:33 [http-nio-8081-exec-6] DEBUG o.s.web.servlet.DispatcherServlet - GET "/swagger-ui/swagger-initializer.js", parameters={}
2025-09-03 14:25:33 [http-nio-8081-exec-3] DEBUG o.s.w.s.h.SimpleUrlHandlerMapping - Mapped to ResourceHttpRequestHandler [classpath [META-INF/resources/webjars/]]
2025-09-03 14:25:33 [http-nio-8081-exec-5] DEBUG o.s.w.f.CommonsRequestLoggingFilter - Before request [GET /swagger-ui/swagger-ui-standalone-preset.js, client=0:0:0:0:0:0:0:1]
2025-09-03 14:25:33 [http-nio-8081-exec-6] DEBUG o.s.w.s.h.SimpleUrlHandlerMapping - Mapped to ResourceHttpRequestHandler [classpath [META-INF/resources/webjars/]]
2025-09-03 14:25:33 [http-nio-8081-exec-5] DEBUG o.s.web.servlet.DispatcherServlet - GET "/swagger-ui/swagger-ui-standalone-preset.js", parameters={}
2025-09-03 14:25:33 [http-nio-8081-exec-5] DEBUG o.s.w.s.h.SimpleUrlHandlerMapping - Mapped to ResourceHttpRequestHandler [classpath [META-INF/resources/webjars/]]
2025-09-03 14:25:33 [http-nio-8081-exec-2] DEBUG o.s.w.s.h.SimpleUrlHandlerMapping - Mapped to ResourceHttpRequestHandler [classpath [META-INF/resources/webjars/]]
2025-09-03 14:25:33 [http-nio-8081-exec-4] DEBUG o.s.w.s.h.SimpleUrlHandlerMapping - Mapped to ResourceHttpRequestHandler [classpath [META-INF/resources/webjars/]]
2025-09-03 14:25:33 [http-nio-8081-exec-4] DEBUG o.s.web.servlet.DispatcherServlet - Completed 200 OK
2025-09-03 14:25:33 [http-nio-8081-exec-4] DEBUG o.s.w.f.CommonsRequestLoggingFilter - After request [GET /swagger-ui/index.css, client=0:0:0:0:0:0:0:1]
2025-09-03 14:25:33 [http-nio-8081-exec-2] DEBUG o.s.web.servlet.DispatcherServlet - Completed 200 OK
2025-09-03 14:25:33 [http-nio-8081-exec-2] DEBUG o.s.w.f.CommonsRequestLoggingFilter - After request [GET /swagger-ui/swagger-ui.css, client=0:0:0:0:0:0:0:1]
2025-09-03 14:25:33 [http-nio-8081-exec-5] DEBUG o.s.web.servlet.DispatcherServlet - Completed 200 OK
2025-09-03 14:25:33 [http-nio-8081-exec-5] DEBUG o.s.w.f.CommonsRequestLoggingFilter - After request [GET /swagger-ui/swagger-ui-standalone-preset.js, client=0:0:0:0:0:0:0:1]
2025-09-03 14:25:33 [http-nio-8081-exec-6] DEBUG o.s.web.servlet.DispatcherServlet - Completed 200 OK
2025-09-03 14:25:33 [http-nio-8081-exec-6] DEBUG o.s.w.f.CommonsRequestLoggingFilter - After request [GET /swagger-ui/swagger-initializer.js, client=0:0:0:0:0:0:0:1]
2025-09-03 14:25:33 [http-nio-8081-exec-3] DEBUG o.s.web.servlet.DispatcherServlet - Completed 200 OK
2025-09-03 14:25:33 [http-nio-8081-exec-3] DEBUG o.s.w.f.CommonsRequestLoggingFilter - After request [GET /swagger-ui/swagger-ui-bundle.js, client=0:0:0:0:0:0:0:1]
2025-09-03 14:25:34 [http-nio-8081-exec-7] DEBUG o.s.w.f.CommonsRequestLoggingFilter - Before request [GET /v3/api-docs/swagger-config, client=0:0:0:0:0:0:0:1]
2025-09-03 14:25:34 [http-nio-8081-exec-7] DEBUG o.s.web.servlet.DispatcherServlet - GET "/v3/api-docs/swagger-config", parameters={}
2025-09-03 14:25:34 [http-nio-8081-exec-7] DEBUG o.s.w.s.m.m.a.RequestMappingHandlerMapping - Mapped to org.springdoc.webmvc.ui.SwaggerConfigResource#openapiJson(HttpServletRequest)
2025-09-03 14:25:34 [http-nio-8081-exec-7] DEBUG o.s.w.s.m.m.a.RequestResponseBodyMethodProcessor - Using 'application/json', given [*/*] and supported [application/json]
2025-09-03 14:25:34 [http-nio-8081-exec-7] DEBUG o.s.w.s.m.m.a.RequestResponseBodyMethodProcessor - Writing [{configUrl=/v3/api-docs/swagger-config, oauth2RedirectUrl=http://localhost:8081/swagger-ui/oauth2-re (truncated)...]
2025-09-03 14:25:34 [http-nio-8081-exec-7] DEBUG o.s.web.servlet.DispatcherServlet - Completed 200 OK
2025-09-03 14:25:34 [http-nio-8081-exec-7] DEBUG o.s.w.f.CommonsRequestLoggingFilter - After request [GET /v3/api-docs/swagger-config, client=0:0:0:0:0:0:0:1]
2025-09-03 14:25:34 [http-nio-8081-exec-8] DEBUG o.s.w.f.CommonsRequestLoggingFilter - Before request [GET /v3/api-docs, client=0:0:0:0:0:0:0:1]
2025-09-03 14:25:34 [http-nio-8081-exec-8] DEBUG o.s.web.servlet.DispatcherServlet - GET "/v3/api-docs", parameters={}
2025-09-03 14:25:34 [http-nio-8081-exec-8] DEBUG o.s.w.s.m.m.a.RequestMappingHandlerMapping - Mapped to org.springdoc.webmvc.api.OpenApiWebMvcResource#openapiJson(HttpServletRequest, String, Locale)
2025-09-03 14:25:35 [http-nio-8081-exec-8] INFO  o.s.api.AbstractOpenApiResource - Init duration for springdoc-openapi is: 1228 ms
2025-09-03 14:25:35 [http-nio-8081-exec-8] DEBUG o.s.w.s.m.m.a.RequestResponseBodyMethodProcessor - Using 'application/json', given [application/json, */*] and supported [application/json]
2025-09-03 14:25:35 [http-nio-8081-exec-8] DEBUG o.s.w.s.m.m.a.RequestResponseBodyMethodProcessor - Writing [{123, 34, 111, 112, 101, 110, 97, 112, 105, 34, 58, 34, 51, 46, 49, 46, 48, 34, 44, 34, 105, 110, 10 (truncated)...]
2025-09-03 14:25:35 [http-nio-8081-exec-8] DEBUG o.s.web.servlet.DispatcherServlet - Completed 200 OK
2025-09-03 14:25:35 [http-nio-8081-exec-8] DEBUG o.s.w.f.CommonsRequestLoggingFilter - After request [GET /v3/api-docs, client=0:0:0:0:0:0:0:1]
2025-09-03 14:25:57 [scheduling-1] INFO  c.m.b.k.service.DynamicRouteService - Starting route status sync with Camel context
2025-09-03 14:25:57 [scheduling-1] INFO  c.m.b.k.service.DynamicRouteService - Completed route status sync
2025-09-03 14:26:27 [scheduling-1] INFO  c.m.b.k.service.DynamicRouteService - Starting route status sync with Camel context
2025-09-03 14:26:27 [scheduling-1] INFO  c.m.b.k.service.DynamicRouteService - Completed route status sync
2025-09-03 14:26:57 [scheduling-1] INFO  c.m.b.k.service.DynamicRouteService - Starting route status sync with Camel context
2025-09-03 14:26:57 [scheduling-1] INFO  c.m.b.k.service.DynamicRouteService - Completed route status sync
2025-09-03 14:27:27 [scheduling-1] INFO  c.m.b.k.service.DynamicRouteService - Starting route status sync with Camel context
2025-09-03 14:27:27 [scheduling-1] INFO  c.m.b.k.service.DynamicRouteService - Completed route status sync
2025-09-03 14:27:31 [http-nio-8081-exec-6] DEBUG o.s.w.f.CommonsRequestLoggingFilter - Before request [POST /auth/login, client=0:0:0:0:0:0:0:1]
2025-09-03 14:27:31 [http-nio-8081-exec-6] DEBUG o.s.web.servlet.DispatcherServlet - POST "/auth/login", parameters={}
2025-09-03 14:27:31 [http-nio-8081-exec-6] DEBUG o.s.w.s.m.m.a.RequestMappingHandlerMapping - Mapped to com.middleware.backend.users.auth.AuthController#login(AuthRequest)
2025-09-03 14:27:31 [http-nio-8081-exec-6] DEBUG o.s.w.s.m.m.a.RequestResponseBodyMethodProcessor - Read "application/json;charset=UTF-8" to [AuthController.AuthRequest(email=admin@mail.com, password=S123@231)]
2025-09-03 14:27:32 [http-nio-8081-exec-6] DEBUG o.s.w.s.m.m.a.RequestResponseBodyMethodProcessor - Using 'application/json', given [*/*] and supported [application/json, application/*+json, application/yaml]
2025-09-03 14:27:32 [http-nio-8081-exec-6] DEBUG o.s.w.s.m.m.a.RequestResponseBodyMethodProcessor - Writing [AuthController.AuthResponse(token=eyJhbGciOiJIUzI1NiJ9.eyJzdWIiOiJhZG1pbkBtYWlsLmNvbSIsImlhdCI6MTc1N (truncated)...]
2025-09-03 14:27:32 [http-nio-8081-exec-6] DEBUG o.s.web.servlet.DispatcherServlet - Completed 200 OK
2025-09-03 14:27:32 [http-nio-8081-exec-6] DEBUG o.s.w.f.CommonsRequestLoggingFilter - After request [POST /auth/login, client=0:0:0:0:0:0:0:1, payload={"email":"admin@mail.com","password":"S123@231"}]
2025-09-03 14:27:36 [http-nio-8081-exec-2] INFO  c.m.b.k.service.DynamicRouteService - Fetching active routes with pagination
2025-09-03 14:27:36 [http-nio-8081-exec-10] INFO  c.m.b.k.service.DynamicRouteService - Fetching active routes with pagination
2025-09-03 14:27:36 [http-nio-8081-exec-4] INFO  c.m.b.k.service.DynamicRouteService - Fetching active routes with pagination
2025-09-03 14:27:36 [http-nio-8081-exec-9] INFO  c.m.b.k.service.DynamicRouteService - Fetching active routes with pagination
2025-09-03 14:27:36 [http-nio-8081-exec-2] DEBUG o.s.w.f.CommonsRequestLoggingFilter - Before request [GET /error-mappings/source-systems, client=0:0:0:0:0:0:0:1, user=admin@mail.com]
2025-09-03 14:27:36 [http-nio-8081-exec-2] DEBUG o.s.web.servlet.DispatcherServlet - GET "/error-mappings/source-systems", parameters={}
2025-09-03 14:27:36 [http-nio-8081-exec-2] DEBUG o.s.w.s.m.m.a.RequestMappingHandlerMapping - Mapped to com.middleware.backend.controller.ErrorMappingController#getAvailableSourceSystems()
2025-09-03 14:27:36 [http-nio-8081-exec-10] DEBUG o.s.w.f.CommonsRequestLoggingFilter - Before request [GET /error-mappings/routes, client=0:0:0:0:0:0:0:1, user=admin@mail.com]
2025-09-03 14:27:36 [http-nio-8081-exec-10] DEBUG o.s.web.servlet.DispatcherServlet - GET "/error-mappings/routes", parameters={}
2025-09-03 14:27:36 [http-nio-8081-exec-10] DEBUG o.s.w.s.m.m.a.RequestMappingHandlerMapping - Mapped to com.middleware.backend.controller.ErrorMappingController#getAvailableRoutes()
2025-09-03 14:27:36 [http-nio-8081-exec-9] DEBUG o.s.w.f.CommonsRequestLoggingFilter - Before request [GET /error-mappings/error-categories, client=0:0:0:0:0:0:0:1, user=admin@mail.com]
2025-09-03 14:27:36 [http-nio-8081-exec-9] DEBUG o.s.web.servlet.DispatcherServlet - GET "/error-mappings/error-categories", parameters={}
2025-09-03 14:27:36 [http-nio-8081-exec-9] DEBUG o.s.w.s.m.m.a.RequestMappingHandlerMapping - Mapped to com.middleware.backend.controller.ErrorMappingController#getActiveErrorCategories()
2025-09-03 14:27:36 [http-nio-8081-exec-2] DEBUG o.s.w.s.m.m.a.HttpEntityMethodProcessor - Using 'application/json', given [*/*] and supported [application/json, application/*+json, application/yaml]
2025-09-03 14:27:36 [http-nio-8081-exec-4] DEBUG o.s.w.f.CommonsRequestLoggingFilter - Before request [GET /error-mappings?page=0&size=10&sortBy=createdAt&sortDir=desc, client=0:0:0:0:0:0:0:1, user=admin@mail.com]
2025-09-03 14:27:36 [http-nio-8081-exec-4] DEBUG o.s.web.servlet.DispatcherServlet - GET "/error-mappings?page=0&size=10&sortBy=createdAt&sortDir=desc", parameters={masked}
2025-09-03 14:27:36 [http-nio-8081-exec-9] DEBUG o.s.w.s.m.m.a.HttpEntityMethodProcessor - Using 'application/json', given [*/*] and supported [application/json, application/*+json, application/yaml]
2025-09-03 14:27:36 [http-nio-8081-exec-4] DEBUG o.s.w.s.m.m.a.RequestMappingHandlerMapping - Mapped to com.middleware.backend.controller.ErrorMappingController#getAllErrorMappings(Map, int, int, String, String)
2025-09-03 14:27:36 [http-nio-8081-exec-9] DEBUG o.s.w.s.m.m.a.HttpEntityMethodProcessor - Writing [[{name=test, description=test, active=true, id=3}, {name=ي, description=ي, active=true, id=4}, {name (truncated)...]
2025-09-03 14:27:36 [http-nio-8081-exec-2] DEBUG o.s.w.s.m.m.a.HttpEntityMethodProcessor - Writing [[SourceSystemOptionDto(id=1, name=CHILD HEALTH, description=CHILD HEALTH, active=true), SourceSystem (truncated)...]
2025-09-03 14:27:36 [http-nio-8081-exec-10] DEBUG o.s.w.s.m.m.a.HttpEntityMethodProcessor - Using 'application/json', given [*/*] and supported [application/json, application/*+json, application/yaml]
2025-09-03 14:27:36 [http-nio-8081-exec-10] DEBUG o.s.w.s.m.m.a.HttpEntityMethodProcessor - Writing [[]]
2025-09-03 14:27:36 [http-nio-8081-exec-10] DEBUG o.s.web.servlet.DispatcherServlet - Completed 200 OK
2025-09-03 14:27:36 [http-nio-8081-exec-9] DEBUG o.s.web.servlet.DispatcherServlet - Completed 200 OK
2025-09-03 14:27:36 [http-nio-8081-exec-9] DEBUG o.s.w.f.CommonsRequestLoggingFilter - After request [GET /error-mappings/error-categories, client=0:0:0:0:0:0:0:1, user=admin@mail.com]
2025-09-03 14:27:36 [http-nio-8081-exec-10] DEBUG o.s.w.f.CommonsRequestLoggingFilter - After request [GET /error-mappings/routes, client=0:0:0:0:0:0:0:1, user=admin@mail.com]
2025-09-03 14:27:36 [http-nio-8081-exec-2] DEBUG o.s.web.servlet.DispatcherServlet - Completed 200 OK
2025-09-03 14:27:36 [http-nio-8081-exec-2] DEBUG o.s.w.f.CommonsRequestLoggingFilter - After request [GET /error-mappings/source-systems, client=0:0:0:0:0:0:0:1, user=admin@mail.com]
2025-09-03 14:27:36 [http-nio-8081-exec-4] WARN  o.s.d.w.c.SpringDataJacksonConfiguration$PageModule$WarningLoggingModifier - Serializing PageImpl instances as-is is not supported, meaning that there is no guarantee about the stability of the resulting JSON structure!
	For a stable JSON structure, please use Spring Data's PagedModel (globally via @EnableSpringDataWebSupport(pageSerializationMode = VIA_DTO))
	or Spring HATEOAS and Spring Data's PagedResourcesAssembler as documented in https://docs.spring.io/spring-data/commons/reference/repositories/core-extensions.html#core.web.pageables.

2025-09-03 14:27:36 [http-nio-8081-exec-4] DEBUG o.s.w.s.m.m.a.HttpEntityMethodProcessor - Using 'application/json', given [*/*] and supported [application/json, application/*+json, application/yaml]
2025-09-03 14:27:36 [http-nio-8081-exec-4] DEBUG o.s.w.s.m.m.a.HttpEntityMethodProcessor - Writing [Page 1 of 1 containing com.middleware.backend.dto.ErrorMappingDto instances]
2025-09-03 14:27:36 [http-nio-8081-exec-4] DEBUG o.s.web.servlet.DispatcherServlet - Completed 200 OK
2025-09-03 14:27:36 [http-nio-8081-exec-4] DEBUG o.s.w.f.CommonsRequestLoggingFilter - After request [GET /error-mappings?page=0&size=10&sortBy=createdAt&sortDir=desc, client=0:0:0:0:0:0:0:1, user=admin@mail.com]
2025-09-03 14:27:40 [http-nio-8081-exec-6] INFO  c.m.b.k.service.DynamicRouteService - Fetching active routes with pagination
2025-09-03 14:27:40 [http-nio-8081-exec-6] DEBUG o.s.w.f.CommonsRequestLoggingFilter - Before request [GET /error-categories?page=0&size=10&name=&description=&sortedBy=createdAt&sortDirection=desc&status=&startDate=&endDate=, client=0:0:0:0:0:0:0:1, user=admin@mail.com]
2025-09-03 14:27:40 [http-nio-8081-exec-6] DEBUG o.s.web.servlet.DispatcherServlet - GET "/error-categories?page=0&size=10&name=&description=&sortedBy=createdAt&sortDirection=desc&status=&startDate=&endDate=", parameters={masked}
2025-09-03 14:27:40 [http-nio-8081-exec-6] DEBUG o.s.w.s.m.m.a.RequestMappingHandlerMapping - Mapped to com.middleware.backend.controller.ErrorCategoryController#getAll(String, String, String, LocalDate, LocalDate, String, String, int, int)
2025-09-03 14:27:40 [http-nio-8081-exec-6] DEBUG o.s.w.s.m.m.a.HttpEntityMethodProcessor - Using 'application/json', given [*/*] and supported [application/json, application/*+json, application/yaml]
2025-09-03 14:27:40 [http-nio-8081-exec-6] DEBUG o.s.w.s.m.m.a.HttpEntityMethodProcessor - Writing [Page 1 of 1 containing com.middleware.backend.model.ErrorCategory instances]
2025-09-03 14:27:40 [http-nio-8081-exec-6] DEBUG o.s.web.servlet.DispatcherServlet - Completed 200 OK
2025-09-03 14:27:40 [http-nio-8081-exec-6] DEBUG o.s.w.f.CommonsRequestLoggingFilter - After request [GET /error-categories?page=0&size=10&name=&description=&sortedBy=createdAt&sortDirection=desc&status=&startDate=&endDate=, client=0:0:0:0:0:0:0:1, user=admin@mail.com]
2025-09-03 14:27:49 [http-nio-8081-exec-1] INFO  c.m.b.k.service.DynamicRouteService - Fetching active routes with pagination
2025-09-03 14:27:49 [http-nio-8081-exec-1] DEBUG o.s.w.f.CommonsRequestLoggingFilter - Before request [GET /error-categories?page=0&size=10&name=&description=&sortedBy=createdAt&sortDirection=asc&status=&startDate=&endDate=, client=0:0:0:0:0:0:0:1, user=admin@mail.com]
2025-09-03 14:27:49 [http-nio-8081-exec-1] DEBUG o.s.web.servlet.DispatcherServlet - GET "/error-categories?page=0&size=10&name=&description=&sortedBy=createdAt&sortDirection=asc&status=&startDate=&endDate=", parameters={masked}
2025-09-03 14:27:49 [http-nio-8081-exec-1] DEBUG o.s.w.s.m.m.a.RequestMappingHandlerMapping - Mapped to com.middleware.backend.controller.ErrorCategoryController#getAll(String, String, String, LocalDate, LocalDate, String, String, int, int)
2025-09-03 14:27:49 [http-nio-8081-exec-1] DEBUG o.s.w.s.m.m.a.HttpEntityMethodProcessor - Using 'application/json', given [*/*] and supported [application/json, application/*+json, application/yaml]
2025-09-03 14:27:49 [http-nio-8081-exec-1] DEBUG o.s.w.s.m.m.a.HttpEntityMethodProcessor - Writing [Page 1 of 1 containing com.middleware.backend.model.ErrorCategory instances]
2025-09-03 14:27:49 [http-nio-8081-exec-1] DEBUG o.s.web.servlet.DispatcherServlet - Completed 200 OK
2025-09-03 14:27:49 [http-nio-8081-exec-1] DEBUG o.s.w.f.CommonsRequestLoggingFilter - After request [GET /error-categories?page=0&size=10&name=&description=&sortedBy=createdAt&sortDirection=asc&status=&startDate=&endDate=, client=0:0:0:0:0:0:0:1, user=admin@mail.com]
2025-09-03 14:27:57 [scheduling-1] INFO  c.m.b.k.service.DynamicRouteService - Starting route status sync with Camel context
2025-09-03 14:27:57 [scheduling-1] INFO  c.m.b.k.service.DynamicRouteService - Completed route status sync
2025-09-03 14:27:58 [http-nio-8081-exec-3] INFO  c.m.b.k.service.DynamicRouteService - Fetching active routes with pagination
2025-09-03 14:27:58 [http-nio-8081-exec-3] DEBUG o.s.w.f.CommonsRequestLoggingFilter - Before request [GET /error-categories?page=0&size=10&name=&description=&sortedBy=createdAt&sortDirection=desc&status=&startDate=&endDate=, client=0:0:0:0:0:0:0:1, user=admin@mail.com]
2025-09-03 14:27:58 [http-nio-8081-exec-3] DEBUG o.s.web.servlet.DispatcherServlet - GET "/error-categories?page=0&size=10&name=&description=&sortedBy=createdAt&sortDirection=desc&status=&startDate=&endDate=", parameters={masked}
2025-09-03 14:27:58 [http-nio-8081-exec-3] DEBUG o.s.w.s.m.m.a.RequestMappingHandlerMapping - Mapped to com.middleware.backend.controller.ErrorCategoryController#getAll(String, String, String, LocalDate, LocalDate, String, String, int, int)
2025-09-03 14:27:58 [http-nio-8081-exec-3] DEBUG o.s.w.s.m.m.a.HttpEntityMethodProcessor - Using 'application/json', given [*/*] and supported [application/json, application/*+json, application/yaml]
2025-09-03 14:27:58 [http-nio-8081-exec-3] DEBUG o.s.w.s.m.m.a.HttpEntityMethodProcessor - Writing [Page 1 of 1 containing com.middleware.backend.model.ErrorCategory instances]
2025-09-03 14:27:58 [http-nio-8081-exec-3] DEBUG o.s.web.servlet.DispatcherServlet - Completed 200 OK
2025-09-03 14:27:58 [http-nio-8081-exec-3] DEBUG o.s.w.f.CommonsRequestLoggingFilter - After request [GET /error-categories?page=0&size=10&name=&description=&sortedBy=createdAt&sortDirection=desc&status=&startDate=&endDate=, client=0:0:0:0:0:0:0:1, user=admin@mail.com]
2025-09-03 14:28:00 [http-nio-8081-exec-7] INFO  c.m.b.k.service.DynamicRouteService - Fetching active routes with pagination
2025-09-03 14:28:00 [http-nio-8081-exec-7] DEBUG o.s.w.f.CommonsRequestLoggingFilter - Before request [GET /error-categories?page=0&size=10&name=&description=&sortedBy=createdAt&sortDirection=asc&status=&startDate=&endDate=, client=0:0:0:0:0:0:0:1, user=admin@mail.com]
2025-09-03 14:28:00 [http-nio-8081-exec-7] DEBUG o.s.web.servlet.DispatcherServlet - GET "/error-categories?page=0&size=10&name=&description=&sortedBy=createdAt&sortDirection=asc&status=&startDate=&endDate=", parameters={masked}
2025-09-03 14:28:00 [http-nio-8081-exec-7] DEBUG o.s.w.s.m.m.a.RequestMappingHandlerMapping - Mapped to com.middleware.backend.controller.ErrorCategoryController#getAll(String, String, String, LocalDate, LocalDate, String, String, int, int)
2025-09-03 14:28:00 [http-nio-8081-exec-7] DEBUG o.s.w.s.m.m.a.HttpEntityMethodProcessor - Using 'application/json', given [*/*] and supported [application/json, application/*+json, application/yaml]
2025-09-03 14:28:00 [http-nio-8081-exec-7] DEBUG o.s.w.s.m.m.a.HttpEntityMethodProcessor - Writing [Page 1 of 1 containing com.middleware.backend.model.ErrorCategory instances]
2025-09-03 14:28:00 [http-nio-8081-exec-7] DEBUG o.s.web.servlet.DispatcherServlet - Completed 200 OK
2025-09-03 14:28:00 [http-nio-8081-exec-7] DEBUG o.s.w.f.CommonsRequestLoggingFilter - After request [GET /error-categories?page=0&size=10&name=&description=&sortedBy=createdAt&sortDirection=asc&status=&startDate=&endDate=, client=0:0:0:0:0:0:0:1, user=admin@mail.com]
2025-09-03 14:28:02 [http-nio-8081-exec-10] INFO  c.m.b.k.service.DynamicRouteService - Fetching active routes with pagination
2025-09-03 14:28:02 [http-nio-8081-exec-10] DEBUG o.s.w.f.CommonsRequestLoggingFilter - Before request [GET /error-categories?page=0&size=10&name=&description=&sortedBy=createdAt&sortDirection=desc&status=&startDate=&endDate=, client=0:0:0:0:0:0:0:1, user=admin@mail.com]
2025-09-03 14:28:02 [http-nio-8081-exec-10] DEBUG o.s.web.servlet.DispatcherServlet - GET "/error-categories?page=0&size=10&name=&description=&sortedBy=createdAt&sortDirection=desc&status=&startDate=&endDate=", parameters={masked}
2025-09-03 14:28:02 [http-nio-8081-exec-10] DEBUG o.s.w.s.m.m.a.RequestMappingHandlerMapping - Mapped to com.middleware.backend.controller.ErrorCategoryController#getAll(String, String, String, LocalDate, LocalDate, String, String, int, int)
2025-09-03 14:28:02 [http-nio-8081-exec-10] DEBUG o.s.w.s.m.m.a.HttpEntityMethodProcessor - Using 'application/json', given [*/*] and supported [application/json, application/*+json, application/yaml]
2025-09-03 14:28:02 [http-nio-8081-exec-10] DEBUG o.s.w.s.m.m.a.HttpEntityMethodProcessor - Writing [Page 1 of 1 containing com.middleware.backend.model.ErrorCategory instances]
2025-09-03 14:28:02 [http-nio-8081-exec-10] DEBUG o.s.web.servlet.DispatcherServlet - Completed 200 OK
2025-09-03 14:28:02 [http-nio-8081-exec-10] DEBUG o.s.w.f.CommonsRequestLoggingFilter - After request [GET /error-categories?page=0&size=10&name=&description=&sortedBy=createdAt&sortDirection=desc&status=&startDate=&endDate=, client=0:0:0:0:0:0:0:1, user=admin@mail.com]
2025-09-03 14:28:03 [http-nio-8081-exec-2] INFO  c.m.b.k.service.DynamicRouteService - Fetching active routes with pagination
2025-09-03 14:28:03 [http-nio-8081-exec-2] DEBUG o.s.w.f.CommonsRequestLoggingFilter - Before request [GET /error-categories?page=0&size=10&name=&description=&sortedBy=active&sortDirection=asc&status=&startDate=&endDate=, client=0:0:0:0:0:0:0:1, user=admin@mail.com]
2025-09-03 14:28:03 [http-nio-8081-exec-2] DEBUG o.s.web.servlet.DispatcherServlet - GET "/error-categories?page=0&size=10&name=&description=&sortedBy=active&sortDirection=asc&status=&startDate=&endDate=", parameters={masked}
2025-09-03 14:28:03 [http-nio-8081-exec-2] DEBUG o.s.w.s.m.m.a.RequestMappingHandlerMapping - Mapped to com.middleware.backend.controller.ErrorCategoryController#getAll(String, String, String, LocalDate, LocalDate, String, String, int, int)
2025-09-03 14:28:03 [http-nio-8081-exec-2] DEBUG o.s.w.s.m.m.a.HttpEntityMethodProcessor - Using 'application/json', given [*/*] and supported [application/json, application/*+json, application/yaml]
2025-09-03 14:28:03 [http-nio-8081-exec-2] DEBUG o.s.w.s.m.m.a.HttpEntityMethodProcessor - Writing [Page 1 of 1 containing com.middleware.backend.model.ErrorCategory instances]
2025-09-03 14:28:03 [http-nio-8081-exec-2] DEBUG o.s.web.servlet.DispatcherServlet - Completed 200 OK
2025-09-03 14:28:03 [http-nio-8081-exec-2] DEBUG o.s.w.f.CommonsRequestLoggingFilter - After request [GET /error-categories?page=0&size=10&name=&description=&sortedBy=active&sortDirection=asc&status=&startDate=&endDate=, client=0:0:0:0:0:0:0:1, user=admin@mail.com]
2025-09-03 14:28:06 [http-nio-8081-exec-4] INFO  c.m.b.k.service.DynamicRouteService - Fetching active routes with pagination
2025-09-03 14:28:06 [http-nio-8081-exec-4] DEBUG o.s.w.f.CommonsRequestLoggingFilter - Before request [GET /error-categories?page=0&size=10&name=&description=&sortedBy=createdAt&sortDirection=desc&status=&startDate=&endDate=, client=0:0:0:0:0:0:0:1, user=admin@mail.com]
2025-09-03 14:28:06 [http-nio-8081-exec-4] DEBUG o.s.web.servlet.DispatcherServlet - GET "/error-categories?page=0&size=10&name=&description=&sortedBy=createdAt&sortDirection=desc&status=&startDate=&endDate=", parameters={masked}
2025-09-03 14:28:06 [http-nio-8081-exec-4] DEBUG o.s.w.s.m.m.a.RequestMappingHandlerMapping - Mapped to com.middleware.backend.controller.ErrorCategoryController#getAll(String, String, String, LocalDate, LocalDate, String, String, int, int)
2025-09-03 14:28:06 [http-nio-8081-exec-4] DEBUG o.s.w.s.m.m.a.HttpEntityMethodProcessor - Using 'application/json', given [*/*] and supported [application/json, application/*+json, application/yaml]
2025-09-03 14:28:06 [http-nio-8081-exec-4] DEBUG o.s.w.s.m.m.a.HttpEntityMethodProcessor - Writing [Page 1 of 1 containing com.middleware.backend.model.ErrorCategory instances]
2025-09-03 14:28:06 [http-nio-8081-exec-4] DEBUG o.s.web.servlet.DispatcherServlet - Completed 200 OK
2025-09-03 14:28:06 [http-nio-8081-exec-4] DEBUG o.s.w.f.CommonsRequestLoggingFilter - After request [GET /error-categories?page=0&size=10&name=&description=&sortedBy=createdAt&sortDirection=desc&status=&startDate=&endDate=, client=0:0:0:0:0:0:0:1, user=admin@mail.com]
2025-09-03 14:28:27 [scheduling-1] INFO  c.m.b.k.service.DynamicRouteService - Starting route status sync with Camel context
2025-09-03 14:28:27 [scheduling-1] INFO  c.m.b.k.service.DynamicRouteService - Completed route status sync
2025-09-03 14:28:57 [scheduling-1] INFO  c.m.b.k.service.DynamicRouteService - Starting route status sync with Camel context
2025-09-03 14:28:57 [scheduling-1] INFO  c.m.b.k.service.DynamicRouteService - Completed route status sync
2025-09-03 14:29:27 [scheduling-1] INFO  c.m.b.k.service.DynamicRouteService - Starting route status sync with Camel context
2025-09-03 14:29:27 [scheduling-1] INFO  c.m.b.k.service.DynamicRouteService - Completed route status sync
2025-09-03 14:29:57 [scheduling-1] INFO  c.m.b.k.service.DynamicRouteService - Starting route status sync with Camel context
2025-09-03 14:29:57 [scheduling-1] INFO  c.m.b.k.service.DynamicRouteService - Completed route status sync
2025-09-03 14:30:27 [scheduling-1] INFO  c.m.b.k.service.DynamicRouteService - Starting route status sync with Camel context
2025-09-03 14:30:27 [scheduling-1] INFO  c.m.b.k.service.DynamicRouteService - Completed route status sync
2025-09-03 14:30:57 [scheduling-1] INFO  c.m.b.k.service.DynamicRouteService - Starting route status sync with Camel context
2025-09-03 14:30:57 [scheduling-1] INFO  c.m.b.k.service.DynamicRouteService - Completed route status sync
2025-09-03 14:31:21 [SpringApplicationShutdownHook] INFO  org.quartz.core.QuartzScheduler - Scheduler quartzScheduler_$_NON_CLUSTERED paused.
2025-09-03 14:31:21 [SpringApplicationShutdownHook] INFO  o.a.c.i.engine.AbstractCamelContext - Apache Camel 4.4.0 (camel-1) is shutting down (timeout:45s)
2025-09-03 14:31:21 [SpringApplicationShutdownHook] INFO  o.a.c.i.engine.AbstractCamelContext - Routes stopped (stopped:0)
2025-09-03 14:31:21 [SpringApplicationShutdownHook] INFO  o.a.c.i.engine.AbstractCamelContext - Apache Camel 4.4.0 (camel-1) shutdown in 7ms (uptime:5m54s)
2025-09-03 14:31:21 [SpringApplicationShutdownHook] INFO  org.quartz.core.QuartzScheduler - Scheduler quartzScheduler_$_NON_CLUSTERED shutting down.
2025-09-03 14:31:21 [SpringApplicationShutdownHook] INFO  org.quartz.core.QuartzScheduler - Scheduler quartzScheduler_$_NON_CLUSTERED paused.
2025-09-03 14:31:21 [SpringApplicationShutdownHook] INFO  org.quartz.core.QuartzScheduler - Scheduler quartzScheduler_$_NON_CLUSTERED shutdown complete.
2025-09-03 14:31:21 [SpringApplicationShutdownHook] INFO  o.a.c.c.s.CamelHttpTransportServlet - Destroyed CamelHttpTransportServlet[CamelServlet]
2025-09-03 14:31:41 [background-preinit] INFO  o.h.validator.internal.util.Version - HV000001: Hibernate Validator 8.0.2.Final
2025-09-03 14:31:41 [main] INFO  c.m.MiddlewareApplicationTests - Starting MiddlewareApplicationTests using Java 23-valhalla with PID 3132 (started by omard in C:\Users\omard\Desktop\Work\jordan\back-end)
2025-09-03 14:31:41 [main] INFO  c.m.MiddlewareApplicationTests - No active profile set, falling back to 1 default profile: "default"
2025-09-03 14:31:41 [main] DEBUG o.s.w.c.s.GenericWebApplicationContext - Refreshing org.springframework.web.context.support.GenericWebApplicationContext@1ad8df52
2025-09-03 14:31:44 [main] INFO  o.h.jpa.internal.util.LogHelper - HHH000204: Processing PersistenceUnitInfo [name: default]
2025-09-03 14:31:44 [main] INFO  org.hibernate.Version - HHH000412: Hibernate ORM core version 6.6.11.Final
2025-09-03 14:31:44 [main] INFO  o.h.c.i.RegionFactoryInitiator - HHH000026: Second-level cache disabled
2025-09-03 14:31:45 [main] WARN  org.hibernate.orm.deprecation - HHH90000025: PostgreSQLDialect does not need to be specified explicitly using 'hibernate.dialect' (remove the property setting and it will be selected by default)
2025-09-03 14:31:45 [main] INFO  o.hibernate.orm.connections.pooling - HHH10001005: Database info:
	Database JDBC URL [Connecting through datasource 'org.springframework.jdbc.datasource.DriverManagerDataSource@7836c79']
	Database driver: undefined/unknown
	Database version: 17.4
	Autocommit mode: undefined/unknown
	Isolation level: undefined/unknown
	Minimum pool size: undefined/unknown
	Maximum pool size: undefined/unknown
2025-09-03 14:31:46 [main] INFO  o.h.e.t.j.p.i.JtaPlatformInitiator - HHH000489: No JTA platform available (set 'hibernate.transaction.jta.platform' to enable JTA platform integration)
2025-09-03 14:31:47 [main] INFO  o.a.camel.util.concurrent.ThreadType - The type of thread detected is PLATFORM
2025-09-03 14:31:50 [main] INFO  org.quartz.impl.StdSchedulerFactory - Using default implementation for ThreadExecutor
2025-09-03 14:31:50 [main] INFO  o.quartz.core.SchedulerSignalerImpl - Initialized Scheduler Signaller of type: class org.quartz.core.SchedulerSignalerImpl
2025-09-03 14:31:50 [main] INFO  org.quartz.core.QuartzScheduler - Quartz Scheduler v.2.3.2 created.
2025-09-03 14:31:50 [main] INFO  org.quartz.simpl.RAMJobStore - RAMJobStore initialized.
2025-09-03 14:31:50 [main] INFO  org.quartz.core.QuartzScheduler - Scheduler meta-data: Quartz Scheduler (v2.3.2) 'quartzScheduler' with instanceId 'NON_CLUSTERED'
  Scheduler class: 'org.quartz.core.QuartzScheduler' - running locally.
  NOT STARTED.
  Currently in standby mode.
  Number of jobs executed: 0
  Using thread pool 'org.quartz.simpl.SimpleThreadPool' - with 10 threads.
  Using job-store 'org.quartz.simpl.RAMJobStore' - which does not support persistence. and is not clustered.

2025-09-03 14:31:50 [main] INFO  org.quartz.impl.StdSchedulerFactory - Quartz scheduler 'quartzScheduler' initialized from an externally provided properties instance.
2025-09-03 14:31:50 [main] INFO  org.quartz.impl.StdSchedulerFactory - Quartz scheduler version: 2.3.2
2025-09-03 14:31:50 [main] INFO  org.quartz.core.QuartzScheduler - JobFactory set to: org.springframework.scheduling.quartz.SpringBeanJobFactory@313c05b9
2025-09-03 14:31:50 [main] INFO  c.m.b.k.i.Dhis2HeaderFilterConfig - === Configuring DHIS2 Header Filter (Static Test) ===
2025-09-03 14:31:50 [main] INFO  c.m.b.k.i.Dhis2HeaderFilterConfig - DHIS2 Header Filter configured - allowing most headers for testing
2025-09-03 14:31:51 [main] DEBUG o.s.w.s.m.m.a.RequestMappingHandlerMapping - 101 mappings in 'requestMappingHandlerMapping'
2025-09-03 14:31:51 [main] DEBUG o.s.w.s.h.SimpleUrlHandlerMapping - Patterns [/webjars/**, /**, /swagger-ui*/*swagger-initializer.js, /swagger-ui*/**] in 'resourceHandlerMapping'
2025-09-03 14:31:52 [main] DEBUG o.s.w.s.m.m.a.RequestMappingHandlerAdapter - ControllerAdvice beans: 0 @ModelAttribute, 0 @InitBinder, 1 RequestBodyAdvice, 1 ResponseBodyAdvice
2025-09-03 14:31:52 [main] DEBUG o.s.w.s.m.m.a.ExceptionHandlerExceptionResolver - ControllerAdvice beans: 2 @ExceptionHandler, 1 ResponseBodyAdvice
2025-09-03 14:31:53 [main] INFO  org.quartz.core.QuartzScheduler - Scheduler quartzScheduler_$_NON_CLUSTERED started.
2025-09-03 14:31:53 [scheduling-1] INFO  c.m.b.k.service.DynamicRouteService - Starting route status sync with Camel context
2025-09-03 14:31:53 [main] INFO  o.a.c.i.engine.AbstractCamelContext - Apache Camel 4.4.0 (camel-1) is starting
2025-09-03 14:31:53 [main] INFO  o.a.c.i.engine.AbstractCamelContext - Routes startup (started:0)
2025-09-03 14:31:53 [main] INFO  o.a.c.i.engine.AbstractCamelContext - Apache Camel 4.4.0 (camel-1) started in 10ms (build:0ms init:0ms start:10ms)
2025-09-03 14:31:53 [main] INFO  c.m.MiddlewareApplicationTests - Started MiddlewareApplicationTests in 12.572 seconds (process running for 13.883)
2025-09-03 14:31:53 [scheduling-1] INFO  c.m.b.k.service.DynamicRouteService - Completed route status sync
2025-09-03 14:31:53 [main] INFO  c.m.b.k.service.SequenceFixService - Fixing sequence for integration_mapping.id ...
2025-09-03 14:31:53 [main] INFO  c.m.b.k.service.SequenceFixService - Sequence public.integration_mapping_id_seq synced to 211. setval returned 211
2025-09-03 14:31:53 [main] INFO  c.m.b.k.service.SequenceFixService - Sequence fix done.
2025-09-03 14:31:54 [SpringApplicationShutdownHook] DEBUG o.s.w.c.s.GenericWebApplicationContext - Closing org.springframework.web.context.support.GenericWebApplicationContext@1ad8df52, started on Wed Sep 03 14:31:41 EEST 2025
2025-09-03 14:31:54 [SpringApplicationShutdownHook] INFO  org.quartz.core.QuartzScheduler - Scheduler quartzScheduler_$_NON_CLUSTERED paused.
2025-09-03 14:31:54 [SpringApplicationShutdownHook] INFO  o.a.c.i.engine.AbstractCamelContext - Apache Camel 4.4.0 (camel-1) is shutting down (timeout:45s)
2025-09-03 14:31:54 [SpringApplicationShutdownHook] INFO  o.a.c.i.engine.AbstractCamelContext - Routes stopped (stopped:0)
2025-09-03 14:31:54 [SpringApplicationShutdownHook] INFO  o.a.c.i.engine.AbstractCamelContext - Apache Camel 4.4.0 (camel-1) shutdown in 7ms (uptime:0s)
2025-09-03 14:31:54 [SpringApplicationShutdownHook] INFO  org.quartz.core.QuartzScheduler - Scheduler quartzScheduler_$_NON_CLUSTERED shutting down.
2025-09-03 14:31:54 [SpringApplicationShutdownHook] INFO  org.quartz.core.QuartzScheduler - Scheduler quartzScheduler_$_NON_CLUSTERED paused.
2025-09-03 14:31:54 [SpringApplicationShutdownHook] INFO  org.quartz.core.QuartzScheduler - Scheduler quartzScheduler_$_NON_CLUSTERED shutdown complete.
2025-09-03 17:11:44 [background-preinit] INFO  o.h.validator.internal.util.Version - HV000001: Hibernate Validator 8.0.2.Final
2025-09-03 17:11:45 [main] INFO  c.middleware.MiddlewareApplication - Starting MiddlewareApplication using Java 23-valhalla with PID 27088 (C:\Users\omard\Desktop\Work\jordan\back-end\target\classes started by omard in C:\Users\omard\Desktop\Work\jordan\back-end)
2025-09-03 17:11:45 [main] INFO  c.middleware.MiddlewareApplication - No active profile set, falling back to 1 default profile: "default"
2025-09-03 17:11:49 [main] INFO  o.a.coyote.http11.Http11NioProtocol - Initializing ProtocolHandler ["http-nio-8081"]
2025-09-03 17:11:49 [main] INFO  o.a.catalina.core.StandardService - Starting service [Tomcat]
2025-09-03 17:11:49 [main] INFO  o.a.catalina.core.StandardEngine - Starting Servlet engine: [Apache Tomcat/10.1.39]
2025-09-03 17:11:49 [main] INFO  o.a.c.c.C.[Tomcat].[localhost].[/] - Initializing Spring embedded WebApplicationContext
2025-09-03 17:11:49 [main] INFO  o.h.jpa.internal.util.LogHelper - HHH000204: Processing PersistenceUnitInfo [name: default]
2025-09-03 17:11:49 [main] INFO  org.hibernate.Version - HHH000412: Hibernate ORM core version 6.6.11.Final
2025-09-03 17:11:50 [main] INFO  o.h.c.i.RegionFactoryInitiator - HHH000026: Second-level cache disabled
2025-09-03 17:11:50 [main] WARN  org.hibernate.orm.deprecation - HHH90000025: PostgreSQLDialect does not need to be specified explicitly using 'hibernate.dialect' (remove the property setting and it will be selected by default)
2025-09-03 17:11:51 [main] INFO  o.hibernate.orm.connections.pooling - HHH10001005: Database info:
	Database JDBC URL [Connecting through datasource 'org.springframework.jdbc.datasource.DriverManagerDataSource@45017263']
	Database driver: undefined/unknown
	Database version: 17.4
	Autocommit mode: undefined/unknown
	Isolation level: undefined/unknown
	Minimum pool size: undefined/unknown
	Maximum pool size: undefined/unknown
2025-09-03 17:11:54 [main] INFO  o.h.e.t.j.p.i.JtaPlatformInitiator - HHH000489: No JTA platform available (set 'hibernate.transaction.jta.platform' to enable JTA platform integration)
2025-09-03 17:11:57 [main] INFO  o.a.camel.util.concurrent.ThreadType - The type of thread detected is PLATFORM
2025-09-03 17:11:59 [main] DEBUG o.s.w.f.ServerHttpObservationFilter - Filter 'webMvcObservationFilter' configured for use
2025-09-03 17:11:59 [main] DEBUG o.s.w.f.CommonsRequestLoggingFilter - Filter 'logFilter' configured for use
2025-09-03 17:11:59 [main] DEBUG c.m.b.users.config.JwtRequestFilter - Filter 'jwtRequestFilter' configured for use
2025-09-03 17:12:00 [main] INFO  org.quartz.impl.StdSchedulerFactory - Using default implementation for ThreadExecutor
2025-09-03 17:12:00 [main] INFO  o.quartz.core.SchedulerSignalerImpl - Initialized Scheduler Signaller of type: class org.quartz.core.SchedulerSignalerImpl
2025-09-03 17:12:00 [main] INFO  org.quartz.core.QuartzScheduler - Quartz Scheduler v.2.3.2 created.
2025-09-03 17:12:00 [main] INFO  org.quartz.simpl.RAMJobStore - RAMJobStore initialized.
2025-09-03 17:12:00 [main] INFO  org.quartz.core.QuartzScheduler - Scheduler meta-data: Quartz Scheduler (v2.3.2) 'quartzScheduler' with instanceId 'NON_CLUSTERED'
  Scheduler class: 'org.quartz.core.QuartzScheduler' - running locally.
  NOT STARTED.
  Currently in standby mode.
  Number of jobs executed: 0
  Using thread pool 'org.quartz.simpl.SimpleThreadPool' - with 10 threads.
  Using job-store 'org.quartz.simpl.RAMJobStore' - which does not support persistence. and is not clustered.

2025-09-03 17:12:00 [main] INFO  org.quartz.impl.StdSchedulerFactory - Quartz scheduler 'quartzScheduler' initialized from an externally provided properties instance.
2025-09-03 17:12:00 [main] INFO  org.quartz.impl.StdSchedulerFactory - Quartz scheduler version: 2.3.2
2025-09-03 17:12:00 [main] INFO  org.quartz.core.QuartzScheduler - JobFactory set to: org.springframework.scheduling.quartz.SpringBeanJobFactory@2e62ece0
2025-09-03 17:12:00 [main] INFO  c.m.b.k.i.Dhis2HeaderFilterConfig - === Configuring DHIS2 Header Filter (Static Test) ===
2025-09-03 17:12:00 [main] INFO  c.m.b.k.i.Dhis2HeaderFilterConfig - DHIS2 Header Filter configured - allowing most headers for testing
2025-09-03 17:12:01 [main] DEBUG o.s.w.s.m.m.a.RequestMappingHandlerMapping - 101 mappings in 'requestMappingHandlerMapping'
2025-09-03 17:12:01 [main] DEBUG o.s.w.s.h.SimpleUrlHandlerMapping - Patterns [/webjars/**, /**, /swagger-ui*/*swagger-initializer.js, /swagger-ui*/**] in 'resourceHandlerMapping'
2025-09-03 17:12:02 [main] DEBUG o.s.w.s.m.m.a.RequestMappingHandlerAdapter - ControllerAdvice beans: 0 @ModelAttribute, 0 @InitBinder, 1 RequestBodyAdvice, 1 ResponseBodyAdvice
2025-09-03 17:12:03 [main] DEBUG o.s.w.s.m.m.a.ExceptionHandlerExceptionResolver - ControllerAdvice beans: 2 @ExceptionHandler, 1 ResponseBodyAdvice
2025-09-03 17:12:05 [main] INFO  o.a.coyote.http11.Http11NioProtocol - Starting ProtocolHandler ["http-nio-8081"]
2025-09-03 17:12:05 [main] INFO  o.a.c.c.s.CamelHttpTransportServlet - Initialized CamelHttpTransportServlet[name=CamelServlet, contextPath=]
2025-09-03 17:12:05 [main] INFO  org.quartz.core.QuartzScheduler - Scheduler quartzScheduler_$_NON_CLUSTERED started.
2025-09-03 17:12:05 [main] INFO  o.a.c.i.engine.AbstractCamelContext - Apache Camel 4.4.0 (camel-1) is starting
2025-09-03 17:12:05 [main] INFO  o.a.c.i.engine.AbstractCamelContext - Routes startup (started:0)
2025-09-03 17:12:05 [main] INFO  o.a.c.i.engine.AbstractCamelContext - Apache Camel 4.4.0 (camel-1) started in 16ms (build:0ms init:0ms start:16ms)
2025-09-03 17:12:05 [main] INFO  c.middleware.MiddlewareApplication - Started MiddlewareApplication in 21.207 seconds (process running for 23.947)
2025-09-03 17:12:05 [scheduling-1] INFO  c.m.b.k.service.DynamicRouteService - Starting route status sync with Camel context
2025-09-03 17:12:05 [scheduling-1] INFO  c.m.b.k.service.DynamicRouteService - Completed route status sync
2025-09-03 17:12:05 [main] INFO  c.m.b.k.service.SequenceFixService - Fixing sequence for integration_mapping.id ...
2025-09-03 17:12:06 [main] INFO  c.m.b.k.service.SequenceFixService - Sequence public.integration_mapping_id_seq synced to 211. setval returned 211
2025-09-03 17:12:06 [main] INFO  c.m.b.k.service.SequenceFixService - Sequence fix done.
2025-09-03 17:12:06 [RMI TCP Connection(2)-192.168.88.5] INFO  o.a.c.c.C.[Tomcat].[localhost].[/] - Initializing Spring DispatcherServlet 'dispatcherServlet'
2025-09-03 17:12:06 [RMI TCP Connection(2)-192.168.88.5] INFO  o.s.web.servlet.DispatcherServlet - Initializing Servlet 'dispatcherServlet'
2025-09-03 17:12:06 [RMI TCP Connection(2)-192.168.88.5] DEBUG o.s.web.servlet.DispatcherServlet - Detected StandardServletMultipartResolver
2025-09-03 17:12:06 [RMI TCP Connection(2)-192.168.88.5] DEBUG o.s.web.servlet.DispatcherServlet - Detected AcceptHeaderLocaleResolver
2025-09-03 17:12:06 [RMI TCP Connection(2)-192.168.88.5] DEBUG o.s.web.servlet.DispatcherServlet - Detected FixedThemeResolver
2025-09-03 17:12:06 [RMI TCP Connection(2)-192.168.88.5] DEBUG o.s.web.servlet.DispatcherServlet - Detected org.springframework.web.servlet.view.DefaultRequestToViewNameTranslator@76e9662b
2025-09-03 17:12:06 [RMI TCP Connection(2)-192.168.88.5] DEBUG o.s.web.servlet.DispatcherServlet - Detected org.springframework.web.servlet.support.SessionFlashMapManager@33f306f0
2025-09-03 17:12:06 [RMI TCP Connection(2)-192.168.88.5] DEBUG o.s.web.servlet.DispatcherServlet - enableLoggingRequestDetails='false': request parameters and headers will be masked to prevent unsafe logging of potentially sensitive data
2025-09-03 17:12:06 [RMI TCP Connection(2)-192.168.88.5] INFO  o.s.web.servlet.DispatcherServlet - Completed initialization in 6 ms
2025-09-03 17:12:35 [scheduling-1] INFO  c.m.b.k.service.DynamicRouteService - Starting route status sync with Camel context
2025-09-03 17:12:35 [scheduling-1] INFO  c.m.b.k.service.DynamicRouteService - Completed route status sync
2025-09-03 17:13:05 [scheduling-1] INFO  c.m.b.k.service.DynamicRouteService - Starting route status sync with Camel context
2025-09-03 17:13:05 [scheduling-1] INFO  c.m.b.k.service.DynamicRouteService - Completed route status sync
2025-09-03 17:13:35 [scheduling-1] INFO  c.m.b.k.service.DynamicRouteService - Starting route status sync with Camel context
2025-09-03 17:13:35 [scheduling-1] INFO  c.m.b.k.service.DynamicRouteService - Completed route status sync
2025-09-03 17:14:05 [scheduling-1] INFO  c.m.b.k.service.DynamicRouteService - Starting route status sync with Camel context
2025-09-03 17:14:05 [scheduling-1] INFO  c.m.b.k.service.DynamicRouteService - Completed route status sync
2025-09-03 17:14:35 [scheduling-1] INFO  c.m.b.k.service.DynamicRouteService - Starting route status sync with Camel context
2025-09-03 17:14:35 [scheduling-1] INFO  c.m.b.k.service.DynamicRouteService - Completed route status sync
2025-09-03 17:15:05 [scheduling-1] INFO  c.m.b.k.service.DynamicRouteService - Starting route status sync with Camel context
2025-09-03 17:15:05 [scheduling-1] INFO  c.m.b.k.service.DynamicRouteService - Completed route status sync
2025-09-03 17:15:35 [scheduling-1] INFO  c.m.b.k.service.DynamicRouteService - Starting route status sync with Camel context
2025-09-03 17:15:35 [scheduling-1] INFO  c.m.b.k.service.DynamicRouteService - Completed route status sync
2025-09-03 17:16:05 [scheduling-1] INFO  c.m.b.k.service.DynamicRouteService - Starting route status sync with Camel context
2025-09-03 17:16:05 [scheduling-1] INFO  c.m.b.k.service.DynamicRouteService - Completed route status sync
2025-09-03 17:16:35 [scheduling-1] INFO  c.m.b.k.service.DynamicRouteService - Starting route status sync with Camel context
2025-09-03 17:16:35 [scheduling-1] INFO  c.m.b.k.service.DynamicRouteService - Completed route status sync
2025-09-03 17:17:05 [scheduling-1] INFO  c.m.b.k.service.DynamicRouteService - Starting route status sync with Camel context
2025-09-03 17:17:05 [scheduling-1] INFO  c.m.b.k.service.DynamicRouteService - Completed route status sync
2025-09-03 17:17:35 [scheduling-1] INFO  c.m.b.k.service.DynamicRouteService - Starting route status sync with Camel context
2025-09-03 17:17:35 [scheduling-1] INFO  c.m.b.k.service.DynamicRouteService - Completed route status sync
2025-09-03 17:18:05 [scheduling-1] INFO  c.m.b.k.service.DynamicRouteService - Starting route status sync with Camel context
2025-09-03 17:18:05 [scheduling-1] INFO  c.m.b.k.service.DynamicRouteService - Completed route status sync
2025-09-03 17:18:35 [scheduling-1] INFO  c.m.b.k.service.DynamicRouteService - Starting route status sync with Camel context
2025-09-03 17:18:35 [scheduling-1] INFO  c.m.b.k.service.DynamicRouteService - Completed route status sync
2025-09-03 17:19:05 [scheduling-1] INFO  c.m.b.k.service.DynamicRouteService - Starting route status sync with Camel context
2025-09-03 17:19:05 [scheduling-1] INFO  c.m.b.k.service.DynamicRouteService - Completed route status sync
2025-09-03 17:19:35 [scheduling-1] INFO  c.m.b.k.service.DynamicRouteService - Starting route status sync with Camel context
2025-09-03 17:19:35 [scheduling-1] INFO  c.m.b.k.service.DynamicRouteService - Completed route status sync
2025-09-03 17:20:05 [scheduling-1] INFO  c.m.b.k.service.DynamicRouteService - Starting route status sync with Camel context
2025-09-03 17:20:05 [scheduling-1] INFO  c.m.b.k.service.DynamicRouteService - Completed route status sync
2025-09-03 17:20:35 [scheduling-1] INFO  c.m.b.k.service.DynamicRouteService - Starting route status sync with Camel context
2025-09-03 17:20:35 [scheduling-1] INFO  c.m.b.k.service.DynamicRouteService - Completed route status sync
2025-09-03 17:21:05 [scheduling-1] INFO  c.m.b.k.service.DynamicRouteService - Starting route status sync with Camel context
2025-09-03 17:21:05 [scheduling-1] INFO  c.m.b.k.service.DynamicRouteService - Completed route status sync
2025-09-03 17:21:35 [scheduling-1] INFO  c.m.b.k.service.DynamicRouteService - Starting route status sync with Camel context
2025-09-03 17:21:35 [scheduling-1] INFO  c.m.b.k.service.DynamicRouteService - Completed route status sync
2025-09-03 17:22:05 [scheduling-1] INFO  c.m.b.k.service.DynamicRouteService - Starting route status sync with Camel context
2025-09-03 17:22:05 [scheduling-1] INFO  c.m.b.k.service.DynamicRouteService - Completed route status sync
2025-09-03 17:22:35 [scheduling-1] INFO  c.m.b.k.service.DynamicRouteService - Starting route status sync with Camel context
2025-09-03 17:22:35 [scheduling-1] INFO  c.m.b.k.service.DynamicRouteService - Completed route status sync
2025-09-03 17:23:05 [scheduling-1] INFO  c.m.b.k.service.DynamicRouteService - Starting route status sync with Camel context
2025-09-03 17:23:05 [scheduling-1] INFO  c.m.b.k.service.DynamicRouteService - Completed route status sync
2025-09-03 17:23:35 [scheduling-1] INFO  c.m.b.k.service.DynamicRouteService - Starting route status sync with Camel context
2025-09-03 17:23:35 [scheduling-1] INFO  c.m.b.k.service.DynamicRouteService - Completed route status sync
2025-09-03 17:24:05 [scheduling-1] INFO  c.m.b.k.service.DynamicRouteService - Starting route status sync with Camel context
2025-09-03 17:24:05 [scheduling-1] INFO  c.m.b.k.service.DynamicRouteService - Completed route status sync
2025-09-03 17:24:35 [scheduling-1] INFO  c.m.b.k.service.DynamicRouteService - Starting route status sync with Camel context
2025-09-03 17:24:35 [scheduling-1] INFO  c.m.b.k.service.DynamicRouteService - Completed route status sync
2025-09-03 17:25:05 [scheduling-1] INFO  c.m.b.k.service.DynamicRouteService - Starting route status sync with Camel context
2025-09-03 17:25:05 [scheduling-1] INFO  c.m.b.k.service.DynamicRouteService - Completed route status sync
2025-09-03 17:25:35 [scheduling-1] INFO  c.m.b.k.service.DynamicRouteService - Starting route status sync with Camel context
2025-09-03 17:25:35 [scheduling-1] INFO  c.m.b.k.service.DynamicRouteService - Completed route status sync
2025-09-03 17:26:05 [scheduling-1] INFO  c.m.b.k.service.DynamicRouteService - Starting route status sync with Camel context
2025-09-03 17:26:05 [scheduling-1] INFO  c.m.b.k.service.DynamicRouteService - Completed route status sync
2025-09-03 17:26:35 [scheduling-1] INFO  c.m.b.k.service.DynamicRouteService - Starting route status sync with Camel context
2025-09-03 17:26:35 [scheduling-1] INFO  c.m.b.k.service.DynamicRouteService - Completed route status sync
2025-09-03 17:27:05 [scheduling-1] INFO  c.m.b.k.service.DynamicRouteService - Starting route status sync with Camel context
2025-09-03 17:27:05 [scheduling-1] INFO  c.m.b.k.service.DynamicRouteService - Completed route status sync
2025-09-03 17:27:35 [scheduling-1] INFO  c.m.b.k.service.DynamicRouteService - Starting route status sync with Camel context
2025-09-03 17:27:35 [scheduling-1] INFO  c.m.b.k.service.DynamicRouteService - Completed route status sync
2025-09-03 17:28:05 [scheduling-1] INFO  c.m.b.k.service.DynamicRouteService - Starting route status sync with Camel context
2025-09-03 17:28:05 [scheduling-1] INFO  c.m.b.k.service.DynamicRouteService - Completed route status sync
2025-09-03 17:28:35 [scheduling-1] INFO  c.m.b.k.service.DynamicRouteService - Starting route status sync with Camel context
2025-09-03 17:28:35 [scheduling-1] INFO  c.m.b.k.service.DynamicRouteService - Completed route status sync
2025-09-03 17:29:05 [scheduling-1] INFO  c.m.b.k.service.DynamicRouteService - Starting route status sync with Camel context
2025-09-03 17:29:05 [scheduling-1] INFO  c.m.b.k.service.DynamicRouteService - Completed route status sync
2025-09-03 17:29:35 [scheduling-1] INFO  c.m.b.k.service.DynamicRouteService - Starting route status sync with Camel context
2025-09-03 17:29:35 [scheduling-1] INFO  c.m.b.k.service.DynamicRouteService - Completed route status sync
2025-09-03 17:30:05 [scheduling-1] INFO  c.m.b.k.service.DynamicRouteService - Starting route status sync with Camel context
2025-09-03 17:30:05 [scheduling-1] INFO  c.m.b.k.service.DynamicRouteService - Completed route status sync
2025-09-03 17:30:35 [scheduling-1] INFO  c.m.b.k.service.DynamicRouteService - Starting route status sync with Camel context
2025-09-03 17:30:35 [scheduling-1] INFO  c.m.b.k.service.DynamicRouteService - Completed route status sync
2025-09-03 17:31:05 [scheduling-1] INFO  c.m.b.k.service.DynamicRouteService - Starting route status sync with Camel context
2025-09-03 17:31:05 [scheduling-1] INFO  c.m.b.k.service.DynamicRouteService - Completed route status sync
2025-09-03 17:31:35 [scheduling-1] INFO  c.m.b.k.service.DynamicRouteService - Starting route status sync with Camel context
2025-09-03 17:31:35 [scheduling-1] INFO  c.m.b.k.service.DynamicRouteService - Completed route status sync
2025-09-03 17:32:05 [scheduling-1] INFO  c.m.b.k.service.DynamicRouteService - Starting route status sync with Camel context
2025-09-03 17:32:05 [scheduling-1] INFO  c.m.b.k.service.DynamicRouteService - Completed route status sync
2025-09-03 17:32:35 [scheduling-1] INFO  c.m.b.k.service.DynamicRouteService - Starting route status sync with Camel context
2025-09-03 17:32:35 [scheduling-1] INFO  c.m.b.k.service.DynamicRouteService - Completed route status sync
2025-09-03 17:33:05 [scheduling-1] INFO  c.m.b.k.service.DynamicRouteService - Starting route status sync with Camel context
2025-09-03 17:33:05 [scheduling-1] INFO  c.m.b.k.service.DynamicRouteService - Completed route status sync
2025-09-03 17:33:35 [scheduling-1] INFO  c.m.b.k.service.DynamicRouteService - Starting route status sync with Camel context
2025-09-03 17:33:35 [scheduling-1] INFO  c.m.b.k.service.DynamicRouteService - Completed route status sync
2025-09-03 17:34:06 [scheduling-1] INFO  c.m.b.k.service.DynamicRouteService - Starting route status sync with Camel context
2025-09-03 17:34:06 [scheduling-1] INFO  c.m.b.k.service.DynamicRouteService - Completed route status sync
2025-09-03 17:34:35 [scheduling-1] INFO  c.m.b.k.service.DynamicRouteService - Starting route status sync with Camel context
2025-09-03 17:34:35 [scheduling-1] INFO  c.m.b.k.service.DynamicRouteService - Completed route status sync
2025-09-03 17:35:05 [scheduling-1] INFO  c.m.b.k.service.DynamicRouteService - Starting route status sync with Camel context
2025-09-03 17:35:05 [scheduling-1] INFO  c.m.b.k.service.DynamicRouteService - Completed route status sync
2025-09-03 17:35:35 [scheduling-1] INFO  c.m.b.k.service.DynamicRouteService - Starting route status sync with Camel context
2025-09-03 17:35:35 [scheduling-1] INFO  c.m.b.k.service.DynamicRouteService - Completed route status sync
2025-09-03 17:36:05 [scheduling-1] INFO  c.m.b.k.service.DynamicRouteService - Starting route status sync with Camel context
2025-09-03 17:36:05 [scheduling-1] INFO  c.m.b.k.service.DynamicRouteService - Completed route status sync
2025-09-03 17:36:35 [scheduling-1] INFO  c.m.b.k.service.DynamicRouteService - Starting route status sync with Camel context
2025-09-03 17:36:35 [scheduling-1] INFO  c.m.b.k.service.DynamicRouteService - Completed route status sync
2025-09-03 17:37:05 [scheduling-1] INFO  c.m.b.k.service.DynamicRouteService - Starting route status sync with Camel context
2025-09-03 17:37:05 [scheduling-1] INFO  c.m.b.k.service.DynamicRouteService - Completed route status sync
2025-09-03 17:37:35 [scheduling-1] INFO  c.m.b.k.service.DynamicRouteService - Starting route status sync with Camel context
2025-09-03 17:37:35 [scheduling-1] INFO  c.m.b.k.service.DynamicRouteService - Completed route status sync
2025-09-03 17:38:05 [scheduling-1] INFO  c.m.b.k.service.DynamicRouteService - Starting route status sync with Camel context
2025-09-03 17:38:05 [scheduling-1] INFO  c.m.b.k.service.DynamicRouteService - Completed route status sync
2025-09-03 17:38:35 [scheduling-1] INFO  c.m.b.k.service.DynamicRouteService - Starting route status sync with Camel context
2025-09-03 17:38:35 [scheduling-1] INFO  c.m.b.k.service.DynamicRouteService - Completed route status sync
2025-09-03 17:39:05 [scheduling-1] INFO  c.m.b.k.service.DynamicRouteService - Starting route status sync with Camel context
2025-09-03 17:39:05 [scheduling-1] INFO  c.m.b.k.service.DynamicRouteService - Completed route status sync
2025-09-03 17:39:35 [scheduling-1] INFO  c.m.b.k.service.DynamicRouteService - Starting route status sync with Camel context
2025-09-03 17:39:35 [scheduling-1] INFO  c.m.b.k.service.DynamicRouteService - Completed route status sync
2025-09-03 17:40:05 [scheduling-1] INFO  c.m.b.k.service.DynamicRouteService - Starting route status sync with Camel context
2025-09-03 17:40:05 [scheduling-1] INFO  c.m.b.k.service.DynamicRouteService - Completed route status sync
2025-09-03 17:40:35 [scheduling-1] INFO  c.m.b.k.service.DynamicRouteService - Starting route status sync with Camel context
2025-09-03 17:40:35 [scheduling-1] INFO  c.m.b.k.service.DynamicRouteService - Completed route status sync
2025-09-03 17:41:05 [scheduling-1] INFO  c.m.b.k.service.DynamicRouteService - Starting route status sync with Camel context
2025-09-03 17:41:05 [scheduling-1] INFO  c.m.b.k.service.DynamicRouteService - Completed route status sync
2025-09-03 17:41:35 [scheduling-1] INFO  c.m.b.k.service.DynamicRouteService - Starting route status sync with Camel context
2025-09-03 17:41:35 [scheduling-1] INFO  c.m.b.k.service.DynamicRouteService - Completed route status sync
2025-09-03 17:42:05 [scheduling-1] INFO  c.m.b.k.service.DynamicRouteService - Starting route status sync with Camel context
2025-09-03 17:42:05 [scheduling-1] INFO  c.m.b.k.service.DynamicRouteService - Completed route status sync
2025-09-03 17:42:35 [scheduling-1] INFO  c.m.b.k.service.DynamicRouteService - Starting route status sync with Camel context
2025-09-03 17:42:35 [scheduling-1] INFO  c.m.b.k.service.DynamicRouteService - Completed route status sync
2025-09-03 17:43:05 [scheduling-1] INFO  c.m.b.k.service.DynamicRouteService - Starting route status sync with Camel context
2025-09-03 17:43:05 [scheduling-1] INFO  c.m.b.k.service.DynamicRouteService - Completed route status sync
2025-09-03 17:43:35 [scheduling-1] INFO  c.m.b.k.service.DynamicRouteService - Starting route status sync with Camel context
2025-09-03 17:43:35 [scheduling-1] INFO  c.m.b.k.service.DynamicRouteService - Completed route status sync
2025-09-03 17:44:05 [scheduling-1] INFO  c.m.b.k.service.DynamicRouteService - Starting route status sync with Camel context
2025-09-03 17:44:05 [scheduling-1] INFO  c.m.b.k.service.DynamicRouteService - Completed route status sync
2025-09-03 17:44:35 [scheduling-1] INFO  c.m.b.k.service.DynamicRouteService - Starting route status sync with Camel context
2025-09-03 17:44:35 [scheduling-1] INFO  c.m.b.k.service.DynamicRouteService - Completed route status sync
2025-09-03 17:45:05 [scheduling-1] INFO  c.m.b.k.service.DynamicRouteService - Starting route status sync with Camel context
2025-09-03 17:45:05 [scheduling-1] INFO  c.m.b.k.service.DynamicRouteService - Completed route status sync
2025-09-03 17:45:35 [scheduling-1] INFO  c.m.b.k.service.DynamicRouteService - Starting route status sync with Camel context
2025-09-03 17:45:35 [scheduling-1] INFO  c.m.b.k.service.DynamicRouteService - Completed route status sync
2025-09-03 17:45:54 [SpringApplicationShutdownHook] INFO  org.quartz.core.QuartzScheduler - Scheduler quartzScheduler_$_NON_CLUSTERED paused.
2025-09-03 17:45:54 [SpringApplicationShutdownHook] INFO  o.a.c.i.engine.AbstractCamelContext - Apache Camel 4.4.0 (camel-1) is shutting down (timeout:45s)
2025-09-03 17:45:54 [SpringApplicationShutdownHook] INFO  o.a.c.i.engine.AbstractCamelContext - Routes stopped (stopped:0)
2025-09-03 17:45:54 [SpringApplicationShutdownHook] INFO  o.a.c.i.engine.AbstractCamelContext - Apache Camel 4.4.0 (camel-1) shutdown in 31ms (uptime:33m49s)
2025-09-03 17:45:54 [SpringApplicationShutdownHook] INFO  org.quartz.core.QuartzScheduler - Scheduler quartzScheduler_$_NON_CLUSTERED shutting down.
2025-09-03 17:45:54 [SpringApplicationShutdownHook] INFO  org.quartz.core.QuartzScheduler - Scheduler quartzScheduler_$_NON_CLUSTERED paused.
2025-09-03 17:45:54 [SpringApplicationShutdownHook] INFO  org.quartz.core.QuartzScheduler - Scheduler quartzScheduler_$_NON_CLUSTERED shutdown complete.
2025-09-03 17:45:54 [SpringApplicationShutdownHook] INFO  o.a.c.c.s.CamelHttpTransportServlet - Destroyed CamelHttpTransportServlet[CamelServlet]
2025-09-03 19:10:12 [background-preinit] INFO  o.h.validator.internal.util.Version - HV000001: Hibernate Validator 8.0.2.Final
2025-09-03 19:10:12 [main] INFO  c.middleware.MiddlewareApplication - Starting MiddlewareApplication using Java 23-valhalla with PID 28932 (C:\Users\omard\Desktop\Work\jordan\back-end\target\classes started by omard in C:\Users\omard\Desktop\Work\jordan\back-end)
2025-09-03 19:10:12 [main] INFO  c.middleware.MiddlewareApplication - No active profile set, falling back to 1 default profile: "default"
2025-09-03 19:10:16 [main] INFO  o.a.coyote.http11.Http11NioProtocol - Initializing ProtocolHandler ["http-nio-8081"]
2025-09-03 19:10:16 [main] INFO  o.a.catalina.core.StandardService - Starting service [Tomcat]
2025-09-03 19:10:16 [main] INFO  o.a.catalina.core.StandardEngine - Starting Servlet engine: [Apache Tomcat/10.1.39]
2025-09-03 19:10:16 [main] INFO  o.a.c.c.C.[Tomcat].[localhost].[/] - Initializing Spring embedded WebApplicationContext
2025-09-03 19:10:16 [main] INFO  o.h.jpa.internal.util.LogHelper - HHH000204: Processing PersistenceUnitInfo [name: default]
2025-09-03 19:10:16 [main] INFO  org.hibernate.Version - HHH000412: Hibernate ORM core version 6.6.11.Final
2025-09-03 19:10:16 [main] INFO  o.h.c.i.RegionFactoryInitiator - HHH000026: Second-level cache disabled
2025-09-03 19:10:17 [main] WARN  org.hibernate.orm.deprecation - HHH90000025: PostgreSQLDialect does not need to be specified explicitly using 'hibernate.dialect' (remove the property setting and it will be selected by default)
2025-09-03 19:10:17 [main] INFO  o.hibernate.orm.connections.pooling - HHH10001005: Database info:
	Database JDBC URL [Connecting through datasource 'org.springframework.jdbc.datasource.DriverManagerDataSource@14e83c9d']
	Database driver: undefined/unknown
	Database version: 17.4
	Autocommit mode: undefined/unknown
	Isolation level: undefined/unknown
	Minimum pool size: undefined/unknown
	Maximum pool size: undefined/unknown
2025-09-03 19:10:18 [main] INFO  o.h.e.t.j.p.i.JtaPlatformInitiator - HHH000489: No JTA platform available (set 'hibernate.transaction.jta.platform' to enable JTA platform integration)
2025-09-03 19:10:20 [main] INFO  o.a.camel.util.concurrent.ThreadType - The type of thread detected is PLATFORM
2025-09-03 19:10:21 [main] DEBUG o.s.w.f.ServerHttpObservationFilter - Filter 'webMvcObservationFilter' configured for use
2025-09-03 19:10:21 [main] DEBUG o.s.w.f.CommonsRequestLoggingFilter - Filter 'logFilter' configured for use
2025-09-03 19:10:21 [main] DEBUG c.m.b.users.config.JwtRequestFilter - Filter 'jwtRequestFilter' configured for use
2025-09-03 19:10:21 [main] INFO  org.quartz.impl.StdSchedulerFactory - Using default implementation for ThreadExecutor
2025-09-03 19:10:21 [main] INFO  o.quartz.core.SchedulerSignalerImpl - Initialized Scheduler Signaller of type: class org.quartz.core.SchedulerSignalerImpl
2025-09-03 19:10:21 [main] INFO  org.quartz.core.QuartzScheduler - Quartz Scheduler v.2.3.2 created.
2025-09-03 19:10:21 [main] INFO  org.quartz.simpl.RAMJobStore - RAMJobStore initialized.
2025-09-03 19:10:21 [main] INFO  org.quartz.core.QuartzScheduler - Scheduler meta-data: Quartz Scheduler (v2.3.2) 'quartzScheduler' with instanceId 'NON_CLUSTERED'
  Scheduler class: 'org.quartz.core.QuartzScheduler' - running locally.
  NOT STARTED.
  Currently in standby mode.
  Number of jobs executed: 0
  Using thread pool 'org.quartz.simpl.SimpleThreadPool' - with 10 threads.
  Using job-store 'org.quartz.simpl.RAMJobStore' - which does not support persistence. and is not clustered.

2025-09-03 19:10:21 [main] INFO  org.quartz.impl.StdSchedulerFactory - Quartz scheduler 'quartzScheduler' initialized from an externally provided properties instance.
2025-09-03 19:10:21 [main] INFO  org.quartz.impl.StdSchedulerFactory - Quartz scheduler version: 2.3.2
2025-09-03 19:10:21 [main] INFO  org.quartz.core.QuartzScheduler - JobFactory set to: org.springframework.scheduling.quartz.SpringBeanJobFactory@79f05331
2025-09-03 19:10:22 [main] INFO  c.m.b.k.i.Dhis2HeaderFilterConfig - === Configuring DHIS2 Header Filter (Static Test) ===
2025-09-03 19:10:22 [main] INFO  c.m.b.k.i.Dhis2HeaderFilterConfig - DHIS2 Header Filter configured - allowing most headers for testing
2025-09-03 19:10:22 [main] DEBUG o.s.w.s.m.m.a.RequestMappingHandlerMapping - 101 mappings in 'requestMappingHandlerMapping'
2025-09-03 19:10:22 [main] DEBUG o.s.w.s.h.SimpleUrlHandlerMapping - Patterns [/webjars/**, /**, /swagger-ui*/*swagger-initializer.js, /swagger-ui*/**] in 'resourceHandlerMapping'
2025-09-03 19:10:23 [main] DEBUG o.s.w.s.m.m.a.RequestMappingHandlerAdapter - ControllerAdvice beans: 0 @ModelAttribute, 0 @InitBinder, 1 RequestBodyAdvice, 1 ResponseBodyAdvice
2025-09-03 19:10:23 [main] DEBUG o.s.w.s.m.m.a.ExceptionHandlerExceptionResolver - ControllerAdvice beans: 2 @ExceptionHandler, 1 ResponseBodyAdvice
2025-09-03 19:10:24 [main] INFO  o.a.coyote.http11.Http11NioProtocol - Starting ProtocolHandler ["http-nio-8081"]
2025-09-03 19:10:24 [main] INFO  o.a.c.c.s.CamelHttpTransportServlet - Initialized CamelHttpTransportServlet[name=CamelServlet, contextPath=]
2025-09-03 19:10:24 [main] INFO  org.quartz.core.QuartzScheduler - Scheduler quartzScheduler_$_NON_CLUSTERED started.
2025-09-03 19:10:25 [main] INFO  o.a.c.i.engine.AbstractCamelContext - Apache Camel 4.4.0 (camel-1) is starting
2025-09-03 19:10:25 [main] INFO  o.a.c.i.engine.AbstractCamelContext - Routes startup (started:0)
2025-09-03 19:10:25 [main] INFO  o.a.c.i.engine.AbstractCamelContext - Apache Camel 4.4.0 (camel-1) started in 15ms (build:0ms init:0ms start:15ms)
2025-09-03 19:10:25 [main] INFO  c.middleware.MiddlewareApplication - Started MiddlewareApplication in 13.044 seconds (process running for 14.424)
2025-09-03 19:10:25 [scheduling-1] INFO  c.m.b.k.service.DynamicRouteService - Starting route status sync with Camel context
2025-09-03 19:10:25 [scheduling-1] INFO  c.m.b.k.service.DynamicRouteService - Completed route status sync
2025-09-03 19:10:25 [main] INFO  c.m.b.k.service.SequenceFixService - Fixing sequence for integration_mapping.id ...
2025-09-03 19:10:25 [main] INFO  c.m.b.k.service.SequenceFixService - Sequence public.integration_mapping_id_seq synced to 211. setval returned 211
2025-09-03 19:10:25 [main] INFO  c.m.b.k.service.SequenceFixService - Sequence fix done.
2025-09-03 19:10:25 [RMI TCP Connection(1)-192.168.88.5] INFO  o.a.c.c.C.[Tomcat].[localhost].[/] - Initializing Spring DispatcherServlet 'dispatcherServlet'
2025-09-03 19:10:25 [RMI TCP Connection(1)-192.168.88.5] INFO  o.s.web.servlet.DispatcherServlet - Initializing Servlet 'dispatcherServlet'
2025-09-03 19:10:25 [RMI TCP Connection(1)-192.168.88.5] DEBUG o.s.web.servlet.DispatcherServlet - Detected StandardServletMultipartResolver
2025-09-03 19:10:25 [RMI TCP Connection(1)-192.168.88.5] DEBUG o.s.web.servlet.DispatcherServlet - Detected AcceptHeaderLocaleResolver
2025-09-03 19:10:25 [RMI TCP Connection(1)-192.168.88.5] DEBUG o.s.web.servlet.DispatcherServlet - Detected FixedThemeResolver
2025-09-03 19:10:25 [RMI TCP Connection(1)-192.168.88.5] DEBUG o.s.web.servlet.DispatcherServlet - Detected org.springframework.web.servlet.view.DefaultRequestToViewNameTranslator@57eab3f5
2025-09-03 19:10:25 [RMI TCP Connection(1)-192.168.88.5] DEBUG o.s.web.servlet.DispatcherServlet - Detected org.springframework.web.servlet.support.SessionFlashMapManager@2664d94
2025-09-03 19:10:25 [RMI TCP Connection(1)-192.168.88.5] DEBUG o.s.web.servlet.DispatcherServlet - enableLoggingRequestDetails='false': request parameters and headers will be masked to prevent unsafe logging of potentially sensitive data
2025-09-03 19:10:25 [RMI TCP Connection(1)-192.168.88.5] INFO  o.s.web.servlet.DispatcherServlet - Completed initialization in 5 ms
2025-09-03 19:10:31 [http-nio-8081-exec-2] INFO  c.m.b.k.service.DynamicRouteService - Fetching active routes with pagination
2025-09-03 19:10:31 [http-nio-8081-exec-2] DEBUG o.s.w.f.CommonsRequestLoggingFilter - Before request [GET /auditlogs?page=0&size=10&sortedBy=startTime&sortDirection=desc, client=0:0:0:0:0:0:0:1, user=admin@mail.com]
2025-09-03 19:10:31 [http-nio-8081-exec-2] DEBUG o.s.web.servlet.DispatcherServlet - GET "/auditlogs?page=0&size=10&sortedBy=startTime&sortDirection=desc", parameters={masked}
2025-09-03 19:10:31 [http-nio-8081-exec-2] DEBUG o.s.w.s.h.SimpleUrlHandlerMapping - Mapped to ResourceHttpRequestHandler [classpath [META-INF/resources/], classpath [resources/], classpath [static/], classpath [public/], ServletContext [/]]
2025-09-03 19:10:31 [http-nio-8081-exec-2] DEBUG o.s.w.s.r.ResourceHttpRequestHandler - Resource not found
2025-09-03 19:10:31 [http-nio-8081-exec-2] DEBUG o.s.w.s.m.m.a.ExceptionHandlerExceptionResolver - Using @ExceptionHandler com.middleware.backend.exception.GlobalExceptionHandler#handleGenericException(Exception)
2025-09-03 19:10:31 [http-nio-8081-exec-2] DEBUG o.s.w.s.m.m.a.HttpEntityMethodProcessor - Using 'application/json', given [*/*] and supported [application/json, application/*+json, application/yaml]
2025-09-03 19:10:31 [http-nio-8081-exec-2] DEBUG o.s.w.s.m.m.a.HttpEntityMethodProcessor - Writing [{message=An unexpected error occurred, error=No static resource auditlogs., timestamp=2025-09-03T19: (truncated)...]
2025-09-03 19:10:31 [http-nio-8081-exec-2] DEBUG o.s.w.s.m.m.a.ExceptionHandlerExceptionResolver - Resolved [org.springframework.web.servlet.resource.NoResourceFoundException: No static resource auditlogs.]
2025-09-03 19:10:31 [http-nio-8081-exec-2] DEBUG o.s.web.servlet.DispatcherServlet - Completed 500 INTERNAL_SERVER_ERROR
2025-09-03 19:10:31 [http-nio-8081-exec-2] DEBUG o.s.w.f.CommonsRequestLoggingFilter - After request [GET /auditlogs?page=0&size=10&sortedBy=startTime&sortDirection=desc, client=0:0:0:0:0:0:0:1, user=admin@mail.com]
2025-09-03 19:10:55 [scheduling-1] INFO  c.m.b.k.service.DynamicRouteService - Starting route status sync with Camel context
2025-09-03 19:10:55 [scheduling-1] INFO  c.m.b.k.service.DynamicRouteService - Completed route status sync
2025-09-03 19:11:01 [http-nio-8081-exec-3] INFO  c.m.b.k.service.DynamicRouteService - Fetching active routes with pagination
2025-09-03 19:11:01 [http-nio-8081-exec-3] DEBUG o.s.w.f.CommonsRequestLoggingFilter - Before request [GET /logs?page=0&size=10&sort=receivedAt%2Cdesc, client=0:0:0:0:0:0:0:1, user=admin@mail.com]
2025-09-03 19:11:01 [http-nio-8081-exec-3] DEBUG o.s.web.servlet.DispatcherServlet - GET "/logs?page=0&size=10&sort=receivedAt%2Cdesc", parameters={masked}
2025-09-03 19:11:01 [http-nio-8081-exec-3] DEBUG o.s.w.s.h.SimpleUrlHandlerMapping - Mapped to ResourceHttpRequestHandler [classpath [META-INF/resources/], classpath [resources/], classpath [static/], classpath [public/], ServletContext [/]]
2025-09-03 19:11:01 [http-nio-8081-exec-3] DEBUG o.s.w.s.r.ResourceHttpRequestHandler - Resource not found
2025-09-03 19:11:01 [http-nio-8081-exec-3] DEBUG o.s.w.s.m.m.a.ExceptionHandlerExceptionResolver - Using @ExceptionHandler com.middleware.backend.exception.GlobalExceptionHandler#handleGenericException(Exception)
2025-09-03 19:11:01 [http-nio-8081-exec-3] DEBUG o.s.w.s.m.m.a.HttpEntityMethodProcessor - Using 'application/json', given [*/*] and supported [application/json, application/*+json, application/yaml]
2025-09-03 19:11:01 [http-nio-8081-exec-3] DEBUG o.s.w.s.m.m.a.HttpEntityMethodProcessor - Writing [{message=An unexpected error occurred, error=No static resource logs., timestamp=2025-09-03T19:11:01 (truncated)...]
2025-09-03 19:11:01 [http-nio-8081-exec-3] DEBUG o.s.w.s.m.m.a.ExceptionHandlerExceptionResolver - Resolved [org.springframework.web.servlet.resource.NoResourceFoundException: No static resource logs.]
2025-09-03 19:11:01 [http-nio-8081-exec-3] DEBUG o.s.web.servlet.DispatcherServlet - Completed 500 INTERNAL_SERVER_ERROR
2025-09-03 19:11:01 [http-nio-8081-exec-3] DEBUG o.s.w.f.CommonsRequestLoggingFilter - After request [GET /logs?page=0&size=10&sort=receivedAt%2Cdesc, client=0:0:0:0:0:0:0:1, user=admin@mail.com]
2025-09-03 19:11:14 [http-nio-8081-exec-8] INFO  c.m.b.k.service.DynamicRouteService - Fetching active routes with pagination
2025-09-03 19:11:14 [http-nio-8081-exec-8] DEBUG o.s.w.f.CommonsRequestLoggingFilter - Before request [GET /api/logs?page=0&size=10&sort=receivedAt%2Cdesc, client=0:0:0:0:0:0:0:1, user=admin@mail.com]
2025-09-03 19:11:14 [http-nio-8081-exec-8] DEBUG o.s.web.servlet.DispatcherServlet - GET "/api/logs?page=0&size=10&sort=receivedAt%2Cdesc", parameters={masked}
2025-09-03 19:11:14 [http-nio-8081-exec-8] DEBUG o.s.w.s.m.m.a.RequestMappingHandlerMapping - Mapped to com.middleware.backend.logging.controller.MiddlewareApiCallLogController#getAll(Map, int, int, String)
2025-09-03 19:11:14 [http-nio-8081-exec-8] WARN  o.s.d.w.c.SpringDataJacksonConfiguration$PageModule$WarningLoggingModifier - Serializing PageImpl instances as-is is not supported, meaning that there is no guarantee about the stability of the resulting JSON structure!
	For a stable JSON structure, please use Spring Data's PagedModel (globally via @EnableSpringDataWebSupport(pageSerializationMode = VIA_DTO))
	or Spring HATEOAS and Spring Data's PagedResourcesAssembler as documented in https://docs.spring.io/spring-data/commons/reference/repositories/core-extensions.html#core.web.pageables.

2025-09-03 19:11:14 [http-nio-8081-exec-8] DEBUG o.s.w.s.m.m.a.HttpEntityMethodProcessor - Using 'application/json', given [*/*] and supported [application/json, application/*+json, application/yaml]
2025-09-03 19:11:14 [http-nio-8081-exec-8] DEBUG o.s.w.s.m.m.a.HttpEntityMethodProcessor - Writing [Page 1 of 1 containing com.middleware.backend.logging.dto.MiddlewareApiCallLogDto instances]
2025-09-03 19:11:14 [http-nio-8081-exec-8] DEBUG o.s.web.servlet.DispatcherServlet - Completed 200 OK
2025-09-03 19:11:14 [http-nio-8081-exec-8] DEBUG o.s.w.f.CommonsRequestLoggingFilter - After request [GET /api/logs?page=0&size=10&sort=receivedAt%2Cdesc, client=0:0:0:0:0:0:0:1, user=admin@mail.com]
2025-09-03 19:11:18 [http-nio-8081-exec-10] INFO  c.m.b.k.service.DynamicRouteService - Fetching active routes with pagination
2025-09-03 19:11:18 [http-nio-8081-exec-10] DEBUG o.s.w.f.CommonsRequestLoggingFilter - Before request [GET /api/auditlogs?page=0&size=10&sortedBy=startTime&sortDirection=desc, client=0:0:0:0:0:0:0:1, user=admin@mail.com]
2025-09-03 19:11:18 [http-nio-8081-exec-10] DEBUG o.s.web.servlet.DispatcherServlet - GET "/api/auditlogs?page=0&size=10&sortedBy=startTime&sortDirection=desc", parameters={masked}
2025-09-03 19:11:18 [http-nio-8081-exec-10] DEBUG o.s.w.s.m.m.a.RequestMappingHandlerMapping - Mapped to com.middleware.backend.audit_logs_interceptor.controller.AuditLogsController#getAll(String, String, String, String, String, Integer, String, String, int, int)
2025-09-03 19:11:19 [http-nio-8081-exec-10] DEBUG o.s.w.s.m.m.a.HttpEntityMethodProcessor - Using 'application/json', given [*/*] and supported [application/json, application/*+json, application/yaml]
2025-09-03 19:11:19 [http-nio-8081-exec-10] DEBUG o.s.w.s.m.m.a.HttpEntityMethodProcessor - Writing [Page 1 of 333 containing com.middleware.backend.audit_logs_interceptor.model.AuditResponse instances]
2025-09-03 19:11:19 [http-nio-8081-exec-10] DEBUG o.s.web.servlet.DispatcherServlet - Completed 200 OK
2025-09-03 19:11:19 [http-nio-8081-exec-10] DEBUG o.s.w.f.CommonsRequestLoggingFilter - After request [GET /api/auditlogs?page=0&size=10&sortedBy=startTime&sortDirection=desc, client=0:0:0:0:0:0:0:1, user=admin@mail.com]
2025-09-03 19:11:20 [http-nio-8081-exec-2] INFO  c.m.b.k.service.DynamicRouteService - Fetching active routes with pagination
2025-09-03 19:11:20 [http-nio-8081-exec-2] DEBUG o.s.w.f.CommonsRequestLoggingFilter - Before request [GET /api/routes/audits?page=0&size=10&sortedBy=timestamp&sortDirection=asc, client=0:0:0:0:0:0:0:1, user=admin@mail.com]
2025-09-03 19:11:20 [http-nio-8081-exec-2] DEBUG o.s.web.servlet.DispatcherServlet - GET "/api/routes/audits?page=0&size=10&sortedBy=timestamp&sortDirection=asc", parameters={masked}
2025-09-03 19:11:20 [http-nio-8081-exec-2] DEBUG o.s.w.s.m.m.a.RequestMappingHandlerMapping - Mapped to com.middleware.backend.kaotocamel.controller.DynamicRouteController#getRouteAudits(int, int, String, String, Integer, String, LocalDate, LocalDate, String, String)
2025-09-03 19:11:20 [http-nio-8081-exec-2] DEBUG o.s.w.s.m.m.a.HttpEntityMethodProcessor - Using 'application/json', given [*/*] and supported [application/json, application/*+json, application/yaml]
2025-09-03 19:11:20 [http-nio-8081-exec-2] DEBUG o.s.w.s.m.m.a.HttpEntityMethodProcessor - Writing [Page 1 of 2 containing com.middleware.backend.kaotocamel.model.DynamicRouteAudit instances]
2025-09-03 19:11:20 [http-nio-8081-exec-2] DEBUG o.s.web.servlet.DispatcherServlet - Completed 200 OK
2025-09-03 19:11:20 [http-nio-8081-exec-2] DEBUG o.s.w.f.CommonsRequestLoggingFilter - After request [GET /api/routes/audits?page=0&size=10&sortedBy=timestamp&sortDirection=asc, client=0:0:0:0:0:0:0:1, user=admin@mail.com]
2025-09-03 19:11:25 [scheduling-1] INFO  c.m.b.k.service.DynamicRouteService - Starting route status sync with Camel context
2025-09-03 19:11:25 [scheduling-1] INFO  c.m.b.k.service.DynamicRouteService - Completed route status sync
2025-09-03 19:11:25 [http-nio-8081-exec-7] INFO  c.m.b.k.service.DynamicRouteService - Fetching active routes with pagination
2025-09-03 19:11:25 [http-nio-8081-exec-7] DEBUG o.s.w.f.CommonsRequestLoggingFilter - Before request [POST /api/auth/logout, client=0:0:0:0:0:0:0:1, user=admin@mail.com]
2025-09-03 19:11:25 [http-nio-8081-exec-7] DEBUG o.s.web.servlet.DispatcherServlet - POST "/api/auth/logout", parameters={}
2025-09-03 19:11:25 [http-nio-8081-exec-7] DEBUG o.s.w.s.m.m.a.RequestMappingHandlerMapping - Mapped to com.middleware.backend.users.auth.AuthController#logout(AuthResponse)
2025-09-03 19:11:25 [http-nio-8081-exec-7] DEBUG o.s.w.s.m.m.a.RequestResponseBodyMethodProcessor - Read "application/json;charset=UTF-8" to [AuthController.AuthResponse(token=eyJhbGciOiJIUzI1NiJ9.eyJzdWIiOiJhZG1pbkBtYWlsLmNvbSIsImlhdCI6MTc1N (truncated)...]
2025-09-03 19:11:25 [http-nio-8081-exec-7] DEBUG o.s.w.s.m.m.a.HttpEntityMethodProcessor - Using 'application/json', given [*/*] and supported [application/json, application/*+json, application/yaml]
2025-09-03 19:11:25 [http-nio-8081-exec-7] DEBUG o.s.w.s.m.m.a.HttpEntityMethodProcessor - Writing [java.lang.StackOverflowError]
2025-09-03 19:11:25 [http-nio-8081-exec-7] DEBUG o.s.web.servlet.DispatcherServlet - Completed 200 OK
2025-09-03 19:11:25 [http-nio-8081-exec-7] DEBUG o.s.w.f.CommonsRequestLoggingFilter - After request [POST /api/auth/logout, client=0:0:0:0:0:0:0:1, user=admin@mail.com, payload={"token":"eyJhbGciOiJIUzI1NiJ9.eyJzdWIiOiJhZG1pbkBtYWlsLmNvbSIsImlhdCI6MTc1Njg5ODg1MiwiZXhwIjoxNzU2OTI3NjUyLCJyb2xlcyI6WyJBRE1JTiJdLCJwZXJtaXNzaW9ucyI6WyJhdWRpdExvZ3M6dmlldyIsImF1ZGl0TG9nczpleHBvcnQiLCJlcnJvckNhdGVnb3JpZXM6dmlldyIsImVycm9yQ2F0ZWdvcmllczpleHBvcnQiLCJlcnJvckNhdGVnb3JpZXM6Y3JlYXRlIiwiZXJyb3JDYXRlZ29yaWVzOmVkaXQiLCJlcnJvck1hcHBpbmdzOnZpZXciLCJlcnJvck1hcHBpbmdzOmV4cG9ydCIsImVycm9yTWFwcGluZ3M6Y3JlYXRlIiwiZXJyb3JNYXBwaW5nczplZGl0Iiwic291cmNlU3lzdGVtczp2aWV3Iiwic291cmNlU3lzdGVtczpleHBvcnQiLCJzb3VyY2VTeXN0ZW1zOmNyZWF0ZSIsInNvdXJjZVN5c3RlbXM6ZWRpdCIsImR5bmFtaWNSb3V0ZXM6dmlldyIsImR5bmFtaWNSb3V0ZXM6Y3JlYXRlIiwiZHluYW1pY1JvdXRlczplZGl0IiwiZHluYW1pY1JvdXRlczpkZWxldGUiLCJkeW5hbWljUm91dGVzOnJldmVydCIsImR5bmFtaWNSb3V0ZXM6c3RvcCIsImR5bmFtaWNSb3V0ZXM6c3RhcnQiLCJkeW5hbWljUm91dGVzOnZhbGlkYXRlIiwiZHluYW1pY1JvdXRlczp0ZXN0IiwiZHluYW1pY1JvdXRlczpleHBvcnQiLCJkeW5hbWljUm91dGVzTG9nczp2aWV3IiwiZHluYW1pY1JvdXRlc0xvZ3M6ZXhwb3J0IiwibWlkZGxld2FyZUxvZ3M6dmlldyIsIm1pZGRsZXdhcmVMb2dzOmV4cG9ydCIsInNjaGVkd]
2025-09-03 19:11:55 [scheduling-1] INFO  c.m.b.k.service.DynamicRouteService - Starting route status sync with Camel context
2025-09-03 19:11:55 [scheduling-1] INFO  c.m.b.k.service.DynamicRouteService - Completed route status sync
2025-09-03 19:12:25 [scheduling-1] INFO  c.m.b.k.service.DynamicRouteService - Starting route status sync with Camel context
2025-09-03 19:12:25 [scheduling-1] INFO  c.m.b.k.service.DynamicRouteService - Completed route status sync
2025-09-03 19:12:55 [scheduling-1] INFO  c.m.b.k.service.DynamicRouteService - Starting route status sync with Camel context
2025-09-03 19:12:55 [scheduling-1] INFO  c.m.b.k.service.DynamicRouteService - Completed route status sync
2025-09-03 19:13:25 [scheduling-1] INFO  c.m.b.k.service.DynamicRouteService - Starting route status sync with Camel context
2025-09-03 19:13:25 [scheduling-1] INFO  c.m.b.k.service.DynamicRouteService - Completed route status sync
2025-09-03 19:13:55 [scheduling-1] INFO  c.m.b.k.service.DynamicRouteService - Starting route status sync with Camel context
2025-09-03 19:13:55 [scheduling-1] INFO  c.m.b.k.service.DynamicRouteService - Completed route status sync
2025-09-03 19:14:25 [scheduling-1] INFO  c.m.b.k.service.DynamicRouteService - Starting route status sync with Camel context
2025-09-03 19:14:25 [scheduling-1] INFO  c.m.b.k.service.DynamicRouteService - Completed route status sync
2025-09-03 19:14:55 [scheduling-1] INFO  c.m.b.k.service.DynamicRouteService - Starting route status sync with Camel context
2025-09-03 19:14:55 [scheduling-1] INFO  c.m.b.k.service.DynamicRouteService - Completed route status sync
2025-09-03 19:15:25 [scheduling-1] INFO  c.m.b.k.service.DynamicRouteService - Starting route status sync with Camel context
2025-09-03 19:15:25 [scheduling-1] INFO  c.m.b.k.service.DynamicRouteService - Completed route status sync
2025-09-03 19:15:55 [scheduling-1] INFO  c.m.b.k.service.DynamicRouteService - Starting route status sync with Camel context
2025-09-03 19:15:55 [scheduling-1] INFO  c.m.b.k.service.DynamicRouteService - Completed route status sync
2025-09-03 19:16:25 [scheduling-1] INFO  c.m.b.k.service.DynamicRouteService - Starting route status sync with Camel context
2025-09-03 19:16:25 [scheduling-1] INFO  c.m.b.k.service.DynamicRouteService - Completed route status sync
2025-09-03 19:16:55 [scheduling-1] INFO  c.m.b.k.service.DynamicRouteService - Starting route status sync with Camel context
2025-09-03 19:16:55 [scheduling-1] INFO  c.m.b.k.service.DynamicRouteService - Completed route status sync
2025-09-03 19:17:25 [scheduling-1] INFO  c.m.b.k.service.DynamicRouteService - Starting route status sync with Camel context
2025-09-03 19:17:25 [scheduling-1] INFO  c.m.b.k.service.DynamicRouteService - Completed route status sync
2025-09-03 19:17:55 [scheduling-1] INFO  c.m.b.k.service.DynamicRouteService - Starting route status sync with Camel context
2025-09-03 19:17:55 [scheduling-1] INFO  c.m.b.k.service.DynamicRouteService - Completed route status sync
2025-09-03 19:18:25 [scheduling-1] INFO  c.m.b.k.service.DynamicRouteService - Starting route status sync with Camel context
2025-09-03 19:18:25 [scheduling-1] INFO  c.m.b.k.service.DynamicRouteService - Completed route status sync
2025-09-03 19:18:55 [scheduling-1] INFO  c.m.b.k.service.DynamicRouteService - Starting route status sync with Camel context
2025-09-03 19:18:55 [scheduling-1] INFO  c.m.b.k.service.DynamicRouteService - Completed route status sync
2025-09-03 22:17:33 [scheduling-1] INFO  c.m.b.k.service.DynamicRouteService - Starting route status sync with Camel context
2025-09-03 22:17:33 [scheduling-1] INFO  c.m.b.k.service.DynamicRouteService - Completed route status sync
2025-09-03 22:17:33 [scheduling-1] INFO  c.m.b.k.service.DynamicRouteService - Starting route status sync with Camel context
2025-09-03 22:17:33 [scheduling-1] INFO  c.m.b.k.service.DynamicRouteService - Completed route status sync
2025-09-03 22:17:33 [scheduling-1] INFO  c.m.b.k.service.DynamicRouteService - Starting route status sync with Camel context
2025-09-03 22:17:33 [scheduling-1] INFO  c.m.b.k.service.DynamicRouteService - Completed route status sync
2025-09-03 22:17:34 [scheduling-1] INFO  c.m.b.k.service.DynamicRouteService - Starting route status sync with Camel context
2025-09-03 22:17:34 [scheduling-1] INFO  c.m.b.k.service.DynamicRouteService - Completed route status sync
2025-09-03 22:17:34 [scheduling-1] INFO  c.m.b.k.service.DynamicRouteService - Starting route status sync with Camel context
2025-09-03 22:17:34 [scheduling-1] INFO  c.m.b.k.service.DynamicRouteService - Completed route status sync
2025-09-03 22:17:34 [scheduling-1] INFO  c.m.b.k.service.DynamicRouteService - Starting route status sync with Camel context
2025-09-03 22:17:34 [scheduling-1] INFO  c.m.b.k.service.DynamicRouteService - Completed route status sync
2025-09-03 22:17:34 [scheduling-1] INFO  c.m.b.k.service.DynamicRouteService - Starting route status sync with Camel context
2025-09-03 22:17:34 [scheduling-1] INFO  c.m.b.k.service.DynamicRouteService - Completed route status sync
2025-09-03 22:17:34 [scheduling-1] INFO  c.m.b.k.service.DynamicRouteService - Starting route status sync with Camel context
2025-09-03 22:17:34 [scheduling-1] INFO  c.m.b.k.service.DynamicRouteService - Completed route status sync
2025-09-03 22:17:34 [scheduling-1] INFO  c.m.b.k.service.DynamicRouteService - Starting route status sync with Camel context
2025-09-03 22:17:34 [scheduling-1] INFO  c.m.b.k.service.DynamicRouteService - Completed route status sync
2025-09-03 22:17:34 [scheduling-1] INFO  c.m.b.k.service.DynamicRouteService - Starting route status sync with Camel context
2025-09-03 22:17:34 [scheduling-1] INFO  c.m.b.k.service.DynamicRouteService - Completed route status sync
2025-09-03 22:17:34 [scheduling-1] INFO  c.m.b.k.service.DynamicRouteService - Starting route status sync with Camel context
2025-09-03 22:17:34 [scheduling-1] INFO  c.m.b.k.service.DynamicRouteService - Completed route status sync
2025-09-03 22:17:34 [scheduling-1] INFO  c.m.b.k.service.DynamicRouteService - Starting route status sync with Camel context
2025-09-03 22:17:34 [scheduling-1] INFO  c.m.b.k.service.DynamicRouteService - Completed route status sync
2025-09-03 22:17:34 [scheduling-1] INFO  c.m.b.k.service.DynamicRouteService - Starting route status sync with Camel context
2025-09-03 22:17:34 [scheduling-1] INFO  c.m.b.k.service.DynamicRouteService - Completed route status sync
2025-09-03 22:17:34 [scheduling-1] INFO  c.m.b.k.service.DynamicRouteService - Starting route status sync with Camel context
2025-09-03 22:17:34 [scheduling-1] INFO  c.m.b.k.service.DynamicRouteService - Completed route status sync
2025-09-03 22:17:35 [scheduling-1] INFO  c.m.b.k.service.DynamicRouteService - Starting route status sync with Camel context
2025-09-03 22:17:35 [scheduling-1] INFO  c.m.b.k.service.DynamicRouteService - Completed route status sync
2025-09-03 22:17:35 [scheduling-1] INFO  c.m.b.k.service.DynamicRouteService - Starting route status sync with Camel context
2025-09-03 22:17:35 [scheduling-1] INFO  c.m.b.k.service.DynamicRouteService - Completed route status sync
2025-09-03 22:17:35 [scheduling-1] INFO  c.m.b.k.service.DynamicRouteService - Starting route status sync with Camel context
2025-09-03 22:17:35 [scheduling-1] INFO  c.m.b.k.service.DynamicRouteService - Completed route status sync
2025-09-03 22:17:35 [scheduling-1] INFO  c.m.b.k.service.DynamicRouteService - Starting route status sync with Camel context
2025-09-03 22:17:35 [scheduling-1] INFO  c.m.b.k.service.DynamicRouteService - Completed route status sync
2025-09-03 22:17:35 [scheduling-1] INFO  c.m.b.k.service.DynamicRouteService - Starting route status sync with Camel context
2025-09-03 22:17:35 [scheduling-1] INFO  c.m.b.k.service.DynamicRouteService - Completed route status sync
2025-09-03 22:17:35 [scheduling-1] INFO  c.m.b.k.service.DynamicRouteService - Starting route status sync with Camel context
2025-09-03 22:17:35 [scheduling-1] INFO  c.m.b.k.service.DynamicRouteService - Completed route status sync
2025-09-03 22:17:35 [scheduling-1] INFO  c.m.b.k.service.DynamicRouteService - Starting route status sync with Camel context
2025-09-03 22:17:35 [scheduling-1] INFO  c.m.b.k.service.DynamicRouteService - Completed route status sync
2025-09-03 22:17:35 [scheduling-1] INFO  c.m.b.k.service.DynamicRouteService - Starting route status sync with Camel context
2025-09-03 22:17:35 [scheduling-1] INFO  c.m.b.k.service.DynamicRouteService - Completed route status sync
2025-09-03 22:17:35 [scheduling-1] INFO  c.m.b.k.service.DynamicRouteService - Starting route status sync with Camel context
2025-09-03 22:17:35 [scheduling-1] INFO  c.m.b.k.service.DynamicRouteService - Completed route status sync
2025-09-03 22:17:35 [scheduling-1] INFO  c.m.b.k.service.DynamicRouteService - Starting route status sync with Camel context
2025-09-03 22:17:35 [scheduling-1] INFO  c.m.b.k.service.DynamicRouteService - Completed route status sync
2025-09-03 22:17:36 [scheduling-1] INFO  c.m.b.k.service.DynamicRouteService - Starting route status sync with Camel context
2025-09-03 22:17:36 [scheduling-1] INFO  c.m.b.k.service.DynamicRouteService - Completed route status sync
2025-09-03 22:17:36 [scheduling-1] INFO  c.m.b.k.service.DynamicRouteService - Starting route status sync with Camel context
2025-09-03 22:17:36 [scheduling-1] INFO  c.m.b.k.service.DynamicRouteService - Completed route status sync
2025-09-03 22:17:36 [scheduling-1] INFO  c.m.b.k.service.DynamicRouteService - Starting route status sync with Camel context
2025-09-03 22:17:36 [scheduling-1] INFO  c.m.b.k.service.DynamicRouteService - Completed route status sync
2025-09-03 22:17:36 [scheduling-1] INFO  c.m.b.k.service.DynamicRouteService - Starting route status sync with Camel context
2025-09-03 22:17:36 [scheduling-1] INFO  c.m.b.k.service.DynamicRouteService - Completed route status sync
2025-09-03 22:17:36 [scheduling-1] INFO  c.m.b.k.service.DynamicRouteService - Starting route status sync with Camel context
2025-09-03 22:17:36 [scheduling-1] INFO  c.m.b.k.service.DynamicRouteService - Completed route status sync
2025-09-03 22:17:36 [scheduling-1] INFO  c.m.b.k.service.DynamicRouteService - Starting route status sync with Camel context
2025-09-03 22:17:36 [scheduling-1] INFO  c.m.b.k.service.DynamicRouteService - Completed route status sync
2025-09-03 22:17:36 [scheduling-1] INFO  c.m.b.k.service.DynamicRouteService - Starting route status sync with Camel context
2025-09-03 22:17:36 [scheduling-1] INFO  c.m.b.k.service.DynamicRouteService - Completed route status sync
2025-09-03 22:17:37 [scheduling-1] INFO  c.m.b.k.service.DynamicRouteService - Starting route status sync with Camel context
2025-09-03 22:17:37 [scheduling-1] INFO  c.m.b.k.service.DynamicRouteService - Completed route status sync
2025-09-03 22:17:37 [scheduling-1] INFO  c.m.b.k.service.DynamicRouteService - Starting route status sync with Camel context
2025-09-03 22:17:37 [scheduling-1] INFO  c.m.b.k.service.DynamicRouteService - Completed route status sync
2025-09-03 22:17:37 [scheduling-1] INFO  c.m.b.k.service.DynamicRouteService - Starting route status sync with Camel context
2025-09-03 22:17:37 [scheduling-1] INFO  c.m.b.k.service.DynamicRouteService - Completed route status sync
2025-09-03 22:17:37 [scheduling-1] INFO  c.m.b.k.service.DynamicRouteService - Starting route status sync with Camel context
2025-09-03 22:17:37 [scheduling-1] INFO  c.m.b.k.service.DynamicRouteService - Completed route status sync
2025-09-03 22:17:37 [scheduling-1] INFO  c.m.b.k.service.DynamicRouteService - Starting route status sync with Camel context
2025-09-03 22:17:37 [scheduling-1] INFO  c.m.b.k.service.DynamicRouteService - Completed route status sync
2025-09-03 22:17:37 [scheduling-1] INFO  c.m.b.k.service.DynamicRouteService - Starting route status sync with Camel context
2025-09-03 22:17:37 [scheduling-1] INFO  c.m.b.k.service.DynamicRouteService - Completed route status sync
2025-09-03 22:17:37 [scheduling-1] INFO  c.m.b.k.service.DynamicRouteService - Starting route status sync with Camel context
2025-09-03 22:17:37 [scheduling-1] INFO  c.m.b.k.service.DynamicRouteService - Completed route status sync
2025-09-03 22:17:37 [scheduling-1] INFO  c.m.b.k.service.DynamicRouteService - Starting route status sync with Camel context
2025-09-03 22:17:37 [scheduling-1] INFO  c.m.b.k.service.DynamicRouteService - Completed route status sync
2025-09-03 22:17:37 [scheduling-1] INFO  c.m.b.k.service.DynamicRouteService - Starting route status sync with Camel context
2025-09-03 22:17:37 [scheduling-1] INFO  c.m.b.k.service.DynamicRouteService - Completed route status sync
2025-09-03 22:17:37 [scheduling-1] INFO  c.m.b.k.service.DynamicRouteService - Starting route status sync with Camel context
2025-09-03 22:17:37 [scheduling-1] INFO  c.m.b.k.service.DynamicRouteService - Completed route status sync
2025-09-03 22:17:37 [scheduling-1] INFO  c.m.b.k.service.DynamicRouteService - Starting route status sync with Camel context
2025-09-03 22:17:37 [scheduling-1] INFO  c.m.b.k.service.DynamicRouteService - Completed route status sync
2025-09-03 22:17:37 [scheduling-1] INFO  c.m.b.k.service.DynamicRouteService - Starting route status sync with Camel context
2025-09-03 22:17:37 [scheduling-1] INFO  c.m.b.k.service.DynamicRouteService - Completed route status sync
2025-09-03 22:17:37 [scheduling-1] INFO  c.m.b.k.service.DynamicRouteService - Starting route status sync with Camel context
2025-09-03 22:17:37 [scheduling-1] INFO  c.m.b.k.service.DynamicRouteService - Completed route status sync
2025-09-03 22:17:38 [scheduling-1] INFO  c.m.b.k.service.DynamicRouteService - Starting route status sync with Camel context
2025-09-03 22:17:38 [scheduling-1] INFO  c.m.b.k.service.DynamicRouteService - Completed route status sync
2025-09-03 22:17:38 [scheduling-1] INFO  c.m.b.k.service.DynamicRouteService - Starting route status sync with Camel context
2025-09-03 22:17:38 [scheduling-1] INFO  c.m.b.k.service.DynamicRouteService - Completed route status sync
2025-09-03 22:17:38 [scheduling-1] INFO  c.m.b.k.service.DynamicRouteService - Starting route status sync with Camel context
2025-09-03 22:17:38 [scheduling-1] INFO  c.m.b.k.service.DynamicRouteService - Completed route status sync
2025-09-03 22:17:38 [scheduling-1] INFO  c.m.b.k.service.DynamicRouteService - Starting route status sync with Camel context
2025-09-03 22:17:38 [scheduling-1] INFO  c.m.b.k.service.DynamicRouteService - Completed route status sync
2025-09-03 22:17:38 [scheduling-1] INFO  c.m.b.k.service.DynamicRouteService - Starting route status sync with Camel context
2025-09-03 22:17:38 [scheduling-1] INFO  c.m.b.k.service.DynamicRouteService - Completed route status sync
2025-09-03 22:17:38 [scheduling-1] INFO  c.m.b.k.service.DynamicRouteService - Starting route status sync with Camel context
2025-09-03 22:17:38 [scheduling-1] INFO  c.m.b.k.service.DynamicRouteService - Completed route status sync
2025-09-03 22:17:39 [scheduling-1] INFO  c.m.b.k.service.DynamicRouteService - Starting route status sync with Camel context
2025-09-03 22:17:39 [scheduling-1] INFO  c.m.b.k.service.DynamicRouteService - Completed route status sync
2025-09-03 22:17:39 [scheduling-1] INFO  c.m.b.k.service.DynamicRouteService - Starting route status sync with Camel context
2025-09-03 22:17:39 [scheduling-1] INFO  c.m.b.k.service.DynamicRouteService - Completed route status sync
2025-09-03 22:17:39 [scheduling-1] INFO  c.m.b.k.service.DynamicRouteService - Starting route status sync with Camel context
2025-09-03 22:17:39 [scheduling-1] INFO  c.m.b.k.service.DynamicRouteService - Completed route status sync
2025-09-03 22:17:39 [scheduling-1] INFO  c.m.b.k.service.DynamicRouteService - Starting route status sync with Camel context
2025-09-03 22:17:39 [scheduling-1] INFO  c.m.b.k.service.DynamicRouteService - Completed route status sync
2025-09-03 22:17:39 [scheduling-1] INFO  c.m.b.k.service.DynamicRouteService - Starting route status sync with Camel context
2025-09-03 22:17:39 [scheduling-1] INFO  c.m.b.k.service.DynamicRouteService - Completed route status sync
2025-09-03 22:17:39 [scheduling-1] INFO  c.m.b.k.service.DynamicRouteService - Starting route status sync with Camel context
2025-09-03 22:17:39 [scheduling-1] INFO  c.m.b.k.service.DynamicRouteService - Completed route status sync
2025-09-03 22:17:39 [scheduling-1] INFO  c.m.b.k.service.DynamicRouteService - Starting route status sync with Camel context
2025-09-03 22:17:39 [scheduling-1] INFO  c.m.b.k.service.DynamicRouteService - Completed route status sync
2025-09-03 22:17:39 [scheduling-1] INFO  c.m.b.k.service.DynamicRouteService - Starting route status sync with Camel context
2025-09-03 22:17:39 [scheduling-1] INFO  c.m.b.k.service.DynamicRouteService - Completed route status sync
2025-09-03 22:17:40 [scheduling-1] INFO  c.m.b.k.service.DynamicRouteService - Starting route status sync with Camel context
2025-09-03 22:17:40 [scheduling-1] INFO  c.m.b.k.service.DynamicRouteService - Completed route status sync
2025-09-03 22:17:40 [scheduling-1] INFO  c.m.b.k.service.DynamicRouteService - Starting route status sync with Camel context
2025-09-03 22:17:40 [scheduling-1] INFO  c.m.b.k.service.DynamicRouteService - Completed route status sync
2025-09-03 22:17:40 [scheduling-1] INFO  c.m.b.k.service.DynamicRouteService - Starting route status sync with Camel context
2025-09-03 22:17:40 [scheduling-1] INFO  c.m.b.k.service.DynamicRouteService - Completed route status sync
2025-09-03 22:17:40 [scheduling-1] INFO  c.m.b.k.service.DynamicRouteService - Starting route status sync with Camel context
2025-09-03 22:17:40 [scheduling-1] INFO  c.m.b.k.service.DynamicRouteService - Completed route status sync
2025-09-03 22:17:40 [scheduling-1] INFO  c.m.b.k.service.DynamicRouteService - Starting route status sync with Camel context
2025-09-03 22:17:40 [scheduling-1] INFO  c.m.b.k.service.DynamicRouteService - Completed route status sync
2025-09-03 22:17:40 [scheduling-1] INFO  c.m.b.k.service.DynamicRouteService - Starting route status sync with Camel context
2025-09-03 22:17:40 [scheduling-1] INFO  c.m.b.k.service.DynamicRouteService - Completed route status sync
2025-09-03 22:17:40 [scheduling-1] INFO  c.m.b.k.service.DynamicRouteService - Starting route status sync with Camel context
2025-09-03 22:17:40 [scheduling-1] INFO  c.m.b.k.service.DynamicRouteService - Completed route status sync
2025-09-03 22:17:40 [scheduling-1] INFO  c.m.b.k.service.DynamicRouteService - Starting route status sync with Camel context
2025-09-03 22:17:40 [scheduling-1] INFO  c.m.b.k.service.DynamicRouteService - Completed route status sync
2025-09-03 22:17:40 [scheduling-1] INFO  c.m.b.k.service.DynamicRouteService - Starting route status sync with Camel context
2025-09-03 22:17:40 [scheduling-1] INFO  c.m.b.k.service.DynamicRouteService - Completed route status sync
2025-09-03 22:17:40 [scheduling-1] INFO  c.m.b.k.service.DynamicRouteService - Starting route status sync with Camel context
2025-09-03 22:17:40 [scheduling-1] INFO  c.m.b.k.service.DynamicRouteService - Completed route status sync
2025-09-03 22:17:41 [scheduling-1] INFO  c.m.b.k.service.DynamicRouteService - Starting route status sync with Camel context
2025-09-03 22:17:41 [scheduling-1] INFO  c.m.b.k.service.DynamicRouteService - Completed route status sync
2025-09-03 22:17:41 [scheduling-1] INFO  c.m.b.k.service.DynamicRouteService - Starting route status sync with Camel context
2025-09-03 22:17:41 [scheduling-1] INFO  c.m.b.k.service.DynamicRouteService - Completed route status sync
2025-09-03 22:17:41 [scheduling-1] INFO  c.m.b.k.service.DynamicRouteService - Starting route status sync with Camel context
2025-09-03 22:17:41 [scheduling-1] INFO  c.m.b.k.service.DynamicRouteService - Completed route status sync
2025-09-03 22:17:41 [scheduling-1] INFO  c.m.b.k.service.DynamicRouteService - Starting route status sync with Camel context
2025-09-03 22:17:41 [scheduling-1] INFO  c.m.b.k.service.DynamicRouteService - Completed route status sync
2025-09-03 22:17:41 [scheduling-1] INFO  c.m.b.k.service.DynamicRouteService - Starting route status sync with Camel context
2025-09-03 22:17:41 [scheduling-1] INFO  c.m.b.k.service.DynamicRouteService - Completed route status sync
2025-09-03 22:17:41 [scheduling-1] INFO  c.m.b.k.service.DynamicRouteService - Starting route status sync with Camel context
2025-09-03 22:17:41 [scheduling-1] INFO  c.m.b.k.service.DynamicRouteService - Completed route status sync
2025-09-03 22:17:41 [scheduling-1] INFO  c.m.b.k.service.DynamicRouteService - Starting route status sync with Camel context
2025-09-03 22:17:41 [scheduling-1] INFO  c.m.b.k.service.DynamicRouteService - Completed route status sync
2025-09-03 22:17:41 [scheduling-1] INFO  c.m.b.k.service.DynamicRouteService - Starting route status sync with Camel context
2025-09-03 22:17:41 [scheduling-1] INFO  c.m.b.k.service.DynamicRouteService - Completed route status sync
2025-09-03 22:17:41 [scheduling-1] INFO  c.m.b.k.service.DynamicRouteService - Starting route status sync with Camel context
2025-09-03 22:17:41 [scheduling-1] INFO  c.m.b.k.service.DynamicRouteService - Completed route status sync
2025-09-03 22:17:41 [scheduling-1] INFO  c.m.b.k.service.DynamicRouteService - Starting route status sync with Camel context
2025-09-03 22:17:41 [scheduling-1] INFO  c.m.b.k.service.DynamicRouteService - Completed route status sync
2025-09-03 22:17:41 [scheduling-1] INFO  c.m.b.k.service.DynamicRouteService - Starting route status sync with Camel context
2025-09-03 22:17:41 [scheduling-1] INFO  c.m.b.k.service.DynamicRouteService - Completed route status sync
2025-09-03 22:17:41 [scheduling-1] INFO  c.m.b.k.service.DynamicRouteService - Starting route status sync with Camel context
2025-09-03 22:17:41 [scheduling-1] INFO  c.m.b.k.service.DynamicRouteService - Completed route status sync
2025-09-03 22:17:41 [scheduling-1] INFO  c.m.b.k.service.DynamicRouteService - Starting route status sync with Camel context
2025-09-03 22:17:41 [scheduling-1] INFO  c.m.b.k.service.DynamicRouteService - Completed route status sync
2025-09-03 22:17:41 [scheduling-1] INFO  c.m.b.k.service.DynamicRouteService - Starting route status sync with Camel context
2025-09-03 22:17:41 [scheduling-1] INFO  c.m.b.k.service.DynamicRouteService - Completed route status sync
2025-09-03 22:17:42 [scheduling-1] INFO  c.m.b.k.service.DynamicRouteService - Starting route status sync with Camel context
2025-09-03 22:17:42 [scheduling-1] INFO  c.m.b.k.service.DynamicRouteService - Completed route status sync
2025-09-03 22:17:42 [scheduling-1] INFO  c.m.b.k.service.DynamicRouteService - Starting route status sync with Camel context
2025-09-03 22:17:42 [scheduling-1] INFO  c.m.b.k.service.DynamicRouteService - Completed route status sync
2025-09-03 22:17:42 [scheduling-1] INFO  c.m.b.k.service.DynamicRouteService - Starting route status sync with Camel context
2025-09-03 22:17:42 [scheduling-1] INFO  c.m.b.k.service.DynamicRouteService - Completed route status sync
2025-09-03 22:17:42 [scheduling-1] INFO  c.m.b.k.service.DynamicRouteService - Starting route status sync with Camel context
2025-09-03 22:17:42 [scheduling-1] INFO  c.m.b.k.service.DynamicRouteService - Completed route status sync
2025-09-03 22:17:42 [scheduling-1] INFO  c.m.b.k.service.DynamicRouteService - Starting route status sync with Camel context
2025-09-03 22:17:42 [scheduling-1] INFO  c.m.b.k.service.DynamicRouteService - Completed route status sync
2025-09-03 22:17:42 [scheduling-1] INFO  c.m.b.k.service.DynamicRouteService - Starting route status sync with Camel context
2025-09-03 22:17:42 [scheduling-1] INFO  c.m.b.k.service.DynamicRouteService - Completed route status sync
2025-09-03 22:17:42 [scheduling-1] INFO  c.m.b.k.service.DynamicRouteService - Starting route status sync with Camel context
2025-09-03 22:17:42 [scheduling-1] INFO  c.m.b.k.service.DynamicRouteService - Completed route status sync
2025-09-03 22:17:42 [scheduling-1] INFO  c.m.b.k.service.DynamicRouteService - Starting route status sync with Camel context
2025-09-03 22:17:42 [scheduling-1] INFO  c.m.b.k.service.DynamicRouteService - Completed route status sync
2025-09-03 22:17:42 [scheduling-1] INFO  c.m.b.k.service.DynamicRouteService - Starting route status sync with Camel context
2025-09-03 22:17:42 [scheduling-1] INFO  c.m.b.k.service.DynamicRouteService - Completed route status sync
2025-09-03 22:17:42 [scheduling-1] INFO  c.m.b.k.service.DynamicRouteService - Starting route status sync with Camel context
2025-09-03 22:17:42 [scheduling-1] INFO  c.m.b.k.service.DynamicRouteService - Completed route status sync
2025-09-03 22:17:42 [scheduling-1] INFO  c.m.b.k.service.DynamicRouteService - Starting route status sync with Camel context
2025-09-03 22:17:42 [scheduling-1] INFO  c.m.b.k.service.DynamicRouteService - Completed route status sync
2025-09-03 22:17:43 [scheduling-1] INFO  c.m.b.k.service.DynamicRouteService - Starting route status sync with Camel context
2025-09-03 22:17:43 [scheduling-1] INFO  c.m.b.k.service.DynamicRouteService - Completed route status sync
2025-09-03 22:17:43 [scheduling-1] INFO  c.m.b.k.service.DynamicRouteService - Starting route status sync with Camel context
2025-09-03 22:17:43 [scheduling-1] INFO  c.m.b.k.service.DynamicRouteService - Completed route status sync
2025-09-03 22:17:43 [scheduling-1] INFO  c.m.b.k.service.DynamicRouteService - Starting route status sync with Camel context
2025-09-03 22:17:43 [scheduling-1] INFO  c.m.b.k.service.DynamicRouteService - Completed route status sync
2025-09-03 22:17:43 [scheduling-1] INFO  c.m.b.k.service.DynamicRouteService - Starting route status sync with Camel context
2025-09-03 22:17:43 [scheduling-1] INFO  c.m.b.k.service.DynamicRouteService - Completed route status sync
2025-09-03 22:17:43 [scheduling-1] INFO  c.m.b.k.service.DynamicRouteService - Starting route status sync with Camel context
2025-09-03 22:17:43 [scheduling-1] INFO  c.m.b.k.service.DynamicRouteService - Completed route status sync
2025-09-03 22:17:43 [scheduling-1] INFO  c.m.b.k.service.DynamicRouteService - Starting route status sync with Camel context
2025-09-03 22:17:43 [scheduling-1] INFO  c.m.b.k.service.DynamicRouteService - Completed route status sync
2025-09-03 22:17:43 [scheduling-1] INFO  c.m.b.k.service.DynamicRouteService - Starting route status sync with Camel context
2025-09-03 22:17:43 [scheduling-1] INFO  c.m.b.k.service.DynamicRouteService - Completed route status sync
2025-09-03 22:17:43 [scheduling-1] INFO  c.m.b.k.service.DynamicRouteService - Starting route status sync with Camel context
2025-09-03 22:17:43 [scheduling-1] INFO  c.m.b.k.service.DynamicRouteService - Completed route status sync
2025-09-03 22:17:43 [scheduling-1] INFO  c.m.b.k.service.DynamicRouteService - Starting route status sync with Camel context
2025-09-03 22:17:43 [scheduling-1] INFO  c.m.b.k.service.DynamicRouteService - Completed route status sync
2025-09-03 22:17:43 [scheduling-1] INFO  c.m.b.k.service.DynamicRouteService - Starting route status sync with Camel context
2025-09-03 22:17:43 [scheduling-1] INFO  c.m.b.k.service.DynamicRouteService - Completed route status sync
2025-09-03 22:17:43 [scheduling-1] INFO  c.m.b.k.service.DynamicRouteService - Starting route status sync with Camel context
2025-09-03 22:17:43 [scheduling-1] INFO  c.m.b.k.service.DynamicRouteService - Completed route status sync
2025-09-03 22:17:44 [scheduling-1] INFO  c.m.b.k.service.DynamicRouteService - Starting route status sync with Camel context
2025-09-03 22:17:44 [scheduling-1] INFO  c.m.b.k.service.DynamicRouteService - Completed route status sync
2025-09-03 22:17:44 [scheduling-1] INFO  c.m.b.k.service.DynamicRouteService - Starting route status sync with Camel context
2025-09-03 22:17:44 [scheduling-1] INFO  c.m.b.k.service.DynamicRouteService - Completed route status sync
2025-09-03 22:17:44 [scheduling-1] INFO  c.m.b.k.service.DynamicRouteService - Starting route status sync with Camel context
2025-09-03 22:17:44 [scheduling-1] INFO  c.m.b.k.service.DynamicRouteService - Completed route status sync
2025-09-03 22:17:44 [scheduling-1] INFO  c.m.b.k.service.DynamicRouteService - Starting route status sync with Camel context
2025-09-03 22:17:44 [scheduling-1] INFO  c.m.b.k.service.DynamicRouteService - Completed route status sync
2025-09-03 22:17:44 [scheduling-1] INFO  c.m.b.k.service.DynamicRouteService - Starting route status sync with Camel context
2025-09-03 22:17:44 [scheduling-1] INFO  c.m.b.k.service.DynamicRouteService - Completed route status sync
2025-09-03 22:17:44 [scheduling-1] INFO  c.m.b.k.service.DynamicRouteService - Starting route status sync with Camel context
2025-09-03 22:17:44 [scheduling-1] INFO  c.m.b.k.service.DynamicRouteService - Completed route status sync
2025-09-03 22:17:44 [scheduling-1] INFO  c.m.b.k.service.DynamicRouteService - Starting route status sync with Camel context
2025-09-03 22:17:44 [scheduling-1] INFO  c.m.b.k.service.DynamicRouteService - Completed route status sync
2025-09-03 22:17:44 [scheduling-1] INFO  c.m.b.k.service.DynamicRouteService - Starting route status sync with Camel context
2025-09-03 22:17:44 [scheduling-1] INFO  c.m.b.k.service.DynamicRouteService - Completed route status sync
2025-09-03 22:17:44 [scheduling-1] INFO  c.m.b.k.service.DynamicRouteService - Starting route status sync with Camel context
2025-09-03 22:17:44 [scheduling-1] INFO  c.m.b.k.service.DynamicRouteService - Completed route status sync
2025-09-03 22:17:44 [scheduling-1] INFO  c.m.b.k.service.DynamicRouteService - Starting route status sync with Camel context
2025-09-03 22:17:44 [scheduling-1] INFO  c.m.b.k.service.DynamicRouteService - Completed route status sync
2025-09-03 22:17:44 [scheduling-1] INFO  c.m.b.k.service.DynamicRouteService - Starting route status sync with Camel context
2025-09-03 22:17:44 [scheduling-1] INFO  c.m.b.k.service.DynamicRouteService - Completed route status sync
2025-09-03 22:17:44 [scheduling-1] INFO  c.m.b.k.service.DynamicRouteService - Starting route status sync with Camel context
2025-09-03 22:17:44 [scheduling-1] INFO  c.m.b.k.service.DynamicRouteService - Completed route status sync
2025-09-03 22:17:45 [scheduling-1] INFO  c.m.b.k.service.DynamicRouteService - Starting route status sync with Camel context
2025-09-03 22:17:45 [scheduling-1] INFO  c.m.b.k.service.DynamicRouteService - Completed route status sync
2025-09-03 22:17:45 [scheduling-1] INFO  c.m.b.k.service.DynamicRouteService - Starting route status sync with Camel context
2025-09-03 22:17:45 [scheduling-1] INFO  c.m.b.k.service.DynamicRouteService - Completed route status sync
2025-09-03 22:17:45 [scheduling-1] INFO  c.m.b.k.service.DynamicRouteService - Starting route status sync with Camel context
2025-09-03 22:17:45 [scheduling-1] INFO  c.m.b.k.service.DynamicRouteService - Completed route status sync
2025-09-03 22:17:45 [scheduling-1] INFO  c.m.b.k.service.DynamicRouteService - Starting route status sync with Camel context
2025-09-03 22:17:45 [scheduling-1] INFO  c.m.b.k.service.DynamicRouteService - Completed route status sync
2025-09-03 22:17:45 [scheduling-1] INFO  c.m.b.k.service.DynamicRouteService - Starting route status sync with Camel context
2025-09-03 22:17:45 [scheduling-1] INFO  c.m.b.k.service.DynamicRouteService - Completed route status sync
2025-09-03 22:17:45 [scheduling-1] INFO  c.m.b.k.service.DynamicRouteService - Starting route status sync with Camel context
2025-09-03 22:17:45 [scheduling-1] INFO  c.m.b.k.service.DynamicRouteService - Completed route status sync
2025-09-03 22:17:45 [scheduling-1] INFO  c.m.b.k.service.DynamicRouteService - Starting route status sync with Camel context
2025-09-03 22:17:45 [scheduling-1] INFO  c.m.b.k.service.DynamicRouteService - Completed route status sync
2025-09-03 22:17:45 [scheduling-1] INFO  c.m.b.k.service.DynamicRouteService - Starting route status sync with Camel context
2025-09-03 22:17:45 [scheduling-1] INFO  c.m.b.k.service.DynamicRouteService - Completed route status sync
2025-09-03 22:17:45 [scheduling-1] INFO  c.m.b.k.service.DynamicRouteService - Starting route status sync with Camel context
2025-09-03 22:17:45 [scheduling-1] INFO  c.m.b.k.service.DynamicRouteService - Completed route status sync
2025-09-03 22:17:45 [scheduling-1] INFO  c.m.b.k.service.DynamicRouteService - Starting route status sync with Camel context
2025-09-03 22:17:45 [scheduling-1] INFO  c.m.b.k.service.DynamicRouteService - Completed route status sync
2025-09-03 22:17:46 [scheduling-1] INFO  c.m.b.k.service.DynamicRouteService - Starting route status sync with Camel context
2025-09-03 22:17:46 [scheduling-1] INFO  c.m.b.k.service.DynamicRouteService - Completed route status sync
2025-09-03 22:17:46 [scheduling-1] INFO  c.m.b.k.service.DynamicRouteService - Starting route status sync with Camel context
2025-09-03 22:17:46 [scheduling-1] INFO  c.m.b.k.service.DynamicRouteService - Completed route status sync
2025-09-03 22:17:46 [scheduling-1] INFO  c.m.b.k.service.DynamicRouteService - Starting route status sync with Camel context
2025-09-03 22:17:46 [scheduling-1] INFO  c.m.b.k.service.DynamicRouteService - Completed route status sync
2025-09-03 22:17:46 [scheduling-1] INFO  c.m.b.k.service.DynamicRouteService - Starting route status sync with Camel context
2025-09-03 22:17:46 [scheduling-1] INFO  c.m.b.k.service.DynamicRouteService - Completed route status sync
2025-09-03 22:17:46 [scheduling-1] INFO  c.m.b.k.service.DynamicRouteService - Starting route status sync with Camel context
2025-09-03 22:17:46 [scheduling-1] INFO  c.m.b.k.service.DynamicRouteService - Completed route status sync
2025-09-03 22:17:46 [scheduling-1] INFO  c.m.b.k.service.DynamicRouteService - Starting route status sync with Camel context
2025-09-03 22:17:46 [scheduling-1] INFO  c.m.b.k.service.DynamicRouteService - Completed route status sync
2025-09-03 22:17:46 [scheduling-1] INFO  c.m.b.k.service.DynamicRouteService - Starting route status sync with Camel context
2025-09-03 22:17:46 [scheduling-1] INFO  c.m.b.k.service.DynamicRouteService - Completed route status sync
2025-09-03 22:17:46 [scheduling-1] INFO  c.m.b.k.service.DynamicRouteService - Starting route status sync with Camel context
2025-09-03 22:17:46 [scheduling-1] INFO  c.m.b.k.service.DynamicRouteService - Completed route status sync
2025-09-03 22:17:46 [scheduling-1] INFO  c.m.b.k.service.DynamicRouteService - Starting route status sync with Camel context
2025-09-03 22:17:46 [scheduling-1] INFO  c.m.b.k.service.DynamicRouteService - Completed route status sync
2025-09-03 22:17:46 [scheduling-1] INFO  c.m.b.k.service.DynamicRouteService - Starting route status sync with Camel context
2025-09-03 22:17:46 [scheduling-1] INFO  c.m.b.k.service.DynamicRouteService - Completed route status sync
2025-09-03 22:17:46 [scheduling-1] INFO  c.m.b.k.service.DynamicRouteService - Starting route status sync with Camel context
2025-09-03 22:17:46 [scheduling-1] INFO  c.m.b.k.service.DynamicRouteService - Completed route status sync
2025-09-03 22:17:46 [scheduling-1] INFO  c.m.b.k.service.DynamicRouteService - Starting route status sync with Camel context
2025-09-03 22:17:46 [scheduling-1] INFO  c.m.b.k.service.DynamicRouteService - Completed route status sync
2025-09-03 22:17:46 [scheduling-1] INFO  c.m.b.k.service.DynamicRouteService - Starting route status sync with Camel context
2025-09-03 22:17:46 [scheduling-1] INFO  c.m.b.k.service.DynamicRouteService - Completed route status sync
2025-09-03 22:17:47 [scheduling-1] INFO  c.m.b.k.service.DynamicRouteService - Starting route status sync with Camel context
2025-09-03 22:17:47 [scheduling-1] INFO  c.m.b.k.service.DynamicRouteService - Completed route status sync
2025-09-03 22:17:47 [scheduling-1] INFO  c.m.b.k.service.DynamicRouteService - Starting route status sync with Camel context
2025-09-03 22:17:47 [scheduling-1] INFO  c.m.b.k.service.DynamicRouteService - Completed route status sync
2025-09-03 22:17:47 [scheduling-1] INFO  c.m.b.k.service.DynamicRouteService - Starting route status sync with Camel context
2025-09-03 22:17:47 [scheduling-1] INFO  c.m.b.k.service.DynamicRouteService - Completed route status sync
2025-09-03 22:17:47 [scheduling-1] INFO  c.m.b.k.service.DynamicRouteService - Starting route status sync with Camel context
2025-09-03 22:17:47 [scheduling-1] INFO  c.m.b.k.service.DynamicRouteService - Completed route status sync
2025-09-03 22:17:47 [scheduling-1] INFO  c.m.b.k.service.DynamicRouteService - Starting route status sync with Camel context
2025-09-03 22:17:47 [scheduling-1] INFO  c.m.b.k.service.DynamicRouteService - Completed route status sync
2025-09-03 22:17:47 [scheduling-1] INFO  c.m.b.k.service.DynamicRouteService - Starting route status sync with Camel context
2025-09-03 22:17:47 [scheduling-1] INFO  c.m.b.k.service.DynamicRouteService - Completed route status sync
2025-09-03 22:17:47 [scheduling-1] INFO  c.m.b.k.service.DynamicRouteService - Starting route status sync with Camel context
2025-09-03 22:17:47 [scheduling-1] INFO  c.m.b.k.service.DynamicRouteService - Completed route status sync
2025-09-03 22:17:47 [scheduling-1] INFO  c.m.b.k.service.DynamicRouteService - Starting route status sync with Camel context
2025-09-03 22:17:47 [scheduling-1] INFO  c.m.b.k.service.DynamicRouteService - Completed route status sync
2025-09-03 22:17:47 [scheduling-1] INFO  c.m.b.k.service.DynamicRouteService - Starting route status sync with Camel context
2025-09-03 22:17:47 [scheduling-1] INFO  c.m.b.k.service.DynamicRouteService - Completed route status sync
2025-09-03 22:17:48 [scheduling-1] INFO  c.m.b.k.service.DynamicRouteService - Starting route status sync with Camel context
2025-09-03 22:17:48 [scheduling-1] INFO  c.m.b.k.service.DynamicRouteService - Completed route status sync
2025-09-03 22:17:48 [scheduling-1] INFO  c.m.b.k.service.DynamicRouteService - Starting route status sync with Camel context
2025-09-03 22:17:48 [scheduling-1] INFO  c.m.b.k.service.DynamicRouteService - Completed route status sync
2025-09-03 22:17:48 [scheduling-1] INFO  c.m.b.k.service.DynamicRouteService - Starting route status sync with Camel context
2025-09-03 22:17:48 [scheduling-1] INFO  c.m.b.k.service.DynamicRouteService - Completed route status sync
2025-09-03 22:17:48 [scheduling-1] INFO  c.m.b.k.service.DynamicRouteService - Starting route status sync with Camel context
2025-09-03 22:17:48 [scheduling-1] INFO  c.m.b.k.service.DynamicRouteService - Completed route status sync
2025-09-03 22:17:48 [scheduling-1] INFO  c.m.b.k.service.DynamicRouteService - Starting route status sync with Camel context
2025-09-03 22:17:48 [scheduling-1] INFO  c.m.b.k.service.DynamicRouteService - Completed route status sync
2025-09-03 22:17:48 [scheduling-1] INFO  c.m.b.k.service.DynamicRouteService - Starting route status sync with Camel context
2025-09-03 22:17:48 [scheduling-1] INFO  c.m.b.k.service.DynamicRouteService - Completed route status sync
2025-09-03 22:17:48 [scheduling-1] INFO  c.m.b.k.service.DynamicRouteService - Starting route status sync with Camel context
2025-09-03 22:17:48 [scheduling-1] INFO  c.m.b.k.service.DynamicRouteService - Completed route status sync
2025-09-03 22:17:48 [scheduling-1] INFO  c.m.b.k.service.DynamicRouteService - Starting route status sync with Camel context
2025-09-03 22:17:48 [scheduling-1] INFO  c.m.b.k.service.DynamicRouteService - Completed route status sync
2025-09-03 22:17:48 [scheduling-1] INFO  c.m.b.k.service.DynamicRouteService - Starting route status sync with Camel context
2025-09-03 22:17:48 [scheduling-1] INFO  c.m.b.k.service.DynamicRouteService - Completed route status sync
2025-09-03 22:17:48 [scheduling-1] INFO  c.m.b.k.service.DynamicRouteService - Starting route status sync with Camel context
2025-09-03 22:17:48 [scheduling-1] INFO  c.m.b.k.service.DynamicRouteService - Completed route status sync
2025-09-03 22:17:49 [scheduling-1] INFO  c.m.b.k.service.DynamicRouteService - Starting route status sync with Camel context
2025-09-03 22:17:49 [scheduling-1] INFO  c.m.b.k.service.DynamicRouteService - Completed route status sync
2025-09-03 22:17:49 [scheduling-1] INFO  c.m.b.k.service.DynamicRouteService - Starting route status sync with Camel context
2025-09-03 22:17:49 [scheduling-1] INFO  c.m.b.k.service.DynamicRouteService - Completed route status sync
2025-09-03 22:17:49 [scheduling-1] INFO  c.m.b.k.service.DynamicRouteService - Starting route status sync with Camel context
2025-09-03 22:17:49 [scheduling-1] INFO  c.m.b.k.service.DynamicRouteService - Completed route status sync
2025-09-03 22:17:49 [scheduling-1] INFO  c.m.b.k.service.DynamicRouteService - Starting route status sync with Camel context
2025-09-03 22:17:49 [scheduling-1] INFO  c.m.b.k.service.DynamicRouteService - Completed route status sync
2025-09-03 22:17:49 [scheduling-1] INFO  c.m.b.k.service.DynamicRouteService - Starting route status sync with Camel context
2025-09-03 22:17:49 [scheduling-1] INFO  c.m.b.k.service.DynamicRouteService - Completed route status sync
2025-09-03 22:17:49 [scheduling-1] INFO  c.m.b.k.service.DynamicRouteService - Starting route status sync with Camel context
2025-09-03 22:17:49 [scheduling-1] INFO  c.m.b.k.service.DynamicRouteService - Completed route status sync
2025-09-03 22:17:49 [scheduling-1] INFO  c.m.b.k.service.DynamicRouteService - Starting route status sync with Camel context
2025-09-03 22:17:49 [scheduling-1] INFO  c.m.b.k.service.DynamicRouteService - Completed route status sync
2025-09-03 22:17:49 [scheduling-1] INFO  c.m.b.k.service.DynamicRouteService - Starting route status sync with Camel context
2025-09-03 22:17:49 [scheduling-1] INFO  c.m.b.k.service.DynamicRouteService - Completed route status sync
2025-09-03 22:17:49 [scheduling-1] INFO  c.m.b.k.service.DynamicRouteService - Starting route status sync with Camel context
2025-09-03 22:17:49 [scheduling-1] INFO  c.m.b.k.service.DynamicRouteService - Completed route status sync
2025-09-03 22:17:49 [scheduling-1] INFO  c.m.b.k.service.DynamicRouteService - Starting route status sync with Camel context
2025-09-03 22:17:49 [scheduling-1] INFO  c.m.b.k.service.DynamicRouteService - Completed route status sync
2025-09-03 22:17:50 [scheduling-1] INFO  c.m.b.k.service.DynamicRouteService - Starting route status sync with Camel context
2025-09-03 22:17:50 [scheduling-1] INFO  c.m.b.k.service.DynamicRouteService - Completed route status sync
2025-09-03 22:17:50 [scheduling-1] INFO  c.m.b.k.service.DynamicRouteService - Starting route status sync with Camel context
2025-09-03 22:17:50 [scheduling-1] INFO  c.m.b.k.service.DynamicRouteService - Completed route status sync
2025-09-03 22:17:50 [scheduling-1] INFO  c.m.b.k.service.DynamicRouteService - Starting route status sync with Camel context
2025-09-03 22:17:50 [scheduling-1] INFO  c.m.b.k.service.DynamicRouteService - Completed route status sync
2025-09-03 22:17:50 [scheduling-1] INFO  c.m.b.k.service.DynamicRouteService - Starting route status sync with Camel context
2025-09-03 22:17:50 [scheduling-1] INFO  c.m.b.k.service.DynamicRouteService - Completed route status sync
2025-09-03 22:17:50 [scheduling-1] INFO  c.m.b.k.service.DynamicRouteService - Starting route status sync with Camel context
2025-09-03 22:17:50 [scheduling-1] INFO  c.m.b.k.service.DynamicRouteService - Completed route status sync
2025-09-03 22:17:50 [scheduling-1] INFO  c.m.b.k.service.DynamicRouteService - Starting route status sync with Camel context
2025-09-03 22:17:50 [scheduling-1] INFO  c.m.b.k.service.DynamicRouteService - Completed route status sync
2025-09-03 22:17:50 [scheduling-1] INFO  c.m.b.k.service.DynamicRouteService - Starting route status sync with Camel context
2025-09-03 22:17:50 [scheduling-1] INFO  c.m.b.k.service.DynamicRouteService - Completed route status sync
2025-09-03 22:17:50 [scheduling-1] INFO  c.m.b.k.service.DynamicRouteService - Starting route status sync with Camel context
2025-09-03 22:17:50 [scheduling-1] INFO  c.m.b.k.service.DynamicRouteService - Completed route status sync
2025-09-03 22:17:50 [scheduling-1] INFO  c.m.b.k.service.DynamicRouteService - Starting route status sync with Camel context
2025-09-03 22:17:50 [scheduling-1] INFO  c.m.b.k.service.DynamicRouteService - Completed route status sync
2025-09-03 22:17:50 [scheduling-1] INFO  c.m.b.k.service.DynamicRouteService - Starting route status sync with Camel context
2025-09-03 22:17:50 [scheduling-1] INFO  c.m.b.k.service.DynamicRouteService - Completed route status sync
2025-09-03 22:17:50 [scheduling-1] INFO  c.m.b.k.service.DynamicRouteService - Starting route status sync with Camel context
2025-09-03 22:17:50 [scheduling-1] INFO  c.m.b.k.service.DynamicRouteService - Completed route status sync
2025-09-03 22:17:50 [scheduling-1] INFO  c.m.b.k.service.DynamicRouteService - Starting route status sync with Camel context
2025-09-03 22:17:50 [scheduling-1] INFO  c.m.b.k.service.DynamicRouteService - Completed route status sync
2025-09-03 22:17:50 [scheduling-1] INFO  c.m.b.k.service.DynamicRouteService - Starting route status sync with Camel context
2025-09-03 22:17:50 [scheduling-1] INFO  c.m.b.k.service.DynamicRouteService - Completed route status sync
2025-09-03 22:17:51 [scheduling-1] INFO  c.m.b.k.service.DynamicRouteService - Starting route status sync with Camel context
2025-09-03 22:17:51 [scheduling-1] INFO  c.m.b.k.service.DynamicRouteService - Completed route status sync
2025-09-03 22:17:51 [scheduling-1] INFO  c.m.b.k.service.DynamicRouteService - Starting route status sync with Camel context
2025-09-03 22:17:51 [scheduling-1] INFO  c.m.b.k.service.DynamicRouteService - Completed route status sync
2025-09-03 22:17:51 [scheduling-1] INFO  c.m.b.k.service.DynamicRouteService - Starting route status sync with Camel context
2025-09-03 22:17:51 [scheduling-1] INFO  c.m.b.k.service.DynamicRouteService - Completed route status sync
2025-09-03 22:17:51 [scheduling-1] INFO  c.m.b.k.service.DynamicRouteService - Starting route status sync with Camel context
2025-09-03 22:17:51 [scheduling-1] INFO  c.m.b.k.service.DynamicRouteService - Completed route status sync
2025-09-03 22:17:51 [scheduling-1] INFO  c.m.b.k.service.DynamicRouteService - Starting route status sync with Camel context
2025-09-03 22:17:51 [scheduling-1] INFO  c.m.b.k.service.DynamicRouteService - Completed route status sync
2025-09-03 22:17:51 [scheduling-1] INFO  c.m.b.k.service.DynamicRouteService - Starting route status sync with Camel context
2025-09-03 22:17:51 [scheduling-1] INFO  c.m.b.k.service.DynamicRouteService - Completed route status sync
2025-09-03 22:17:51 [scheduling-1] INFO  c.m.b.k.service.DynamicRouteService - Starting route status sync with Camel context
2025-09-03 22:17:51 [scheduling-1] INFO  c.m.b.k.service.DynamicRouteService - Completed route status sync
2025-09-03 22:17:51 [scheduling-1] INFO  c.m.b.k.service.DynamicRouteService - Starting route status sync with Camel context
2025-09-03 22:17:51 [scheduling-1] INFO  c.m.b.k.service.DynamicRouteService - Completed route status sync
2025-09-03 22:17:51 [scheduling-1] INFO  c.m.b.k.service.DynamicRouteService - Starting route status sync with Camel context
2025-09-03 22:17:51 [scheduling-1] INFO  c.m.b.k.service.DynamicRouteService - Completed route status sync
2025-09-03 22:17:51 [scheduling-1] INFO  c.m.b.k.service.DynamicRouteService - Starting route status sync with Camel context
2025-09-03 22:17:51 [scheduling-1] INFO  c.m.b.k.service.DynamicRouteService - Completed route status sync
2025-09-03 22:17:51 [scheduling-1] INFO  c.m.b.k.service.DynamicRouteService - Starting route status sync with Camel context
2025-09-03 22:17:51 [scheduling-1] INFO  c.m.b.k.service.DynamicRouteService - Completed route status sync
2025-09-03 22:17:51 [scheduling-1] INFO  c.m.b.k.service.DynamicRouteService - Starting route status sync with Camel context
2025-09-03 22:17:51 [scheduling-1] INFO  c.m.b.k.service.DynamicRouteService - Completed route status sync
2025-09-03 22:17:52 [scheduling-1] INFO  c.m.b.k.service.DynamicRouteService - Starting route status sync with Camel context
2025-09-03 22:17:52 [scheduling-1] INFO  c.m.b.k.service.DynamicRouteService - Completed route status sync
2025-09-03 22:17:52 [scheduling-1] INFO  c.m.b.k.service.DynamicRouteService - Starting route status sync with Camel context
2025-09-03 22:17:52 [scheduling-1] INFO  c.m.b.k.service.DynamicRouteService - Completed route status sync
2025-09-03 22:17:52 [scheduling-1] INFO  c.m.b.k.service.DynamicRouteService - Starting route status sync with Camel context
2025-09-03 22:17:52 [scheduling-1] INFO  c.m.b.k.service.DynamicRouteService - Completed route status sync
2025-09-03 22:17:52 [scheduling-1] INFO  c.m.b.k.service.DynamicRouteService - Starting route status sync with Camel context
2025-09-03 22:17:52 [scheduling-1] INFO  c.m.b.k.service.DynamicRouteService - Completed route status sync
2025-09-03 22:17:52 [scheduling-1] INFO  c.m.b.k.service.DynamicRouteService - Starting route status sync with Camel context
2025-09-03 22:17:52 [scheduling-1] INFO  c.m.b.k.service.DynamicRouteService - Completed route status sync
2025-09-03 22:17:52 [scheduling-1] INFO  c.m.b.k.service.DynamicRouteService - Starting route status sync with Camel context
2025-09-03 22:17:52 [scheduling-1] INFO  c.m.b.k.service.DynamicRouteService - Completed route status sync
2025-09-03 22:17:52 [scheduling-1] INFO  c.m.b.k.service.DynamicRouteService - Starting route status sync with Camel context
2025-09-03 22:17:52 [scheduling-1] INFO  c.m.b.k.service.DynamicRouteService - Completed route status sync
2025-09-03 22:17:52 [scheduling-1] INFO  c.m.b.k.service.DynamicRouteService - Starting route status sync with Camel context
2025-09-03 22:17:52 [scheduling-1] INFO  c.m.b.k.service.DynamicRouteService - Completed route status sync
2025-09-03 22:17:52 [scheduling-1] INFO  c.m.b.k.service.DynamicRouteService - Starting route status sync with Camel context
2025-09-03 22:17:52 [scheduling-1] INFO  c.m.b.k.service.DynamicRouteService - Completed route status sync
2025-09-03 22:17:53 [scheduling-1] INFO  c.m.b.k.service.DynamicRouteService - Starting route status sync with Camel context
2025-09-03 22:17:53 [scheduling-1] INFO  c.m.b.k.service.DynamicRouteService - Completed route status sync
2025-09-03 22:17:53 [scheduling-1] INFO  c.m.b.k.service.DynamicRouteService - Starting route status sync with Camel context
2025-09-03 22:17:53 [scheduling-1] INFO  c.m.b.k.service.DynamicRouteService - Completed route status sync
2025-09-03 22:17:53 [scheduling-1] INFO  c.m.b.k.service.DynamicRouteService - Starting route status sync with Camel context
2025-09-03 22:17:53 [scheduling-1] INFO  c.m.b.k.service.DynamicRouteService - Completed route status sync
2025-09-03 22:17:53 [scheduling-1] INFO  c.m.b.k.service.DynamicRouteService - Starting route status sync with Camel context
2025-09-03 22:17:53 [scheduling-1] INFO  c.m.b.k.service.DynamicRouteService - Completed route status sync
2025-09-03 22:17:53 [scheduling-1] INFO  c.m.b.k.service.DynamicRouteService - Starting route status sync with Camel context
2025-09-03 22:17:53 [scheduling-1] INFO  c.m.b.k.service.DynamicRouteService - Completed route status sync
2025-09-03 22:17:53 [scheduling-1] INFO  c.m.b.k.service.DynamicRouteService - Starting route status sync with Camel context
2025-09-03 22:17:53 [scheduling-1] INFO  c.m.b.k.service.DynamicRouteService - Completed route status sync
2025-09-03 22:17:53 [scheduling-1] INFO  c.m.b.k.service.DynamicRouteService - Starting route status sync with Camel context
2025-09-03 22:17:53 [scheduling-1] INFO  c.m.b.k.service.DynamicRouteService - Completed route status sync
2025-09-03 22:17:53 [scheduling-1] INFO  c.m.b.k.service.DynamicRouteService - Starting route status sync with Camel context
2025-09-03 22:17:53 [scheduling-1] INFO  c.m.b.k.service.DynamicRouteService - Completed route status sync
2025-09-03 22:17:53 [scheduling-1] INFO  c.m.b.k.service.DynamicRouteService - Starting route status sync with Camel context
2025-09-03 22:17:53 [scheduling-1] INFO  c.m.b.k.service.DynamicRouteService - Completed route status sync
2025-09-03 22:17:53 [scheduling-1] INFO  c.m.b.k.service.DynamicRouteService - Starting route status sync with Camel context
2025-09-03 22:17:53 [scheduling-1] INFO  c.m.b.k.service.DynamicRouteService - Completed route status sync
2025-09-03 22:17:53 [scheduling-1] INFO  c.m.b.k.service.DynamicRouteService - Starting route status sync with Camel context
2025-09-03 22:17:53 [scheduling-1] INFO  c.m.b.k.service.DynamicRouteService - Completed route status sync
2025-09-03 22:17:53 [scheduling-1] INFO  c.m.b.k.service.DynamicRouteService - Starting route status sync with Camel context
2025-09-03 22:17:53 [scheduling-1] INFO  c.m.b.k.service.DynamicRouteService - Completed route status sync
2025-09-03 22:17:53 [scheduling-1] INFO  c.m.b.k.service.DynamicRouteService - Starting route status sync with Camel context
2025-09-03 22:17:53 [scheduling-1] INFO  c.m.b.k.service.DynamicRouteService - Completed route status sync
2025-09-03 22:17:54 [scheduling-1] INFO  c.m.b.k.service.DynamicRouteService - Starting route status sync with Camel context
2025-09-03 22:17:54 [scheduling-1] INFO  c.m.b.k.service.DynamicRouteService - Completed route status sync
2025-09-03 22:17:54 [scheduling-1] INFO  c.m.b.k.service.DynamicRouteService - Starting route status sync with Camel context
2025-09-03 22:17:54 [scheduling-1] INFO  c.m.b.k.service.DynamicRouteService - Completed route status sync
2025-09-03 22:17:54 [scheduling-1] INFO  c.m.b.k.service.DynamicRouteService - Starting route status sync with Camel context
2025-09-03 22:17:54 [scheduling-1] INFO  c.m.b.k.service.DynamicRouteService - Completed route status sync
2025-09-03 22:17:54 [scheduling-1] INFO  c.m.b.k.service.DynamicRouteService - Starting route status sync with Camel context
2025-09-03 22:17:54 [scheduling-1] INFO  c.m.b.k.service.DynamicRouteService - Completed route status sync
2025-09-03 22:17:54 [scheduling-1] INFO  c.m.b.k.service.DynamicRouteService - Starting route status sync with Camel context
2025-09-03 22:17:54 [scheduling-1] INFO  c.m.b.k.service.DynamicRouteService - Completed route status sync
2025-09-03 22:17:54 [scheduling-1] INFO  c.m.b.k.service.DynamicRouteService - Starting route status sync with Camel context
2025-09-03 22:17:54 [scheduling-1] INFO  c.m.b.k.service.DynamicRouteService - Completed route status sync
2025-09-03 22:17:54 [scheduling-1] INFO  c.m.b.k.service.DynamicRouteService - Starting route status sync with Camel context
2025-09-03 22:17:54 [scheduling-1] INFO  c.m.b.k.service.DynamicRouteService - Completed route status sync
2025-09-03 22:17:54 [scheduling-1] INFO  c.m.b.k.service.DynamicRouteService - Starting route status sync with Camel context
2025-09-03 22:17:54 [scheduling-1] INFO  c.m.b.k.service.DynamicRouteService - Completed route status sync
2025-09-03 22:17:54 [scheduling-1] INFO  c.m.b.k.service.DynamicRouteService - Starting route status sync with Camel context
2025-09-03 22:17:54 [scheduling-1] INFO  c.m.b.k.service.DynamicRouteService - Completed route status sync
2025-09-03 22:17:54 [scheduling-1] INFO  c.m.b.k.service.DynamicRouteService - Starting route status sync with Camel context
2025-09-03 22:17:54 [scheduling-1] INFO  c.m.b.k.service.DynamicRouteService - Completed route status sync
2025-09-03 22:17:55 [scheduling-1] INFO  c.m.b.k.service.DynamicRouteService - Starting route status sync with Camel context
2025-09-03 22:17:55 [scheduling-1] INFO  c.m.b.k.service.DynamicRouteService - Completed route status sync
2025-09-03 22:17:55 [scheduling-1] INFO  c.m.b.k.service.DynamicRouteService - Starting route status sync with Camel context
2025-09-03 22:17:55 [scheduling-1] INFO  c.m.b.k.service.DynamicRouteService - Completed route status sync
2025-09-03 22:17:55 [scheduling-1] INFO  c.m.b.k.service.DynamicRouteService - Starting route status sync with Camel context
2025-09-03 22:17:55 [scheduling-1] INFO  c.m.b.k.service.DynamicRouteService - Completed route status sync
2025-09-03 22:17:55 [scheduling-1] INFO  c.m.b.k.service.DynamicRouteService - Starting route status sync with Camel context
2025-09-03 22:17:56 [scheduling-1] INFO  c.m.b.k.service.DynamicRouteService - Completed route status sync
2025-09-03 22:17:56 [scheduling-1] INFO  c.m.b.k.service.DynamicRouteService - Starting route status sync with Camel context
2025-09-03 22:17:56 [scheduling-1] INFO  c.m.b.k.service.DynamicRouteService - Completed route status sync
2025-09-03 22:17:56 [scheduling-1] INFO  c.m.b.k.service.DynamicRouteService - Starting route status sync with Camel context
2025-09-03 22:17:56 [scheduling-1] INFO  c.m.b.k.service.DynamicRouteService - Completed route status sync
2025-09-03 22:17:56 [scheduling-1] INFO  c.m.b.k.service.DynamicRouteService - Starting route status sync with Camel context
2025-09-03 22:17:56 [scheduling-1] INFO  c.m.b.k.service.DynamicRouteService - Completed route status sync
2025-09-03 22:17:56 [scheduling-1] INFO  c.m.b.k.service.DynamicRouteService - Starting route status sync with Camel context
2025-09-03 22:17:56 [scheduling-1] INFO  c.m.b.k.service.DynamicRouteService - Completed route status sync
2025-09-03 22:17:56 [scheduling-1] INFO  c.m.b.k.service.DynamicRouteService - Starting route status sync with Camel context
2025-09-03 22:17:56 [scheduling-1] INFO  c.m.b.k.service.DynamicRouteService - Completed route status sync
2025-09-03 22:17:56 [scheduling-1] INFO  c.m.b.k.service.DynamicRouteService - Starting route status sync with Camel context
2025-09-03 22:17:56 [scheduling-1] INFO  c.m.b.k.service.DynamicRouteService - Completed route status sync
2025-09-03 22:17:56 [scheduling-1] INFO  c.m.b.k.service.DynamicRouteService - Starting route status sync with Camel context
2025-09-03 22:17:56 [scheduling-1] INFO  c.m.b.k.service.DynamicRouteService - Completed route status sync
2025-09-03 22:17:56 [scheduling-1] INFO  c.m.b.k.service.DynamicRouteService - Starting route status sync with Camel context
2025-09-03 22:17:56 [scheduling-1] INFO  c.m.b.k.service.DynamicRouteService - Completed route status sync
2025-09-03 22:17:56 [scheduling-1] INFO  c.m.b.k.service.DynamicRouteService - Starting route status sync with Camel context
2025-09-03 22:17:56 [scheduling-1] INFO  c.m.b.k.service.DynamicRouteService - Completed route status sync
2025-09-03 22:17:56 [scheduling-1] INFO  c.m.b.k.service.DynamicRouteService - Starting route status sync with Camel context
2025-09-03 22:17:56 [scheduling-1] INFO  c.m.b.k.service.DynamicRouteService - Completed route status sync
2025-09-03 22:17:56 [scheduling-1] INFO  c.m.b.k.service.DynamicRouteService - Starting route status sync with Camel context
2025-09-03 22:17:56 [scheduling-1] INFO  c.m.b.k.service.DynamicRouteService - Completed route status sync
2025-09-03 22:17:56 [scheduling-1] INFO  c.m.b.k.service.DynamicRouteService - Starting route status sync with Camel context
2025-09-03 22:17:56 [scheduling-1] INFO  c.m.b.k.service.DynamicRouteService - Completed route status sync
2025-09-03 22:17:56 [scheduling-1] INFO  c.m.b.k.service.DynamicRouteService - Starting route status sync with Camel context
2025-09-03 22:17:56 [scheduling-1] INFO  c.m.b.k.service.DynamicRouteService - Completed route status sync
2025-09-03 22:17:57 [scheduling-1] INFO  c.m.b.k.service.DynamicRouteService - Starting route status sync with Camel context
2025-09-03 22:17:57 [scheduling-1] INFO  c.m.b.k.service.DynamicRouteService - Completed route status sync
2025-09-03 22:17:57 [scheduling-1] INFO  c.m.b.k.service.DynamicRouteService - Starting route status sync with Camel context
2025-09-03 22:17:57 [scheduling-1] INFO  c.m.b.k.service.DynamicRouteService - Completed route status sync
2025-09-03 22:17:57 [scheduling-1] INFO  c.m.b.k.service.DynamicRouteService - Starting route status sync with Camel context
2025-09-03 22:17:57 [scheduling-1] INFO  c.m.b.k.service.DynamicRouteService - Completed route status sync
2025-09-03 22:17:57 [scheduling-1] INFO  c.m.b.k.service.DynamicRouteService - Starting route status sync with Camel context
2025-09-03 22:17:57 [scheduling-1] INFO  c.m.b.k.service.DynamicRouteService - Completed route status sync
2025-09-03 22:17:57 [scheduling-1] INFO  c.m.b.k.service.DynamicRouteService - Starting route status sync with Camel context
2025-09-03 22:17:57 [scheduling-1] INFO  c.m.b.k.service.DynamicRouteService - Completed route status sync
2025-09-03 22:17:57 [scheduling-1] INFO  c.m.b.k.service.DynamicRouteService - Starting route status sync with Camel context
2025-09-03 22:17:57 [scheduling-1] INFO  c.m.b.k.service.DynamicRouteService - Completed route status sync
2025-09-03 22:17:57 [scheduling-1] INFO  c.m.b.k.service.DynamicRouteService - Starting route status sync with Camel context
2025-09-03 22:17:57 [scheduling-1] INFO  c.m.b.k.service.DynamicRouteService - Completed route status sync
2025-09-03 22:17:57 [scheduling-1] INFO  c.m.b.k.service.DynamicRouteService - Starting route status sync with Camel context
2025-09-03 22:17:57 [scheduling-1] INFO  c.m.b.k.service.DynamicRouteService - Completed route status sync
2025-09-03 22:17:57 [scheduling-1] INFO  c.m.b.k.service.DynamicRouteService - Starting route status sync with Camel context
2025-09-03 22:17:57 [scheduling-1] INFO  c.m.b.k.service.DynamicRouteService - Completed route status sync
2025-09-03 22:17:57 [scheduling-1] INFO  c.m.b.k.service.DynamicRouteService - Starting route status sync with Camel context
2025-09-03 22:17:57 [scheduling-1] INFO  c.m.b.k.service.DynamicRouteService - Completed route status sync
2025-09-03 22:17:57 [scheduling-1] INFO  c.m.b.k.service.DynamicRouteService - Starting route status sync with Camel context
2025-09-03 22:17:57 [scheduling-1] INFO  c.m.b.k.service.DynamicRouteService - Completed route status sync
2025-09-03 22:17:57 [scheduling-1] INFO  c.m.b.k.service.DynamicRouteService - Starting route status sync with Camel context
2025-09-03 22:17:57 [scheduling-1] INFO  c.m.b.k.service.DynamicRouteService - Completed route status sync
2025-09-03 22:17:58 [scheduling-1] INFO  c.m.b.k.service.DynamicRouteService - Starting route status sync with Camel context
2025-09-03 22:17:58 [scheduling-1] INFO  c.m.b.k.service.DynamicRouteService - Completed route status sync
2025-09-03 22:17:58 [scheduling-1] INFO  c.m.b.k.service.DynamicRouteService - Starting route status sync with Camel context
2025-09-03 22:17:58 [scheduling-1] INFO  c.m.b.k.service.DynamicRouteService - Completed route status sync
2025-09-03 22:17:58 [scheduling-1] INFO  c.m.b.k.service.DynamicRouteService - Starting route status sync with Camel context
2025-09-03 22:17:58 [scheduling-1] INFO  c.m.b.k.service.DynamicRouteService - Completed route status sync
2025-09-03 22:17:58 [scheduling-1] INFO  c.m.b.k.service.DynamicRouteService - Starting route status sync with Camel context
2025-09-03 22:17:58 [scheduling-1] INFO  c.m.b.k.service.DynamicRouteService - Completed route status sync
2025-09-03 22:17:58 [scheduling-1] INFO  c.m.b.k.service.DynamicRouteService - Starting route status sync with Camel context
2025-09-03 22:17:58 [scheduling-1] INFO  c.m.b.k.service.DynamicRouteService - Completed route status sync
2025-09-03 22:17:58 [scheduling-1] INFO  c.m.b.k.service.DynamicRouteService - Starting route status sync with Camel context
2025-09-03 22:17:58 [scheduling-1] INFO  c.m.b.k.service.DynamicRouteService - Completed route status sync
2025-09-03 22:17:58 [scheduling-1] INFO  c.m.b.k.service.DynamicRouteService - Starting route status sync with Camel context
2025-09-03 22:17:58 [scheduling-1] INFO  c.m.b.k.service.DynamicRouteService - Completed route status sync
2025-09-03 22:17:58 [scheduling-1] INFO  c.m.b.k.service.DynamicRouteService - Starting route status sync with Camel context
2025-09-03 22:17:58 [scheduling-1] INFO  c.m.b.k.service.DynamicRouteService - Completed route status sync
2025-09-03 22:17:58 [scheduling-1] INFO  c.m.b.k.service.DynamicRouteService - Starting route status sync with Camel context
2025-09-03 22:17:58 [scheduling-1] INFO  c.m.b.k.service.DynamicRouteService - Completed route status sync
2025-09-03 22:17:58 [scheduling-1] INFO  c.m.b.k.service.DynamicRouteService - Starting route status sync with Camel context
2025-09-03 22:17:58 [scheduling-1] INFO  c.m.b.k.service.DynamicRouteService - Completed route status sync
2025-09-03 22:17:59 [scheduling-1] INFO  c.m.b.k.service.DynamicRouteService - Starting route status sync with Camel context
2025-09-03 22:17:59 [scheduling-1] INFO  c.m.b.k.service.DynamicRouteService - Completed route status sync
2025-09-03 22:17:59 [scheduling-1] INFO  c.m.b.k.service.DynamicRouteService - Starting route status sync with Camel context
2025-09-03 22:17:59 [scheduling-1] INFO  c.m.b.k.service.DynamicRouteService - Completed route status sync
2025-09-03 22:17:59 [scheduling-1] INFO  c.m.b.k.service.DynamicRouteService - Starting route status sync with Camel context
2025-09-03 22:17:59 [scheduling-1] INFO  c.m.b.k.service.DynamicRouteService - Completed route status sync
2025-09-03 22:17:59 [scheduling-1] INFO  c.m.b.k.service.DynamicRouteService - Starting route status sync with Camel context
2025-09-03 22:17:59 [scheduling-1] INFO  c.m.b.k.service.DynamicRouteService - Completed route status sync
2025-09-03 22:17:59 [scheduling-1] INFO  c.m.b.k.service.DynamicRouteService - Starting route status sync with Camel context
2025-09-03 22:17:59 [scheduling-1] INFO  c.m.b.k.service.DynamicRouteService - Completed route status sync
2025-09-03 22:17:59 [scheduling-1] INFO  c.m.b.k.service.DynamicRouteService - Starting route status sync with Camel context
2025-09-03 22:17:59 [scheduling-1] INFO  c.m.b.k.service.DynamicRouteService - Completed route status sync
2025-09-03 22:17:59 [scheduling-1] INFO  c.m.b.k.service.DynamicRouteService - Starting route status sync with Camel context
2025-09-03 22:17:59 [scheduling-1] INFO  c.m.b.k.service.DynamicRouteService - Completed route status sync
2025-09-03 22:17:59 [scheduling-1] INFO  c.m.b.k.service.DynamicRouteService - Starting route status sync with Camel context
2025-09-03 22:17:59 [scheduling-1] INFO  c.m.b.k.service.DynamicRouteService - Completed route status sync
2025-09-03 22:17:59 [scheduling-1] INFO  c.m.b.k.service.DynamicRouteService - Starting route status sync with Camel context
2025-09-03 22:17:59 [scheduling-1] INFO  c.m.b.k.service.DynamicRouteService - Completed route status sync
2025-09-03 22:17:59 [scheduling-1] INFO  c.m.b.k.service.DynamicRouteService - Starting route status sync with Camel context
2025-09-03 22:17:59 [scheduling-1] INFO  c.m.b.k.service.DynamicRouteService - Completed route status sync
2025-09-03 22:17:59 [scheduling-1] INFO  c.m.b.k.service.DynamicRouteService - Starting route status sync with Camel context
2025-09-03 22:17:59 [scheduling-1] INFO  c.m.b.k.service.DynamicRouteService - Completed route status sync
2025-09-03 22:18:00 [scheduling-1] INFO  c.m.b.k.service.DynamicRouteService - Starting route status sync with Camel context
2025-09-03 22:18:00 [scheduling-1] INFO  c.m.b.k.service.DynamicRouteService - Completed route status sync
2025-09-03 22:18:00 [scheduling-1] INFO  c.m.b.k.service.DynamicRouteService - Starting route status sync with Camel context
2025-09-03 22:18:00 [scheduling-1] INFO  c.m.b.k.service.DynamicRouteService - Completed route status sync
2025-09-03 22:18:00 [scheduling-1] INFO  c.m.b.k.service.DynamicRouteService - Starting route status sync with Camel context
2025-09-03 22:18:00 [scheduling-1] INFO  c.m.b.k.service.DynamicRouteService - Completed route status sync
2025-09-03 22:18:00 [scheduling-1] INFO  c.m.b.k.service.DynamicRouteService - Starting route status sync with Camel context
2025-09-03 22:18:00 [scheduling-1] INFO  c.m.b.k.service.DynamicRouteService - Completed route status sync
2025-09-03 22:18:00 [scheduling-1] INFO  c.m.b.k.service.DynamicRouteService - Starting route status sync with Camel context
2025-09-03 22:18:00 [scheduling-1] INFO  c.m.b.k.service.DynamicRouteService - Completed route status sync
2025-09-03 22:18:00 [scheduling-1] INFO  c.m.b.k.service.DynamicRouteService - Starting route status sync with Camel context
2025-09-03 22:18:00 [scheduling-1] INFO  c.m.b.k.service.DynamicRouteService - Completed route status sync
2025-09-03 22:18:00 [scheduling-1] INFO  c.m.b.k.service.DynamicRouteService - Starting route status sync with Camel context
2025-09-03 22:18:00 [scheduling-1] INFO  c.m.b.k.service.DynamicRouteService - Completed route status sync
2025-09-03 22:18:00 [scheduling-1] INFO  c.m.b.k.service.DynamicRouteService - Starting route status sync with Camel context
2025-09-03 22:18:00 [scheduling-1] INFO  c.m.b.k.service.DynamicRouteService - Completed route status sync
2025-09-03 22:18:00 [scheduling-1] INFO  c.m.b.k.service.DynamicRouteService - Starting route status sync with Camel context
2025-09-03 22:18:00 [scheduling-1] INFO  c.m.b.k.service.DynamicRouteService - Completed route status sync
2025-09-03 22:18:00 [scheduling-1] INFO  c.m.b.k.service.DynamicRouteService - Starting route status sync with Camel context
2025-09-03 22:18:00 [scheduling-1] INFO  c.m.b.k.service.DynamicRouteService - Completed route status sync
2025-09-03 22:18:00 [scheduling-1] INFO  c.m.b.k.service.DynamicRouteService - Starting route status sync with Camel context
2025-09-03 22:18:00 [scheduling-1] INFO  c.m.b.k.service.DynamicRouteService - Completed route status sync
2025-09-03 22:18:00 [scheduling-1] INFO  c.m.b.k.service.DynamicRouteService - Starting route status sync with Camel context
2025-09-03 22:18:00 [scheduling-1] INFO  c.m.b.k.service.DynamicRouteService - Completed route status sync
2025-09-03 22:18:01 [scheduling-1] INFO  c.m.b.k.service.DynamicRouteService - Starting route status sync with Camel context
2025-09-03 22:18:01 [scheduling-1] INFO  c.m.b.k.service.DynamicRouteService - Completed route status sync
2025-09-03 22:18:01 [scheduling-1] INFO  c.m.b.k.service.DynamicRouteService - Starting route status sync with Camel context
2025-09-03 22:18:01 [scheduling-1] INFO  c.m.b.k.service.DynamicRouteService - Completed route status sync
2025-09-03 22:18:01 [scheduling-1] INFO  c.m.b.k.service.DynamicRouteService - Starting route status sync with Camel context
2025-09-03 22:18:01 [scheduling-1] INFO  c.m.b.k.service.DynamicRouteService - Completed route status sync
2025-09-03 22:18:01 [scheduling-1] INFO  c.m.b.k.service.DynamicRouteService - Starting route status sync with Camel context
2025-09-03 22:18:01 [scheduling-1] INFO  c.m.b.k.service.DynamicRouteService - Completed route status sync
2025-09-03 22:18:01 [scheduling-1] INFO  c.m.b.k.service.DynamicRouteService - Starting route status sync with Camel context
2025-09-03 22:18:01 [scheduling-1] INFO  c.m.b.k.service.DynamicRouteService - Completed route status sync
2025-09-03 22:18:01 [scheduling-1] INFO  c.m.b.k.service.DynamicRouteService - Starting route status sync with Camel context
2025-09-03 22:18:01 [scheduling-1] INFO  c.m.b.k.service.DynamicRouteService - Completed route status sync
2025-09-03 22:18:01 [scheduling-1] INFO  c.m.b.k.service.DynamicRouteService - Starting route status sync with Camel context
2025-09-03 22:18:01 [scheduling-1] INFO  c.m.b.k.service.DynamicRouteService - Completed route status sync
2025-09-03 22:18:01 [scheduling-1] INFO  c.m.b.k.service.DynamicRouteService - Starting route status sync with Camel context
2025-09-03 22:18:01 [scheduling-1] INFO  c.m.b.k.service.DynamicRouteService - Completed route status sync
2025-09-03 22:18:01 [scheduling-1] INFO  c.m.b.k.service.DynamicRouteService - Starting route status sync with Camel context
2025-09-03 22:18:01 [scheduling-1] INFO  c.m.b.k.service.DynamicRouteService - Completed route status sync
2025-09-03 22:18:01 [scheduling-1] INFO  c.m.b.k.service.DynamicRouteService - Starting route status sync with Camel context
2025-09-03 22:18:01 [scheduling-1] INFO  c.m.b.k.service.DynamicRouteService - Completed route status sync
2025-09-03 22:18:01 [scheduling-1] INFO  c.m.b.k.service.DynamicRouteService - Starting route status sync with Camel context
2025-09-03 22:18:01 [scheduling-1] INFO  c.m.b.k.service.DynamicRouteService - Completed route status sync
2025-09-03 22:18:01 [scheduling-1] INFO  c.m.b.k.service.DynamicRouteService - Starting route status sync with Camel context
2025-09-03 22:18:01 [scheduling-1] INFO  c.m.b.k.service.DynamicRouteService - Completed route status sync
2025-09-03 22:18:02 [scheduling-1] INFO  c.m.b.k.service.DynamicRouteService - Starting route status sync with Camel context
2025-09-03 22:18:02 [scheduling-1] INFO  c.m.b.k.service.DynamicRouteService - Completed route status sync
2025-09-03 22:18:02 [scheduling-1] INFO  c.m.b.k.service.DynamicRouteService - Starting route status sync with Camel context
2025-09-03 22:18:02 [scheduling-1] INFO  c.m.b.k.service.DynamicRouteService - Completed route status sync
2025-09-03 22:18:02 [scheduling-1] INFO  c.m.b.k.service.DynamicRouteService - Starting route status sync with Camel context
2025-09-03 22:18:02 [scheduling-1] INFO  c.m.b.k.service.DynamicRouteService - Completed route status sync
2025-09-03 22:18:02 [scheduling-1] INFO  c.m.b.k.service.DynamicRouteService - Starting route status sync with Camel context
2025-09-03 22:18:02 [scheduling-1] INFO  c.m.b.k.service.DynamicRouteService - Completed route status sync
2025-09-03 22:18:02 [scheduling-1] INFO  c.m.b.k.service.DynamicRouteService - Starting route status sync with Camel context
2025-09-03 22:18:02 [scheduling-1] INFO  c.m.b.k.service.DynamicRouteService - Completed route status sync
2025-09-03 22:18:02 [scheduling-1] INFO  c.m.b.k.service.DynamicRouteService - Starting route status sync with Camel context
2025-09-03 22:18:02 [scheduling-1] INFO  c.m.b.k.service.DynamicRouteService - Completed route status sync
2025-09-03 22:18:02 [scheduling-1] INFO  c.m.b.k.service.DynamicRouteService - Starting route status sync with Camel context
2025-09-03 22:18:02 [scheduling-1] INFO  c.m.b.k.service.DynamicRouteService - Completed route status sync
2025-09-03 22:18:02 [scheduling-1] INFO  c.m.b.k.service.DynamicRouteService - Starting route status sync with Camel context
2025-09-03 22:18:02 [scheduling-1] INFO  c.m.b.k.service.DynamicRouteService - Completed route status sync
2025-09-03 22:18:02 [scheduling-1] INFO  c.m.b.k.service.DynamicRouteService - Starting route status sync with Camel context
2025-09-03 22:18:02 [scheduling-1] INFO  c.m.b.k.service.DynamicRouteService - Completed route status sync
2025-09-03 22:18:02 [scheduling-1] INFO  c.m.b.k.service.DynamicRouteService - Starting route status sync with Camel context
2025-09-03 22:18:02 [scheduling-1] INFO  c.m.b.k.service.DynamicRouteService - Completed route status sync
2025-09-03 22:18:02 [scheduling-1] INFO  c.m.b.k.service.DynamicRouteService - Starting route status sync with Camel context
2025-09-03 22:18:02 [scheduling-1] INFO  c.m.b.k.service.DynamicRouteService - Completed route status sync
2025-09-03 22:18:02 [scheduling-1] INFO  c.m.b.k.service.DynamicRouteService - Starting route status sync with Camel context
2025-09-03 22:18:02 [scheduling-1] INFO  c.m.b.k.service.DynamicRouteService - Completed route status sync
2025-09-03 22:18:03 [scheduling-1] INFO  c.m.b.k.service.DynamicRouteService - Starting route status sync with Camel context
2025-09-03 22:18:03 [scheduling-1] INFO  c.m.b.k.service.DynamicRouteService - Completed route status sync
2025-09-03 22:18:03 [scheduling-1] INFO  c.m.b.k.service.DynamicRouteService - Starting route status sync with Camel context
2025-09-03 22:18:03 [scheduling-1] INFO  c.m.b.k.service.DynamicRouteService - Completed route status sync
2025-09-03 22:18:03 [scheduling-1] INFO  c.m.b.k.service.DynamicRouteService - Starting route status sync with Camel context
2025-09-03 22:18:03 [scheduling-1] INFO  c.m.b.k.service.DynamicRouteService - Completed route status sync
2025-09-03 22:18:03 [scheduling-1] INFO  c.m.b.k.service.DynamicRouteService - Starting route status sync with Camel context
2025-09-03 22:18:03 [scheduling-1] INFO  c.m.b.k.service.DynamicRouteService - Completed route status sync
2025-09-03 22:18:03 [scheduling-1] INFO  c.m.b.k.service.DynamicRouteService - Starting route status sync with Camel context
2025-09-03 22:18:03 [scheduling-1] INFO  c.m.b.k.service.DynamicRouteService - Completed route status sync
2025-09-03 22:18:03 [scheduling-1] INFO  c.m.b.k.service.DynamicRouteService - Starting route status sync with Camel context
2025-09-03 22:18:03 [scheduling-1] INFO  c.m.b.k.service.DynamicRouteService - Completed route status sync
2025-09-03 22:18:03 [scheduling-1] INFO  c.m.b.k.service.DynamicRouteService - Starting route status sync with Camel context
2025-09-03 22:18:03 [scheduling-1] INFO  c.m.b.k.service.DynamicRouteService - Completed route status sync
2025-09-03 22:18:03 [scheduling-1] INFO  c.m.b.k.service.DynamicRouteService - Starting route status sync with Camel context
2025-09-03 22:18:03 [scheduling-1] INFO  c.m.b.k.service.DynamicRouteService - Completed route status sync
2025-09-03 22:18:03 [scheduling-1] INFO  c.m.b.k.service.DynamicRouteService - Starting route status sync with Camel context
2025-09-03 22:18:03 [scheduling-1] INFO  c.m.b.k.service.DynamicRouteService - Completed route status sync
2025-09-03 22:18:03 [scheduling-1] INFO  c.m.b.k.service.DynamicRouteService - Starting route status sync with Camel context
2025-09-03 22:18:03 [scheduling-1] INFO  c.m.b.k.service.DynamicRouteService - Completed route status sync
2025-09-03 22:18:03 [scheduling-1] INFO  c.m.b.k.service.DynamicRouteService - Starting route status sync with Camel context
2025-09-03 22:18:03 [scheduling-1] INFO  c.m.b.k.service.DynamicRouteService - Completed route status sync
2025-09-03 22:18:03 [scheduling-1] INFO  c.m.b.k.service.DynamicRouteService - Starting route status sync with Camel context
2025-09-03 22:18:03 [scheduling-1] INFO  c.m.b.k.service.DynamicRouteService - Completed route status sync
2025-09-03 22:18:03 [scheduling-1] INFO  c.m.b.k.service.DynamicRouteService - Starting route status sync with Camel context
2025-09-03 22:18:03 [scheduling-1] INFO  c.m.b.k.service.DynamicRouteService - Completed route status sync
2025-09-03 22:18:03 [scheduling-1] INFO  c.m.b.k.service.DynamicRouteService - Starting route status sync with Camel context
2025-09-03 22:18:03 [scheduling-1] INFO  c.m.b.k.service.DynamicRouteService - Completed route status sync
2025-09-03 22:18:03 [scheduling-1] INFO  c.m.b.k.service.DynamicRouteService - Starting route status sync with Camel context
2025-09-03 22:18:03 [scheduling-1] INFO  c.m.b.k.service.DynamicRouteService - Completed route status sync
2025-09-03 22:18:03 [scheduling-1] INFO  c.m.b.k.service.DynamicRouteService - Starting route status sync with Camel context
2025-09-03 22:18:03 [scheduling-1] INFO  c.m.b.k.service.DynamicRouteService - Completed route status sync
2025-09-03 22:18:03 [scheduling-1] INFO  c.m.b.k.service.DynamicRouteService - Starting route status sync with Camel context
2025-09-03 22:18:03 [scheduling-1] INFO  c.m.b.k.service.DynamicRouteService - Completed route status sync
2025-09-03 22:18:04 [scheduling-1] INFO  c.m.b.k.service.DynamicRouteService - Starting route status sync with Camel context
2025-09-03 22:18:04 [scheduling-1] INFO  c.m.b.k.service.DynamicRouteService - Completed route status sync
2025-09-03 22:18:04 [scheduling-1] INFO  c.m.b.k.service.DynamicRouteService - Starting route status sync with Camel context
2025-09-03 22:18:04 [scheduling-1] INFO  c.m.b.k.service.DynamicRouteService - Completed route status sync
2025-09-03 22:18:04 [scheduling-1] INFO  c.m.b.k.service.DynamicRouteService - Starting route status sync with Camel context
2025-09-03 22:18:04 [scheduling-1] INFO  c.m.b.k.service.DynamicRouteService - Completed route status sync
2025-09-03 22:18:04 [scheduling-1] INFO  c.m.b.k.service.DynamicRouteService - Starting route status sync with Camel context
2025-09-03 22:18:04 [scheduling-1] INFO  c.m.b.k.service.DynamicRouteService - Completed route status sync
2025-09-03 22:18:04 [scheduling-1] INFO  c.m.b.k.service.DynamicRouteService - Starting route status sync with Camel context
2025-09-03 22:18:04 [scheduling-1] INFO  c.m.b.k.service.DynamicRouteService - Completed route status sync
2025-09-03 22:18:04 [scheduling-1] INFO  c.m.b.k.service.DynamicRouteService - Starting route status sync with Camel context
2025-09-03 22:18:04 [scheduling-1] INFO  c.m.b.k.service.DynamicRouteService - Completed route status sync
2025-09-03 22:18:04 [scheduling-1] INFO  c.m.b.k.service.DynamicRouteService - Starting route status sync with Camel context
2025-09-03 22:18:04 [scheduling-1] INFO  c.m.b.k.service.DynamicRouteService - Completed route status sync
2025-09-03 22:18:04 [scheduling-1] INFO  c.m.b.k.service.DynamicRouteService - Starting route status sync with Camel context
2025-09-03 22:18:04 [scheduling-1] INFO  c.m.b.k.service.DynamicRouteService - Completed route status sync
2025-09-03 22:18:04 [scheduling-1] INFO  c.m.b.k.service.DynamicRouteService - Starting route status sync with Camel context
2025-09-03 22:18:04 [scheduling-1] INFO  c.m.b.k.service.DynamicRouteService - Completed route status sync
2025-09-03 22:18:04 [scheduling-1] INFO  c.m.b.k.service.DynamicRouteService - Starting route status sync with Camel context
2025-09-03 22:18:04 [scheduling-1] INFO  c.m.b.k.service.DynamicRouteService - Completed route status sync
2025-09-03 22:18:04 [scheduling-1] INFO  c.m.b.k.service.DynamicRouteService - Starting route status sync with Camel context
2025-09-03 22:18:04 [scheduling-1] INFO  c.m.b.k.service.DynamicRouteService - Completed route status sync
2025-09-03 22:18:04 [scheduling-1] INFO  c.m.b.k.service.DynamicRouteService - Starting route status sync with Camel context
2025-09-03 22:18:04 [scheduling-1] INFO  c.m.b.k.service.DynamicRouteService - Completed route status sync
2025-09-03 22:18:04 [scheduling-1] INFO  c.m.b.k.service.DynamicRouteService - Starting route status sync with Camel context
2025-09-03 22:18:04 [scheduling-1] INFO  c.m.b.k.service.DynamicRouteService - Completed route status sync
2025-09-03 22:18:05 [scheduling-1] INFO  c.m.b.k.service.DynamicRouteService - Starting route status sync with Camel context
2025-09-03 22:18:05 [scheduling-1] INFO  c.m.b.k.service.DynamicRouteService - Completed route status sync
2025-09-03 22:18:05 [scheduling-1] INFO  c.m.b.k.service.DynamicRouteService - Starting route status sync with Camel context
2025-09-03 22:18:05 [scheduling-1] INFO  c.m.b.k.service.DynamicRouteService - Completed route status sync
2025-09-03 22:18:05 [scheduling-1] INFO  c.m.b.k.service.DynamicRouteService - Starting route status sync with Camel context
2025-09-03 22:18:05 [scheduling-1] INFO  c.m.b.k.service.DynamicRouteService - Completed route status sync
2025-09-03 22:18:05 [scheduling-1] INFO  c.m.b.k.service.DynamicRouteService - Starting route status sync with Camel context
2025-09-03 22:18:05 [scheduling-1] INFO  c.m.b.k.service.DynamicRouteService - Completed route status sync
2025-09-03 22:18:05 [scheduling-1] INFO  c.m.b.k.service.DynamicRouteService - Starting route status sync with Camel context
2025-09-03 22:18:05 [scheduling-1] INFO  c.m.b.k.service.DynamicRouteService - Completed route status sync
2025-09-03 22:18:05 [scheduling-1] INFO  c.m.b.k.service.DynamicRouteService - Starting route status sync with Camel context
2025-09-03 22:18:05 [scheduling-1] INFO  c.m.b.k.service.DynamicRouteService - Completed route status sync
2025-09-03 22:18:05 [scheduling-1] INFO  c.m.b.k.service.DynamicRouteService - Starting route status sync with Camel context
2025-09-03 22:18:05 [scheduling-1] INFO  c.m.b.k.service.DynamicRouteService - Completed route status sync
2025-09-03 22:18:05 [scheduling-1] INFO  c.m.b.k.service.DynamicRouteService - Starting route status sync with Camel context
2025-09-03 22:18:05 [scheduling-1] INFO  c.m.b.k.service.DynamicRouteService - Completed route status sync
2025-09-03 22:18:05 [scheduling-1] INFO  c.m.b.k.service.DynamicRouteService - Starting route status sync with Camel context
2025-09-03 22:18:05 [scheduling-1] INFO  c.m.b.k.service.DynamicRouteService - Completed route status sync
2025-09-03 22:18:05 [scheduling-1] INFO  c.m.b.k.service.DynamicRouteService - Starting route status sync with Camel context
2025-09-03 22:18:05 [scheduling-1] INFO  c.m.b.k.service.DynamicRouteService - Completed route status sync
2025-09-03 22:18:05 [scheduling-1] INFO  c.m.b.k.service.DynamicRouteService - Starting route status sync with Camel context
2025-09-03 22:18:05 [scheduling-1] INFO  c.m.b.k.service.DynamicRouteService - Completed route status sync
2025-09-03 22:18:05 [scheduling-1] INFO  c.m.b.k.service.DynamicRouteService - Starting route status sync with Camel context
2025-09-03 22:18:05 [scheduling-1] INFO  c.m.b.k.service.DynamicRouteService - Completed route status sync
2025-09-03 22:18:05 [scheduling-1] INFO  c.m.b.k.service.DynamicRouteService - Starting route status sync with Camel context
2025-09-03 22:18:05 [scheduling-1] INFO  c.m.b.k.service.DynamicRouteService - Completed route status sync
2025-09-03 22:18:05 [scheduling-1] INFO  c.m.b.k.service.DynamicRouteService - Starting route status sync with Camel context
2025-09-03 22:18:05 [scheduling-1] INFO  c.m.b.k.service.DynamicRouteService - Completed route status sync
2025-09-03 22:18:05 [scheduling-1] INFO  c.m.b.k.service.DynamicRouteService - Starting route status sync with Camel context
2025-09-03 22:18:05 [scheduling-1] INFO  c.m.b.k.service.DynamicRouteService - Completed route status sync
2025-09-03 22:18:05 [scheduling-1] INFO  c.m.b.k.service.DynamicRouteService - Starting route status sync with Camel context
2025-09-03 22:18:05 [scheduling-1] INFO  c.m.b.k.service.DynamicRouteService - Completed route status sync
2025-09-03 22:18:05 [scheduling-1] INFO  c.m.b.k.service.DynamicRouteService - Starting route status sync with Camel context
2025-09-03 22:18:05 [scheduling-1] INFO  c.m.b.k.service.DynamicRouteService - Completed route status sync
2025-09-03 22:18:25 [scheduling-1] INFO  c.m.b.k.service.DynamicRouteService - Starting route status sync with Camel context
2025-09-03 22:18:25 [scheduling-1] INFO  c.m.b.k.service.DynamicRouteService - Completed route status sync
2025-09-03 22:18:55 [scheduling-1] INFO  c.m.b.k.service.DynamicRouteService - Starting route status sync with Camel context
2025-09-03 22:18:55 [scheduling-1] INFO  c.m.b.k.service.DynamicRouteService - Completed route status sync
2025-09-03 22:19:25 [scheduling-1] INFO  c.m.b.k.service.DynamicRouteService - Starting route status sync with Camel context
2025-09-03 22:19:25 [scheduling-1] INFO  c.m.b.k.service.DynamicRouteService - Completed route status sync
2025-09-03 22:19:55 [scheduling-1] INFO  c.m.b.k.service.DynamicRouteService - Starting route status sync with Camel context
2025-09-03 22:19:55 [scheduling-1] INFO  c.m.b.k.service.DynamicRouteService - Completed route status sync
2025-09-03 22:20:25 [scheduling-1] INFO  c.m.b.k.service.DynamicRouteService - Starting route status sync with Camel context
2025-09-03 22:20:25 [scheduling-1] INFO  c.m.b.k.service.DynamicRouteService - Completed route status sync
2025-09-03 22:20:55 [scheduling-1] INFO  c.m.b.k.service.DynamicRouteService - Starting route status sync with Camel context
2025-09-03 22:20:55 [scheduling-1] INFO  c.m.b.k.service.DynamicRouteService - Completed route status sync
2025-09-03 22:21:25 [scheduling-1] INFO  c.m.b.k.service.DynamicRouteService - Starting route status sync with Camel context
2025-09-03 22:21:25 [scheduling-1] INFO  c.m.b.k.service.DynamicRouteService - Completed route status sync
2025-09-03 22:21:55 [scheduling-1] INFO  c.m.b.k.service.DynamicRouteService - Starting route status sync with Camel context
2025-09-03 22:21:55 [scheduling-1] INFO  c.m.b.k.service.DynamicRouteService - Completed route status sync
2025-09-03 22:22:25 [scheduling-1] INFO  c.m.b.k.service.DynamicRouteService - Starting route status sync with Camel context
2025-09-03 22:22:25 [scheduling-1] INFO  c.m.b.k.service.DynamicRouteService - Completed route status sync
2025-09-03 22:22:55 [scheduling-1] INFO  c.m.b.k.service.DynamicRouteService - Starting route status sync with Camel context
2025-09-03 22:22:55 [scheduling-1] INFO  c.m.b.k.service.DynamicRouteService - Completed route status sync
2025-09-03 22:23:25 [scheduling-1] INFO  c.m.b.k.service.DynamicRouteService - Starting route status sync with Camel context
2025-09-03 22:23:25 [scheduling-1] INFO  c.m.b.k.service.DynamicRouteService - Completed route status sync
2025-09-03 22:23:55 [scheduling-1] INFO  c.m.b.k.service.DynamicRouteService - Starting route status sync with Camel context
2025-09-03 22:23:55 [scheduling-1] INFO  c.m.b.k.service.DynamicRouteService - Completed route status sync
2025-09-03 22:24:25 [scheduling-1] INFO  c.m.b.k.service.DynamicRouteService - Starting route status sync with Camel context
2025-09-03 22:24:25 [scheduling-1] INFO  c.m.b.k.service.DynamicRouteService - Completed route status sync
2025-09-03 22:24:55 [scheduling-1] INFO  c.m.b.k.service.DynamicRouteService - Starting route status sync with Camel context
2025-09-03 22:24:55 [scheduling-1] INFO  c.m.b.k.service.DynamicRouteService - Completed route status sync
2025-09-03 22:25:25 [scheduling-1] INFO  c.m.b.k.service.DynamicRouteService - Starting route status sync with Camel context
2025-09-03 22:25:25 [scheduling-1] INFO  c.m.b.k.service.DynamicRouteService - Completed route status sync
2025-09-03 22:25:55 [scheduling-1] INFO  c.m.b.k.service.DynamicRouteService - Starting route status sync with Camel context
2025-09-03 22:25:55 [scheduling-1] INFO  c.m.b.k.service.DynamicRouteService - Completed route status sync
2025-09-03 22:25:59 [SpringApplicationShutdownHook] INFO  org.quartz.core.QuartzScheduler - Scheduler quartzScheduler_$_NON_CLUSTERED paused.
2025-09-03 22:25:59 [SpringApplicationShutdownHook] INFO  o.a.c.i.engine.AbstractCamelContext - Apache Camel 4.4.0 (camel-1) is shutting down (timeout:45s)
2025-09-03 22:25:59 [SpringApplicationShutdownHook] INFO  o.a.c.i.engine.AbstractCamelContext - Routes stopped (stopped:0)
2025-09-03 22:25:59 [SpringApplicationShutdownHook] INFO  o.a.c.i.engine.AbstractCamelContext - Apache Camel 4.4.0 (camel-1) shutdown in 11ms (uptime:3h15m)
2025-09-03 22:25:59 [SpringApplicationShutdownHook] INFO  org.quartz.core.QuartzScheduler - Scheduler quartzScheduler_$_NON_CLUSTERED shutting down.
2025-09-03 22:25:59 [SpringApplicationShutdownHook] INFO  org.quartz.core.QuartzScheduler - Scheduler quartzScheduler_$_NON_CLUSTERED paused.
2025-09-03 22:25:59 [SpringApplicationShutdownHook] INFO  org.quartz.core.QuartzScheduler - Scheduler quartzScheduler_$_NON_CLUSTERED shutdown complete.
2025-09-03 22:25:59 [SpringApplicationShutdownHook] INFO  o.a.c.c.s.CamelHttpTransportServlet - Destroyed CamelHttpTransportServlet[CamelServlet]
2025-09-03 22:26:06 [background-preinit] INFO  o.h.validator.internal.util.Version - HV000001: Hibernate Validator 8.0.2.Final
2025-09-03 22:26:06 [main] INFO  c.middleware.MiddlewareApplication - Starting MiddlewareApplication using Java 23-valhalla with PID 2036 (C:\Users\omard\Desktop\Work\jordan\back-end\target\classes started by omard in C:\Users\omard\Desktop\Work\jordan\back-end)
2025-09-03 22:26:06 [main] INFO  c.middleware.MiddlewareApplication - No active profile set, falling back to 1 default profile: "default"
2025-09-03 22:26:09 [main] INFO  o.a.coyote.http11.Http11NioProtocol - Initializing ProtocolHandler ["http-nio-8081"]
2025-09-03 22:26:09 [main] INFO  o.a.catalina.core.StandardService - Starting service [Tomcat]
2025-09-03 22:26:09 [main] INFO  o.a.catalina.core.StandardEngine - Starting Servlet engine: [Apache Tomcat/10.1.39]
2025-09-03 22:26:09 [main] INFO  o.a.c.c.C.[Tomcat].[localhost].[/] - Initializing Spring embedded WebApplicationContext
2025-09-03 22:26:09 [main] INFO  o.h.jpa.internal.util.LogHelper - HHH000204: Processing PersistenceUnitInfo [name: default]
2025-09-03 22:26:09 [main] INFO  org.hibernate.Version - HHH000412: Hibernate ORM core version 6.6.11.Final
2025-09-03 22:26:09 [main] INFO  o.h.c.i.RegionFactoryInitiator - HHH000026: Second-level cache disabled
2025-09-03 22:26:10 [main] WARN  org.hibernate.orm.deprecation - HHH90000025: PostgreSQLDialect does not need to be specified explicitly using 'hibernate.dialect' (remove the property setting and it will be selected by default)
2025-09-03 22:26:10 [main] INFO  o.hibernate.orm.connections.pooling - HHH10001005: Database info:
	Database JDBC URL [Connecting through datasource 'org.springframework.jdbc.datasource.DriverManagerDataSource@3e89f5bc']
	Database driver: undefined/unknown
	Database version: 17.4
	Autocommit mode: undefined/unknown
	Isolation level: undefined/unknown
	Minimum pool size: undefined/unknown
	Maximum pool size: undefined/unknown
2025-09-03 22:26:11 [main] INFO  o.h.e.t.j.p.i.JtaPlatformInitiator - HHH000489: No JTA platform available (set 'hibernate.transaction.jta.platform' to enable JTA platform integration)
2025-09-03 22:26:13 [main] INFO  o.a.camel.util.concurrent.ThreadType - The type of thread detected is PLATFORM
2025-09-03 22:26:15 [main] DEBUG o.s.w.f.ServerHttpObservationFilter - Filter 'webMvcObservationFilter' configured for use
2025-09-03 22:26:15 [main] DEBUG o.s.w.f.CommonsRequestLoggingFilter - Filter 'logFilter' configured for use
2025-09-03 22:26:15 [main] DEBUG c.m.b.users.config.JwtRequestFilter - Filter 'jwtRequestFilter' configured for use
2025-09-03 22:26:15 [main] INFO  org.quartz.impl.StdSchedulerFactory - Using default implementation for ThreadExecutor
2025-09-03 22:26:16 [main] INFO  o.quartz.core.SchedulerSignalerImpl - Initialized Scheduler Signaller of type: class org.quartz.core.SchedulerSignalerImpl
2025-09-03 22:26:16 [main] INFO  org.quartz.core.QuartzScheduler - Quartz Scheduler v.2.3.2 created.
2025-09-03 22:26:16 [main] INFO  org.quartz.simpl.RAMJobStore - RAMJobStore initialized.
2025-09-03 22:26:16 [main] INFO  org.quartz.core.QuartzScheduler - Scheduler meta-data: Quartz Scheduler (v2.3.2) 'quartzScheduler' with instanceId 'NON_CLUSTERED'
  Scheduler class: 'org.quartz.core.QuartzScheduler' - running locally.
  NOT STARTED.
  Currently in standby mode.
  Number of jobs executed: 0
  Using thread pool 'org.quartz.simpl.SimpleThreadPool' - with 10 threads.
  Using job-store 'org.quartz.simpl.RAMJobStore' - which does not support persistence. and is not clustered.

2025-09-03 22:26:16 [main] INFO  org.quartz.impl.StdSchedulerFactory - Quartz scheduler 'quartzScheduler' initialized from an externally provided properties instance.
2025-09-03 22:26:16 [main] INFO  org.quartz.impl.StdSchedulerFactory - Quartz scheduler version: 2.3.2
2025-09-03 22:26:16 [main] INFO  org.quartz.core.QuartzScheduler - JobFactory set to: org.springframework.scheduling.quartz.SpringBeanJobFactory@4a6898d
2025-09-03 22:26:16 [main] INFO  c.m.b.k.i.Dhis2HeaderFilterConfig - === Configuring DHIS2 Header Filter (Static Test) ===
2025-09-03 22:26:16 [main] INFO  c.m.b.k.i.Dhis2HeaderFilterConfig - DHIS2 Header Filter configured - allowing most headers for testing
2025-09-03 22:26:17 [main] DEBUG o.s.w.s.m.m.a.RequestMappingHandlerMapping - 101 mappings in 'requestMappingHandlerMapping'
2025-09-03 22:26:17 [main] DEBUG o.s.w.s.h.SimpleUrlHandlerMapping - Patterns [/webjars/**, /**, /swagger-ui*/*swagger-initializer.js, /swagger-ui*/**] in 'resourceHandlerMapping'
2025-09-03 22:26:18 [main] DEBUG o.s.w.s.m.m.a.RequestMappingHandlerAdapter - ControllerAdvice beans: 0 @ModelAttribute, 0 @InitBinder, 1 RequestBodyAdvice, 1 ResponseBodyAdvice
2025-09-03 22:26:18 [main] DEBUG o.s.w.s.m.m.a.ExceptionHandlerExceptionResolver - ControllerAdvice beans: 2 @ExceptionHandler, 1 ResponseBodyAdvice
2025-09-03 22:26:20 [main] INFO  o.a.coyote.http11.Http11NioProtocol - Starting ProtocolHandler ["http-nio-8081"]
2025-09-03 22:26:20 [main] INFO  o.a.c.c.s.CamelHttpTransportServlet - Initialized CamelHttpTransportServlet[name=CamelServlet, contextPath=]
2025-09-03 22:26:20 [main] INFO  org.quartz.core.QuartzScheduler - Scheduler quartzScheduler_$_NON_CLUSTERED started.
2025-09-03 22:26:20 [main] INFO  o.a.c.i.engine.AbstractCamelContext - Apache Camel 4.4.0 (camel-1) is starting
2025-09-03 22:26:20 [main] INFO  o.a.c.i.engine.AbstractCamelContext - Routes startup (started:0)
2025-09-03 22:26:20 [main] INFO  o.a.c.i.engine.AbstractCamelContext - Apache Camel 4.4.0 (camel-1) started in 12ms (build:0ms init:0ms start:12ms)
2025-09-03 22:26:20 [main] INFO  c.middleware.MiddlewareApplication - Started MiddlewareApplication in 14.391 seconds (process running for 15.494)
2025-09-03 22:26:20 [scheduling-1] INFO  c.m.b.k.service.DynamicRouteService - Starting route status sync with Camel context
2025-09-03 22:26:20 [scheduling-1] INFO  c.m.b.k.service.DynamicRouteService - Completed route status sync
2025-09-03 22:26:20 [main] INFO  c.m.b.k.service.SequenceFixService - Fixing sequence for integration_mapping.id ...
2025-09-03 22:26:20 [main] INFO  c.m.b.k.service.SequenceFixService - Sequence public.integration_mapping_id_seq synced to 211. setval returned 211
2025-09-03 22:26:20 [main] INFO  c.m.b.k.service.SequenceFixService - Sequence fix done.
2025-09-03 22:26:21 [RMI TCP Connection(3)-192.168.88.5] INFO  o.a.c.c.C.[Tomcat].[localhost].[/] - Initializing Spring DispatcherServlet 'dispatcherServlet'
2025-09-03 22:26:21 [RMI TCP Connection(3)-192.168.88.5] INFO  o.s.web.servlet.DispatcherServlet - Initializing Servlet 'dispatcherServlet'
2025-09-03 22:26:21 [RMI TCP Connection(3)-192.168.88.5] DEBUG o.s.web.servlet.DispatcherServlet - Detected StandardServletMultipartResolver
2025-09-03 22:26:21 [RMI TCP Connection(3)-192.168.88.5] DEBUG o.s.web.servlet.DispatcherServlet - Detected AcceptHeaderLocaleResolver
2025-09-03 22:26:21 [RMI TCP Connection(3)-192.168.88.5] DEBUG o.s.web.servlet.DispatcherServlet - Detected FixedThemeResolver
2025-09-03 22:26:21 [RMI TCP Connection(3)-192.168.88.5] DEBUG o.s.web.servlet.DispatcherServlet - Detected org.springframework.web.servlet.view.DefaultRequestToViewNameTranslator@3826510a
2025-09-03 22:26:21 [RMI TCP Connection(3)-192.168.88.5] DEBUG o.s.web.servlet.DispatcherServlet - Detected org.springframework.web.servlet.support.SessionFlashMapManager@72690306
2025-09-03 22:26:21 [RMI TCP Connection(3)-192.168.88.5] DEBUG o.s.web.servlet.DispatcherServlet - enableLoggingRequestDetails='false': request parameters and headers will be masked to prevent unsafe logging of potentially sensitive data
2025-09-03 22:26:21 [RMI TCP Connection(3)-192.168.88.5] INFO  o.s.web.servlet.DispatcherServlet - Completed initialization in 6 ms
2025-09-03 22:26:50 [scheduling-1] INFO  c.m.b.k.service.DynamicRouteService - Starting route status sync with Camel context
2025-09-03 22:26:50 [scheduling-1] INFO  c.m.b.k.service.DynamicRouteService - Completed route status sync
2025-09-03 22:27:20 [scheduling-1] INFO  c.m.b.k.service.DynamicRouteService - Starting route status sync with Camel context
2025-09-03 22:27:20 [scheduling-1] INFO  c.m.b.k.service.DynamicRouteService - Completed route status sync
2025-09-03 22:27:50 [scheduling-1] INFO  c.m.b.k.service.DynamicRouteService - Starting route status sync with Camel context
2025-09-03 22:27:50 [scheduling-1] INFO  c.m.b.k.service.DynamicRouteService - Completed route status sync
2025-09-03 22:28:20 [scheduling-1] INFO  c.m.b.k.service.DynamicRouteService - Starting route status sync with Camel context
2025-09-03 22:28:20 [scheduling-1] INFO  c.m.b.k.service.DynamicRouteService - Completed route status sync
2025-09-03 22:28:50 [scheduling-1] INFO  c.m.b.k.service.DynamicRouteService - Starting route status sync with Camel context
2025-09-03 22:28:50 [scheduling-1] INFO  c.m.b.k.service.DynamicRouteService - Completed route status sync
2025-09-03 22:29:20 [scheduling-1] INFO  c.m.b.k.service.DynamicRouteService - Starting route status sync with Camel context
2025-09-03 22:29:20 [scheduling-1] INFO  c.m.b.k.service.DynamicRouteService - Completed route status sync
2025-09-03 22:29:50 [scheduling-1] INFO  c.m.b.k.service.DynamicRouteService - Starting route status sync with Camel context
2025-09-03 22:29:50 [scheduling-1] INFO  c.m.b.k.service.DynamicRouteService - Completed route status sync
2025-09-03 22:30:20 [scheduling-1] INFO  c.m.b.k.service.DynamicRouteService - Starting route status sync with Camel context
2025-09-03 22:30:20 [scheduling-1] INFO  c.m.b.k.service.DynamicRouteService - Completed route status sync
2025-09-03 22:30:50 [scheduling-1] INFO  c.m.b.k.service.DynamicRouteService - Starting route status sync with Camel context
2025-09-03 22:30:50 [scheduling-1] INFO  c.m.b.k.service.DynamicRouteService - Completed route status sync
2025-09-03 22:31:20 [scheduling-1] INFO  c.m.b.k.service.DynamicRouteService - Starting route status sync with Camel context
2025-09-03 22:31:20 [scheduling-1] INFO  c.m.b.k.service.DynamicRouteService - Completed route status sync
2025-09-03 22:31:39 [SpringApplicationShutdownHook] INFO  org.quartz.core.QuartzScheduler - Scheduler quartzScheduler_$_NON_CLUSTERED paused.
2025-09-03 22:31:39 [SpringApplicationShutdownHook] INFO  o.a.c.i.engine.AbstractCamelContext - Apache Camel 4.4.0 (camel-1) is shutting down (timeout:45s)
2025-09-03 22:31:39 [SpringApplicationShutdownHook] INFO  o.a.c.i.engine.AbstractCamelContext - Routes stopped (stopped:0)
2025-09-03 22:31:39 [SpringApplicationShutdownHook] INFO  o.a.c.i.engine.AbstractCamelContext - Apache Camel 4.4.0 (camel-1) shutdown in 6ms (uptime:5m18s)
2025-09-03 22:31:39 [SpringApplicationShutdownHook] INFO  org.quartz.core.QuartzScheduler - Scheduler quartzScheduler_$_NON_CLUSTERED shutting down.
2025-09-03 22:31:39 [SpringApplicationShutdownHook] INFO  org.quartz.core.QuartzScheduler - Scheduler quartzScheduler_$_NON_CLUSTERED paused.
2025-09-03 22:31:39 [SpringApplicationShutdownHook] INFO  org.quartz.core.QuartzScheduler - Scheduler quartzScheduler_$_NON_CLUSTERED shutdown complete.
2025-09-03 22:31:39 [SpringApplicationShutdownHook] INFO  o.a.c.c.s.CamelHttpTransportServlet - Destroyed CamelHttpTransportServlet[CamelServlet]
2025-09-03 22:31:44 [background-preinit] INFO  o.h.validator.internal.util.Version - HV000001: Hibernate Validator 8.0.2.Final
2025-09-03 22:31:44 [main] INFO  c.middleware.MiddlewareApplication - Starting MiddlewareApplication using Java 23-valhalla with PID 36000 (C:\Users\omard\Desktop\Work\jordan\back-end\target\classes started by omard in C:\Users\omard\Desktop\Work\jordan\back-end)
2025-09-03 22:31:44 [main] INFO  c.middleware.MiddlewareApplication - No active profile set, falling back to 1 default profile: "default"
2025-09-03 22:31:46 [main] INFO  o.a.coyote.http11.Http11NioProtocol - Initializing ProtocolHandler ["http-nio-8081"]
2025-09-03 22:31:46 [main] INFO  o.a.catalina.core.StandardService - Starting service [Tomcat]
2025-09-03 22:31:46 [main] INFO  o.a.catalina.core.StandardEngine - Starting Servlet engine: [Apache Tomcat/10.1.39]
2025-09-03 22:31:46 [main] INFO  o.a.c.c.C.[Tomcat].[localhost].[/] - Initializing Spring embedded WebApplicationContext
2025-09-03 22:31:47 [main] INFO  o.h.jpa.internal.util.LogHelper - HHH000204: Processing PersistenceUnitInfo [name: default]
2025-09-03 22:31:47 [main] INFO  org.hibernate.Version - HHH000412: Hibernate ORM core version 6.6.11.Final
2025-09-03 22:31:47 [main] INFO  o.h.c.i.RegionFactoryInitiator - HHH000026: Second-level cache disabled
2025-09-03 22:31:47 [main] WARN  org.hibernate.orm.deprecation - HHH90000025: PostgreSQLDialect does not need to be specified explicitly using 'hibernate.dialect' (remove the property setting and it will be selected by default)
2025-09-03 22:31:47 [main] INFO  o.hibernate.orm.connections.pooling - HHH10001005: Database info:
	Database JDBC URL [Connecting through datasource 'org.springframework.jdbc.datasource.DriverManagerDataSource@1f1574c']
	Database driver: undefined/unknown
	Database version: 17.4
	Autocommit mode: undefined/unknown
	Isolation level: undefined/unknown
	Minimum pool size: undefined/unknown
	Maximum pool size: undefined/unknown
2025-09-03 22:31:48 [main] INFO  o.h.e.t.j.p.i.JtaPlatformInitiator - HHH000489: No JTA platform available (set 'hibernate.transaction.jta.platform' to enable JTA platform integration)
2025-09-03 22:31:50 [main] INFO  o.a.camel.util.concurrent.ThreadType - The type of thread detected is PLATFORM
2025-09-03 22:31:51 [main] DEBUG o.s.w.f.ServerHttpObservationFilter - Filter 'webMvcObservationFilter' configured for use
2025-09-03 22:31:51 [main] DEBUG o.s.w.f.CommonsRequestLoggingFilter - Filter 'logFilter' configured for use
2025-09-03 22:31:51 [main] DEBUG c.m.b.users.config.JwtRequestFilter - Filter 'jwtRequestFilter' configured for use
2025-09-03 22:31:51 [main] INFO  org.quartz.impl.StdSchedulerFactory - Using default implementation for ThreadExecutor
2025-09-03 22:31:51 [main] INFO  o.quartz.core.SchedulerSignalerImpl - Initialized Scheduler Signaller of type: class org.quartz.core.SchedulerSignalerImpl
2025-09-03 22:31:51 [main] INFO  org.quartz.core.QuartzScheduler - Quartz Scheduler v.2.3.2 created.
2025-09-03 22:31:51 [main] INFO  org.quartz.simpl.RAMJobStore - RAMJobStore initialized.
2025-09-03 22:31:51 [main] INFO  org.quartz.core.QuartzScheduler - Scheduler meta-data: Quartz Scheduler (v2.3.2) 'quartzScheduler' with instanceId 'NON_CLUSTERED'
  Scheduler class: 'org.quartz.core.QuartzScheduler' - running locally.
  NOT STARTED.
  Currently in standby mode.
  Number of jobs executed: 0
  Using thread pool 'org.quartz.simpl.SimpleThreadPool' - with 10 threads.
  Using job-store 'org.quartz.simpl.RAMJobStore' - which does not support persistence. and is not clustered.

2025-09-03 22:31:51 [main] INFO  org.quartz.impl.StdSchedulerFactory - Quartz scheduler 'quartzScheduler' initialized from an externally provided properties instance.
2025-09-03 22:31:51 [main] INFO  org.quartz.impl.StdSchedulerFactory - Quartz scheduler version: 2.3.2
2025-09-03 22:31:51 [main] INFO  org.quartz.core.QuartzScheduler - JobFactory set to: org.springframework.scheduling.quartz.SpringBeanJobFactory@20b22a4
2025-09-03 22:31:51 [main] INFO  c.m.b.k.i.Dhis2HeaderFilterConfig - === Configuring DHIS2 Header Filter (Static Test) ===
2025-09-03 22:31:51 [main] INFO  c.m.b.k.i.Dhis2HeaderFilterConfig - DHIS2 Header Filter configured - allowing most headers for testing
2025-09-03 22:31:52 [main] DEBUG o.s.w.s.m.m.a.RequestMappingHandlerMapping - 101 mappings in 'requestMappingHandlerMapping'
2025-09-03 22:31:52 [main] DEBUG o.s.w.s.h.SimpleUrlHandlerMapping - Patterns [/webjars/**, /**, /swagger-ui*/*swagger-initializer.js, /swagger-ui*/**] in 'resourceHandlerMapping'
2025-09-03 22:31:52 [main] DEBUG o.s.w.s.m.m.a.RequestMappingHandlerAdapter - ControllerAdvice beans: 0 @ModelAttribute, 0 @InitBinder, 1 RequestBodyAdvice, 1 ResponseBodyAdvice
2025-09-03 22:31:52 [main] DEBUG o.s.w.s.m.m.a.ExceptionHandlerExceptionResolver - ControllerAdvice beans: 2 @ExceptionHandler, 1 ResponseBodyAdvice
2025-09-03 22:31:53 [main] INFO  o.a.coyote.http11.Http11NioProtocol - Starting ProtocolHandler ["http-nio-8081"]
2025-09-03 22:31:53 [main] INFO  o.a.c.c.s.CamelHttpTransportServlet - Initialized CamelHttpTransportServlet[name=CamelServlet, contextPath=]
2025-09-03 22:31:53 [main] INFO  org.quartz.core.QuartzScheduler - Scheduler quartzScheduler_$_NON_CLUSTERED started.
2025-09-03 22:31:53 [main] INFO  o.a.c.i.engine.AbstractCamelContext - Apache Camel 4.4.0 (camel-1) is starting
2025-09-03 22:31:53 [main] INFO  o.a.c.i.engine.AbstractCamelContext - Routes startup (started:0)
2025-09-03 22:31:53 [main] INFO  o.a.c.i.engine.AbstractCamelContext - Apache Camel 4.4.0 (camel-1) started in 6ms (build:0ms init:0ms start:6ms)
2025-09-03 22:31:53 [main] INFO  c.middleware.MiddlewareApplication - Started MiddlewareApplication in 9.887 seconds (process running for 10.733)
2025-09-03 22:31:53 [scheduling-1] INFO  c.m.b.k.service.DynamicRouteService - Starting route status sync with Camel context
2025-09-03 22:31:53 [scheduling-1] INFO  c.m.b.k.service.DynamicRouteService - Completed route status sync
2025-09-03 22:31:53 [main] INFO  c.m.b.k.service.SequenceFixService - Fixing sequence for integration_mapping.id ...
2025-09-03 22:31:54 [main] INFO  c.m.b.k.service.SequenceFixService - Sequence public.integration_mapping_id_seq synced to 211. setval returned 211
2025-09-03 22:31:54 [main] INFO  c.m.b.k.service.SequenceFixService - Sequence fix done.
2025-09-03 22:31:54 [RMI TCP Connection(4)-192.168.88.5] INFO  o.a.c.c.C.[Tomcat].[localhost].[/] - Initializing Spring DispatcherServlet 'dispatcherServlet'
2025-09-03 22:31:54 [RMI TCP Connection(4)-192.168.88.5] INFO  o.s.web.servlet.DispatcherServlet - Initializing Servlet 'dispatcherServlet'
2025-09-03 22:31:54 [RMI TCP Connection(4)-192.168.88.5] DEBUG o.s.web.servlet.DispatcherServlet - Detected StandardServletMultipartResolver
2025-09-03 22:31:54 [RMI TCP Connection(4)-192.168.88.5] DEBUG o.s.web.servlet.DispatcherServlet - Detected AcceptHeaderLocaleResolver
2025-09-03 22:31:54 [RMI TCP Connection(4)-192.168.88.5] DEBUG o.s.web.servlet.DispatcherServlet - Detected FixedThemeResolver
2025-09-03 22:31:54 [RMI TCP Connection(4)-192.168.88.5] DEBUG o.s.web.servlet.DispatcherServlet - Detected org.springframework.web.servlet.view.DefaultRequestToViewNameTranslator@273b3afc
2025-09-03 22:31:54 [RMI TCP Connection(4)-192.168.88.5] DEBUG o.s.web.servlet.DispatcherServlet - Detected org.springframework.web.servlet.support.SessionFlashMapManager@6987b0e8
2025-09-03 22:31:54 [RMI TCP Connection(4)-192.168.88.5] DEBUG o.s.web.servlet.DispatcherServlet - enableLoggingRequestDetails='false': request parameters and headers will be masked to prevent unsafe logging of potentially sensitive data
2025-09-03 22:31:54 [RMI TCP Connection(4)-192.168.88.5] INFO  o.s.web.servlet.DispatcherServlet - Completed initialization in 4 ms
2025-09-03 22:32:23 [scheduling-1] INFO  c.m.b.k.service.DynamicRouteService - Starting route status sync with Camel context
2025-09-03 22:32:23 [scheduling-1] INFO  c.m.b.k.service.DynamicRouteService - Completed route status sync
2025-09-03 22:32:34 [http-nio-8081-exec-6] DEBUG o.s.w.f.CommonsRequestLoggingFilter - Before request [POST /api/auth/login, client=0:0:0:0:0:0:0:1]
2025-09-03 22:32:34 [http-nio-8081-exec-6] DEBUG o.s.web.servlet.DispatcherServlet - POST "/api/auth/login", parameters={}
2025-09-03 22:32:34 [http-nio-8081-exec-6] DEBUG o.s.w.s.m.m.a.RequestMappingHandlerMapping - Mapped to com.middleware.backend.users.auth.AuthController#login(AuthRequest)
2025-09-03 22:32:34 [http-nio-8081-exec-6] DEBUG o.s.w.s.m.m.a.RequestResponseBodyMethodProcessor - Read "application/json;charset=UTF-8" to [AuthController.AuthRequest(email=admin@mail.com, password=S123@231)]
2025-09-03 22:32:34 [http-nio-8081-exec-6] DEBUG o.s.w.s.m.m.a.RequestResponseBodyMethodProcessor - Using 'application/json', given [*/*] and supported [application/json, application/*+json, application/yaml]
2025-09-03 22:32:34 [http-nio-8081-exec-6] DEBUG o.s.w.s.m.m.a.RequestResponseBodyMethodProcessor - Writing [AuthController.AuthResponse(token=eyJhbGciOiJIUzI1NiJ9.eyJzdWIiOiJhZG1pbkBtYWlsLmNvbSIsImlhdCI6MTc1N (truncated)...]
2025-09-03 22:32:34 [http-nio-8081-exec-6] DEBUG o.s.web.servlet.DispatcherServlet - Completed 200 OK
2025-09-03 22:32:34 [http-nio-8081-exec-6] DEBUG o.s.w.f.CommonsRequestLoggingFilter - After request [POST /api/auth/login, client=0:0:0:0:0:0:0:1, payload={"email":"admin@mail.com","password":"S123@231"}]
2025-09-03 22:32:40 [http-nio-8081-exec-1] INFO  c.m.b.k.service.DynamicRouteService - Fetching active routes with pagination
2025-09-03 22:32:40 [http-nio-8081-exec-1] DEBUG o.s.w.f.CommonsRequestLoggingFilter - Before request [GET /api/routes/audits?page=0&size=10&sortedBy=timestamp&sortDirection=asc, client=0:0:0:0:0:0:0:1, user=admin@mail.com]
2025-09-03 22:32:40 [http-nio-8081-exec-1] DEBUG o.s.web.servlet.DispatcherServlet - GET "/api/routes/audits?page=0&size=10&sortedBy=timestamp&sortDirection=asc", parameters={masked}
2025-09-03 22:32:40 [http-nio-8081-exec-1] DEBUG o.s.w.s.m.m.a.RequestMappingHandlerMapping - Mapped to com.middleware.backend.kaotocamel.controller.DynamicRouteController#getRouteAudits(int, int, String, String, Integer, String, LocalDate, LocalDate, String, String)
2025-09-03 22:32:40 [http-nio-8081-exec-1] WARN  o.s.d.w.c.SpringDataJacksonConfiguration$PageModule$WarningLoggingModifier - Serializing PageImpl instances as-is is not supported, meaning that there is no guarantee about the stability of the resulting JSON structure!
	For a stable JSON structure, please use Spring Data's PagedModel (globally via @EnableSpringDataWebSupport(pageSerializationMode = VIA_DTO))
	or Spring HATEOAS and Spring Data's PagedResourcesAssembler as documented in https://docs.spring.io/spring-data/commons/reference/repositories/core-extensions.html#core.web.pageables.

2025-09-03 22:32:40 [http-nio-8081-exec-1] DEBUG o.s.w.s.m.m.a.HttpEntityMethodProcessor - Using 'application/json', given [*/*] and supported [application/json, application/*+json, application/yaml]
2025-09-03 22:32:40 [http-nio-8081-exec-1] DEBUG o.s.w.s.m.m.a.HttpEntityMethodProcessor - Writing [Page 1 of 2 containing com.middleware.backend.kaotocamel.model.DynamicRouteAudit instances]
2025-09-03 22:32:40 [http-nio-8081-exec-1] DEBUG o.s.web.servlet.DispatcherServlet - Completed 200 OK
2025-09-03 22:32:40 [http-nio-8081-exec-1] DEBUG o.s.w.f.CommonsRequestLoggingFilter - After request [GET /api/routes/audits?page=0&size=10&sortedBy=timestamp&sortDirection=asc, client=0:0:0:0:0:0:0:1, user=admin@mail.com]
2025-09-03 22:32:42 [http-nio-8081-exec-5] INFO  c.m.b.k.service.DynamicRouteService - Fetching active routes with pagination
2025-09-03 22:32:42 [http-nio-8081-exec-5] DEBUG o.s.w.f.CommonsRequestLoggingFilter - Before request [GET /api/routes/latest?page=0&size=10, client=0:0:0:0:0:0:0:1, user=admin@mail.com]
2025-09-03 22:32:42 [http-nio-8081-exec-5] DEBUG o.s.web.servlet.DispatcherServlet - GET "/api/routes/latest?page=0&size=10", parameters={masked}
2025-09-03 22:32:42 [http-nio-8081-exec-5] DEBUG o.s.w.s.m.m.a.RequestMappingHandlerMapping - Mapped to com.middleware.backend.kaotocamel.controller.DynamicRouteController#getRoutes(String, String, String, String, Boolean, String, String, LocalDateTime, LocalDateTime, String, String, int, int)
2025-09-03 22:32:42 [http-nio-8081-exec-5] DEBUG o.s.w.s.m.m.a.HttpEntityMethodProcessor - Using 'application/json', given [*/*] and supported [application/json, application/*+json, application/yaml]
2025-09-03 22:32:42 [http-nio-8081-exec-5] DEBUG o.s.w.s.m.m.a.HttpEntityMethodProcessor - Writing [Page 1 of 0 containing UNKNOWN instances]
2025-09-03 22:32:42 [http-nio-8081-exec-5] DEBUG o.s.web.servlet.DispatcherServlet - Completed 200 OK
2025-09-03 22:32:42 [http-nio-8081-exec-5] DEBUG o.s.w.f.CommonsRequestLoggingFilter - After request [GET /api/routes/latest?page=0&size=10, client=0:0:0:0:0:0:0:1, user=admin@mail.com]
2025-09-03 22:32:44 [http-nio-8081-exec-3] INFO  c.m.b.k.service.DynamicRouteService - Fetching active routes with pagination
2025-09-03 22:32:44 [http-nio-8081-exec-3] DEBUG o.s.w.f.CommonsRequestLoggingFilter - Before request [GET /api/scheduledjobs?page=0&size=10&sortedBy=updatedAt&sortDirection=desc, client=0:0:0:0:0:0:0:1, user=admin@mail.com]
2025-09-03 22:32:44 [http-nio-8081-exec-3] DEBUG o.s.web.servlet.DispatcherServlet - GET "/api/scheduledjobs?page=0&size=10&sortedBy=updatedAt&sortDirection=desc", parameters={masked}
2025-09-03 22:32:44 [http-nio-8081-exec-3] DEBUG o.s.w.s.m.m.a.RequestMappingHandlerMapping - Mapped to com.middleware.backend.scheduledJobs.controller.ScheduledJobsController#getAll(String, String, String, Boolean, String, String, int, int)
2025-09-03 22:32:44 [http-nio-8081-exec-3] DEBUG o.s.w.s.m.m.a.HttpEntityMethodProcessor - Using 'application/json', given [application/json, text/javascript, */*;q=0.01] and supported [application/json, application/*+json, application/yaml]
2025-09-03 22:32:44 [http-nio-8081-exec-3] DEBUG o.s.w.s.m.m.a.HttpEntityMethodProcessor - Writing [Page 1 of 0 containing UNKNOWN instances]
2025-09-03 22:32:44 [http-nio-8081-exec-3] DEBUG o.s.web.servlet.DispatcherServlet - Completed 200 OK
2025-09-03 22:32:44 [http-nio-8081-exec-3] DEBUG o.s.w.f.CommonsRequestLoggingFilter - After request [GET /api/scheduledjobs?page=0&size=10&sortedBy=updatedAt&sortDirection=desc, client=0:0:0:0:0:0:0:1, user=admin@mail.com]
2025-09-03 22:32:46 [http-nio-8081-exec-2] INFO  c.m.b.k.service.DynamicRouteService - Fetching active routes with pagination
2025-09-03 22:32:46 [http-nio-8081-exec-1] INFO  c.m.b.k.service.DynamicRouteService - Fetching active routes with pagination
2025-09-03 22:32:46 [http-nio-8081-exec-4] INFO  c.m.b.k.service.DynamicRouteService - Fetching active routes with pagination
2025-09-03 22:32:46 [http-nio-8081-exec-5] INFO  c.m.b.k.service.DynamicRouteService - Fetching active routes with pagination
2025-09-03 22:32:46 [http-nio-8081-exec-2] DEBUG o.s.w.f.CommonsRequestLoggingFilter - Before request [GET /api/error-mappings/routes, client=0:0:0:0:0:0:0:1, user=admin@mail.com]
2025-09-03 22:32:46 [http-nio-8081-exec-2] DEBUG o.s.web.servlet.DispatcherServlet - GET "/api/error-mappings/routes", parameters={}
2025-09-03 22:32:46 [http-nio-8081-exec-2] DEBUG o.s.w.s.m.m.a.RequestMappingHandlerMapping - Mapped to com.middleware.backend.controller.ErrorMappingController#getAvailableRoutes()
2025-09-03 22:32:46 [http-nio-8081-exec-4] DEBUG o.s.w.f.CommonsRequestLoggingFilter - Before request [GET /api/error-mappings?page=0&size=10&sortBy=createdAt&sortDir=desc, client=0:0:0:0:0:0:0:1, user=admin@mail.com]
2025-09-03 22:32:46 [http-nio-8081-exec-1] DEBUG o.s.w.f.CommonsRequestLoggingFilter - Before request [GET /api/error-mappings/error-categories, client=0:0:0:0:0:0:0:1, user=admin@mail.com]
2025-09-03 22:32:46 [http-nio-8081-exec-1] DEBUG o.s.web.servlet.DispatcherServlet - GET "/api/error-mappings/error-categories", parameters={}
2025-09-03 22:32:46 [http-nio-8081-exec-4] DEBUG o.s.web.servlet.DispatcherServlet - GET "/api/error-mappings?page=0&size=10&sortBy=createdAt&sortDir=desc", parameters={masked}
2025-09-03 22:32:46 [http-nio-8081-exec-1] DEBUG o.s.w.s.m.m.a.RequestMappingHandlerMapping - Mapped to com.middleware.backend.controller.ErrorMappingController#getActiveErrorCategories()
2025-09-03 22:32:46 [http-nio-8081-exec-4] DEBUG o.s.w.s.m.m.a.RequestMappingHandlerMapping - Mapped to com.middleware.backend.controller.ErrorMappingController#getAllErrorMappings(Map, int, int, String, String)
2025-09-03 22:32:46 [http-nio-8081-exec-2] DEBUG o.s.w.s.m.m.a.HttpEntityMethodProcessor - Using 'application/json', given [*/*] and supported [application/json, application/*+json, application/yaml]
2025-09-03 22:32:46 [http-nio-8081-exec-2] DEBUG o.s.w.s.m.m.a.HttpEntityMethodProcessor - Writing [[]]
2025-09-03 22:32:46 [http-nio-8081-exec-2] DEBUG o.s.web.servlet.DispatcherServlet - Completed 200 OK
2025-09-03 22:32:46 [http-nio-8081-exec-2] DEBUG o.s.w.f.CommonsRequestLoggingFilter - After request [GET /api/error-mappings/routes, client=0:0:0:0:0:0:0:1, user=admin@mail.com]
2025-09-03 22:32:46 [http-nio-8081-exec-1] DEBUG o.s.w.s.m.m.a.HttpEntityMethodProcessor - Using 'application/json', given [*/*] and supported [application/json, application/*+json, application/yaml]
2025-09-03 22:32:46 [http-nio-8081-exec-1] DEBUG o.s.w.s.m.m.a.HttpEntityMethodProcessor - Writing [[{name=test, description=test, active=true, id=3}, {name=ي, description=ي, active=true, id=4}, {name (truncated)...]
2025-09-03 22:32:46 [http-nio-8081-exec-1] DEBUG o.s.web.servlet.DispatcherServlet - Completed 200 OK
2025-09-03 22:32:46 [http-nio-8081-exec-1] DEBUG o.s.w.f.CommonsRequestLoggingFilter - After request [GET /api/error-mappings/error-categories, client=0:0:0:0:0:0:0:1, user=admin@mail.com]
2025-09-03 22:32:46 [http-nio-8081-exec-4] DEBUG o.s.w.s.m.m.a.HttpEntityMethodProcessor - Using 'application/json', given [*/*] and supported [application/json, application/*+json, application/yaml]
2025-09-03 22:32:46 [http-nio-8081-exec-4] DEBUG o.s.w.s.m.m.a.HttpEntityMethodProcessor - Writing [Page 1 of 1 containing com.middleware.backend.dto.ErrorMappingDto instances]
2025-09-03 22:32:46 [http-nio-8081-exec-4] DEBUG o.s.web.servlet.DispatcherServlet - Completed 200 OK
2025-09-03 22:32:46 [http-nio-8081-exec-4] DEBUG o.s.w.f.CommonsRequestLoggingFilter - After request [GET /api/error-mappings?page=0&size=10&sortBy=createdAt&sortDir=desc, client=0:0:0:0:0:0:0:1, user=admin@mail.com]
2025-09-03 22:32:46 [http-nio-8081-exec-5] DEBUG o.s.w.f.CommonsRequestLoggingFilter - Before request [GET /api/error-mappings/source-systems, client=0:0:0:0:0:0:0:1, user=admin@mail.com]
2025-09-03 22:32:46 [http-nio-8081-exec-5] DEBUG o.s.web.servlet.DispatcherServlet - GET "/api/error-mappings/source-systems", parameters={}
2025-09-03 22:32:46 [http-nio-8081-exec-5] DEBUG o.s.w.s.m.m.a.RequestMappingHandlerMapping - Mapped to com.middleware.backend.controller.ErrorMappingController#getAvailableSourceSystems()
2025-09-03 22:32:46 [http-nio-8081-exec-5] DEBUG o.s.w.s.m.m.a.HttpEntityMethodProcessor - Using 'application/json', given [*/*] and supported [application/json, application/*+json, application/yaml]
2025-09-03 22:32:46 [http-nio-8081-exec-5] DEBUG o.s.w.s.m.m.a.HttpEntityMethodProcessor - Writing [[SourceSystemOptionDto(id=1, name=CHILD HEALTH, description=CHILD HEALTH, active=true), SourceSystem (truncated)...]
2025-09-03 22:32:46 [http-nio-8081-exec-5] DEBUG o.s.web.servlet.DispatcherServlet - Completed 200 OK
2025-09-03 22:32:46 [http-nio-8081-exec-5] DEBUG o.s.w.f.CommonsRequestLoggingFilter - After request [GET /api/error-mappings/source-systems, client=0:0:0:0:0:0:0:1, user=admin@mail.com]
2025-09-03 22:32:53 [scheduling-1] INFO  c.m.b.k.service.DynamicRouteService - Starting route status sync with Camel context
2025-09-03 22:32:53 [scheduling-1] INFO  c.m.b.k.service.DynamicRouteService - Completed route status sync
2025-09-03 22:32:56 [http-nio-8081-exec-3] INFO  c.m.b.k.service.DynamicRouteService - Fetching active routes with pagination
2025-09-03 22:32:56 [http-nio-8081-exec-3] DEBUG o.s.w.f.CommonsRequestLoggingFilter - Before request [GET /api/error-categories?page=0&size=10&name=&description=&sortedBy=createdAt&sortDirection=desc&status=&startDate=&endDate=, client=0:0:0:0:0:0:0:1, user=admin@mail.com]
2025-09-03 22:32:56 [http-nio-8081-exec-3] DEBUG o.s.web.servlet.DispatcherServlet - GET "/api/error-categories?page=0&size=10&name=&description=&sortedBy=createdAt&sortDirection=desc&status=&startDate=&endDate=", parameters={masked}
2025-09-03 22:32:56 [http-nio-8081-exec-3] DEBUG o.s.w.s.m.m.a.RequestMappingHandlerMapping - Mapped to com.middleware.backend.controller.ErrorCategoryController#getAll(String, String, String, LocalDate, LocalDate, String, String, int, int)
2025-09-03 22:32:56 [http-nio-8081-exec-3] DEBUG o.s.w.s.m.m.a.HttpEntityMethodProcessor - Using 'application/json', given [*/*] and supported [application/json, application/*+json, application/yaml]
2025-09-03 22:32:56 [http-nio-8081-exec-3] DEBUG o.s.w.s.m.m.a.HttpEntityMethodProcessor - Writing [Page 1 of 1 containing com.middleware.backend.model.ErrorCategory instances]
2025-09-03 22:32:56 [http-nio-8081-exec-3] DEBUG o.s.web.servlet.DispatcherServlet - Completed 200 OK
2025-09-03 22:32:56 [http-nio-8081-exec-3] DEBUG o.s.w.f.CommonsRequestLoggingFilter - After request [GET /api/error-categories?page=0&size=10&name=&description=&sortedBy=createdAt&sortDirection=desc&status=&startDate=&endDate=, client=0:0:0:0:0:0:0:1, user=admin@mail.com]
2025-09-03 22:33:00 [http-nio-8081-exec-9] INFO  c.m.b.k.service.DynamicRouteService - Fetching active routes with pagination
2025-09-03 22:33:00 [http-nio-8081-exec-9] DEBUG o.s.w.f.CommonsRequestLoggingFilter - Before request [POST /api/error-categories, client=0:0:0:0:0:0:0:1, user=admin@mail.com]
2025-09-03 22:33:00 [http-nio-8081-exec-9] DEBUG o.s.web.servlet.DispatcherServlet - POST "/api/error-categories", parameters={}
2025-09-03 22:33:00 [http-nio-8081-exec-9] DEBUG o.s.w.s.m.m.a.RequestMappingHandlerMapping - Mapped to com.middleware.backend.controller.ErrorCategoryController#createCategory(ErrorCategoryDto)
2025-09-03 22:33:00 [http-nio-8081-exec-9] DEBUG o.s.w.s.m.m.a.RequestResponseBodyMethodProcessor - Read "application/json;charset=UTF-8" to [ErrorCategoryDto(id=null, name=ر, description=ر, active=true, createdAt=null, updatedAt=null)]
2025-09-03 22:33:00 [http-nio-8081-exec-9] DEBUG o.s.w.s.m.m.a.HttpEntityMethodProcessor - Using 'application/json', given [*/*] and supported [application/json, application/*+json, application/yaml]
2025-09-03 22:33:00 [http-nio-8081-exec-9] DEBUG o.s.w.s.m.m.a.HttpEntityMethodProcessor - Writing [ErrorCategoryDto(id=6, name=ر, description=ر, active=true, createdAt=2025-09-03T22:33:00.139706400,  (truncated)...]
2025-09-03 22:33:00 [http-nio-8081-exec-9] DEBUG o.s.web.servlet.DispatcherServlet - Completed 201 CREATED
2025-09-03 22:33:00 [http-nio-8081-exec-9] DEBUG o.s.w.f.CommonsRequestLoggingFilter - After request [POST /api/error-categories, client=0:0:0:0:0:0:0:1, user=admin@mail.com, payload={"name":"ر","description":"ر","active":true}]
2025-09-03 22:33:00 [http-nio-8081-exec-6] INFO  c.m.b.k.service.DynamicRouteService - Fetching active routes with pagination
2025-09-03 22:33:00 [http-nio-8081-exec-6] DEBUG o.s.w.f.CommonsRequestLoggingFilter - Before request [GET /api/error-categories?page=0&size=10&name=&description=&sortedBy=createdAt&sortDirection=desc&status=&startDate=&endDate=, client=0:0:0:0:0:0:0:1, user=admin@mail.com]
2025-09-03 22:33:00 [http-nio-8081-exec-6] DEBUG o.s.web.servlet.DispatcherServlet - GET "/api/error-categories?page=0&size=10&name=&description=&sortedBy=createdAt&sortDirection=desc&status=&startDate=&endDate=", parameters={masked}
2025-09-03 22:33:00 [http-nio-8081-exec-6] DEBUG o.s.w.s.m.m.a.RequestMappingHandlerMapping - Mapped to com.middleware.backend.controller.ErrorCategoryController#getAll(String, String, String, LocalDate, LocalDate, String, String, int, int)
2025-09-03 22:33:00 [http-nio-8081-exec-6] DEBUG o.s.w.s.m.m.a.HttpEntityMethodProcessor - Using 'application/json', given [*/*] and supported [application/json, application/*+json, application/yaml]
2025-09-03 22:33:00 [http-nio-8081-exec-6] DEBUG o.s.w.s.m.m.a.HttpEntityMethodProcessor - Writing [Page 1 of 1 containing com.middleware.backend.model.ErrorCategory instances]
2025-09-03 22:33:00 [http-nio-8081-exec-6] DEBUG o.s.web.servlet.DispatcherServlet - Completed 200 OK
2025-09-03 22:33:00 [http-nio-8081-exec-6] DEBUG o.s.w.f.CommonsRequestLoggingFilter - After request [GET /api/error-categories?page=0&size=10&name=&description=&sortedBy=createdAt&sortDirection=desc&status=&startDate=&endDate=, client=0:0:0:0:0:0:0:1, user=admin@mail.com]
2025-09-03 22:33:23 [scheduling-1] INFO  c.m.b.k.service.DynamicRouteService - Starting route status sync with Camel context
2025-09-03 22:33:23 [scheduling-1] INFO  c.m.b.k.service.DynamicRouteService - Completed route status sync
2025-09-03 22:33:53 [scheduling-1] INFO  c.m.b.k.service.DynamicRouteService - Starting route status sync with Camel context
2025-09-03 22:33:53 [scheduling-1] INFO  c.m.b.k.service.DynamicRouteService - Completed route status sync
2025-09-03 22:34:23 [scheduling-1] INFO  c.m.b.k.service.DynamicRouteService - Starting route status sync with Camel context
2025-09-03 22:34:23 [scheduling-1] INFO  c.m.b.k.service.DynamicRouteService - Completed route status sync
2025-09-03 22:34:53 [scheduling-1] INFO  c.m.b.k.service.DynamicRouteService - Starting route status sync with Camel context
2025-09-03 22:34:53 [scheduling-1] INFO  c.m.b.k.service.DynamicRouteService - Completed route status sync
2025-09-03 22:35:23 [scheduling-1] INFO  c.m.b.k.service.DynamicRouteService - Starting route status sync with Camel context
2025-09-03 22:35:23 [scheduling-1] INFO  c.m.b.k.service.DynamicRouteService - Completed route status sync
2025-09-03 22:35:53 [scheduling-1] INFO  c.m.b.k.service.DynamicRouteService - Starting route status sync with Camel context
2025-09-03 22:35:53 [scheduling-1] INFO  c.m.b.k.service.DynamicRouteService - Completed route status sync
2025-09-03 22:36:23 [scheduling-1] INFO  c.m.b.k.service.DynamicRouteService - Starting route status sync with Camel context
2025-09-03 22:36:23 [scheduling-1] INFO  c.m.b.k.service.DynamicRouteService - Completed route status sync
2025-09-03 22:36:53 [scheduling-1] INFO  c.m.b.k.service.DynamicRouteService - Starting route status sync with Camel context
2025-09-03 22:36:53 [scheduling-1] INFO  c.m.b.k.service.DynamicRouteService - Completed route status sync
2025-09-03 22:37:23 [scheduling-1] INFO  c.m.b.k.service.DynamicRouteService - Starting route status sync with Camel context
2025-09-03 22:37:23 [scheduling-1] INFO  c.m.b.k.service.DynamicRouteService - Completed route status sync
2025-09-03 22:37:54 [scheduling-1] INFO  c.m.b.k.service.DynamicRouteService - Starting route status sync with Camel context
2025-09-03 22:37:54 [scheduling-1] INFO  c.m.b.k.service.DynamicRouteService - Completed route status sync
2025-09-03 22:38:23 [scheduling-1] INFO  c.m.b.k.service.DynamicRouteService - Starting route status sync with Camel context
2025-09-03 22:38:23 [scheduling-1] INFO  c.m.b.k.service.DynamicRouteService - Completed route status sync
2025-09-03 22:38:53 [scheduling-1] INFO  c.m.b.k.service.DynamicRouteService - Starting route status sync with Camel context
2025-09-03 22:38:53 [scheduling-1] INFO  c.m.b.k.service.DynamicRouteService - Completed route status sync
2025-09-03 22:39:23 [scheduling-1] INFO  c.m.b.k.service.DynamicRouteService - Starting route status sync with Camel context
2025-09-03 22:39:23 [scheduling-1] INFO  c.m.b.k.service.DynamicRouteService - Completed route status sync
2025-09-03 22:39:53 [scheduling-1] INFO  c.m.b.k.service.DynamicRouteService - Starting route status sync with Camel context
2025-09-03 22:39:53 [scheduling-1] INFO  c.m.b.k.service.DynamicRouteService - Completed route status sync
2025-09-03 22:40:24 [scheduling-1] INFO  c.m.b.k.service.DynamicRouteService - Starting route status sync with Camel context
2025-09-03 22:40:24 [scheduling-1] INFO  c.m.b.k.service.DynamicRouteService - Completed route status sync
2025-09-03 22:40:53 [scheduling-1] INFO  c.m.b.k.service.DynamicRouteService - Starting route status sync with Camel context
2025-09-03 22:40:53 [scheduling-1] INFO  c.m.b.k.service.DynamicRouteService - Completed route status sync
2025-09-03 22:41:23 [scheduling-1] INFO  c.m.b.k.service.DynamicRouteService - Starting route status sync with Camel context
2025-09-03 22:41:23 [scheduling-1] INFO  c.m.b.k.service.DynamicRouteService - Completed route status sync
2025-09-03 22:41:53 [scheduling-1] INFO  c.m.b.k.service.DynamicRouteService - Starting route status sync with Camel context
2025-09-03 22:41:53 [scheduling-1] INFO  c.m.b.k.service.DynamicRouteService - Completed route status sync
2025-09-03 22:42:23 [scheduling-1] INFO  c.m.b.k.service.DynamicRouteService - Starting route status sync with Camel context
2025-09-03 22:42:23 [scheduling-1] INFO  c.m.b.k.service.DynamicRouteService - Completed route status sync
2025-09-03 22:42:53 [scheduling-1] INFO  c.m.b.k.service.DynamicRouteService - Starting route status sync with Camel context
2025-09-03 22:42:53 [scheduling-1] INFO  c.m.b.k.service.DynamicRouteService - Completed route status sync
2025-09-03 22:43:23 [scheduling-1] INFO  c.m.b.k.service.DynamicRouteService - Starting route status sync with Camel context
2025-09-03 22:43:23 [scheduling-1] INFO  c.m.b.k.service.DynamicRouteService - Completed route status sync
2025-09-03 22:43:53 [scheduling-1] INFO  c.m.b.k.service.DynamicRouteService - Starting route status sync with Camel context
2025-09-03 22:43:53 [scheduling-1] INFO  c.m.b.k.service.DynamicRouteService - Completed route status sync
2025-09-03 22:44:24 [scheduling-1] INFO  c.m.b.k.service.DynamicRouteService - Starting route status sync with Camel context
2025-09-03 22:44:24 [scheduling-1] INFO  c.m.b.k.service.DynamicRouteService - Completed route status sync
2025-09-03 22:44:53 [scheduling-1] INFO  c.m.b.k.service.DynamicRouteService - Starting route status sync with Camel context
2025-09-03 22:44:53 [scheduling-1] INFO  c.m.b.k.service.DynamicRouteService - Completed route status sync
2025-09-03 22:45:23 [scheduling-1] INFO  c.m.b.k.service.DynamicRouteService - Starting route status sync with Camel context
2025-09-03 22:45:23 [scheduling-1] INFO  c.m.b.k.service.DynamicRouteService - Completed route status sync
2025-09-03 22:45:53 [scheduling-1] INFO  c.m.b.k.service.DynamicRouteService - Starting route status sync with Camel context
2025-09-03 22:45:53 [scheduling-1] INFO  c.m.b.k.service.DynamicRouteService - Completed route status sync
2025-09-03 22:46:23 [scheduling-1] INFO  c.m.b.k.service.DynamicRouteService - Starting route status sync with Camel context
2025-09-03 22:46:23 [scheduling-1] INFO  c.m.b.k.service.DynamicRouteService - Completed route status sync
2025-09-03 22:46:53 [scheduling-1] INFO  c.m.b.k.service.DynamicRouteService - Starting route status sync with Camel context
2025-09-03 22:46:53 [scheduling-1] INFO  c.m.b.k.service.DynamicRouteService - Completed route status sync
2025-09-03 22:47:02 [SpringApplicationShutdownHook] INFO  org.quartz.core.QuartzScheduler - Scheduler quartzScheduler_$_NON_CLUSTERED paused.
2025-09-03 22:47:02 [SpringApplicationShutdownHook] INFO  o.a.c.i.engine.AbstractCamelContext - Apache Camel 4.4.0 (camel-1) is shutting down (timeout:45s)
2025-09-03 22:47:02 [SpringApplicationShutdownHook] INFO  o.a.c.i.engine.AbstractCamelContext - Routes stopped (stopped:0)
2025-09-03 22:47:02 [SpringApplicationShutdownHook] INFO  o.a.c.i.engine.AbstractCamelContext - Apache Camel 4.4.0 (camel-1) shutdown in 8ms (uptime:15m8s)
2025-09-03 22:47:02 [SpringApplicationShutdownHook] INFO  org.quartz.core.QuartzScheduler - Scheduler quartzScheduler_$_NON_CLUSTERED shutting down.
2025-09-03 22:47:02 [SpringApplicationShutdownHook] INFO  org.quartz.core.QuartzScheduler - Scheduler quartzScheduler_$_NON_CLUSTERED paused.
2025-09-03 22:47:02 [SpringApplicationShutdownHook] INFO  org.quartz.core.QuartzScheduler - Scheduler quartzScheduler_$_NON_CLUSTERED shutdown complete.
2025-09-03 22:47:02 [SpringApplicationShutdownHook] INFO  o.a.c.c.s.CamelHttpTransportServlet - Destroyed CamelHttpTransportServlet[CamelServlet]
2025-09-03 22:47:26 [background-preinit] INFO  o.h.validator.internal.util.Version - HV000001: Hibernate Validator 8.0.2.Final
2025-09-03 22:47:27 [main] INFO  c.m.MiddlewareApplicationTests - Starting MiddlewareApplicationTests using Java 23-valhalla with PID 15540 (started by omard in C:\Users\omard\Desktop\Work\jordan\back-end)
2025-09-03 22:47:27 [main] INFO  c.m.MiddlewareApplicationTests - No active profile set, falling back to 1 default profile: "default"
2025-09-03 22:47:27 [main] DEBUG o.s.w.c.s.GenericWebApplicationContext - Refreshing org.springframework.web.context.support.GenericWebApplicationContext@1ad8df52
2025-09-03 22:47:30 [main] INFO  o.h.jpa.internal.util.LogHelper - HHH000204: Processing PersistenceUnitInfo [name: default]
2025-09-03 22:47:30 [main] INFO  org.hibernate.Version - HHH000412: Hibernate ORM core version 6.6.11.Final
2025-09-03 22:47:30 [main] INFO  o.h.c.i.RegionFactoryInitiator - HHH000026: Second-level cache disabled
2025-09-03 22:47:30 [main] WARN  org.hibernate.orm.deprecation - HHH90000025: PostgreSQLDialect does not need to be specified explicitly using 'hibernate.dialect' (remove the property setting and it will be selected by default)
2025-09-03 22:47:30 [main] INFO  o.hibernate.orm.connections.pooling - HHH10001005: Database info:
	Database JDBC URL [Connecting through datasource 'org.springframework.jdbc.datasource.DriverManagerDataSource@733bd6f3']
	Database driver: undefined/unknown
	Database version: 17.4
	Autocommit mode: undefined/unknown
	Isolation level: undefined/unknown
	Minimum pool size: undefined/unknown
	Maximum pool size: undefined/unknown
2025-09-03 22:47:32 [main] INFO  o.h.e.t.j.p.i.JtaPlatformInitiator - HHH000489: No JTA platform available (set 'hibernate.transaction.jta.platform' to enable JTA platform integration)
2025-09-03 22:47:33 [main] INFO  o.a.camel.util.concurrent.ThreadType - The type of thread detected is PLATFORM
2025-09-03 22:47:37 [main] INFO  org.quartz.impl.StdSchedulerFactory - Using default implementation for ThreadExecutor
2025-09-03 22:47:37 [main] INFO  o.quartz.core.SchedulerSignalerImpl - Initialized Scheduler Signaller of type: class org.quartz.core.SchedulerSignalerImpl
2025-09-03 22:47:37 [main] INFO  org.quartz.core.QuartzScheduler - Quartz Scheduler v.2.3.2 created.
2025-09-03 22:47:37 [main] INFO  org.quartz.simpl.RAMJobStore - RAMJobStore initialized.
2025-09-03 22:47:37 [main] INFO  org.quartz.core.QuartzScheduler - Scheduler meta-data: Quartz Scheduler (v2.3.2) 'quartzScheduler' with instanceId 'NON_CLUSTERED'
  Scheduler class: 'org.quartz.core.QuartzScheduler' - running locally.
  NOT STARTED.
  Currently in standby mode.
  Number of jobs executed: 0
  Using thread pool 'org.quartz.simpl.SimpleThreadPool' - with 10 threads.
  Using job-store 'org.quartz.simpl.RAMJobStore' - which does not support persistence. and is not clustered.

2025-09-03 22:47:37 [main] INFO  org.quartz.impl.StdSchedulerFactory - Quartz scheduler 'quartzScheduler' initialized from an externally provided properties instance.
2025-09-03 22:47:37 [main] INFO  org.quartz.impl.StdSchedulerFactory - Quartz scheduler version: 2.3.2
2025-09-03 22:47:37 [main] INFO  org.quartz.core.QuartzScheduler - JobFactory set to: org.springframework.scheduling.quartz.SpringBeanJobFactory@313c05b9
2025-09-03 22:47:38 [main] INFO  c.m.b.k.i.Dhis2HeaderFilterConfig - === Configuring DHIS2 Header Filter (Static Test) ===
2025-09-03 22:47:38 [main] INFO  c.m.b.k.i.Dhis2HeaderFilterConfig - DHIS2 Header Filter configured - allowing most headers for testing
2025-09-03 22:47:38 [main] DEBUG o.s.w.s.m.m.a.RequestMappingHandlerMapping - 101 mappings in 'requestMappingHandlerMapping'
2025-09-03 22:47:39 [main] DEBUG o.s.w.s.h.SimpleUrlHandlerMapping - Patterns [/webjars/**, /**, /swagger-ui*/*swagger-initializer.js, /swagger-ui*/**] in 'resourceHandlerMapping'
2025-09-03 22:47:39 [main] DEBUG o.s.w.s.m.m.a.RequestMappingHandlerAdapter - ControllerAdvice beans: 0 @ModelAttribute, 0 @InitBinder, 1 RequestBodyAdvice, 1 ResponseBodyAdvice
2025-09-03 22:47:40 [main] DEBUG o.s.w.s.m.m.a.ExceptionHandlerExceptionResolver - ControllerAdvice beans: 2 @ExceptionHandler, 1 ResponseBodyAdvice
2025-09-03 22:47:41 [main] INFO  org.quartz.core.QuartzScheduler - Scheduler quartzScheduler_$_NON_CLUSTERED started.
2025-09-03 22:47:41 [scheduling-1] INFO  c.m.b.k.service.DynamicRouteService - Starting route status sync with Camel context
2025-09-03 22:47:42 [main] INFO  o.a.c.i.engine.AbstractCamelContext - Apache Camel 4.4.0 (camel-1) is starting
2025-09-03 22:47:42 [main] INFO  o.a.c.i.engine.AbstractCamelContext - Routes startup (started:0)
2025-09-03 22:47:42 [main] INFO  o.a.c.i.engine.AbstractCamelContext - Apache Camel 4.4.0 (camel-1) started in 20ms (build:0ms init:0ms start:20ms)
2025-09-03 22:47:42 [main] INFO  c.m.MiddlewareApplicationTests - Started MiddlewareApplicationTests in 15.409 seconds (process running for 16.622)
2025-09-03 22:47:42 [scheduling-1] INFO  c.m.b.k.service.DynamicRouteService - Completed route status sync
2025-09-03 22:47:42 [main] INFO  c.m.b.k.service.SequenceFixService - Fixing sequence for integration_mapping.id ...
2025-09-03 22:47:42 [main] INFO  c.m.b.k.service.SequenceFixService - Sequence public.integration_mapping_id_seq synced to 211. setval returned 211
2025-09-03 22:47:42 [main] INFO  c.m.b.k.service.SequenceFixService - Sequence fix done.
2025-09-03 22:47:43 [SpringApplicationShutdownHook] DEBUG o.s.w.c.s.GenericWebApplicationContext - Closing org.springframework.web.context.support.GenericWebApplicationContext@1ad8df52, started on Wed Sep 03 22:47:27 EEST 2025
2025-09-03 22:47:43 [SpringApplicationShutdownHook] INFO  org.quartz.core.QuartzScheduler - Scheduler quartzScheduler_$_NON_CLUSTERED paused.
2025-09-03 22:47:43 [SpringApplicationShutdownHook] INFO  o.a.c.i.engine.AbstractCamelContext - Apache Camel 4.4.0 (camel-1) is shutting down (timeout:45s)
2025-09-03 22:47:43 [SpringApplicationShutdownHook] INFO  o.a.c.i.engine.AbstractCamelContext - Routes stopped (stopped:0)
2025-09-03 22:47:43 [SpringApplicationShutdownHook] INFO  o.a.c.i.engine.AbstractCamelContext - Apache Camel 4.4.0 (camel-1) shutdown in 9ms (uptime:1s)
2025-09-03 22:47:43 [SpringApplicationShutdownHook] INFO  org.quartz.core.QuartzScheduler - Scheduler quartzScheduler_$_NON_CLUSTERED shutting down.
2025-09-03 22:47:43 [SpringApplicationShutdownHook] INFO  org.quartz.core.QuartzScheduler - Scheduler quartzScheduler_$_NON_CLUSTERED paused.
2025-09-03 22:47:43 [SpringApplicationShutdownHook] INFO  org.quartz.core.QuartzScheduler - Scheduler quartzScheduler_$_NON_CLUSTERED shutdown complete.
2025-09-03 23:35:05 [background-preinit] INFO  o.h.validator.internal.util.Version - HV000001: Hibernate Validator 8.0.2.Final
2025-09-03 23:35:05 [main] INFO  c.middleware.MiddlewareApplication - Starting MiddlewareApplication using Java 23-valhalla with PID 18120 (C:\Users\omard\Desktop\Work\jordan\back-end\target\classes started by omard in C:\Users\omard\Desktop\Work\jordan\back-end)
2025-09-03 23:35:05 [main] INFO  c.middleware.MiddlewareApplication - No active profile set, falling back to 1 default profile: "default"
2025-09-03 23:35:08 [main] INFO  o.a.coyote.http11.Http11NioProtocol - Initializing ProtocolHandler ["http-nio-8081"]
2025-09-03 23:35:08 [main] INFO  o.a.catalina.core.StandardService - Starting service [Tomcat]
2025-09-03 23:35:08 [main] INFO  o.a.catalina.core.StandardEngine - Starting Servlet engine: [Apache Tomcat/10.1.39]
2025-09-03 23:35:08 [main] INFO  o.a.c.c.C.[Tomcat].[localhost].[/] - Initializing Spring embedded WebApplicationContext
2025-09-03 23:35:09 [main] INFO  o.h.jpa.internal.util.LogHelper - HHH000204: Processing PersistenceUnitInfo [name: default]
2025-09-03 23:35:09 [main] INFO  org.hibernate.Version - HHH000412: Hibernate ORM core version 6.6.11.Final
2025-09-03 23:35:09 [main] INFO  o.h.c.i.RegionFactoryInitiator - HHH000026: Second-level cache disabled
2025-09-03 23:35:09 [main] WARN  org.hibernate.orm.deprecation - HHH90000025: PostgreSQLDialect does not need to be specified explicitly using 'hibernate.dialect' (remove the property setting and it will be selected by default)
2025-09-03 23:35:10 [main] INFO  o.hibernate.orm.connections.pooling - HHH10001005: Database info:
	Database JDBC URL [Connecting through datasource 'org.springframework.jdbc.datasource.DriverManagerDataSource@fabfc79']
	Database driver: undefined/unknown
	Database version: 17.4
	Autocommit mode: undefined/unknown
	Isolation level: undefined/unknown
	Minimum pool size: undefined/unknown
	Maximum pool size: undefined/unknown
2025-09-03 23:35:11 [main] INFO  o.h.e.t.j.p.i.JtaPlatformInitiator - HHH000489: No JTA platform available (set 'hibernate.transaction.jta.platform' to enable JTA platform integration)
2025-09-03 23:35:13 [main] INFO  o.a.camel.util.concurrent.ThreadType - The type of thread detected is PLATFORM
2025-09-03 23:35:15 [main] DEBUG o.s.w.f.ServerHttpObservationFilter - Filter 'webMvcObservationFilter' configured for use
2025-09-03 23:35:15 [main] DEBUG o.s.w.f.CommonsRequestLoggingFilter - Filter 'logFilter' configured for use
2025-09-03 23:35:15 [main] DEBUG c.m.b.users.config.JwtRequestFilter - Filter 'jwtRequestFilter' configured for use
2025-09-03 23:35:15 [main] INFO  org.quartz.impl.StdSchedulerFactory - Using default implementation for ThreadExecutor
2025-09-03 23:35:15 [main] INFO  o.quartz.core.SchedulerSignalerImpl - Initialized Scheduler Signaller of type: class org.quartz.core.SchedulerSignalerImpl
2025-09-03 23:35:15 [main] INFO  org.quartz.core.QuartzScheduler - Quartz Scheduler v.2.3.2 created.
2025-09-03 23:35:15 [main] INFO  org.quartz.simpl.RAMJobStore - RAMJobStore initialized.
2025-09-03 23:35:15 [main] INFO  org.quartz.core.QuartzScheduler - Scheduler meta-data: Quartz Scheduler (v2.3.2) 'quartzScheduler' with instanceId 'NON_CLUSTERED'
  Scheduler class: 'org.quartz.core.QuartzScheduler' - running locally.
  NOT STARTED.
  Currently in standby mode.
  Number of jobs executed: 0
  Using thread pool 'org.quartz.simpl.SimpleThreadPool' - with 10 threads.
  Using job-store 'org.quartz.simpl.RAMJobStore' - which does not support persistence. and is not clustered.

2025-09-03 23:35:15 [main] INFO  org.quartz.impl.StdSchedulerFactory - Quartz scheduler 'quartzScheduler' initialized from an externally provided properties instance.
2025-09-03 23:35:15 [main] INFO  org.quartz.impl.StdSchedulerFactory - Quartz scheduler version: 2.3.2
2025-09-03 23:35:15 [main] INFO  org.quartz.core.QuartzScheduler - JobFactory set to: org.springframework.scheduling.quartz.SpringBeanJobFactory@3bbd0a50
2025-09-03 23:35:16 [main] INFO  c.m.b.k.i.Dhis2HeaderFilterConfig - === Configuring DHIS2 Header Filter (Static Test) ===
2025-09-03 23:35:16 [main] INFO  c.m.b.k.i.Dhis2HeaderFilterConfig - DHIS2 Header Filter configured - allowing most headers for testing
2025-09-03 23:35:16 [main] DEBUG o.s.w.s.m.m.a.RequestMappingHandlerMapping - 101 mappings in 'requestMappingHandlerMapping'
2025-09-03 23:35:16 [main] DEBUG o.s.w.s.h.SimpleUrlHandlerMapping - Patterns [/webjars/**, /**, /swagger-ui*/*swagger-initializer.js, /swagger-ui*/**] in 'resourceHandlerMapping'
2025-09-03 23:35:17 [main] DEBUG o.s.w.s.m.m.a.RequestMappingHandlerAdapter - ControllerAdvice beans: 0 @ModelAttribute, 0 @InitBinder, 1 RequestBodyAdvice, 1 ResponseBodyAdvice
2025-09-03 23:35:17 [main] DEBUG o.s.w.s.m.m.a.ExceptionHandlerExceptionResolver - ControllerAdvice beans: 2 @ExceptionHandler, 1 ResponseBodyAdvice
2025-09-03 23:35:18 [main] INFO  o.a.coyote.http11.Http11NioProtocol - Starting ProtocolHandler ["http-nio-8081"]
2025-09-03 23:35:18 [main] INFO  o.a.c.c.s.CamelHttpTransportServlet - Initialized CamelHttpTransportServlet[name=CamelServlet, contextPath=]
2025-09-03 23:35:18 [main] INFO  org.quartz.core.QuartzScheduler - Scheduler quartzScheduler_$_NON_CLUSTERED started.
2025-09-03 23:35:18 [main] INFO  o.a.c.i.engine.AbstractCamelContext - Apache Camel 4.4.0 (camel-1) is starting
2025-09-03 23:35:18 [main] INFO  o.a.c.i.engine.AbstractCamelContext - Routes startup (started:0)
2025-09-03 23:35:18 [main] INFO  o.a.c.i.engine.AbstractCamelContext - Apache Camel 4.4.0 (camel-1) started in 9ms (build:0ms init:0ms start:9ms)
2025-09-03 23:35:18 [main] INFO  c.middleware.MiddlewareApplication - Started MiddlewareApplication in 13.899 seconds (process running for 16.001)
2025-09-03 23:35:18 [scheduling-1] INFO  c.m.b.k.service.DynamicRouteService - Starting route status sync with Camel context
2025-09-03 23:35:19 [scheduling-1] INFO  c.m.b.k.service.DynamicRouteService - Completed route status sync
2025-09-03 23:35:19 [main] INFO  c.m.b.k.service.SequenceFixService - Fixing sequence for integration_mapping.id ...
2025-09-03 23:35:19 [main] INFO  c.m.b.k.service.SequenceFixService - Sequence public.integration_mapping_id_seq synced to 211. setval returned 211
2025-09-03 23:35:19 [main] INFO  c.m.b.k.service.SequenceFixService - Sequence fix done.
2025-09-03 23:35:19 [RMI TCP Connection(4)-192.168.88.5] INFO  o.a.c.c.C.[Tomcat].[localhost].[/] - Initializing Spring DispatcherServlet 'dispatcherServlet'
2025-09-03 23:35:19 [RMI TCP Connection(4)-192.168.88.5] INFO  o.s.web.servlet.DispatcherServlet - Initializing Servlet 'dispatcherServlet'
2025-09-03 23:35:19 [RMI TCP Connection(4)-192.168.88.5] DEBUG o.s.web.servlet.DispatcherServlet - Detected StandardServletMultipartResolver
2025-09-03 23:35:19 [RMI TCP Connection(4)-192.168.88.5] DEBUG o.s.web.servlet.DispatcherServlet - Detected AcceptHeaderLocaleResolver
2025-09-03 23:35:19 [RMI TCP Connection(4)-192.168.88.5] DEBUG o.s.web.servlet.DispatcherServlet - Detected FixedThemeResolver
2025-09-03 23:35:19 [RMI TCP Connection(4)-192.168.88.5] DEBUG o.s.web.servlet.DispatcherServlet - Detected org.springframework.web.servlet.view.DefaultRequestToViewNameTranslator@65d43df9
2025-09-03 23:35:19 [RMI TCP Connection(4)-192.168.88.5] DEBUG o.s.web.servlet.DispatcherServlet - Detected org.springframework.web.servlet.support.SessionFlashMapManager@6bc0b35c
2025-09-03 23:35:19 [RMI TCP Connection(4)-192.168.88.5] DEBUG o.s.web.servlet.DispatcherServlet - enableLoggingRequestDetails='false': request parameters and headers will be masked to prevent unsafe logging of potentially sensitive data
2025-09-03 23:35:19 [RMI TCP Connection(4)-192.168.88.5] INFO  o.s.web.servlet.DispatcherServlet - Completed initialization in 5 ms
2025-09-03 23:35:43 [http-nio-8081-exec-2] DEBUG o.s.w.f.CommonsRequestLoggingFilter - Before request [POST /api/auth/login, client=0:0:0:0:0:0:0:1]
2025-09-03 23:35:43 [http-nio-8081-exec-2] DEBUG o.s.web.servlet.DispatcherServlet - POST "/api/auth/login", parameters={}
2025-09-03 23:35:43 [http-nio-8081-exec-2] DEBUG o.s.w.s.m.m.a.RequestMappingHandlerMapping - Mapped to com.middleware.backend.users.auth.AuthController#login(AuthRequest)
2025-09-03 23:35:43 [http-nio-8081-exec-2] DEBUG o.s.w.s.m.m.a.RequestResponseBodyMethodProcessor - Read "application/json;charset=UTF-8" to [AuthController.AuthRequest(email=admin@mail.com, password=S123@231)]
2025-09-03 23:35:44 [http-nio-8081-exec-2] DEBUG o.s.w.s.m.m.a.RequestResponseBodyMethodProcessor - Using 'application/json', given [*/*] and supported [application/json, application/*+json, application/yaml]
2025-09-03 23:35:44 [http-nio-8081-exec-2] DEBUG o.s.w.s.m.m.a.RequestResponseBodyMethodProcessor - Writing [AuthController.AuthResponse(token=eyJhbGciOiJIUzI1NiJ9.eyJzdWIiOiJhZG1pbkBtYWlsLmNvbSIsImlhdCI6MTc1N (truncated)...]
2025-09-03 23:35:44 [http-nio-8081-exec-2] DEBUG o.s.web.servlet.DispatcherServlet - Completed 200 OK
2025-09-03 23:35:44 [http-nio-8081-exec-2] DEBUG o.s.w.f.CommonsRequestLoggingFilter - After request [POST /api/auth/login, client=0:0:0:0:0:0:0:1, payload={"email":"admin@mail.com","password":"S123@231"}]
2025-09-03 23:35:47 [http-nio-8081-exec-5] INFO  c.m.b.k.service.DynamicRouteService - Fetching active routes with pagination
2025-09-03 23:35:47 [http-nio-8081-exec-5] DEBUG o.s.w.f.CommonsRequestLoggingFilter - Before request [GET /api/routes/latest?page=0&size=10, client=0:0:0:0:0:0:0:1, user=admin@mail.com]
2025-09-03 23:35:47 [http-nio-8081-exec-5] DEBUG o.s.web.servlet.DispatcherServlet - GET "/api/routes/latest?page=0&size=10", parameters={masked}
2025-09-03 23:35:47 [http-nio-8081-exec-5] DEBUG o.s.w.s.m.m.a.RequestMappingHandlerMapping - Mapped to com.middleware.backend.kaotocamel.controller.DynamicRouteController#getRoutes(String, String, String, String, Boolean, String, String, LocalDateTime, LocalDateTime, String, String, int, int)
2025-09-03 23:35:47 [http-nio-8081-exec-5] WARN  o.s.d.w.c.SpringDataJacksonConfiguration$PageModule$WarningLoggingModifier - Serializing PageImpl instances as-is is not supported, meaning that there is no guarantee about the stability of the resulting JSON structure!
	For a stable JSON structure, please use Spring Data's PagedModel (globally via @EnableSpringDataWebSupport(pageSerializationMode = VIA_DTO))
	or Spring HATEOAS and Spring Data's PagedResourcesAssembler as documented in https://docs.spring.io/spring-data/commons/reference/repositories/core-extensions.html#core.web.pageables.

2025-09-03 23:35:47 [http-nio-8081-exec-5] DEBUG o.s.w.s.m.m.a.HttpEntityMethodProcessor - Using 'application/json', given [*/*] and supported [application/json, application/*+json, application/yaml]
2025-09-03 23:35:47 [http-nio-8081-exec-5] DEBUG o.s.w.s.m.m.a.HttpEntityMethodProcessor - Writing [Page 1 of 0 containing UNKNOWN instances]
2025-09-03 23:35:47 [http-nio-8081-exec-5] DEBUG o.s.web.servlet.DispatcherServlet - Completed 200 OK
2025-09-03 23:35:47 [http-nio-8081-exec-5] DEBUG o.s.w.f.CommonsRequestLoggingFilter - After request [GET /api/routes/latest?page=0&size=10, client=0:0:0:0:0:0:0:1, user=admin@mail.com]
2025-09-03 23:35:48 [scheduling-1] INFO  c.m.b.k.service.DynamicRouteService - Starting route status sync with Camel context
2025-09-03 23:35:48 [scheduling-1] INFO  c.m.b.k.service.DynamicRouteService - Completed route status sync
2025-09-03 23:35:49 [http-nio-8081-exec-7] INFO  c.m.b.k.service.DynamicRouteService - Fetching active routes with pagination
2025-09-03 23:35:49 [http-nio-8081-exec-7] DEBUG o.s.w.f.CommonsRequestLoggingFilter - Before request [POST /api/routes/create, client=0:0:0:0:0:0:0:1, user=admin@mail.com]
2025-09-03 23:35:49 [http-nio-8081-exec-7] DEBUG o.s.web.servlet.DispatcherServlet - POST "/api/routes/create", parameters={}
2025-09-03 23:35:49 [http-nio-8081-exec-7] DEBUG o.s.w.s.m.m.a.RequestMappingHandlerMapping - Mapped to com.middleware.backend.kaotocamel.controller.DynamicRouteController#create(String, String)
2025-09-03 23:35:49 [http-nio-8081-exec-7] DEBUG o.s.w.s.m.m.a.RequestResponseBodyMethodProcessor - Read "text/plain;charset=UTF-8" to ["- route:<EOL>    id: "my-new-route"<EOL>    description: "New route description"<EOL>    from:<EOL>      uri: rest:p (truncated)..."]
2025-09-03 23:35:49 [http-nio-8081-exec-7] INFO  c.m.b.k.service.DynamicRouteService - found 0 versions
2025-09-03 23:35:50 [http-nio-8081-exec-7] INFO  c.m.b.k.service.DynamicRouteService - Uploaded route my-new-route version 1
2025-09-03 23:35:50 [http-nio-8081-exec-7] DEBUG o.s.w.s.m.m.a.HttpEntityMethodProcessor - Using 'text/plain', given [*/*] and supported [text/plain, */*, application/json, application/*+json, application/yaml]
2025-09-03 23:35:50 [http-nio-8081-exec-7] DEBUG o.s.w.s.m.m.a.HttpEntityMethodProcessor - Writing ["Route my-new-route uploaded as version 1"]
2025-09-03 23:35:50 [http-nio-8081-exec-7] DEBUG o.s.web.servlet.DispatcherServlet - Completed 200 OK
2025-09-03 23:35:50 [http-nio-8081-exec-7] DEBUG o.s.w.f.CommonsRequestLoggingFilter - After request [POST /api/routes/create, client=0:0:0:0:0:0:0:1, user=admin@mail.com, payload=- route:
    id: "my-new-route"
    description: "New route description"
    from:
      uri: rest:post:/api/hello
      steps:
        - log:
            message: 'Received: ${body}'
        - setBody:
            constant: 'Hello from new route!'
        - to: 'log:output']
2025-09-03 23:35:51 [http-nio-8081-exec-8] INFO  c.m.b.k.service.DynamicRouteService - Fetching active routes with pagination
2025-09-03 23:35:51 [http-nio-8081-exec-8] DEBUG o.s.w.f.CommonsRequestLoggingFilter - Before request [GET /api/routes/latest?page=0&size=10, client=0:0:0:0:0:0:0:1, user=admin@mail.com]
2025-09-03 23:35:51 [http-nio-8081-exec-8] DEBUG o.s.web.servlet.DispatcherServlet - GET "/api/routes/latest?page=0&size=10", parameters={masked}
2025-09-03 23:35:51 [http-nio-8081-exec-8] DEBUG o.s.w.s.m.m.a.RequestMappingHandlerMapping - Mapped to com.middleware.backend.kaotocamel.controller.DynamicRouteController#getRoutes(String, String, String, String, Boolean, String, String, LocalDateTime, LocalDateTime, String, String, int, int)
2025-09-03 23:35:51 [http-nio-8081-exec-8] DEBUG o.s.w.s.m.m.a.HttpEntityMethodProcessor - Using 'application/json', given [*/*] and supported [application/json, application/*+json, application/yaml]
2025-09-03 23:35:51 [http-nio-8081-exec-8] DEBUG o.s.w.s.m.m.a.HttpEntityMethodProcessor - Writing [Page 1 of 1 containing com.middleware.backend.kaotocamel.model.DynamicRouteEntity instances]
2025-09-03 23:35:51 [http-nio-8081-exec-8] DEBUG o.s.web.servlet.DispatcherServlet - Completed 200 OK
2025-09-03 23:35:51 [http-nio-8081-exec-8] DEBUG o.s.w.f.CommonsRequestLoggingFilter - After request [GET /api/routes/latest?page=0&size=10, client=0:0:0:0:0:0:0:1, user=admin@mail.com]
2025-09-03 23:35:52 [http-nio-8081-exec-10] INFO  c.m.b.k.service.DynamicRouteService - Fetching active routes with pagination
2025-09-03 23:35:52 [http-nio-8081-exec-10] DEBUG o.s.w.f.CommonsRequestLoggingFilter - Before request [GET /api/routes/latest?routeId=my-new-route&size=1, client=0:0:0:0:0:0:0:1, user=admin@mail.com]
2025-09-03 23:35:52 [http-nio-8081-exec-10] DEBUG o.s.web.servlet.DispatcherServlet - GET "/api/routes/latest?routeId=my-new-route&size=1", parameters={masked}
2025-09-03 23:35:52 [http-nio-8081-exec-10] DEBUG o.s.w.s.m.m.a.RequestMappingHandlerMapping - Mapped to com.middleware.backend.kaotocamel.controller.DynamicRouteController#getRoutes(String, String, String, String, Boolean, String, String, LocalDateTime, LocalDateTime, String, String, int, int)
2025-09-03 23:35:53 [http-nio-8081-exec-10] DEBUG o.s.w.s.m.m.a.HttpEntityMethodProcessor - Using 'application/json', given [*/*] and supported [application/json, application/*+json, application/yaml]
2025-09-03 23:35:53 [http-nio-8081-exec-10] DEBUG o.s.w.s.m.m.a.HttpEntityMethodProcessor - Writing [Page 1 of 1 containing com.middleware.backend.kaotocamel.model.DynamicRouteEntity instances]
2025-09-03 23:35:53 [http-nio-8081-exec-10] DEBUG o.s.web.servlet.DispatcherServlet - Completed 200 OK
2025-09-03 23:35:53 [http-nio-8081-exec-10] DEBUG o.s.w.f.CommonsRequestLoggingFilter - After request [GET /api/routes/latest?routeId=my-new-route&size=1, client=0:0:0:0:0:0:0:1, user=admin@mail.com]
2025-09-03 23:36:17 [http-nio-8081-exec-1] INFO  c.m.b.k.service.DynamicRouteService - Fetching active routes with pagination
2025-09-03 23:36:17 [http-nio-8081-exec-1] DEBUG o.s.w.f.CommonsRequestLoggingFilter - Before request [GET /api/routes/latest?page=0&size=10, client=0:0:0:0:0:0:0:1, user=admin@mail.com]
2025-09-03 23:36:17 [http-nio-8081-exec-1] DEBUG o.s.web.servlet.DispatcherServlet - GET "/api/routes/latest?page=0&size=10", parameters={masked}
2025-09-03 23:36:17 [http-nio-8081-exec-1] DEBUG o.s.w.s.m.m.a.RequestMappingHandlerMapping - Mapped to com.middleware.backend.kaotocamel.controller.DynamicRouteController#getRoutes(String, String, String, String, Boolean, String, String, LocalDateTime, LocalDateTime, String, String, int, int)
2025-09-03 23:36:17 [http-nio-8081-exec-1] DEBUG o.s.w.s.m.m.a.HttpEntityMethodProcessor - Using 'application/json', given [*/*] and supported [application/json, application/*+json, application/yaml]
2025-09-03 23:36:17 [http-nio-8081-exec-1] DEBUG o.s.w.s.m.m.a.HttpEntityMethodProcessor - Writing [Page 1 of 1 containing com.middleware.backend.kaotocamel.model.DynamicRouteEntity instances]
2025-09-03 23:36:17 [http-nio-8081-exec-1] DEBUG o.s.web.servlet.DispatcherServlet - Completed 200 OK
2025-09-03 23:36:17 [http-nio-8081-exec-1] DEBUG o.s.w.f.CommonsRequestLoggingFilter - After request [GET /api/routes/latest?page=0&size=10, client=0:0:0:0:0:0:0:1, user=admin@mail.com]
2025-09-03 23:36:18 [scheduling-1] INFO  c.m.b.k.service.DynamicRouteService - Starting route status sync with Camel context
2025-09-03 23:36:18 [scheduling-1] INFO  c.m.b.k.service.DynamicRouteService - Completed route status sync
2025-09-03 23:36:48 [scheduling-1] INFO  c.m.b.k.service.DynamicRouteService - Starting route status sync with Camel context
2025-09-03 23:36:48 [scheduling-1] INFO  c.m.b.k.service.DynamicRouteService - Completed route status sync
2025-09-03 23:37:18 [scheduling-1] INFO  c.m.b.k.service.DynamicRouteService - Starting route status sync with Camel context
2025-09-03 23:37:18 [scheduling-1] INFO  c.m.b.k.service.DynamicRouteService - Completed route status sync
2025-09-03 23:37:48 [scheduling-1] INFO  c.m.b.k.service.DynamicRouteService - Starting route status sync with Camel context
2025-09-03 23:37:48 [scheduling-1] INFO  c.m.b.k.service.DynamicRouteService - Completed route status sync
2025-09-03 23:38:18 [scheduling-1] INFO  c.m.b.k.service.DynamicRouteService - Starting route status sync with Camel context
2025-09-03 23:38:18 [scheduling-1] INFO  c.m.b.k.service.DynamicRouteService - Completed route status sync
2025-09-03 23:38:49 [scheduling-1] INFO  c.m.b.k.service.DynamicRouteService - Starting route status sync with Camel context
2025-09-03 23:38:49 [scheduling-1] INFO  c.m.b.k.service.DynamicRouteService - Completed route status sync
2025-09-03 23:39:18 [scheduling-1] INFO  c.m.b.k.service.DynamicRouteService - Starting route status sync with Camel context
2025-09-03 23:39:18 [scheduling-1] INFO  c.m.b.k.service.DynamicRouteService - Completed route status sync
2025-09-03 23:39:48 [scheduling-1] INFO  c.m.b.k.service.DynamicRouteService - Starting route status sync with Camel context
2025-09-03 23:39:48 [scheduling-1] INFO  c.m.b.k.service.DynamicRouteService - Completed route status sync
2025-09-03 23:40:19 [scheduling-1] INFO  c.m.b.k.service.DynamicRouteService - Starting route status sync with Camel context
2025-09-03 23:40:19 [scheduling-1] INFO  c.m.b.k.service.DynamicRouteService - Completed route status sync
2025-09-03 23:40:48 [scheduling-1] INFO  c.m.b.k.service.DynamicRouteService - Starting route status sync with Camel context
2025-09-03 23:40:48 [scheduling-1] INFO  c.m.b.k.service.DynamicRouteService - Completed route status sync
2025-09-03 23:41:19 [scheduling-1] INFO  c.m.b.k.service.DynamicRouteService - Starting route status sync with Camel context
2025-09-03 23:41:19 [scheduling-1] INFO  c.m.b.k.service.DynamicRouteService - Completed route status sync
2025-09-03 23:41:24 [http-nio-8081-exec-8] DEBUG o.s.w.f.CommonsRequestLoggingFilter - Before request [POST /api/auth/login, client=0:0:0:0:0:0:0:1]
2025-09-03 23:41:24 [http-nio-8081-exec-8] DEBUG o.s.web.servlet.DispatcherServlet - POST "/api/auth/login", parameters={}
2025-09-03 23:41:24 [http-nio-8081-exec-8] DEBUG o.s.w.s.m.m.a.RequestMappingHandlerMapping - Mapped to com.middleware.backend.users.auth.AuthController#login(AuthRequest)
2025-09-03 23:41:24 [http-nio-8081-exec-8] DEBUG o.s.w.s.m.m.a.RequestResponseBodyMethodProcessor - Read "application/json;charset=UTF-8" to [AuthController.AuthRequest(email=admin@mail.com, password=S123@213)]
2025-09-03 23:41:25 [http-nio-8081-exec-8] DEBUG o.s.w.s.m.m.a.ExceptionHandlerExceptionResolver - Using @ExceptionHandler com.middleware.backend.exception.GlobalExceptionHandler#handleRuntimeException(RuntimeException)
2025-09-03 23:41:25 [http-nio-8081-exec-8] DEBUG o.s.w.s.m.m.a.HttpEntityMethodProcessor - Using 'application/json', given [*/*] and supported [application/json, application/*+json, application/yaml]
2025-09-03 23:41:25 [http-nio-8081-exec-8] DEBUG o.s.w.s.m.m.a.HttpEntityMethodProcessor - Writing [{message=Bad credentials, timestamp=2025-09-03T23:41:25.131922200}]
2025-09-03 23:41:25 [http-nio-8081-exec-8] DEBUG o.s.w.s.m.m.a.ExceptionHandlerExceptionResolver - Resolved [org.springframework.security.authentication.BadCredentialsException: Bad credentials]
2025-09-03 23:41:25 [http-nio-8081-exec-8] DEBUG o.s.web.servlet.DispatcherServlet - Completed 400 BAD_REQUEST
2025-09-03 23:41:25 [http-nio-8081-exec-8] DEBUG o.s.w.f.CommonsRequestLoggingFilter - After request [POST /api/auth/login, client=0:0:0:0:0:0:0:1, payload={"email":"admin@mail.com","password":"S123@213"}]
2025-09-03 23:41:32 [http-nio-8081-exec-6] DEBUG o.s.w.f.CommonsRequestLoggingFilter - Before request [POST /api/auth/login, client=0:0:0:0:0:0:0:1]
2025-09-03 23:41:32 [http-nio-8081-exec-6] DEBUG o.s.web.servlet.DispatcherServlet - POST "/api/auth/login", parameters={}
2025-09-03 23:41:32 [http-nio-8081-exec-6] DEBUG o.s.w.s.m.m.a.RequestMappingHandlerMapping - Mapped to com.middleware.backend.users.auth.AuthController#login(AuthRequest)
2025-09-03 23:41:32 [http-nio-8081-exec-6] DEBUG o.s.w.s.m.m.a.RequestResponseBodyMethodProcessor - Read "application/json;charset=UTF-8" to [AuthController.AuthRequest(email=admin@mail.com, password=S123@213)]
2025-09-03 23:41:32 [http-nio-8081-exec-6] DEBUG o.s.w.s.m.m.a.ExceptionHandlerExceptionResolver - Using @ExceptionHandler com.middleware.backend.exception.GlobalExceptionHandler#handleRuntimeException(RuntimeException)
2025-09-03 23:41:32 [http-nio-8081-exec-6] DEBUG o.s.w.s.m.m.a.HttpEntityMethodProcessor - Using 'application/json', given [*/*] and supported [application/json, application/*+json, application/yaml]
2025-09-03 23:41:32 [http-nio-8081-exec-6] DEBUG o.s.w.s.m.m.a.HttpEntityMethodProcessor - Writing [{message=Bad credentials, timestamp=2025-09-03T23:41:32.509878900}]
2025-09-03 23:41:32 [http-nio-8081-exec-6] DEBUG o.s.w.s.m.m.a.ExceptionHandlerExceptionResolver - Resolved [org.springframework.security.authentication.BadCredentialsException: Bad credentials]
2025-09-03 23:41:32 [http-nio-8081-exec-6] DEBUG o.s.web.servlet.DispatcherServlet - Completed 400 BAD_REQUEST
2025-09-03 23:41:32 [http-nio-8081-exec-6] DEBUG o.s.w.f.CommonsRequestLoggingFilter - After request [POST /api/auth/login, client=0:0:0:0:0:0:0:1, payload={"email":"admin@mail.com","password":"S123@213"}]
2025-09-03 23:41:42 [http-nio-8081-exec-10] DEBUG o.s.w.f.CommonsRequestLoggingFilter - Before request [POST /api/auth/login, client=0:0:0:0:0:0:0:1]
2025-09-03 23:41:42 [http-nio-8081-exec-10] DEBUG o.s.web.servlet.DispatcherServlet - POST "/api/auth/login", parameters={}
2025-09-03 23:41:42 [http-nio-8081-exec-10] DEBUG o.s.w.s.m.m.a.RequestMappingHandlerMapping - Mapped to com.middleware.backend.users.auth.AuthController#login(AuthRequest)
2025-09-03 23:41:42 [http-nio-8081-exec-10] DEBUG o.s.w.s.m.m.a.RequestResponseBodyMethodProcessor - Read "application/json;charset=UTF-8" to [AuthController.AuthRequest(email=admin@mail.com, password=S1213@231)]
2025-09-03 23:41:42 [http-nio-8081-exec-10] DEBUG o.s.w.s.m.m.a.ExceptionHandlerExceptionResolver - Using @ExceptionHandler com.middleware.backend.exception.GlobalExceptionHandler#handleRuntimeException(RuntimeException)
2025-09-03 23:41:42 [http-nio-8081-exec-10] DEBUG o.s.w.s.m.m.a.HttpEntityMethodProcessor - Using 'application/json', given [*/*] and supported [application/json, application/*+json, application/yaml]
2025-09-03 23:41:42 [http-nio-8081-exec-10] DEBUG o.s.w.s.m.m.a.HttpEntityMethodProcessor - Writing [{message=Bad credentials, timestamp=2025-09-03T23:41:42.612487500}]
2025-09-03 23:41:42 [http-nio-8081-exec-10] DEBUG o.s.w.s.m.m.a.ExceptionHandlerExceptionResolver - Resolved [org.springframework.security.authentication.BadCredentialsException: Bad credentials]
2025-09-03 23:41:42 [http-nio-8081-exec-10] DEBUG o.s.web.servlet.DispatcherServlet - Completed 400 BAD_REQUEST
2025-09-03 23:41:42 [http-nio-8081-exec-10] DEBUG o.s.w.f.CommonsRequestLoggingFilter - After request [POST /api/auth/login, client=0:0:0:0:0:0:0:1, payload={"email":"admin@mail.com","password":"S1213@231"}]
2025-09-03 23:41:48 [scheduling-1] INFO  c.m.b.k.service.DynamicRouteService - Starting route status sync with Camel context
2025-09-03 23:41:48 [scheduling-1] INFO  c.m.b.k.service.DynamicRouteService - Completed route status sync
2025-09-03 23:42:00 [http-nio-8081-exec-9] DEBUG o.s.w.f.CommonsRequestLoggingFilter - Before request [POST /api/auth/login, client=0:0:0:0:0:0:0:1]
2025-09-03 23:42:00 [http-nio-8081-exec-9] DEBUG o.s.web.servlet.DispatcherServlet - POST "/api/auth/login", parameters={}
2025-09-03 23:42:00 [http-nio-8081-exec-9] DEBUG o.s.w.s.m.m.a.RequestMappingHandlerMapping - Mapped to com.middleware.backend.users.auth.AuthController#login(AuthRequest)
2025-09-03 23:42:00 [http-nio-8081-exec-9] DEBUG o.s.w.s.m.m.a.RequestResponseBodyMethodProcessor - Read "application/json;charset=UTF-8" to [AuthController.AuthRequest(email=admin@mail.com, password=S123@231)]
2025-09-03 23:42:00 [http-nio-8081-exec-9] DEBUG o.s.w.s.m.m.a.RequestResponseBodyMethodProcessor - Using 'application/json', given [*/*] and supported [application/json, application/*+json, application/yaml]
2025-09-03 23:42:00 [http-nio-8081-exec-9] DEBUG o.s.w.s.m.m.a.RequestResponseBodyMethodProcessor - Writing [AuthController.AuthResponse(token=eyJhbGciOiJIUzI1NiJ9.eyJzdWIiOiJhZG1pbkBtYWlsLmNvbSIsImlhdCI6MTc1N (truncated)...]
2025-09-03 23:42:00 [http-nio-8081-exec-9] DEBUG o.s.web.servlet.DispatcherServlet - Completed 200 OK
2025-09-03 23:42:00 [http-nio-8081-exec-9] DEBUG o.s.w.f.CommonsRequestLoggingFilter - After request [POST /api/auth/login, client=0:0:0:0:0:0:0:1, payload={"email":"admin@mail.com","password":"S123@231"}]
2025-09-03 23:42:03 [http-nio-8081-exec-1] INFO  c.m.b.k.service.DynamicRouteService - Fetching active routes with pagination
2025-09-03 23:42:03 [http-nio-8081-exec-1] DEBUG o.s.w.f.CommonsRequestLoggingFilter - Before request [GET /api/routes/latest?page=0&size=10, client=0:0:0:0:0:0:0:1, user=admin@mail.com]
2025-09-03 23:42:03 [http-nio-8081-exec-1] DEBUG o.s.web.servlet.DispatcherServlet - GET "/api/routes/latest?page=0&size=10", parameters={masked}
2025-09-03 23:42:03 [http-nio-8081-exec-1] DEBUG o.s.w.s.m.m.a.RequestMappingHandlerMapping - Mapped to com.middleware.backend.kaotocamel.controller.DynamicRouteController#getRoutes(String, String, String, String, Boolean, String, String, LocalDateTime, LocalDateTime, String, String, int, int)
2025-09-03 23:42:03 [http-nio-8081-exec-1] DEBUG o.s.w.s.m.m.a.HttpEntityMethodProcessor - Using 'application/json', given [*/*] and supported [application/json, application/*+json, application/yaml]
2025-09-03 23:42:03 [http-nio-8081-exec-1] DEBUG o.s.w.s.m.m.a.HttpEntityMethodProcessor - Writing [Page 1 of 1 containing com.middleware.backend.kaotocamel.model.DynamicRouteEntity instances]
2025-09-03 23:42:03 [http-nio-8081-exec-1] DEBUG o.s.web.servlet.DispatcherServlet - Completed 200 OK
2025-09-03 23:42:03 [http-nio-8081-exec-1] DEBUG o.s.w.f.CommonsRequestLoggingFilter - After request [GET /api/routes/latest?page=0&size=10, client=0:0:0:0:0:0:0:1, user=admin@mail.com]
2025-09-03 23:42:05 [http-nio-8081-exec-3] INFO  c.m.b.k.service.DynamicRouteService - Fetching active routes with pagination
2025-09-03 23:42:05 [http-nio-8081-exec-3] DEBUG o.s.w.f.CommonsRequestLoggingFilter - Before request [GET /api/routes/latest?routeId=my-new-route&size=1, client=0:0:0:0:0:0:0:1, user=admin@mail.com]
2025-09-03 23:42:05 [http-nio-8081-exec-3] DEBUG o.s.web.servlet.DispatcherServlet - GET "/api/routes/latest?routeId=my-new-route&size=1", parameters={masked}
2025-09-03 23:42:05 [http-nio-8081-exec-3] DEBUG o.s.w.s.m.m.a.RequestMappingHandlerMapping - Mapped to com.middleware.backend.kaotocamel.controller.DynamicRouteController#getRoutes(String, String, String, String, Boolean, String, String, LocalDateTime, LocalDateTime, String, String, int, int)
2025-09-03 23:42:05 [http-nio-8081-exec-3] DEBUG o.s.w.s.m.m.a.HttpEntityMethodProcessor - Using 'application/json', given [*/*] and supported [application/json, application/*+json, application/yaml]
2025-09-03 23:42:05 [http-nio-8081-exec-3] DEBUG o.s.w.s.m.m.a.HttpEntityMethodProcessor - Writing [Page 1 of 1 containing com.middleware.backend.kaotocamel.model.DynamicRouteEntity instances]
2025-09-03 23:42:05 [http-nio-8081-exec-3] DEBUG o.s.web.servlet.DispatcherServlet - Completed 200 OK
2025-09-03 23:42:05 [http-nio-8081-exec-3] DEBUG o.s.w.f.CommonsRequestLoggingFilter - After request [GET /api/routes/latest?routeId=my-new-route&size=1, client=0:0:0:0:0:0:0:1, user=admin@mail.com]
2025-09-03 23:42:15 [http-nio-8081-exec-5] INFO  c.m.b.k.service.DynamicRouteService - Fetching active routes with pagination
2025-09-03 23:42:15 [http-nio-8081-exec-5] DEBUG o.s.w.f.CommonsRequestLoggingFilter - Before request [GET /api/routes/latest?routeId=my-new-route&size=1, client=0:0:0:0:0:0:0:1, user=admin@mail.com]
2025-09-03 23:42:15 [http-nio-8081-exec-5] DEBUG o.s.web.servlet.DispatcherServlet - GET "/api/routes/latest?routeId=my-new-route&size=1", parameters={masked}
2025-09-03 23:42:15 [http-nio-8081-exec-5] DEBUG o.s.w.s.m.m.a.RequestMappingHandlerMapping - Mapped to com.middleware.backend.kaotocamel.controller.DynamicRouteController#getRoutes(String, String, String, String, Boolean, String, String, LocalDateTime, LocalDateTime, String, String, int, int)
2025-09-03 23:42:16 [http-nio-8081-exec-5] DEBUG o.s.w.s.m.m.a.HttpEntityMethodProcessor - Using 'application/json', given [*/*] and supported [application/json, application/*+json, application/yaml]
2025-09-03 23:42:16 [http-nio-8081-exec-5] DEBUG o.s.w.s.m.m.a.HttpEntityMethodProcessor - Writing [Page 1 of 1 containing com.middleware.backend.kaotocamel.model.DynamicRouteEntity instances]
2025-09-03 23:42:16 [http-nio-8081-exec-5] DEBUG o.s.web.servlet.DispatcherServlet - Completed 200 OK
2025-09-03 23:42:16 [http-nio-8081-exec-5] DEBUG o.s.w.f.CommonsRequestLoggingFilter - After request [GET /api/routes/latest?routeId=my-new-route&size=1, client=0:0:0:0:0:0:0:1, user=admin@mail.com]
2025-09-03 23:42:18 [scheduling-1] INFO  c.m.b.k.service.DynamicRouteService - Starting route status sync with Camel context
2025-09-03 23:42:18 [scheduling-1] INFO  c.m.b.k.service.DynamicRouteService - Completed route status sync
2025-09-03 23:42:22 [http-nio-8081-exec-4] INFO  c.m.b.k.service.DynamicRouteService - Fetching active routes with pagination
2025-09-03 23:42:22 [http-nio-8081-exec-4] DEBUG o.s.w.f.CommonsRequestLoggingFilter - Before request [GET /api/routes/latest?routeId=my-new-route&size=1, client=0:0:0:0:0:0:0:1, user=admin@mail.com]
2025-09-03 23:42:22 [http-nio-8081-exec-4] DEBUG o.s.web.servlet.DispatcherServlet - GET "/api/routes/latest?routeId=my-new-route&size=1", parameters={masked}
2025-09-03 23:42:22 [http-nio-8081-exec-4] DEBUG o.s.w.s.m.m.a.RequestMappingHandlerMapping - Mapped to com.middleware.backend.kaotocamel.controller.DynamicRouteController#getRoutes(String, String, String, String, Boolean, String, String, LocalDateTime, LocalDateTime, String, String, int, int)
2025-09-03 23:42:22 [http-nio-8081-exec-4] DEBUG o.s.w.s.m.m.a.HttpEntityMethodProcessor - Using 'application/json', given [*/*] and supported [application/json, application/*+json, application/yaml]
2025-09-03 23:42:22 [http-nio-8081-exec-4] DEBUG o.s.w.s.m.m.a.HttpEntityMethodProcessor - Writing [Page 1 of 1 containing com.middleware.backend.kaotocamel.model.DynamicRouteEntity instances]
2025-09-03 23:42:22 [http-nio-8081-exec-4] DEBUG o.s.web.servlet.DispatcherServlet - Completed 200 OK
2025-09-03 23:42:22 [http-nio-8081-exec-4] DEBUG o.s.w.f.CommonsRequestLoggingFilter - After request [GET /api/routes/latest?routeId=my-new-route&size=1, client=0:0:0:0:0:0:0:1, user=admin@mail.com]
2025-09-03 23:42:24 [http-nio-8081-exec-7] INFO  c.m.b.k.service.DynamicRouteService - Fetching active routes with pagination
2025-09-03 23:42:24 [http-nio-8081-exec-7] DEBUG o.s.w.f.CommonsRequestLoggingFilter - Before request [GET /api/routes/latest?routeId=my-new-route&size=1, client=0:0:0:0:0:0:0:1, user=admin@mail.com]
2025-09-03 23:42:24 [http-nio-8081-exec-7] DEBUG o.s.web.servlet.DispatcherServlet - GET "/api/routes/latest?routeId=my-new-route&size=1", parameters={masked}
2025-09-03 23:42:24 [http-nio-8081-exec-7] DEBUG o.s.w.s.m.m.a.RequestMappingHandlerMapping - Mapped to com.middleware.backend.kaotocamel.controller.DynamicRouteController#getRoutes(String, String, String, String, Boolean, String, String, LocalDateTime, LocalDateTime, String, String, int, int)
2025-09-03 23:42:24 [http-nio-8081-exec-7] DEBUG o.s.w.s.m.m.a.HttpEntityMethodProcessor - Using 'application/json', given [*/*] and supported [application/json, application/*+json, application/yaml]
2025-09-03 23:42:24 [http-nio-8081-exec-7] DEBUG o.s.w.s.m.m.a.HttpEntityMethodProcessor - Writing [Page 1 of 1 containing com.middleware.backend.kaotocamel.model.DynamicRouteEntity instances]
2025-09-03 23:42:24 [http-nio-8081-exec-7] DEBUG o.s.web.servlet.DispatcherServlet - Completed 200 OK
2025-09-03 23:42:24 [http-nio-8081-exec-7] DEBUG o.s.w.f.CommonsRequestLoggingFilter - After request [GET /api/routes/latest?routeId=my-new-route&size=1, client=0:0:0:0:0:0:0:1, user=admin@mail.com]
2025-09-03 23:42:28 [http-nio-8081-exec-8] INFO  c.m.b.k.service.DynamicRouteService - Fetching active routes with pagination
2025-09-03 23:42:28 [http-nio-8081-exec-8] DEBUG o.s.w.f.CommonsRequestLoggingFilter - Before request [GET /api/routes/latest?routeId=my-new-route&size=1, client=0:0:0:0:0:0:0:1, user=admin@mail.com]
2025-09-03 23:42:28 [http-nio-8081-exec-8] DEBUG o.s.web.servlet.DispatcherServlet - GET "/api/routes/latest?routeId=my-new-route&size=1", parameters={masked}
2025-09-03 23:42:28 [http-nio-8081-exec-8] DEBUG o.s.w.s.m.m.a.RequestMappingHandlerMapping - Mapped to com.middleware.backend.kaotocamel.controller.DynamicRouteController#getRoutes(String, String, String, String, Boolean, String, String, LocalDateTime, LocalDateTime, String, String, int, int)
2025-09-03 23:42:28 [http-nio-8081-exec-8] DEBUG o.s.w.s.m.m.a.HttpEntityMethodProcessor - Using 'application/json', given [*/*] and supported [application/json, application/*+json, application/yaml]
2025-09-03 23:42:28 [http-nio-8081-exec-8] DEBUG o.s.w.s.m.m.a.HttpEntityMethodProcessor - Writing [Page 1 of 1 containing com.middleware.backend.kaotocamel.model.DynamicRouteEntity instances]
2025-09-03 23:42:28 [http-nio-8081-exec-8] DEBUG o.s.web.servlet.DispatcherServlet - Completed 200 OK
2025-09-03 23:42:28 [http-nio-8081-exec-8] DEBUG o.s.w.f.CommonsRequestLoggingFilter - After request [GET /api/routes/latest?routeId=my-new-route&size=1, client=0:0:0:0:0:0:0:1, user=admin@mail.com]
2025-09-03 23:42:34 [http-nio-8081-exec-6] INFO  c.m.b.k.service.DynamicRouteService - Fetching active routes with pagination
2025-09-03 23:42:34 [http-nio-8081-exec-6] DEBUG o.s.w.f.CommonsRequestLoggingFilter - Before request [GET /api/routes/latest?page=0&size=10, client=0:0:0:0:0:0:0:1, user=admin@mail.com]
2025-09-03 23:42:34 [http-nio-8081-exec-6] DEBUG o.s.web.servlet.DispatcherServlet - GET "/api/routes/latest?page=0&size=10", parameters={masked}
2025-09-03 23:42:34 [http-nio-8081-exec-6] DEBUG o.s.w.s.m.m.a.RequestMappingHandlerMapping - Mapped to com.middleware.backend.kaotocamel.controller.DynamicRouteController#getRoutes(String, String, String, String, Boolean, String, String, LocalDateTime, LocalDateTime, String, String, int, int)
2025-09-03 23:42:34 [http-nio-8081-exec-6] DEBUG o.s.w.s.m.m.a.HttpEntityMethodProcessor - Using 'application/json', given [*/*] and supported [application/json, application/*+json, application/yaml]
2025-09-03 23:42:34 [http-nio-8081-exec-6] DEBUG o.s.w.s.m.m.a.HttpEntityMethodProcessor - Writing [Page 1 of 1 containing com.middleware.backend.kaotocamel.model.DynamicRouteEntity instances]
2025-09-03 23:42:34 [http-nio-8081-exec-6] DEBUG o.s.web.servlet.DispatcherServlet - Completed 200 OK
2025-09-03 23:42:34 [http-nio-8081-exec-6] DEBUG o.s.w.f.CommonsRequestLoggingFilter - After request [GET /api/routes/latest?page=0&size=10, client=0:0:0:0:0:0:0:1, user=admin@mail.com]
2025-09-03 23:42:45 [http-nio-8081-exec-9] DEBUG o.s.w.f.CommonsRequestLoggingFilter - Before request [POST /api/auth/login, client=0:0:0:0:0:0:0:1]
2025-09-03 23:42:45 [http-nio-8081-exec-9] DEBUG o.s.web.servlet.DispatcherServlet - POST "/api/auth/login", parameters={}
2025-09-03 23:42:45 [http-nio-8081-exec-9] DEBUG o.s.w.s.m.m.a.RequestMappingHandlerMapping - Mapped to com.middleware.backend.users.auth.AuthController#login(AuthRequest)
2025-09-03 23:42:45 [http-nio-8081-exec-9] DEBUG o.s.w.s.m.m.a.RequestResponseBodyMethodProcessor - Read "application/json;charset=UTF-8" to [AuthController.AuthRequest(email=admin@mail.com, password=S123@231)]
2025-09-03 23:42:45 [http-nio-8081-exec-9] DEBUG o.s.w.s.m.m.a.RequestResponseBodyMethodProcessor - Using 'application/json', given [*/*] and supported [application/json, application/*+json, application/yaml]
2025-09-03 23:42:45 [http-nio-8081-exec-9] DEBUG o.s.w.s.m.m.a.RequestResponseBodyMethodProcessor - Writing [AuthController.AuthResponse(token=eyJhbGciOiJIUzI1NiJ9.eyJzdWIiOiJhZG1pbkBtYWlsLmNvbSIsImlhdCI6MTc1N (truncated)...]
2025-09-03 23:42:45 [http-nio-8081-exec-9] DEBUG o.s.web.servlet.DispatcherServlet - Completed 200 OK
2025-09-03 23:42:45 [http-nio-8081-exec-9] DEBUG o.s.w.f.CommonsRequestLoggingFilter - After request [POST /api/auth/login, client=0:0:0:0:0:0:0:1, payload={"email":"admin@mail.com","password":"S123@231"}]
2025-09-03 23:42:48 [scheduling-1] INFO  c.m.b.k.service.DynamicRouteService - Starting route status sync with Camel context
2025-09-03 23:42:48 [scheduling-1] INFO  c.m.b.k.service.DynamicRouteService - Completed route status sync
2025-09-03 23:43:18 [scheduling-1] INFO  c.m.b.k.service.DynamicRouteService - Starting route status sync with Camel context
2025-09-03 23:43:18 [scheduling-1] INFO  c.m.b.k.service.DynamicRouteService - Completed route status sync
2025-09-03 23:43:48 [scheduling-1] INFO  c.m.b.k.service.DynamicRouteService - Starting route status sync with Camel context
2025-09-03 23:43:48 [scheduling-1] INFO  c.m.b.k.service.DynamicRouteService - Completed route status sync
2025-09-03 23:44:18 [scheduling-1] INFO  c.m.b.k.service.DynamicRouteService - Starting route status sync with Camel context
2025-09-03 23:44:18 [scheduling-1] INFO  c.m.b.k.service.DynamicRouteService - Completed route status sync
2025-09-03 23:44:34 [http-nio-8081-exec-4] DEBUG o.s.w.f.CommonsRequestLoggingFilter - Before request [POST /api/auth/login, client=0:0:0:0:0:0:0:1]
2025-09-03 23:44:34 [http-nio-8081-exec-4] DEBUG o.s.web.servlet.DispatcherServlet - POST "/api/auth/login", parameters={}
2025-09-03 23:44:34 [http-nio-8081-exec-4] DEBUG o.s.w.s.m.m.a.RequestMappingHandlerMapping - Mapped to com.middleware.backend.users.auth.AuthController#login(AuthRequest)
2025-09-03 23:44:34 [http-nio-8081-exec-4] DEBUG o.s.w.s.m.m.a.RequestResponseBodyMethodProcessor - Read "application/json;charset=UTF-8" to [AuthController.AuthRequest(email=admin@mail.com, password=S123@231)]
2025-09-03 23:44:34 [http-nio-8081-exec-4] DEBUG o.s.w.s.m.m.a.RequestResponseBodyMethodProcessor - Using 'application/json', given [*/*] and supported [application/json, application/*+json, application/yaml]
2025-09-03 23:44:34 [http-nio-8081-exec-4] DEBUG o.s.w.s.m.m.a.RequestResponseBodyMethodProcessor - Writing [AuthController.AuthResponse(token=eyJhbGciOiJIUzI1NiJ9.eyJzdWIiOiJhZG1pbkBtYWlsLmNvbSIsImlhdCI6MTc1N (truncated)...]
2025-09-03 23:44:34 [http-nio-8081-exec-4] DEBUG o.s.web.servlet.DispatcherServlet - Completed 200 OK
2025-09-03 23:44:34 [http-nio-8081-exec-4] DEBUG o.s.w.f.CommonsRequestLoggingFilter - After request [POST /api/auth/login, client=0:0:0:0:0:0:0:1, payload={"email":"admin@mail.com","password":"S123@231"}]
2025-09-03 23:44:37 [http-nio-8081-exec-7] INFO  c.m.b.k.service.DynamicRouteService - Fetching active routes with pagination
2025-09-03 23:44:37 [http-nio-8081-exec-7] DEBUG o.s.w.f.CommonsRequestLoggingFilter - Before request [GET /api/routes/latest?page=0&size=10, client=0:0:0:0:0:0:0:1, user=admin@mail.com]
2025-09-03 23:44:37 [http-nio-8081-exec-7] DEBUG o.s.web.servlet.DispatcherServlet - GET "/api/routes/latest?page=0&size=10", parameters={masked}
2025-09-03 23:44:37 [http-nio-8081-exec-7] DEBUG o.s.w.s.m.m.a.RequestMappingHandlerMapping - Mapped to com.middleware.backend.kaotocamel.controller.DynamicRouteController#getRoutes(String, String, String, String, Boolean, String, String, LocalDateTime, LocalDateTime, String, String, int, int)
2025-09-03 23:44:37 [http-nio-8081-exec-7] DEBUG o.s.w.s.m.m.a.HttpEntityMethodProcessor - Using 'application/json', given [*/*] and supported [application/json, application/*+json, application/yaml]
2025-09-03 23:44:37 [http-nio-8081-exec-7] DEBUG o.s.w.s.m.m.a.HttpEntityMethodProcessor - Writing [Page 1 of 1 containing com.middleware.backend.kaotocamel.model.DynamicRouteEntity instances]
2025-09-03 23:44:37 [http-nio-8081-exec-7] DEBUG o.s.web.servlet.DispatcherServlet - Completed 200 OK
2025-09-03 23:44:37 [http-nio-8081-exec-7] DEBUG o.s.w.f.CommonsRequestLoggingFilter - After request [GET /api/routes/latest?page=0&size=10, client=0:0:0:0:0:0:0:1, user=admin@mail.com]
2025-09-03 23:44:38 [http-nio-8081-exec-8] INFO  c.m.b.k.service.DynamicRouteService - Fetching active routes with pagination
2025-09-03 23:44:38 [http-nio-8081-exec-8] DEBUG o.s.w.f.CommonsRequestLoggingFilter - Before request [GET /api/routes/latest?routeId=my-new-route&size=1, client=0:0:0:0:0:0:0:1, user=admin@mail.com]
2025-09-03 23:44:38 [http-nio-8081-exec-8] DEBUG o.s.web.servlet.DispatcherServlet - GET "/api/routes/latest?routeId=my-new-route&size=1", parameters={masked}
2025-09-03 23:44:38 [http-nio-8081-exec-8] DEBUG o.s.w.s.m.m.a.RequestMappingHandlerMapping - Mapped to com.middleware.backend.kaotocamel.controller.DynamicRouteController#getRoutes(String, String, String, String, Boolean, String, String, LocalDateTime, LocalDateTime, String, String, int, int)
2025-09-03 23:44:38 [http-nio-8081-exec-8] DEBUG o.s.w.s.m.m.a.HttpEntityMethodProcessor - Using 'application/json', given [*/*] and supported [application/json, application/*+json, application/yaml]
2025-09-03 23:44:38 [http-nio-8081-exec-8] DEBUG o.s.w.s.m.m.a.HttpEntityMethodProcessor - Writing [Page 1 of 1 containing com.middleware.backend.kaotocamel.model.DynamicRouteEntity instances]
2025-09-03 23:44:38 [http-nio-8081-exec-8] DEBUG o.s.web.servlet.DispatcherServlet - Completed 200 OK
2025-09-03 23:44:38 [http-nio-8081-exec-8] DEBUG o.s.w.f.CommonsRequestLoggingFilter - After request [GET /api/routes/latest?routeId=my-new-route&size=1, client=0:0:0:0:0:0:0:1, user=admin@mail.com]
2025-09-03 23:44:48 [scheduling-1] INFO  c.m.b.k.service.DynamicRouteService - Starting route status sync with Camel context
2025-09-03 23:44:48 [scheduling-1] INFO  c.m.b.k.service.DynamicRouteService - Completed route status sync
2025-09-03 23:44:51 [http-nio-8081-exec-10] INFO  c.m.b.k.service.DynamicRouteService - Fetching active routes with pagination
2025-09-03 23:44:51 [http-nio-8081-exec-10] DEBUG o.s.w.f.CommonsRequestLoggingFilter - Before request [POST /api/routes/create, client=0:0:0:0:0:0:0:1, user=admin@mail.com]
2025-09-03 23:44:51 [http-nio-8081-exec-10] DEBUG o.s.web.servlet.DispatcherServlet - POST "/api/routes/create", parameters={}
2025-09-03 23:44:51 [http-nio-8081-exec-10] DEBUG o.s.w.s.m.m.a.RequestMappingHandlerMapping - Mapped to com.middleware.backend.kaotocamel.controller.DynamicRouteController#create(String, String)
2025-09-03 23:44:51 [http-nio-8081-exec-10] DEBUG o.s.w.s.m.m.a.RequestResponseBodyMethodProcessor - Read "text/plain;charset=UTF-8" to ["- route:<EOL>    id: "my-ew-route"<EOL>    description: "New route dscription"<EOL>    from:<EOL>      uri: rest:pos (truncated)..."]
2025-09-03 23:44:51 [http-nio-8081-exec-10] INFO  c.m.b.k.service.DynamicRouteService - found 0 versions
2025-09-03 23:44:51 [http-nio-8081-exec-10] INFO  c.m.b.k.service.DynamicRouteService - Uploaded route my-ew-route version 1
2025-09-03 23:44:51 [http-nio-8081-exec-10] DEBUG o.s.w.s.m.m.a.HttpEntityMethodProcessor - Using 'text/plain', given [*/*] and supported [text/plain, */*, application/json, application/*+json, application/yaml]
2025-09-03 23:44:51 [http-nio-8081-exec-10] DEBUG o.s.w.s.m.m.a.HttpEntityMethodProcessor - Writing ["Route my-ew-route uploaded as version 1"]
2025-09-03 23:44:51 [http-nio-8081-exec-10] DEBUG o.s.web.servlet.DispatcherServlet - Completed 200 OK
2025-09-03 23:44:51 [http-nio-8081-exec-10] DEBUG o.s.w.f.CommonsRequestLoggingFilter - After request [POST /api/routes/create, client=0:0:0:0:0:0:0:1, user=admin@mail.com, payload=- route:
    id: "my-ew-route"
    description: "New route dscription"
    from:
      uri: rest:post:/api/ello
      steps:
        - log:
            message: 'Received: ${body}'
        - setBody:
            constant: 'Hello from new route!'
        - to: 'log:output']
2025-09-03 23:44:52 [http-nio-8081-exec-9] INFO  c.m.b.k.service.DynamicRouteService - Fetching active routes with pagination
2025-09-03 23:44:52 [http-nio-8081-exec-9] DEBUG o.s.w.f.CommonsRequestLoggingFilter - Before request [GET /api/routes/latest?page=0&size=10, client=0:0:0:0:0:0:0:1, user=admin@mail.com]
2025-09-03 23:44:52 [http-nio-8081-exec-9] DEBUG o.s.web.servlet.DispatcherServlet - GET "/api/routes/latest?page=0&size=10", parameters={masked}
2025-09-03 23:44:52 [http-nio-8081-exec-9] DEBUG o.s.w.s.m.m.a.RequestMappingHandlerMapping - Mapped to com.middleware.backend.kaotocamel.controller.DynamicRouteController#getRoutes(String, String, String, String, Boolean, String, String, LocalDateTime, LocalDateTime, String, String, int, int)
2025-09-03 23:44:52 [http-nio-8081-exec-9] DEBUG o.s.w.s.m.m.a.HttpEntityMethodProcessor - Using 'application/json', given [*/*] and supported [application/json, application/*+json, application/yaml]
2025-09-03 23:44:52 [http-nio-8081-exec-9] DEBUG o.s.w.s.m.m.a.HttpEntityMethodProcessor - Writing [Page 1 of 1 containing com.middleware.backend.kaotocamel.model.DynamicRouteEntity instances]
2025-09-03 23:44:52 [http-nio-8081-exec-9] DEBUG o.s.web.servlet.DispatcherServlet - Completed 200 OK
2025-09-03 23:44:52 [http-nio-8081-exec-9] DEBUG o.s.w.f.CommonsRequestLoggingFilter - After request [GET /api/routes/latest?page=0&size=10, client=0:0:0:0:0:0:0:1, user=admin@mail.com]
2025-09-03 23:44:54 [http-nio-8081-exec-2] INFO  c.m.b.k.service.DynamicRouteService - Fetching active routes with pagination
2025-09-03 23:44:55 [http-nio-8081-exec-2] DEBUG o.s.w.f.CommonsRequestLoggingFilter - Before request [GET /api/routes/latest?routeId=my-ew-route&size=1, client=0:0:0:0:0:0:0:1, user=admin@mail.com]
2025-09-03 23:44:55 [http-nio-8081-exec-2] DEBUG o.s.web.servlet.DispatcherServlet - GET "/api/routes/latest?routeId=my-ew-route&size=1", parameters={masked}
2025-09-03 23:44:55 [http-nio-8081-exec-2] DEBUG o.s.w.s.m.m.a.RequestMappingHandlerMapping - Mapped to com.middleware.backend.kaotocamel.controller.DynamicRouteController#getRoutes(String, String, String, String, Boolean, String, String, LocalDateTime, LocalDateTime, String, String, int, int)
2025-09-03 23:44:55 [http-nio-8081-exec-2] DEBUG o.s.w.s.m.m.a.HttpEntityMethodProcessor - Using 'application/json', given [*/*] and supported [application/json, application/*+json, application/yaml]
2025-09-03 23:44:55 [http-nio-8081-exec-2] DEBUG o.s.w.s.m.m.a.HttpEntityMethodProcessor - Writing [Page 1 of 1 containing com.middleware.backend.kaotocamel.model.DynamicRouteEntity instances]
2025-09-03 23:44:55 [http-nio-8081-exec-2] DEBUG o.s.web.servlet.DispatcherServlet - Completed 200 OK
2025-09-03 23:44:55 [http-nio-8081-exec-2] DEBUG o.s.w.f.CommonsRequestLoggingFilter - After request [GET /api/routes/latest?routeId=my-ew-route&size=1, client=0:0:0:0:0:0:0:1, user=admin@mail.com]
2025-09-03 23:45:00 [http-nio-8081-exec-5] INFO  c.m.b.k.service.DynamicRouteService - Fetching active routes with pagination
2025-09-03 23:45:00 [http-nio-8081-exec-5] DEBUG o.s.w.f.CommonsRequestLoggingFilter - Before request [POST /routes/update, client=0:0:0:0:0:0:0:1, user=admin@mail.com]
2025-09-03 23:45:00 [http-nio-8081-exec-5] DEBUG o.s.web.servlet.DispatcherServlet - POST "/routes/update", parameters={}
2025-09-03 23:45:00 [http-nio-8081-exec-5] DEBUG o.s.w.s.h.SimpleUrlHandlerMapping - Mapped to ResourceHttpRequestHandler [classpath [META-INF/resources/], classpath [resources/], classpath [static/], classpath [public/], ServletContext [/]]
2025-09-03 23:45:00 [http-nio-8081-exec-5] DEBUG o.s.w.s.r.ResourceHttpRequestHandler - Resource not found
2025-09-03 23:45:00 [http-nio-8081-exec-5] DEBUG o.s.w.s.m.m.a.ExceptionHandlerExceptionResolver - Using @ExceptionHandler com.middleware.backend.exception.GlobalExceptionHandler#handleGenericException(Exception)
2025-09-03 23:45:00 [http-nio-8081-exec-5] DEBUG o.s.w.s.m.m.a.HttpEntityMethodProcessor - Using 'application/json', given [*/*] and supported [application/json, application/*+json, application/yaml]
2025-09-03 23:45:00 [http-nio-8081-exec-5] DEBUG o.s.w.s.m.m.a.HttpEntityMethodProcessor - Writing [{message=An unexpected error occurred, error=No static resource routes/update., timestamp=2025-09-03 (truncated)...]
2025-09-03 23:45:00 [http-nio-8081-exec-5] DEBUG o.s.w.s.m.m.a.ExceptionHandlerExceptionResolver - Resolved [org.springframework.web.servlet.resource.NoResourceFoundException: No static resource routes/update.]
2025-09-03 23:45:00 [http-nio-8081-exec-5] DEBUG o.s.web.servlet.DispatcherServlet - Completed 500 INTERNAL_SERVER_ERROR
2025-09-03 23:45:00 [http-nio-8081-exec-5] DEBUG o.s.w.f.CommonsRequestLoggingFilter - After request [POST /routes/update, client=0:0:0:0:0:0:0:1, user=admin@mail.com]
2025-09-03 23:45:08 [http-nio-8081-exec-4] INFO  c.m.b.k.service.DynamicRouteService - Fetching active routes with pagination
2025-09-03 23:45:08 [http-nio-8081-exec-4] DEBUG o.s.w.f.CommonsRequestLoggingFilter - Before request [GET /api/routes/latest?page=0&size=10, client=0:0:0:0:0:0:0:1, user=admin@mail.com]
2025-09-03 23:45:08 [http-nio-8081-exec-4] DEBUG o.s.web.servlet.DispatcherServlet - GET "/api/routes/latest?page=0&size=10", parameters={masked}
2025-09-03 23:45:08 [http-nio-8081-exec-4] DEBUG o.s.w.s.m.m.a.RequestMappingHandlerMapping - Mapped to com.middleware.backend.kaotocamel.controller.DynamicRouteController#getRoutes(String, String, String, String, Boolean, String, String, LocalDateTime, LocalDateTime, String, String, int, int)
2025-09-03 23:45:08 [http-nio-8081-exec-4] DEBUG o.s.w.s.m.m.a.HttpEntityMethodProcessor - Using 'application/json', given [*/*] and supported [application/json, application/*+json, application/yaml]
2025-09-03 23:45:08 [http-nio-8081-exec-4] DEBUG o.s.w.s.m.m.a.HttpEntityMethodProcessor - Writing [Page 1 of 1 containing com.middleware.backend.kaotocamel.model.DynamicRouteEntity instances]
2025-09-03 23:45:08 [http-nio-8081-exec-4] DEBUG o.s.web.servlet.DispatcherServlet - Completed 200 OK
2025-09-03 23:45:08 [http-nio-8081-exec-4] DEBUG o.s.w.f.CommonsRequestLoggingFilter - After request [GET /api/routes/latest?page=0&size=10, client=0:0:0:0:0:0:0:1, user=admin@mail.com]
2025-09-03 23:45:18 [scheduling-1] INFO  c.m.b.k.service.DynamicRouteService - Starting route status sync with Camel context
2025-09-03 23:45:18 [scheduling-1] INFO  c.m.b.k.service.DynamicRouteService - Completed route status sync
2025-09-03 23:45:21 [http-nio-8081-exec-8] INFO  c.m.b.k.service.DynamicRouteService - Fetching active routes with pagination
2025-09-03 23:45:21 [http-nio-8081-exec-8] DEBUG o.s.w.f.CommonsRequestLoggingFilter - Before request [POST /routes/update, client=0:0:0:0:0:0:0:1, user=admin@mail.com]
2025-09-03 23:45:21 [http-nio-8081-exec-8] DEBUG o.s.web.servlet.DispatcherServlet - POST "/routes/update", parameters={}
2025-09-03 23:45:21 [http-nio-8081-exec-8] DEBUG o.s.w.s.h.SimpleUrlHandlerMapping - Mapped to ResourceHttpRequestHandler [classpath [META-INF/resources/], classpath [resources/], classpath [static/], classpath [public/], ServletContext [/]]
2025-09-03 23:45:21 [http-nio-8081-exec-8] DEBUG o.s.w.s.r.ResourceHttpRequestHandler - Resource not found
2025-09-03 23:45:21 [http-nio-8081-exec-8] DEBUG o.s.w.s.m.m.a.ExceptionHandlerExceptionResolver - Using @ExceptionHandler com.middleware.backend.exception.GlobalExceptionHandler#handleGenericException(Exception)
2025-09-03 23:45:21 [http-nio-8081-exec-8] DEBUG o.s.w.s.m.m.a.HttpEntityMethodProcessor - Using 'application/json', given [*/*] and supported [application/json, application/*+json, application/yaml]
2025-09-03 23:45:21 [http-nio-8081-exec-8] DEBUG o.s.w.s.m.m.a.HttpEntityMethodProcessor - Writing [{message=An unexpected error occurred, error=No static resource routes/update., timestamp=2025-09-03 (truncated)...]
2025-09-03 23:45:21 [http-nio-8081-exec-8] DEBUG o.s.w.s.m.m.a.ExceptionHandlerExceptionResolver - Resolved [org.springframework.web.servlet.resource.NoResourceFoundException: No static resource routes/update.]
2025-09-03 23:45:21 [http-nio-8081-exec-8] DEBUG o.s.web.servlet.DispatcherServlet - Completed 500 INTERNAL_SERVER_ERROR
2025-09-03 23:45:21 [http-nio-8081-exec-8] DEBUG o.s.w.f.CommonsRequestLoggingFilter - After request [POST /routes/update, client=0:0:0:0:0:0:0:1, user=admin@mail.com]
2025-09-03 23:45:32 [http-nio-8081-exec-6] INFO  c.m.b.k.service.DynamicRouteService - Fetching active routes with pagination
2025-09-03 23:45:33 [http-nio-8081-exec-6] DEBUG o.s.w.f.CommonsRequestLoggingFilter - Before request [POST /routes/update, client=0:0:0:0:0:0:0:1, user=admin@mail.com]
2025-09-03 23:45:33 [http-nio-8081-exec-6] DEBUG o.s.web.servlet.DispatcherServlet - POST "/routes/update", parameters={}
2025-09-03 23:45:33 [http-nio-8081-exec-6] DEBUG o.s.w.s.h.SimpleUrlHandlerMapping - Mapped to ResourceHttpRequestHandler [classpath [META-INF/resources/], classpath [resources/], classpath [static/], classpath [public/], ServletContext [/]]
2025-09-03 23:45:33 [http-nio-8081-exec-6] DEBUG o.s.w.s.r.ResourceHttpRequestHandler - Resource not found
2025-09-03 23:45:33 [http-nio-8081-exec-6] DEBUG o.s.w.s.m.m.a.ExceptionHandlerExceptionResolver - Using @ExceptionHandler com.middleware.backend.exception.GlobalExceptionHandler#handleGenericException(Exception)
2025-09-03 23:45:33 [http-nio-8081-exec-6] DEBUG o.s.w.s.m.m.a.HttpEntityMethodProcessor - Using 'application/json', given [*/*] and supported [application/json, application/*+json, application/yaml]
2025-09-03 23:45:33 [http-nio-8081-exec-6] DEBUG o.s.w.s.m.m.a.HttpEntityMethodProcessor - Writing [{message=An unexpected error occurred, error=No static resource routes/update., timestamp=2025-09-03 (truncated)...]
2025-09-03 23:45:33 [http-nio-8081-exec-6] DEBUG o.s.w.s.m.m.a.ExceptionHandlerExceptionResolver - Resolved [org.springframework.web.servlet.resource.NoResourceFoundException: No static resource routes/update.]
2025-09-03 23:45:33 [http-nio-8081-exec-6] DEBUG o.s.web.servlet.DispatcherServlet - Completed 500 INTERNAL_SERVER_ERROR
2025-09-03 23:45:33 [http-nio-8081-exec-6] DEBUG o.s.w.f.CommonsRequestLoggingFilter - After request [POST /routes/update, client=0:0:0:0:0:0:0:1, user=admin@mail.com]
2025-09-03 23:45:38 [http-nio-8081-exec-10] INFO  c.m.b.k.service.DynamicRouteService - Fetching active routes with pagination
2025-09-03 23:45:38 [http-nio-8081-exec-10] DEBUG o.s.w.f.CommonsRequestLoggingFilter - Before request [GET /api/routes/latest?page=0&size=10, client=0:0:0:0:0:0:0:1, user=admin@mail.com]
2025-09-03 23:45:38 [http-nio-8081-exec-10] DEBUG o.s.web.servlet.DispatcherServlet - GET "/api/routes/latest?page=0&size=10", parameters={masked}
2025-09-03 23:45:38 [http-nio-8081-exec-10] DEBUG o.s.w.s.m.m.a.RequestMappingHandlerMapping - Mapped to com.middleware.backend.kaotocamel.controller.DynamicRouteController#getRoutes(String, String, String, String, Boolean, String, String, LocalDateTime, LocalDateTime, String, String, int, int)
2025-09-03 23:45:38 [http-nio-8081-exec-10] DEBUG o.s.w.s.m.m.a.HttpEntityMethodProcessor - Using 'application/json', given [*/*] and supported [application/json, application/*+json, application/yaml]
2025-09-03 23:45:38 [http-nio-8081-exec-10] DEBUG o.s.w.s.m.m.a.HttpEntityMethodProcessor - Writing [Page 1 of 1 containing com.middleware.backend.kaotocamel.model.DynamicRouteEntity instances]
2025-09-03 23:45:38 [http-nio-8081-exec-10] DEBUG o.s.web.servlet.DispatcherServlet - Completed 200 OK
2025-09-03 23:45:38 [http-nio-8081-exec-10] DEBUG o.s.w.f.CommonsRequestLoggingFilter - After request [GET /api/routes/latest?page=0&size=10, client=0:0:0:0:0:0:0:1, user=admin@mail.com]
2025-09-03 23:45:48 [scheduling-1] INFO  c.m.b.k.service.DynamicRouteService - Starting route status sync with Camel context
2025-09-03 23:45:48 [scheduling-1] INFO  c.m.b.k.service.DynamicRouteService - Completed route status sync
2025-09-03 23:45:53 [http-nio-8081-exec-9] INFO  c.m.b.k.service.DynamicRouteService - Fetching active routes with pagination
2025-09-03 23:45:53 [http-nio-8081-exec-9] DEBUG o.s.w.f.CommonsRequestLoggingFilter - Before request [POST /routes/update, client=0:0:0:0:0:0:0:1, user=admin@mail.com]
2025-09-03 23:45:53 [http-nio-8081-exec-9] DEBUG o.s.web.servlet.DispatcherServlet - POST "/routes/update", parameters={}
2025-09-03 23:45:53 [http-nio-8081-exec-9] DEBUG o.s.w.s.h.SimpleUrlHandlerMapping - Mapped to ResourceHttpRequestHandler [classpath [META-INF/resources/], classpath [resources/], classpath [static/], classpath [public/], ServletContext [/]]
2025-09-03 23:45:53 [http-nio-8081-exec-9] DEBUG o.s.w.s.r.ResourceHttpRequestHandler - Resource not found
2025-09-03 23:45:53 [http-nio-8081-exec-9] DEBUG o.s.w.s.m.m.a.ExceptionHandlerExceptionResolver - Using @ExceptionHandler com.middleware.backend.exception.GlobalExceptionHandler#handleGenericException(Exception)
2025-09-03 23:45:53 [http-nio-8081-exec-9] DEBUG o.s.w.s.m.m.a.HttpEntityMethodProcessor - Using 'application/json', given [*/*] and supported [application/json, application/*+json, application/yaml]
2025-09-03 23:45:53 [http-nio-8081-exec-9] DEBUG o.s.w.s.m.m.a.HttpEntityMethodProcessor - Writing [{message=An unexpected error occurred, error=No static resource routes/update., timestamp=2025-09-03 (truncated)...]
2025-09-03 23:45:53 [http-nio-8081-exec-9] DEBUG o.s.w.s.m.m.a.ExceptionHandlerExceptionResolver - Resolved [org.springframework.web.servlet.resource.NoResourceFoundException: No static resource routes/update.]
2025-09-03 23:45:53 [http-nio-8081-exec-9] DEBUG o.s.web.servlet.DispatcherServlet - Completed 500 INTERNAL_SERVER_ERROR
2025-09-03 23:45:53 [http-nio-8081-exec-9] DEBUG o.s.w.f.CommonsRequestLoggingFilter - After request [POST /routes/update, client=0:0:0:0:0:0:0:1, user=admin@mail.com]
2025-09-03 23:46:08 [http-nio-8081-exec-1] INFO  c.m.b.k.service.DynamicRouteService - Fetching active routes with pagination
2025-09-03 23:46:08 [http-nio-8081-exec-1] DEBUG o.s.w.f.CommonsRequestLoggingFilter - Before request [GET /api/routes/latest?page=0&size=10, client=0:0:0:0:0:0:0:1, user=admin@mail.com]
2025-09-03 23:46:08 [http-nio-8081-exec-1] DEBUG o.s.web.servlet.DispatcherServlet - GET "/api/routes/latest?page=0&size=10", parameters={masked}
2025-09-03 23:46:08 [http-nio-8081-exec-1] DEBUG o.s.w.s.m.m.a.RequestMappingHandlerMapping - Mapped to com.middleware.backend.kaotocamel.controller.DynamicRouteController#getRoutes(String, String, String, String, Boolean, String, String, LocalDateTime, LocalDateTime, String, String, int, int)
2025-09-03 23:46:08 [http-nio-8081-exec-1] DEBUG o.s.w.s.m.m.a.HttpEntityMethodProcessor - Using 'application/json', given [*/*] and supported [application/json, application/*+json, application/yaml]
2025-09-03 23:46:08 [http-nio-8081-exec-1] DEBUG o.s.w.s.m.m.a.HttpEntityMethodProcessor - Writing [Page 1 of 1 containing com.middleware.backend.kaotocamel.model.DynamicRouteEntity instances]
2025-09-03 23:46:08 [http-nio-8081-exec-1] DEBUG o.s.web.servlet.DispatcherServlet - Completed 200 OK
2025-09-03 23:46:08 [http-nio-8081-exec-1] DEBUG o.s.w.f.CommonsRequestLoggingFilter - After request [GET /api/routes/latest?page=0&size=10, client=0:0:0:0:0:0:0:1, user=admin@mail.com]
2025-09-03 23:46:18 [scheduling-1] INFO  c.m.b.k.service.DynamicRouteService - Starting route status sync with Camel context
2025-09-03 23:46:18 [scheduling-1] INFO  c.m.b.k.service.DynamicRouteService - Completed route status sync
2025-09-03 23:46:38 [http-nio-8081-exec-2] INFO  c.m.b.k.service.DynamicRouteService - Fetching active routes with pagination
2025-09-03 23:46:38 [http-nio-8081-exec-2] DEBUG o.s.w.f.CommonsRequestLoggingFilter - Before request [GET /api/routes/latest?page=0&size=10, client=0:0:0:0:0:0:0:1, user=admin@mail.com]
2025-09-03 23:46:38 [http-nio-8081-exec-2] DEBUG o.s.web.servlet.DispatcherServlet - GET "/api/routes/latest?page=0&size=10", parameters={masked}
2025-09-03 23:46:38 [http-nio-8081-exec-2] DEBUG o.s.w.s.m.m.a.RequestMappingHandlerMapping - Mapped to com.middleware.backend.kaotocamel.controller.DynamicRouteController#getRoutes(String, String, String, String, Boolean, String, String, LocalDateTime, LocalDateTime, String, String, int, int)
2025-09-03 23:46:38 [http-nio-8081-exec-2] DEBUG o.s.w.s.m.m.a.HttpEntityMethodProcessor - Using 'application/json', given [*/*] and supported [application/json, application/*+json, application/yaml]
2025-09-03 23:46:38 [http-nio-8081-exec-2] DEBUG o.s.w.s.m.m.a.HttpEntityMethodProcessor - Writing [Page 1 of 1 containing com.middleware.backend.kaotocamel.model.DynamicRouteEntity instances]
2025-09-03 23:46:38 [http-nio-8081-exec-2] DEBUG o.s.web.servlet.DispatcherServlet - Completed 200 OK
2025-09-03 23:46:38 [http-nio-8081-exec-2] DEBUG o.s.w.f.CommonsRequestLoggingFilter - After request [GET /api/routes/latest?page=0&size=10, client=0:0:0:0:0:0:0:1, user=admin@mail.com]
2025-09-03 23:46:49 [scheduling-1] INFO  c.m.b.k.service.DynamicRouteService - Starting route status sync with Camel context
2025-09-03 23:46:49 [scheduling-1] INFO  c.m.b.k.service.DynamicRouteService - Completed route status sync
2025-09-03 23:47:08 [http-nio-8081-exec-3] INFO  c.m.b.k.service.DynamicRouteService - Fetching active routes with pagination
2025-09-03 23:47:08 [http-nio-8081-exec-3] DEBUG o.s.w.f.CommonsRequestLoggingFilter - Before request [GET /api/routes/latest?page=0&size=10, client=0:0:0:0:0:0:0:1, user=admin@mail.com]
2025-09-03 23:47:08 [http-nio-8081-exec-3] DEBUG o.s.web.servlet.DispatcherServlet - GET "/api/routes/latest?page=0&size=10", parameters={masked}
2025-09-03 23:47:08 [http-nio-8081-exec-3] DEBUG o.s.w.s.m.m.a.RequestMappingHandlerMapping - Mapped to com.middleware.backend.kaotocamel.controller.DynamicRouteController#getRoutes(String, String, String, String, Boolean, String, String, LocalDateTime, LocalDateTime, String, String, int, int)
2025-09-03 23:47:08 [http-nio-8081-exec-3] DEBUG o.s.w.s.m.m.a.HttpEntityMethodProcessor - Using 'application/json', given [*/*] and supported [application/json, application/*+json, application/yaml]
2025-09-03 23:47:08 [http-nio-8081-exec-3] DEBUG o.s.w.s.m.m.a.HttpEntityMethodProcessor - Writing [Page 1 of 1 containing com.middleware.backend.kaotocamel.model.DynamicRouteEntity instances]
2025-09-03 23:47:08 [http-nio-8081-exec-3] DEBUG o.s.web.servlet.DispatcherServlet - Completed 200 OK
2025-09-03 23:47:08 [http-nio-8081-exec-3] DEBUG o.s.w.f.CommonsRequestLoggingFilter - After request [GET /api/routes/latest?page=0&size=10, client=0:0:0:0:0:0:0:1, user=admin@mail.com]
2025-09-03 23:47:19 [scheduling-1] INFO  c.m.b.k.service.DynamicRouteService - Starting route status sync with Camel context
2025-09-03 23:47:19 [scheduling-1] INFO  c.m.b.k.service.DynamicRouteService - Completed route status sync
2025-09-03 23:47:21 [http-nio-8081-exec-5] INFO  c.m.b.k.service.DynamicRouteService - Fetching active routes with pagination
2025-09-03 23:47:21 [http-nio-8081-exec-5] DEBUG o.s.w.f.CommonsRequestLoggingFilter - Before request [GET /api/routes/latest?routeId=my-ew-route&size=1, client=0:0:0:0:0:0:0:1, user=admin@mail.com]
2025-09-03 23:47:21 [http-nio-8081-exec-5] DEBUG o.s.web.servlet.DispatcherServlet - GET "/api/routes/latest?routeId=my-ew-route&size=1", parameters={masked}
2025-09-03 23:47:21 [http-nio-8081-exec-5] DEBUG o.s.w.s.m.m.a.RequestMappingHandlerMapping - Mapped to com.middleware.backend.kaotocamel.controller.DynamicRouteController#getRoutes(String, String, String, String, Boolean, String, String, LocalDateTime, LocalDateTime, String, String, int, int)
2025-09-03 23:47:21 [http-nio-8081-exec-5] DEBUG o.s.w.s.m.m.a.HttpEntityMethodProcessor - Using 'application/json', given [*/*] and supported [application/json, application/*+json, application/yaml]
2025-09-03 23:47:21 [http-nio-8081-exec-5] DEBUG o.s.w.s.m.m.a.HttpEntityMethodProcessor - Writing [Page 1 of 1 containing com.middleware.backend.kaotocamel.model.DynamicRouteEntity instances]
2025-09-03 23:47:21 [http-nio-8081-exec-5] DEBUG o.s.web.servlet.DispatcherServlet - Completed 200 OK
2025-09-03 23:47:21 [http-nio-8081-exec-5] DEBUG o.s.w.f.CommonsRequestLoggingFilter - After request [GET /api/routes/latest?routeId=my-ew-route&size=1, client=0:0:0:0:0:0:0:1, user=admin@mail.com]
2025-09-03 23:47:29 [http-nio-8081-exec-7] INFO  c.m.b.k.service.DynamicRouteService - Fetching active routes with pagination
2025-09-03 23:47:29 [http-nio-8081-exec-7] DEBUG o.s.w.f.CommonsRequestLoggingFilter - Before request [POST /api/routes/update, client=0:0:0:0:0:0:0:1, user=admin@mail.com]
2025-09-03 23:47:29 [http-nio-8081-exec-7] DEBUG o.s.web.servlet.DispatcherServlet - POST "/api/routes/update", parameters={}
2025-09-03 23:47:29 [http-nio-8081-exec-7] DEBUG o.s.w.s.m.m.a.RequestMappingHandlerMapping - Mapped to com.middleware.backend.kaotocamel.controller.DynamicRouteController#update(String, String)
2025-09-03 23:47:29 [http-nio-8081-exec-7] DEBUG o.s.w.s.m.m.a.RequestResponseBodyMethodProcessor - Read "text/plain;charset=UTF-8" to ["- route:<EOL>    id: "my-ew-route"<EOL>    description: "New route dscription"<EOL>    from:<EOL>      uri: rest:pos (truncated)..."]
2025-09-03 23:47:29 [http-nio-8081-exec-7] INFO  c.m.b.k.service.DynamicRouteService - found 1 versions
2025-09-03 23:47:29 [http-nio-8081-exec-7] INFO  o.a.c.i.engine.AbstractCamelContext - Stopped my-ew-route (rest://post:/api/ello)
2025-09-03 23:47:29 [http-nio-8081-exec-7] INFO  o.a.c.i.engine.AbstractCamelContext - Shutdown my-ew-route (rest://post:/api/ello)
2025-09-03 23:47:29 [http-nio-8081-exec-7] WARN  o.h.e.jdbc.spi.SqlExceptionHelper - SQL Error: 0, SQLState: 23505
2025-09-03 23:47:29 [http-nio-8081-exec-7] ERROR o.h.e.jdbc.spi.SqlExceptionHelper - ERROR: duplicate key value violates unique constraint "ukjhf2lewqj1yjpjjtcr18nj8t6"
  Detail: Key (route_id)=(my-ew-route) already exists.
2025-09-03 23:47:29 [http-nio-8081-exec-7] ERROR c.m.b.k.service.DynamicRouteService - Failed to process route update for routeId=my-ew-route version=2 operation=update : could not execute statement [ERROR: duplicate key value violates unique constraint "ukjhf2lewqj1yjpjjtcr18nj8t6"
  Detail: Key (route_id)=(my-ew-route) already exists.] [/* insert for com.middleware.backend.kaotocamel.model.DynamicRouteEntity */insert into dynamic_routes (active,comment,created_at,default_version,description,http_method,path,route_id,version,yaml_content) values (?,?,?,?,?,?,?,?,?,?)]; SQL [/* insert for com.middleware.backend.kaotocamel.model.DynamicRouteEntity */insert into dynamic_routes (active,comment,created_at,default_version,description,http_method,path,route_id,version,yaml_content) values (?,?,?,?,?,?,?,?,?,?)]; constraint [ukjhf2lewqj1yjpjjtcr18nj8t6]
org.springframework.dao.DataIntegrityViolationException: could not execute statement [ERROR: duplicate key value violates unique constraint "ukjhf2lewqj1yjpjjtcr18nj8t6"
  Detail: Key (route_id)=(my-ew-route) already exists.] [/* insert for com.middleware.backend.kaotocamel.model.DynamicRouteEntity */insert into dynamic_routes (active,comment,created_at,default_version,description,http_method,path,route_id,version,yaml_content) values (?,?,?,?,?,?,?,?,?,?)]; SQL [/* insert for com.middleware.backend.kaotocamel.model.DynamicRouteEntity */insert into dynamic_routes (active,comment,created_at,default_version,description,http_method,path,route_id,version,yaml_content) values (?,?,?,?,?,?,?,?,?,?)]; constraint [ukjhf2lewqj1yjpjjtcr18nj8t6]
	at org.springframework.orm.jpa.vendor.HibernateJpaDialect.convertHibernateAccessException(HibernateJpaDialect.java:290)
	at org.springframework.orm.jpa.vendor.HibernateJpaDialect.translateExceptionIfPossible(HibernateJpaDialect.java:241)
	at org.springframework.orm.jpa.AbstractEntityManagerFactoryBean.translateExceptionIfPossible(AbstractEntityManagerFactoryBean.java:560)
	at org.springframework.dao.support.ChainedPersistenceExceptionTranslator.translateExceptionIfPossible(ChainedPersistenceExceptionTranslator.java:61)
	at org.springframework.dao.support.DataAccessUtils.translateIfNecessary(DataAccessUtils.java:343)
	at org.springframework.dao.support.PersistenceExceptionTranslationInterceptor.invoke(PersistenceExceptionTranslationInterceptor.java:160)
	at org.springframework.aop.framework.ReflectiveMethodInvocation.proceed(ReflectiveMethodInvocation.java:184)
	at org.springframework.data.jpa.repository.support.CrudMethodMetadataPostProcessor$CrudMethodMetadataPopulatingMethodInterceptor.invoke(CrudMethodMetadataPostProcessor.java:165)
	at org.springframework.aop.framework.ReflectiveMethodInvocation.proceed(ReflectiveMethodInvocation.java:184)
	at org.springframework.aop.framework.JdkDynamicAopProxy.invoke(JdkDynamicAopProxy.java:223)
	at jdk.proxy2/jdk.proxy2.$Proxy199.save(Unknown Source)
	at com.middleware.backend.kaotocamel.service.DynamicRouteService.updateRoute(DynamicRouteService.java:148)
	at java.base/jdk.internal.reflect.DirectMethodHandleAccessor.invoke(DirectMethodHandleAccessor.java:103)
	at java.base/java.lang.reflect.Method.invoke(Method.java:580)
	at org.springframework.aop.support.AopUtils.invokeJoinpointUsingReflection(AopUtils.java:359)
	at org.springframework.aop.framework.ReflectiveMethodInvocation.invokeJoinpoint(ReflectiveMethodInvocation.java:196)
	at org.springframework.aop.framework.ReflectiveMethodInvocation.proceed(ReflectiveMethodInvocation.java:163)
	at org.springframework.transaction.interceptor.TransactionAspectSupport.invokeWithinTransaction(TransactionAspectSupport.java:380)
	at org.springframework.transaction.interceptor.TransactionInterceptor.invoke(TransactionInterceptor.java:119)
	at org.springframework.aop.framework.ReflectiveMethodInvocation.proceed(ReflectiveMethodInvocation.java:184)
	at org.springframework.aop.framework.CglibAopProxy$DynamicAdvisedInterceptor.intercept(CglibAopProxy.java:727)
	at com.middleware.backend.kaotocamel.service.DynamicRouteService$$SpringCGLIB$$0.updateRoute(<generated>)
	at com.middleware.backend.kaotocamel.controller.DynamicRouteController.update(DynamicRouteController.java:76)
	at java.base/jdk.internal.reflect.DirectMethodHandleAccessor.invoke(DirectMethodHandleAccessor.java:103)
	at java.base/java.lang.reflect.Method.invoke(Method.java:580)
	at org.springframework.aop.support.AopUtils.invokeJoinpointUsingReflection(AopUtils.java:359)
	at org.springframework.aop.framework.ReflectiveMethodInvocation.invokeJoinpoint(ReflectiveMethodInvocation.java:196)
	at org.springframework.aop.framework.ReflectiveMethodInvocation.proceed(ReflectiveMethodInvocation.java:163)
	at org.springframework.security.authorization.method.AuthorizationManagerBeforeMethodInterceptor.proceed(AuthorizationManagerBeforeMethodInterceptor.java:268)
	at org.springframework.security.authorization.method.AuthorizationManagerBeforeMethodInterceptor.attemptAuthorization(AuthorizationManagerBeforeMethodInterceptor.java:263)
	at org.springframework.security.authorization.method.AuthorizationManagerBeforeMethodInterceptor.invoke(AuthorizationManagerBeforeMethodInterceptor.java:196)
	at org.springframework.security.config.annotation.method.configuration.DeferringMethodInterceptor.invoke(DeferringMethodInterceptor.java:44)
	at org.springframework.aop.framework.ReflectiveMethodInvocation.proceed(ReflectiveMethodInvocation.java:184)
	at org.springframework.aop.framework.CglibAopProxy$DynamicAdvisedInterceptor.intercept(CglibAopProxy.java:727)
	at com.middleware.backend.kaotocamel.controller.DynamicRouteController$$SpringCGLIB$$0.update(<generated>)
	at java.base/jdk.internal.reflect.DirectMethodHandleAccessor.invoke(DirectMethodHandleAccessor.java:103)
	at java.base/java.lang.reflect.Method.invoke(Method.java:580)
	at org.springframework.web.method.support.InvocableHandlerMethod.doInvoke(InvocableHandlerMethod.java:258)
	at org.springframework.web.method.support.InvocableHandlerMethod.invokeForRequest(InvocableHandlerMethod.java:191)
	at org.springframework.web.servlet.mvc.method.annotation.ServletInvocableHandlerMethod.invokeAndHandle(ServletInvocableHandlerMethod.java:118)
	at org.springframework.web.servlet.mvc.method.annotation.RequestMappingHandlerAdapter.invokeHandlerMethod(RequestMappingHandlerAdapter.java:986)
	at org.springframework.web.servlet.mvc.method.annotation.RequestMappingHandlerAdapter.handleInternal(RequestMappingHandlerAdapter.java:891)
	at org.springframework.web.servlet.mvc.method.AbstractHandlerMethodAdapter.handle(AbstractHandlerMethodAdapter.java:87)
	at org.springframework.web.servlet.DispatcherServlet.doDispatch(DispatcherServlet.java:1089)
	at org.springframework.web.servlet.DispatcherServlet.doService(DispatcherServlet.java:979)
	at org.springframework.web.servlet.FrameworkServlet.processRequest(FrameworkServlet.java:1014)
	at org.springframework.web.servlet.FrameworkServlet.doPost(FrameworkServlet.java:914)
	at jakarta.servlet.http.HttpServlet.service(HttpServlet.java:590)
	at org.springframework.web.servlet.FrameworkServlet.service(FrameworkServlet.java:885)
	at jakarta.servlet.http.HttpServlet.service(HttpServlet.java:658)
	at org.apache.catalina.core.ApplicationFilterChain.internalDoFilter(ApplicationFilterChain.java:195)
	at org.apache.catalina.core.ApplicationFilterChain.doFilter(ApplicationFilterChain.java:140)
	at org.apache.tomcat.websocket.server.WsFilter.doFilter(WsFilter.java:51)
	at org.apache.catalina.core.ApplicationFilterChain.internalDoFilter(ApplicationFilterChain.java:164)
	at org.apache.catalina.core.ApplicationFilterChain.doFilter(ApplicationFilterChain.java:140)
	at org.springframework.web.filter.AbstractRequestLoggingFilter.doFilterInternal(AbstractRequestLoggingFilter.java:289)
	at org.springframework.web.filter.OncePerRequestFilter.doFilter(OncePerRequestFilter.java:116)
	at org.apache.catalina.core.ApplicationFilterChain.internalDoFilter(ApplicationFilterChain.java:164)
	at org.apache.catalina.core.ApplicationFilterChain.doFilter(ApplicationFilterChain.java:140)
	at org.springframework.web.filter.OncePerRequestFilter.doFilter(OncePerRequestFilter.java:110)
	at org.apache.catalina.core.ApplicationFilterChain.internalDoFilter(ApplicationFilterChain.java:164)
	at org.apache.catalina.core.ApplicationFilterChain.doFilter(ApplicationFilterChain.java:140)
	at com.middleware.backend.audit_logs_interceptor.config.RequestLoggingFilter.doFilter(RequestLoggingFilter.java:55)
	at org.apache.catalina.core.ApplicationFilterChain.internalDoFilter(ApplicationFilterChain.java:164)
	at org.apache.catalina.core.ApplicationFilterChain.doFilter(ApplicationFilterChain.java:140)
	at org.springframework.web.filter.CompositeFilter$VirtualFilterChain.doFilter(CompositeFilter.java:108)
	at org.springframework.security.web.FilterChainProxy.lambda$doFilterInternal$3(FilterChainProxy.java:231)
	at org.springframework.security.web.ObservationFilterChainDecorator$FilterObservation$SimpleFilterObservation.lambda$wrap$1(ObservationFilterChainDecorator.java:479)
	at org.springframework.security.web.ObservationFilterChainDecorator$AroundFilterObservation$SimpleAroundFilterObservation.lambda$wrap$1(ObservationFilterChainDecorator.java:340)
	at org.springframework.security.web.ObservationFilterChainDecorator.lambda$wrapSecured$0(ObservationFilterChainDecorator.java:82)
	at org.springframework.security.web.ObservationFilterChainDecorator$VirtualFilterChain.doFilter(ObservationFilterChainDecorator.java:128)
	at org.springframework.security.web.access.intercept.AuthorizationFilter.doFilter(AuthorizationFilter.java:101)
	at org.springframework.security.web.ObservationFilterChainDecorator$ObservationFilter.wrapFilter(ObservationFilterChainDecorator.java:240)
	at org.springframework.security.web.ObservationFilterChainDecorator$ObservationFilter.doFilter(ObservationFilterChainDecorator.java:227)
	at org.springframework.security.web.ObservationFilterChainDecorator$VirtualFilterChain.doFilter(ObservationFilterChainDecorator.java:137)
	at org.springframework.security.web.access.ExceptionTranslationFilter.doFilter(ExceptionTranslationFilter.java:126)
	at org.springframework.security.web.access.ExceptionTranslationFilter.doFilter(ExceptionTranslationFilter.java:120)
	at org.springframework.security.web.ObservationFilterChainDecorator$ObservationFilter.wrapFilter(ObservationFilterChainDecorator.java:240)
	at org.springframework.security.web.ObservationFilterChainDecorator$ObservationFilter.doFilter(ObservationFilterChainDecorator.java:227)
	at org.springframework.security.web.ObservationFilterChainDecorator$VirtualFilterChain.doFilter(ObservationFilterChainDecorator.java:137)
	at org.springframework.security.web.session.SessionManagementFilter.doFilter(SessionManagementFilter.java:131)
	at org.springframework.security.web.session.SessionManagementFilter.doFilter(SessionManagementFilter.java:85)
	at org.springframework.security.web.ObservationFilterChainDecorator$ObservationFilter.wrapFilter(ObservationFilterChainDecorator.java:240)
	at org.springframework.security.web.ObservationFilterChainDecorator$ObservationFilter.doFilter(ObservationFilterChainDecorator.java:227)
	at org.springframework.security.web.ObservationFilterChainDecorator$VirtualFilterChain.doFilter(ObservationFilterChainDecorator.java:137)
	at org.springframework.security.web.authentication.AnonymousAuthenticationFilter.doFilter(AnonymousAuthenticationFilter.java:100)
	at org.springframework.security.web.ObservationFilterChainDecorator$ObservationFilter.wrapFilter(ObservationFilterChainDecorator.java:240)
	at org.springframework.security.web.ObservationFilterChainDecorator$ObservationFilter.doFilter(ObservationFilterChainDecorator.java:227)
	at org.springframework.security.web.ObservationFilterChainDecorator$VirtualFilterChain.doFilter(ObservationFilterChainDecorator.java:137)
	at org.springframework.security.web.servletapi.SecurityContextHolderAwareRequestFilter.doFilter(SecurityContextHolderAwareRequestFilter.java:179)
	at org.springframework.security.web.ObservationFilterChainDecorator$ObservationFilter.wrapFilter(ObservationFilterChainDecorator.java:240)
	at org.springframework.security.web.ObservationFilterChainDecorator$ObservationFilter.doFilter(ObservationFilterChainDecorator.java:227)
	at org.springframework.security.web.ObservationFilterChainDecorator$VirtualFilterChain.doFilter(ObservationFilterChainDecorator.java:137)
	at org.springframework.security.web.savedrequest.RequestCacheAwareFilter.doFilter(RequestCacheAwareFilter.java:63)
	at org.springframework.security.web.ObservationFilterChainDecorator$ObservationFilter.wrapFilter(ObservationFilterChainDecorator.java:240)
	at org.springframework.security.web.ObservationFilterChainDecorator$ObservationFilter.doFilter(ObservationFilterChainDecorator.java:227)
	at org.springframework.security.web.ObservationFilterChainDecorator$VirtualFilterChain.doFilter(ObservationFilterChainDecorator.java:137)
	at com.middleware.backend.users.config.JwtRequestFilter.doFilterInternal(JwtRequestFilter.java:106)
	at org.springframework.web.filter.OncePerRequestFilter.doFilter(OncePerRequestFilter.java:116)
	at org.springframework.security.web.ObservationFilterChainDecorator$ObservationFilter.wrapFilter(ObservationFilterChainDecorator.java:240)
	at org.springframework.security.web.ObservationFilterChainDecorator$ObservationFilter.doFilter(ObservationFilterChainDecorator.java:227)
	at org.springframework.security.web.ObservationFilterChainDecorator$VirtualFilterChain.doFilter(ObservationFilterChainDecorator.java:137)
	at org.springframework.security.web.authentication.logout.LogoutFilter.doFilter(LogoutFilter.java:107)
	at org.springframework.security.web.authentication.logout.LogoutFilter.doFilter(LogoutFilter.java:93)
	at org.springframework.security.web.ObservationFilterChainDecorator$ObservationFilter.wrapFilter(ObservationFilterChainDecorator.java:240)
	at org.springframework.security.web.ObservationFilterChainDecorator$ObservationFilter.doFilter(ObservationFilterChainDecorator.java:227)
	at org.springframework.security.web.ObservationFilterChainDecorator$VirtualFilterChain.doFilter(ObservationFilterChainDecorator.java:137)
	at org.springframework.web.filter.CorsFilter.doFilterInternal(CorsFilter.java:91)
	at org.springframework.web.filter.OncePerRequestFilter.doFilter(OncePerRequestFilter.java:116)
	at org.springframework.security.web.ObservationFilterChainDecorator$ObservationFilter.wrapFilter(ObservationFilterChainDecorator.java:240)
	at org.springframework.security.web.ObservationFilterChainDecorator$ObservationFilter.doFilter(ObservationFilterChainDecorator.java:227)
	at org.springframework.security.web.ObservationFilterChainDecorator$VirtualFilterChain.doFilter(ObservationFilterChainDecorator.java:137)
	at org.springframework.security.web.header.HeaderWriterFilter.doHeadersAfter(HeaderWriterFilter.java:90)
	at org.springframework.security.web.header.HeaderWriterFilter.doFilterInternal(HeaderWriterFilter.java:75)
	at org.springframework.web.filter.OncePerRequestFilter.doFilter(OncePerRequestFilter.java:116)
	at org.springframework.security.web.ObservationFilterChainDecorator$ObservationFilter.wrapFilter(ObservationFilterChainDecorator.java:240)
	at org.springframework.security.web.ObservationFilterChainDecorator$ObservationFilter.doFilter(ObservationFilterChainDecorator.java:227)
	at org.springframework.security.web.ObservationFilterChainDecorator$VirtualFilterChain.doFilter(ObservationFilterChainDecorator.java:137)
	at org.springframework.security.web.context.SecurityContextHolderFilter.doFilter(SecurityContextHolderFilter.java:82)
	at org.springframework.security.web.context.SecurityContextHolderFilter.doFilter(SecurityContextHolderFilter.java:69)
	at org.springframework.security.web.ObservationFilterChainDecorator$ObservationFilter.wrapFilter(ObservationFilterChainDecorator.java:240)
	at org.springframework.security.web.ObservationFilterChainDecorator$ObservationFilter.doFilter(ObservationFilterChainDecorator.java:227)
	at org.springframework.security.web.ObservationFilterChainDecorator$VirtualFilterChain.doFilter(ObservationFilterChainDecorator.java:137)
	at org.springframework.security.web.context.request.async.WebAsyncManagerIntegrationFilter.doFilterInternal(WebAsyncManagerIntegrationFilter.java:62)
	at org.springframework.web.filter.OncePerRequestFilter.doFilter(OncePerRequestFilter.java:116)
	at org.springframework.security.web.ObservationFilterChainDecorator$ObservationFilter.wrapFilter(ObservationFilterChainDecorator.java:240)
	at org.springframework.security.web.ObservationFilterChainDecorator$ObservationFilter.doFilter(ObservationFilterChainDecorator.java:227)
	at org.springframework.security.web.ObservationFilterChainDecorator$VirtualFilterChain.doFilter(ObservationFilterChainDecorator.java:137)
	at org.springframework.security.web.session.DisableEncodeUrlFilter.doFilterInternal(DisableEncodeUrlFilter.java:42)
	at org.springframework.web.filter.OncePerRequestFilter.doFilter(OncePerRequestFilter.java:116)
	at org.springframework.security.web.ObservationFilterChainDecorator$ObservationFilter.wrapFilter(ObservationFilterChainDecorator.java:240)
	at org.springframework.security.web.ObservationFilterChainDecorator$AroundFilterObservation$SimpleAroundFilterObservation.lambda$wrap$0(ObservationFilterChainDecorator.java:323)
	at org.springframework.security.web.ObservationFilterChainDecorator$ObservationFilter.doFilter(ObservationFilterChainDecorator.java:224)
	at org.springframework.security.web.ObservationFilterChainDecorator$VirtualFilterChain.doFilter(ObservationFilterChainDecorator.java:137)
	at org.springframework.security.web.FilterChainProxy.doFilterInternal(FilterChainProxy.java:233)
	at org.springframework.security.web.FilterChainProxy.doFilter(FilterChainProxy.java:191)
	at org.springframework.web.filter.CompositeFilter$VirtualFilterChain.doFilter(CompositeFilter.java:113)
	at org.springframework.web.servlet.handler.HandlerMappingIntrospector.lambda$createCacheFilter$3(HandlerMappingIntrospector.java:243)
	at org.springframework.web.filter.CompositeFilter$VirtualFilterChain.doFilter(CompositeFilter.java:113)
	at org.springframework.web.filter.CompositeFilter.doFilter(CompositeFilter.java:74)
	at org.springframework.security.config.annotation.web.configuration.WebMvcSecurityConfiguration$CompositeFilterChainProxy.doFilter(WebMvcSecurityConfiguration.java:238)
	at org.springframework.web.filter.DelegatingFilterProxy.invokeDelegate(DelegatingFilterProxy.java:362)
	at org.springframework.web.filter.DelegatingFilterProxy.doFilter(DelegatingFilterProxy.java:278)
	at org.apache.catalina.core.ApplicationFilterChain.internalDoFilter(ApplicationFilterChain.java:164)
	at org.apache.catalina.core.ApplicationFilterChain.doFilter(ApplicationFilterChain.java:140)
	at org.springframework.web.filter.RequestContextFilter.doFilterInternal(RequestContextFilter.java:100)
	at org.springframework.web.filter.OncePerRequestFilter.doFilter(OncePerRequestFilter.java:116)
	at org.apache.catalina.core.ApplicationFilterChain.internalDoFilter(ApplicationFilterChain.java:164)
	at org.apache.catalina.core.ApplicationFilterChain.doFilter(ApplicationFilterChain.java:140)
	at org.springframework.web.filter.FormContentFilter.doFilterInternal(FormContentFilter.java:93)
	at org.springframework.web.filter.OncePerRequestFilter.doFilter(OncePerRequestFilter.java:116)
	at org.apache.catalina.core.ApplicationFilterChain.internalDoFilter(ApplicationFilterChain.java:164)
	at org.apache.catalina.core.ApplicationFilterChain.doFilter(ApplicationFilterChain.java:140)
	at org.springframework.web.filter.ServerHttpObservationFilter.doFilterInternal(ServerHttpObservationFilter.java:114)
	at org.springframework.web.filter.OncePerRequestFilter.doFilter(OncePerRequestFilter.java:116)
	at org.apache.catalina.core.ApplicationFilterChain.internalDoFilter(ApplicationFilterChain.java:164)
	at org.apache.catalina.core.ApplicationFilterChain.doFilter(ApplicationFilterChain.java:140)
	at org.springframework.web.filter.CharacterEncodingFilter.doFilterInternal(CharacterEncodingFilter.java:201)
	at org.springframework.web.filter.OncePerRequestFilter.doFilter(OncePerRequestFilter.java:116)
	at org.apache.catalina.core.ApplicationFilterChain.internalDoFilter(ApplicationFilterChain.java:164)
	at org.apache.catalina.core.ApplicationFilterChain.doFilter(ApplicationFilterChain.java:140)
	at org.apache.catalina.core.StandardWrapperValve.invoke(StandardWrapperValve.java:167)
	at org.apache.catalina.core.StandardContextValve.invoke(StandardContextValve.java:90)
	at org.apache.catalina.authenticator.AuthenticatorBase.invoke(AuthenticatorBase.java:483)
	at org.apache.catalina.core.StandardHostValve.invoke(StandardHostValve.java:115)
	at org.apache.catalina.valves.ErrorReportValve.invoke(ErrorReportValve.java:93)
	at org.apache.catalina.core.StandardEngineValve.invoke(StandardEngineValve.java:74)
	at org.apache.catalina.connector.CoyoteAdapter.service(CoyoteAdapter.java:344)
	at org.apache.coyote.http11.Http11Processor.service(Http11Processor.java:397)
	at org.apache.coyote.AbstractProcessorLight.process(AbstractProcessorLight.java:63)
	at org.apache.coyote.AbstractProtocol$ConnectionHandler.process(AbstractProtocol.java:905)
	at org.apache.tomcat.util.net.NioEndpoint$SocketProcessor.doRun(NioEndpoint.java:1743)
	at org.apache.tomcat.util.net.SocketProcessorBase.run(SocketProcessorBase.java:52)
	at org.apache.tomcat.util.threads.ThreadPoolExecutor.runWorker(ThreadPoolExecutor.java:1190)
	at org.apache.tomcat.util.threads.ThreadPoolExecutor$Worker.run(ThreadPoolExecutor.java:659)
	at org.apache.tomcat.util.threads.TaskThread$WrappingRunnable.run(TaskThread.java:63)
	at java.base/java.lang.Thread.run(Thread.java:1575)
Caused by: org.hibernate.exception.ConstraintViolationException: could not execute statement [ERROR: duplicate key value violates unique constraint "ukjhf2lewqj1yjpjjtcr18nj8t6"
  Detail: Key (route_id)=(my-ew-route) already exists.] [/* insert for com.middleware.backend.kaotocamel.model.DynamicRouteEntity */insert into dynamic_routes (active,comment,created_at,default_version,description,http_method,path,route_id,version,yaml_content) values (?,?,?,?,?,?,?,?,?,?)]
	at org.hibernate.exception.internal.SQLStateConversionDelegate.convert(SQLStateConversionDelegate.java:97)
	at org.hibernate.exception.internal.StandardSQLExceptionConverter.convert(StandardSQLExceptionConverter.java:58)
	at org.hibernate.engine.jdbc.spi.SqlExceptionHelper.convert(SqlExceptionHelper.java:108)
	at org.hibernate.engine.jdbc.internal.ResultSetReturnImpl.executeUpdate(ResultSetReturnImpl.java:197)
	at org.hibernate.id.insert.GetGeneratedKeysDelegate.performMutation(GetGeneratedKeysDelegate.java:116)
	at org.hibernate.engine.jdbc.mutation.internal.MutationExecutorSingleNonBatched.performNonBatchedOperations(MutationExecutorSingleNonBatched.java:47)
	at org.hibernate.engine.jdbc.mutation.internal.AbstractMutationExecutor.execute(AbstractMutationExecutor.java:55)
	at org.hibernate.persister.entity.mutation.InsertCoordinatorStandard.doStaticInserts(InsertCoordinatorStandard.java:194)
	at org.hibernate.persister.entity.mutation.InsertCoordinatorStandard.coordinateInsert(InsertCoordinatorStandard.java:132)
	at org.hibernate.persister.entity.mutation.InsertCoordinatorStandard.insert(InsertCoordinatorStandard.java:95)
	at org.hibernate.action.internal.EntityIdentityInsertAction.execute(EntityIdentityInsertAction.java:85)
	at org.hibernate.engine.spi.ActionQueue.execute(ActionQueue.java:682)
	at org.hibernate.engine.spi.ActionQueue.addResolvedEntityInsertAction(ActionQueue.java:293)
	at org.hibernate.engine.spi.ActionQueue.addInsertAction(ActionQueue.java:274)
	at org.hibernate.engine.spi.ActionQueue.addAction(ActionQueue.java:324)
	at org.hibernate.event.internal.AbstractSaveEventListener.addInsertAction(AbstractSaveEventListener.java:393)
	at org.hibernate.event.internal.AbstractSaveEventListener.performSaveOrReplicate(AbstractSaveEventListener.java:307)
	at org.hibernate.event.internal.AbstractSaveEventListener.performSave(AbstractSaveEventListener.java:223)
	at org.hibernate.event.internal.AbstractSaveEventListener.saveWithGeneratedId(AbstractSaveEventListener.java:136)
	at org.hibernate.event.internal.DefaultPersistEventListener.entityIsTransient(DefaultPersistEventListener.java:177)
	at org.hibernate.event.internal.DefaultPersistEventListener.persist(DefaultPersistEventListener.java:95)
	at org.hibernate.event.internal.DefaultPersistEventListener.onPersist(DefaultPersistEventListener.java:79)
	at org.hibernate.event.internal.DefaultPersistEventListener.onPersist(DefaultPersistEventListener.java:55)
	at org.hibernate.event.service.internal.EventListenerGroupImpl.fireEventOnEachListener(EventListenerGroupImpl.java:127)
	at org.hibernate.internal.SessionImpl.firePersist(SessionImpl.java:761)
	at org.hibernate.internal.SessionImpl.persist(SessionImpl.java:745)
	at java.base/jdk.internal.reflect.DirectMethodHandleAccessor.invoke(DirectMethodHandleAccessor.java:103)
	at java.base/java.lang.reflect.Method.invoke(Method.java:580)
	at org.springframework.orm.jpa.SharedEntityManagerCreator$SharedEntityManagerInvocationHandler.invoke(SharedEntityManagerCreator.java:320)
	at jdk.proxy2/jdk.proxy2.$Proxy182.persist(Unknown Source)
	at org.springframework.data.jpa.repository.support.SimpleJpaRepository.save(SimpleJpaRepository.java:636)
	at java.base/jdk.internal.reflect.DirectMethodHandleAccessor.invoke(DirectMethodHandleAccessor.java:103)
	at java.base/java.lang.reflect.Method.invoke(Method.java:580)
	at org.springframework.aop.support.AopUtils.invokeJoinpointUsingReflection(AopUtils.java:359)
	at org.springframework.data.repository.core.support.RepositoryMethodInvoker$RepositoryFragmentMethodInvoker.lambda$new$0(RepositoryMethodInvoker.java:277)
	at org.springframework.data.repository.core.support.RepositoryMethodInvoker.doInvoke(RepositoryMethodInvoker.java:170)
	at org.springframework.data.repository.core.support.RepositoryMethodInvoker.invoke(RepositoryMethodInvoker.java:158)
	at org.springframework.data.repository.core.support.RepositoryComposition$RepositoryFragments.invoke(RepositoryComposition.java:515)
	at org.springframework.data.repository.core.support.RepositoryComposition.invoke(RepositoryComposition.java:284)
	at org.springframework.data.repository.core.support.RepositoryFactorySupport$ImplementationMethodExecutionInterceptor.invoke(RepositoryFactorySupport.java:731)
	at org.springframework.aop.framework.ReflectiveMethodInvocation.proceed(ReflectiveMethodInvocation.java:184)
	at org.springframework.data.repository.core.support.QueryExecutorMethodInterceptor.doInvoke(QueryExecutorMethodInterceptor.java:174)
	at org.springframework.data.repository.core.support.QueryExecutorMethodInterceptor.invoke(QueryExecutorMethodInterceptor.java:149)
	at org.springframework.aop.framework.ReflectiveMethodInvocation.proceed(ReflectiveMethodInvocation.java:184)
	at org.springframework.data.projection.DefaultMethodInvokingMethodInterceptor.invoke(DefaultMethodInvokingMethodInterceptor.java:69)
	at org.springframework.aop.framework.ReflectiveMethodInvocation.proceed(ReflectiveMethodInvocation.java:184)
	at org.springframework.transaction.interceptor.TransactionAspectSupport.invokeWithinTransaction(TransactionAspectSupport.java:380)
	at org.springframework.transaction.interceptor.TransactionInterceptor.invoke(TransactionInterceptor.java:119)
	at org.springframework.aop.framework.ReflectiveMethodInvocation.proceed(ReflectiveMethodInvocation.java:184)
	at org.springframework.dao.support.PersistenceExceptionTranslationInterceptor.invoke(PersistenceExceptionTranslationInterceptor.java:138)
	... 171 common frames omitted
Caused by: org.postgresql.util.PSQLException: ERROR: duplicate key value violates unique constraint "ukjhf2lewqj1yjpjjtcr18nj8t6"
  Detail: Key (route_id)=(my-ew-route) already exists.
	at org.postgresql.core.v3.QueryExecutorImpl.receiveErrorResponse(QueryExecutorImpl.java:2733)
	at org.postgresql.core.v3.QueryExecutorImpl.processResults(QueryExecutorImpl.java:2420)
	at org.postgresql.core.v3.QueryExecutorImpl.execute(QueryExecutorImpl.java:372)
	at org.postgresql.jdbc.PgStatement.executeInternal(PgStatement.java:517)
	at org.postgresql.jdbc.PgStatement.execute(PgStatement.java:434)
	at org.postgresql.jdbc.PgPreparedStatement.executeWithFlags(PgPreparedStatement.java:194)
	at org.postgresql.jdbc.PgPreparedStatement.executeUpdate(PgPreparedStatement.java:155)
	at org.hibernate.engine.jdbc.internal.ResultSetReturnImpl.executeUpdate(ResultSetReturnImpl.java:194)
	... 217 common frames omitted
2025-09-03 23:47:29 [http-nio-8081-exec-7] WARN  o.h.e.jdbc.spi.SqlExceptionHelper - SQL Error: 0, SQLState: 25P02
2025-09-03 23:47:29 [http-nio-8081-exec-7] ERROR o.h.e.jdbc.spi.SqlExceptionHelper - ERROR: current transaction is aborted, commands ignored until end of transaction block
2025-09-03 23:47:29 [http-nio-8081-exec-7] ERROR c.m.b.k.c.DynamicRouteController - Failed to deploy route: could not execute statement [ERROR: current transaction is aborted, commands ignored until end of transaction block] [/* insert for com.middleware.backend.kaotocamel.model.DynamicRouteAudit */insert into dynamic_route_audit (status,action,details,route_id,timestamp,user_email,version) values (?,?,?,?,?,?,?)]
2025-09-03 23:47:29 [http-nio-8081-exec-7] DEBUG o.s.w.s.m.m.a.HttpEntityMethodProcessor - Using 'text/plain', given [*/*] and supported [text/plain, */*, application/json, application/*+json, application/yaml]
2025-09-03 23:47:29 [http-nio-8081-exec-7] DEBUG o.s.w.s.m.m.a.HttpEntityMethodProcessor - Writing ["Failed to deploy route: could not execute statement [ERROR: current transaction is aborted, commands (truncated)..."]
2025-09-03 23:47:29 [http-nio-8081-exec-7] DEBUG o.s.web.servlet.DispatcherServlet - Completed 400 BAD_REQUEST
2025-09-03 23:47:29 [http-nio-8081-exec-7] DEBUG o.s.w.f.CommonsRequestLoggingFilter - After request [POST /api/routes/update, client=0:0:0:0:0:0:0:1, user=admin@mail.com, payload=- route:
    id: "my-ew-route"
    description: "New route dscription"
    from:
      uri: rest:post:/api/ello
      steps:
        - log:
            message: 'Received: ${body}'
        - setBody:
            constant: 'Hello from new route!'
        - to: 'log:output']
2025-09-03 23:47:38 [http-nio-8081-exec-8] INFO  c.m.b.k.service.DynamicRouteService - Fetching active routes with pagination
2025-09-03 23:47:38 [http-nio-8081-exec-8] DEBUG o.s.w.f.CommonsRequestLoggingFilter - Before request [GET /api/routes/latest?page=0&size=10, client=0:0:0:0:0:0:0:1, user=admin@mail.com]
2025-09-03 23:47:38 [http-nio-8081-exec-8] DEBUG o.s.web.servlet.DispatcherServlet - GET "/api/routes/latest?page=0&size=10", parameters={masked}
2025-09-03 23:47:38 [http-nio-8081-exec-8] DEBUG o.s.w.s.m.m.a.RequestMappingHandlerMapping - Mapped to com.middleware.backend.kaotocamel.controller.DynamicRouteController#getRoutes(String, String, String, String, Boolean, String, String, LocalDateTime, LocalDateTime, String, String, int, int)
2025-09-03 23:47:38 [http-nio-8081-exec-8] DEBUG o.s.w.s.m.m.a.HttpEntityMethodProcessor - Using 'application/json', given [*/*] and supported [application/json, application/*+json, application/yaml]
2025-09-03 23:47:38 [http-nio-8081-exec-8] DEBUG o.s.w.s.m.m.a.HttpEntityMethodProcessor - Writing [Page 1 of 1 containing com.middleware.backend.kaotocamel.model.DynamicRouteEntity instances]
2025-09-03 23:47:38 [http-nio-8081-exec-8] DEBUG o.s.web.servlet.DispatcherServlet - Completed 200 OK
2025-09-03 23:47:38 [http-nio-8081-exec-8] DEBUG o.s.w.f.CommonsRequestLoggingFilter - After request [GET /api/routes/latest?page=0&size=10, client=0:0:0:0:0:0:0:1, user=admin@mail.com]
2025-09-03 23:47:48 [scheduling-1] INFO  c.m.b.k.service.DynamicRouteService - Starting route status sync with Camel context
2025-09-03 23:47:48 [scheduling-1] INFO  c.m.b.k.service.DynamicRouteService - Completed route status sync
2025-09-03 23:48:08 [http-nio-8081-exec-6] INFO  c.m.b.k.service.DynamicRouteService - Fetching active routes with pagination
2025-09-03 23:48:08 [http-nio-8081-exec-6] DEBUG o.s.w.f.CommonsRequestLoggingFilter - Before request [GET /api/routes/latest?page=0&size=10, client=0:0:0:0:0:0:0:1, user=admin@mail.com]
2025-09-03 23:48:08 [http-nio-8081-exec-6] DEBUG o.s.web.servlet.DispatcherServlet - GET "/api/routes/latest?page=0&size=10", parameters={masked}
2025-09-03 23:48:08 [http-nio-8081-exec-6] DEBUG o.s.w.s.m.m.a.RequestMappingHandlerMapping - Mapped to com.middleware.backend.kaotocamel.controller.DynamicRouteController#getRoutes(String, String, String, String, Boolean, String, String, LocalDateTime, LocalDateTime, String, String, int, int)
2025-09-03 23:48:08 [http-nio-8081-exec-6] DEBUG o.s.w.s.m.m.a.HttpEntityMethodProcessor - Using 'application/json', given [*/*] and supported [application/json, application/*+json, application/yaml]
2025-09-03 23:48:08 [http-nio-8081-exec-6] DEBUG o.s.w.s.m.m.a.HttpEntityMethodProcessor - Writing [Page 1 of 1 containing com.middleware.backend.kaotocamel.model.DynamicRouteEntity instances]
2025-09-03 23:48:08 [http-nio-8081-exec-6] DEBUG o.s.web.servlet.DispatcherServlet - Completed 200 OK
2025-09-03 23:48:08 [http-nio-8081-exec-6] DEBUG o.s.w.f.CommonsRequestLoggingFilter - After request [GET /api/routes/latest?page=0&size=10, client=0:0:0:0:0:0:0:1, user=admin@mail.com]
2025-09-03 23:48:18 [scheduling-1] INFO  c.m.b.k.service.DynamicRouteService - Starting route status sync with Camel context
2025-09-03 23:48:18 [scheduling-1] INFO  c.m.b.k.service.DynamicRouteService - Completed route status sync
2025-09-03 23:48:48 [scheduling-1] INFO  c.m.b.k.service.DynamicRouteService - Starting route status sync with Camel context
2025-09-03 23:48:48 [scheduling-1] INFO  c.m.b.k.service.DynamicRouteService - Completed route status sync
2025-09-03 23:49:14 [http-nio-8081-exec-9] INFO  c.m.b.k.service.DynamicRouteService - Fetching active routes with pagination
2025-09-03 23:49:14 [http-nio-8081-exec-9] WARN  o.h.e.jdbc.spi.SqlExceptionHelper - SQL Error: 0, SQLState: 42P01
2025-09-03 23:49:14 [http-nio-8081-exec-9] ERROR o.h.e.jdbc.spi.SqlExceptionHelper - ERROR: relation "dynamic_routes" does not exist
  Position: 211
2025-09-03 23:49:14 [http-nio-8081-exec-9] ERROR o.a.c.c.C.[.[.[.[dispatcherServlet] - Servlet.service() for servlet [dispatcherServlet] in context with path [] threw exception
org.springframework.dao.InvalidDataAccessResourceUsageException: JDBC exception executing SQL [/* <criteria> */ select dre1_0.id,dre1_0.active,dre1_0.comment,dre1_0.created_at,dre1_0.default_version,dre1_0.description,dre1_0.http_method,dre1_0.path,dre1_0.route_id,dre1_0.version,dre1_0.yaml_content from dynamic_routes dre1_0 where dre1_0.active] [ERROR: relation "dynamic_routes" does not exist
  Position: 211] [n/a]; SQL [n/a]
	at org.springframework.orm.jpa.vendor.HibernateJpaDialect.convertHibernateAccessException(HibernateJpaDialect.java:277)
	at org.springframework.orm.jpa.vendor.HibernateJpaDialect.translateExceptionIfPossible(HibernateJpaDialect.java:241)
	at org.springframework.orm.jpa.AbstractEntityManagerFactoryBean.translateExceptionIfPossible(AbstractEntityManagerFactoryBean.java:560)
	at org.springframework.dao.support.ChainedPersistenceExceptionTranslator.translateExceptionIfPossible(ChainedPersistenceExceptionTranslator.java:61)
	at org.springframework.dao.support.DataAccessUtils.translateIfNecessary(DataAccessUtils.java:343)
	at org.springframework.dao.support.PersistenceExceptionTranslationInterceptor.invoke(PersistenceExceptionTranslationInterceptor.java:160)
	at org.springframework.aop.framework.ReflectiveMethodInvocation.proceed(ReflectiveMethodInvocation.java:184)
	at org.springframework.data.jpa.repository.support.CrudMethodMetadataPostProcessor$CrudMethodMetadataPopulatingMethodInterceptor.invoke(CrudMethodMetadataPostProcessor.java:136)
	at org.springframework.aop.framework.ReflectiveMethodInvocation.proceed(ReflectiveMethodInvocation.java:184)
	at org.springframework.aop.framework.JdkDynamicAopProxy.invoke(JdkDynamicAopProxy.java:223)
	at jdk.proxy2/jdk.proxy2.$Proxy199.findByActiveTrue(Unknown Source)
	at com.middleware.backend.kaotocamel.service.DynamicRouteService.getActiveRoutes(DynamicRouteService.java:662)
	at java.base/jdk.internal.reflect.DirectMethodHandleAccessor.invoke(DirectMethodHandleAccessor.java:103)
	at java.base/java.lang.reflect.Method.invoke(Method.java:580)
	at org.springframework.aop.support.AopUtils.invokeJoinpointUsingReflection(AopUtils.java:359)
	at org.springframework.aop.framework.CglibAopProxy$DynamicAdvisedInterceptor.intercept(CglibAopProxy.java:723)
	at com.middleware.backend.kaotocamel.service.DynamicRouteService$$SpringCGLIB$$0.getActiveRoutes(<generated>)
	at com.middleware.backend.users.config.JwtRequestFilter.doFilterInternal(JwtRequestFilter.java:65)
	at org.springframework.web.filter.OncePerRequestFilter.doFilter(OncePerRequestFilter.java:116)
	at org.springframework.security.web.ObservationFilterChainDecorator$ObservationFilter.wrapFilter(ObservationFilterChainDecorator.java:240)
	at org.springframework.security.web.ObservationFilterChainDecorator$ObservationFilter.doFilter(ObservationFilterChainDecorator.java:227)
	at org.springframework.security.web.ObservationFilterChainDecorator$VirtualFilterChain.doFilter(ObservationFilterChainDecorator.java:137)
	at org.springframework.security.web.authentication.logout.LogoutFilter.doFilter(LogoutFilter.java:107)
	at org.springframework.security.web.authentication.logout.LogoutFilter.doFilter(LogoutFilter.java:93)
	at org.springframework.security.web.ObservationFilterChainDecorator$ObservationFilter.wrapFilter(ObservationFilterChainDecorator.java:240)
	at org.springframework.security.web.ObservationFilterChainDecorator$ObservationFilter.doFilter(ObservationFilterChainDecorator.java:227)
	at org.springframework.security.web.ObservationFilterChainDecorator$VirtualFilterChain.doFilter(ObservationFilterChainDecorator.java:137)
	at org.springframework.web.filter.CorsFilter.doFilterInternal(CorsFilter.java:91)
	at org.springframework.web.filter.OncePerRequestFilter.doFilter(OncePerRequestFilter.java:116)
	at org.springframework.security.web.ObservationFilterChainDecorator$ObservationFilter.wrapFilter(ObservationFilterChainDecorator.java:240)
	at org.springframework.security.web.ObservationFilterChainDecorator$ObservationFilter.doFilter(ObservationFilterChainDecorator.java:227)
	at org.springframework.security.web.ObservationFilterChainDecorator$VirtualFilterChain.doFilter(ObservationFilterChainDecorator.java:137)
	at org.springframework.security.web.header.HeaderWriterFilter.doHeadersAfter(HeaderWriterFilter.java:90)
	at org.springframework.security.web.header.HeaderWriterFilter.doFilterInternal(HeaderWriterFilter.java:75)
	at org.springframework.web.filter.OncePerRequestFilter.doFilter(OncePerRequestFilter.java:116)
	at org.springframework.security.web.ObservationFilterChainDecorator$ObservationFilter.wrapFilter(ObservationFilterChainDecorator.java:240)
	at org.springframework.security.web.ObservationFilterChainDecorator$ObservationFilter.doFilter(ObservationFilterChainDecorator.java:227)
	at org.springframework.security.web.ObservationFilterChainDecorator$VirtualFilterChain.doFilter(ObservationFilterChainDecorator.java:137)
	at org.springframework.security.web.context.SecurityContextHolderFilter.doFilter(SecurityContextHolderFilter.java:82)
	at org.springframework.security.web.context.SecurityContextHolderFilter.doFilter(SecurityContextHolderFilter.java:69)
	at org.springframework.security.web.ObservationFilterChainDecorator$ObservationFilter.wrapFilter(ObservationFilterChainDecorator.java:240)
	at org.springframework.security.web.ObservationFilterChainDecorator$ObservationFilter.doFilter(ObservationFilterChainDecorator.java:227)
	at org.springframework.security.web.ObservationFilterChainDecorator$VirtualFilterChain.doFilter(ObservationFilterChainDecorator.java:137)
	at org.springframework.security.web.context.request.async.WebAsyncManagerIntegrationFilter.doFilterInternal(WebAsyncManagerIntegrationFilter.java:62)
	at org.springframework.web.filter.OncePerRequestFilter.doFilter(OncePerRequestFilter.java:116)
	at org.springframework.security.web.ObservationFilterChainDecorator$ObservationFilter.wrapFilter(ObservationFilterChainDecorator.java:240)
	at org.springframework.security.web.ObservationFilterChainDecorator$ObservationFilter.doFilter(ObservationFilterChainDecorator.java:227)
	at org.springframework.security.web.ObservationFilterChainDecorator$VirtualFilterChain.doFilter(ObservationFilterChainDecorator.java:137)
	at org.springframework.security.web.session.DisableEncodeUrlFilter.doFilterInternal(DisableEncodeUrlFilter.java:42)
	at org.springframework.web.filter.OncePerRequestFilter.doFilter(OncePerRequestFilter.java:116)
	at org.springframework.security.web.ObservationFilterChainDecorator$ObservationFilter.wrapFilter(ObservationFilterChainDecorator.java:240)
	at org.springframework.security.web.ObservationFilterChainDecorator$AroundFilterObservation$SimpleAroundFilterObservation.lambda$wrap$0(ObservationFilterChainDecorator.java:323)
	at org.springframework.security.web.ObservationFilterChainDecorator$ObservationFilter.doFilter(ObservationFilterChainDecorator.java:224)
	at org.springframework.security.web.ObservationFilterChainDecorator$VirtualFilterChain.doFilter(ObservationFilterChainDecorator.java:137)
	at org.springframework.security.web.FilterChainProxy.doFilterInternal(FilterChainProxy.java:233)
	at org.springframework.security.web.FilterChainProxy.doFilter(FilterChainProxy.java:191)
	at org.springframework.web.filter.CompositeFilter$VirtualFilterChain.doFilter(CompositeFilter.java:113)
	at org.springframework.web.servlet.handler.HandlerMappingIntrospector.lambda$createCacheFilter$3(HandlerMappingIntrospector.java:243)
	at org.springframework.web.filter.CompositeFilter$VirtualFilterChain.doFilter(CompositeFilter.java:113)
	at org.springframework.web.filter.CompositeFilter.doFilter(CompositeFilter.java:74)
	at org.springframework.security.config.annotation.web.configuration.WebMvcSecurityConfiguration$CompositeFilterChainProxy.doFilter(WebMvcSecurityConfiguration.java:238)
	at org.springframework.web.filter.DelegatingFilterProxy.invokeDelegate(DelegatingFilterProxy.java:362)
	at org.springframework.web.filter.DelegatingFilterProxy.doFilter(DelegatingFilterProxy.java:278)
	at org.apache.catalina.core.ApplicationFilterChain.internalDoFilter(ApplicationFilterChain.java:164)
	at org.apache.catalina.core.ApplicationFilterChain.doFilter(ApplicationFilterChain.java:140)
	at org.springframework.web.filter.RequestContextFilter.doFilterInternal(RequestContextFilter.java:100)
	at org.springframework.web.filter.OncePerRequestFilter.doFilter(OncePerRequestFilter.java:116)
	at org.apache.catalina.core.ApplicationFilterChain.internalDoFilter(ApplicationFilterChain.java:164)
	at org.apache.catalina.core.ApplicationFilterChain.doFilter(ApplicationFilterChain.java:140)
	at org.springframework.web.filter.FormContentFilter.doFilterInternal(FormContentFilter.java:93)
	at org.springframework.web.filter.OncePerRequestFilter.doFilter(OncePerRequestFilter.java:116)
	at org.apache.catalina.core.ApplicationFilterChain.internalDoFilter(ApplicationFilterChain.java:164)
	at org.apache.catalina.core.ApplicationFilterChain.doFilter(ApplicationFilterChain.java:140)
	at org.springframework.web.filter.ServerHttpObservationFilter.doFilterInternal(ServerHttpObservationFilter.java:114)
	at org.springframework.web.filter.OncePerRequestFilter.doFilter(OncePerRequestFilter.java:116)
	at org.apache.catalina.core.ApplicationFilterChain.internalDoFilter(ApplicationFilterChain.java:164)
	at org.apache.catalina.core.ApplicationFilterChain.doFilter(ApplicationFilterChain.java:140)
	at org.springframework.web.filter.CharacterEncodingFilter.doFilterInternal(CharacterEncodingFilter.java:201)
	at org.springframework.web.filter.OncePerRequestFilter.doFilter(OncePerRequestFilter.java:116)
	at org.apache.catalina.core.ApplicationFilterChain.internalDoFilter(ApplicationFilterChain.java:164)
	at org.apache.catalina.core.ApplicationFilterChain.doFilter(ApplicationFilterChain.java:140)
	at org.apache.catalina.core.StandardWrapperValve.invoke(StandardWrapperValve.java:167)
	at org.apache.catalina.core.StandardContextValve.invoke(StandardContextValve.java:90)
	at org.apache.catalina.authenticator.AuthenticatorBase.invoke(AuthenticatorBase.java:483)
	at org.apache.catalina.core.StandardHostValve.invoke(StandardHostValve.java:115)
	at org.apache.catalina.valves.ErrorReportValve.invoke(ErrorReportValve.java:93)
	at org.apache.catalina.core.StandardEngineValve.invoke(StandardEngineValve.java:74)
	at org.apache.catalina.connector.CoyoteAdapter.service(CoyoteAdapter.java:344)
	at org.apache.coyote.http11.Http11Processor.service(Http11Processor.java:397)
	at org.apache.coyote.AbstractProcessorLight.process(AbstractProcessorLight.java:63)
	at org.apache.coyote.AbstractProtocol$ConnectionHandler.process(AbstractProtocol.java:905)
	at org.apache.tomcat.util.net.NioEndpoint$SocketProcessor.doRun(NioEndpoint.java:1743)
	at org.apache.tomcat.util.net.SocketProcessorBase.run(SocketProcessorBase.java:52)
	at org.apache.tomcat.util.threads.ThreadPoolExecutor.runWorker(ThreadPoolExecutor.java:1190)
	at org.apache.tomcat.util.threads.ThreadPoolExecutor$Worker.run(ThreadPoolExecutor.java:659)
	at org.apache.tomcat.util.threads.TaskThread$WrappingRunnable.run(TaskThread.java:63)
	at java.base/java.lang.Thread.run(Thread.java:1575)
Caused by: org.hibernate.exception.SQLGrammarException: JDBC exception executing SQL [/* <criteria> */ select dre1_0.id,dre1_0.active,dre1_0.comment,dre1_0.created_at,dre1_0.default_version,dre1_0.description,dre1_0.http_method,dre1_0.path,dre1_0.route_id,dre1_0.version,dre1_0.yaml_content from dynamic_routes dre1_0 where dre1_0.active] [ERROR: relation "dynamic_routes" does not exist
  Position: 211] [n/a]
	at org.hibernate.exception.internal.SQLStateConversionDelegate.convert(SQLStateConversionDelegate.java:91)
	at org.hibernate.exception.internal.StandardSQLExceptionConverter.convert(StandardSQLExceptionConverter.java:58)
	at org.hibernate.engine.jdbc.spi.SqlExceptionHelper.convert(SqlExceptionHelper.java:108)
	at org.hibernate.engine.jdbc.spi.SqlExceptionHelper.convert(SqlExceptionHelper.java:94)
	at org.hibernate.sql.results.jdbc.internal.DeferredResultSetAccess.executeQuery(DeferredResultSetAccess.java:268)
	at org.hibernate.sql.results.jdbc.internal.DeferredResultSetAccess.getResultSet(DeferredResultSetAccess.java:171)
	at org.hibernate.sql.results.jdbc.internal.JdbcValuesResultSetImpl.<init>(JdbcValuesResultSetImpl.java:74)
	at org.hibernate.sql.exec.internal.JdbcSelectExecutorStandardImpl.resolveJdbcValuesSource(JdbcSelectExecutorStandardImpl.java:355)
	at org.hibernate.sql.exec.internal.JdbcSelectExecutorStandardImpl.doExecuteQuery(JdbcSelectExecutorStandardImpl.java:137)
	at org.hibernate.sql.exec.internal.JdbcSelectExecutorStandardImpl.executeQuery(JdbcSelectExecutorStandardImpl.java:102)
	at org.hibernate.sql.exec.spi.JdbcSelectExecutor.executeQuery(JdbcSelectExecutor.java:91)
	at org.hibernate.sql.exec.spi.JdbcSelectExecutor.list(JdbcSelectExecutor.java:165)
	at org.hibernate.query.sqm.internal.ConcreteSqmSelectQueryPlan.lambda$new$1(ConcreteSqmSelectQueryPlan.java:152)
	at org.hibernate.query.sqm.internal.ConcreteSqmSelectQueryPlan.withCacheableSqmInterpretation(ConcreteSqmSelectQueryPlan.java:442)
	at org.hibernate.query.sqm.internal.ConcreteSqmSelectQueryPlan.performList(ConcreteSqmSelectQueryPlan.java:362)
	at org.hibernate.query.sqm.internal.QuerySqmImpl.doList(QuerySqmImpl.java:380)
	at org.hibernate.query.spi.AbstractSelectionQuery.list(AbstractSelectionQuery.java:143)
	at org.hibernate.query.Query.getResultList(Query.java:120)
	at java.base/jdk.internal.reflect.DirectMethodHandleAccessor.invoke(DirectMethodHandleAccessor.java:103)
	at java.base/java.lang.reflect.Method.invoke(Method.java:580)
	at org.springframework.orm.jpa.SharedEntityManagerCreator$DeferredQueryInvocationHandler.invoke(SharedEntityManagerCreator.java:419)
	at jdk.proxy2/jdk.proxy2.$Proxy247.getResultList(Unknown Source)
	at org.springframework.data.jpa.repository.query.JpaQueryExecution$CollectionExecution.doExecute(JpaQueryExecution.java:130)
	at org.springframework.data.jpa.repository.query.JpaQueryExecution.execute(JpaQueryExecution.java:93)
	at org.springframework.data.jpa.repository.query.AbstractJpaQuery.doExecute(AbstractJpaQuery.java:152)
	at org.springframework.data.jpa.repository.query.AbstractJpaQuery.execute(AbstractJpaQuery.java:140)
	at org.springframework.data.repository.core.support.RepositoryMethodInvoker.doInvoke(RepositoryMethodInvoker.java:170)
	at org.springframework.data.repository.core.support.RepositoryMethodInvoker.invoke(RepositoryMethodInvoker.java:158)
	at org.springframework.data.repository.core.support.QueryExecutorMethodInterceptor.doInvoke(QueryExecutorMethodInterceptor.java:170)
	at org.springframework.data.repository.core.support.QueryExecutorMethodInterceptor.invoke(QueryExecutorMethodInterceptor.java:149)
	at org.springframework.aop.framework.ReflectiveMethodInvocation.proceed(ReflectiveMethodInvocation.java:184)
	at org.springframework.data.projection.DefaultMethodInvokingMethodInterceptor.invoke(DefaultMethodInvokingMethodInterceptor.java:69)
	at org.springframework.aop.framework.ReflectiveMethodInvocation.proceed(ReflectiveMethodInvocation.java:184)
	at org.springframework.transaction.interceptor.TransactionAspectSupport.invokeWithinTransaction(TransactionAspectSupport.java:380)
	at org.springframework.transaction.interceptor.TransactionInterceptor.invoke(TransactionInterceptor.java:119)
	at org.springframework.aop.framework.ReflectiveMethodInvocation.proceed(ReflectiveMethodInvocation.java:184)
	at org.springframework.dao.support.PersistenceExceptionTranslationInterceptor.invoke(PersistenceExceptionTranslationInterceptor.java:138)
	... 91 common frames omitted
Caused by: org.postgresql.util.PSQLException: ERROR: relation "dynamic_routes" does not exist
  Position: 211
	at org.postgresql.core.v3.QueryExecutorImpl.receiveErrorResponse(QueryExecutorImpl.java:2733)
	at org.postgresql.core.v3.QueryExecutorImpl.processResults(QueryExecutorImpl.java:2420)
	at org.postgresql.core.v3.QueryExecutorImpl.execute(QueryExecutorImpl.java:372)
	at org.postgresql.jdbc.PgStatement.executeInternal(PgStatement.java:517)
	at org.postgresql.jdbc.PgStatement.execute(PgStatement.java:434)
	at org.postgresql.jdbc.PgPreparedStatement.executeWithFlags(PgPreparedStatement.java:194)
	at org.postgresql.jdbc.PgPreparedStatement.executeQuery(PgPreparedStatement.java:137)
	at org.hibernate.sql.results.jdbc.internal.DeferredResultSetAccess.executeQuery(DeferredResultSetAccess.java:250)
	... 123 common frames omitted
2025-09-03 23:49:18 [scheduling-1] INFO  c.m.b.k.service.DynamicRouteService - Starting route status sync with Camel context
2025-09-03 23:49:18 [scheduling-1] WARN  o.h.e.jdbc.spi.SqlExceptionHelper - SQL Error: 0, SQLState: 42P01
2025-09-03 23:49:18 [scheduling-1] ERROR o.h.e.jdbc.spi.SqlExceptionHelper - ERROR: relation "dynamic_routes" does not exist
  Position: 96
2025-09-03 23:49:18 [scheduling-1] ERROR o.s.s.s.TaskUtils$LoggingErrorHandler - Unexpected error occurred in scheduled task
org.springframework.dao.InvalidDataAccessResourceUsageException: JDBC exception executing SQL [/* SELECT DISTINCT r.routeId FROM DynamicRouteEntity r */ select distinct dre1_0.route_id from dynamic_routes dre1_0] [ERROR: relation "dynamic_routes" does not exist
  Position: 96] [n/a]; SQL [n/a]
	at org.springframework.orm.jpa.vendor.HibernateJpaDialect.convertHibernateAccessException(HibernateJpaDialect.java:277)
	at org.springframework.orm.jpa.vendor.HibernateJpaDialect.translateExceptionIfPossible(HibernateJpaDialect.java:241)
	at org.springframework.orm.jpa.AbstractEntityManagerFactoryBean.translateExceptionIfPossible(AbstractEntityManagerFactoryBean.java:560)
	at org.springframework.dao.support.ChainedPersistenceExceptionTranslator.translateExceptionIfPossible(ChainedPersistenceExceptionTranslator.java:61)
	at org.springframework.dao.support.DataAccessUtils.translateIfNecessary(DataAccessUtils.java:343)
	at org.springframework.dao.support.PersistenceExceptionTranslationInterceptor.invoke(PersistenceExceptionTranslationInterceptor.java:160)
	at org.springframework.aop.framework.ReflectiveMethodInvocation.proceed(ReflectiveMethodInvocation.java:184)
	at org.springframework.data.jpa.repository.support.CrudMethodMetadataPostProcessor$CrudMethodMetadataPopulatingMethodInterceptor.invoke(CrudMethodMetadataPostProcessor.java:136)
	at org.springframework.aop.framework.ReflectiveMethodInvocation.proceed(ReflectiveMethodInvocation.java:184)
	at org.springframework.aop.framework.JdkDynamicAopProxy.invoke(JdkDynamicAopProxy.java:223)
	at jdk.proxy2/jdk.proxy2.$Proxy199.findAllDistinctRouteIds(Unknown Source)
	at com.middleware.backend.kaotocamel.service.DynamicRouteService.syncRouteStatuses(DynamicRouteService.java:1288)
	at java.base/jdk.internal.reflect.DirectMethodHandleAccessor.invoke(DirectMethodHandleAccessor.java:103)
	at java.base/java.lang.reflect.Method.invoke(Method.java:580)
	at org.springframework.aop.support.AopUtils.invokeJoinpointUsingReflection(AopUtils.java:359)
	at org.springframework.aop.framework.ReflectiveMethodInvocation.invokeJoinpoint(ReflectiveMethodInvocation.java:196)
	at org.springframework.aop.framework.ReflectiveMethodInvocation.proceed(ReflectiveMethodInvocation.java:163)
	at org.springframework.transaction.interceptor.TransactionAspectSupport.invokeWithinTransaction(TransactionAspectSupport.java:380)
	at org.springframework.transaction.interceptor.TransactionInterceptor.invoke(TransactionInterceptor.java:119)
	at org.springframework.aop.framework.ReflectiveMethodInvocation.proceed(ReflectiveMethodInvocation.java:184)
	at org.springframework.aop.framework.CglibAopProxy$DynamicAdvisedInterceptor.intercept(CglibAopProxy.java:727)
	at com.middleware.backend.kaotocamel.service.DynamicRouteService$$SpringCGLIB$$0.syncRouteStatuses(<generated>)
	at java.base/jdk.internal.reflect.DirectMethodHandleAccessor.invoke(DirectMethodHandleAccessor.java:103)
	at java.base/java.lang.reflect.Method.invoke(Method.java:580)
	at org.springframework.scheduling.support.ScheduledMethodRunnable.runInternal(ScheduledMethodRunnable.java:130)
	at org.springframework.scheduling.support.ScheduledMethodRunnable.lambda$run$2(ScheduledMethodRunnable.java:124)
	at io.micrometer.observation.Observation.observe(Observation.java:498)
	at org.springframework.scheduling.support.ScheduledMethodRunnable.run(ScheduledMethodRunnable.java:124)
	at org.springframework.scheduling.config.Task$OutcomeTrackingRunnable.run(Task.java:85)
	at org.springframework.scheduling.support.DelegatingErrorHandlingRunnable.run(DelegatingErrorHandlingRunnable.java:54)
	at java.base/java.util.concurrent.Executors$RunnableAdapter.call(Executors.java:572)
	at java.base/java.util.concurrent.FutureTask.runAndReset(FutureTask.java:358)
	at java.base/java.util.concurrent.ScheduledThreadPoolExecutor$ScheduledFutureTask.run(ScheduledThreadPoolExecutor.java:305)
	at java.base/java.util.concurrent.ThreadPoolExecutor.runWorker(ThreadPoolExecutor.java:1144)
	at java.base/java.util.concurrent.ThreadPoolExecutor$Worker.run(ThreadPoolExecutor.java:642)
	at java.base/java.lang.Thread.run(Thread.java:1575)
Caused by: org.hibernate.exception.SQLGrammarException: JDBC exception executing SQL [/* SELECT DISTINCT r.routeId FROM DynamicRouteEntity r */ select distinct dre1_0.route_id from dynamic_routes dre1_0] [ERROR: relation "dynamic_routes" does not exist
  Position: 96] [n/a]
	at org.hibernate.exception.internal.SQLStateConversionDelegate.convert(SQLStateConversionDelegate.java:91)
	at org.hibernate.exception.internal.StandardSQLExceptionConverter.convert(StandardSQLExceptionConverter.java:58)
	at org.hibernate.engine.jdbc.spi.SqlExceptionHelper.convert(SqlExceptionHelper.java:108)
	at org.hibernate.engine.jdbc.spi.SqlExceptionHelper.convert(SqlExceptionHelper.java:94)
	at org.hibernate.sql.results.jdbc.internal.DeferredResultSetAccess.executeQuery(DeferredResultSetAccess.java:268)
	at org.hibernate.sql.results.jdbc.internal.DeferredResultSetAccess.getResultSet(DeferredResultSetAccess.java:171)
	at org.hibernate.sql.results.jdbc.internal.JdbcValuesResultSetImpl.<init>(JdbcValuesResultSetImpl.java:74)
	at org.hibernate.sql.exec.internal.JdbcSelectExecutorStandardImpl.resolveJdbcValuesSource(JdbcSelectExecutorStandardImpl.java:355)
	at org.hibernate.sql.exec.internal.JdbcSelectExecutorStandardImpl.doExecuteQuery(JdbcSelectExecutorStandardImpl.java:137)
	at org.hibernate.sql.exec.internal.JdbcSelectExecutorStandardImpl.executeQuery(JdbcSelectExecutorStandardImpl.java:102)
	at org.hibernate.sql.exec.spi.JdbcSelectExecutor.executeQuery(JdbcSelectExecutor.java:91)
	at org.hibernate.sql.exec.spi.JdbcSelectExecutor.list(JdbcSelectExecutor.java:165)
	at org.hibernate.query.sqm.internal.ConcreteSqmSelectQueryPlan.lambda$new$1(ConcreteSqmSelectQueryPlan.java:152)
	at org.hibernate.query.sqm.internal.ConcreteSqmSelectQueryPlan.withCacheableSqmInterpretation(ConcreteSqmSelectQueryPlan.java:442)
	at org.hibernate.query.sqm.internal.ConcreteSqmSelectQueryPlan.performList(ConcreteSqmSelectQueryPlan.java:362)
	at org.hibernate.query.sqm.internal.QuerySqmImpl.doList(QuerySqmImpl.java:380)
	at org.hibernate.query.spi.AbstractSelectionQuery.list(AbstractSelectionQuery.java:143)
	at org.hibernate.query.Query.getResultList(Query.java:120)
	at org.springframework.data.jpa.repository.query.JpaQueryExecution$CollectionExecution.doExecute(JpaQueryExecution.java:130)
	at org.springframework.data.jpa.repository.query.JpaQueryExecution.execute(JpaQueryExecution.java:93)
	at org.springframework.data.jpa.repository.query.AbstractJpaQuery.doExecute(AbstractJpaQuery.java:152)
	at org.springframework.data.jpa.repository.query.AbstractJpaQuery.execute(AbstractJpaQuery.java:140)
	at org.springframework.data.repository.core.support.RepositoryMethodInvoker.doInvoke(RepositoryMethodInvoker.java:170)
	at org.springframework.data.repository.core.support.RepositoryMethodInvoker.invoke(RepositoryMethodInvoker.java:158)
	at org.springframework.data.repository.core.support.QueryExecutorMethodInterceptor.doInvoke(QueryExecutorMethodInterceptor.java:170)
	at org.springframework.data.repository.core.support.QueryExecutorMethodInterceptor.invoke(QueryExecutorMethodInterceptor.java:149)
	at org.springframework.aop.framework.ReflectiveMethodInvocation.proceed(ReflectiveMethodInvocation.java:184)
	at org.springframework.data.projection.DefaultMethodInvokingMethodInterceptor.invoke(DefaultMethodInvokingMethodInterceptor.java:69)
	at org.springframework.aop.framework.ReflectiveMethodInvocation.proceed(ReflectiveMethodInvocation.java:184)
	at org.springframework.transaction.interceptor.TransactionAspectSupport.invokeWithinTransaction(TransactionAspectSupport.java:380)
	at org.springframework.transaction.interceptor.TransactionInterceptor.invoke(TransactionInterceptor.java:119)
	at org.springframework.aop.framework.ReflectiveMethodInvocation.proceed(ReflectiveMethodInvocation.java:184)
	at org.springframework.dao.support.PersistenceExceptionTranslationInterceptor.invoke(PersistenceExceptionTranslationInterceptor.java:138)
	... 30 common frames omitted
Caused by: org.postgresql.util.PSQLException: ERROR: relation "dynamic_routes" does not exist
  Position: 96
	at org.postgresql.core.v3.QueryExecutorImpl.receiveErrorResponse(QueryExecutorImpl.java:2733)
	at org.postgresql.core.v3.QueryExecutorImpl.processResults(QueryExecutorImpl.java:2420)
	at org.postgresql.core.v3.QueryExecutorImpl.execute(QueryExecutorImpl.java:372)
	at org.postgresql.jdbc.PgStatement.executeInternal(PgStatement.java:517)
	at org.postgresql.jdbc.PgStatement.execute(PgStatement.java:434)
	at org.postgresql.jdbc.PgPreparedStatement.executeWithFlags(PgPreparedStatement.java:194)
	at org.postgresql.jdbc.PgPreparedStatement.executeQuery(PgPreparedStatement.java:137)
	at org.hibernate.sql.results.jdbc.internal.DeferredResultSetAccess.executeQuery(DeferredResultSetAccess.java:250)
	... 58 common frames omitted
2025-09-03 23:49:36 [SpringApplicationShutdownHook] INFO  org.quartz.core.QuartzScheduler - Scheduler quartzScheduler_$_NON_CLUSTERED paused.
2025-09-03 23:49:36 [SpringApplicationShutdownHook] INFO  o.a.c.i.engine.AbstractCamelContext - Apache Camel 4.4.0 (camel-1) is shutting down (timeout:45s)
2025-09-03 23:49:36 [SpringApplicationShutdownHook] INFO  o.a.c.i.engine.AbstractCamelContext - Routes stopped (stopped:2)
2025-09-03 23:49:36 [SpringApplicationShutdownHook] INFO  o.a.c.i.engine.AbstractCamelContext -     Stopped my-ew-route (rest://post:/api/ello)
2025-09-03 23:49:36 [SpringApplicationShutdownHook] INFO  o.a.c.i.engine.AbstractCamelContext -     Stopped my-new-route (rest://post:/api/hello)
2025-09-03 23:49:36 [SpringApplicationShutdownHook] INFO  o.a.c.i.engine.AbstractCamelContext - Apache Camel 4.4.0 (camel-1) shutdown in 3ms (uptime:14m17s)
2025-09-03 23:49:36 [SpringApplicationShutdownHook] INFO  org.quartz.core.QuartzScheduler - Scheduler quartzScheduler_$_NON_CLUSTERED shutting down.
2025-09-03 23:49:36 [SpringApplicationShutdownHook] INFO  org.quartz.core.QuartzScheduler - Scheduler quartzScheduler_$_NON_CLUSTERED paused.
2025-09-03 23:49:36 [SpringApplicationShutdownHook] INFO  org.quartz.core.QuartzScheduler - Scheduler quartzScheduler_$_NON_CLUSTERED shutdown complete.
2025-09-03 23:49:36 [SpringApplicationShutdownHook] INFO  o.a.c.c.s.CamelHttpTransportServlet - Destroyed CamelHttpTransportServlet[CamelServlet]
2025-09-03 23:49:41 [background-preinit] INFO  o.h.validator.internal.util.Version - HV000001: Hibernate Validator 8.0.2.Final
2025-09-03 23:49:41 [main] INFO  c.middleware.MiddlewareApplication - Starting MiddlewareApplication using Java 23-valhalla with PID 35308 (C:\Users\omard\Desktop\Work\jordan\back-end\target\classes started by omard in C:\Users\omard\Desktop\Work\jordan\back-end)
2025-09-03 23:49:41 [main] INFO  c.middleware.MiddlewareApplication - No active profile set, falling back to 1 default profile: "default"
2025-09-03 23:49:44 [main] INFO  o.a.coyote.http11.Http11NioProtocol - Initializing ProtocolHandler ["http-nio-8081"]
2025-09-03 23:49:44 [main] INFO  o.a.catalina.core.StandardService - Starting service [Tomcat]
2025-09-03 23:49:44 [main] INFO  o.a.catalina.core.StandardEngine - Starting Servlet engine: [Apache Tomcat/10.1.39]
2025-09-03 23:49:44 [main] INFO  o.a.c.c.C.[Tomcat].[localhost].[/] - Initializing Spring embedded WebApplicationContext
2025-09-03 23:49:45 [main] INFO  o.h.jpa.internal.util.LogHelper - HHH000204: Processing PersistenceUnitInfo [name: default]
2025-09-03 23:49:45 [main] INFO  org.hibernate.Version - HHH000412: Hibernate ORM core version 6.6.11.Final
2025-09-03 23:49:45 [main] INFO  o.h.c.i.RegionFactoryInitiator - HHH000026: Second-level cache disabled
2025-09-03 23:49:45 [main] WARN  org.hibernate.orm.deprecation - HHH90000025: PostgreSQLDialect does not need to be specified explicitly using 'hibernate.dialect' (remove the property setting and it will be selected by default)
2025-09-03 23:49:45 [main] INFO  o.hibernate.orm.connections.pooling - HHH10001005: Database info:
	Database JDBC URL [Connecting through datasource 'org.springframework.jdbc.datasource.DriverManagerDataSource@673605ef']
	Database driver: undefined/unknown
	Database version: 17.4
	Autocommit mode: undefined/unknown
	Isolation level: undefined/unknown
	Minimum pool size: undefined/unknown
	Maximum pool size: undefined/unknown
2025-09-03 23:49:47 [main] INFO  o.h.e.t.j.p.i.JtaPlatformInitiator - HHH000489: No JTA platform available (set 'hibernate.transaction.jta.platform' to enable JTA platform integration)
2025-09-03 23:49:48 [main] INFO  o.a.camel.util.concurrent.ThreadType - The type of thread detected is PLATFORM
2025-09-03 23:49:49 [main] DEBUG o.s.w.f.ServerHttpObservationFilter - Filter 'webMvcObservationFilter' configured for use
2025-09-03 23:49:49 [main] DEBUG o.s.w.f.CommonsRequestLoggingFilter - Filter 'logFilter' configured for use
2025-09-03 23:49:49 [main] DEBUG c.m.b.users.config.JwtRequestFilter - Filter 'jwtRequestFilter' configured for use
2025-09-03 23:49:50 [main] INFO  org.quartz.impl.StdSchedulerFactory - Using default implementation for ThreadExecutor
2025-09-03 23:49:50 [main] INFO  o.quartz.core.SchedulerSignalerImpl - Initialized Scheduler Signaller of type: class org.quartz.core.SchedulerSignalerImpl
2025-09-03 23:49:50 [main] INFO  org.quartz.core.QuartzScheduler - Quartz Scheduler v.2.3.2 created.
2025-09-03 23:49:50 [main] INFO  org.quartz.simpl.RAMJobStore - RAMJobStore initialized.
2025-09-03 23:49:50 [main] INFO  org.quartz.core.QuartzScheduler - Scheduler meta-data: Quartz Scheduler (v2.3.2) 'quartzScheduler' with instanceId 'NON_CLUSTERED'
  Scheduler class: 'org.quartz.core.QuartzScheduler' - running locally.
  NOT STARTED.
  Currently in standby mode.
  Number of jobs executed: 0
  Using thread pool 'org.quartz.simpl.SimpleThreadPool' - with 10 threads.
  Using job-store 'org.quartz.simpl.RAMJobStore' - which does not support persistence. and is not clustered.

2025-09-03 23:49:50 [main] INFO  org.quartz.impl.StdSchedulerFactory - Quartz scheduler 'quartzScheduler' initialized from an externally provided properties instance.
2025-09-03 23:49:50 [main] INFO  org.quartz.impl.StdSchedulerFactory - Quartz scheduler version: 2.3.2
2025-09-03 23:49:50 [main] INFO  org.quartz.core.QuartzScheduler - JobFactory set to: org.springframework.scheduling.quartz.SpringBeanJobFactory@45ca5faf
2025-09-03 23:49:50 [main] INFO  c.m.b.k.i.Dhis2HeaderFilterConfig - === Configuring DHIS2 Header Filter (Static Test) ===
2025-09-03 23:49:50 [main] INFO  c.m.b.k.i.Dhis2HeaderFilterConfig - DHIS2 Header Filter configured - allowing most headers for testing
2025-09-03 23:49:50 [main] DEBUG o.s.w.s.m.m.a.RequestMappingHandlerMapping - 101 mappings in 'requestMappingHandlerMapping'
2025-09-03 23:49:50 [main] DEBUG o.s.w.s.h.SimpleUrlHandlerMapping - Patterns [/webjars/**, /**, /swagger-ui*/*swagger-initializer.js, /swagger-ui*/**] in 'resourceHandlerMapping'
2025-09-03 23:49:51 [main] DEBUG o.s.w.s.m.m.a.RequestMappingHandlerAdapter - ControllerAdvice beans: 0 @ModelAttribute, 0 @InitBinder, 1 RequestBodyAdvice, 1 ResponseBodyAdvice
2025-09-03 23:49:51 [main] DEBUG o.s.w.s.m.m.a.ExceptionHandlerExceptionResolver - ControllerAdvice beans: 2 @ExceptionHandler, 1 ResponseBodyAdvice
2025-09-03 23:49:52 [main] INFO  o.a.coyote.http11.Http11NioProtocol - Starting ProtocolHandler ["http-nio-8081"]
2025-09-03 23:49:52 [main] INFO  o.a.c.c.s.CamelHttpTransportServlet - Initialized CamelHttpTransportServlet[name=CamelServlet, contextPath=]
2025-09-03 23:49:52 [main] INFO  org.quartz.core.QuartzScheduler - Scheduler quartzScheduler_$_NON_CLUSTERED started.
2025-09-03 23:49:52 [main] INFO  o.a.c.i.engine.AbstractCamelContext - Apache Camel 4.4.0 (camel-1) is starting
2025-09-03 23:49:52 [main] INFO  o.a.c.i.engine.AbstractCamelContext - Routes startup (started:0)
2025-09-03 23:49:52 [main] INFO  o.a.c.i.engine.AbstractCamelContext - Apache Camel 4.4.0 (camel-1) started in 6ms (build:0ms init:0ms start:6ms)
2025-09-03 23:49:52 [main] INFO  c.middleware.MiddlewareApplication - Started MiddlewareApplication in 10.819 seconds (process running for 11.877)
2025-09-03 23:49:52 [scheduling-1] INFO  c.m.b.k.service.DynamicRouteService - Starting route status sync with Camel context
2025-09-03 23:49:52 [scheduling-1] INFO  c.m.b.k.service.DynamicRouteService - Completed route status sync
2025-09-03 23:49:52 [main] INFO  c.m.b.k.service.SequenceFixService - Fixing sequence for integration_mapping.id ...
2025-09-03 23:49:52 [main] INFO  c.m.b.k.service.SequenceFixService - Sequence public.integration_mapping_id_seq synced to 211. setval returned 211
2025-09-03 23:49:52 [main] INFO  c.m.b.k.service.SequenceFixService - Sequence fix done.
2025-09-03 23:49:52 [RMI TCP Connection(4)-192.168.88.5] INFO  o.a.c.c.C.[Tomcat].[localhost].[/] - Initializing Spring DispatcherServlet 'dispatcherServlet'
2025-09-03 23:49:52 [RMI TCP Connection(4)-192.168.88.5] INFO  o.s.web.servlet.DispatcherServlet - Initializing Servlet 'dispatcherServlet'
2025-09-03 23:49:52 [RMI TCP Connection(4)-192.168.88.5] DEBUG o.s.web.servlet.DispatcherServlet - Detected StandardServletMultipartResolver
2025-09-03 23:49:52 [RMI TCP Connection(4)-192.168.88.5] DEBUG o.s.web.servlet.DispatcherServlet - Detected AcceptHeaderLocaleResolver
2025-09-03 23:49:52 [RMI TCP Connection(4)-192.168.88.5] DEBUG o.s.web.servlet.DispatcherServlet - Detected FixedThemeResolver
2025-09-03 23:49:52 [RMI TCP Connection(4)-192.168.88.5] DEBUG o.s.web.servlet.DispatcherServlet - Detected org.springframework.web.servlet.view.DefaultRequestToViewNameTranslator@5406f519
2025-09-03 23:49:52 [RMI TCP Connection(4)-192.168.88.5] DEBUG o.s.web.servlet.DispatcherServlet - Detected org.springframework.web.servlet.support.SessionFlashMapManager@4260f222
2025-09-03 23:49:52 [RMI TCP Connection(4)-192.168.88.5] DEBUG o.s.web.servlet.DispatcherServlet - enableLoggingRequestDetails='false': request parameters and headers will be masked to prevent unsafe logging of potentially sensitive data
2025-09-03 23:49:52 [RMI TCP Connection(4)-192.168.88.5] INFO  o.s.web.servlet.DispatcherServlet - Completed initialization in 4 ms
2025-09-03 23:50:02 [http-nio-8081-exec-1] DEBUG o.s.w.f.CommonsRequestLoggingFilter - Before request [POST /api/auth/login, client=0:0:0:0:0:0:0:1]
2025-09-03 23:50:02 [http-nio-8081-exec-1] DEBUG o.s.web.servlet.DispatcherServlet - POST "/api/auth/login", parameters={}
2025-09-03 23:50:02 [http-nio-8081-exec-1] DEBUG o.s.w.s.m.m.a.RequestMappingHandlerMapping - Mapped to com.middleware.backend.users.auth.AuthController#login(AuthRequest)
2025-09-03 23:50:02 [http-nio-8081-exec-1] DEBUG o.s.w.s.m.m.a.RequestResponseBodyMethodProcessor - Read "application/json;charset=UTF-8" to [AuthController.AuthRequest(email=admin@mail.com, password=S123@231)]
2025-09-03 23:50:03 [http-nio-8081-exec-1] DEBUG o.s.w.s.m.m.a.RequestResponseBodyMethodProcessor - Using 'application/json', given [*/*] and supported [application/json, application/*+json, application/yaml]
2025-09-03 23:50:03 [http-nio-8081-exec-1] DEBUG o.s.w.s.m.m.a.RequestResponseBodyMethodProcessor - Writing [AuthController.AuthResponse(token=eyJhbGciOiJIUzI1NiJ9.eyJzdWIiOiJhZG1pbkBtYWlsLmNvbSIsImlhdCI6MTc1N (truncated)...]
2025-09-03 23:50:03 [http-nio-8081-exec-1] DEBUG o.s.web.servlet.DispatcherServlet - Completed 200 OK
2025-09-03 23:50:03 [http-nio-8081-exec-1] DEBUG o.s.w.f.CommonsRequestLoggingFilter - After request [POST /api/auth/login, client=0:0:0:0:0:0:0:1, payload={"email":"admin@mail.com","password":"S123@231"}]
2025-09-03 23:50:07 [http-nio-8081-exec-3] INFO  c.m.b.k.service.DynamicRouteService - Fetching active routes with pagination
2025-09-03 23:50:07 [http-nio-8081-exec-3] DEBUG o.s.w.f.CommonsRequestLoggingFilter - Before request [GET /api/routes/latest?page=0&size=10, client=0:0:0:0:0:0:0:1, user=admin@mail.com]
2025-09-03 23:50:07 [http-nio-8081-exec-3] DEBUG o.s.web.servlet.DispatcherServlet - GET "/api/routes/latest?page=0&size=10", parameters={masked}
2025-09-03 23:50:07 [http-nio-8081-exec-3] DEBUG o.s.w.s.m.m.a.RequestMappingHandlerMapping - Mapped to com.middleware.backend.kaotocamel.controller.DynamicRouteController#getRoutes(String, String, String, String, Boolean, String, String, LocalDateTime, LocalDateTime, String, String, int, int)
2025-09-03 23:50:07 [http-nio-8081-exec-3] WARN  o.s.d.w.c.SpringDataJacksonConfiguration$PageModule$WarningLoggingModifier - Serializing PageImpl instances as-is is not supported, meaning that there is no guarantee about the stability of the resulting JSON structure!
	For a stable JSON structure, please use Spring Data's PagedModel (globally via @EnableSpringDataWebSupport(pageSerializationMode = VIA_DTO))
	or Spring HATEOAS and Spring Data's PagedResourcesAssembler as documented in https://docs.spring.io/spring-data/commons/reference/repositories/core-extensions.html#core.web.pageables.

2025-09-03 23:50:07 [http-nio-8081-exec-3] DEBUG o.s.w.s.m.m.a.HttpEntityMethodProcessor - Using 'application/json', given [*/*] and supported [application/json, application/*+json, application/yaml]
2025-09-03 23:50:07 [http-nio-8081-exec-3] DEBUG o.s.w.s.m.m.a.HttpEntityMethodProcessor - Writing [Page 1 of 0 containing UNKNOWN instances]
2025-09-03 23:50:07 [http-nio-8081-exec-3] DEBUG o.s.web.servlet.DispatcherServlet - Completed 200 OK
2025-09-03 23:50:07 [http-nio-8081-exec-3] DEBUG o.s.w.f.CommonsRequestLoggingFilter - After request [GET /api/routes/latest?page=0&size=10, client=0:0:0:0:0:0:0:1, user=admin@mail.com]
2025-09-03 23:50:09 [http-nio-8081-exec-4] INFO  c.m.b.k.service.DynamicRouteService - Fetching active routes with pagination
2025-09-03 23:50:09 [http-nio-8081-exec-4] DEBUG o.s.w.f.CommonsRequestLoggingFilter - Before request [POST /api/routes/create, client=0:0:0:0:0:0:0:1, user=admin@mail.com]
2025-09-03 23:50:09 [http-nio-8081-exec-4] DEBUG o.s.web.servlet.DispatcherServlet - POST "/api/routes/create", parameters={}
2025-09-03 23:50:09 [http-nio-8081-exec-4] DEBUG o.s.w.s.m.m.a.RequestMappingHandlerMapping - Mapped to com.middleware.backend.kaotocamel.controller.DynamicRouteController#create(String, String)
2025-09-03 23:50:09 [http-nio-8081-exec-4] DEBUG o.s.w.s.m.m.a.RequestResponseBodyMethodProcessor - Read "text/plain;charset=UTF-8" to ["- route:<EOL>    id: "my-new-route"<EOL>    description: "New route description"<EOL>    from:<EOL>      uri: rest:p (truncated)..."]
2025-09-03 23:50:09 [http-nio-8081-exec-4] INFO  c.m.b.k.service.DynamicRouteService - found 0 versions
2025-09-03 23:50:10 [http-nio-8081-exec-4] INFO  c.m.b.k.service.DynamicRouteService - Uploaded route my-new-route version 1
2025-09-03 23:50:10 [http-nio-8081-exec-4] DEBUG o.s.w.s.m.m.a.HttpEntityMethodProcessor - Using 'text/plain', given [*/*] and supported [text/plain, */*, application/json, application/*+json, application/yaml]
2025-09-03 23:50:10 [http-nio-8081-exec-4] DEBUG o.s.w.s.m.m.a.HttpEntityMethodProcessor - Writing ["Route my-new-route uploaded as version 1"]
2025-09-03 23:50:10 [http-nio-8081-exec-4] DEBUG o.s.web.servlet.DispatcherServlet - Completed 200 OK
2025-09-03 23:50:10 [http-nio-8081-exec-4] DEBUG o.s.w.f.CommonsRequestLoggingFilter - After request [POST /api/routes/create, client=0:0:0:0:0:0:0:1, user=admin@mail.com, payload=- route:
    id: "my-new-route"
    description: "New route description"
    from:
      uri: rest:post:/api/hello
      steps:
        - log:
            message: 'Received: ${body}'
        - setBody:
            constant: 'Hello from new route!'
        - to: 'log:output']
2025-09-03 23:50:11 [http-nio-8081-exec-2] INFO  c.m.b.k.service.DynamicRouteService - Fetching active routes with pagination
2025-09-03 23:50:11 [http-nio-8081-exec-2] DEBUG o.s.w.f.CommonsRequestLoggingFilter - Before request [GET /api/routes/latest?page=0&size=10, client=0:0:0:0:0:0:0:1, user=admin@mail.com]
2025-09-03 23:50:11 [http-nio-8081-exec-2] DEBUG o.s.web.servlet.DispatcherServlet - GET "/api/routes/latest?page=0&size=10", parameters={masked}
2025-09-03 23:50:11 [http-nio-8081-exec-2] DEBUG o.s.w.s.m.m.a.RequestMappingHandlerMapping - Mapped to com.middleware.backend.kaotocamel.controller.DynamicRouteController#getRoutes(String, String, String, String, Boolean, String, String, LocalDateTime, LocalDateTime, String, String, int, int)
2025-09-03 23:50:11 [http-nio-8081-exec-2] DEBUG o.s.w.s.m.m.a.HttpEntityMethodProcessor - Using 'application/json', given [*/*] and supported [application/json, application/*+json, application/yaml]
2025-09-03 23:50:11 [http-nio-8081-exec-2] DEBUG o.s.w.s.m.m.a.HttpEntityMethodProcessor - Writing [Page 1 of 1 containing com.middleware.backend.kaotocamel.model.DynamicRouteEntity instances]
2025-09-03 23:50:11 [http-nio-8081-exec-2] DEBUG o.s.web.servlet.DispatcherServlet - Completed 200 OK
2025-09-03 23:50:11 [http-nio-8081-exec-2] DEBUG o.s.w.f.CommonsRequestLoggingFilter - After request [GET /api/routes/latest?page=0&size=10, client=0:0:0:0:0:0:0:1, user=admin@mail.com]
2025-09-03 23:50:12 [http-nio-8081-exec-5] INFO  c.m.b.k.service.DynamicRouteService - Fetching active routes with pagination
2025-09-03 23:50:12 [http-nio-8081-exec-5] DEBUG o.s.w.f.CommonsRequestLoggingFilter - Before request [GET /api/routes/latest?routeId=my-new-route&size=1, client=0:0:0:0:0:0:0:1, user=admin@mail.com]
2025-09-03 23:50:12 [http-nio-8081-exec-5] DEBUG o.s.web.servlet.DispatcherServlet - GET "/api/routes/latest?routeId=my-new-route&size=1", parameters={masked}
2025-09-03 23:50:12 [http-nio-8081-exec-5] DEBUG o.s.w.s.m.m.a.RequestMappingHandlerMapping - Mapped to com.middleware.backend.kaotocamel.controller.DynamicRouteController#getRoutes(String, String, String, String, Boolean, String, String, LocalDateTime, LocalDateTime, String, String, int, int)
2025-09-03 23:50:12 [http-nio-8081-exec-5] DEBUG o.s.w.s.m.m.a.HttpEntityMethodProcessor - Using 'application/json', given [*/*] and supported [application/json, application/*+json, application/yaml]
2025-09-03 23:50:12 [http-nio-8081-exec-5] DEBUG o.s.w.s.m.m.a.HttpEntityMethodProcessor - Writing [Page 1 of 1 containing com.middleware.backend.kaotocamel.model.DynamicRouteEntity instances]
2025-09-03 23:50:12 [http-nio-8081-exec-5] DEBUG o.s.web.servlet.DispatcherServlet - Completed 200 OK
2025-09-03 23:50:12 [http-nio-8081-exec-5] DEBUG o.s.w.f.CommonsRequestLoggingFilter - After request [GET /api/routes/latest?routeId=my-new-route&size=1, client=0:0:0:0:0:0:0:1, user=admin@mail.com]
2025-09-03 23:50:22 [scheduling-1] INFO  c.m.b.k.service.DynamicRouteService - Starting route status sync with Camel context
2025-09-03 23:50:22 [scheduling-1] INFO  c.m.b.k.service.DynamicRouteService - Completed route status sync
2025-09-03 23:50:37 [http-nio-8081-exec-8] INFO  c.m.b.k.service.DynamicRouteService - Fetching active routes with pagination
2025-09-03 23:50:37 [http-nio-8081-exec-8] DEBUG o.s.w.f.CommonsRequestLoggingFilter - Before request [GET /api/routes/latest?page=0&size=10, client=0:0:0:0:0:0:0:1, user=admin@mail.com]
2025-09-03 23:50:37 [http-nio-8081-exec-8] DEBUG o.s.web.servlet.DispatcherServlet - GET "/api/routes/latest?page=0&size=10", parameters={masked}
2025-09-03 23:50:37 [http-nio-8081-exec-8] DEBUG o.s.w.s.m.m.a.RequestMappingHandlerMapping - Mapped to com.middleware.backend.kaotocamel.controller.DynamicRouteController#getRoutes(String, String, String, String, Boolean, String, String, LocalDateTime, LocalDateTime, String, String, int, int)
2025-09-03 23:50:37 [http-nio-8081-exec-8] DEBUG o.s.w.s.m.m.a.HttpEntityMethodProcessor - Using 'application/json', given [*/*] and supported [application/json, application/*+json, application/yaml]
2025-09-03 23:50:37 [http-nio-8081-exec-8] DEBUG o.s.w.s.m.m.a.HttpEntityMethodProcessor - Writing [Page 1 of 1 containing com.middleware.backend.kaotocamel.model.DynamicRouteEntity instances]
2025-09-03 23:50:37 [http-nio-8081-exec-8] DEBUG o.s.web.servlet.DispatcherServlet - Completed 200 OK
2025-09-03 23:50:37 [http-nio-8081-exec-8] DEBUG o.s.w.f.CommonsRequestLoggingFilter - After request [GET /api/routes/latest?page=0&size=10, client=0:0:0:0:0:0:0:1, user=admin@mail.com]
2025-09-03 23:50:40 [http-nio-8081-exec-9] DEBUG o.s.w.f.CommonsRequestLoggingFilter - Before request [POST /api/auth/login, client=0:0:0:0:0:0:0:1]
2025-09-03 23:50:40 [http-nio-8081-exec-9] DEBUG o.s.web.servlet.DispatcherServlet - POST "/api/auth/login", parameters={}
2025-09-03 23:50:40 [http-nio-8081-exec-9] DEBUG o.s.w.s.m.m.a.RequestMappingHandlerMapping - Mapped to com.middleware.backend.users.auth.AuthController#login(AuthRequest)
2025-09-03 23:50:40 [http-nio-8081-exec-9] DEBUG o.s.w.s.m.m.a.RequestResponseBodyMethodProcessor - Read "application/json;charset=UTF-8" to [AuthController.AuthRequest(email=admin@mail.com, password=S123@231)]
2025-09-03 23:50:41 [http-nio-8081-exec-9] DEBUG o.s.w.s.m.m.a.RequestResponseBodyMethodProcessor - Using 'application/json', given [*/*] and supported [application/json, application/*+json, application/yaml]
2025-09-03 23:50:41 [http-nio-8081-exec-9] DEBUG o.s.w.s.m.m.a.RequestResponseBodyMethodProcessor - Writing [AuthController.AuthResponse(token=eyJhbGciOiJIUzI1NiJ9.eyJzdWIiOiJhZG1pbkBtYWlsLmNvbSIsImlhdCI6MTc1N (truncated)...]
2025-09-03 23:50:41 [http-nio-8081-exec-9] DEBUG o.s.web.servlet.DispatcherServlet - Completed 200 OK
2025-09-03 23:50:41 [http-nio-8081-exec-9] DEBUG o.s.w.f.CommonsRequestLoggingFilter - After request [POST /api/auth/login, client=0:0:0:0:0:0:0:1, payload={"email":"admin@mail.com","password":"S123@231"}]
2025-09-03 23:50:43 [http-nio-8081-exec-10] INFO  c.m.b.k.service.DynamicRouteService - Fetching active routes with pagination
2025-09-03 23:50:43 [http-nio-8081-exec-10] DEBUG o.s.w.f.CommonsRequestLoggingFilter - Before request [GET /api/routes/latest?page=0&size=10, client=0:0:0:0:0:0:0:1, user=admin@mail.com]
2025-09-03 23:50:43 [http-nio-8081-exec-10] DEBUG o.s.web.servlet.DispatcherServlet - GET "/api/routes/latest?page=0&size=10", parameters={masked}
2025-09-03 23:50:43 [http-nio-8081-exec-10] DEBUG o.s.w.s.m.m.a.RequestMappingHandlerMapping - Mapped to com.middleware.backend.kaotocamel.controller.DynamicRouteController#getRoutes(String, String, String, String, Boolean, String, String, LocalDateTime, LocalDateTime, String, String, int, int)
2025-09-03 23:50:43 [http-nio-8081-exec-10] DEBUG o.s.w.s.m.m.a.HttpEntityMethodProcessor - Using 'application/json', given [*/*] and supported [application/json, application/*+json, application/yaml]
2025-09-03 23:50:43 [http-nio-8081-exec-10] DEBUG o.s.w.s.m.m.a.HttpEntityMethodProcessor - Writing [Page 1 of 1 containing com.middleware.backend.kaotocamel.model.DynamicRouteEntity instances]
2025-09-03 23:50:43 [http-nio-8081-exec-10] DEBUG o.s.web.servlet.DispatcherServlet - Completed 200 OK
2025-09-03 23:50:43 [http-nio-8081-exec-10] DEBUG o.s.w.f.CommonsRequestLoggingFilter - After request [GET /api/routes/latest?page=0&size=10, client=0:0:0:0:0:0:0:1, user=admin@mail.com]
2025-09-03 23:50:45 [http-nio-8081-exec-1] INFO  c.m.b.k.service.DynamicRouteService - Fetching active routes with pagination
2025-09-03 23:50:45 [http-nio-8081-exec-1] DEBUG o.s.w.f.CommonsRequestLoggingFilter - Before request [GET /api/routes/latest?routeId=my-new-route&size=1, client=0:0:0:0:0:0:0:1, user=admin@mail.com]
2025-09-03 23:50:45 [http-nio-8081-exec-1] DEBUG o.s.web.servlet.DispatcherServlet - GET "/api/routes/latest?routeId=my-new-route&size=1", parameters={masked}
2025-09-03 23:50:45 [http-nio-8081-exec-1] DEBUG o.s.w.s.m.m.a.RequestMappingHandlerMapping - Mapped to com.middleware.backend.kaotocamel.controller.DynamicRouteController#getRoutes(String, String, String, String, Boolean, String, String, LocalDateTime, LocalDateTime, String, String, int, int)
2025-09-03 23:50:45 [http-nio-8081-exec-1] DEBUG o.s.w.s.m.m.a.HttpEntityMethodProcessor - Using 'application/json', given [*/*] and supported [application/json, application/*+json, application/yaml]
2025-09-03 23:50:45 [http-nio-8081-exec-1] DEBUG o.s.w.s.m.m.a.HttpEntityMethodProcessor - Writing [Page 1 of 1 containing com.middleware.backend.kaotocamel.model.DynamicRouteEntity instances]
2025-09-03 23:50:45 [http-nio-8081-exec-1] DEBUG o.s.web.servlet.DispatcherServlet - Completed 200 OK
2025-09-03 23:50:45 [http-nio-8081-exec-1] DEBUG o.s.w.f.CommonsRequestLoggingFilter - After request [GET /api/routes/latest?routeId=my-new-route&size=1, client=0:0:0:0:0:0:0:1, user=admin@mail.com]
2025-09-03 23:50:49 [http-nio-8081-exec-4] INFO  c.m.b.k.service.DynamicRouteService - Fetching active routes with pagination
2025-09-03 23:50:49 [http-nio-8081-exec-4] DEBUG o.s.w.f.CommonsRequestLoggingFilter - Before request [POST /api/routes/update, client=0:0:0:0:0:0:0:1, user=admin@mail.com]
2025-09-03 23:50:49 [http-nio-8081-exec-4] DEBUG o.s.web.servlet.DispatcherServlet - POST "/api/routes/update", parameters={}
2025-09-03 23:50:49 [http-nio-8081-exec-4] DEBUG o.s.w.s.m.m.a.RequestMappingHandlerMapping - Mapped to com.middleware.backend.kaotocamel.controller.DynamicRouteController#update(String, String)
2025-09-03 23:50:49 [http-nio-8081-exec-4] DEBUG o.s.w.s.m.m.a.RequestResponseBodyMethodProcessor - Read "text/plain;charset=UTF-8" to ["- route:<EOL>    id: "my-new-route"<EOL>    description: "New route description"<EOL>    from:<EOL>      uri: rest:p (truncated)..."]
2025-09-03 23:50:50 [http-nio-8081-exec-4] INFO  c.m.b.k.service.DynamicRouteService - found 1 versions
2025-09-03 23:50:50 [http-nio-8081-exec-4] INFO  o.a.c.i.engine.AbstractCamelContext - Stopped my-new-route (rest://post:/api/hello)
2025-09-03 23:50:50 [http-nio-8081-exec-4] INFO  o.a.c.i.engine.AbstractCamelContext - Shutdown my-new-route (rest://post:/api/hello)
2025-09-03 23:50:50 [http-nio-8081-exec-4] INFO  c.m.b.k.service.DynamicRouteService - Uploaded route my-new-route version 2
2025-09-03 23:50:50 [http-nio-8081-exec-4] DEBUG o.s.w.s.m.m.a.HttpEntityMethodProcessor - Using 'text/plain', given [*/*] and supported [text/plain, */*, application/json, application/*+json, application/yaml]
2025-09-03 23:50:50 [http-nio-8081-exec-4] DEBUG o.s.w.s.m.m.a.HttpEntityMethodProcessor - Writing ["Route my-new-route uploaded as version 2"]
2025-09-03 23:50:50 [http-nio-8081-exec-4] DEBUG o.s.web.servlet.DispatcherServlet - Completed 200 OK
2025-09-03 23:50:50 [http-nio-8081-exec-4] DEBUG o.s.w.f.CommonsRequestLoggingFilter - After request [POST /api/routes/update, client=0:0:0:0:0:0:0:1, user=admin@mail.com, payload=- route:
    id: "my-new-route"
    description: "New route description"
    from:
      uri: rest:post:/api/hello
      steps:
        - log:
            message: 'Received: ${body}'
        - setBody:
            constant: 'Hello from new route!'
        - to: 'log:output']
2025-09-03 23:50:52 [scheduling-1] INFO  c.m.b.k.service.DynamicRouteService - Starting route status sync with Camel context
2025-09-03 23:50:52 [scheduling-1] INFO  c.m.b.k.service.DynamicRouteService - Completed route status sync
2025-09-03 23:51:22 [scheduling-1] INFO  c.m.b.k.service.DynamicRouteService - Starting route status sync with Camel context
2025-09-03 23:51:22 [scheduling-1] INFO  c.m.b.k.service.DynamicRouteService - Completed route status sync
2025-09-03 23:51:52 [scheduling-1] INFO  c.m.b.k.service.DynamicRouteService - Starting route status sync with Camel context
2025-09-03 23:51:52 [scheduling-1] INFO  c.m.b.k.service.DynamicRouteService - Completed route status sync
2025-09-03 23:52:22 [scheduling-1] INFO  c.m.b.k.service.DynamicRouteService - Starting route status sync with Camel context
2025-09-03 23:52:22 [scheduling-1] INFO  c.m.b.k.service.DynamicRouteService - Completed route status sync
2025-09-03 23:52:52 [scheduling-1] INFO  c.m.b.k.service.DynamicRouteService - Starting route status sync with Camel context
2025-09-03 23:52:52 [scheduling-1] INFO  c.m.b.k.service.DynamicRouteService - Completed route status sync
2025-09-03 23:53:22 [scheduling-1] INFO  c.m.b.k.service.DynamicRouteService - Starting route status sync with Camel context
2025-09-03 23:53:22 [scheduling-1] INFO  c.m.b.k.service.DynamicRouteService - Completed route status sync
2025-09-03 23:53:52 [scheduling-1] INFO  c.m.b.k.service.DynamicRouteService - Starting route status sync with Camel context
2025-09-03 23:53:52 [scheduling-1] INFO  c.m.b.k.service.DynamicRouteService - Completed route status sync
2025-09-03 23:54:22 [scheduling-1] INFO  c.m.b.k.service.DynamicRouteService - Starting route status sync with Camel context
2025-09-03 23:54:22 [scheduling-1] INFO  c.m.b.k.service.DynamicRouteService - Completed route status sync
2025-09-03 23:54:52 [scheduling-1] INFO  c.m.b.k.service.DynamicRouteService - Starting route status sync with Camel context
2025-09-03 23:54:52 [scheduling-1] INFO  c.m.b.k.service.DynamicRouteService - Completed route status sync
2025-09-03 23:55:22 [scheduling-1] INFO  c.m.b.k.service.DynamicRouteService - Starting route status sync with Camel context
2025-09-03 23:55:22 [scheduling-1] INFO  c.m.b.k.service.DynamicRouteService - Completed route status sync
2025-09-03 23:55:52 [scheduling-1] INFO  c.m.b.k.service.DynamicRouteService - Starting route status sync with Camel context
2025-09-03 23:55:52 [scheduling-1] INFO  c.m.b.k.service.DynamicRouteService - Completed route status sync
2025-09-03 23:56:22 [scheduling-1] INFO  c.m.b.k.service.DynamicRouteService - Starting route status sync with Camel context
2025-09-03 23:56:22 [scheduling-1] INFO  c.m.b.k.service.DynamicRouteService - Completed route status sync
2025-09-03 23:56:52 [scheduling-1] INFO  c.m.b.k.service.DynamicRouteService - Starting route status sync with Camel context
2025-09-03 23:56:52 [scheduling-1] INFO  c.m.b.k.service.DynamicRouteService - Completed route status sync
2025-09-03 23:57:22 [scheduling-1] INFO  c.m.b.k.service.DynamicRouteService - Starting route status sync with Camel context
2025-09-03 23:57:22 [scheduling-1] INFO  c.m.b.k.service.DynamicRouteService - Completed route status sync
2025-09-03 23:57:52 [scheduling-1] INFO  c.m.b.k.service.DynamicRouteService - Starting route status sync with Camel context
2025-09-03 23:57:52 [scheduling-1] INFO  c.m.b.k.service.DynamicRouteService - Completed route status sync
2025-09-03 23:58:22 [scheduling-1] INFO  c.m.b.k.service.DynamicRouteService - Starting route status sync with Camel context
2025-09-03 23:58:22 [scheduling-1] INFO  c.m.b.k.service.DynamicRouteService - Completed route status sync
2025-09-03 23:58:52 [scheduling-1] INFO  c.m.b.k.service.DynamicRouteService - Starting route status sync with Camel context
2025-09-03 23:58:52 [scheduling-1] INFO  c.m.b.k.service.DynamicRouteService - Completed route status sync
2025-09-03 23:59:22 [scheduling-1] INFO  c.m.b.k.service.DynamicRouteService - Starting route status sync with Camel context
2025-09-03 23:59:22 [scheduling-1] INFO  c.m.b.k.service.DynamicRouteService - Completed route status sync
2025-09-03 23:59:52 [scheduling-1] INFO  c.m.b.k.service.DynamicRouteService - Starting route status sync with Camel context
2025-09-03 23:59:52 [scheduling-1] INFO  c.m.b.k.service.DynamicRouteService - Completed route status sync
