2026-02-25 12:25:50 [background-preinit] INFO  o.h.validator.internal.util.Version - HV000001: Hibernate Validator 8.0.2.Final
2026-02-25 12:25:51 [main] INFO  c.middleware.MiddlewareApplication - Starting MiddlewareApplication using Java 23-valhalla with PID 7604 (C:\Users\omard\Desktop\Work\back-end - Copy\target\classes started by omard in C:\Users\omard\Desktop\Work\back-end - Copy)
2026-02-25 12:25:51 [main] INFO  c.middleware.MiddlewareApplication - No active profile set, falling back to 1 default profile: "default"
2026-02-25 12:25:58 [main] INFO  o.a.coyote.http11.Http11NioProtocol - Initializing ProtocolHandler ["http-nio-8081"]
2026-02-25 12:25:58 [main] INFO  o.a.catalina.core.StandardService - Starting service [Tomcat]
2026-02-25 12:25:58 [main] INFO  o.a.catalina.core.StandardEngine - Starting Servlet engine: [Apache Tomcat/10.1.39]
2026-02-25 12:25:58 [main] INFO  o.a.c.c.C.[Tomcat].[localhost].[/] - Initializing Spring embedded WebApplicationContext
2026-02-25 12:25:59 [main] INFO  o.h.jpa.internal.util.LogHelper - HHH000204: Processing PersistenceUnitInfo [name: default]
2026-02-25 12:25:59 [main] INFO  org.hibernate.Version - HHH000412: Hibernate ORM core version 6.6.11.Final
2026-02-25 12:25:59 [main] INFO  o.h.c.i.RegionFactoryInitiator - HHH000026: Second-level cache disabled
2026-02-25 12:26:00 [main] WARN  org.hibernate.orm.deprecation - HHH90000025: PostgreSQLDialect does not need to be specified explicitly using 'hibernate.dialect' (remove the property setting and it will be selected by default)
2026-02-25 12:26:00 [main] INFO  o.hibernate.orm.connections.pooling - HHH10001005: Database info:
	Database JDBC URL [Connecting through datasource 'org.springframework.jdbc.datasource.DriverManagerDataSource@70d7a49b']
	Database driver: undefined/unknown
	Database version: 17.4
	Autocommit mode: undefined/unknown
	Isolation level: undefined/unknown
	Minimum pool size: undefined/unknown
	Maximum pool size: undefined/unknown
2026-02-25 12:26:06 [main] INFO  o.h.e.t.j.p.i.JtaPlatformInitiator - HHH000489: No JTA platform available (set 'hibernate.transaction.jta.platform' to enable JTA platform integration)
2026-02-25 12:26:08 [main] DEBUG o.a.camel.spring.SpringCamelContext - Set the application context classloader to: TomcatEmbeddedWebappClassLoader
  context: ROOT
  delegate: true
----------> Parent Classloader:
jdk.internal.loader.ClassLoaders$AppClassLoader@5451c3a8

2026-02-25 12:26:08 [main] DEBUG o.a.camel.support.LRUCacheFactory - Creating DefaultLRUCacheFactory
2026-02-25 12:26:08 [main] DEBUG o.a.c.i.e.DefaultCamelContextExtension - Setting up management with factory: org.apache.camel.impl.engine.DefaultManagementStrategyFactory@66a2bc61
2026-02-25 12:26:08 [main] DEBUG o.a.camel.support.ResolverHelper - Found HealthCheckRegistry: org.apache.camel.impl.health.DefaultHealthCheckRegistry via: META-INF/services/org/apache/camel/health-check/default-registry
2026-02-25 12:26:08 [main] DEBUG o.a.camel.support.ResolverHelper - Detected and using HealthCheckRegistry: org.apache.camel.impl.health.DefaultHealthCheckRegistry@463bdee9
2026-02-25 12:26:08 [main] DEBUG o.a.c.i.h.DefaultHealthCheckRegistry - HealthCheckRepository with id registry-health-check-repository successfully registered
2026-02-25 12:26:08 [main] DEBUG o.a.c.i.c.BaseTypeConverterRegistry - Loading file META-INF/services/org/apache/camel/TypeConverterLoader to retrieve list of type converters, from url: jar:file:/C:/Users/omard/.m2/repository/org/apache/camel/camel-spring/4.4.0/camel-spring-4.4.0.jar!/META-INF/services/org/apache/camel/TypeConverterLoader
2026-02-25 12:26:08 [main] DEBUG o.a.c.i.c.BaseTypeConverterRegistry - Loading file META-INF/services/org/apache/camel/TypeConverterLoader to retrieve list of type converters, from url: jar:file:/C:/Users/omard/.m2/repository/org/apache/camel/camel-xml-jaxp/4.4.0/camel-xml-jaxp-4.4.0.jar!/META-INF/services/org/apache/camel/TypeConverterLoader
2026-02-25 12:26:08 [main] DEBUG o.a.c.i.c.BaseTypeConverterRegistry - Loading file META-INF/services/org/apache/camel/TypeConverterLoader to retrieve list of type converters, from url: jar:file:/C:/Users/omard/.m2/repository/org/apache/camel/camel-http/4.4.0/camel-http-4.4.0.jar!/META-INF/services/org/apache/camel/TypeConverterLoader
2026-02-25 12:26:08 [main] DEBUG o.a.c.i.c.BaseTypeConverterRegistry - Loading file META-INF/services/org/apache/camel/TypeConverterLoader to retrieve list of type converters, from url: jar:file:/C:/Users/omard/.m2/repository/org/apache/camel/camel-http-common/4.4.0/camel-http-common-4.4.0.jar!/META-INF/services/org/apache/camel/TypeConverterLoader
2026-02-25 12:26:08 [main] DEBUG o.a.c.i.c.BaseTypeConverterRegistry - Loading file META-INF/services/org/apache/camel/TypeConverterLoader to retrieve list of type converters, from url: jar:file:/C:/Users/omard/.m2/repository/org/apache/camel/camel-attachments/4.4.0/camel-attachments-4.4.0.jar!/META-INF/services/org/apache/camel/TypeConverterLoader
2026-02-25 12:26:08 [main] DEBUG o.a.c.i.c.BaseTypeConverterRegistry - Loading file META-INF/services/org/apache/camel/TypeConverterLoader to retrieve list of type converters, from url: jar:file:/C:/Users/omard/.m2/repository/org/apache/camel/camel-jackson/4.4.0/camel-jackson-4.4.0.jar!/META-INF/services/org/apache/camel/TypeConverterLoader
2026-02-25 12:26:08 [main] DEBUG o.a.c.i.c.BaseTypeConverterRegistry - Loading file META-INF/services/org/apache/camel/TypeConverterLoader to retrieve list of type converters, from url: jar:file:/C:/Users/omard/.m2/repository/org/apache/camel/camel-support/4.4.0/camel-support-4.4.0.jar!/META-INF/services/org/apache/camel/TypeConverterLoader
2026-02-25 12:26:08 [main] DEBUG o.a.c.i.c.BaseTypeConverterRegistry - Loading file META-INF/services/org/apache/camel/TypeConverterLoader to retrieve list of type converters, from url: jar:file:/C:/Users/omard/.m2/repository/org/apache/camel/camel-file/4.4.0/camel-file-4.4.0.jar!/META-INF/services/org/apache/camel/TypeConverterLoader
2026-02-25 12:26:08 [main] DEBUG o.a.c.i.c.BaseTypeConverterRegistry - Loading file META-INF/services/org/apache/camel/TypeConverterLoader to retrieve list of type converters, from url: jar:file:/C:/Users/omard/.m2/repository/org/apache/camel/camel-base/4.4.0/camel-base-4.4.0.jar!/META-INF/services/org/apache/camel/TypeConverterLoader
2026-02-25 12:26:08 [main] DEBUG o.a.c.i.c.BaseTypeConverterRegistry - Loading file META-INF/services/org/apache/camel/TypeConverterLoader to retrieve list of type converters, from url: jar:file:/C:/Users/omard/.m2/repository/org/apache/camel/camel-spring/4.4.0/camel-spring-4.4.0.jar!/META-INF/services/org/apache/camel/TypeConverterLoader
2026-02-25 12:26:08 [main] DEBUG o.a.c.i.c.BaseTypeConverterRegistry - Loading file META-INF/services/org/apache/camel/TypeConverterLoader to retrieve list of type converters, from url: jar:file:/C:/Users/omard/.m2/repository/org/apache/camel/camel-xml-jaxp/4.4.0/camel-xml-jaxp-4.4.0.jar!/META-INF/services/org/apache/camel/TypeConverterLoader
2026-02-25 12:26:08 [main] DEBUG o.a.c.i.c.BaseTypeConverterRegistry - Loading file META-INF/services/org/apache/camel/TypeConverterLoader to retrieve list of type converters, from url: jar:file:/C:/Users/omard/.m2/repository/org/apache/camel/camel-http/4.4.0/camel-http-4.4.0.jar!/META-INF/services/org/apache/camel/TypeConverterLoader
2026-02-25 12:26:08 [main] DEBUG o.a.c.i.c.BaseTypeConverterRegistry - Loading file META-INF/services/org/apache/camel/TypeConverterLoader to retrieve list of type converters, from url: jar:file:/C:/Users/omard/.m2/repository/org/apache/camel/camel-http-common/4.4.0/camel-http-common-4.4.0.jar!/META-INF/services/org/apache/camel/TypeConverterLoader
2026-02-25 12:26:08 [main] DEBUG o.a.c.i.c.BaseTypeConverterRegistry - Loading file META-INF/services/org/apache/camel/TypeConverterLoader to retrieve list of type converters, from url: jar:file:/C:/Users/omard/.m2/repository/org/apache/camel/camel-attachments/4.4.0/camel-attachments-4.4.0.jar!/META-INF/services/org/apache/camel/TypeConverterLoader
2026-02-25 12:26:08 [main] DEBUG o.a.c.i.c.BaseTypeConverterRegistry - Loading file META-INF/services/org/apache/camel/TypeConverterLoader to retrieve list of type converters, from url: jar:file:/C:/Users/omard/.m2/repository/org/apache/camel/camel-jackson/4.4.0/camel-jackson-4.4.0.jar!/META-INF/services/org/apache/camel/TypeConverterLoader
2026-02-25 12:26:08 [main] DEBUG o.a.c.i.c.BaseTypeConverterRegistry - Loading file META-INF/services/org/apache/camel/TypeConverterLoader to retrieve list of type converters, from url: jar:file:/C:/Users/omard/.m2/repository/org/apache/camel/camel-support/4.4.0/camel-support-4.4.0.jar!/META-INF/services/org/apache/camel/TypeConverterLoader
2026-02-25 12:26:08 [main] DEBUG o.a.c.i.c.BaseTypeConverterRegistry - Loading file META-INF/services/org/apache/camel/TypeConverterLoader to retrieve list of type converters, from url: jar:file:/C:/Users/omard/.m2/repository/org/apache/camel/camel-file/4.4.0/camel-file-4.4.0.jar!/META-INF/services/org/apache/camel/TypeConverterLoader
2026-02-25 12:26:08 [main] DEBUG o.a.c.i.c.BaseTypeConverterRegistry - Loading file META-INF/services/org/apache/camel/TypeConverterLoader to retrieve list of type converters, from url: jar:file:/C:/Users/omard/.m2/repository/org/apache/camel/camel-base/4.4.0/camel-base-4.4.0.jar!/META-INF/services/org/apache/camel/TypeConverterLoader
2026-02-25 12:26:08 [main] DEBUG o.a.c.i.c.BaseTypeConverterRegistry - Resolving TypeConverterLoader: org.apache.camel.spring.converter.ResourceConverterLoader
2026-02-25 12:26:08 [main] DEBUG o.a.c.i.c.BaseTypeConverterRegistry - TypeConverterLoader: org.apache.camel.spring.converter.ResourceConverterLoader loading converters
2026-02-25 12:26:08 [main] DEBUG o.a.c.i.c.BaseTypeConverterRegistry - Resolving TypeConverterLoader: org.apache.camel.converter.jaxp.CamelXmlJaxpBulkConverterLoader
2026-02-25 12:26:08 [main] DEBUG o.a.c.i.c.BaseTypeConverterRegistry - TypeConverterLoader: org.apache.camel.converter.jaxp.CamelXmlJaxpBulkConverterLoader loading converters
2026-02-25 12:26:08 [main] DEBUG o.a.c.i.c.BaseTypeConverterRegistry - Resolving TypeConverterLoader: org.apache.camel.component.http.HttpConvertersLoader
2026-02-25 12:26:08 [main] DEBUG o.a.c.i.c.BaseTypeConverterRegistry - TypeConverterLoader: org.apache.camel.component.http.HttpConvertersLoader loading converters
2026-02-25 12:26:08 [main] DEBUG o.a.c.i.c.BaseTypeConverterRegistry - Resolving TypeConverterLoader: org.apache.camel.component.http.HttpEntityConverterLoader
2026-02-25 12:26:08 [main] DEBUG o.a.c.i.c.BaseTypeConverterRegistry - TypeConverterLoader: org.apache.camel.component.http.HttpEntityConverterLoader loading converters
2026-02-25 12:26:08 [main] DEBUG o.a.c.i.c.BaseTypeConverterRegistry - Resolving TypeConverterLoader: org.apache.camel.http.common.HttpConverterLoader
2026-02-25 12:26:08 [main] DEBUG o.a.c.i.c.BaseTypeConverterRegistry - TypeConverterLoader: org.apache.camel.http.common.HttpConverterLoader loading converters
2026-02-25 12:26:08 [main] DEBUG o.a.c.i.c.BaseTypeConverterRegistry - Resolving TypeConverterLoader: org.apache.camel.attachment.AttachmentConverterLoader
2026-02-25 12:26:08 [main] DEBUG o.a.c.i.c.BaseTypeConverterRegistry - TypeConverterLoader: org.apache.camel.attachment.AttachmentConverterLoader loading converters
2026-02-25 12:26:08 [main] DEBUG o.a.c.i.c.BaseTypeConverterRegistry - Resolving TypeConverterLoader: org.apache.camel.component.jackson.converter.JacksonTypeConvertersLoader
2026-02-25 12:26:08 [main] DEBUG o.a.c.i.c.BaseTypeConverterRegistry - TypeConverterLoader: org.apache.camel.component.jackson.converter.JacksonTypeConvertersLoader loading converters
2026-02-25 12:26:08 [main] DEBUG o.a.c.i.c.BaseTypeConverterRegistry - Resolving TypeConverterLoader: org.apache.camel.converter.stream.StreamCacheBulkConverterLoader
2026-02-25 12:26:08 [main] DEBUG o.a.c.i.c.BaseTypeConverterRegistry - TypeConverterLoader: org.apache.camel.converter.stream.StreamCacheBulkConverterLoader loading converters
2026-02-25 12:26:08 [main] DEBUG o.a.c.i.c.BaseTypeConverterRegistry - Resolving TypeConverterLoader: org.apache.camel.component.file.GenericFileConverterLoader
2026-02-25 12:26:08 [main] DEBUG o.a.c.i.c.BaseTypeConverterRegistry - TypeConverterLoader: org.apache.camel.component.file.GenericFileConverterLoader loading converters
2026-02-25 12:26:08 [main] DEBUG o.a.c.i.c.BaseTypeConverterRegistry - Resolving TypeConverterLoader: org.apache.camel.converter.CamelBaseBulkConverterLoader
2026-02-25 12:26:08 [main] DEBUG o.a.c.i.c.BaseTypeConverterRegistry - TypeConverterLoader: org.apache.camel.converter.CamelBaseBulkConverterLoader loading converters
2026-02-25 12:26:08 [main] DEBUG o.a.c.i.c.DefaultTypeConverter - Loaded 259 type converters in 80ms
2026-02-25 12:26:08 [main] DEBUG o.a.c.i.engine.AbstractCamelContext - Apache Camel 4.4.0 (camel-1) built in 153ms
2026-02-25 12:26:08 [main] INFO  o.a.camel.util.concurrent.ThreadType - The type of thread detected is PLATFORM
2026-02-25 12:26:08 [main] DEBUG o.a.c.i.e.BaseExecutorServiceManager - Created new ScheduledThreadPool for source: ErrorHandlerRedeliveryThreadPool with name: ErrorHandlerRedeliveryTask -> org.apache.camel.util.concurrent.SizedScheduledExecutorService@5f597b1c[ErrorHandlerRedeliveryTask]
2026-02-25 12:26:08 [main] DEBUG o.a.c.i.e.DefaultConfigurerResolver - Found configurer: spring-event-component via type: org.apache.camel.component.event.EventComponentConfigurer via: META-INF/services/org/apache/camel/configurer/spring-event-component
2026-02-25 12:26:08 [main] DEBUG o.a.c.i.e.DefaultConfigurerResolver - Found configurer: spring-event-endpoint via type: org.apache.camel.component.event.EventEndpointConfigurer via: META-INF/services/org/apache/camel/configurer/spring-event-endpoint
2026-02-25 12:26:08 [main] DEBUG o.a.c.i.e.DefaultConfigurerResolver - Found configurer: spring-event-component via type: org.apache.camel.component.event.EventComponentConfigurer via: META-INF/services/org/apache/camel/configurer/spring-event-component
2026-02-25 12:26:09 [main] DEBUG o.a.camel.spring.SpringCamelContext - Set the application context classloader to: TomcatEmbeddedWebappClassLoader
  context: ROOT
  delegate: true
----------> Parent Classloader:
jdk.internal.loader.ClassLoaders$AppClassLoader@5451c3a8

2026-02-25 12:26:13 [main] DEBUG o.s.w.f.ServerHttpObservationFilter - Filter 'webMvcObservationFilter' configured for use
2026-02-25 12:26:13 [main] DEBUG o.s.w.f.CommonsRequestLoggingFilter - Filter 'logFilter' configured for use
2026-02-25 12:26:13 [main] DEBUG c.m.b.users.config.JwtRequestFilter - Filter 'jwtRequestFilter' configured for use
2026-02-25 12:26:13 [main] INFO  c.m.b.config.RestTemplateConfig - Creating RestTemplate with SSL trust-all configuration
2026-02-25 12:26:13 [main] INFO  c.m.b.config.RestTemplateConfig - RestTemplate configured with connect-timeout: 10000ms, read-timeout: 30000ms
2026-02-25 12:26:15 [main] INFO  org.quartz.impl.StdSchedulerFactory - Using default implementation for ThreadExecutor
2026-02-25 12:26:15 [main] INFO  o.quartz.core.SchedulerSignalerImpl - Initialized Scheduler Signaller of type: class org.quartz.core.SchedulerSignalerImpl
2026-02-25 12:26:15 [main] INFO  org.quartz.core.QuartzScheduler - Quartz Scheduler v.2.3.2 created.
2026-02-25 12:26:15 [main] INFO  org.quartz.simpl.RAMJobStore - RAMJobStore initialized.
2026-02-25 12:26:15 [main] INFO  org.quartz.core.QuartzScheduler - Scheduler meta-data: Quartz Scheduler (v2.3.2) 'quartzScheduler' with instanceId 'NON_CLUSTERED'
  Scheduler class: 'org.quartz.core.QuartzScheduler' - running locally.
  NOT STARTED.
  Currently in standby mode.
  Number of jobs executed: 0
  Using thread pool 'org.quartz.simpl.SimpleThreadPool' - with 10 threads.
  Using job-store 'org.quartz.simpl.RAMJobStore' - which does not support persistence. and is not clustered.

2026-02-25 12:26:15 [main] INFO  org.quartz.impl.StdSchedulerFactory - Quartz scheduler 'quartzScheduler' initialized from an externally provided properties instance.
2026-02-25 12:26:15 [main] INFO  org.quartz.impl.StdSchedulerFactory - Quartz scheduler version: 2.3.2
2026-02-25 12:26:15 [main] INFO  org.quartz.core.QuartzScheduler - JobFactory set to: org.springframework.scheduling.quartz.SpringBeanJobFactory@6612dbf4
2026-02-25 12:26:16 [main] INFO  c.m.IntegrationMappingComponent - IntegrationMappingComponent initialized with CamelContext.
2026-02-25 12:26:16 [main] INFO  c.m.b.c.IntegrationMappingConfiguration - Registered custom Camel component: integrationmapping
2026-02-25 12:26:16 [main] INFO  c.m.b.k.i.Dhis2HeaderFilterConfig - === Configuring DHIS2 Header Filter (Static Test) ===
2026-02-25 12:26:16 [main] INFO  c.m.b.k.i.Dhis2HeaderFilterConfig - DHIS2 Header Filter configured - allowing most headers for testing
2026-02-25 12:26:17 [main] DEBUG o.s.w.s.m.m.a.RequestMappingHandlerMapping - 167 mappings in 'requestMappingHandlerMapping'
2026-02-25 12:26:18 [main] DEBUG o.s.w.s.h.SimpleUrlHandlerMapping - Patterns [/webjars/**, /**, /swagger-ui*/*swagger-initializer.js, /swagger-ui*/**] in 'resourceHandlerMapping'
2026-02-25 12:26:18 [main] DEBUG o.a.c.i.h.DefaultHealthCheckRegistry - HealthCheck with id context successfully registered
2026-02-25 12:26:18 [main] DEBUG o.a.c.i.h.DefaultHealthCheckRegistry - HealthCheckRepository with id routes successfully registered
2026-02-25 12:26:18 [main] DEBUG o.a.c.i.h.DefaultHealthCheckRegistry - HealthCheckRepository with id producers successfully registered
2026-02-25 12:26:18 [main] DEBUG o.a.c.i.h.DefaultHealthCheckRegistry - HealthCheckRepository with id consumers successfully registered
2026-02-25 12:26:19 [main] DEBUG o.s.w.s.m.m.a.RequestMappingHandlerAdapter - ControllerAdvice beans: 0 @ModelAttribute, 0 @InitBinder, 1 RequestBodyAdvice, 1 ResponseBodyAdvice
2026-02-25 12:26:19 [main] DEBUG o.s.w.s.m.m.a.ExceptionHandlerExceptionResolver - ControllerAdvice beans: 2 @ExceptionHandler, 1 ResponseBodyAdvice
2026-02-25 12:26:21 [main] INFO  o.a.coyote.http11.Http11NioProtocol - Starting ProtocolHandler ["http-nio-8081"]
2026-02-25 12:26:21 [main] DEBUG o.a.c.h.common.DefaultHttpRegistry - Registering CamelServlet with name CamelServlet consumers present: 0
2026-02-25 12:26:21 [main] INFO  o.a.c.c.s.CamelHttpTransportServlet - Initialized CamelHttpTransportServlet[name=CamelServlet, contextPath=]
2026-02-25 12:26:21 [main] DEBUG o.a.camel.spring.SpringCamelContext - onApplicationEvent: org.springframework.boot.web.servlet.context.ServletWebServerInitializedEvent[source=org.springframework.boot.web.embedded.tomcat.TomcatWebServer@3fe79b11]
2026-02-25 12:26:21 [main] INFO  org.quartz.core.QuartzScheduler - Scheduler quartzScheduler_$_NON_CLUSTERED started.
2026-02-25 12:26:21 [main] DEBUG o.a.c.s.b.CamelSpringBootApplicationListener - Post-processing CamelContext bean: camel-1
2026-02-25 12:26:21 [main] DEBUG o.apache.camel.main.RoutesConfigurer - RoutesCollectorEnabled: org.apache.camel.spring.boot.CamelSpringBootRoutesCollector@6fd44395
2026-02-25 12:26:21 [main] DEBUG o.a.c.s.b.CamelSpringBootRoutesCollector - Finding additional routes from: classpath:camel/*
2026-02-25 12:26:21 [main] DEBUG o.a.c.s.b.CamelSpringBootRoutesCollector - Finding additional routes from: classpath:camel-template/*
2026-02-25 12:26:21 [main] DEBUG o.a.c.s.b.CamelSpringBootRoutesCollector - Finding additional routes from: classpath:camel-rest/*
2026-02-25 12:26:21 [main] DEBUG o.a.c.s.b.CamelSpringBootRoutesCollector - No additional RoutesBuilder discovered from: classpath:camel/*,classpath:camel-template/*,classpath:camel-rest/*
2026-02-25 12:26:21 [main] DEBUG o.a.camel.spring.SpringCamelContext - onApplicationEvent: org.springframework.context.event.ContextRefreshedEvent[source=org.springframework.boot.web.servlet.context.AnnotationConfigServletWebServerApplicationContext@4879f0f2, started on Wed Feb 25 12:25:51 EET 2026]
2026-02-25 12:26:21 [main] DEBUG o.a.c.i.engine.AbstractCamelContext - Resolving language: simple
2026-02-25 12:26:21 [main] DEBUG o.a.camel.support.ResolverHelper - Lookup Language with name simple in registry. Found: null
2026-02-25 12:26:21 [main] DEBUG o.a.camel.support.ResolverHelper - Lookup Language with name simple-language in registry. Found: null
2026-02-25 12:26:21 [main] DEBUG o.a.c.language.simple.SimpleLanguage - Simple language predicate/expression cache size: 1000
2026-02-25 12:26:22 [main] DEBUG o.a.c.i.engine.AbstractCamelContext - Apache Camel 4.4.0 (camel-1) initialized in 125ms
2026-02-25 12:26:22 [main] INFO  o.a.c.i.engine.AbstractCamelContext - Apache Camel 4.4.0 (camel-1) is starting
2026-02-25 12:26:22 [main] DEBUG o.a.c.i.engine.AbstractCamelContext - Using ClassResolver=org.apache.camel.impl.engine.DefaultClassResolver@4582ad15, PackageScanClassResolver=org.apache.camel.spring.boot.FatJarPackageScanClassResolver@19cf0fc2, ApplicationContextClassLoader=TomcatEmbeddedWebappClassLoader
  context: ROOT
  delegate: true
----------> Parent Classloader:
jdk.internal.loader.ClassLoaders$AppClassLoader@5451c3a8
, RouteController=org.apache.camel.impl.engine.DefaultRouteController@35cc54a7
2026-02-25 12:26:22 [main] DEBUG o.a.c.i.engine.AbstractCamelContext - StreamCaching is disabled on CamelContext: camel-1
2026-02-25 12:26:22 [main] DEBUG o.a.c.i.engine.AbstractCamelContext - Using HeadersMapFactory: org.apache.camel.impl.engine.DefaultHeadersMapFactory@1235ba55
2026-02-25 12:26:22 [main] DEBUG o.a.c.i.engine.AbstractCamelContext - Using ReactiveExecutor: org.apache.camel.impl.engine.DefaultReactiveExecutor@6cb537ea
2026-02-25 12:26:22 [main] DEBUG o.a.c.i.engine.AbstractCamelContext - Using ThreadPoolFactory: org.apache.camel.support.DefaultThreadPoolFactory@66c51744
2026-02-25 12:26:22 [main] DEBUG o.a.c.i.engine.AbstractCamelContext - Using HealthCheck: camel-spring-boot
2026-02-25 12:26:22 [main] DEBUG o.a.c.i.e.DefaultStreamCachingStrategy - StreamCaching configuration DefaultStreamCachingStrategy[spoolDirectoryEnabled=false, spoolDirectory=null, spoolCipher=null, spoolThreshold=131072, spoolUsedHeapMemoryThreshold=0, bufferSize=0, anySpoolRules=false]
2026-02-25 12:26:22 [main] DEBUG o.a.c.i.e.DefaultStreamCachingStrategy - StreamCaching in use
2026-02-25 12:26:22 [main] DEBUG o.a.c.i.engine.AbstractCamelContext - Clearing BeanIntrospection cache with 1 objects using during starting Camel
2026-02-25 12:26:22 [main] DEBUG o.a.c.i.engine.AbstractCamelContext - BeanIntrospection invoked 4 times during starting Camel
2026-02-25 12:26:22 [main] INFO  o.a.c.i.engine.AbstractCamelContext - Routes startup (started:0)
2026-02-25 12:26:22 [main] INFO  o.a.c.i.engine.AbstractCamelContext - Apache Camel 4.4.0 (camel-1) started in 311ms (build:153ms init:125ms start:33ms)
2026-02-25 12:26:22 [main] DEBUG o.a.camel.support.ResolverHelper - Found ProcessorFactory: org.apache.camel.processor.DefaultProcessorFactory via: META-INF/services/org/apache/camel/processor-factory
2026-02-25 12:26:22 [main] DEBUG o.a.camel.support.ResolverHelper - Detected and using ProcessorFactory: org.apache.camel.processor.DefaultProcessorFactory@237e162a
2026-02-25 12:26:22 [main] DEBUG o.a.camel.impl.DefaultCamelContext - start() took 171 millis
2026-02-25 12:26:22 [main] INFO  c.middleware.MiddlewareApplication - Started MiddlewareApplication in 31.965 seconds (process running for 34.404)
2026-02-25 12:26:22 [main] DEBUG o.a.camel.spring.SpringCamelContext - onApplicationEvent: org.springframework.boot.context.event.ApplicationStartedEvent[source=org.springframework.boot.SpringApplication@904ccf7]
2026-02-25 12:26:22 [main] DEBUG o.a.camel.spring.SpringCamelContext - onApplicationEvent: org.springframework.boot.availability.AvailabilityChangeEvent[source=org.springframework.boot.web.servlet.context.AnnotationConfigServletWebServerApplicationContext@4879f0f2, started on Wed Feb 25 12:25:51 EET 2026]
2026-02-25 12:26:22 [scheduling-1] INFO  c.m.b.k.service.DynamicRouteService - Starting route status sync with Camel context
2026-02-25 12:26:22 [main] DEBUG o.a.camel.spring.SpringCamelContext - onApplicationEvent: org.springframework.boot.context.event.ApplicationReadyEvent[source=org.springframework.boot.SpringApplication@904ccf7]
2026-02-25 12:26:22 [main] INFO  c.m.b.k.service.SequenceFixService - Fixing sequence for integration_mapping.id ...
2026-02-25 12:26:22 [scheduling-1] DEBUG o.a.c.i.engine.AbstractCamelContext - Adding route configurations from builder: Routes: []
2026-02-25 12:26:22 [scheduling-1] DEBUG o.a.c.i.engine.AbstractCamelContext - Adding routes from builder: Routes: []
2026-02-25 12:26:22 [scheduling-1] DEBUG o.a.c.i.e.DefaultUriFactoryResolver - Found EndpointUriFactory: integratedSystem via type: com.middleware.IntegratedSystemEndpointUriFactory via: META-INF/services/org/apache/camel/urifactory/integratedSystem
2026-02-25 12:26:22 [scheduling-1] DEBUG o.a.c.i.e.DefaultUriFactoryResolver - Found EndpointUriFactory: https via type: org.apache.camel.component.http.HttpEndpointUriFactory via: META-INF/services/org/apache/camel/urifactory/https
2026-02-25 12:26:22 [scheduling-1] DEBUG o.a.c.i.e.DefaultUriFactoryResolver - Found EndpointUriFactory: rest via type: org.apache.camel.component.rest.RestEndpointUriFactory via: META-INF/services/org/apache/camel/urifactory/rest
2026-02-25 12:26:22 [scheduling-1] DEBUG o.a.c.i.e.DefaultConfigurerResolver - Found configurer: org.apache.camel.spi.RestConfiguration via type: org.apache.camel.impl.RestConfigurationConfigurer via: META-INF/services/org/apache/camel/configurer/org.apache.camel.spi.RestConfiguration
2026-02-25 12:26:22 [scheduling-1] DEBUG o.a.c.i.e.DefaultConfigurerResolver - Found configurer: org.apache.camel.spi.RestConfiguration via type: org.apache.camel.impl.RestConfigurationConfigurer via: META-INF/services/org/apache/camel/configurer/org.apache.camel.spi.RestConfiguration
2026-02-25 12:26:22 [scheduling-1] DEBUG o.a.c.i.e.DefaultConfigurerResolver - Found configurer: org.apache.camel.spi.RestConfiguration via type: org.apache.camel.impl.RestConfigurationConfigurer via: META-INF/services/org/apache/camel/configurer/org.apache.camel.spi.RestConfiguration
2026-02-25 12:26:22 [scheduling-1] DEBUG o.a.c.i.e.DefaultConfigurerResolver - Found configurer: org.apache.camel.spi.RestConfiguration via type: org.apache.camel.impl.RestConfigurationConfigurer via: META-INF/services/org/apache/camel/configurer/org.apache.camel.spi.RestConfiguration
2026-02-25 12:26:22 [scheduling-1] DEBUG o.a.c.i.e.DefaultConfigurerResolver - Found configurer: org.apache.camel.spi.RestConfiguration via type: org.apache.camel.impl.RestConfigurationConfigurer via: META-INF/services/org/apache/camel/configurer/org.apache.camel.spi.RestConfiguration
2026-02-25 12:26:22 [scheduling-1] DEBUG o.a.c.i.e.DefaultConfigurerResolver - Found configurer: org.apache.camel.spi.RestConfiguration via type: org.apache.camel.impl.RestConfigurationConfigurer via: META-INF/services/org/apache/camel/configurer/org.apache.camel.spi.RestConfiguration
2026-02-25 12:26:22 [scheduling-1] DEBUG o.a.c.i.e.DefaultConfigurerResolver - Found configurer: org.apache.camel.spi.RestConfiguration via type: org.apache.camel.impl.RestConfigurationConfigurer via: META-INF/services/org/apache/camel/configurer/org.apache.camel.spi.RestConfiguration
2026-02-25 12:26:22 [scheduling-1] DEBUG o.a.c.i.e.DefaultConfigurerResolver - Found configurer: org.apache.camel.spi.RestConfiguration via type: org.apache.camel.impl.RestConfigurationConfigurer via: META-INF/services/org/apache/camel/configurer/org.apache.camel.spi.RestConfiguration
2026-02-25 12:26:22 [scheduling-1] DEBUG o.a.c.i.e.DefaultConfigurerResolver - Found configurer: org.apache.camel.spi.RestConfiguration via type: org.apache.camel.impl.RestConfigurationConfigurer via: META-INF/services/org/apache/camel/configurer/org.apache.camel.spi.RestConfiguration
2026-02-25 12:26:22 [scheduling-1] DEBUG o.a.c.i.e.DefaultConfigurerResolver - Found configurer: org.apache.camel.spi.RestConfiguration via type: org.apache.camel.impl.RestConfigurationConfigurer via: META-INF/services/org/apache/camel/configurer/org.apache.camel.spi.RestConfiguration
2026-02-25 12:26:22 [scheduling-1] DEBUG o.a.c.i.e.DefaultConfigurerResolver - Found configurer: org.apache.camel.spi.RestConfiguration via type: org.apache.camel.impl.RestConfigurationConfigurer via: META-INF/services/org/apache/camel/configurer/org.apache.camel.spi.RestConfiguration
2026-02-25 12:26:22 [scheduling-1] DEBUG o.a.c.i.e.DefaultConfigurerResolver - Found configurer: org.apache.camel.spi.RestConfiguration via type: org.apache.camel.impl.RestConfigurationConfigurer via: META-INF/services/org/apache/camel/configurer/org.apache.camel.spi.RestConfiguration
2026-02-25 12:26:22 [scheduling-1] DEBUG o.a.c.i.engine.AbstractCamelContext - Using ComponentResolver: org.apache.camel.impl.engine.DefaultComponentResolver@7edf4130 to resolve component with name: rest
2026-02-25 12:26:22 [scheduling-1] DEBUG o.a.camel.support.ResolverHelper - Lookup Component with name rest in registry. Found: null
2026-02-25 12:26:22 [scheduling-1] DEBUG o.a.camel.support.ResolverHelper - Lookup Component with name rest-component in registry. Found: null
2026-02-25 12:26:22 [scheduling-1] DEBUG o.a.c.i.e.DefaultComponentResolver - Found component: rest via type: org.apache.camel.component.rest.RestComponent via: META-INF/services/org/apache/camel/component/rest
2026-02-25 12:26:22 [http-nio-8081-exec-1] INFO  o.a.c.c.C.[Tomcat].[localhost].[/] - Initializing Spring DispatcherServlet 'dispatcherServlet'
2026-02-25 12:26:22 [http-nio-8081-exec-1] INFO  o.s.web.servlet.DispatcherServlet - Initializing Servlet 'dispatcherServlet'
2026-02-25 12:26:22 [http-nio-8081-exec-1] DEBUG o.s.web.servlet.DispatcherServlet - Detected StandardServletMultipartResolver
2026-02-25 12:26:22 [http-nio-8081-exec-1] DEBUG o.s.web.servlet.DispatcherServlet - Detected AcceptHeaderLocaleResolver
2026-02-25 12:26:22 [http-nio-8081-exec-1] DEBUG o.s.web.servlet.DispatcherServlet - Detected FixedThemeResolver
2026-02-25 12:26:22 [scheduling-1] DEBUG o.a.c.i.e.DefaultConfigurerResolver - Found configurer: rest-component via type: org.apache.camel.component.rest.RestComponentConfigurer via: META-INF/services/org/apache/camel/configurer/rest-component
2026-02-25 12:26:22 [http-nio-8081-exec-1] DEBUG o.s.web.servlet.DispatcherServlet - Detected org.springframework.web.servlet.view.DefaultRequestToViewNameTranslator@15da1799
2026-02-25 12:26:22 [http-nio-8081-exec-1] DEBUG o.s.web.servlet.DispatcherServlet - Detected org.springframework.web.servlet.support.SessionFlashMapManager@6f85732
2026-02-25 12:26:22 [http-nio-8081-exec-1] DEBUG o.s.web.servlet.DispatcherServlet - enableLoggingRequestDetails='false': request parameters and headers will be masked to prevent unsafe logging of potentially sensitive data
2026-02-25 12:26:22 [http-nio-8081-exec-1] INFO  o.s.web.servlet.DispatcherServlet - Completed initialization in 5 ms
2026-02-25 12:26:22 [scheduling-1] DEBUG o.a.c.i.e.DefaultConfigurerResolver - Found configurer: rest-endpoint via type: org.apache.camel.component.rest.RestEndpointConfigurer via: META-INF/services/org/apache/camel/configurer/rest-endpoint
2026-02-25 12:26:22 [main] INFO  c.m.b.k.service.SequenceFixService - Sequence public.integration_mapping_id_seq synced to 242. setval returned 242
2026-02-25 12:26:22 [main] INFO  c.m.b.k.service.SequenceFixService - Sequence fix done.
2026-02-25 12:26:22 [main] DEBUG o.a.camel.spring.SpringCamelContext - onApplicationEvent: org.springframework.boot.availability.AvailabilityChangeEvent[source=org.springframework.boot.web.servlet.context.AnnotationConfigServletWebServerApplicationContext@4879f0f2, started on Wed Feb 25 12:25:51 EET 2026]
2026-02-25 12:26:22 [scheduling-1] DEBUG o.a.c.i.e.DefaultConfigurerResolver - Found configurer: rest-component via type: org.apache.camel.component.rest.RestComponentConfigurer via: META-INF/services/org/apache/camel/configurer/rest-component
2026-02-25 12:26:22 [scheduling-1] DEBUG o.a.camel.support.DefaultComponent - Creating endpoint uri=[rest://get:/system/info], path=[get:/system/info]
2026-02-25 12:26:22 [scheduling-1] DEBUG o.a.c.i.engine.AbstractCamelContext - rest://get:/system/info converted to endpoint: rest://get:/system/info by component: org.apache.camel.component.rest.RestComponent@70ca2ba9
2026-02-25 12:26:22 [scheduling-1] DEBUG o.a.c.i.engine.AbstractCamelContext - Using ComponentResolver: org.apache.camel.impl.engine.DefaultComponentResolver@7edf4130 to resolve component with name: integratedSystem
2026-02-25 12:26:22 [scheduling-1] DEBUG o.a.camel.support.ResolverHelper - Lookup Component with name integratedSystem in registry. Found: null
2026-02-25 12:26:22 [scheduling-1] DEBUG o.a.camel.support.ResolverHelper - Lookup Component with name integratedSystem-component in registry. Found: null
2026-02-25 12:26:22 [scheduling-1] DEBUG o.a.c.i.e.DefaultComponentResolver - Found component: integratedSystem via type: com.middleware.IntegratedSystemComponent via: META-INF/services/org/apache/camel/component/integratedSystem
2026-02-25 12:26:22 [scheduling-1] DEBUG o.a.c.i.e.DefaultConfigurerResolver - Found configurer: integratedSystem-component via type: com.middleware.IntegratedSystemComponentConfigurer via: META-INF/services/org/apache/camel/configurer/integratedSystem-component
2026-02-25 12:26:22 [scheduling-1] DEBUG o.a.c.i.e.DefaultConfigurerResolver - Found configurer: integratedSystem-endpoint via type: com.middleware.IntegratedSystemEndpointConfigurer via: META-INF/services/org/apache/camel/configurer/integratedSystem-endpoint
2026-02-25 12:26:22 [scheduling-1] DEBUG o.a.c.i.e.DefaultConfigurerResolver - Found configurer: integratedSystem-component via type: com.middleware.IntegratedSystemComponentConfigurer via: META-INF/services/org/apache/camel/configurer/integratedSystem-component
2026-02-25 12:26:22 [scheduling-1] DEBUG o.a.camel.support.DefaultComponent - Creating endpoint uri=[integratedSystem://null?code=DHIS2.STABLE], path=[null]
2026-02-25 12:26:22 [scheduling-1] INFO  c.m.IntegratedSystemComponent - Created IntegratedSystemEndpoint for URI: integratedSystem://null?code=DHIS2.STABLE
2026-02-25 12:26:22 [scheduling-1] DEBUG o.a.c.i.engine.AbstractCamelContext - integratedSystem://null?code=DHIS2.STABLE converted to endpoint: integratedSystem://null?code=DHIS2.STABLE by component: com.middleware.IntegratedSystemComponent@aeeadb0
2026-02-25 12:26:22 [scheduling-1] DEBUG o.a.camel.support.ResolverHelper - Found InternalProcessorFactory: org.apache.camel.processor.DefaultInternalProcessorFactory via: META-INF/services/org/apache/camel/internal-processor-factory
2026-02-25 12:26:22 [scheduling-1] DEBUG o.a.camel.support.ResolverHelper - Detected and using InternalProcessorFactory: org.apache.camel.processor.DefaultInternalProcessorFactory@7b7012a7
2026-02-25 12:26:22 [scheduling-1] DEBUG o.a.c.i.engine.AbstractCamelContext - Using ComponentResolver: org.apache.camel.impl.engine.DefaultComponentResolver@7edf4130 to resolve component with name: https
2026-02-25 12:26:22 [scheduling-1] DEBUG o.a.camel.support.ResolverHelper - Lookup Component with name https in registry. Found: null
2026-02-25 12:26:22 [scheduling-1] DEBUG o.a.camel.support.ResolverHelper - Lookup Component with name https-component in registry. Found: null
2026-02-25 12:26:22 [scheduling-1] DEBUG o.a.c.i.e.DefaultComponentResolver - Found component: https via type: org.apache.camel.component.http.HttpComponent via: META-INF/services/org/apache/camel/component/https
2026-02-25 12:26:22 [scheduling-1] DEBUG o.a.c.i.e.DefaultConfigurerResolver - Found configurer: http-component via type: org.apache.camel.component.http.HttpComponentConfigurer via: META-INF/services/org/apache/camel/configurer/http-component
2026-02-25 12:26:22 [scheduling-1] DEBUG o.a.c.i.e.DefaultConfigurerResolver - Found configurer: http-endpoint via type: org.apache.camel.component.http.HttpEndpointConfigurer via: META-INF/services/org/apache/camel/configurer/http-endpoint
2026-02-25 12:26:23 [scheduling-1] DEBUG o.a.camel.support.DefaultComponent - Creating endpoint uri=[https://https://test.e2e.dhis2.org/ca-test-2.41/api/system/info?bridgeEndpoint=true], path=[https://test.e2e.dhis2.org/ca-test-2.41/api/system/info]
2026-02-25 12:26:23 [http-nio-8081-exec-2] DEBUG o.s.w.f.CommonsRequestLoggingFilter - Before request [POST /api/auth/login, client=0:0:0:0:0:0:0:1]
2026-02-25 12:26:23 [scheduling-1] DEBUG o.a.c.component.http.HttpComponent - Creating endpoint uri https://test.e2e.dhis2.org/ca-test-2.41/api/system/info?bridgeEndpoint=true
2026-02-25 12:26:23 [http-nio-8081-exec-2] DEBUG o.s.web.servlet.DispatcherServlet - POST "/api/auth/login", parameters={}
2026-02-25 12:26:23 [http-nio-8081-exec-2] DEBUG o.s.w.s.m.m.a.RequestMappingHandlerMapping - Mapped to com.middleware.backend.users.auth.AuthController#login(AuthRequest)
2026-02-25 12:26:23 [RMI TCP Connection(3)-192.168.88.8] DEBUG o.a.c.i.health.AbstractHealthCheck - Invoke health-check (LIVENESS) camel/context
2026-02-25 12:26:23 [RMI TCP Connection(3)-192.168.88.8] DEBUG o.a.c.i.health.AbstractHealthCheck - Invoke health-check (READINESS) camel/context
2026-02-25 12:26:23 [RMI TCP Connection(3)-192.168.88.8] DEBUG o.a.c.i.health.AbstractHealthCheck - Invoke health-check (ALL) camel/context
2026-02-25 12:26:23 [scheduling-1] DEBUG o.a.c.component.http.HttpComponent - Created ClientConnectionManager org.apache.hc.client5.http.impl.io.PoolingHttpClientConnectionManager@22e62aff
2026-02-25 12:26:23 [scheduling-1] DEBUG o.a.c.i.engine.AbstractCamelContext - https://https://test.e2e.dhis2.org/ca-test-2.41/api/system/info?bridgeEndpoint=true converted to endpoint: https://test.e2e.dhis2.org/ca-test-2.41/api/system/info?bridgeEndpoint=true by component: org.apache.camel.component.http.HttpComponent@465cba52
2026-02-25 12:26:23 [scheduling-1] DEBUG o.a.c.i.engine.AbstractCamelContext - Resolving language: simple
2026-02-25 12:26:23 [http-nio-8081-exec-2] DEBUG o.s.w.s.m.m.a.RequestResponseBodyMethodProcessor - Read "application/json;charset=UTF-8" to [AuthController.AuthRequest(email=admin@mail.com, password=S123@231)]
2026-02-25 12:26:23 [scheduling-1] DEBUG o.a.c.i.engine.AbstractCamelContext - Using ComponentResolver: org.apache.camel.impl.engine.DefaultComponentResolver@7edf4130 to resolve component with name: log
2026-02-25 12:26:23 [scheduling-1] DEBUG o.a.camel.support.ResolverHelper - Lookup Component with name log in registry. Found: null
2026-02-25 12:26:23 [scheduling-1] DEBUG o.a.camel.support.ResolverHelper - Lookup Component with name log-component in registry. Found: null
2026-02-25 12:26:23 [scheduling-1] DEBUG o.a.c.i.e.DefaultComponentResolver - Found component: log via type: org.apache.camel.component.log.LogComponent via: META-INF/services/org/apache/camel/component/log
2026-02-25 12:26:23 [scheduling-1] DEBUG o.a.c.i.e.DefaultConfigurerResolver - Found configurer: log-component via type: org.apache.camel.component.log.LogComponentConfigurer via: META-INF/services/org/apache/camel/configurer/log-component
2026-02-25 12:26:23 [scheduling-1] DEBUG o.a.c.i.e.DefaultConfigurerResolver - Found configurer: log-endpoint via type: org.apache.camel.component.log.LogEndpointConfigurer via: META-INF/services/org/apache/camel/configurer/log-endpoint
2026-02-25 12:26:23 [scheduling-1] DEBUG o.a.c.i.e.DefaultConfigurerResolver - Found configurer: log-component via type: org.apache.camel.component.log.LogComponentConfigurer via: META-INF/services/org/apache/camel/configurer/log-component
2026-02-25 12:26:23 [scheduling-1] DEBUG o.a.camel.support.DefaultComponent - Creating endpoint uri=[log://InfoLogger], path=[InfoLogger]
2026-02-25 12:26:23 [scheduling-1] DEBUG o.a.c.i.engine.AbstractCamelContext - log://InfoLogger converted to endpoint: log://InfoLogger by component: org.apache.camel.component.log.LogComponent@33573ed7
2026-02-25 12:26:23 [scheduling-1] DEBUG o.apache.camel.reifier.RouteReifier - RoutePolicy is enabled: com.middleware.backend.policy.LoggingRoutePolicy@11577ad6 on route: dhis2-system-info
2026-02-25 12:26:23 [scheduling-1] DEBUG o.a.c.i.e.InternalRouteStartupManager - Warming up route id: dhis2-system-info having autoStartup=true
2026-02-25 12:26:23 [scheduling-1] DEBUG o.a.c.i.engine.AbstractCamelContext - Using ComponentResolver: org.apache.camel.impl.engine.DefaultComponentResolver@7edf4130 to resolve component with name: servlet
2026-02-25 12:26:23 [scheduling-1] DEBUG o.a.camel.support.ResolverHelper - Lookup Component with name servlet in registry. Found: null
2026-02-25 12:26:23 [scheduling-1] DEBUG o.a.camel.support.ResolverHelper - Lookup Component with name servlet-component in registry. Found: org.apache.camel.component.servlet.ServletComponent@7520d8ac
2026-02-25 12:26:23 [scheduling-1] DEBUG o.a.c.i.e.DefaultConfigurerResolver - Found configurer: servlet-component via type: org.apache.camel.component.servlet.ServletComponentConfigurer via: META-INF/services/org/apache/camel/configurer/servlet-component
2026-02-25 12:26:23 [scheduling-1] DEBUG o.a.c.i.e.DefaultConfigurerResolver - Found configurer: servlet-endpoint via type: org.apache.camel.component.servlet.ServletEndpointConfigurer via: META-INF/services/org/apache/camel/configurer/servlet-endpoint
2026-02-25 12:26:23 [scheduling-1] DEBUG o.a.c.i.e.DefaultConfigurerResolver - Found configurer: servlet-component via type: org.apache.camel.component.servlet.ServletComponentConfigurer via: META-INF/services/org/apache/camel/configurer/servlet-component
2026-02-25 12:26:23 [scheduling-1] DEBUG o.a.camel.support.DefaultComponent - Creating endpoint uri=[servlet:///system/info?httpMethodRestrict=GET], path=[/system/info]
2026-02-25 12:26:23 [scheduling-1] DEBUG o.a.c.i.engine.AbstractCamelContext - servlet:///system/info?httpMethodRestrict=GET converted to endpoint: servlet:/system/info?httpMethodRestrict=GET by component: org.apache.camel.component.servlet.ServletComponent@7520d8ac
2026-02-25 12:26:23 [scheduling-1] DEBUG o.a.camel.support.ResolverHelper - Found RestRegistryFactory: org.apache.camel.component.rest.DefaultRestRegistryFactory via: META-INF/services/org/apache/camel/rest-registry-factory
2026-02-25 12:26:23 [scheduling-1] DEBUG o.a.camel.support.ResolverHelper - Detected and using RestRegistryFactory: org.apache.camel.component.rest.DefaultRestRegistryFactory@607dd702
2026-02-25 12:26:23 [scheduling-1] DEBUG o.a.camel.support.DefaultProducer - Starting producer: Producer[integratedSystem://null?code=DHIS2.STABLE]
2026-02-25 12:26:23 [scheduling-1] DEBUG o.a.c.component.http.HttpEndpoint - Setup the HttpClientBuilder org.apache.hc.client5.http.impl.classic.HttpClientBuilder@69c1eb32
2026-02-25 12:26:23 [scheduling-1] DEBUG o.a.camel.support.DefaultProducer - Starting producer: Producer[https://test.e2e.dhis2.org/ca-test-2.41/api/system/info?bridgeEndpoint=true]
2026-02-25 12:26:23 [scheduling-1] DEBUG o.a.camel.support.DefaultProducer - Starting producer: Producer[log://InfoLogger]
2026-02-25 12:26:23 [scheduling-1] DEBUG o.a.c.i.e.InternalRouteStartupManager - Route: dhis2-system-info >>> Route[rest://get:/system/info -> null]
2026-02-25 12:26:23 [scheduling-1] DEBUG o.a.c.i.e.InternalRouteStartupManager - Starting consumer (order: 1000) on route: dhis2-system-info
2026-02-25 12:26:23 [scheduling-1] DEBUG o.a.camel.support.DefaultConsumer - Build consumer: Consumer[servlet:/system/info?httpMethodRestrict=GET]
2026-02-25 12:26:23 [scheduling-1] DEBUG o.a.camel.support.DefaultConsumer - Init consumer: Consumer[servlet:/system/info?httpMethodRestrict=GET]
2026-02-25 12:26:23 [scheduling-1] DEBUG o.a.camel.support.DefaultConsumer - Starting consumer: Consumer[servlet:/system/info?httpMethodRestrict=GET]
2026-02-25 12:26:23 [scheduling-1] DEBUG o.a.c.h.common.DefaultHttpRegistry - Registering consumer for path /system/info providers present: 1
2026-02-25 12:26:23 [scheduling-1] DEBUG o.a.c.c.s.CamelHttpTransportServlet - Connecting consumer: Consumer[servlet:/system/info?httpMethodRestrict=GET]
2026-02-25 12:26:23 [scheduling-1] DEBUG o.a.c.i.e.InternalRouteStartupManager - Route: dhis2-system-info started and consuming from: servlet:/system/info
2026-02-25 12:26:23 [scheduling-1] DEBUG o.a.c.i.e.InternalRouteStartupManager - Warming up route id: dhis2-system-info having autoStartup=true
2026-02-25 12:26:23 [scheduling-1] DEBUG o.a.c.i.e.InternalRouteStartupManager - Route: dhis2-system-info >>> Route[rest://get:/system/info -> null]
2026-02-25 12:26:23 [scheduling-1] DEBUG o.a.c.i.e.InternalRouteStartupManager - Starting consumer (order: 1001) on route: dhis2-system-info
2026-02-25 12:26:23 [scheduling-1] DEBUG o.a.c.i.e.InternalRouteStartupManager - Route: dhis2-system-info started and consuming from: servlet:/system/info
2026-02-25 12:26:23 [scheduling-1] INFO  c.m.b.k.service.DynamicRouteService - Re-added route dhis2-system-info to context (DB says active)
2026-02-25 12:26:23 [scheduling-1] DEBUG o.a.c.i.engine.AbstractCamelContext - Adding route configurations from builder: Routes: []
2026-02-25 12:26:23 [scheduling-1] DEBUG o.a.c.i.engine.AbstractCamelContext - Adding routes from builder: Routes: []
2026-02-25 12:26:23 [scheduling-1] DEBUG o.a.camel.support.DefaultComponent - Creating endpoint uri=[rest://post:/api/aaaaaaiaiiiiiiiiiiiiiiiiiii], path=[post:/api/aaaaaaiaiiiiiiiiiiiiiiiiiii]
2026-02-25 12:26:23 [scheduling-1] DEBUG o.a.c.i.engine.AbstractCamelContext - rest://post:/api/aaaaaaiaiiiiiiiiiiiiiiiiiii converted to endpoint: rest://post:/api/aaaaaaiaiiiiiiiiiiiiiiiiiii by component: org.apache.camel.component.rest.RestComponent@70ca2ba9
2026-02-25 12:26:23 [http-nio-8081-exec-2] DEBUG o.a.camel.spring.SpringCamelContext - onApplicationEvent: org.springframework.security.authentication.event.AuthenticationSuccessEvent[source=UsernamePasswordAuthenticationToken [Principal=org.springframework.security.core.userdetails.User [Username=admin@mail.com, Password=[PROTECTED], Enabled=true, AccountNonExpired=true, CredentialsNonExpired=true, AccountNonLocked=true, Granted Authorities=[ROLE_ADMIN, auditLogs:export, auditLogs:view, channel:create, channel:edit, channel:view, config:create, config:edit, config:view, dashboard:jobGraph, dashboard:jobList, dashboard:summary, dashboard:tokenList, dashboard:transactionGraph, dashboard:transactionList, dhis2:edit, dhis2:view, dynamicRoutes:create, dynamicRoutes:delete, dynamicRoutes:edit, dynamicRoutes:export, dynamicRoutes:revert, dynamicRoutes:start, dynamicRoutes:stop, dynamicRoutes:test, dynamicRoutes:validate, dynamicRoutes:view, dynamicRoutesLogs:export, dynamicRoutesLogs:view, errorCategories:create, errorCategories:edit, errorCategories:export, errorCategories:view, errorMappings:create, errorMappings:edit, errorMappings:export, errorMappings:view, group:create, group:edit, group:view, groupReceivers:create, groupReceivers:edit, integratedApi:create, integratedApi:export, integratedApi:update, integratedApi:view, integratedSystem:create, integratedSystem:edit, integratedSystem:view, integrationMapping:create, integrationMapping:edit, integrationMapping:export, integrationMapping:import, integrationMapping:validate, integrationMapping:view, jobExecutionLogs:export, jobExecutionLogs:view, middlewareLogs:export, middlewareLogs:retry, middlewareLogs:view, notification:send, notification:view, notificationLogs:export, notificationLogs:view, receiver:create, receiver:edit, receiver:view, role:create, role:view, routePermissions:edit, routePermissions:view, scheduledJobs:create, scheduledJobs:delete, scheduledJobs:edit, scheduledJobs:export, scheduledJobs:pause, scheduledJobs:resume, scheduledJobs:test, scheduledJobs:view, scheduledJobsLogs:export, scheduledJobsLogs:view, sourceSystems:create, sourceSystems:edit, sourceSystems:export, sourceSystems:view, template:create, template:edit, template:validate, template:view, throttling:edit, throttling:view, user:activate, user:create, user:delete, user:edit, user:generate-token, user:view, user:viewByRole, userPermissions:edit, userPermissions:view]], Credentials=[PROTECTED], Authenticated=true, Details=null, Granted Authorities=[ROLE_ADMIN, auditLogs:export, auditLogs:view, channel:create, channel:edit, channel:view, config:create, config:edit, config:view, dashboard:jobGraph, dashboard:jobList, dashboard:summary, dashboard:tokenList, dashboard:transactionGraph, dashboard:transactionList, dhis2:edit, dhis2:view, dynamicRoutes:create, dynamicRoutes:delete, dynamicRoutes:edit, dynamicRoutes:export, dynamicRoutes:revert, dynamicRoutes:start, dynamicRoutes:stop, dynamicRoutes:test, dynamicRoutes:validate, dynamicRoutes:view, dynamicRoutesLogs:export, dynamicRoutesLogs:view, errorCategories:create, errorCategories:edit, errorCategories:export, errorCategories:view, errorMappings:create, errorMappings:edit, errorMappings:export, errorMappings:view, group:create, group:edit, group:view, groupReceivers:create, groupReceivers:edit, integratedApi:create, integratedApi:export, integratedApi:update, integratedApi:view, integratedSystem:create, integratedSystem:edit, integratedSystem:view, integrationMapping:create, integrationMapping:edit, integrationMapping:export, integrationMapping:import, integrationMapping:validate, integrationMapping:view, jobExecutionLogs:export, jobExecutionLogs:view, middlewareLogs:export, middlewareLogs:retry, middlewareLogs:view, notification:send, notification:view, notificationLogs:export, notificationLogs:view, receiver:create, receiver:edit, receiver:view, role:create, role:view, routePermissions:edit, routePermissions:view, scheduledJobs:create, scheduledJobs:delete, scheduledJobs:edit, scheduledJobs:export, scheduledJobs:pause, scheduledJobs:resume, scheduledJobs:test, scheduledJobs:view, scheduledJobsLogs:export, scheduledJobsLogs:view, sourceSystems:create, sourceSystems:edit, sourceSystems:export, sourceSystems:view, template:create, template:edit, template:validate, template:view, throttling:edit, throttling:view, user:activate, user:create, user:delete, user:edit, user:generate-token, user:view, user:viewByRole, userPermissions:edit, userPermissions:view]]]
2026-02-25 12:26:23 [scheduling-1] DEBUG o.a.c.i.engine.AbstractCamelContext - Resolving language: simple
2026-02-25 12:26:23 [scheduling-1] DEBUG o.a.c.i.engine.AbstractCamelContext - Resolving language: constant
2026-02-25 12:26:23 [scheduling-1] DEBUG o.a.camel.support.ResolverHelper - Lookup Language with name constant in registry. Found: null
2026-02-25 12:26:23 [scheduling-1] DEBUG o.a.camel.support.ResolverHelper - Lookup Language with name constant-language in registry. Found: null
2026-02-25 12:26:23 [scheduling-1] DEBUG o.a.camel.support.DefaultComponent - Creating endpoint uri=[log://output], path=[output]
2026-02-25 12:26:23 [scheduling-1] DEBUG o.a.c.i.engine.AbstractCamelContext - log://output converted to endpoint: log://output by component: org.apache.camel.component.log.LogComponent@33573ed7
2026-02-25 12:26:23 [scheduling-1] DEBUG o.apache.camel.reifier.RouteReifier - RoutePolicy is enabled: com.middleware.backend.policy.LoggingRoutePolicy@1711b657 on route: my-new-testforAi
2026-02-25 12:26:23 [scheduling-1] DEBUG o.a.c.i.e.InternalRouteStartupManager - Warming up route id: my-new-testforAi having autoStartup=true
2026-02-25 12:26:23 [scheduling-1] DEBUG o.a.camel.support.DefaultComponent - Creating endpoint uri=[servlet:///api/aaaaaaiaiiiiiiiiiiiiiiiiiii?httpMethodRestrict=POST], path=[/api/aaaaaaiaiiiiiiiiiiiiiiiiiii]
2026-02-25 12:26:23 [scheduling-1] DEBUG o.a.c.i.engine.AbstractCamelContext - servlet:///api/aaaaaaiaiiiiiiiiiiiiiiiiiii?httpMethodRestrict=POST converted to endpoint: servlet:/api/aaaaaaiaiiiiiiiiiiiiiiiiiii?httpMethodRestrict=POST by component: org.apache.camel.component.servlet.ServletComponent@7520d8ac
2026-02-25 12:26:23 [scheduling-1] DEBUG o.a.camel.support.DefaultProducer - Starting producer: Producer[log://output]
2026-02-25 12:26:23 [scheduling-1] DEBUG o.a.c.i.e.InternalRouteStartupManager - Route: my-new-testforAi >>> Route[rest://post:/api/aaaaaaiaiiiiiiiiiiiiiiiiiii -> null]
2026-02-25 12:26:23 [scheduling-1] DEBUG o.a.c.i.e.InternalRouteStartupManager - Starting consumer (order: 1002) on route: my-new-testforAi
2026-02-25 12:26:23 [scheduling-1] DEBUG o.a.camel.support.DefaultConsumer - Build consumer: Consumer[servlet:/api/aaaaaaiaiiiiiiiiiiiiiiiiiii?httpMethodRestrict=POST]
2026-02-25 12:26:23 [scheduling-1] DEBUG o.a.camel.support.DefaultConsumer - Init consumer: Consumer[servlet:/api/aaaaaaiaiiiiiiiiiiiiiiiiiii?httpMethodRestrict=POST]
2026-02-25 12:26:23 [scheduling-1] DEBUG o.a.camel.support.DefaultConsumer - Starting consumer: Consumer[servlet:/api/aaaaaaiaiiiiiiiiiiiiiiiiiii?httpMethodRestrict=POST]
2026-02-25 12:26:23 [scheduling-1] DEBUG o.a.c.h.common.DefaultHttpRegistry - Registering consumer for path /api/aaaaaaiaiiiiiiiiiiiiiiiiiii providers present: 1
2026-02-25 12:26:23 [scheduling-1] DEBUG o.a.c.c.s.CamelHttpTransportServlet - Connecting consumer: Consumer[servlet:/api/aaaaaaiaiiiiiiiiiiiiiiiiiii?httpMethodRestrict=POST]
2026-02-25 12:26:23 [scheduling-1] DEBUG o.a.c.i.e.InternalRouteStartupManager - Route: my-new-testforAi started and consuming from: servlet:/api/aaaaaaiaiiiiiiiiiiiiiiiiiii
2026-02-25 12:26:23 [scheduling-1] DEBUG o.a.c.i.e.InternalRouteStartupManager - Warming up route id: my-new-testforAi having autoStartup=true
2026-02-25 12:26:23 [scheduling-1] DEBUG o.a.c.i.e.InternalRouteStartupManager - Route: my-new-testforAi >>> Route[rest://post:/api/aaaaaaiaiiiiiiiiiiiiiiiiiii -> null]
2026-02-25 12:26:23 [scheduling-1] DEBUG o.a.c.i.e.InternalRouteStartupManager - Starting consumer (order: 1003) on route: my-new-testforAi
2026-02-25 12:26:23 [scheduling-1] DEBUG o.a.c.i.e.InternalRouteStartupManager - Route: my-new-testforAi started and consuming from: servlet:/api/aaaaaaiaiiiiiiiiiiiiiiiiiii
2026-02-25 12:26:23 [scheduling-1] INFO  c.m.b.k.service.DynamicRouteService - Re-added route my-new-testforAi to context (DB says active)
2026-02-25 12:26:23 [scheduling-1] DEBUG o.a.c.i.engine.AbstractCamelContext - Adding route configurations from builder: Routes: []
2026-02-25 12:26:23 [scheduling-1] DEBUG o.a.c.i.engine.AbstractCamelContext - Adding routes from builder: Routes: []
2026-02-25 12:26:23 [scheduling-1] DEBUG o.a.c.i.e.DefaultUriFactoryResolver - Found EndpointUriFactory: servlet via type: org.apache.camel.component.servlet.ServletEndpointUriFactory via: META-INF/services/org/apache/camel/urifactory/servlet
2026-02-25 12:26:23 [scheduling-1] DEBUG o.a.camel.support.DefaultComponent - Creating endpoint uri=[servlet:///external-user/*?httpMethodRestrict=GET], path=[/external-user/*]
2026-02-25 12:26:23 [scheduling-1] DEBUG o.a.c.i.engine.AbstractCamelContext - servlet:///external-user/*?httpMethodRestrict=GET converted to endpoint: servlet:/external-user/*?httpMethodRestrict=GET by component: org.apache.camel.component.servlet.ServletComponent@7520d8ac
2026-02-25 12:26:23 [scheduling-1] DEBUG o.a.c.i.engine.AbstractCamelContext - Resolving language: simple
2026-02-25 12:26:23 [scheduling-1] DEBUG o.a.c.i.engine.AbstractCamelContext - Resolving language: bean
2026-02-25 12:26:23 [scheduling-1] DEBUG o.a.camel.support.ResolverHelper - Lookup Language with name bean in registry. Found: null
2026-02-25 12:26:23 [scheduling-1] DEBUG o.a.camel.support.ResolverHelper - Lookup Language with name bean-language in registry. Found: null
2026-02-25 12:26:23 [scheduling-1] DEBUG o.a.c.i.engine.AbstractCamelContext - Using ComponentResolver: org.apache.camel.impl.engine.DefaultComponentResolver@7edf4130 to resolve component with name: bean
2026-02-25 12:26:23 [scheduling-1] DEBUG o.a.camel.support.ResolverHelper - Lookup Component with name bean in registry. Found: null
2026-02-25 12:26:23 [scheduling-1] DEBUG o.a.camel.support.ResolverHelper - Lookup Component with name bean-component in registry. Found: null
2026-02-25 12:26:23 [scheduling-1] DEBUG o.a.c.i.e.DefaultComponentResolver - Found component: bean via type: org.apache.camel.component.bean.BeanComponent via: META-INF/services/org/apache/camel/component/bean
2026-02-25 12:26:23 [scheduling-1] DEBUG o.a.c.i.e.DefaultConfigurerResolver - Found configurer: bean-component via type: org.apache.camel.component.bean.BeanComponentConfigurer via: META-INF/services/org/apache/camel/configurer/bean-component
2026-02-25 12:26:23 [scheduling-1] DEBUG o.a.c.i.e.DefaultConfigurerResolver - Found configurer: bean-endpoint via type: org.apache.camel.component.bean.BeanEndpointConfigurer via: META-INF/services/org/apache/camel/configurer/bean-endpoint
2026-02-25 12:26:23 [scheduling-1] DEBUG o.a.c.component.bean.BeanComponent - Creating BeanInfo with maximum cache size: 1000
2026-02-25 12:26:23 [scheduling-1] DEBUG o.a.c.i.e.DefaultConfigurerResolver - Found configurer: bean-component via type: org.apache.camel.component.bean.BeanComponentConfigurer via: META-INF/services/org/apache/camel/configurer/bean-component
2026-02-25 12:26:23 [scheduling-1] DEBUG o.a.c.i.engine.AbstractCamelContext - Resolving language: simple
2026-02-25 12:26:23 [scheduling-1] DEBUG o.a.c.i.engine.AbstractCamelContext - Resolving language: bean
2026-02-25 12:26:23 [scheduling-1] DEBUG o.a.c.i.engine.AbstractCamelContext - Resolving language: constant
2026-02-25 12:26:23 [scheduling-1] DEBUG o.a.c.i.engine.AbstractCamelContext - Resolving language: constant
2026-02-25 12:26:23 [scheduling-1] DEBUG o.a.c.i.engine.AbstractCamelContext - Resolving language: constant
2026-02-25 12:26:23 [scheduling-1] DEBUG o.a.c.i.engine.AbstractCamelContext - Resolving language: simple
2026-02-25 12:26:23 [scheduling-1] DEBUG o.apache.camel.reifier.RouteReifier - RoutePolicy is enabled: com.middleware.backend.policy.LoggingRoutePolicy@5c99d046 on route: get-user-from-api
2026-02-25 12:26:23 [scheduling-1] DEBUG o.a.c.i.e.InternalRouteStartupManager - Warming up route id: get-user-from-api having autoStartup=true
2026-02-25 12:26:23 [scheduling-1] DEBUG o.a.c.p.SendDynamicAwareResolver - Found SendDynamicAware: org.apache.camel.component.http.HttpSendDynamicAware via: META-INF/services/org/apache/camel/send-dynamic/https
2026-02-25 12:26:24 [scheduling-1] DEBUG o.a.c.processor.SendDynamicProcessor - Detected SendDynamicAware component: https optimising toD: https://jsonplaceholder.typicode.com/users/${header.id}?bridgeEndpoint=true&throwExceptionOnFailure=false
2026-02-25 12:26:24 [scheduling-1] DEBUG o.a.c.i.e.DefaultUriFactoryResolver - Found EndpointUriFactory: https via type: org.apache.camel.component.http.HttpEndpointUriFactory via: META-INF/services/org/apache/camel/urifactory/https
2026-02-25 12:26:24 [scheduling-1] DEBUG o.a.c.processor.SendDynamicProcessor - DynamicSendTo toD1 using ProducerCache with cacheSize=0
2026-02-25 12:26:24 [scheduling-1] DEBUG o.a.c.i.e.InternalRouteStartupManager - Route: get-user-from-api >>> Route[servlet:/external-user/*?httpMethodRestrict=GET -> null]
2026-02-25 12:26:24 [scheduling-1] DEBUG o.a.c.i.e.InternalRouteStartupManager - Starting consumer (order: 1004) on route: get-user-from-api
2026-02-25 12:26:24 [scheduling-1] DEBUG o.a.camel.support.DefaultConsumer - Build consumer: Consumer[servlet:/external-user/*?httpMethodRestrict=GET]
2026-02-25 12:26:24 [scheduling-1] DEBUG o.a.camel.support.DefaultConsumer - Init consumer: Consumer[servlet:/external-user/*?httpMethodRestrict=GET]
2026-02-25 12:26:24 [scheduling-1] DEBUG o.a.camel.support.DefaultConsumer - Starting consumer: Consumer[servlet:/external-user/*?httpMethodRestrict=GET]
2026-02-25 12:26:24 [scheduling-1] DEBUG o.a.c.h.common.DefaultHttpRegistry - Registering consumer for path /external-user/* providers present: 1
2026-02-25 12:26:24 [scheduling-1] DEBUG o.a.c.c.s.CamelHttpTransportServlet - Connecting consumer: Consumer[servlet:/external-user/*?httpMethodRestrict=GET]
2026-02-25 12:26:24 [scheduling-1] DEBUG o.a.c.i.e.InternalRouteStartupManager - Route: get-user-from-api started and consuming from: servlet:/external-user/*
2026-02-25 12:26:24 [scheduling-1] DEBUG o.a.c.i.e.InternalRouteStartupManager - Warming up route id: get-user-from-api having autoStartup=true
2026-02-25 12:26:24 [scheduling-1] DEBUG o.a.c.i.e.InternalRouteStartupManager - Route: get-user-from-api >>> Route[servlet:/external-user/*?httpMethodRestrict=GET -> null]
2026-02-25 12:26:24 [scheduling-1] DEBUG o.a.c.i.e.InternalRouteStartupManager - Starting consumer (order: 1005) on route: get-user-from-api
2026-02-25 12:26:24 [scheduling-1] DEBUG o.a.c.i.e.InternalRouteStartupManager - Route: get-user-from-api started and consuming from: servlet:/external-user/*
2026-02-25 12:26:24 [scheduling-1] INFO  c.m.b.k.service.DynamicRouteService - Re-added route get-user-from-api to context (DB says active)
2026-02-25 12:26:24 [scheduling-1] DEBUG o.a.c.i.engine.AbstractCamelContext - Adding route configurations from builder: Routes: []
2026-02-25 12:26:24 [scheduling-1] DEBUG o.a.c.i.engine.AbstractCamelContext - Adding routes from builder: Routes: []
2026-02-25 12:26:24 [scheduling-1] DEBUG o.a.camel.support.DefaultComponent - Creating endpoint uri=[rest://post:/api/xxxxxxxxxx], path=[post:/api/xxxxxxxxxx]
2026-02-25 12:26:24 [scheduling-1] DEBUG o.a.c.i.engine.AbstractCamelContext - rest://post:/api/xxxxxxxxxx converted to endpoint: rest://post:/api/xxxxxxxxxx by component: org.apache.camel.component.rest.RestComponent@70ca2ba9
2026-02-25 12:26:24 [scheduling-1] DEBUG o.a.c.i.engine.AbstractCamelContext - Resolving language: simple
2026-02-25 12:26:24 [scheduling-1] DEBUG o.a.c.i.engine.AbstractCamelContext - Resolving language: constant
2026-02-25 12:26:24 [scheduling-1] DEBUG o.apache.camel.reifier.RouteReifier - RoutePolicy is enabled: com.middleware.backend.policy.LoggingRoutePolicy@3c8cc472 on route: xxxxxxxxxx
2026-02-25 12:26:24 [scheduling-1] DEBUG o.a.c.i.e.InternalRouteStartupManager - Warming up route id: xxxxxxxxxx having autoStartup=true
2026-02-25 12:26:24 [scheduling-1] DEBUG o.a.camel.support.DefaultComponent - Creating endpoint uri=[servlet:///api/xxxxxxxxxx?httpMethodRestrict=POST], path=[/api/xxxxxxxxxx]
2026-02-25 12:26:24 [scheduling-1] DEBUG o.a.c.i.engine.AbstractCamelContext - servlet:///api/xxxxxxxxxx?httpMethodRestrict=POST converted to endpoint: servlet:/api/xxxxxxxxxx?httpMethodRestrict=POST by component: org.apache.camel.component.servlet.ServletComponent@7520d8ac
2026-02-25 12:26:24 [scheduling-1] DEBUG o.a.camel.support.DefaultProducer - Starting producer: Producer[log://output]
2026-02-25 12:26:24 [scheduling-1] DEBUG o.a.c.i.e.InternalRouteStartupManager - Route: xxxxxxxxxx >>> Route[rest://post:/api/xxxxxxxxxx -> null]
2026-02-25 12:26:24 [scheduling-1] DEBUG o.a.c.i.e.InternalRouteStartupManager - Starting consumer (order: 1006) on route: xxxxxxxxxx
2026-02-25 12:26:24 [scheduling-1] DEBUG o.a.camel.support.DefaultConsumer - Build consumer: Consumer[servlet:/api/xxxxxxxxxx?httpMethodRestrict=POST]
2026-02-25 12:26:24 [scheduling-1] DEBUG o.a.camel.support.DefaultConsumer - Init consumer: Consumer[servlet:/api/xxxxxxxxxx?httpMethodRestrict=POST]
2026-02-25 12:26:24 [scheduling-1] DEBUG o.a.camel.support.DefaultConsumer - Starting consumer: Consumer[servlet:/api/xxxxxxxxxx?httpMethodRestrict=POST]
2026-02-25 12:26:24 [scheduling-1] DEBUG o.a.c.h.common.DefaultHttpRegistry - Registering consumer for path /api/xxxxxxxxxx providers present: 1
2026-02-25 12:26:24 [scheduling-1] DEBUG o.a.c.c.s.CamelHttpTransportServlet - Connecting consumer: Consumer[servlet:/api/xxxxxxxxxx?httpMethodRestrict=POST]
2026-02-25 12:26:24 [scheduling-1] DEBUG o.a.c.i.e.InternalRouteStartupManager - Route: xxxxxxxxxx started and consuming from: servlet:/api/xxxxxxxxxx
2026-02-25 12:26:24 [scheduling-1] DEBUG o.a.c.i.e.InternalRouteStartupManager - Warming up route id: xxxxxxxxxx having autoStartup=true
2026-02-25 12:26:24 [scheduling-1] DEBUG o.a.c.i.e.InternalRouteStartupManager - Route: xxxxxxxxxx >>> Route[rest://post:/api/xxxxxxxxxx -> null]
2026-02-25 12:26:24 [scheduling-1] DEBUG o.a.c.i.e.InternalRouteStartupManager - Starting consumer (order: 1007) on route: xxxxxxxxxx
2026-02-25 12:26:24 [scheduling-1] DEBUG o.a.c.i.e.InternalRouteStartupManager - Route: xxxxxxxxxx started and consuming from: servlet:/api/xxxxxxxxxx
2026-02-25 12:26:24 [scheduling-1] INFO  c.m.b.k.service.DynamicRouteService - Re-added route xxxxxxxxxx to context (DB says active)
2026-02-25 12:26:24 [scheduling-1] DEBUG o.a.c.i.engine.AbstractCamelContext - Adding route configurations from builder: Routes: []
2026-02-25 12:26:24 [scheduling-1] DEBUG o.a.c.i.engine.AbstractCamelContext - Adding routes from builder: Routes: []
2026-02-25 12:26:24 [scheduling-1] DEBUG o.a.camel.support.DefaultComponent - Creating endpoint uri=[rest://post:/api/aiiiii], path=[post:/api/aiiiii]
2026-02-25 12:26:24 [scheduling-1] DEBUG o.a.c.i.engine.AbstractCamelContext - rest://post:/api/aiiiii converted to endpoint: rest://post:/api/aiiiii by component: org.apache.camel.component.rest.RestComponent@70ca2ba9
2026-02-25 12:26:24 [scheduling-1] DEBUG o.a.c.i.engine.AbstractCamelContext - Resolving language: simple
2026-02-25 12:26:24 [scheduling-1] DEBUG o.a.c.i.engine.AbstractCamelContext - Resolving language: constant
2026-02-25 12:26:24 [scheduling-1] DEBUG o.apache.camel.reifier.RouteReifier - RoutePolicy is enabled: com.middleware.backend.policy.LoggingRoutePolicy@3138097 on route: aiiiii
2026-02-25 12:26:24 [scheduling-1] DEBUG o.a.c.i.e.InternalRouteStartupManager - Warming up route id: aiiiii having autoStartup=true
2026-02-25 12:26:24 [scheduling-1] DEBUG o.a.camel.support.DefaultComponent - Creating endpoint uri=[servlet:///api/aiiiii?httpMethodRestrict=POST], path=[/api/aiiiii]
2026-02-25 12:26:24 [scheduling-1] DEBUG o.a.c.i.engine.AbstractCamelContext - servlet:///api/aiiiii?httpMethodRestrict=POST converted to endpoint: servlet:/api/aiiiii?httpMethodRestrict=POST by component: org.apache.camel.component.servlet.ServletComponent@7520d8ac
2026-02-25 12:26:24 [scheduling-1] DEBUG o.a.camel.support.DefaultProducer - Starting producer: Producer[log://output]
2026-02-25 12:26:24 [scheduling-1] DEBUG o.a.c.i.e.InternalRouteStartupManager - Route: aiiiii >>> Route[rest://post:/api/aiiiii -> null]
2026-02-25 12:26:24 [scheduling-1] DEBUG o.a.c.i.e.InternalRouteStartupManager - Starting consumer (order: 1008) on route: aiiiii
2026-02-25 12:26:24 [scheduling-1] DEBUG o.a.camel.support.DefaultConsumer - Build consumer: Consumer[servlet:/api/aiiiii?httpMethodRestrict=POST]
2026-02-25 12:26:24 [scheduling-1] DEBUG o.a.camel.support.DefaultConsumer - Init consumer: Consumer[servlet:/api/aiiiii?httpMethodRestrict=POST]
2026-02-25 12:26:24 [scheduling-1] DEBUG o.a.camel.support.DefaultConsumer - Starting consumer: Consumer[servlet:/api/aiiiii?httpMethodRestrict=POST]
2026-02-25 12:26:24 [scheduling-1] DEBUG o.a.c.h.common.DefaultHttpRegistry - Registering consumer for path /api/aiiiii providers present: 1
2026-02-25 12:26:24 [scheduling-1] DEBUG o.a.c.c.s.CamelHttpTransportServlet - Connecting consumer: Consumer[servlet:/api/aiiiii?httpMethodRestrict=POST]
2026-02-25 12:26:24 [scheduling-1] DEBUG o.a.c.i.e.InternalRouteStartupManager - Route: aiiiii started and consuming from: servlet:/api/aiiiii
2026-02-25 12:26:24 [scheduling-1] DEBUG o.a.c.i.e.InternalRouteStartupManager - Warming up route id: aiiiii having autoStartup=true
2026-02-25 12:26:24 [scheduling-1] DEBUG o.a.c.i.e.InternalRouteStartupManager - Route: aiiiii >>> Route[rest://post:/api/aiiiii -> null]
2026-02-25 12:26:24 [scheduling-1] DEBUG o.a.c.i.e.InternalRouteStartupManager - Starting consumer (order: 1009) on route: aiiiii
2026-02-25 12:26:24 [scheduling-1] DEBUG o.a.c.i.e.InternalRouteStartupManager - Route: aiiiii started and consuming from: servlet:/api/aiiiii
2026-02-25 12:26:24 [scheduling-1] INFO  c.m.b.k.service.DynamicRouteService - Re-added route aiiiii to context (DB says active)
2026-02-25 12:26:24 [scheduling-1] DEBUG o.a.c.i.engine.AbstractCamelContext - Adding route configurations from builder: Routes: []
2026-02-25 12:26:24 [scheduling-1] DEBUG o.a.c.i.engine.AbstractCamelContext - Adding routes from builder: Routes: []
2026-02-25 12:26:24 [scheduling-1] DEBUG o.a.c.i.e.DefaultUriFactoryResolver - Found EndpointUriFactory: integrationmapping via type: com.middleware.IntegrationMappingEndpointUriFactory via: META-INF/services/org/apache/camel/urifactory/integrationmapping
2026-02-25 12:26:24 [scheduling-1] DEBUG o.a.c.i.e.DefaultUriFactoryResolver - Found EndpointUriFactory: rest via type: org.apache.camel.component.rest.RestEndpointUriFactory via: META-INF/services/org/apache/camel/urifactory/rest
2026-02-25 12:26:24 [scheduling-1] DEBUG o.a.camel.support.DefaultComponent - Creating endpoint uri=[rest://get:/HealthCenter], path=[get:/HealthCenter]
2026-02-25 12:26:24 [scheduling-1] DEBUG o.a.c.i.engine.AbstractCamelContext - rest://get:/HealthCenter converted to endpoint: rest://get:/HealthCenter by component: org.apache.camel.component.rest.RestComponent@70ca2ba9
2026-02-25 12:26:24 [scheduling-1] DEBUG o.a.c.i.engine.AbstractCamelContext - Using ComponentResolver: org.apache.camel.impl.engine.DefaultComponentResolver@7edf4130 to resolve component with name: integrationmapping
2026-02-25 12:26:24 [scheduling-1] DEBUG o.a.camel.support.ResolverHelper - Lookup Component with name integrationmapping in registry. Found: com.middleware.IntegrationMappingComponent@74ba533e
2026-02-25 12:26:24 [scheduling-1] DEBUG o.a.c.i.e.DefaultConfigurerResolver - Found configurer: integrationmapping-component via type: com.middleware.IntegrationMappingComponentConfigurer via: META-INF/services/org/apache/camel/configurer/integrationmapping-component
2026-02-25 12:26:24 [scheduling-1] DEBUG o.a.c.i.e.DefaultConfigurerResolver - Found configurer: integrationmapping-endpoint via type: com.middleware.IntegrationMappingEndpointConfigurer via: META-INF/services/org/apache/camel/configurer/integrationmapping-endpoint
2026-02-25 12:26:24 [scheduling-1] DEBUG o.a.c.i.e.DefaultConfigurerResolver - Found configurer: integrationmapping-component via type: com.middleware.IntegrationMappingComponentConfigurer via: META-INF/services/org/apache/camel/configurer/integrationmapping-component
2026-02-25 12:26:24 [scheduling-1] DEBUG o.a.camel.support.DefaultComponent - Creating endpoint uri=[integrationmapping://null?code=default], path=[null]
2026-02-25 12:26:24 [scheduling-1] INFO  c.m.IntegrationMappingEndpoint - IntegrationMappingEndpoint created for URI: integrationmapping://null?code=default
2026-02-25 12:26:24 [scheduling-1] DEBUG o.a.c.i.engine.AbstractCamelContext - integrationmapping://null?code=default converted to endpoint: integrationmapping://null?code=default by component: com.middleware.IntegrationMappingComponent@74ba533e
2026-02-25 12:26:24 [scheduling-1] DEBUG o.apache.camel.reifier.RouteReifier - RoutePolicy is enabled: com.middleware.backend.policy.LoggingRoutePolicy@540b72de on route: HealthCenter-mapping
2026-02-25 12:26:24 [scheduling-1] DEBUG o.a.c.i.e.InternalRouteStartupManager - Warming up route id: HealthCenter-mapping having autoStartup=true
2026-02-25 12:26:24 [scheduling-1] DEBUG o.a.camel.support.DefaultComponent - Creating endpoint uri=[servlet:///HealthCenter?httpMethodRestrict=GET], path=[/HealthCenter]
2026-02-25 12:26:24 [scheduling-1] DEBUG o.a.c.i.engine.AbstractCamelContext - servlet:///HealthCenter?httpMethodRestrict=GET converted to endpoint: servlet:/HealthCenter?httpMethodRestrict=GET by component: org.apache.camel.component.servlet.ServletComponent@7520d8ac
2026-02-25 12:26:24 [scheduling-1] INFO  c.m.IntegrationMappingEndpoint - Creating IntegrationMappingProducer for endpoint: integrationmapping://null?code=default with mapping: null
2026-02-25 12:26:24 [scheduling-1] DEBUG o.a.camel.support.DefaultProducer - Starting producer: Producer[integrationmapping://null?code=default]
2026-02-25 12:26:24 [scheduling-1] DEBUG o.a.c.i.e.InternalRouteStartupManager - Route: HealthCenter-mapping >>> Route[rest://get:/HealthCenter -> null]
2026-02-25 12:26:24 [scheduling-1] DEBUG o.a.c.i.e.InternalRouteStartupManager - Starting consumer (order: 1010) on route: HealthCenter-mapping
2026-02-25 12:26:24 [scheduling-1] DEBUG o.a.camel.support.DefaultConsumer - Build consumer: Consumer[servlet:/HealthCenter?httpMethodRestrict=GET]
2026-02-25 12:26:24 [scheduling-1] DEBUG o.a.camel.support.DefaultConsumer - Init consumer: Consumer[servlet:/HealthCenter?httpMethodRestrict=GET]
2026-02-25 12:26:24 [scheduling-1] DEBUG o.a.camel.support.DefaultConsumer - Starting consumer: Consumer[servlet:/HealthCenter?httpMethodRestrict=GET]
2026-02-25 12:26:24 [scheduling-1] DEBUG o.a.c.h.common.DefaultHttpRegistry - Registering consumer for path /HealthCenter providers present: 1
2026-02-25 12:26:24 [scheduling-1] DEBUG o.a.c.c.s.CamelHttpTransportServlet - Connecting consumer: Consumer[servlet:/HealthCenter?httpMethodRestrict=GET]
2026-02-25 12:26:24 [scheduling-1] DEBUG o.a.c.i.e.InternalRouteStartupManager - Route: HealthCenter-mapping started and consuming from: servlet:/HealthCenter
2026-02-25 12:26:24 [scheduling-1] DEBUG o.a.c.i.e.InternalRouteStartupManager - Warming up route id: HealthCenter-mapping having autoStartup=true
2026-02-25 12:26:24 [scheduling-1] DEBUG o.a.c.i.e.InternalRouteStartupManager - Route: HealthCenter-mapping >>> Route[rest://get:/HealthCenter -> null]
2026-02-25 12:26:24 [scheduling-1] DEBUG o.a.c.i.e.InternalRouteStartupManager - Starting consumer (order: 1011) on route: HealthCenter-mapping
2026-02-25 12:26:24 [scheduling-1] DEBUG o.a.c.i.e.InternalRouteStartupManager - Route: HealthCenter-mapping started and consuming from: servlet:/HealthCenter
2026-02-25 12:26:24 [scheduling-1] INFO  c.m.b.k.service.DynamicRouteService - Re-added route HealthCenter-mapping to context (DB says active)
2026-02-25 12:26:24 [scheduling-1] DEBUG o.a.c.i.engine.AbstractCamelContext - Adding route configurations from builder: Routes: []
2026-02-25 12:26:24 [scheduling-1] DEBUG o.a.c.i.engine.AbstractCamelContext - Adding routes from builder: Routes: []
2026-02-25 12:26:24 [scheduling-1] DEBUG o.a.c.i.e.DefaultUriFactoryResolver - Found EndpointUriFactory: integratedSystem via type: com.middleware.IntegratedSystemEndpointUriFactory via: META-INF/services/org/apache/camel/urifactory/integratedSystem
2026-02-25 12:26:24 [scheduling-1] DEBUG o.a.c.i.e.DefaultUriFactoryResolver - Found EndpointUriFactory: https via type: org.apache.camel.component.http.HttpEndpointUriFactory via: META-INF/services/org/apache/camel/urifactory/https
2026-02-25 12:26:24 [scheduling-1] DEBUG o.a.c.i.e.DefaultUriFactoryResolver - Found EndpointUriFactory: rest via type: org.apache.camel.component.rest.RestEndpointUriFactory via: META-INF/services/org/apache/camel/urifactory/rest
2026-02-25 12:26:24 [scheduling-1] DEBUG o.a.camel.support.DefaultComponent - Creating endpoint uri=[rest://get:/api/hello], path=[get:/api/hello]
2026-02-25 12:26:24 [scheduling-1] DEBUG o.a.c.i.engine.AbstractCamelContext - rest://get:/api/hello converted to endpoint: rest://get:/api/hello by component: org.apache.camel.component.rest.RestComponent@70ca2ba9
2026-02-25 12:26:24 [scheduling-1] DEBUG o.a.camel.support.DefaultComponent - Creating endpoint uri=[integratedSystem://null?code=DHIS2.DWH], path=[null]
2026-02-25 12:26:24 [scheduling-1] INFO  c.m.IntegratedSystemComponent - Created IntegratedSystemEndpoint for URI: integratedSystem://null?code=DHIS2.DWH
2026-02-25 12:26:24 [scheduling-1] DEBUG o.a.c.i.engine.AbstractCamelContext - integratedSystem://null?code=DHIS2.DWH converted to endpoint: integratedSystem://null?code=DHIS2.DWH by component: com.middleware.IntegratedSystemComponent@aeeadb0
2026-02-25 12:26:24 [scheduling-1] DEBUG o.a.camel.support.DefaultComponent - Creating endpoint uri=[https://hmis-dev.moh.gov.jo/dwh/api/system/info?bridgeEndpoint=true], path=[hmis-dev.moh.gov.jo/dwh/api/system/info]
2026-02-25 12:26:24 [scheduling-1] DEBUG o.a.c.component.http.HttpComponent - Creating endpoint uri https://hmis-dev.moh.gov.jo/dwh/api/system/info?bridgeEndpoint=true
2026-02-25 12:26:24 [scheduling-1] DEBUG o.a.c.component.http.HttpComponent - Created ClientConnectionManager org.apache.hc.client5.http.impl.io.PoolingHttpClientConnectionManager@824e8f5
2026-02-25 12:26:24 [scheduling-1] DEBUG o.a.c.i.engine.AbstractCamelContext - https://hmis-dev.moh.gov.jo/dwh/api/system/info?bridgeEndpoint=true converted to endpoint: https://hmis-dev.moh.gov.jo/dwh/api/system/info?bridgeEndpoint=true by component: org.apache.camel.component.http.HttpComponent@465cba52
2026-02-25 12:26:24 [scheduling-1] DEBUG o.a.c.i.engine.AbstractCamelContext - Resolving language: simple
2026-02-25 12:26:24 [scheduling-1] DEBUG o.apache.camel.reifier.RouteReifier - RoutePolicy is enabled: com.middleware.backend.policy.LoggingRoutePolicy@d64bd37 on route: my-new-route
2026-02-25 12:26:24 [scheduling-1] DEBUG o.a.c.i.e.InternalRouteStartupManager - Warming up route id: my-new-route having autoStartup=true
2026-02-25 12:26:24 [scheduling-1] DEBUG o.a.camel.support.DefaultComponent - Creating endpoint uri=[servlet:///api/hello?httpMethodRestrict=GET], path=[/api/hello]
2026-02-25 12:26:24 [scheduling-1] DEBUG o.a.c.i.engine.AbstractCamelContext - servlet:///api/hello?httpMethodRestrict=GET converted to endpoint: servlet:/api/hello?httpMethodRestrict=GET by component: org.apache.camel.component.servlet.ServletComponent@7520d8ac
2026-02-25 12:26:24 [scheduling-1] DEBUG o.a.camel.support.DefaultProducer - Starting producer: Producer[integratedSystem://null?code=DHIS2.DWH]
2026-02-25 12:26:24 [scheduling-1] DEBUG o.a.c.component.http.HttpEndpoint - Setup the HttpClientBuilder org.apache.hc.client5.http.impl.classic.HttpClientBuilder@4dedaa21
2026-02-25 12:26:24 [scheduling-1] DEBUG o.a.camel.support.DefaultProducer - Starting producer: Producer[https://hmis-dev.moh.gov.jo/dwh/api/system/info?bridgeEndpoint=true]
2026-02-25 12:26:24 [scheduling-1] DEBUG o.a.camel.support.DefaultProducer - Starting producer: Producer[log://InfoLogger]
2026-02-25 12:26:24 [scheduling-1] DEBUG o.a.c.i.e.InternalRouteStartupManager - Route: my-new-route >>> Route[rest://get:/api/hello -> null]
2026-02-25 12:26:24 [scheduling-1] DEBUG o.a.c.i.e.InternalRouteStartupManager - Starting consumer (order: 1012) on route: my-new-route
2026-02-25 12:26:24 [scheduling-1] DEBUG o.a.camel.support.DefaultConsumer - Build consumer: Consumer[servlet:/api/hello?httpMethodRestrict=GET]
2026-02-25 12:26:24 [scheduling-1] DEBUG o.a.camel.support.DefaultConsumer - Init consumer: Consumer[servlet:/api/hello?httpMethodRestrict=GET]
2026-02-25 12:26:24 [scheduling-1] DEBUG o.a.camel.support.DefaultConsumer - Starting consumer: Consumer[servlet:/api/hello?httpMethodRestrict=GET]
2026-02-25 12:26:24 [scheduling-1] DEBUG o.a.c.h.common.DefaultHttpRegistry - Registering consumer for path /api/hello providers present: 1
2026-02-25 12:26:24 [scheduling-1] DEBUG o.a.c.c.s.CamelHttpTransportServlet - Connecting consumer: Consumer[servlet:/api/hello?httpMethodRestrict=GET]
2026-02-25 12:26:24 [scheduling-1] DEBUG o.a.c.i.e.InternalRouteStartupManager - Route: my-new-route started and consuming from: servlet:/api/hello
2026-02-25 12:26:24 [scheduling-1] DEBUG o.a.c.i.e.InternalRouteStartupManager - Warming up route id: my-new-route having autoStartup=true
2026-02-25 12:26:24 [scheduling-1] DEBUG o.a.c.i.e.InternalRouteStartupManager - Route: my-new-route >>> Route[rest://get:/api/hello -> null]
2026-02-25 12:26:24 [scheduling-1] DEBUG o.a.c.i.e.InternalRouteStartupManager - Starting consumer (order: 1013) on route: my-new-route
2026-02-25 12:26:24 [scheduling-1] DEBUG o.a.c.i.e.InternalRouteStartupManager - Route: my-new-route started and consuming from: servlet:/api/hello
2026-02-25 12:26:24 [scheduling-1] INFO  c.m.b.k.service.DynamicRouteService - Re-added route my-new-route to context (DB says active)
2026-02-25 12:26:24 [scheduling-1] DEBUG o.a.c.i.engine.AbstractCamelContext - Adding route configurations from builder: Routes: []
2026-02-25 12:26:24 [scheduling-1] DEBUG o.a.c.i.engine.AbstractCamelContext - Adding routes from builder: Routes: []
2026-02-25 12:26:24 [scheduling-1] DEBUG o.a.c.i.e.DefaultUriFactoryResolver - Found EndpointUriFactory: integrationmapping via type: com.middleware.IntegrationMappingEndpointUriFactory via: META-INF/services/org/apache/camel/urifactory/integrationmapping
2026-02-25 12:26:24 [scheduling-1] DEBUG o.a.c.i.e.DefaultUriFactoryResolver - Found EndpointUriFactory: rest via type: org.apache.camel.component.rest.RestEndpointUriFactory via: META-INF/services/org/apache/camel/urifactory/rest
2026-02-25 12:26:24 [scheduling-1] DEBUG o.a.camel.support.DefaultComponent - Creating endpoint uri=[rest://get:/v1/hospitales], path=[get:/v1/hospitales]
2026-02-25 12:26:24 [scheduling-1] DEBUG o.a.c.i.engine.AbstractCamelContext - rest://get:/v1/hospitales converted to endpoint: rest://get:/v1/hospitales by component: org.apache.camel.component.rest.RestComponent@70ca2ba9
2026-02-25 12:26:24 [scheduling-1] DEBUG o.apache.camel.reifier.RouteReifier - RoutePolicy is enabled: com.middleware.backend.policy.LoggingRoutePolicy@21998e71 on route: Hospital_HealthMap_Mappin
2026-02-25 12:26:24 [scheduling-1] DEBUG o.a.c.i.e.InternalRouteStartupManager - Warming up route id: Hospital_HealthMap_Mappin having autoStartup=true
2026-02-25 12:26:24 [scheduling-1] DEBUG o.a.camel.support.DefaultComponent - Creating endpoint uri=[servlet:///v1/hospitales?httpMethodRestrict=GET], path=[/v1/hospitales]
2026-02-25 12:26:24 [scheduling-1] DEBUG o.a.c.i.engine.AbstractCamelContext - servlet:///v1/hospitales?httpMethodRestrict=GET converted to endpoint: servlet:/v1/hospitales?httpMethodRestrict=GET by component: org.apache.camel.component.servlet.ServletComponent@7520d8ac
2026-02-25 12:26:24 [scheduling-1] INFO  c.m.IntegrationMappingEndpoint - Creating IntegrationMappingProducer for endpoint: integrationmapping://null?code=default with mapping: null
2026-02-25 12:26:24 [scheduling-1] DEBUG o.a.camel.support.DefaultProducer - Starting producer: Producer[integrationmapping://null?code=default]
2026-02-25 12:26:24 [scheduling-1] DEBUG o.a.c.i.e.InternalRouteStartupManager - Route: Hospital_HealthMap_Mappin >>> Route[rest://get:/v1/hospitales -> null]
2026-02-25 12:26:24 [scheduling-1] DEBUG o.a.c.i.e.InternalRouteStartupManager - Starting consumer (order: 1014) on route: Hospital_HealthMap_Mappin
2026-02-25 12:26:24 [scheduling-1] DEBUG o.a.camel.support.DefaultConsumer - Build consumer: Consumer[servlet:/v1/hospitales?httpMethodRestrict=GET]
2026-02-25 12:26:24 [scheduling-1] DEBUG o.a.camel.support.DefaultConsumer - Init consumer: Consumer[servlet:/v1/hospitales?httpMethodRestrict=GET]
2026-02-25 12:26:24 [scheduling-1] DEBUG o.a.camel.support.DefaultConsumer - Starting consumer: Consumer[servlet:/v1/hospitales?httpMethodRestrict=GET]
2026-02-25 12:26:24 [scheduling-1] DEBUG o.a.c.h.common.DefaultHttpRegistry - Registering consumer for path /v1/hospitales providers present: 1
2026-02-25 12:26:24 [scheduling-1] DEBUG o.a.c.c.s.CamelHttpTransportServlet - Connecting consumer: Consumer[servlet:/v1/hospitales?httpMethodRestrict=GET]
2026-02-25 12:26:24 [scheduling-1] DEBUG o.a.c.i.e.InternalRouteStartupManager - Route: Hospital_HealthMap_Mappin started and consuming from: servlet:/v1/hospitales
2026-02-25 12:26:24 [scheduling-1] DEBUG o.a.c.i.e.InternalRouteStartupManager - Warming up route id: Hospital_HealthMap_Mappin having autoStartup=true
2026-02-25 12:26:24 [scheduling-1] DEBUG o.a.c.i.e.InternalRouteStartupManager - Route: Hospital_HealthMap_Mappin >>> Route[rest://get:/v1/hospitales -> null]
2026-02-25 12:26:24 [scheduling-1] DEBUG o.a.c.i.e.InternalRouteStartupManager - Starting consumer (order: 1015) on route: Hospital_HealthMap_Mappin
2026-02-25 12:26:24 [scheduling-1] DEBUG o.a.c.i.e.InternalRouteStartupManager - Route: Hospital_HealthMap_Mappin started and consuming from: servlet:/v1/hospitales
2026-02-25 12:26:24 [scheduling-1] INFO  c.m.b.k.service.DynamicRouteService - Re-added route Hospital_HealthMap_Mappin to context (DB says active)
2026-02-25 12:26:24 [scheduling-1] DEBUG o.a.c.i.engine.AbstractCamelContext - Adding route configurations from builder: Routes: []
2026-02-25 12:26:24 [scheduling-1] DEBUG o.a.c.i.engine.AbstractCamelContext - Adding routes from builder: Routes: []
2026-02-25 12:26:24 [scheduling-1] DEBUG o.a.c.i.e.DefaultUriFactoryResolver - Found EndpointUriFactory: integratedSystem via type: com.middleware.IntegratedSystemEndpointUriFactory via: META-INF/services/org/apache/camel/urifactory/integratedSystem
2026-02-25 12:26:24 [scheduling-1] DEBUG o.a.c.i.e.DefaultUriFactoryResolver - Found EndpointUriFactory: servlet via type: org.apache.camel.component.servlet.ServletEndpointUriFactory via: META-INF/services/org/apache/camel/urifactory/servlet
2026-02-25 12:26:24 [scheduling-1] DEBUG o.a.camel.support.DefaultComponent - Creating endpoint uri=[servlet:///v1/datasets?httpMethodRestrict=POST], path=[/v1/datasets]
2026-02-25 12:26:24 [scheduling-1] DEBUG o.a.c.i.engine.AbstractCamelContext - servlet:///v1/datasets?httpMethodRestrict=POST converted to endpoint: servlet:/v1/datasets?httpMethodRestrict=POST by component: org.apache.camel.component.servlet.ServletComponent@7520d8ac
2026-02-25 12:26:24 [scheduling-1] DEBUG o.apache.camel.reifier.RouteReifier - RoutePolicy is enabled: com.middleware.backend.policy.LoggingRoutePolicy@fdd84a3 on route: dhis2-upload-csv
2026-02-25 12:26:24 [scheduling-1] DEBUG o.a.c.i.e.InternalRouteStartupManager - Warming up route id: dhis2-upload-csv having autoStartup=true
2026-02-25 12:26:24 [scheduling-1] DEBUG o.a.camel.support.DefaultProducer - Starting producer: Producer[integratedSystem://null?code=DHIS2.STABLE]
2026-02-25 12:26:24 [scheduling-1] DEBUG o.a.c.i.e.InternalRouteStartupManager - Route: dhis2-upload-csv >>> Route[servlet:/v1/datasets?httpMethodRestrict=POST -> null]
2026-02-25 12:26:24 [scheduling-1] DEBUG o.a.c.i.e.InternalRouteStartupManager - Starting consumer (order: 1016) on route: dhis2-upload-csv
2026-02-25 12:26:24 [scheduling-1] DEBUG o.a.camel.support.DefaultConsumer - Build consumer: Consumer[servlet:/v1/datasets?httpMethodRestrict=POST]
2026-02-25 12:26:24 [scheduling-1] DEBUG o.a.camel.support.DefaultConsumer - Init consumer: Consumer[servlet:/v1/datasets?httpMethodRestrict=POST]
2026-02-25 12:26:24 [scheduling-1] DEBUG o.a.camel.support.DefaultConsumer - Starting consumer: Consumer[servlet:/v1/datasets?httpMethodRestrict=POST]
2026-02-25 12:26:24 [scheduling-1] DEBUG o.a.c.h.common.DefaultHttpRegistry - Registering consumer for path /v1/datasets providers present: 1
2026-02-25 12:26:24 [scheduling-1] DEBUG o.a.c.c.s.CamelHttpTransportServlet - Connecting consumer: Consumer[servlet:/v1/datasets?httpMethodRestrict=POST]
2026-02-25 12:26:24 [scheduling-1] DEBUG o.a.c.i.e.InternalRouteStartupManager - Route: dhis2-upload-csv started and consuming from: servlet:/v1/datasets
2026-02-25 12:26:24 [scheduling-1] DEBUG o.a.c.i.e.InternalRouteStartupManager - Warming up route id: dhis2-upload-csv having autoStartup=true
2026-02-25 12:26:24 [scheduling-1] DEBUG o.a.c.i.e.InternalRouteStartupManager - Route: dhis2-upload-csv >>> Route[servlet:/v1/datasets?httpMethodRestrict=POST -> null]
2026-02-25 12:26:24 [scheduling-1] DEBUG o.a.c.i.e.InternalRouteStartupManager - Starting consumer (order: 1017) on route: dhis2-upload-csv
2026-02-25 12:26:24 [scheduling-1] DEBUG o.a.c.i.e.InternalRouteStartupManager - Route: dhis2-upload-csv started and consuming from: servlet:/v1/datasets
2026-02-25 12:26:24 [scheduling-1] INFO  c.m.b.k.service.DynamicRouteService - Re-added route dhis2-upload-csv to context (DB says active)
2026-02-25 12:26:24 [scheduling-1] DEBUG o.a.c.i.engine.AbstractCamelContext - Adding route configurations from builder: Routes: []
2026-02-25 12:26:24 [scheduling-1] DEBUG o.a.c.i.engine.AbstractCamelContext - Adding routes from builder: Routes: []
2026-02-25 12:26:24 [scheduling-1] DEBUG o.a.c.i.e.DefaultUriFactoryResolver - Found EndpointUriFactory: servlet via type: org.apache.camel.component.servlet.ServletEndpointUriFactory via: META-INF/services/org/apache/camel/urifactory/servlet
2026-02-25 12:26:24 [scheduling-1] DEBUG o.a.camel.support.DefaultComponent - Creating endpoint uri=[servlet:///todos/*?httpMethodRestrict=GET], path=[/todos/*]
2026-02-25 12:26:24 [scheduling-1] DEBUG o.a.c.i.engine.AbstractCamelContext - servlet:///todos/*?httpMethodRestrict=GET converted to endpoint: servlet:/todos/*?httpMethodRestrict=GET by component: org.apache.camel.component.servlet.ServletComponent@7520d8ac
2026-02-25 12:26:24 [scheduling-1] DEBUG o.a.c.i.engine.AbstractCamelContext - Resolving language: simple
2026-02-25 12:26:24 [scheduling-1] DEBUG o.a.c.i.engine.AbstractCamelContext - Resolving language: bean
2026-02-25 12:26:24 [scheduling-1] DEBUG o.a.c.i.engine.AbstractCamelContext - Resolving language: constant
2026-02-25 12:26:24 [scheduling-1] DEBUG o.a.c.i.engine.AbstractCamelContext - Resolving language: constant
2026-02-25 12:26:24 [scheduling-1] DEBUG o.a.c.i.engine.AbstractCamelContext - Resolving language: constant
2026-02-25 12:26:24 [scheduling-1] DEBUG o.a.c.i.engine.AbstractCamelContext - Resolving language: simple
2026-02-25 12:26:24 [scheduling-1] DEBUG o.apache.camel.reifier.RouteReifier - RoutePolicy is enabled: com.middleware.backend.policy.LoggingRoutePolicy@7274b173 on route: get-todo
2026-02-25 12:26:24 [scheduling-1] DEBUG o.a.c.i.e.InternalRouteStartupManager - Warming up route id: get-todo having autoStartup=true
2026-02-25 12:26:24 [scheduling-1] DEBUG o.a.c.p.SendDynamicAwareResolver - Found SendDynamicAware: org.apache.camel.component.http.HttpSendDynamicAware via: META-INF/services/org/apache/camel/send-dynamic/https
2026-02-25 12:26:24 [scheduling-1] DEBUG o.a.c.processor.SendDynamicProcessor - Detected SendDynamicAware component: https optimising toD: https://jsonplaceholder.typicode.com/todos/${header.id}?bridgeEndpoint=true&throwExceptionOnFailure=false
2026-02-25 12:26:24 [scheduling-1] DEBUG o.a.c.i.e.DefaultUriFactoryResolver - Found EndpointUriFactory: https via type: org.apache.camel.component.http.HttpEndpointUriFactory via: META-INF/services/org/apache/camel/urifactory/https
2026-02-25 12:26:24 [scheduling-1] DEBUG o.a.c.processor.SendDynamicProcessor - DynamicSendTo toD2 using ProducerCache with cacheSize=0
2026-02-25 12:26:24 [scheduling-1] DEBUG o.a.c.i.e.InternalRouteStartupManager - Route: get-todo >>> Route[servlet:/todos/*?httpMethodRestrict=GET -> null]
2026-02-25 12:26:24 [scheduling-1] DEBUG o.a.c.i.e.InternalRouteStartupManager - Starting consumer (order: 1018) on route: get-todo
2026-02-25 12:26:24 [scheduling-1] DEBUG o.a.camel.support.DefaultConsumer - Build consumer: Consumer[servlet:/todos/*?httpMethodRestrict=GET]
2026-02-25 12:26:24 [scheduling-1] DEBUG o.a.camel.support.DefaultConsumer - Init consumer: Consumer[servlet:/todos/*?httpMethodRestrict=GET]
2026-02-25 12:26:24 [scheduling-1] DEBUG o.a.camel.support.DefaultConsumer - Starting consumer: Consumer[servlet:/todos/*?httpMethodRestrict=GET]
2026-02-25 12:26:24 [scheduling-1] DEBUG o.a.c.h.common.DefaultHttpRegistry - Registering consumer for path /todos/* providers present: 1
2026-02-25 12:26:24 [scheduling-1] DEBUG o.a.c.c.s.CamelHttpTransportServlet - Connecting consumer: Consumer[servlet:/todos/*?httpMethodRestrict=GET]
2026-02-25 12:26:24 [scheduling-1] DEBUG o.a.c.i.e.InternalRouteStartupManager - Route: get-todo started and consuming from: servlet:/todos/*
2026-02-25 12:26:24 [scheduling-1] DEBUG o.a.c.i.e.InternalRouteStartupManager - Warming up route id: get-todo having autoStartup=true
2026-02-25 12:26:24 [scheduling-1] DEBUG o.a.c.i.e.InternalRouteStartupManager - Route: get-todo >>> Route[servlet:/todos/*?httpMethodRestrict=GET -> null]
2026-02-25 12:26:24 [scheduling-1] DEBUG o.a.c.i.e.InternalRouteStartupManager - Starting consumer (order: 1019) on route: get-todo
2026-02-25 12:26:24 [scheduling-1] DEBUG o.a.c.i.e.InternalRouteStartupManager - Route: get-todo started and consuming from: servlet:/todos/*
2026-02-25 12:26:24 [scheduling-1] INFO  c.m.b.k.service.DynamicRouteService - Re-added route get-todo to context (DB says active)
2026-02-25 12:26:24 [scheduling-1] INFO  c.m.b.k.service.DynamicRouteService - Completed route status sync
2026-02-25 12:26:24 [http-nio-8081-exec-2] DEBUG o.s.w.s.m.m.a.HttpEntityMethodProcessor - Using 'application/json', given [*/*] and supported [application/json, application/*+json, application/yaml]
2026-02-25 12:26:24 [http-nio-8081-exec-2] DEBUG o.s.w.s.m.m.a.HttpEntityMethodProcessor - Writing [AuthController.AuthResponse2(userName=admin, token=eyJhbGciOiJIUzI1NiJ9.eyJzdWIiOiJhZG1pbkBtYWlsLmNv (truncated)...]
2026-02-25 12:26:24 [http-nio-8081-exec-2] DEBUG o.s.web.servlet.DispatcherServlet - Completed 200 OK
2026-02-25 12:26:24 [http-nio-8081-exec-2] DEBUG o.a.camel.spring.SpringCamelContext - onApplicationEvent: ServletRequestHandledEvent: url=[/api/auth/login]; client=[0:0:0:0:0:0:0:1]; method=[POST]; status=[200]; servlet=[dispatcherServlet]; session=[null]; user=[null]; time=[1348ms]
2026-02-25 12:26:24 [http-nio-8081-exec-2] DEBUG o.s.w.f.CommonsRequestLoggingFilter - After request [POST /api/auth/login, client=0:0:0:0:0:0:0:1, payload={"email":"admin@mail.com","password":"S123@231"}]
2026-02-25 12:26:24 [RMI TCP Connection(3)-192.168.88.8] WARN  o.s.b.a.mail.MailHealthIndicator - Mail health check failed
jakarta.mail.AuthenticationFailedException: 535-5.7.8 Username and Password not accepted. For more information, go to
535 5.7.8  https://support.google.com/mail/?p=BadCredentials 5b1f17b1804b1-483bd73ea7esm54057515e9.15 - gsmtp

	at org.eclipse.angus.mail.smtp.SMTPTransport$Authenticator.authenticate(SMTPTransport.java:954)
	at org.eclipse.angus.mail.smtp.SMTPTransport.authenticate(SMTPTransport.java:865)
	at org.eclipse.angus.mail.smtp.SMTPTransport.protocolConnect(SMTPTransport.java:769)
	at jakarta.mail.Service.connect(Service.java:342)
	at org.springframework.mail.javamail.JavaMailSenderImpl.connectTransport(JavaMailSenderImpl.java:480)
	at org.springframework.mail.javamail.JavaMailSenderImpl.testConnection(JavaMailSenderImpl.java:360)
	at org.springframework.boot.actuate.mail.MailHealthIndicator.doHealthCheck(MailHealthIndicator.java:52)
	at org.springframework.boot.actuate.health.AbstractHealthIndicator.health(AbstractHealthIndicator.java:82)
	at org.springframework.boot.actuate.health.HealthIndicator.getHealth(HealthIndicator.java:37)
	at org.springframework.boot.actuate.health.HealthEndpoint.getHealth(HealthEndpoint.java:82)
	at org.springframework.boot.actuate.health.HealthEndpoint.getHealth(HealthEndpoint.java:41)
	at org.springframework.boot.actuate.health.HealthEndpointSupport.getLoggedHealth(HealthEndpointSupport.java:172)
	at org.springframework.boot.actuate.health.HealthEndpointSupport.getContribution(HealthEndpointSupport.java:145)
	at org.springframework.boot.actuate.health.HealthEndpointSupport.getAggregateContribution(HealthEndpointSupport.java:156)
	at org.springframework.boot.actuate.health.HealthEndpointSupport.getContribution(HealthEndpointSupport.java:141)
	at org.springframework.boot.actuate.health.HealthEndpointSupport.getHealth(HealthEndpointSupport.java:110)
	at org.springframework.boot.actuate.health.HealthEndpointSupport.getHealth(HealthEndpointSupport.java:81)
	at org.springframework.boot.actuate.health.HealthEndpoint.health(HealthEndpoint.java:76)
	at org.springframework.boot.actuate.health.HealthEndpoint.health(HealthEndpoint.java:66)
	at java.base/jdk.internal.reflect.DirectMethodHandleAccessor.invoke(DirectMethodHandleAccessor.java:103)
	at java.base/java.lang.reflect.Method.invoke(Method.java:580)
	at org.springframework.util.ReflectionUtils.invokeMethod(ReflectionUtils.java:281)
	at org.springframework.boot.actuate.endpoint.invoke.reflect.ReflectiveOperationInvoker.invoke(ReflectiveOperationInvoker.java:74)
	at org.springframework.boot.actuate.endpoint.annotation.AbstractDiscoveredOperation.invoke(AbstractDiscoveredOperation.java:60)
	at org.springframework.boot.actuate.endpoint.jmx.EndpointMBean.invoke(EndpointMBean.java:124)
	at org.springframework.boot.actuate.endpoint.jmx.EndpointMBean.invoke(EndpointMBean.java:97)
	at java.management/com.sun.jmx.interceptor.DefaultMBeanServerInterceptor.invoke(DefaultMBeanServerInterceptor.java:803)
	at java.management/com.sun.jmx.mbeanserver.JmxMBeanServer.invoke(JmxMBeanServer.java:802)
	at java.management.rmi/javax.management.remote.rmi.RMIConnectionImpl.doOperation(RMIConnectionImpl.java:1472)
	at java.management.rmi/javax.management.remote.rmi.RMIConnectionImpl$PrivilegedOperation.run(RMIConnectionImpl.java:1310)
	at java.management.rmi/javax.management.remote.rmi.RMIConnectionImpl.doPrivilegedOperation(RMIConnectionImpl.java:1405)
	at java.management.rmi/javax.management.remote.rmi.RMIConnectionImpl.invoke(RMIConnectionImpl.java:829)
	at java.base/jdk.internal.reflect.DirectMethodHandleAccessor.invoke(DirectMethodHandleAccessor.java:103)
	at java.base/java.lang.reflect.Method.invoke(Method.java:580)
	at java.rmi/sun.rmi.server.UnicastServerRef.dispatch(UnicastServerRef.java:360)
	at java.rmi/sun.rmi.transport.Transport$1.run(Transport.java:200)
	at java.rmi/sun.rmi.transport.Transport$1.run(Transport.java:197)
	at java.base/java.security.AccessController.doPrivileged(AccessController.java:714)
	at java.rmi/sun.rmi.transport.Transport.serviceCall(Transport.java:196)
	at java.rmi/sun.rmi.transport.tcp.TCPTransport.handleMessages(TCPTransport.java:598)
	at java.rmi/sun.rmi.transport.tcp.TCPTransport$ConnectionHandler.run0(TCPTransport.java:844)
	at java.rmi/sun.rmi.transport.tcp.TCPTransport$ConnectionHandler.lambda$run$0(TCPTransport.java:721)
	at java.base/java.security.AccessController.doPrivileged(AccessController.java:400)
	at java.rmi/sun.rmi.transport.tcp.TCPTransport$ConnectionHandler.run(TCPTransport.java:720)
	at java.base/java.util.concurrent.ThreadPoolExecutor.runWorker(ThreadPoolExecutor.java:1144)
	at java.base/java.util.concurrent.ThreadPoolExecutor$Worker.run(ThreadPoolExecutor.java:642)
	at java.base/java.lang.Thread.run(Thread.java:1575)
2026-02-25 12:26:25 [http-nio-8081-exec-1] INFO  c.m.b.k.service.DynamicRouteService - Fetching active routes with pagination
2026-02-25 12:26:25 [http-nio-8081-exec-5] INFO  c.m.b.k.service.DynamicRouteService - Fetching active routes with pagination
2026-02-25 12:26:25 [http-nio-8081-exec-3] INFO  c.m.b.k.service.DynamicRouteService - Fetching active routes with pagination
2026-02-25 12:26:25 [http-nio-8081-exec-10] INFO  c.m.b.k.service.DynamicRouteService - Fetching active routes with pagination
2026-02-25 12:26:25 [http-nio-8081-exec-2] INFO  c.m.b.k.service.DynamicRouteService - Fetching active routes with pagination
2026-02-25 12:26:26 [http-nio-8081-exec-7] INFO  c.m.b.k.service.DynamicRouteService - Fetching active routes with pagination
2026-02-25 12:26:26 [http-nio-8081-exec-5] DEBUG o.s.w.f.CommonsRequestLoggingFilter - Before request [GET /api/dashboard, client=0:0:0:0:0:0:0:1, user=admin@mail.com]
2026-02-25 12:26:26 [http-nio-8081-exec-5] DEBUG o.s.web.servlet.DispatcherServlet - GET "/api/dashboard", parameters={}
2026-02-25 12:26:26 [http-nio-8081-exec-5] DEBUG o.s.w.s.m.m.a.RequestMappingHandlerMapping - Mapped to com.middleware.backend.dashboard.controller.DashboardController#getStatuses()
2026-02-25 12:26:26 [http-nio-8081-exec-1] DEBUG o.s.w.f.CommonsRequestLoggingFilter - Before request [GET /api/dashboard/job/last-30-days, client=0:0:0:0:0:0:0:1, user=admin@mail.com]
2026-02-25 12:26:26 [http-nio-8081-exec-1] DEBUG o.s.web.servlet.DispatcherServlet - GET "/api/dashboard/job/last-30-days", parameters={}
2026-02-25 12:26:26 [http-nio-8081-exec-1] DEBUG o.s.w.s.m.m.a.RequestMappingHandlerMapping - Mapped to com.middleware.backend.dashboard.controller.DashboardController#getJobsGraphCoordinates()
2026-02-25 12:26:26 [http-nio-8081-exec-3] DEBUG o.s.w.f.CommonsRequestLoggingFilter - Before request [GET /api/dashboard/transaction/last-30-days, client=0:0:0:0:0:0:0:1, user=admin@mail.com]
2026-02-25 12:26:26 [http-nio-8081-exec-3] DEBUG o.s.web.servlet.DispatcherServlet - GET "/api/dashboard/transaction/last-30-days", parameters={}
2026-02-25 12:26:26 [http-nio-8081-exec-3] DEBUG o.s.w.s.m.m.a.RequestMappingHandlerMapping - Mapped to com.middleware.backend.dashboard.controller.DashboardController#getTransactionGraphCoordinates()
2026-02-25 12:26:26 [http-nio-8081-exec-2] DEBUG o.s.w.f.CommonsRequestLoggingFilter - Before request [GET /api/dashboard/token, client=0:0:0:0:0:0:0:1, user=admin@mail.com]
2026-02-25 12:26:26 [http-nio-8081-exec-2] DEBUG o.s.web.servlet.DispatcherServlet - GET "/api/dashboard/token", parameters={}
2026-02-25 12:26:26 [http-nio-8081-exec-2] DEBUG o.s.w.s.m.m.a.RequestMappingHandlerMapping - Mapped to com.middleware.backend.dashboard.controller.DashboardController#getTokenList()
2026-02-25 12:26:26 [http-nio-8081-exec-10] DEBUG o.s.w.f.CommonsRequestLoggingFilter - Before request [GET /api/dashboard/transaction, client=0:0:0:0:0:0:0:1, user=admin@mail.com]
2026-02-25 12:26:26 [http-nio-8081-exec-10] DEBUG o.s.web.servlet.DispatcherServlet - GET "/api/dashboard/transaction", parameters={}
2026-02-25 12:26:26 [http-nio-8081-exec-10] DEBUG o.s.w.s.m.m.a.RequestMappingHandlerMapping - Mapped to com.middleware.backend.dashboard.controller.DashboardController#getTransactionList()
2026-02-25 12:26:26 [http-nio-8081-exec-7] DEBUG o.s.w.f.CommonsRequestLoggingFilter - Before request [GET /api/dashboard/job, client=0:0:0:0:0:0:0:1, user=admin@mail.com]
2026-02-25 12:26:26 [http-nio-8081-exec-7] DEBUG o.s.web.servlet.DispatcherServlet - GET "/api/dashboard/job", parameters={}
2026-02-25 12:26:26 [http-nio-8081-exec-7] DEBUG o.s.w.s.m.m.a.RequestMappingHandlerMapping - Mapped to com.middleware.backend.dashboard.controller.DashboardController#getJobsList()
2026-02-25 12:26:26 [http-nio-8081-exec-10] DEBUG o.s.w.s.m.m.a.HttpEntityMethodProcessor - Using 'application/json', given [*/*] and supported [application/json, application/*+json, application/yaml]
2026-02-25 12:26:26 [http-nio-8081-exec-10] DEBUG o.s.w.s.m.m.a.HttpEntityMethodProcessor - Writing [[TransactionListDto(id=f6af8dc9-ffea-4ef1-b16f-b97a5724be0a, endPoint=servlet:/system/info?httpMetho (truncated)...]
2026-02-25 12:26:26 [http-nio-8081-exec-10] DEBUG o.s.web.servlet.DispatcherServlet - Completed 200 OK
2026-02-25 12:26:26 [http-nio-8081-exec-10] DEBUG o.a.camel.spring.SpringCamelContext - onApplicationEvent: ServletRequestHandledEvent: url=[/api/dashboard/transaction]; client=[0:0:0:0:0:0:0:1]; method=[GET]; status=[200]; servlet=[dispatcherServlet]; session=[null]; user=[admin@mail.com]; time=[154ms]
2026-02-25 12:26:26 [http-nio-8081-exec-10] DEBUG o.s.w.f.CommonsRequestLoggingFilter - After request [GET /api/dashboard/transaction, client=0:0:0:0:0:0:0:1, user=admin@mail.com]
2026-02-25 12:26:26 [http-nio-8081-exec-7] DEBUG o.s.w.s.m.m.a.HttpEntityMethodProcessor - Using 'application/json', given [*/*] and supported [application/json, application/*+json, application/yaml]
2026-02-25 12:26:26 [http-nio-8081-exec-7] DEBUG o.s.w.s.m.m.a.HttpEntityMethodProcessor - Writing [[ScheduledExecutedJobsListDto(id=2821, name=d, status=FAILURE, executionTime=2026-02-24 00:17:56.073 (truncated)...]
2026-02-25 12:26:26 [http-nio-8081-exec-1] DEBUG o.s.w.s.m.m.a.HttpEntityMethodProcessor - Using 'application/json', given [*/*] and supported [application/json, application/*+json, application/yaml]
2026-02-25 12:26:26 [http-nio-8081-exec-1] DEBUG o.s.w.s.m.m.a.HttpEntityMethodProcessor - Writing [[org.springframework.data.jpa.repository.query.AbstractJpaQuery$TupleConverter$TupleBackedMap@2fbbfe (truncated)...]
2026-02-25 12:26:26 [http-nio-8081-exec-7] DEBUG o.s.web.servlet.DispatcherServlet - Completed 200 OK
2026-02-25 12:26:26 [http-nio-8081-exec-7] DEBUG o.a.camel.spring.SpringCamelContext - onApplicationEvent: ServletRequestHandledEvent: url=[/api/dashboard/job]; client=[0:0:0:0:0:0:0:1]; method=[GET]; status=[200]; servlet=[dispatcherServlet]; session=[null]; user=[admin@mail.com]; time=[167ms]
2026-02-25 12:26:26 [http-nio-8081-exec-7] DEBUG o.s.w.f.CommonsRequestLoggingFilter - After request [GET /api/dashboard/job, client=0:0:0:0:0:0:0:1, user=admin@mail.com]
2026-02-25 12:26:26 [http-nio-8081-exec-1] DEBUG o.s.web.servlet.DispatcherServlet - Completed 200 OK
2026-02-25 12:26:26 [http-nio-8081-exec-1] DEBUG o.a.camel.spring.SpringCamelContext - onApplicationEvent: ServletRequestHandledEvent: url=[/api/dashboard/job/last-30-days]; client=[0:0:0:0:0:0:0:1]; method=[GET]; status=[200]; servlet=[dispatcherServlet]; session=[null]; user=[admin@mail.com]; time=[264ms]
2026-02-25 12:26:26 [http-nio-8081-exec-1] DEBUG o.s.w.f.CommonsRequestLoggingFilter - After request [GET /api/dashboard/job/last-30-days, client=0:0:0:0:0:0:0:1, user=admin@mail.com]
2026-02-25 12:26:26 [http-nio-8081-exec-5] DEBUG o.s.w.s.m.m.a.HttpEntityMethodProcessor - Using 'application/json', given [*/*] and supported [application/json, application/*+json, application/yaml]
2026-02-25 12:26:26 [http-nio-8081-exec-5] DEBUG o.s.w.s.m.m.a.HttpEntityMethodProcessor - Writing [SummaryDto(summary={all_transactions=0, failed_transactions=0, user_events=1, succeeded_transactions (truncated)...]
2026-02-25 12:26:26 [http-nio-8081-exec-5] DEBUG o.s.web.servlet.DispatcherServlet - Completed 200 OK
2026-02-25 12:26:26 [http-nio-8081-exec-5] DEBUG o.a.camel.spring.SpringCamelContext - onApplicationEvent: ServletRequestHandledEvent: url=[/api/dashboard]; client=[0:0:0:0:0:0:0:1]; method=[GET]; status=[200]; servlet=[dispatcherServlet]; session=[null]; user=[admin@mail.com]; time=[297ms]
2026-02-25 12:26:26 [http-nio-8081-exec-5] DEBUG o.s.w.f.CommonsRequestLoggingFilter - After request [GET /api/dashboard, client=0:0:0:0:0:0:0:1, user=admin@mail.com]
2026-02-25 12:26:26 [http-nio-8081-exec-3] DEBUG o.s.w.s.m.m.a.HttpEntityMethodProcessor - Using 'application/json', given [*/*] and supported [application/json, application/*+json, application/yaml]
2026-02-25 12:26:26 [http-nio-8081-exec-3] DEBUG o.s.w.s.m.m.a.HttpEntityMethodProcessor - Writing [[org.springframework.data.jpa.repository.query.AbstractJpaQuery$TupleConverter$TupleBackedMap@5d675b (truncated)...]
2026-02-25 12:26:26 [http-nio-8081-exec-2] DEBUG o.s.w.s.m.m.a.HttpEntityMethodProcessor - Using 'application/json', given [*/*] and supported [application/json, application/*+json, application/yaml]
2026-02-25 12:26:26 [http-nio-8081-exec-3] DEBUG o.s.web.servlet.DispatcherServlet - Completed 200 OK
2026-02-25 12:26:26 [http-nio-8081-exec-3] DEBUG o.a.camel.spring.SpringCamelContext - onApplicationEvent: ServletRequestHandledEvent: url=[/api/dashboard/transaction/last-30-days]; client=[0:0:0:0:0:0:0:1]; method=[GET]; status=[200]; servlet=[dispatcherServlet]; session=[null]; user=[admin@mail.com]; time=[265ms]
2026-02-25 12:26:26 [http-nio-8081-exec-2] DEBUG o.s.w.s.m.m.a.HttpEntityMethodProcessor - Writing [[TokenListDto(id=3, userName=Healthmap, userId=39, expiryDate=2026-03-02 23:51:55.88)]]
2026-02-25 12:26:26 [http-nio-8081-exec-3] DEBUG o.s.w.f.CommonsRequestLoggingFilter - After request [GET /api/dashboard/transaction/last-30-days, client=0:0:0:0:0:0:0:1, user=admin@mail.com]
2026-02-25 12:26:26 [http-nio-8081-exec-2] DEBUG o.s.web.servlet.DispatcherServlet - Completed 200 OK
2026-02-25 12:26:26 [http-nio-8081-exec-2] DEBUG o.a.camel.spring.SpringCamelContext - onApplicationEvent: ServletRequestHandledEvent: url=[/api/dashboard/token]; client=[0:0:0:0:0:0:0:1]; method=[GET]; status=[200]; servlet=[dispatcherServlet]; session=[null]; user=[admin@mail.com]; time=[250ms]
2026-02-25 12:26:26 [http-nio-8081-exec-2] DEBUG o.s.w.f.CommonsRequestLoggingFilter - After request [GET /api/dashboard/token, client=0:0:0:0:0:0:0:1, user=admin@mail.com]
2026-02-25 12:26:52 [scheduling-1] INFO  c.m.b.k.service.DynamicRouteService - Starting route status sync with Camel context
2026-02-25 12:26:52 [scheduling-1] INFO  c.m.b.k.service.DynamicRouteService - Completed route status sync
2026-02-25 12:27:22 [scheduling-1] INFO  c.m.b.k.service.DynamicRouteService - Starting route status sync with Camel context
2026-02-25 12:27:22 [scheduling-1] INFO  c.m.b.k.service.DynamicRouteService - Completed route status sync
2026-02-25 12:27:35 [http-nio-8081-exec-5] INFO  c.m.b.k.service.DynamicRouteService - Fetching active routes with pagination
2026-02-25 12:27:36 [http-nio-8081-exec-5] INFO  c.m.b.k.service.DynamicRouteService - Fetching active routes with pagination
2026-02-25 12:27:36 [http-nio-8081-exec-5] DEBUG o.s.w.f.CommonsRequestLoggingFilter - Before request [GET /camel/HealthCenter?transactionUUID=86bd22de-eeb4-4dd0-b926-06f3ff35427a&ou=OU_GROUP-KkUreY5USlF&pe=202404, client=0:0:0:0:0:0:0:1, user=healthmap@mail.com]
2026-02-25 12:27:36 [http-nio-8081-exec-5] INFO  c.m.b.policy.LoggingRoutePolicy - LoggingRoutePolicy.onExchangeBegin: Route [HealthCenter-mapping] - Incoming exchange: 80A81A3DD843859-0000000000000000
2026-02-25 12:27:36 [http-nio-8081-exec-5] DEBUG c.m.b.l.s.MiddlewareApiCallLogService - createTransactionSync... creating log for Route [HealthCenter-mapping] - Exchange content: {CamelCharsetName=UTF-8}
2026-02-25 12:27:36 [http-nio-8081-exec-5] DEBUG c.m.b.l.s.MiddlewareApiCallLogService - UUID validation passed for: 86bd22de-eeb4-4dd0-b926-06f3ff35427a
2026-02-25 12:27:36 [http-nio-8081-exec-5] DEBUG c.m.b.l.s.MiddlewareApiCallLogService - First attempt for new UUID: 86bd22de-eeb4-4dd0-b926-06f3ff35427a
2026-02-25 12:27:36 [http-nio-8081-exec-5] INFO  c.m.b.policy.LoggingRoutePolicy - LoggingRoutePolicy.onExchangeBegin: Route [HealthCenter-mapping] - call log created with ID 77
2026-02-25 12:27:36 [http-nio-8081-exec-5] DEBUG o.a.camel.processor.SendProcessor - >>>> integrationmapping://null?code=default Exchange[80A81A3DD843859-0000000000000000]
2026-02-25 12:27:36 [http-nio-8081-exec-5] INFO  c.m.IntegrationMappingProducer - Processing Integration Mapping for routeId: HealthCenter-mapping
2026-02-25 12:27:36 [http-nio-8081-exec-5] INFO  c.m.IntegrationMappingProducer - Built request - RouteID: HealthCenter-mapping, pe: 202404, ou: OU_GROUP-KkUreY5USlF, dhis2Code: null, UUID: 86bd22de-eeb4-4dd0-b926-06f3ff35427a
2026-02-25 12:27:36 [http-nio-8081-exec-5] INFO  c.m.b.c.IntegrationMappingConfiguration - Processing mapping for API: HealthCenter-mapping
2026-02-25 12:27:36 [http-nio-8081-exec-5] INFO  c.m.b.k.s.MiddlewareProcessorService - Processing middleware request for Route ID: HealthCenter-mapping with period: 202404, ou: OU_GROUP-KkUreY5USlF
2026-02-25 12:27:36 [http-nio-8081-exec-5] WARN  c.m.b.k.s.MiddlewareProcessorService - No active mappings found for Route ID: HealthCenter-mapping
2026-02-25 12:27:36 [http-nio-8081-exec-5] INFO  c.m.b.c.IntegrationMappingConfiguration - Mapping processed successfully for API: HealthCenter-mapping with 0 rows
2026-02-25 12:27:36 [http-nio-8081-exec-5] DEBUG o.a.c.http.common.DefaultHttpBinding - Streaming response in chunked mode with buffer size 8192
2026-02-25 12:27:36 [http-nio-8081-exec-5] DEBUG o.s.w.f.CommonsRequestLoggingFilter - After request [GET /camel/HealthCenter?transactionUUID=86bd22de-eeb4-4dd0-b926-06f3ff35427a&ou=OU_GROUP-KkUreY5USlF&pe=202404, client=0:0:0:0:0:0:0:1, user=healthmap@mail.com]
2026-02-25 12:27:36 [task-1] DEBUG c.m.b.l.s.MiddlewareApiCallLogService - updateTransaction... updating Route [servlet:/HealthCenter?httpMethodRestrict=GET] - Exchange content: {transactionUUID=86bd22de-eeb4-4dd0-b926-06f3ff35427a, mapping.success=true, CamelCharsetName=UTF-8, mapping.status=SUCCESS, CamelToEndpoint=integrationmapping://null?code=default, apiLogId=77}
2026-02-25 12:27:36 [task-1] INFO  c.m.b.l.s.MiddlewareApiCallLogService - Transaction d0486077-dd71-42ea-92c8-88a68cacd6a8 for routeId: HealthCenter-mapping updated successfully: status=COMPLETED, responseCode=200
2026-02-25 12:27:52 [scheduling-1] INFO  c.m.b.k.service.DynamicRouteService - Starting route status sync with Camel context
2026-02-25 12:27:52 [scheduling-1] INFO  c.m.b.k.service.DynamicRouteService - Completed route status sync
2026-02-25 12:28:22 [scheduling-1] INFO  c.m.b.k.service.DynamicRouteService - Starting route status sync with Camel context
2026-02-25 12:28:22 [scheduling-1] INFO  c.m.b.k.service.DynamicRouteService - Completed route status sync
2026-02-25 12:28:52 [scheduling-1] INFO  c.m.b.k.service.DynamicRouteService - Starting route status sync with Camel context
2026-02-25 12:28:52 [scheduling-1] INFO  c.m.b.k.service.DynamicRouteService - Completed route status sync
2026-02-25 12:29:22 [scheduling-1] INFO  c.m.b.k.service.DynamicRouteService - Starting route status sync with Camel context
2026-02-25 12:29:22 [scheduling-1] INFO  c.m.b.k.service.DynamicRouteService - Completed route status sync
2026-02-25 12:29:52 [scheduling-1] INFO  c.m.b.k.service.DynamicRouteService - Starting route status sync with Camel context
2026-02-25 12:29:52 [scheduling-1] INFO  c.m.b.k.service.DynamicRouteService - Completed route status sync
2026-02-25 12:30:22 [scheduling-1] INFO  c.m.b.k.service.DynamicRouteService - Starting route status sync with Camel context
2026-02-25 12:30:22 [scheduling-1] INFO  c.m.b.k.service.DynamicRouteService - Completed route status sync
2026-02-25 12:30:24 [http-nio-8081-exec-7] INFO  c.m.b.k.service.DynamicRouteService - Fetching active routes with pagination
2026-02-25 12:30:24 [http-nio-8081-exec-4] INFO  c.m.b.k.service.DynamicRouteService - Fetching active routes with pagination
2026-02-25 12:30:24 [http-nio-8081-exec-8] INFO  c.m.b.k.service.DynamicRouteService - Fetching active routes with pagination
2026-02-25 12:30:24 [http-nio-8081-exec-7] DEBUG o.s.w.f.CommonsRequestLoggingFilter - Before request [GET /api/integrated-apis?page=0&size=10, client=0:0:0:0:0:0:0:1, user=admin@mail.com]
2026-02-25 12:30:24 [http-nio-8081-exec-7] DEBUG o.s.web.servlet.DispatcherServlet - GET "/api/integrated-apis?page=0&size=10", parameters={masked}
2026-02-25 12:30:24 [http-nio-8081-exec-7] DEBUG o.s.w.s.m.m.a.RequestMappingHandlerMapping - Mapped to com.middleware.backend.kaotocamel.controller.IntegratedApiController#findAll(String, String, String, String, String, String, Boolean, String, LocalDateTime, LocalDateTime, LocalDateTime, LocalDateTime, String, Long, Long, int, int, String[])
2026-02-25 12:30:24 [http-nio-8081-exec-4] DEBUG o.s.w.f.CommonsRequestLoggingFilter - Before request [GET /api/integrated-system/codes, client=0:0:0:0:0:0:0:1, user=admin@mail.com]
2026-02-25 12:30:24 [http-nio-8081-exec-4] DEBUG o.s.web.servlet.DispatcherServlet - GET "/api/integrated-system/codes", parameters={}
2026-02-25 12:30:24 [http-nio-8081-exec-4] DEBUG o.s.w.s.m.m.a.RequestMappingHandlerMapping - Mapped to com.middleware.backend.integrated_systems.controller.IntegratedSystemController#getAllCodes()
2026-02-25 12:30:24 [http-nio-8081-exec-8] DEBUG o.s.w.f.CommonsRequestLoggingFilter - Before request [GET /api/routes/routes, client=0:0:0:0:0:0:0:1, user=admin@mail.com]
2026-02-25 12:30:24 [http-nio-8081-exec-8] DEBUG o.s.web.servlet.DispatcherServlet - GET "/api/routes/routes", parameters={}
2026-02-25 12:30:24 [http-nio-8081-exec-8] DEBUG o.s.w.s.m.m.a.RequestMappingHandlerMapping - Mapped to com.middleware.backend.kaotocamel.controller.DynamicRouteController#getRoutesForDropdown()
2026-02-25 12:30:24 [http-nio-8081-exec-7] DEBUG c.m.b.k.c.IntegratedApiController - Received sort params: [id, desc]
2026-02-25 12:30:24 [http-nio-8081-exec-7] DEBUG c.m.b.k.c.IntegratedApiController - Handling separated params - field: 'id', direction: 'desc'
2026-02-25 12:30:24 [http-nio-8081-exec-7] DEBUG c.m.b.k.c.IntegratedApiController - Added separated sort order: id DESC
2026-02-25 12:30:24 [http-nio-8081-exec-7] DEBUG c.m.b.k.c.IntegratedApiController - Final sort object: id: DESC
2026-02-25 12:30:24 [http-nio-8081-exec-8] INFO  c.m.b.k.service.DynamicRouteService - Fetching latest active routes for dropdown
2026-02-25 12:30:24 [http-nio-8081-exec-8] INFO  c.m.b.k.service.DynamicRouteService - Found 10 active routes
2026-02-25 12:30:24 [http-nio-8081-exec-8] INFO  c.m.b.k.c.DynamicRouteController - Returning 10 routes for dropdown
2026-02-25 12:30:24 [http-nio-8081-exec-4] DEBUG o.s.w.s.m.m.a.HttpEntityMethodProcessor - Using 'application/json', given [application/json] and supported [application/json, application/*+json, application/yaml]
2026-02-25 12:30:24 [http-nio-8081-exec-8] DEBUG o.s.w.s.m.m.a.HttpEntityMethodProcessor - Using 'application/json', given [application/json] and supported [application/json, application/*+json, application/yaml]
2026-02-25 12:30:24 [http-nio-8081-exec-4] DEBUG o.s.w.s.m.m.a.HttpEntityMethodProcessor - Writing [[DHIS2.DWH, DHIS2.STABLE]]
2026-02-25 12:30:24 [http-nio-8081-exec-8] DEBUG o.s.w.s.m.m.a.HttpEntityMethodProcessor - Writing [[{path=/HealthCenter, routeId=HealthCenter-mapping}, {path=/v1/hospitales, routeId=Hospital_HealthMa (truncated)...]
2026-02-25 12:30:24 [http-nio-8081-exec-4] DEBUG o.s.web.servlet.DispatcherServlet - Completed 200 OK
2026-02-25 12:30:24 [http-nio-8081-exec-8] DEBUG o.s.web.servlet.DispatcherServlet - Completed 200 OK
2026-02-25 12:30:24 [http-nio-8081-exec-8] DEBUG o.a.camel.spring.SpringCamelContext - onApplicationEvent: ServletRequestHandledEvent: url=[/api/routes/routes]; client=[0:0:0:0:0:0:0:1]; method=[GET]; status=[200]; servlet=[dispatcherServlet]; session=[null]; user=[admin@mail.com]; time=[69ms]
2026-02-25 12:30:24 [http-nio-8081-exec-4] DEBUG o.a.camel.spring.SpringCamelContext - onApplicationEvent: ServletRequestHandledEvent: url=[/api/integrated-system/codes]; client=[0:0:0:0:0:0:0:1]; method=[GET]; status=[200]; servlet=[dispatcherServlet]; session=[null]; user=[admin@mail.com]; time=[71ms]
2026-02-25 12:30:24 [http-nio-8081-exec-8] DEBUG o.s.w.f.CommonsRequestLoggingFilter - After request [GET /api/routes/routes, client=0:0:0:0:0:0:0:1, user=admin@mail.com]
2026-02-25 12:30:24 [http-nio-8081-exec-4] DEBUG o.s.w.f.CommonsRequestLoggingFilter - After request [GET /api/integrated-system/codes, client=0:0:0:0:0:0:0:1, user=admin@mail.com]
2026-02-25 12:30:24 [http-nio-8081-exec-7] WARN  o.s.d.w.c.SpringDataJacksonConfiguration$PageModule$WarningLoggingModifier - Serializing PageImpl instances as-is is not supported, meaning that there is no guarantee about the stability of the resulting JSON structure!
	For a stable JSON structure, please use Spring Data's PagedModel (globally via @EnableSpringDataWebSupport(pageSerializationMode = VIA_DTO))
	or Spring HATEOAS and Spring Data's PagedResourcesAssembler as documented in https://docs.spring.io/spring-data/commons/reference/repositories/core-extensions.html#core.web.pageables.

2026-02-25 12:30:24 [http-nio-8081-exec-7] DEBUG o.s.w.s.m.m.a.HttpEntityMethodProcessor - Using 'application/json', given [application/json] and supported [application/json, application/*+json, application/yaml]
2026-02-25 12:30:24 [http-nio-8081-exec-7] DEBUG o.s.w.s.m.m.a.HttpEntityMethodProcessor - Writing [Page 1 of 1 containing com.middleware.backend.kaotocamel.dto.IntegratedApiDto instances]
2026-02-25 12:30:24 [http-nio-8081-exec-7] DEBUG o.s.web.servlet.DispatcherServlet - Completed 200 OK
2026-02-25 12:30:24 [http-nio-8081-exec-7] DEBUG o.a.camel.spring.SpringCamelContext - onApplicationEvent: ServletRequestHandledEvent: url=[/api/integrated-apis]; client=[0:0:0:0:0:0:0:1]; method=[GET]; status=[200]; servlet=[dispatcherServlet]; session=[null]; user=[admin@mail.com]; time=[113ms]
2026-02-25 12:30:24 [http-nio-8081-exec-7] DEBUG o.s.w.f.CommonsRequestLoggingFilter - After request [GET /api/integrated-apis?page=0&size=10, client=0:0:0:0:0:0:0:1, user=admin@mail.com]
2026-02-25 12:30:28 [http-nio-8081-exec-1] INFO  c.m.b.k.service.DynamicRouteService - Fetching active routes with pagination
2026-02-25 12:30:28 [http-nio-8081-exec-1] DEBUG o.s.w.f.CommonsRequestLoggingFilter - Before request [GET /api/integrated-apis/5, client=0:0:0:0:0:0:0:1, user=admin@mail.com]
2026-02-25 12:30:28 [http-nio-8081-exec-1] DEBUG o.s.web.servlet.DispatcherServlet - GET "/api/integrated-apis/5", parameters={}
2026-02-25 12:30:28 [http-nio-8081-exec-1] DEBUG o.s.w.s.m.m.a.RequestMappingHandlerMapping - Mapped to com.middleware.backend.kaotocamel.controller.IntegratedApiController#findById(Long)
2026-02-25 12:30:28 [http-nio-8081-exec-1] DEBUG o.s.w.s.m.m.a.HttpEntityMethodProcessor - Using 'application/json', given [application/json] and supported [application/json, application/*+json, application/yaml]
2026-02-25 12:30:28 [http-nio-8081-exec-1] DEBUG o.s.w.s.m.m.a.HttpEntityMethodProcessor - Writing [IntegratedApiDto(id=5, code=HealthCenter_Metadata, name=HealthCenter, apiUrl=/api/metadata.json?orga (truncated)...]
2026-02-25 12:30:28 [http-nio-8081-exec-1] DEBUG o.s.web.servlet.DispatcherServlet - Completed 200 OK
2026-02-25 12:30:28 [http-nio-8081-exec-1] DEBUG o.a.camel.spring.SpringCamelContext - onApplicationEvent: ServletRequestHandledEvent: url=[/api/integrated-apis/5]; client=[0:0:0:0:0:0:0:1]; method=[GET]; status=[200]; servlet=[dispatcherServlet]; session=[null]; user=[admin@mail.com]; time=[191ms]
2026-02-25 12:30:28 [http-nio-8081-exec-1] DEBUG o.s.w.f.CommonsRequestLoggingFilter - After request [GET /api/integrated-apis/5, client=0:0:0:0:0:0:0:1, user=admin@mail.com]
2026-02-25 12:30:30 [http-nio-8081-exec-3] INFO  c.m.b.k.service.DynamicRouteService - Fetching active routes with pagination
2026-02-25 12:30:30 [http-nio-8081-exec-3] DEBUG o.s.w.f.CommonsRequestLoggingFilter - Before request [GET /api/integrated-apis/4, client=0:0:0:0:0:0:0:1, user=admin@mail.com]
2026-02-25 12:30:30 [http-nio-8081-exec-3] DEBUG o.s.web.servlet.DispatcherServlet - GET "/api/integrated-apis/4", parameters={}
2026-02-25 12:30:30 [http-nio-8081-exec-3] DEBUG o.s.w.s.m.m.a.RequestMappingHandlerMapping - Mapped to com.middleware.backend.kaotocamel.controller.IntegratedApiController#findById(Long)
2026-02-25 12:30:30 [http-nio-8081-exec-3] DEBUG o.s.w.s.m.m.a.HttpEntityMethodProcessor - Using 'application/json', given [application/json] and supported [application/json, application/*+json, application/yaml]
2026-02-25 12:30:30 [http-nio-8081-exec-3] DEBUG o.s.w.s.m.m.a.HttpEntityMethodProcessor - Writing [IntegratedApiDto(id=4, code=HealthCenter, name=HealthCenter, apiUrl=/api/analytics.json?dimension=dx (truncated)...]
2026-02-25 12:30:30 [http-nio-8081-exec-3] DEBUG o.s.web.servlet.DispatcherServlet - Completed 200 OK
2026-02-25 12:30:30 [http-nio-8081-exec-3] DEBUG o.a.camel.spring.SpringCamelContext - onApplicationEvent: ServletRequestHandledEvent: url=[/api/integrated-apis/4]; client=[0:0:0:0:0:0:0:1]; method=[GET]; status=[200]; servlet=[dispatcherServlet]; session=[null]; user=[admin@mail.com]; time=[169ms]
2026-02-25 12:30:30 [http-nio-8081-exec-3] DEBUG o.s.w.f.CommonsRequestLoggingFilter - After request [GET /api/integrated-apis/4, client=0:0:0:0:0:0:0:1, user=admin@mail.com]
2026-02-25 12:30:33 [http-nio-8081-exec-2] INFO  c.m.b.k.service.DynamicRouteService - Fetching active routes with pagination
2026-02-25 12:30:33 [http-nio-8081-exec-2] DEBUG o.s.w.f.CommonsRequestLoggingFilter - Before request [GET /api/integrated-apis/2, client=0:0:0:0:0:0:0:1, user=admin@mail.com]
2026-02-25 12:30:33 [http-nio-8081-exec-2] DEBUG o.s.web.servlet.DispatcherServlet - GET "/api/integrated-apis/2", parameters={}
2026-02-25 12:30:33 [http-nio-8081-exec-2] DEBUG o.s.w.s.m.m.a.RequestMappingHandlerMapping - Mapped to com.middleware.backend.kaotocamel.controller.IntegratedApiController#findById(Long)
2026-02-25 12:30:33 [http-nio-8081-exec-2] DEBUG o.s.w.s.m.m.a.HttpEntityMethodProcessor - Using 'application/json', given [application/json] and supported [application/json, application/*+json, application/yaml]
2026-02-25 12:30:33 [http-nio-8081-exec-2] DEBUG o.s.w.s.m.m.a.HttpEntityMethodProcessor - Writing [IntegratedApiDto(id=2, code=Hospital_HealthMap_Mapping, name=Hospital HealthMap, apiUrl=/api/analyti (truncated)...]
2026-02-25 12:30:33 [http-nio-8081-exec-2] DEBUG o.s.web.servlet.DispatcherServlet - Completed 200 OK
2026-02-25 12:30:33 [http-nio-8081-exec-2] DEBUG o.a.camel.spring.SpringCamelContext - onApplicationEvent: ServletRequestHandledEvent: url=[/api/integrated-apis/2]; client=[0:0:0:0:0:0:0:1]; method=[GET]; status=[200]; servlet=[dispatcherServlet]; session=[null]; user=[admin@mail.com]; time=[65ms]
2026-02-25 12:30:33 [http-nio-8081-exec-2] DEBUG o.s.w.f.CommonsRequestLoggingFilter - After request [GET /api/integrated-apis/2, client=0:0:0:0:0:0:0:1, user=admin@mail.com]
2026-02-25 12:30:52 [scheduling-1] INFO  c.m.b.k.service.DynamicRouteService - Starting route status sync with Camel context
2026-02-25 12:30:52 [scheduling-1] INFO  c.m.b.k.service.DynamicRouteService - Completed route status sync
2026-02-25 12:31:22 [scheduling-1] INFO  c.m.b.k.service.DynamicRouteService - Starting route status sync with Camel context
2026-02-25 12:31:22 [scheduling-1] INFO  c.m.b.k.service.DynamicRouteService - Completed route status sync
2026-02-25 12:31:52 [scheduling-1] INFO  c.m.b.k.service.DynamicRouteService - Starting route status sync with Camel context
2026-02-25 12:31:52 [scheduling-1] INFO  c.m.b.k.service.DynamicRouteService - Completed route status sync
2026-02-25 12:32:02 [http-nio-8081-exec-6] INFO  c.m.b.k.service.DynamicRouteService - Fetching active routes with pagination
2026-02-25 12:32:03 [http-nio-8081-exec-6] INFO  c.m.b.k.service.DynamicRouteService - Fetching active routes with pagination
2026-02-25 12:32:03 [http-nio-8081-exec-6] DEBUG o.s.w.f.CommonsRequestLoggingFilter - Before request [GET /camel/v1/hospitales?transactionUUID=d6214b8f-4f5f-40e8-87eb-a99d1c4bd928&ou=fNPub8GVb19&pe=202601, client=0:0:0:0:0:0:0:1, user=healthmap@mail.com]
2026-02-25 12:32:03 [http-nio-8081-exec-6] INFO  c.m.b.policy.LoggingRoutePolicy - LoggingRoutePolicy.onExchangeBegin: Route [Hospital_HealthMap_Mappin] - Incoming exchange: 80A81A3DD843859-0000000000000001
2026-02-25 12:32:03 [http-nio-8081-exec-6] DEBUG c.m.b.l.s.MiddlewareApiCallLogService - createTransactionSync... creating log for Route [Hospital_HealthMap_Mappin] - Exchange content: {CamelCharsetName=UTF-8}
2026-02-25 12:32:03 [http-nio-8081-exec-6] DEBUG c.m.b.l.s.MiddlewareApiCallLogService - UUID validation passed for: d6214b8f-4f5f-40e8-87eb-a99d1c4bd928
2026-02-25 12:32:03 [http-nio-8081-exec-6] DEBUG c.m.b.l.s.MiddlewareApiCallLogService - First attempt for new UUID: d6214b8f-4f5f-40e8-87eb-a99d1c4bd928
2026-02-25 12:32:03 [http-nio-8081-exec-6] INFO  c.m.b.policy.LoggingRoutePolicy - LoggingRoutePolicy.onExchangeBegin: Route [Hospital_HealthMap_Mappin] - call log created with ID 78
2026-02-25 12:32:03 [http-nio-8081-exec-6] DEBUG o.a.camel.processor.SendProcessor - >>>> integrationmapping://null?code=default Exchange[80A81A3DD843859-0000000000000001]
2026-02-25 12:32:03 [http-nio-8081-exec-6] INFO  c.m.IntegrationMappingProducer - Processing Integration Mapping for routeId: Hospital_HealthMap_Mappin
2026-02-25 12:32:03 [http-nio-8081-exec-6] INFO  c.m.IntegrationMappingProducer - Built request - RouteID: Hospital_HealthMap_Mappin, pe: 202601, ou: fNPub8GVb19, dhis2Code: null, UUID: d6214b8f-4f5f-40e8-87eb-a99d1c4bd928
2026-02-25 12:32:03 [http-nio-8081-exec-6] INFO  c.m.b.c.IntegrationMappingConfiguration - Processing mapping for API: Hospital_HealthMap_Mappin
2026-02-25 12:32:03 [http-nio-8081-exec-6] INFO  c.m.b.k.s.MiddlewareProcessorService - Processing middleware request for Route ID: Hospital_HealthMap_Mappin with period: 202601, ou: fNPub8GVb19
2026-02-25 12:32:03 [http-nio-8081-exec-6] DEBUG c.m.b.k.s.MiddlewareProcessorService - Request parameters - ou: fNPub8GVb19, pe: 202601
2026-02-25 12:32:03 [http-nio-8081-exec-6] INFO  c.m.b.k.s.MiddlewareProcessorService - Grouped 236 mappings into 1 API calls
2026-02-25 12:32:03 [http-nio-8081-exec-6] INFO  c.m.b.k.s.MiddlewareProcessorService - Fetching org units metadata using integratedSystem: DHIS2.DWH
2026-02-25 12:32:03 [http-nio-8081-exec-6] INFO  c.m.b.k.service.Dhis2ClientService - Fetching metadata using integratedSystem: DHIS2.DWH (from metadata API)
2026-02-25 12:32:03 [http-nio-8081-exec-6] DEBUG o.s.web.client.RestTemplate - HTTP GET https://hmis-dev.moh.gov.jo/dwh/api/metadata.json?organisationUnits=true&fields=id,code,name,displayName,shortName,description,openingDate,closedDate,level,phoneNumber,email,address,url,parent%5Bid,code,name,level,parent%5Bid,code,name,level,parent%5Bid,code,name,level,parent%5Bid,code,name,level,parent%5Bid,code,name,level%5D%5D%5D%5D%5D,translations,organisationUnitGroups%5Bid,code,name%5D,lastUpdated,attributeValues%5Bvalue,attribute%5Bid,code,name%5D%5D,geometry,image%5Bid,name%5D,openingDate,closedDate,groups%5Bid,code,name%5D
2026-02-25 12:32:03 [http-nio-8081-exec-6] DEBUG o.s.web.client.RestTemplate - Accept=[text/plain, application/json, application/yaml, application/*+json, */*]
2026-02-25 12:32:06 [http-nio-8081-exec-6] DEBUG o.s.web.client.RestTemplate - Response 200 OK
2026-02-25 12:32:06 [http-nio-8081-exec-6] DEBUG o.s.web.client.RestTemplate - Reading to [java.lang.String] as "application/json;charset=UTF-8"
2026-02-25 12:32:08 [http-nio-8081-exec-6] INFO  c.m.b.k.service.Dhis2ClientService - Fetched 2200 org units from metadata API (integratedSystem: DHIS2.DWH)
2026-02-25 12:32:08 [http-nio-8081-exec-6] INFO  c.m.b.k.s.MiddlewareProcessorService - Executing call for API: Hospital_HealthMap_Mapping (ANALYTICS) using integratedSystem: DHIS2.DWH
2026-02-25 12:32:08 [http-nio-8081-exec-6] DEBUG c.m.b.k.s.MiddlewareProcessorService - API flags - useOuFromRequest: true, usePeFromRequest: true
2026-02-25 12:32:08 [http-nio-8081-exec-6] INFO  c.m.b.k.service.Dhis2ClientService - Using DHIS2 settings: integratedSystem=DHIS2.DWH, baseUrl=HTTPS://hmis-dev.moh.gov.jo/dwh
2026-02-25 12:32:08 [http-nio-8081-exec-6] DEBUG c.m.b.k.service.Dhis2ClientService - Built Analytics URL with flags (useOu=true, usePe=true): /api/analytics.json?dimension=dx:C3J9gupRpkv.f6KCBSctsKT;C3J9gupRpkv.qgikuGs16ol;jn4pQVfIaIf;mCryL70xgcR;mCryL70xgcR.n7l9dA920vy;mCryL70xgcR.koh0tliu6RV;cltmZ5EyYNs.n7l9dA920vy;cltmZ5EyYNs.koh0tliu6RV;cltmZ5EyYNs;C3J9gupRpkv.yr1cgGdONRm;C3J9gupRpkv.VzIcBH0k6lJ;M76CHdiNVTr;C3J9gupRpkv.nsIGCAXqmeo;C3J9gupRpkv.ih3CTGgn0l5;Oyxkqradre;nSubq2TDH0g.n7l9dA920vy;nSubq2TDH0g.koh0tliu6RV;nSubq2TDH0g;C3J9gupRpkv.IWjHuBbAQ6U;C3J9gupRpkv.wwP3HvY29bF;wnm7ReXX75U;G8zTi6EPGqj.n7l9dA920vy;G8zTi6EPGqj.koh0tliu6RV;G8zTi6EPGqj;xvHA0fLRcyX.n7l9dA920vy;xvHA0fLRcyX.koh0tliu6RV;xvHA0fLRcyX;C3J9gupRpkv.qRKdkvoSnNy;C3J9gupRpkv.MszHhQEFz4z;jn4pQVfIaIf;f2mdrrKvhGK.n7l9dA920vy;f2mdrrKvhGK.koh0tliu6RV;f2mdrrKvhGK;v1jIqMevb35.f6KCBSctsKT;v1jIqMevb35.qgikuGs16ol;v1jIqMevb35.yr1cgGdONRm;v1jIqMevb35.VzIcBH0k6lJ;v1jIqMevb35.IWjHuBbAQ6U;v1jIqMevb35.wwP3HvY29bF;v1jIqMevb35.nsIGCAXqmeo;v1jIqMevb35.ih3CTGgn0l5;v1jIqMevb35.qRKdkvoSnNy;v1jIqMevb35.MszHhQEFz4z;TbkEXL3zws3.f6KCBSctsKT;TbkEXL3zws3.qgikuGs16ol;TbkEXL3zws3.yr1cgGdONRm;TbkEXL3zws3.VzIcBH0k6lJ;TbkEXL3zws3.IWjHuBbAQ6U;TbkEXL3zws3.wwP3HvY29bF;TbkEXL3zws3.nsIGCAXqmeo;TbkEXL3zws3.ih3CTGgn0l5;TbkEXL3zws3.qRKdkvoSnNy;TbkEXL3zws3.MszHhQEFz4z;nsXaQk7geGa.yTb1U3ECuGF;nsXaQk7geGa.efoIG4g9arY;nsXaQk7geGa.M7dT8gVS7zy;nsXaQk7geGa.FmQ4cAywsli;nsXaQk7geGa.GJ0VvZgluAw;nsXaQk7geGa.oJQWiZkIM0k;J1Vj8d8khPd.yTb1U3ECuGF;J1Vj8d8khPd.efoIG4g9arY;J1Vj8d8khPd.M7dT8gVS7zy;J1Vj8d8khPd.FmQ4cAywsli;J1Vj8d8khPd.GJ0VvZgluAw;J1Vj8d8khPd.oJQWiZkIM0k;wqEip6Dbe3l.yTb1U3ECuGF;wqEip6Dbe3l.efoIG4g9arY;wqEip6Dbe3l.M7dT8gVS7zy;wqEip6Dbe3l.FmQ4cAywsli;wqEip6Dbe3l.GJ0VvZgluAw;wqEip6Dbe3l.oJQWiZkIM0k;jP9Grjpaqun.yTb1U3ECuGF;jP9Grjpaqun.efoIG4g9arY;jP9Grjpaqun.M7dT8gVS7zy;jP9Grjpaqun.FmQ4cAywsli;jP9Grjpaqun.GJ0VvZgluAw;jP9Grjpaqun.oJQWiZkIM0k;WLzrCuWBNnE.yTb1U3ECuGF;WLzrCuWBNnE.efoIG4g9arY;WLzrCuWBNnE.M7dT8gVS7zy;WLzrCuWBNnE.FmQ4cAywsli;WLzrCuWBNnE.GJ0VvZgluAw;WLzrCuWBNnE.oJQWiZkIM0k;CUGep0XzA3A.yTb1U3ECuGF;CUGep0XzA3A.efoIG4g9arY;CUGep0XzA3A.M7dT8gVS7zy;CUGep0XzA3A.FmQ4cAywsli;CUGep0XzA3A.GJ0VvZgluAw;CUGep0XzA3A.oJQWiZkIM0k;mHhrSasaZEk.yTb1U3ECuGF;mHhrSasaZEk.efoIG4g9arY;mHhrSasaZEk.M7dT8gVS7zy;mHhrSasaZEk.FmQ4cAywsli;mHhrSasaZEk.GJ0VvZgluAw;mHhrSasaZEk.oJQWiZkIM0k;pEO23PlwCSb.GJ0VvZgluAw;pEO23PlwCSb.yTb1U3ECuGF;pEO23PlwCSb.efoIG4g9arY;pEO23PlwCSb.M7dT8gVS7zy;pEO23PlwCSb.FmQ4cAywsli;pEO23PlwCSb.oJQWiZkIM0k;M90jcnFPAxk.yTb1U3ECuGF;M90jcnFPAxk.efoIG4g9arY;M90jcnFPAxk.M7dT8gVS7zy;M90jcnFPAxk.FmQ4cAywsli;M90jcnFPAxk.GJ0VvZgluAw;M90jcnFPAxk.oJQWiZkIM0k;QQdagPXych9.yTb1U3ECuGF;QQdagPXych9.efoIG4g9arY;QQdagPXych9.M7dT8gVS7zy;QQdagPXych9.FmQ4cAywsli;QQdagPXych9.GJ0VvZgluAw;QQdagPXych9.oJQWiZkIM0k;C9HrptUsCLz.yTb1U3ECuGF;C9HrptUsCLz.efoIG4g9arY;C9HrptUsCLz.M7dT8gVS7zy;C9HrptUsCLz.FmQ4cAywsli;C9HrptUsCLz.GJ0VvZgluAw;C9HrptUsCLz.oJQWiZkIM0k;MTS6Q2xlT3L.yTb1U3ECuGF;MTS6Q2xlT3L.efoIG4g9arY;MTS6Q2xlT3L.M7dT8gVS7zy;MTS6Q2xlT3L.FmQ4cAywsli;MTS6Q2xlT3L.GJ0VvZgluAw;MTS6Q2xlT3L.oJQWiZkIM0k;HG2yJtkPuFl.yTb1U3ECuGF;HG2yJtkPuFl.efoIG4g9arY;HG2yJtkPuFl.M7dT8gVS7zy;HG2yJtkPuFl.FmQ4cAywsli;HG2yJtkPuFl.GJ0VvZgluAw;HG2yJtkPuFl.oJQWiZkIM0k;k8y8u4reC3j.yTb1U3ECuGF;k8y8u4reC3j.efoIG4g9arY;k8y8u4reC3j.M7dT8gVS7zy;k8y8u4reC3j.FmQ4cAywsli;k8y8u4reC3j.GJ0VvZgluAw;k8y8u4reC3j.oJQWiZkIM0k;h7WZ16B0f5h;bwkaWNM5IxW;IGNjoHsBPA5;Lax7XiHZ8JW;PqpBniaM7Qw;qdGx2wXPmBu;VlUPLLmJyum;X3kIHc7slwq;Eypb9xMSAcl;Kt8FuTI6be4;XCRMCX69YKb;KKk8T1SkAXI;OvOdSwkNN7w;dDyQKZEVXfc;y4CRWblENPS;JEK6BLZSjJr;AThkRYyxfSW;shjOt7XXI6Y;tGIMo3WxNLt;M3lOaTkFa6h;BAzqwT8ahGp;UqDNOKbj06I;AdcYUWNKWVO;SX9h8BXpLCE;b33pgG2ryuO;dyDMZoNSPve;LJSFDCsBKGX;nLkYYy7UfZu;ntGnd7teBlJ;JcgaA2kYLak;x7pAx1mEDVW;Dz9YDM3B11d;TbkEXL3zws3;UkeKK3Yz0eV;HIgoCJ50qkC;H7BYxecWAWS;H7BYxecWAWS;azVbANcTyeq;QqXkYA7XAYw;CCvziA5YTie;RcEuwqgQGf4;T2FsvO0b3jy.UuRrjnhE5uq;T2FsvO0b3jy.eV4Y7v7xFa2;T2FsvO0b3jy.jBX2qee107G;T2FsvO0b3jy.vTYSOxTTCNG;SOxwBu91n8g;xLXMzfGbCvU;wtSyTdH47Yp;K4z9xEWrpom;Io29XwRiXK7;Ug8YP3YzkKk;lJQWri3Cb0V.Jx72l4NfSLz;lJQWri3Cb0V.rLmcoXtmnUM;TbuzgtCfZlN.oUBnaM0PTcd;TbuzgtCfZlN.HJDrURNyZK4;jgsCugn2BZw.HJDrURNyZK4;eQ29xBhM6bZ.HJDrURNyZK4;jgsCugn2BZw.oUBnaM0PTcd;eQ29xBhM6bZ.oUBnaM0PTcd;TbuzgtCfZlN.n7MTyanPfTh;jgsCugn2BZw.n7MTyanPfTh;eQ29xBhM6bZ.n7MTyanPfTh;TbuzgtCfZlN.ezbEKdMfHeV;jgsCugn2BZw.ezbEKdMfHeV;eQ29xBhM6bZ.ezbEKdMfHeV;pKWWsnctb4D;vSSXernIS3R&dimension=ou:fNPub8GVb19&dimension=pe:202601&dimension=UedUhlkhYWX:KG7l26av4v5;M0TzDNQdeju;NDWlje7qHvH;Znfg4CCkg7Z;djVrwOWyadD
2026-02-25 12:32:08 [http-nio-8081-exec-6] DEBUG o.s.web.client.RestTemplate - HTTP GET https://hmis-dev.moh.gov.jo/dwh/api/analytics.json?dimension=dx:C3J9gupRpkv.f6KCBSctsKT;C3J9gupRpkv.qgikuGs16ol;jn4pQVfIaIf;mCryL70xgcR;mCryL70xgcR.n7l9dA920vy;mCryL70xgcR.koh0tliu6RV;cltmZ5EyYNs.n7l9dA920vy;cltmZ5EyYNs.koh0tliu6RV;cltmZ5EyYNs;C3J9gupRpkv.yr1cgGdONRm;C3J9gupRpkv.VzIcBH0k6lJ;M76CHdiNVTr;C3J9gupRpkv.nsIGCAXqmeo;C3J9gupRpkv.ih3CTGgn0l5;Oyxkqradre;nSubq2TDH0g.n7l9dA920vy;nSubq2TDH0g.koh0tliu6RV;nSubq2TDH0g;C3J9gupRpkv.IWjHuBbAQ6U;C3J9gupRpkv.wwP3HvY29bF;wnm7ReXX75U;G8zTi6EPGqj.n7l9dA920vy;G8zTi6EPGqj.koh0tliu6RV;G8zTi6EPGqj;xvHA0fLRcyX.n7l9dA920vy;xvHA0fLRcyX.koh0tliu6RV;xvHA0fLRcyX;C3J9gupRpkv.qRKdkvoSnNy;C3J9gupRpkv.MszHhQEFz4z;jn4pQVfIaIf;f2mdrrKvhGK.n7l9dA920vy;f2mdrrKvhGK.koh0tliu6RV;f2mdrrKvhGK;v1jIqMevb35.f6KCBSctsKT;v1jIqMevb35.qgikuGs16ol;v1jIqMevb35.yr1cgGdONRm;v1jIqMevb35.VzIcBH0k6lJ;v1jIqMevb35.IWjHuBbAQ6U;v1jIqMevb35.wwP3HvY29bF;v1jIqMevb35.nsIGCAXqmeo;v1jIqMevb35.ih3CTGgn0l5;v1jIqMevb35.qRKdkvoSnNy;v1jIqMevb35.MszHhQEFz4z;TbkEXL3zws3.f6KCBSctsKT;TbkEXL3zws3.qgikuGs16ol;TbkEXL3zws3.yr1cgGdONRm;TbkEXL3zws3.VzIcBH0k6lJ;TbkEXL3zws3.IWjHuBbAQ6U;TbkEXL3zws3.wwP3HvY29bF;TbkEXL3zws3.nsIGCAXqmeo;TbkEXL3zws3.ih3CTGgn0l5;TbkEXL3zws3.qRKdkvoSnNy;TbkEXL3zws3.MszHhQEFz4z;nsXaQk7geGa.yTb1U3ECuGF;nsXaQk7geGa.efoIG4g9arY;nsXaQk7geGa.M7dT8gVS7zy;nsXaQk7geGa.FmQ4cAywsli;nsXaQk7geGa.GJ0VvZgluAw;nsXaQk7geGa.oJQWiZkIM0k;J1Vj8d8khPd.yTb1U3ECuGF;J1Vj8d8khPd.efoIG4g9arY;J1Vj8d8khPd.M7dT8gVS7zy;J1Vj8d8khPd.FmQ4cAywsli;J1Vj8d8khPd.GJ0VvZgluAw;J1Vj8d8khPd.oJQWiZkIM0k;wqEip6Dbe3l.yTb1U3ECuGF;wqEip6Dbe3l.efoIG4g9arY;wqEip6Dbe3l.M7dT8gVS7zy;wqEip6Dbe3l.FmQ4cAywsli;wqEip6Dbe3l.GJ0VvZgluAw;wqEip6Dbe3l.oJQWiZkIM0k;jP9Grjpaqun.yTb1U3ECuGF;jP9Grjpaqun.efoIG4g9arY;jP9Grjpaqun.M7dT8gVS7zy;jP9Grjpaqun.FmQ4cAywsli;jP9Grjpaqun.GJ0VvZgluAw;jP9Grjpaqun.oJQWiZkIM0k;WLzrCuWBNnE.yTb1U3ECuGF;WLzrCuWBNnE.efoIG4g9arY;WLzrCuWBNnE.M7dT8gVS7zy;WLzrCuWBNnE.FmQ4cAywsli;WLzrCuWBNnE.GJ0VvZgluAw;WLzrCuWBNnE.oJQWiZkIM0k;CUGep0XzA3A.yTb1U3ECuGF;CUGep0XzA3A.efoIG4g9arY;CUGep0XzA3A.M7dT8gVS7zy;CUGep0XzA3A.FmQ4cAywsli;CUGep0XzA3A.GJ0VvZgluAw;CUGep0XzA3A.oJQWiZkIM0k;mHhrSasaZEk.yTb1U3ECuGF;mHhrSasaZEk.efoIG4g9arY;mHhrSasaZEk.M7dT8gVS7zy;mHhrSasaZEk.FmQ4cAywsli;mHhrSasaZEk.GJ0VvZgluAw;mHhrSasaZEk.oJQWiZkIM0k;pEO23PlwCSb.GJ0VvZgluAw;pEO23PlwCSb.yTb1U3ECuGF;pEO23PlwCSb.efoIG4g9arY;pEO23PlwCSb.M7dT8gVS7zy;pEO23PlwCSb.FmQ4cAywsli;pEO23PlwCSb.oJQWiZkIM0k;M90jcnFPAxk.yTb1U3ECuGF;M90jcnFPAxk.efoIG4g9arY;M90jcnFPAxk.M7dT8gVS7zy;M90jcnFPAxk.FmQ4cAywsli;M90jcnFPAxk.GJ0VvZgluAw;M90jcnFPAxk.oJQWiZkIM0k;QQdagPXych9.yTb1U3ECuGF;QQdagPXych9.efoIG4g9arY;QQdagPXych9.M7dT8gVS7zy;QQdagPXych9.FmQ4cAywsli;QQdagPXych9.GJ0VvZgluAw;QQdagPXych9.oJQWiZkIM0k;C9HrptUsCLz.yTb1U3ECuGF;C9HrptUsCLz.efoIG4g9arY;C9HrptUsCLz.M7dT8gVS7zy;C9HrptUsCLz.FmQ4cAywsli;C9HrptUsCLz.GJ0VvZgluAw;C9HrptUsCLz.oJQWiZkIM0k;MTS6Q2xlT3L.yTb1U3ECuGF;MTS6Q2xlT3L.efoIG4g9arY;MTS6Q2xlT3L.M7dT8gVS7zy;MTS6Q2xlT3L.FmQ4cAywsli;MTS6Q2xlT3L.GJ0VvZgluAw;MTS6Q2xlT3L.oJQWiZkIM0k;HG2yJtkPuFl.yTb1U3ECuGF;HG2yJtkPuFl.efoIG4g9arY;HG2yJtkPuFl.M7dT8gVS7zy;HG2yJtkPuFl.FmQ4cAywsli;HG2yJtkPuFl.GJ0VvZgluAw;HG2yJtkPuFl.oJQWiZkIM0k;k8y8u4reC3j.yTb1U3ECuGF;k8y8u4reC3j.efoIG4g9arY;k8y8u4reC3j.M7dT8gVS7zy;k8y8u4reC3j.FmQ4cAywsli;k8y8u4reC3j.GJ0VvZgluAw;k8y8u4reC3j.oJQWiZkIM0k;h7WZ16B0f5h;bwkaWNM5IxW;IGNjoHsBPA5;Lax7XiHZ8JW;PqpBniaM7Qw;qdGx2wXPmBu;VlUPLLmJyum;X3kIHc7slwq;Eypb9xMSAcl;Kt8FuTI6be4;XCRMCX69YKb;KKk8T1SkAXI;OvOdSwkNN7w;dDyQKZEVXfc;y4CRWblENPS;JEK6BLZSjJr;AThkRYyxfSW;shjOt7XXI6Y;tGIMo3WxNLt;M3lOaTkFa6h;BAzqwT8ahGp;UqDNOKbj06I;AdcYUWNKWVO;SX9h8BXpLCE;b33pgG2ryuO;dyDMZoNSPve;LJSFDCsBKGX;nLkYYy7UfZu;ntGnd7teBlJ;JcgaA2kYLak;x7pAx1mEDVW;Dz9YDM3B11d;TbkEXL3zws3;UkeKK3Yz0eV;HIgoCJ50qkC;H7BYxecWAWS;H7BYxecWAWS;azVbANcTyeq;QqXkYA7XAYw;CCvziA5YTie;RcEuwqgQGf4;T2FsvO0b3jy.UuRrjnhE5uq;T2FsvO0b3jy.eV4Y7v7xFa2;T2FsvO0b3jy.jBX2qee107G;T2FsvO0b3jy.vTYSOxTTCNG;SOxwBu91n8g;xLXMzfGbCvU;wtSyTdH47Yp;K4z9xEWrpom;Io29XwRiXK7;Ug8YP3YzkKk;lJQWri3Cb0V.Jx72l4NfSLz;lJQWri3Cb0V.rLmcoXtmnUM;TbuzgtCfZlN.oUBnaM0PTcd;TbuzgtCfZlN.HJDrURNyZK4;jgsCugn2BZw.HJDrURNyZK4;eQ29xBhM6bZ.HJDrURNyZK4;jgsCugn2BZw.oUBnaM0PTcd;eQ29xBhM6bZ.oUBnaM0PTcd;TbuzgtCfZlN.n7MTyanPfTh;jgsCugn2BZw.n7MTyanPfTh;eQ29xBhM6bZ.n7MTyanPfTh;TbuzgtCfZlN.ezbEKdMfHeV;jgsCugn2BZw.ezbEKdMfHeV;eQ29xBhM6bZ.ezbEKdMfHeV;pKWWsnctb4D;vSSXernIS3R&dimension=ou:fNPub8GVb19&dimension=pe:202601&dimension=UedUhlkhYWX:KG7l26av4v5;M0TzDNQdeju;NDWlje7qHvH;Znfg4CCkg7Z;djVrwOWyadD
2026-02-25 12:32:08 [http-nio-8081-exec-6] DEBUG o.s.web.client.RestTemplate - Accept=[text/plain, application/json, application/yaml, application/*+json, */*]
2026-02-25 12:32:09 [http-nio-8081-exec-6] DEBUG o.s.web.client.RestTemplate - Response 200 OK
2026-02-25 12:32:09 [http-nio-8081-exec-6] DEBUG o.s.web.client.RestTemplate - Reading to [java.lang.String] as "application/json;charset=UTF-8"
2026-02-25 12:32:09 [http-nio-8081-exec-6] INFO  c.m.b.k.s.MiddlewareProcessorService - Detected attribute dimension: UedUhlkhYWX at index 3
2026-02-25 12:32:09 [http-nio-8081-exec-6] INFO  c.m.b.k.s.MiddlewareProcessorService - Built middleware response with 1 org units
2026-02-25 12:32:09 [http-nio-8081-exec-6] INFO  c.m.b.c.IntegrationMappingConfiguration - Mapping processed successfully for API: Hospital_HealthMap_Mappin with 1 rows
2026-02-25 12:32:09 [http-nio-8081-exec-6] DEBUG o.a.c.http.common.DefaultHttpBinding - Streaming response in chunked mode with buffer size 8192
2026-02-25 12:32:09 [http-nio-8081-exec-6] DEBUG o.s.w.f.CommonsRequestLoggingFilter - After request [GET /camel/v1/hospitales?transactionUUID=d6214b8f-4f5f-40e8-87eb-a99d1c4bd928&ou=fNPub8GVb19&pe=202601, client=0:0:0:0:0:0:0:1, user=healthmap@mail.com, payload=
]
2026-02-25 12:32:09 [task-2] DEBUG c.m.b.l.s.MiddlewareApiCallLogService - updateTransaction... updating Route [servlet:/v1/hospitales?httpMethodRestrict=GET] - Exchange content: {transactionUUID=d6214b8f-4f5f-40e8-87eb-a99d1c4bd928, mapping.success=true, CamelCharsetName=UTF-8, mapping.status=SUCCESS, CamelToEndpoint=integrationmapping://null?code=default, apiLogId=78}
2026-02-25 12:32:09 [task-2] INFO  c.m.b.l.s.MiddlewareApiCallLogService - Transaction 39e64b90-764f-414f-84ba-46c5ec63a929 for routeId: Hospital_HealthMap_Mappin updated successfully: status=COMPLETED, responseCode=200
2026-02-25 12:32:22 [scheduling-1] INFO  c.m.b.k.service.DynamicRouteService - Starting route status sync with Camel context
2026-02-25 12:32:22 [scheduling-1] INFO  c.m.b.k.service.DynamicRouteService - Completed route status sync
2026-02-25 12:32:52 [scheduling-1] INFO  c.m.b.k.service.DynamicRouteService - Starting route status sync with Camel context
2026-02-25 12:32:52 [scheduling-1] INFO  c.m.b.k.service.DynamicRouteService - Completed route status sync
2026-02-25 12:33:10 [http-nio-8081-exec-3] INFO  c.m.b.k.service.DynamicRouteService - Fetching active routes with pagination
2026-02-25 12:33:10 [http-nio-8081-exec-3] INFO  c.m.b.k.service.DynamicRouteService - Fetching active routes with pagination
2026-02-25 12:33:10 [http-nio-8081-exec-3] DEBUG o.s.w.f.CommonsRequestLoggingFilter - Before request [GET /camel/v1/hospitales?transactionUUID=01a1e59d-79ba-41b1-9257-96b337a8b1c0&ou=OU_GROUP-KkUreY5USlF&pe=202601, client=0:0:0:0:0:0:0:1, user=healthmap@mail.com]
2026-02-25 12:33:10 [http-nio-8081-exec-3] INFO  c.m.b.policy.LoggingRoutePolicy - LoggingRoutePolicy.onExchangeBegin: Route [Hospital_HealthMap_Mappin] - Incoming exchange: 80A81A3DD843859-0000000000000002
2026-02-25 12:33:10 [http-nio-8081-exec-3] DEBUG c.m.b.l.s.MiddlewareApiCallLogService - createTransactionSync... creating log for Route [Hospital_HealthMap_Mappin] - Exchange content: {CamelCharsetName=UTF-8}
2026-02-25 12:33:10 [http-nio-8081-exec-3] DEBUG c.m.b.l.s.MiddlewareApiCallLogService - UUID validation passed for: 01a1e59d-79ba-41b1-9257-96b337a8b1c0
2026-02-25 12:33:10 [http-nio-8081-exec-3] DEBUG c.m.b.l.s.MiddlewareApiCallLogService - First attempt for new UUID: 01a1e59d-79ba-41b1-9257-96b337a8b1c0
2026-02-25 12:33:10 [http-nio-8081-exec-3] INFO  c.m.b.policy.LoggingRoutePolicy - LoggingRoutePolicy.onExchangeBegin: Route [Hospital_HealthMap_Mappin] - call log created with ID 79
2026-02-25 12:33:10 [http-nio-8081-exec-3] DEBUG o.a.camel.processor.SendProcessor - >>>> integrationmapping://null?code=default Exchange[80A81A3DD843859-0000000000000002]
2026-02-25 12:33:10 [http-nio-8081-exec-3] INFO  c.m.IntegrationMappingProducer - Processing Integration Mapping for routeId: Hospital_HealthMap_Mappin
2026-02-25 12:33:10 [http-nio-8081-exec-3] INFO  c.m.IntegrationMappingProducer - Built request - RouteID: Hospital_HealthMap_Mappin, pe: 202601, ou: OU_GROUP-KkUreY5USlF, dhis2Code: null, UUID: 01a1e59d-79ba-41b1-9257-96b337a8b1c0
2026-02-25 12:33:10 [http-nio-8081-exec-3] INFO  c.m.b.c.IntegrationMappingConfiguration - Processing mapping for API: Hospital_HealthMap_Mappin
2026-02-25 12:33:10 [http-nio-8081-exec-3] INFO  c.m.b.k.s.MiddlewareProcessorService - Processing middleware request for Route ID: Hospital_HealthMap_Mappin with period: 202601, ou: OU_GROUP-KkUreY5USlF
2026-02-25 12:33:10 [http-nio-8081-exec-3] DEBUG c.m.b.k.s.MiddlewareProcessorService - Request parameters - ou: OU_GROUP-KkUreY5USlF, pe: 202601
2026-02-25 12:33:10 [http-nio-8081-exec-3] INFO  c.m.b.k.s.MiddlewareProcessorService - Grouped 236 mappings into 1 API calls
2026-02-25 12:33:10 [http-nio-8081-exec-3] INFO  c.m.b.k.s.MiddlewareProcessorService - Fetching org units metadata using integratedSystem: DHIS2.DWH
2026-02-25 12:33:10 [http-nio-8081-exec-3] INFO  c.m.b.k.service.Dhis2ClientService - Fetching metadata using integratedSystem: DHIS2.DWH (from metadata API)
2026-02-25 12:33:10 [http-nio-8081-exec-3] DEBUG o.s.web.client.RestTemplate - HTTP GET https://hmis-dev.moh.gov.jo/dwh/api/metadata.json?organisationUnits=true&fields=id,code,name,displayName,shortName,description,openingDate,closedDate,level,phoneNumber,email,address,url,parent%5Bid,code,name,level,parent%5Bid,code,name,level,parent%5Bid,code,name,level,parent%5Bid,code,name,level,parent%5Bid,code,name,level%5D%5D%5D%5D%5D,translations,organisationUnitGroups%5Bid,code,name%5D,lastUpdated,attributeValues%5Bvalue,attribute%5Bid,code,name%5D%5D,geometry,image%5Bid,name%5D,openingDate,closedDate,groups%5Bid,code,name%5D
2026-02-25 12:33:10 [http-nio-8081-exec-3] DEBUG o.s.web.client.RestTemplate - Accept=[text/plain, application/json, application/yaml, application/*+json, */*]
2026-02-25 12:33:12 [http-nio-8081-exec-3] DEBUG o.s.web.client.RestTemplate - Response 200 OK
2026-02-25 12:33:12 [http-nio-8081-exec-3] DEBUG o.s.web.client.RestTemplate - Reading to [java.lang.String] as "application/json;charset=UTF-8"
2026-02-25 12:33:13 [http-nio-8081-exec-3] INFO  c.m.b.k.service.Dhis2ClientService - Fetched 2200 org units from metadata API (integratedSystem: DHIS2.DWH)
2026-02-25 12:33:13 [http-nio-8081-exec-3] INFO  c.m.b.k.s.MiddlewareProcessorService - Executing call for API: Hospital_HealthMap_Mapping (ANALYTICS) using integratedSystem: DHIS2.DWH
2026-02-25 12:33:13 [http-nio-8081-exec-3] DEBUG c.m.b.k.s.MiddlewareProcessorService - API flags - useOuFromRequest: true, usePeFromRequest: true
2026-02-25 12:33:13 [http-nio-8081-exec-3] INFO  c.m.b.k.service.Dhis2ClientService - Using DHIS2 settings: integratedSystem=DHIS2.DWH, baseUrl=HTTPS://hmis-dev.moh.gov.jo/dwh
2026-02-25 12:33:13 [http-nio-8081-exec-3] DEBUG c.m.b.k.service.Dhis2ClientService - Built Analytics URL with flags (useOu=true, usePe=true): /api/analytics.json?dimension=dx:C3J9gupRpkv.f6KCBSctsKT;C3J9gupRpkv.qgikuGs16ol;jn4pQVfIaIf;mCryL70xgcR;mCryL70xgcR.n7l9dA920vy;mCryL70xgcR.koh0tliu6RV;cltmZ5EyYNs.n7l9dA920vy;cltmZ5EyYNs.koh0tliu6RV;cltmZ5EyYNs;C3J9gupRpkv.yr1cgGdONRm;C3J9gupRpkv.VzIcBH0k6lJ;M76CHdiNVTr;C3J9gupRpkv.nsIGCAXqmeo;C3J9gupRpkv.ih3CTGgn0l5;Oyxkqradre;nSubq2TDH0g.n7l9dA920vy;nSubq2TDH0g.koh0tliu6RV;nSubq2TDH0g;C3J9gupRpkv.IWjHuBbAQ6U;C3J9gupRpkv.wwP3HvY29bF;wnm7ReXX75U;G8zTi6EPGqj.n7l9dA920vy;G8zTi6EPGqj.koh0tliu6RV;G8zTi6EPGqj;xvHA0fLRcyX.n7l9dA920vy;xvHA0fLRcyX.koh0tliu6RV;xvHA0fLRcyX;C3J9gupRpkv.qRKdkvoSnNy;C3J9gupRpkv.MszHhQEFz4z;jn4pQVfIaIf;f2mdrrKvhGK.n7l9dA920vy;f2mdrrKvhGK.koh0tliu6RV;f2mdrrKvhGK;v1jIqMevb35.f6KCBSctsKT;v1jIqMevb35.qgikuGs16ol;v1jIqMevb35.yr1cgGdONRm;v1jIqMevb35.VzIcBH0k6lJ;v1jIqMevb35.IWjHuBbAQ6U;v1jIqMevb35.wwP3HvY29bF;v1jIqMevb35.nsIGCAXqmeo;v1jIqMevb35.ih3CTGgn0l5;v1jIqMevb35.qRKdkvoSnNy;v1jIqMevb35.MszHhQEFz4z;TbkEXL3zws3.f6KCBSctsKT;TbkEXL3zws3.qgikuGs16ol;TbkEXL3zws3.yr1cgGdONRm;TbkEXL3zws3.VzIcBH0k6lJ;TbkEXL3zws3.IWjHuBbAQ6U;TbkEXL3zws3.wwP3HvY29bF;TbkEXL3zws3.nsIGCAXqmeo;TbkEXL3zws3.ih3CTGgn0l5;TbkEXL3zws3.qRKdkvoSnNy;TbkEXL3zws3.MszHhQEFz4z;nsXaQk7geGa.yTb1U3ECuGF;nsXaQk7geGa.efoIG4g9arY;nsXaQk7geGa.M7dT8gVS7zy;nsXaQk7geGa.FmQ4cAywsli;nsXaQk7geGa.GJ0VvZgluAw;nsXaQk7geGa.oJQWiZkIM0k;J1Vj8d8khPd.yTb1U3ECuGF;J1Vj8d8khPd.efoIG4g9arY;J1Vj8d8khPd.M7dT8gVS7zy;J1Vj8d8khPd.FmQ4cAywsli;J1Vj8d8khPd.GJ0VvZgluAw;J1Vj8d8khPd.oJQWiZkIM0k;wqEip6Dbe3l.yTb1U3ECuGF;wqEip6Dbe3l.efoIG4g9arY;wqEip6Dbe3l.M7dT8gVS7zy;wqEip6Dbe3l.FmQ4cAywsli;wqEip6Dbe3l.GJ0VvZgluAw;wqEip6Dbe3l.oJQWiZkIM0k;jP9Grjpaqun.yTb1U3ECuGF;jP9Grjpaqun.efoIG4g9arY;jP9Grjpaqun.M7dT8gVS7zy;jP9Grjpaqun.FmQ4cAywsli;jP9Grjpaqun.GJ0VvZgluAw;jP9Grjpaqun.oJQWiZkIM0k;WLzrCuWBNnE.yTb1U3ECuGF;WLzrCuWBNnE.efoIG4g9arY;WLzrCuWBNnE.M7dT8gVS7zy;WLzrCuWBNnE.FmQ4cAywsli;WLzrCuWBNnE.GJ0VvZgluAw;WLzrCuWBNnE.oJQWiZkIM0k;CUGep0XzA3A.yTb1U3ECuGF;CUGep0XzA3A.efoIG4g9arY;CUGep0XzA3A.M7dT8gVS7zy;CUGep0XzA3A.FmQ4cAywsli;CUGep0XzA3A.GJ0VvZgluAw;CUGep0XzA3A.oJQWiZkIM0k;mHhrSasaZEk.yTb1U3ECuGF;mHhrSasaZEk.efoIG4g9arY;mHhrSasaZEk.M7dT8gVS7zy;mHhrSasaZEk.FmQ4cAywsli;mHhrSasaZEk.GJ0VvZgluAw;mHhrSasaZEk.oJQWiZkIM0k;pEO23PlwCSb.GJ0VvZgluAw;pEO23PlwCSb.yTb1U3ECuGF;pEO23PlwCSb.efoIG4g9arY;pEO23PlwCSb.M7dT8gVS7zy;pEO23PlwCSb.FmQ4cAywsli;pEO23PlwCSb.oJQWiZkIM0k;M90jcnFPAxk.yTb1U3ECuGF;M90jcnFPAxk.efoIG4g9arY;M90jcnFPAxk.M7dT8gVS7zy;M90jcnFPAxk.FmQ4cAywsli;M90jcnFPAxk.GJ0VvZgluAw;M90jcnFPAxk.oJQWiZkIM0k;QQdagPXych9.yTb1U3ECuGF;QQdagPXych9.efoIG4g9arY;QQdagPXych9.M7dT8gVS7zy;QQdagPXych9.FmQ4cAywsli;QQdagPXych9.GJ0VvZgluAw;QQdagPXych9.oJQWiZkIM0k;C9HrptUsCLz.yTb1U3ECuGF;C9HrptUsCLz.efoIG4g9arY;C9HrptUsCLz.M7dT8gVS7zy;C9HrptUsCLz.FmQ4cAywsli;C9HrptUsCLz.GJ0VvZgluAw;C9HrptUsCLz.oJQWiZkIM0k;MTS6Q2xlT3L.yTb1U3ECuGF;MTS6Q2xlT3L.efoIG4g9arY;MTS6Q2xlT3L.M7dT8gVS7zy;MTS6Q2xlT3L.FmQ4cAywsli;MTS6Q2xlT3L.GJ0VvZgluAw;MTS6Q2xlT3L.oJQWiZkIM0k;HG2yJtkPuFl.yTb1U3ECuGF;HG2yJtkPuFl.efoIG4g9arY;HG2yJtkPuFl.M7dT8gVS7zy;HG2yJtkPuFl.FmQ4cAywsli;HG2yJtkPuFl.GJ0VvZgluAw;HG2yJtkPuFl.oJQWiZkIM0k;k8y8u4reC3j.yTb1U3ECuGF;k8y8u4reC3j.efoIG4g9arY;k8y8u4reC3j.M7dT8gVS7zy;k8y8u4reC3j.FmQ4cAywsli;k8y8u4reC3j.GJ0VvZgluAw;k8y8u4reC3j.oJQWiZkIM0k;h7WZ16B0f5h;bwkaWNM5IxW;IGNjoHsBPA5;Lax7XiHZ8JW;PqpBniaM7Qw;qdGx2wXPmBu;VlUPLLmJyum;X3kIHc7slwq;Eypb9xMSAcl;Kt8FuTI6be4;XCRMCX69YKb;KKk8T1SkAXI;OvOdSwkNN7w;dDyQKZEVXfc;y4CRWblENPS;JEK6BLZSjJr;AThkRYyxfSW;shjOt7XXI6Y;tGIMo3WxNLt;M3lOaTkFa6h;BAzqwT8ahGp;UqDNOKbj06I;AdcYUWNKWVO;SX9h8BXpLCE;b33pgG2ryuO;dyDMZoNSPve;LJSFDCsBKGX;nLkYYy7UfZu;ntGnd7teBlJ;JcgaA2kYLak;x7pAx1mEDVW;Dz9YDM3B11d;TbkEXL3zws3;UkeKK3Yz0eV;HIgoCJ50qkC;H7BYxecWAWS;H7BYxecWAWS;azVbANcTyeq;QqXkYA7XAYw;CCvziA5YTie;RcEuwqgQGf4;T2FsvO0b3jy.UuRrjnhE5uq;T2FsvO0b3jy.eV4Y7v7xFa2;T2FsvO0b3jy.jBX2qee107G;T2FsvO0b3jy.vTYSOxTTCNG;SOxwBu91n8g;xLXMzfGbCvU;wtSyTdH47Yp;K4z9xEWrpom;Io29XwRiXK7;Ug8YP3YzkKk;lJQWri3Cb0V.Jx72l4NfSLz;lJQWri3Cb0V.rLmcoXtmnUM;TbuzgtCfZlN.oUBnaM0PTcd;TbuzgtCfZlN.HJDrURNyZK4;jgsCugn2BZw.HJDrURNyZK4;eQ29xBhM6bZ.HJDrURNyZK4;jgsCugn2BZw.oUBnaM0PTcd;eQ29xBhM6bZ.oUBnaM0PTcd;TbuzgtCfZlN.n7MTyanPfTh;jgsCugn2BZw.n7MTyanPfTh;eQ29xBhM6bZ.n7MTyanPfTh;TbuzgtCfZlN.ezbEKdMfHeV;jgsCugn2BZw.ezbEKdMfHeV;eQ29xBhM6bZ.ezbEKdMfHeV;pKWWsnctb4D;vSSXernIS3R&dimension=ou:OU_GROUP-KkUreY5USlF&dimension=pe:202601&dimension=UedUhlkhYWX:KG7l26av4v5;M0TzDNQdeju;NDWlje7qHvH;Znfg4CCkg7Z;djVrwOWyadD
2026-02-25 12:33:13 [http-nio-8081-exec-3] DEBUG o.s.web.client.RestTemplate - HTTP GET https://hmis-dev.moh.gov.jo/dwh/api/analytics.json?dimension=dx:C3J9gupRpkv.f6KCBSctsKT;C3J9gupRpkv.qgikuGs16ol;jn4pQVfIaIf;mCryL70xgcR;mCryL70xgcR.n7l9dA920vy;mCryL70xgcR.koh0tliu6RV;cltmZ5EyYNs.n7l9dA920vy;cltmZ5EyYNs.koh0tliu6RV;cltmZ5EyYNs;C3J9gupRpkv.yr1cgGdONRm;C3J9gupRpkv.VzIcBH0k6lJ;M76CHdiNVTr;C3J9gupRpkv.nsIGCAXqmeo;C3J9gupRpkv.ih3CTGgn0l5;Oyxkqradre;nSubq2TDH0g.n7l9dA920vy;nSubq2TDH0g.koh0tliu6RV;nSubq2TDH0g;C3J9gupRpkv.IWjHuBbAQ6U;C3J9gupRpkv.wwP3HvY29bF;wnm7ReXX75U;G8zTi6EPGqj.n7l9dA920vy;G8zTi6EPGqj.koh0tliu6RV;G8zTi6EPGqj;xvHA0fLRcyX.n7l9dA920vy;xvHA0fLRcyX.koh0tliu6RV;xvHA0fLRcyX;C3J9gupRpkv.qRKdkvoSnNy;C3J9gupRpkv.MszHhQEFz4z;jn4pQVfIaIf;f2mdrrKvhGK.n7l9dA920vy;f2mdrrKvhGK.koh0tliu6RV;f2mdrrKvhGK;v1jIqMevb35.f6KCBSctsKT;v1jIqMevb35.qgikuGs16ol;v1jIqMevb35.yr1cgGdONRm;v1jIqMevb35.VzIcBH0k6lJ;v1jIqMevb35.IWjHuBbAQ6U;v1jIqMevb35.wwP3HvY29bF;v1jIqMevb35.nsIGCAXqmeo;v1jIqMevb35.ih3CTGgn0l5;v1jIqMevb35.qRKdkvoSnNy;v1jIqMevb35.MszHhQEFz4z;TbkEXL3zws3.f6KCBSctsKT;TbkEXL3zws3.qgikuGs16ol;TbkEXL3zws3.yr1cgGdONRm;TbkEXL3zws3.VzIcBH0k6lJ;TbkEXL3zws3.IWjHuBbAQ6U;TbkEXL3zws3.wwP3HvY29bF;TbkEXL3zws3.nsIGCAXqmeo;TbkEXL3zws3.ih3CTGgn0l5;TbkEXL3zws3.qRKdkvoSnNy;TbkEXL3zws3.MszHhQEFz4z;nsXaQk7geGa.yTb1U3ECuGF;nsXaQk7geGa.efoIG4g9arY;nsXaQk7geGa.M7dT8gVS7zy;nsXaQk7geGa.FmQ4cAywsli;nsXaQk7geGa.GJ0VvZgluAw;nsXaQk7geGa.oJQWiZkIM0k;J1Vj8d8khPd.yTb1U3ECuGF;J1Vj8d8khPd.efoIG4g9arY;J1Vj8d8khPd.M7dT8gVS7zy;J1Vj8d8khPd.FmQ4cAywsli;J1Vj8d8khPd.GJ0VvZgluAw;J1Vj8d8khPd.oJQWiZkIM0k;wqEip6Dbe3l.yTb1U3ECuGF;wqEip6Dbe3l.efoIG4g9arY;wqEip6Dbe3l.M7dT8gVS7zy;wqEip6Dbe3l.FmQ4cAywsli;wqEip6Dbe3l.GJ0VvZgluAw;wqEip6Dbe3l.oJQWiZkIM0k;jP9Grjpaqun.yTb1U3ECuGF;jP9Grjpaqun.efoIG4g9arY;jP9Grjpaqun.M7dT8gVS7zy;jP9Grjpaqun.FmQ4cAywsli;jP9Grjpaqun.GJ0VvZgluAw;jP9Grjpaqun.oJQWiZkIM0k;WLzrCuWBNnE.yTb1U3ECuGF;WLzrCuWBNnE.efoIG4g9arY;WLzrCuWBNnE.M7dT8gVS7zy;WLzrCuWBNnE.FmQ4cAywsli;WLzrCuWBNnE.GJ0VvZgluAw;WLzrCuWBNnE.oJQWiZkIM0k;CUGep0XzA3A.yTb1U3ECuGF;CUGep0XzA3A.efoIG4g9arY;CUGep0XzA3A.M7dT8gVS7zy;CUGep0XzA3A.FmQ4cAywsli;CUGep0XzA3A.GJ0VvZgluAw;CUGep0XzA3A.oJQWiZkIM0k;mHhrSasaZEk.yTb1U3ECuGF;mHhrSasaZEk.efoIG4g9arY;mHhrSasaZEk.M7dT8gVS7zy;mHhrSasaZEk.FmQ4cAywsli;mHhrSasaZEk.GJ0VvZgluAw;mHhrSasaZEk.oJQWiZkIM0k;pEO23PlwCSb.GJ0VvZgluAw;pEO23PlwCSb.yTb1U3ECuGF;pEO23PlwCSb.efoIG4g9arY;pEO23PlwCSb.M7dT8gVS7zy;pEO23PlwCSb.FmQ4cAywsli;pEO23PlwCSb.oJQWiZkIM0k;M90jcnFPAxk.yTb1U3ECuGF;M90jcnFPAxk.efoIG4g9arY;M90jcnFPAxk.M7dT8gVS7zy;M90jcnFPAxk.FmQ4cAywsli;M90jcnFPAxk.GJ0VvZgluAw;M90jcnFPAxk.oJQWiZkIM0k;QQdagPXych9.yTb1U3ECuGF;QQdagPXych9.efoIG4g9arY;QQdagPXych9.M7dT8gVS7zy;QQdagPXych9.FmQ4cAywsli;QQdagPXych9.GJ0VvZgluAw;QQdagPXych9.oJQWiZkIM0k;C9HrptUsCLz.yTb1U3ECuGF;C9HrptUsCLz.efoIG4g9arY;C9HrptUsCLz.M7dT8gVS7zy;C9HrptUsCLz.FmQ4cAywsli;C9HrptUsCLz.GJ0VvZgluAw;C9HrptUsCLz.oJQWiZkIM0k;MTS6Q2xlT3L.yTb1U3ECuGF;MTS6Q2xlT3L.efoIG4g9arY;MTS6Q2xlT3L.M7dT8gVS7zy;MTS6Q2xlT3L.FmQ4cAywsli;MTS6Q2xlT3L.GJ0VvZgluAw;MTS6Q2xlT3L.oJQWiZkIM0k;HG2yJtkPuFl.yTb1U3ECuGF;HG2yJtkPuFl.efoIG4g9arY;HG2yJtkPuFl.M7dT8gVS7zy;HG2yJtkPuFl.FmQ4cAywsli;HG2yJtkPuFl.GJ0VvZgluAw;HG2yJtkPuFl.oJQWiZkIM0k;k8y8u4reC3j.yTb1U3ECuGF;k8y8u4reC3j.efoIG4g9arY;k8y8u4reC3j.M7dT8gVS7zy;k8y8u4reC3j.FmQ4cAywsli;k8y8u4reC3j.GJ0VvZgluAw;k8y8u4reC3j.oJQWiZkIM0k;h7WZ16B0f5h;bwkaWNM5IxW;IGNjoHsBPA5;Lax7XiHZ8JW;PqpBniaM7Qw;qdGx2wXPmBu;VlUPLLmJyum;X3kIHc7slwq;Eypb9xMSAcl;Kt8FuTI6be4;XCRMCX69YKb;KKk8T1SkAXI;OvOdSwkNN7w;dDyQKZEVXfc;y4CRWblENPS;JEK6BLZSjJr;AThkRYyxfSW;shjOt7XXI6Y;tGIMo3WxNLt;M3lOaTkFa6h;BAzqwT8ahGp;UqDNOKbj06I;AdcYUWNKWVO;SX9h8BXpLCE;b33pgG2ryuO;dyDMZoNSPve;LJSFDCsBKGX;nLkYYy7UfZu;ntGnd7teBlJ;JcgaA2kYLak;x7pAx1mEDVW;Dz9YDM3B11d;TbkEXL3zws3;UkeKK3Yz0eV;HIgoCJ50qkC;H7BYxecWAWS;H7BYxecWAWS;azVbANcTyeq;QqXkYA7XAYw;CCvziA5YTie;RcEuwqgQGf4;T2FsvO0b3jy.UuRrjnhE5uq;T2FsvO0b3jy.eV4Y7v7xFa2;T2FsvO0b3jy.jBX2qee107G;T2FsvO0b3jy.vTYSOxTTCNG;SOxwBu91n8g;xLXMzfGbCvU;wtSyTdH47Yp;K4z9xEWrpom;Io29XwRiXK7;Ug8YP3YzkKk;lJQWri3Cb0V.Jx72l4NfSLz;lJQWri3Cb0V.rLmcoXtmnUM;TbuzgtCfZlN.oUBnaM0PTcd;TbuzgtCfZlN.HJDrURNyZK4;jgsCugn2BZw.HJDrURNyZK4;eQ29xBhM6bZ.HJDrURNyZK4;jgsCugn2BZw.oUBnaM0PTcd;eQ29xBhM6bZ.oUBnaM0PTcd;TbuzgtCfZlN.n7MTyanPfTh;jgsCugn2BZw.n7MTyanPfTh;eQ29xBhM6bZ.n7MTyanPfTh;TbuzgtCfZlN.ezbEKdMfHeV;jgsCugn2BZw.ezbEKdMfHeV;eQ29xBhM6bZ.ezbEKdMfHeV;pKWWsnctb4D;vSSXernIS3R&dimension=ou:OU_GROUP-KkUreY5USlF&dimension=pe:202601&dimension=UedUhlkhYWX:KG7l26av4v5;M0TzDNQdeju;NDWlje7qHvH;Znfg4CCkg7Z;djVrwOWyadD
2026-02-25 12:33:13 [http-nio-8081-exec-3] DEBUG o.s.web.client.RestTemplate - Accept=[text/plain, application/json, application/yaml, application/*+json, */*]
2026-02-25 12:33:13 [http-nio-8081-exec-3] DEBUG o.s.web.client.RestTemplate - Response 409 CONFLICT
2026-02-25 12:33:13 [http-nio-8081-exec-3] ERROR c.m.b.k.service.Dhis2ClientService - DHIS2 API error: 409 CONFLICT - {"httpStatus":"Conflict","httpStatusCode":409,"status":"ERROR","message":"Organisation unit or organisation unit level is not valid","errorCode":"E7143"}
2026-02-25 12:33:13 [http-nio-8081-exec-3] ERROR c.m.b.k.s.MiddlewareProcessorService - Failed to execute API call for Hospital_HealthMap_Mapping: DHIS2 API error: 409  on GET request for "https://hmis-dev.moh.gov.jo/dwh/api/analytics.json": "{"httpStatus":"Conflict","httpStatusCode":409,"status":"ERROR","message":"Organisation unit or organisation unit level is not valid","errorCode":"E7143"}"
2026-02-25 12:33:13 [http-nio-8081-exec-3] INFO  c.m.b.k.s.MiddlewareProcessorService - Built middleware response with 0 org units
2026-02-25 12:33:13 [http-nio-8081-exec-3] INFO  c.m.b.c.IntegrationMappingConfiguration - Mapping processed successfully for API: Hospital_HealthMap_Mappin with 0 rows
2026-02-25 12:33:13 [http-nio-8081-exec-3] DEBUG o.a.c.http.common.DefaultHttpBinding - Streaming response in chunked mode with buffer size 8192
2026-02-25 12:33:13 [http-nio-8081-exec-3] DEBUG o.s.w.f.CommonsRequestLoggingFilter - After request [GET /camel/v1/hospitales?transactionUUID=01a1e59d-79ba-41b1-9257-96b337a8b1c0&ou=OU_GROUP-KkUreY5USlF&pe=202601, client=0:0:0:0:0:0:0:1, user=healthmap@mail.com, payload=
]
2026-02-25 12:33:13 [task-3] DEBUG c.m.b.l.s.MiddlewareApiCallLogService - updateTransaction... updating Route [servlet:/v1/hospitales?httpMethodRestrict=GET] - Exchange content: {transactionUUID=01a1e59d-79ba-41b1-9257-96b337a8b1c0, mapping.success=true, CamelCharsetName=UTF-8, mapping.status=SUCCESS, CamelToEndpoint=integrationmapping://null?code=default, apiLogId=79}
2026-02-25 12:33:13 [task-3] INFO  c.m.b.l.s.MiddlewareApiCallLogService - Transaction acbd5b6b-718a-4468-aed0-df61736b5fbe for routeId: Hospital_HealthMap_Mappin updated successfully: status=COMPLETED, responseCode=200
2026-02-25 12:33:22 [scheduling-1] INFO  c.m.b.k.service.DynamicRouteService - Starting route status sync with Camel context
2026-02-25 12:33:22 [scheduling-1] INFO  c.m.b.k.service.DynamicRouteService - Completed route status sync
2026-02-25 12:33:52 [scheduling-1] INFO  c.m.b.k.service.DynamicRouteService - Starting route status sync with Camel context
2026-02-25 12:33:52 [scheduling-1] INFO  c.m.b.k.service.DynamicRouteService - Completed route status sync
2026-02-25 12:34:22 [scheduling-1] INFO  c.m.b.k.service.DynamicRouteService - Starting route status sync with Camel context
2026-02-25 12:34:22 [scheduling-1] INFO  c.m.b.k.service.DynamicRouteService - Completed route status sync
2026-02-25 12:34:52 [scheduling-1] INFO  c.m.b.k.service.DynamicRouteService - Starting route status sync with Camel context
2026-02-25 12:34:52 [scheduling-1] INFO  c.m.b.k.service.DynamicRouteService - Completed route status sync
2026-02-25 12:35:02 [http-nio-8081-exec-8] INFO  c.m.b.k.service.DynamicRouteService - Fetching active routes with pagination
2026-02-25 12:35:03 [http-nio-8081-exec-8] INFO  c.m.b.k.service.DynamicRouteService - Fetching active routes with pagination
2026-02-25 12:35:03 [http-nio-8081-exec-8] DEBUG o.s.w.f.CommonsRequestLoggingFilter - Before request [GET /camel/v1/hospitales?transactionUUID=d9e5051b-8371-4f02-91b5-d69071b1bc6e&ou=OU_GROUP-uiAUT0VGb0q&pe=202601, client=0:0:0:0:0:0:0:1, user=healthmap@mail.com]
2026-02-25 12:35:03 [http-nio-8081-exec-8] INFO  c.m.b.policy.LoggingRoutePolicy - LoggingRoutePolicy.onExchangeBegin: Route [Hospital_HealthMap_Mappin] - Incoming exchange: 80A81A3DD843859-0000000000000003
2026-02-25 12:35:03 [http-nio-8081-exec-8] DEBUG c.m.b.l.s.MiddlewareApiCallLogService - createTransactionSync... creating log for Route [Hospital_HealthMap_Mappin] - Exchange content: {CamelCharsetName=UTF-8}
2026-02-25 12:35:03 [http-nio-8081-exec-8] DEBUG c.m.b.l.s.MiddlewareApiCallLogService - UUID validation passed for: d9e5051b-8371-4f02-91b5-d69071b1bc6e
2026-02-25 12:35:03 [http-nio-8081-exec-8] DEBUG c.m.b.l.s.MiddlewareApiCallLogService - First attempt for new UUID: d9e5051b-8371-4f02-91b5-d69071b1bc6e
2026-02-25 12:35:03 [http-nio-8081-exec-8] INFO  c.m.b.policy.LoggingRoutePolicy - LoggingRoutePolicy.onExchangeBegin: Route [Hospital_HealthMap_Mappin] - call log created with ID 80
2026-02-25 12:35:03 [http-nio-8081-exec-8] DEBUG o.a.camel.processor.SendProcessor - >>>> integrationmapping://null?code=default Exchange[80A81A3DD843859-0000000000000003]
2026-02-25 12:35:03 [http-nio-8081-exec-8] INFO  c.m.IntegrationMappingProducer - Processing Integration Mapping for routeId: Hospital_HealthMap_Mappin
2026-02-25 12:35:03 [http-nio-8081-exec-8] INFO  c.m.IntegrationMappingProducer - Built request - RouteID: Hospital_HealthMap_Mappin, pe: 202601, ou: OU_GROUP-uiAUT0VGb0q, dhis2Code: null, UUID: d9e5051b-8371-4f02-91b5-d69071b1bc6e
2026-02-25 12:35:03 [http-nio-8081-exec-8] INFO  c.m.b.c.IntegrationMappingConfiguration - Processing mapping for API: Hospital_HealthMap_Mappin
2026-02-25 12:35:03 [http-nio-8081-exec-8] INFO  c.m.b.k.s.MiddlewareProcessorService - Processing middleware request for Route ID: Hospital_HealthMap_Mappin with period: 202601, ou: OU_GROUP-uiAUT0VGb0q
2026-02-25 12:35:03 [http-nio-8081-exec-8] DEBUG c.m.b.k.s.MiddlewareProcessorService - Request parameters - ou: OU_GROUP-uiAUT0VGb0q, pe: 202601
2026-02-25 12:35:03 [http-nio-8081-exec-8] INFO  c.m.b.k.s.MiddlewareProcessorService - Grouped 236 mappings into 1 API calls
2026-02-25 12:35:03 [http-nio-8081-exec-8] INFO  c.m.b.k.s.MiddlewareProcessorService - Fetching org units metadata using integratedSystem: DHIS2.DWH
2026-02-25 12:35:03 [http-nio-8081-exec-8] INFO  c.m.b.k.service.Dhis2ClientService - Fetching metadata using integratedSystem: DHIS2.DWH (from metadata API)
2026-02-25 12:35:03 [http-nio-8081-exec-8] DEBUG o.s.web.client.RestTemplate - HTTP GET https://hmis-dev.moh.gov.jo/dwh/api/metadata.json?organisationUnits=true&fields=id,code,name,displayName,shortName,description,openingDate,closedDate,level,phoneNumber,email,address,url,parent%5Bid,code,name,level,parent%5Bid,code,name,level,parent%5Bid,code,name,level,parent%5Bid,code,name,level,parent%5Bid,code,name,level%5D%5D%5D%5D%5D,translations,organisationUnitGroups%5Bid,code,name%5D,lastUpdated,attributeValues%5Bvalue,attribute%5Bid,code,name%5D%5D,geometry,image%5Bid,name%5D,openingDate,closedDate,groups%5Bid,code,name%5D
2026-02-25 12:35:03 [http-nio-8081-exec-8] DEBUG o.s.web.client.RestTemplate - Accept=[text/plain, application/json, application/yaml, application/*+json, */*]
2026-02-25 12:35:06 [http-nio-8081-exec-8] DEBUG o.s.web.client.RestTemplate - Response 200 OK
2026-02-25 12:35:06 [http-nio-8081-exec-8] DEBUG o.s.web.client.RestTemplate - Reading to [java.lang.String] as "application/json;charset=UTF-8"
2026-02-25 12:35:07 [http-nio-8081-exec-8] INFO  c.m.b.k.service.Dhis2ClientService - Fetched 2200 org units from metadata API (integratedSystem: DHIS2.DWH)
2026-02-25 12:35:07 [http-nio-8081-exec-8] INFO  c.m.b.k.s.MiddlewareProcessorService - Executing call for API: Hospital_HealthMap_Mapping (ANALYTICS) using integratedSystem: DHIS2.DWH
2026-02-25 12:35:07 [http-nio-8081-exec-8] DEBUG c.m.b.k.s.MiddlewareProcessorService - API flags - useOuFromRequest: true, usePeFromRequest: true
2026-02-25 12:35:07 [http-nio-8081-exec-8] INFO  c.m.b.k.service.Dhis2ClientService - Using DHIS2 settings: integratedSystem=DHIS2.DWH, baseUrl=HTTPS://hmis-dev.moh.gov.jo/dwh
2026-02-25 12:35:07 [http-nio-8081-exec-8] DEBUG c.m.b.k.service.Dhis2ClientService - Built Analytics URL with flags (useOu=true, usePe=true): /api/analytics.json?dimension=dx:C3J9gupRpkv.f6KCBSctsKT;C3J9gupRpkv.qgikuGs16ol;jn4pQVfIaIf;mCryL70xgcR;mCryL70xgcR.n7l9dA920vy;mCryL70xgcR.koh0tliu6RV;cltmZ5EyYNs.n7l9dA920vy;cltmZ5EyYNs.koh0tliu6RV;cltmZ5EyYNs;C3J9gupRpkv.yr1cgGdONRm;C3J9gupRpkv.VzIcBH0k6lJ;M76CHdiNVTr;C3J9gupRpkv.nsIGCAXqmeo;C3J9gupRpkv.ih3CTGgn0l5;Oyxkqradre;nSubq2TDH0g.n7l9dA920vy;nSubq2TDH0g.koh0tliu6RV;nSubq2TDH0g;C3J9gupRpkv.IWjHuBbAQ6U;C3J9gupRpkv.wwP3HvY29bF;wnm7ReXX75U;G8zTi6EPGqj.n7l9dA920vy;G8zTi6EPGqj.koh0tliu6RV;G8zTi6EPGqj;xvHA0fLRcyX.n7l9dA920vy;xvHA0fLRcyX.koh0tliu6RV;xvHA0fLRcyX;C3J9gupRpkv.qRKdkvoSnNy;C3J9gupRpkv.MszHhQEFz4z;jn4pQVfIaIf;f2mdrrKvhGK.n7l9dA920vy;f2mdrrKvhGK.koh0tliu6RV;f2mdrrKvhGK;v1jIqMevb35.f6KCBSctsKT;v1jIqMevb35.qgikuGs16ol;v1jIqMevb35.yr1cgGdONRm;v1jIqMevb35.VzIcBH0k6lJ;v1jIqMevb35.IWjHuBbAQ6U;v1jIqMevb35.wwP3HvY29bF;v1jIqMevb35.nsIGCAXqmeo;v1jIqMevb35.ih3CTGgn0l5;v1jIqMevb35.qRKdkvoSnNy;v1jIqMevb35.MszHhQEFz4z;TbkEXL3zws3.f6KCBSctsKT;TbkEXL3zws3.qgikuGs16ol;TbkEXL3zws3.yr1cgGdONRm;TbkEXL3zws3.VzIcBH0k6lJ;TbkEXL3zws3.IWjHuBbAQ6U;TbkEXL3zws3.wwP3HvY29bF;TbkEXL3zws3.nsIGCAXqmeo;TbkEXL3zws3.ih3CTGgn0l5;TbkEXL3zws3.qRKdkvoSnNy;TbkEXL3zws3.MszHhQEFz4z;nsXaQk7geGa.yTb1U3ECuGF;nsXaQk7geGa.efoIG4g9arY;nsXaQk7geGa.M7dT8gVS7zy;nsXaQk7geGa.FmQ4cAywsli;nsXaQk7geGa.GJ0VvZgluAw;nsXaQk7geGa.oJQWiZkIM0k;J1Vj8d8khPd.yTb1U3ECuGF;J1Vj8d8khPd.efoIG4g9arY;J1Vj8d8khPd.M7dT8gVS7zy;J1Vj8d8khPd.FmQ4cAywsli;J1Vj8d8khPd.GJ0VvZgluAw;J1Vj8d8khPd.oJQWiZkIM0k;wqEip6Dbe3l.yTb1U3ECuGF;wqEip6Dbe3l.efoIG4g9arY;wqEip6Dbe3l.M7dT8gVS7zy;wqEip6Dbe3l.FmQ4cAywsli;wqEip6Dbe3l.GJ0VvZgluAw;wqEip6Dbe3l.oJQWiZkIM0k;jP9Grjpaqun.yTb1U3ECuGF;jP9Grjpaqun.efoIG4g9arY;jP9Grjpaqun.M7dT8gVS7zy;jP9Grjpaqun.FmQ4cAywsli;jP9Grjpaqun.GJ0VvZgluAw;jP9Grjpaqun.oJQWiZkIM0k;WLzrCuWBNnE.yTb1U3ECuGF;WLzrCuWBNnE.efoIG4g9arY;WLzrCuWBNnE.M7dT8gVS7zy;WLzrCuWBNnE.FmQ4cAywsli;WLzrCuWBNnE.GJ0VvZgluAw;WLzrCuWBNnE.oJQWiZkIM0k;CUGep0XzA3A.yTb1U3ECuGF;CUGep0XzA3A.efoIG4g9arY;CUGep0XzA3A.M7dT8gVS7zy;CUGep0XzA3A.FmQ4cAywsli;CUGep0XzA3A.GJ0VvZgluAw;CUGep0XzA3A.oJQWiZkIM0k;mHhrSasaZEk.yTb1U3ECuGF;mHhrSasaZEk.efoIG4g9arY;mHhrSasaZEk.M7dT8gVS7zy;mHhrSasaZEk.FmQ4cAywsli;mHhrSasaZEk.GJ0VvZgluAw;mHhrSasaZEk.oJQWiZkIM0k;pEO23PlwCSb.GJ0VvZgluAw;pEO23PlwCSb.yTb1U3ECuGF;pEO23PlwCSb.efoIG4g9arY;pEO23PlwCSb.M7dT8gVS7zy;pEO23PlwCSb.FmQ4cAywsli;pEO23PlwCSb.oJQWiZkIM0k;M90jcnFPAxk.yTb1U3ECuGF;M90jcnFPAxk.efoIG4g9arY;M90jcnFPAxk.M7dT8gVS7zy;M90jcnFPAxk.FmQ4cAywsli;M90jcnFPAxk.GJ0VvZgluAw;M90jcnFPAxk.oJQWiZkIM0k;QQdagPXych9.yTb1U3ECuGF;QQdagPXych9.efoIG4g9arY;QQdagPXych9.M7dT8gVS7zy;QQdagPXych9.FmQ4cAywsli;QQdagPXych9.GJ0VvZgluAw;QQdagPXych9.oJQWiZkIM0k;C9HrptUsCLz.yTb1U3ECuGF;C9HrptUsCLz.efoIG4g9arY;C9HrptUsCLz.M7dT8gVS7zy;C9HrptUsCLz.FmQ4cAywsli;C9HrptUsCLz.GJ0VvZgluAw;C9HrptUsCLz.oJQWiZkIM0k;MTS6Q2xlT3L.yTb1U3ECuGF;MTS6Q2xlT3L.efoIG4g9arY;MTS6Q2xlT3L.M7dT8gVS7zy;MTS6Q2xlT3L.FmQ4cAywsli;MTS6Q2xlT3L.GJ0VvZgluAw;MTS6Q2xlT3L.oJQWiZkIM0k;HG2yJtkPuFl.yTb1U3ECuGF;HG2yJtkPuFl.efoIG4g9arY;HG2yJtkPuFl.M7dT8gVS7zy;HG2yJtkPuFl.FmQ4cAywsli;HG2yJtkPuFl.GJ0VvZgluAw;HG2yJtkPuFl.oJQWiZkIM0k;k8y8u4reC3j.yTb1U3ECuGF;k8y8u4reC3j.efoIG4g9arY;k8y8u4reC3j.M7dT8gVS7zy;k8y8u4reC3j.FmQ4cAywsli;k8y8u4reC3j.GJ0VvZgluAw;k8y8u4reC3j.oJQWiZkIM0k;h7WZ16B0f5h;bwkaWNM5IxW;IGNjoHsBPA5;Lax7XiHZ8JW;PqpBniaM7Qw;qdGx2wXPmBu;VlUPLLmJyum;X3kIHc7slwq;Eypb9xMSAcl;Kt8FuTI6be4;XCRMCX69YKb;KKk8T1SkAXI;OvOdSwkNN7w;dDyQKZEVXfc;y4CRWblENPS;JEK6BLZSjJr;AThkRYyxfSW;shjOt7XXI6Y;tGIMo3WxNLt;M3lOaTkFa6h;BAzqwT8ahGp;UqDNOKbj06I;AdcYUWNKWVO;SX9h8BXpLCE;b33pgG2ryuO;dyDMZoNSPve;LJSFDCsBKGX;nLkYYy7UfZu;ntGnd7teBlJ;JcgaA2kYLak;x7pAx1mEDVW;Dz9YDM3B11d;TbkEXL3zws3;UkeKK3Yz0eV;HIgoCJ50qkC;H7BYxecWAWS;H7BYxecWAWS;azVbANcTyeq;QqXkYA7XAYw;CCvziA5YTie;RcEuwqgQGf4;T2FsvO0b3jy.UuRrjnhE5uq;T2FsvO0b3jy.eV4Y7v7xFa2;T2FsvO0b3jy.jBX2qee107G;T2FsvO0b3jy.vTYSOxTTCNG;SOxwBu91n8g;xLXMzfGbCvU;wtSyTdH47Yp;K4z9xEWrpom;Io29XwRiXK7;Ug8YP3YzkKk;lJQWri3Cb0V.Jx72l4NfSLz;lJQWri3Cb0V.rLmcoXtmnUM;TbuzgtCfZlN.oUBnaM0PTcd;TbuzgtCfZlN.HJDrURNyZK4;jgsCugn2BZw.HJDrURNyZK4;eQ29xBhM6bZ.HJDrURNyZK4;jgsCugn2BZw.oUBnaM0PTcd;eQ29xBhM6bZ.oUBnaM0PTcd;TbuzgtCfZlN.n7MTyanPfTh;jgsCugn2BZw.n7MTyanPfTh;eQ29xBhM6bZ.n7MTyanPfTh;TbuzgtCfZlN.ezbEKdMfHeV;jgsCugn2BZw.ezbEKdMfHeV;eQ29xBhM6bZ.ezbEKdMfHeV;pKWWsnctb4D;vSSXernIS3R&dimension=ou:OU_GROUP-uiAUT0VGb0q&dimension=pe:202601&dimension=UedUhlkhYWX:KG7l26av4v5;M0TzDNQdeju;NDWlje7qHvH;Znfg4CCkg7Z;djVrwOWyadD
2026-02-25 12:35:07 [http-nio-8081-exec-8] DEBUG o.s.web.client.RestTemplate - HTTP GET https://hmis-dev.moh.gov.jo/dwh/api/analytics.json?dimension=dx:C3J9gupRpkv.f6KCBSctsKT;C3J9gupRpkv.qgikuGs16ol;jn4pQVfIaIf;mCryL70xgcR;mCryL70xgcR.n7l9dA920vy;mCryL70xgcR.koh0tliu6RV;cltmZ5EyYNs.n7l9dA920vy;cltmZ5EyYNs.koh0tliu6RV;cltmZ5EyYNs;C3J9gupRpkv.yr1cgGdONRm;C3J9gupRpkv.VzIcBH0k6lJ;M76CHdiNVTr;C3J9gupRpkv.nsIGCAXqmeo;C3J9gupRpkv.ih3CTGgn0l5;Oyxkqradre;nSubq2TDH0g.n7l9dA920vy;nSubq2TDH0g.koh0tliu6RV;nSubq2TDH0g;C3J9gupRpkv.IWjHuBbAQ6U;C3J9gupRpkv.wwP3HvY29bF;wnm7ReXX75U;G8zTi6EPGqj.n7l9dA920vy;G8zTi6EPGqj.koh0tliu6RV;G8zTi6EPGqj;xvHA0fLRcyX.n7l9dA920vy;xvHA0fLRcyX.koh0tliu6RV;xvHA0fLRcyX;C3J9gupRpkv.qRKdkvoSnNy;C3J9gupRpkv.MszHhQEFz4z;jn4pQVfIaIf;f2mdrrKvhGK.n7l9dA920vy;f2mdrrKvhGK.koh0tliu6RV;f2mdrrKvhGK;v1jIqMevb35.f6KCBSctsKT;v1jIqMevb35.qgikuGs16ol;v1jIqMevb35.yr1cgGdONRm;v1jIqMevb35.VzIcBH0k6lJ;v1jIqMevb35.IWjHuBbAQ6U;v1jIqMevb35.wwP3HvY29bF;v1jIqMevb35.nsIGCAXqmeo;v1jIqMevb35.ih3CTGgn0l5;v1jIqMevb35.qRKdkvoSnNy;v1jIqMevb35.MszHhQEFz4z;TbkEXL3zws3.f6KCBSctsKT;TbkEXL3zws3.qgikuGs16ol;TbkEXL3zws3.yr1cgGdONRm;TbkEXL3zws3.VzIcBH0k6lJ;TbkEXL3zws3.IWjHuBbAQ6U;TbkEXL3zws3.wwP3HvY29bF;TbkEXL3zws3.nsIGCAXqmeo;TbkEXL3zws3.ih3CTGgn0l5;TbkEXL3zws3.qRKdkvoSnNy;TbkEXL3zws3.MszHhQEFz4z;nsXaQk7geGa.yTb1U3ECuGF;nsXaQk7geGa.efoIG4g9arY;nsXaQk7geGa.M7dT8gVS7zy;nsXaQk7geGa.FmQ4cAywsli;nsXaQk7geGa.GJ0VvZgluAw;nsXaQk7geGa.oJQWiZkIM0k;J1Vj8d8khPd.yTb1U3ECuGF;J1Vj8d8khPd.efoIG4g9arY;J1Vj8d8khPd.M7dT8gVS7zy;J1Vj8d8khPd.FmQ4cAywsli;J1Vj8d8khPd.GJ0VvZgluAw;J1Vj8d8khPd.oJQWiZkIM0k;wqEip6Dbe3l.yTb1U3ECuGF;wqEip6Dbe3l.efoIG4g9arY;wqEip6Dbe3l.M7dT8gVS7zy;wqEip6Dbe3l.FmQ4cAywsli;wqEip6Dbe3l.GJ0VvZgluAw;wqEip6Dbe3l.oJQWiZkIM0k;jP9Grjpaqun.yTb1U3ECuGF;jP9Grjpaqun.efoIG4g9arY;jP9Grjpaqun.M7dT8gVS7zy;jP9Grjpaqun.FmQ4cAywsli;jP9Grjpaqun.GJ0VvZgluAw;jP9Grjpaqun.oJQWiZkIM0k;WLzrCuWBNnE.yTb1U3ECuGF;WLzrCuWBNnE.efoIG4g9arY;WLzrCuWBNnE.M7dT8gVS7zy;WLzrCuWBNnE.FmQ4cAywsli;WLzrCuWBNnE.GJ0VvZgluAw;WLzrCuWBNnE.oJQWiZkIM0k;CUGep0XzA3A.yTb1U3ECuGF;CUGep0XzA3A.efoIG4g9arY;CUGep0XzA3A.M7dT8gVS7zy;CUGep0XzA3A.FmQ4cAywsli;CUGep0XzA3A.GJ0VvZgluAw;CUGep0XzA3A.oJQWiZkIM0k;mHhrSasaZEk.yTb1U3ECuGF;mHhrSasaZEk.efoIG4g9arY;mHhrSasaZEk.M7dT8gVS7zy;mHhrSasaZEk.FmQ4cAywsli;mHhrSasaZEk.GJ0VvZgluAw;mHhrSasaZEk.oJQWiZkIM0k;pEO23PlwCSb.GJ0VvZgluAw;pEO23PlwCSb.yTb1U3ECuGF;pEO23PlwCSb.efoIG4g9arY;pEO23PlwCSb.M7dT8gVS7zy;pEO23PlwCSb.FmQ4cAywsli;pEO23PlwCSb.oJQWiZkIM0k;M90jcnFPAxk.yTb1U3ECuGF;M90jcnFPAxk.efoIG4g9arY;M90jcnFPAxk.M7dT8gVS7zy;M90jcnFPAxk.FmQ4cAywsli;M90jcnFPAxk.GJ0VvZgluAw;M90jcnFPAxk.oJQWiZkIM0k;QQdagPXych9.yTb1U3ECuGF;QQdagPXych9.efoIG4g9arY;QQdagPXych9.M7dT8gVS7zy;QQdagPXych9.FmQ4cAywsli;QQdagPXych9.GJ0VvZgluAw;QQdagPXych9.oJQWiZkIM0k;C9HrptUsCLz.yTb1U3ECuGF;C9HrptUsCLz.efoIG4g9arY;C9HrptUsCLz.M7dT8gVS7zy;C9HrptUsCLz.FmQ4cAywsli;C9HrptUsCLz.GJ0VvZgluAw;C9HrptUsCLz.oJQWiZkIM0k;MTS6Q2xlT3L.yTb1U3ECuGF;MTS6Q2xlT3L.efoIG4g9arY;MTS6Q2xlT3L.M7dT8gVS7zy;MTS6Q2xlT3L.FmQ4cAywsli;MTS6Q2xlT3L.GJ0VvZgluAw;MTS6Q2xlT3L.oJQWiZkIM0k;HG2yJtkPuFl.yTb1U3ECuGF;HG2yJtkPuFl.efoIG4g9arY;HG2yJtkPuFl.M7dT8gVS7zy;HG2yJtkPuFl.FmQ4cAywsli;HG2yJtkPuFl.GJ0VvZgluAw;HG2yJtkPuFl.oJQWiZkIM0k;k8y8u4reC3j.yTb1U3ECuGF;k8y8u4reC3j.efoIG4g9arY;k8y8u4reC3j.M7dT8gVS7zy;k8y8u4reC3j.FmQ4cAywsli;k8y8u4reC3j.GJ0VvZgluAw;k8y8u4reC3j.oJQWiZkIM0k;h7WZ16B0f5h;bwkaWNM5IxW;IGNjoHsBPA5;Lax7XiHZ8JW;PqpBniaM7Qw;qdGx2wXPmBu;VlUPLLmJyum;X3kIHc7slwq;Eypb9xMSAcl;Kt8FuTI6be4;XCRMCX69YKb;KKk8T1SkAXI;OvOdSwkNN7w;dDyQKZEVXfc;y4CRWblENPS;JEK6BLZSjJr;AThkRYyxfSW;shjOt7XXI6Y;tGIMo3WxNLt;M3lOaTkFa6h;BAzqwT8ahGp;UqDNOKbj06I;AdcYUWNKWVO;SX9h8BXpLCE;b33pgG2ryuO;dyDMZoNSPve;LJSFDCsBKGX;nLkYYy7UfZu;ntGnd7teBlJ;JcgaA2kYLak;x7pAx1mEDVW;Dz9YDM3B11d;TbkEXL3zws3;UkeKK3Yz0eV;HIgoCJ50qkC;H7BYxecWAWS;H7BYxecWAWS;azVbANcTyeq;QqXkYA7XAYw;CCvziA5YTie;RcEuwqgQGf4;T2FsvO0b3jy.UuRrjnhE5uq;T2FsvO0b3jy.eV4Y7v7xFa2;T2FsvO0b3jy.jBX2qee107G;T2FsvO0b3jy.vTYSOxTTCNG;SOxwBu91n8g;xLXMzfGbCvU;wtSyTdH47Yp;K4z9xEWrpom;Io29XwRiXK7;Ug8YP3YzkKk;lJQWri3Cb0V.Jx72l4NfSLz;lJQWri3Cb0V.rLmcoXtmnUM;TbuzgtCfZlN.oUBnaM0PTcd;TbuzgtCfZlN.HJDrURNyZK4;jgsCugn2BZw.HJDrURNyZK4;eQ29xBhM6bZ.HJDrURNyZK4;jgsCugn2BZw.oUBnaM0PTcd;eQ29xBhM6bZ.oUBnaM0PTcd;TbuzgtCfZlN.n7MTyanPfTh;jgsCugn2BZw.n7MTyanPfTh;eQ29xBhM6bZ.n7MTyanPfTh;TbuzgtCfZlN.ezbEKdMfHeV;jgsCugn2BZw.ezbEKdMfHeV;eQ29xBhM6bZ.ezbEKdMfHeV;pKWWsnctb4D;vSSXernIS3R&dimension=ou:OU_GROUP-uiAUT0VGb0q&dimension=pe:202601&dimension=UedUhlkhYWX:KG7l26av4v5;M0TzDNQdeju;NDWlje7qHvH;Znfg4CCkg7Z;djVrwOWyadD
2026-02-25 12:35:07 [http-nio-8081-exec-8] DEBUG o.s.web.client.RestTemplate - Accept=[text/plain, application/json, application/yaml, application/*+json, */*]
2026-02-25 12:35:09 [http-nio-8081-exec-8] DEBUG o.s.web.client.RestTemplate - Response 200 OK
2026-02-25 12:35:09 [http-nio-8081-exec-8] DEBUG o.s.web.client.RestTemplate - Reading to [java.lang.String] as "application/json;charset=UTF-8"
2026-02-25 12:35:09 [http-nio-8081-exec-8] INFO  c.m.b.k.s.MiddlewareProcessorService - Detected attribute dimension: UedUhlkhYWX at index 3
2026-02-25 12:35:09 [http-nio-8081-exec-8] INFO  c.m.b.k.s.MiddlewareProcessorService - Built middleware response with 122 org units
2026-02-25 12:35:09 [http-nio-8081-exec-8] INFO  c.m.b.c.IntegrationMappingConfiguration - Mapping processed successfully for API: Hospital_HealthMap_Mappin with 122 rows
2026-02-25 12:35:09 [http-nio-8081-exec-8] DEBUG o.a.c.http.common.DefaultHttpBinding - Streaming response in chunked mode with buffer size 8192
2026-02-25 12:35:09 [http-nio-8081-exec-8] DEBUG o.s.w.f.CommonsRequestLoggingFilter - After request [GET /camel/v1/hospitales?transactionUUID=d9e5051b-8371-4f02-91b5-d69071b1bc6e&ou=OU_GROUP-uiAUT0VGb0q&pe=202601, client=0:0:0:0:0:0:0:1, user=healthmap@mail.com, payload=
]
2026-02-25 12:35:09 [task-4] DEBUG c.m.b.l.s.MiddlewareApiCallLogService - updateTransaction... updating Route [servlet:/v1/hospitales?httpMethodRestrict=GET] - Exchange content: {transactionUUID=d9e5051b-8371-4f02-91b5-d69071b1bc6e, mapping.success=true, CamelCharsetName=UTF-8, mapping.status=SUCCESS, CamelToEndpoint=integrationmapping://null?code=default, apiLogId=80}
2026-02-25 12:35:09 [task-4] INFO  c.m.b.l.s.MiddlewareApiCallLogService - Transaction 7bf40c88-225b-4879-a852-9cb34cf10e18 for routeId: Hospital_HealthMap_Mappin updated successfully: status=COMPLETED, responseCode=200
2026-02-25 12:35:22 [scheduling-1] INFO  c.m.b.k.service.DynamicRouteService - Starting route status sync with Camel context
2026-02-25 12:35:22 [scheduling-1] INFO  c.m.b.k.service.DynamicRouteService - Completed route status sync
2026-02-25 12:35:52 [scheduling-1] INFO  c.m.b.k.service.DynamicRouteService - Starting route status sync with Camel context
2026-02-25 12:35:52 [scheduling-1] INFO  c.m.b.k.service.DynamicRouteService - Completed route status sync
2026-02-25 12:36:22 [scheduling-1] INFO  c.m.b.k.service.DynamicRouteService - Starting route status sync with Camel context
2026-02-25 12:36:22 [scheduling-1] INFO  c.m.b.k.service.DynamicRouteService - Completed route status sync
2026-02-25 12:36:52 [scheduling-1] INFO  c.m.b.k.service.DynamicRouteService - Starting route status sync with Camel context
2026-02-25 12:36:52 [scheduling-1] INFO  c.m.b.k.service.DynamicRouteService - Completed route status sync
2026-02-25 12:37:22 [scheduling-1] INFO  c.m.b.k.service.DynamicRouteService - Starting route status sync with Camel context
2026-02-25 12:37:22 [scheduling-1] INFO  c.m.b.k.service.DynamicRouteService - Completed route status sync
2026-02-25 12:37:52 [scheduling-1] INFO  c.m.b.k.service.DynamicRouteService - Starting route status sync with Camel context
2026-02-25 12:37:52 [scheduling-1] INFO  c.m.b.k.service.DynamicRouteService - Completed route status sync
2026-02-25 12:38:22 [scheduling-1] INFO  c.m.b.k.service.DynamicRouteService - Starting route status sync with Camel context
2026-02-25 12:38:22 [scheduling-1] INFO  c.m.b.k.service.DynamicRouteService - Completed route status sync
2026-02-25 12:38:52 [scheduling-1] INFO  c.m.b.k.service.DynamicRouteService - Starting route status sync with Camel context
2026-02-25 12:38:52 [scheduling-1] INFO  c.m.b.k.service.DynamicRouteService - Completed route status sync
2026-02-25 12:39:15 [http-nio-8081-exec-7] INFO  c.m.b.k.service.DynamicRouteService - Fetching active routes with pagination
2026-02-25 12:39:15 [http-nio-8081-exec-7] DEBUG o.s.w.f.CommonsRequestLoggingFilter - Before request [GET /api/integrated-apis/2, client=0:0:0:0:0:0:0:1, user=admin@mail.com]
2026-02-25 12:39:15 [http-nio-8081-exec-7] DEBUG o.s.web.servlet.DispatcherServlet - GET "/api/integrated-apis/2", parameters={}
2026-02-25 12:39:15 [http-nio-8081-exec-7] DEBUG o.s.w.s.m.m.a.RequestMappingHandlerMapping - Mapped to com.middleware.backend.kaotocamel.controller.IntegratedApiController#findById(Long)
2026-02-25 12:39:16 [http-nio-8081-exec-7] DEBUG o.s.w.s.m.m.a.HttpEntityMethodProcessor - Using 'application/json', given [application/json] and supported [application/json, application/*+json, application/yaml]
2026-02-25 12:39:16 [http-nio-8081-exec-7] DEBUG o.s.w.s.m.m.a.HttpEntityMethodProcessor - Writing [IntegratedApiDto(id=2, code=Hospital_HealthMap_Mapping, name=Hospital HealthMap, apiUrl=/api/analyti (truncated)...]
2026-02-25 12:39:16 [http-nio-8081-exec-7] DEBUG o.s.web.servlet.DispatcherServlet - Completed 200 OK
2026-02-25 12:39:16 [http-nio-8081-exec-7] DEBUG o.a.camel.spring.SpringCamelContext - onApplicationEvent: ServletRequestHandledEvent: url=[/api/integrated-apis/2]; client=[0:0:0:0:0:0:0:1]; method=[GET]; status=[200]; servlet=[dispatcherServlet]; session=[null]; user=[admin@mail.com]; time=[66ms]
2026-02-25 12:39:16 [http-nio-8081-exec-7] DEBUG o.s.w.f.CommonsRequestLoggingFilter - After request [GET /api/integrated-apis/2, client=0:0:0:0:0:0:0:1, user=admin@mail.com]
2026-02-25 12:39:22 [scheduling-1] INFO  c.m.b.k.service.DynamicRouteService - Starting route status sync with Camel context
2026-02-25 12:39:22 [scheduling-1] INFO  c.m.b.k.service.DynamicRouteService - Completed route status sync
2026-02-25 12:39:52 [scheduling-1] INFO  c.m.b.k.service.DynamicRouteService - Starting route status sync with Camel context
2026-02-25 12:39:52 [scheduling-1] INFO  c.m.b.k.service.DynamicRouteService - Completed route status sync
2026-02-25 12:40:22 [scheduling-1] INFO  c.m.b.k.service.DynamicRouteService - Starting route status sync with Camel context
2026-02-25 12:40:22 [scheduling-1] INFO  c.m.b.k.service.DynamicRouteService - Completed route status sync
2026-02-25 12:40:52 [scheduling-1] INFO  c.m.b.k.service.DynamicRouteService - Starting route status sync with Camel context
2026-02-25 12:40:52 [scheduling-1] INFO  c.m.b.k.service.DynamicRouteService - Completed route status sync
2026-02-25 12:41:22 [scheduling-1] INFO  c.m.b.k.service.DynamicRouteService - Starting route status sync with Camel context
2026-02-25 12:41:22 [scheduling-1] INFO  c.m.b.k.service.DynamicRouteService - Completed route status sync
2026-02-25 12:41:52 [scheduling-1] INFO  c.m.b.k.service.DynamicRouteService - Starting route status sync with Camel context
2026-02-25 12:41:52 [scheduling-1] INFO  c.m.b.k.service.DynamicRouteService - Completed route status sync
2026-02-25 12:42:22 [scheduling-1] INFO  c.m.b.k.service.DynamicRouteService - Starting route status sync with Camel context
2026-02-25 12:42:22 [scheduling-1] INFO  c.m.b.k.service.DynamicRouteService - Completed route status sync
2026-02-25 12:42:52 [scheduling-1] INFO  c.m.b.k.service.DynamicRouteService - Starting route status sync with Camel context
2026-02-25 12:42:52 [scheduling-1] INFO  c.m.b.k.service.DynamicRouteService - Completed route status sync
2026-02-25 12:43:22 [scheduling-1] INFO  c.m.b.k.service.DynamicRouteService - Starting route status sync with Camel context
2026-02-25 12:43:22 [scheduling-1] INFO  c.m.b.k.service.DynamicRouteService - Completed route status sync
2026-02-25 12:43:52 [scheduling-1] INFO  c.m.b.k.service.DynamicRouteService - Starting route status sync with Camel context
2026-02-25 12:43:52 [scheduling-1] INFO  c.m.b.k.service.DynamicRouteService - Completed route status sync
2026-02-25 12:44:22 [scheduling-1] INFO  c.m.b.k.service.DynamicRouteService - Starting route status sync with Camel context
2026-02-25 12:44:22 [scheduling-1] INFO  c.m.b.k.service.DynamicRouteService - Completed route status sync
2026-02-25 12:44:52 [scheduling-1] INFO  c.m.b.k.service.DynamicRouteService - Starting route status sync with Camel context
2026-02-25 12:44:52 [scheduling-1] INFO  c.m.b.k.service.DynamicRouteService - Completed route status sync
2026-02-25 12:45:22 [scheduling-1] INFO  c.m.b.k.service.DynamicRouteService - Starting route status sync with Camel context
2026-02-25 12:45:22 [scheduling-1] INFO  c.m.b.k.service.DynamicRouteService - Completed route status sync
2026-02-25 12:45:36 [http-nio-8081-exec-1] INFO  c.m.b.k.service.DynamicRouteService - Fetching active routes with pagination
2026-02-25 12:45:37 [http-nio-8081-exec-1] DEBUG o.s.w.f.CommonsRequestLoggingFilter - Before request [PUT /api/integrated-apis/2, client=0:0:0:0:0:0:0:1, user=admin@mail.com]
2026-02-25 12:45:37 [http-nio-8081-exec-1] DEBUG o.s.web.servlet.DispatcherServlet - PUT "/api/integrated-apis/2", parameters={}
2026-02-25 12:45:37 [http-nio-8081-exec-1] DEBUG o.s.w.s.m.m.a.RequestMappingHandlerMapping - Mapped to com.middleware.backend.kaotocamel.controller.IntegratedApiController#update(Long, IntegratedApiRequestDto)
2026-02-25 12:45:37 [http-nio-8081-exec-1] DEBUG o.s.w.s.m.m.a.RequestResponseBodyMethodProcessor - Read "application/json;charset=UTF-8" to [IntegratedApiRequestDto(code=Hospital_HealthMap_Mapping, name=Hospital HealthMap, apiUrl=/api/analyt (truncated)...]
2026-02-25 12:45:37 [http-nio-8081-exec-1] INFO  c.m.b.k.service.IntegratedApiService - Updating integrated API: 2
2026-02-25 12:45:37 [http-nio-8081-exec-1] INFO  c.m.b.k.service.IntegratedApiService - Updated integrated API: Hospital_HealthMap_Mapping by user: admin@mail.com
2026-02-25 12:45:37 [http-nio-8081-exec-1] INFO  c.m.b.k.c.IntegratedApiController - Updated integrated API: Hospital_HealthMap_Mapping
2026-02-25 12:45:37 [http-nio-8081-exec-1] DEBUG o.s.w.s.m.m.a.HttpEntityMethodProcessor - Using 'application/json', given [application/json] and supported [application/json, application/*+json, application/yaml]
2026-02-25 12:45:37 [http-nio-8081-exec-1] DEBUG o.s.w.s.m.m.a.HttpEntityMethodProcessor - Writing [IntegratedApiDto(id=2, code=Hospital_HealthMap_Mapping, name=Hospital HealthMap, apiUrl=/api/analyti (truncated)...]
2026-02-25 12:45:37 [http-nio-8081-exec-1] DEBUG o.s.web.servlet.DispatcherServlet - Completed 200 OK
2026-02-25 12:45:37 [http-nio-8081-exec-1] DEBUG o.a.camel.spring.SpringCamelContext - onApplicationEvent: ServletRequestHandledEvent: url=[/api/integrated-apis/2]; client=[0:0:0:0:0:0:0:1]; method=[PUT]; status=[200]; servlet=[dispatcherServlet]; session=[null]; user=[admin@mail.com]; time=[421ms]
2026-02-25 12:45:37 [http-nio-8081-exec-1] DEBUG o.s.w.f.CommonsRequestLoggingFilter - After request [PUT /api/integrated-apis/2, client=0:0:0:0:0:0:0:1, user=admin@mail.com, payload={"code":"Hospital_HealthMap_Mapping","name":"Hospital HealthMap","type":"ANALYTICS","integratedSystem":"DHIS2.DWH","apiUrl":"/api/analytics.json?dimension=dx:C3J9gupRpkv.f6KCBSctsKT;C3J9gupRpkv.qgikuGs16ol;jn4pQVfIaIf;mCryL70xgcR;mCryL70xgcR.n7l9dA920vy;mCryL70xgcR.koh0tliu6RV;cltmZ5EyYNs.n7l9dA920vy;cltmZ5EyYNs.koh0tliu6RV;cltmZ5EyYNs;C3J9gupRpkv.yr1cgGdONRm;C3J9gupRpkv.VzIcBH0k6lJ;M76CHdiNVTr;C3J9gupRpkv.nsIGCAXqmeo;C3J9gupRpkv.ih3CTGgn0l5;Oyxkqradre;nSubq2TDH0g.n7l9dA920vy;nSubq2TDH0g.koh0tliu6RV;nSubq2TDH0g;C3J9gupRpkv.IWjHuBbAQ6U;C3J9gupRpkv.wwP3HvY29bF;wnm7ReXX75U;G8zTi6EPGqj.n7l9dA920vy;G8zTi6EPGqj.koh0tliu6RV;G8zTi6EPGqj;xvHA0fLRcyX.n7l9dA920vy;xvHA0fLRcyX.koh0tliu6RV;xvHA0fLRcyX;C3J9gupRpkv.qRKdkvoSnNy;C3J9gupRpkv.MszHhQEFz4z;jn4pQVfIaIf;f2mdrrKvhGK.n7l9dA920vy;f2mdrrKvhGK.koh0tliu6RV;f2mdrrKvhGK;v1jIqMevb35.f6KCBSctsKT;v1jIqMevb35.qgikuGs16ol;v1jIqMevb35.yr1cgGdONRm;v1jIqMevb35.VzIcBH0k6lJ;v1jIqMevb35.IWjHuBbAQ6U;v1jIqMevb35.wwP3HvY29bF;v1jIqMevb35.nsIGCAXqmeo;v1jIqMevb35.ih3]
2026-02-25 12:45:37 [http-nio-8081-exec-5] INFO  c.m.b.k.service.DynamicRouteService - Fetching active routes with pagination
2026-02-25 12:45:37 [http-nio-8081-exec-3] INFO  c.m.b.k.service.DynamicRouteService - Fetching active routes with pagination
2026-02-25 12:45:37 [http-nio-8081-exec-5] DEBUG o.s.w.f.CommonsRequestLoggingFilter - Before request [GET /api/integrated-apis?page=0&size=10, client=0:0:0:0:0:0:0:1, user=admin@mail.com]
2026-02-25 12:45:37 [http-nio-8081-exec-5] DEBUG o.s.web.servlet.DispatcherServlet - GET "/api/integrated-apis?page=0&size=10", parameters={masked}
2026-02-25 12:45:37 [http-nio-8081-exec-5] DEBUG o.s.w.s.m.m.a.RequestMappingHandlerMapping - Mapped to com.middleware.backend.kaotocamel.controller.IntegratedApiController#findAll(String, String, String, String, String, String, Boolean, String, LocalDateTime, LocalDateTime, LocalDateTime, LocalDateTime, String, Long, Long, int, int, String[])
2026-02-25 12:45:37 [http-nio-8081-exec-5] DEBUG c.m.b.k.c.IntegratedApiController - Received sort params: [id, desc]
2026-02-25 12:45:37 [http-nio-8081-exec-5] DEBUG c.m.b.k.c.IntegratedApiController - Handling separated params - field: 'id', direction: 'desc'
2026-02-25 12:45:37 [http-nio-8081-exec-5] DEBUG c.m.b.k.c.IntegratedApiController - Added separated sort order: id DESC
2026-02-25 12:45:37 [http-nio-8081-exec-5] DEBUG c.m.b.k.c.IntegratedApiController - Final sort object: id: DESC
2026-02-25 12:45:37 [http-nio-8081-exec-5] DEBUG o.s.w.s.m.m.a.HttpEntityMethodProcessor - Using 'application/json', given [application/json] and supported [application/json, application/*+json, application/yaml]
2026-02-25 12:45:37 [http-nio-8081-exec-5] DEBUG o.s.w.s.m.m.a.HttpEntityMethodProcessor - Writing [Page 1 of 1 containing com.middleware.backend.kaotocamel.dto.IntegratedApiDto instances]
2026-02-25 12:45:37 [http-nio-8081-exec-5] DEBUG o.s.web.servlet.DispatcherServlet - Completed 200 OK
2026-02-25 12:45:37 [http-nio-8081-exec-5] DEBUG o.a.camel.spring.SpringCamelContext - onApplicationEvent: ServletRequestHandledEvent: url=[/api/integrated-apis]; client=[0:0:0:0:0:0:0:1]; method=[GET]; status=[200]; servlet=[dispatcherServlet]; session=[null]; user=[admin@mail.com]; time=[60ms]
2026-02-25 12:45:37 [http-nio-8081-exec-5] DEBUG o.s.w.f.CommonsRequestLoggingFilter - After request [GET /api/integrated-apis?page=0&size=10, client=0:0:0:0:0:0:0:1, user=admin@mail.com]
2026-02-25 12:45:38 [http-nio-8081-exec-3] DEBUG o.s.w.f.CommonsRequestLoggingFilter - Before request [GET /api/integrated-system/codes, client=0:0:0:0:0:0:0:1, user=admin@mail.com]
2026-02-25 12:45:38 [http-nio-8081-exec-3] DEBUG o.s.web.servlet.DispatcherServlet - GET "/api/integrated-system/codes", parameters={}
2026-02-25 12:45:38 [http-nio-8081-exec-3] DEBUG o.s.w.s.m.m.a.RequestMappingHandlerMapping - Mapped to com.middleware.backend.integrated_systems.controller.IntegratedSystemController#getAllCodes()
2026-02-25 12:45:38 [http-nio-8081-exec-3] DEBUG o.s.w.s.m.m.a.HttpEntityMethodProcessor - Using 'application/json', given [application/json] and supported [application/json, application/*+json, application/yaml]
2026-02-25 12:45:38 [http-nio-8081-exec-3] DEBUG o.s.w.s.m.m.a.HttpEntityMethodProcessor - Writing [[DHIS2.DWH, DHIS2.STABLE]]
2026-02-25 12:45:38 [http-nio-8081-exec-3] DEBUG o.s.web.servlet.DispatcherServlet - Completed 200 OK
2026-02-25 12:45:38 [http-nio-8081-exec-3] DEBUG o.a.camel.spring.SpringCamelContext - onApplicationEvent: ServletRequestHandledEvent: url=[/api/integrated-system/codes]; client=[0:0:0:0:0:0:0:1]; method=[GET]; status=[200]; servlet=[dispatcherServlet]; session=[null]; user=[admin@mail.com]; time=[55ms]
2026-02-25 12:45:38 [http-nio-8081-exec-3] DEBUG o.s.w.f.CommonsRequestLoggingFilter - After request [GET /api/integrated-system/codes, client=0:0:0:0:0:0:0:1, user=admin@mail.com]
2026-02-25 12:45:40 [http-nio-8081-exec-2] INFO  c.m.b.k.service.DynamicRouteService - Fetching active routes with pagination
2026-02-25 12:45:40 [http-nio-8081-exec-2] DEBUG o.s.w.f.CommonsRequestLoggingFilter - Before request [GET /api/integrated-apis/1, client=0:0:0:0:0:0:0:1, user=admin@mail.com]
2026-02-25 12:45:40 [http-nio-8081-exec-2] DEBUG o.s.web.servlet.DispatcherServlet - GET "/api/integrated-apis/1", parameters={}
2026-02-25 12:45:40 [http-nio-8081-exec-2] DEBUG o.s.w.s.m.m.a.RequestMappingHandlerMapping - Mapped to com.middleware.backend.kaotocamel.controller.IntegratedApiController#findById(Long)
2026-02-25 12:45:40 [http-nio-8081-exec-2] DEBUG o.s.w.s.m.m.a.HttpEntityMethodProcessor - Using 'application/json', given [application/json] and supported [application/json, application/*+json, application/yaml]
2026-02-25 12:45:40 [http-nio-8081-exec-2] DEBUG o.s.w.s.m.m.a.HttpEntityMethodProcessor - Writing [IntegratedApiDto(id=1, code=f, name=f, apiUrl=/meatadara?Sdfsd, type=METADATA, integratedSystem=DHIS (truncated)...]
2026-02-25 12:45:40 [http-nio-8081-exec-2] DEBUG o.s.web.servlet.DispatcherServlet - Completed 200 OK
2026-02-25 12:45:40 [http-nio-8081-exec-2] DEBUG o.a.camel.spring.SpringCamelContext - onApplicationEvent: ServletRequestHandledEvent: url=[/api/integrated-apis/1]; client=[0:0:0:0:0:0:0:1]; method=[GET]; status=[200]; servlet=[dispatcherServlet]; session=[null]; user=[admin@mail.com]; time=[76ms]
2026-02-25 12:45:40 [http-nio-8081-exec-2] DEBUG o.s.w.f.CommonsRequestLoggingFilter - After request [GET /api/integrated-apis/1, client=0:0:0:0:0:0:0:1, user=admin@mail.com]
2026-02-25 12:45:41 [http-nio-8081-exec-8] INFO  c.m.b.k.service.DynamicRouteService - Fetching active routes with pagination
2026-02-25 12:45:41 [http-nio-8081-exec-8] DEBUG o.s.w.f.CommonsRequestLoggingFilter - Before request [GET /api/integrated-apis/2, client=0:0:0:0:0:0:0:1, user=admin@mail.com]
2026-02-25 12:45:41 [http-nio-8081-exec-8] DEBUG o.s.web.servlet.DispatcherServlet - GET "/api/integrated-apis/2", parameters={}
2026-02-25 12:45:41 [http-nio-8081-exec-8] DEBUG o.s.w.s.m.m.a.RequestMappingHandlerMapping - Mapped to com.middleware.backend.kaotocamel.controller.IntegratedApiController#findById(Long)
2026-02-25 12:45:41 [http-nio-8081-exec-8] DEBUG o.s.w.s.m.m.a.HttpEntityMethodProcessor - Using 'application/json', given [application/json] and supported [application/json, application/*+json, application/yaml]
2026-02-25 12:45:41 [http-nio-8081-exec-8] DEBUG o.s.w.s.m.m.a.HttpEntityMethodProcessor - Writing [IntegratedApiDto(id=2, code=Hospital_HealthMap_Mapping, name=Hospital HealthMap, apiUrl=/api/analyti (truncated)...]
2026-02-25 12:45:41 [http-nio-8081-exec-8] DEBUG o.s.web.servlet.DispatcherServlet - Completed 200 OK
2026-02-25 12:45:41 [http-nio-8081-exec-8] DEBUG o.a.camel.spring.SpringCamelContext - onApplicationEvent: ServletRequestHandledEvent: url=[/api/integrated-apis/2]; client=[0:0:0:0:0:0:0:1]; method=[GET]; status=[200]; servlet=[dispatcherServlet]; session=[null]; user=[admin@mail.com]; time=[52ms]
2026-02-25 12:45:41 [http-nio-8081-exec-8] DEBUG o.s.w.f.CommonsRequestLoggingFilter - After request [GET /api/integrated-apis/2, client=0:0:0:0:0:0:0:1, user=admin@mail.com]
2026-02-25 12:45:46 [http-nio-8081-exec-9] INFO  c.m.b.k.service.DynamicRouteService - Fetching active routes with pagination
2026-02-25 12:45:46 [http-nio-8081-exec-9] DEBUG o.s.w.f.CommonsRequestLoggingFilter - Before request [PUT /api/integrated-apis/2, client=0:0:0:0:0:0:0:1, user=admin@mail.com]
2026-02-25 12:45:46 [http-nio-8081-exec-9] DEBUG o.s.web.servlet.DispatcherServlet - PUT "/api/integrated-apis/2", parameters={}
2026-02-25 12:45:46 [http-nio-8081-exec-9] DEBUG o.s.w.s.m.m.a.RequestMappingHandlerMapping - Mapped to com.middleware.backend.kaotocamel.controller.IntegratedApiController#update(Long, IntegratedApiRequestDto)
2026-02-25 12:45:46 [http-nio-8081-exec-9] DEBUG o.s.w.s.m.m.a.RequestResponseBodyMethodProcessor - Read "application/json;charset=UTF-8" to [IntegratedApiRequestDto(code=Hospital_HealthMap_Mapping, name=Hospital HealthMap, apiUrl=/api/analyt (truncated)...]
2026-02-25 12:45:46 [http-nio-8081-exec-9] INFO  c.m.b.k.service.IntegratedApiService - Updating integrated API: 2
2026-02-25 12:45:46 [http-nio-8081-exec-9] INFO  c.m.b.k.service.IntegratedApiService - Updated integrated API: Hospital_HealthMap_Mapping by user: admin@mail.com
2026-02-25 12:45:46 [http-nio-8081-exec-9] INFO  c.m.b.k.c.IntegratedApiController - Updated integrated API: Hospital_HealthMap_Mapping
2026-02-25 12:45:46 [http-nio-8081-exec-9] DEBUG o.s.w.s.m.m.a.HttpEntityMethodProcessor - Using 'application/json', given [application/json] and supported [application/json, application/*+json, application/yaml]
2026-02-25 12:45:46 [http-nio-8081-exec-9] DEBUG o.s.w.s.m.m.a.HttpEntityMethodProcessor - Writing [IntegratedApiDto(id=2, code=Hospital_HealthMap_Mapping, name=Hospital HealthMap, apiUrl=/api/analyti (truncated)...]
2026-02-25 12:45:46 [http-nio-8081-exec-9] DEBUG o.s.web.servlet.DispatcherServlet - Completed 200 OK
2026-02-25 12:45:46 [http-nio-8081-exec-9] DEBUG o.a.camel.spring.SpringCamelContext - onApplicationEvent: ServletRequestHandledEvent: url=[/api/integrated-apis/2]; client=[0:0:0:0:0:0:0:1]; method=[PUT]; status=[200]; servlet=[dispatcherServlet]; session=[null]; user=[admin@mail.com]; time=[98ms]
2026-02-25 12:45:46 [http-nio-8081-exec-9] DEBUG o.s.w.f.CommonsRequestLoggingFilter - After request [PUT /api/integrated-apis/2, client=0:0:0:0:0:0:0:1, user=admin@mail.com, payload={"code":"Hospital_HealthMap_Mapping","name":"Hospital HealthMap","type":"ANALYTICS","integratedSystem":"DHIS2.DWH","apiUrl":"/api/analytics.json?dimension=dx:C3J9gupRpkv.f6KCBSctsKT;C3J9gupRpkv.qgikuGs16ol;jn4pQVfIaIf;mCryL70xgcR;mCryL70xgcR.n7l9dA920vy;mCryL70xgcR.koh0tliu6RV;cltmZ5EyYNs.n7l9dA920vy;cltmZ5EyYNs.koh0tliu6RV;cltmZ5EyYNs;C3J9gupRpkv.yr1cgGdONRm;C3J9gupRpkv.VzIcBH0k6lJ;M76CHdiNVTr;C3J9gupRpkv.nsIGCAXqmeo;C3J9gupRpkv.ih3CTGgn0l5;Oyxkqradre;nSubq2TDH0g.n7l9dA920vy;nSubq2TDH0g.koh0tliu6RV;nSubq2TDH0g;C3J9gupRpkv.IWjHuBbAQ6U;C3J9gupRpkv.wwP3HvY29bF;wnm7ReXX75U;G8zTi6EPGqj.n7l9dA920vy;G8zTi6EPGqj.koh0tliu6RV;G8zTi6EPGqj;xvHA0fLRcyX.n7l9dA920vy;xvHA0fLRcyX.koh0tliu6RV;xvHA0fLRcyX;C3J9gupRpkv.qRKdkvoSnNy;C3J9gupRpkv.MszHhQEFz4z;jn4pQVfIaIf;f2mdrrKvhGK.n7l9dA920vy;f2mdrrKvhGK.koh0tliu6RV;f2mdrrKvhGK;v1jIqMevb35.f6KCBSctsKT;v1jIqMevb35.qgikuGs16ol;v1jIqMevb35.yr1cgGdONRm;v1jIqMevb35.VzIcBH0k6lJ;v1jIqMevb35.IWjHuBbAQ6U;v1jIqMevb35.wwP3HvY29bF;v1jIqMevb35.nsIGCAXqmeo;v1jIqMevb35.ih3]
2026-02-25 12:45:47 [http-nio-8081-exec-7] INFO  c.m.b.k.service.DynamicRouteService - Fetching active routes with pagination
2026-02-25 12:45:47 [http-nio-8081-exec-4] INFO  c.m.b.k.service.DynamicRouteService - Fetching active routes with pagination
2026-02-25 12:45:47 [http-nio-8081-exec-7] DEBUG o.s.w.f.CommonsRequestLoggingFilter - Before request [GET /api/integrated-apis?page=0&size=10, client=0:0:0:0:0:0:0:1, user=admin@mail.com]
2026-02-25 12:45:47 [http-nio-8081-exec-7] DEBUG o.s.web.servlet.DispatcherServlet - GET "/api/integrated-apis?page=0&size=10", parameters={masked}
2026-02-25 12:45:47 [http-nio-8081-exec-7] DEBUG o.s.w.s.m.m.a.RequestMappingHandlerMapping - Mapped to com.middleware.backend.kaotocamel.controller.IntegratedApiController#findAll(String, String, String, String, String, String, Boolean, String, LocalDateTime, LocalDateTime, LocalDateTime, LocalDateTime, String, Long, Long, int, int, String[])
2026-02-25 12:45:47 [http-nio-8081-exec-7] DEBUG c.m.b.k.c.IntegratedApiController - Received sort params: [id, desc]
2026-02-25 12:45:47 [http-nio-8081-exec-7] DEBUG c.m.b.k.c.IntegratedApiController - Handling separated params - field: 'id', direction: 'desc'
2026-02-25 12:45:47 [http-nio-8081-exec-7] DEBUG c.m.b.k.c.IntegratedApiController - Added separated sort order: id DESC
2026-02-25 12:45:47 [http-nio-8081-exec-7] DEBUG c.m.b.k.c.IntegratedApiController - Final sort object: id: DESC
2026-02-25 12:45:47 [http-nio-8081-exec-4] DEBUG o.s.w.f.CommonsRequestLoggingFilter - Before request [GET /api/integrated-system/codes, client=0:0:0:0:0:0:0:1, user=admin@mail.com]
2026-02-25 12:45:47 [http-nio-8081-exec-4] DEBUG o.s.web.servlet.DispatcherServlet - GET "/api/integrated-system/codes", parameters={}
2026-02-25 12:45:47 [http-nio-8081-exec-4] DEBUG o.s.w.s.m.m.a.RequestMappingHandlerMapping - Mapped to com.middleware.backend.integrated_systems.controller.IntegratedSystemController#getAllCodes()
2026-02-25 12:45:47 [http-nio-8081-exec-7] DEBUG o.s.w.s.m.m.a.HttpEntityMethodProcessor - Using 'application/json', given [application/json] and supported [application/json, application/*+json, application/yaml]
2026-02-25 12:45:47 [http-nio-8081-exec-7] DEBUG o.s.w.s.m.m.a.HttpEntityMethodProcessor - Writing [Page 1 of 1 containing com.middleware.backend.kaotocamel.dto.IntegratedApiDto instances]
2026-02-25 12:45:47 [http-nio-8081-exec-7] DEBUG o.s.web.servlet.DispatcherServlet - Completed 200 OK
2026-02-25 12:45:47 [http-nio-8081-exec-7] DEBUG o.a.camel.spring.SpringCamelContext - onApplicationEvent: ServletRequestHandledEvent: url=[/api/integrated-apis]; client=[0:0:0:0:0:0:0:1]; method=[GET]; status=[200]; servlet=[dispatcherServlet]; session=[null]; user=[admin@mail.com]; time=[71ms]
2026-02-25 12:45:47 [http-nio-8081-exec-7] DEBUG o.s.w.f.CommonsRequestLoggingFilter - After request [GET /api/integrated-apis?page=0&size=10, client=0:0:0:0:0:0:0:1, user=admin@mail.com]
2026-02-25 12:45:47 [http-nio-8081-exec-4] DEBUG o.s.w.s.m.m.a.HttpEntityMethodProcessor - Using 'application/json', given [application/json] and supported [application/json, application/*+json, application/yaml]
2026-02-25 12:45:47 [http-nio-8081-exec-4] DEBUG o.s.w.s.m.m.a.HttpEntityMethodProcessor - Writing [[DHIS2.DWH, DHIS2.STABLE]]
2026-02-25 12:45:47 [http-nio-8081-exec-4] DEBUG o.s.web.servlet.DispatcherServlet - Completed 200 OK
2026-02-25 12:45:47 [http-nio-8081-exec-4] DEBUG o.a.camel.spring.SpringCamelContext - onApplicationEvent: ServletRequestHandledEvent: url=[/api/integrated-system/codes]; client=[0:0:0:0:0:0:0:1]; method=[GET]; status=[200]; servlet=[dispatcherServlet]; session=[null]; user=[admin@mail.com]; time=[171ms]
2026-02-25 12:45:47 [http-nio-8081-exec-4] DEBUG o.s.w.f.CommonsRequestLoggingFilter - After request [GET /api/integrated-system/codes, client=0:0:0:0:0:0:0:1, user=admin@mail.com]
2026-02-25 12:45:52 [scheduling-1] INFO  c.m.b.k.service.DynamicRouteService - Starting route status sync with Camel context
2026-02-25 12:45:52 [scheduling-1] INFO  c.m.b.k.service.DynamicRouteService - Completed route status sync
2026-02-25 12:45:59 [http-nio-8081-exec-1] INFO  c.m.b.k.service.DynamicRouteService - Fetching active routes with pagination
2026-02-25 12:45:59 [http-nio-8081-exec-1] DEBUG o.s.w.f.CommonsRequestLoggingFilter - Before request [GET /api/integrated-apis/3, client=0:0:0:0:0:0:0:1, user=admin@mail.com]
2026-02-25 12:45:59 [http-nio-8081-exec-1] DEBUG o.s.web.servlet.DispatcherServlet - GET "/api/integrated-apis/3", parameters={}
2026-02-25 12:45:59 [http-nio-8081-exec-1] DEBUG o.s.w.s.m.m.a.RequestMappingHandlerMapping - Mapped to com.middleware.backend.kaotocamel.controller.IntegratedApiController#findById(Long)
2026-02-25 12:45:59 [http-nio-8081-exec-1] DEBUG o.s.w.s.m.m.a.HttpEntityMethodProcessor - Using 'application/json', given [application/json] and supported [application/json, application/*+json, application/yaml]
2026-02-25 12:45:59 [http-nio-8081-exec-1] DEBUG o.s.w.s.m.m.a.HttpEntityMethodProcessor - Writing [IntegratedApiDto(id=3, code=Metadata_Hospital_HealthMap, name=Metadata Hospital HealthMap, apiUrl=/a (truncated)...]
2026-02-25 12:45:59 [http-nio-8081-exec-1] DEBUG o.s.web.servlet.DispatcherServlet - Completed 200 OK
2026-02-25 12:45:59 [http-nio-8081-exec-1] DEBUG o.a.camel.spring.SpringCamelContext - onApplicationEvent: ServletRequestHandledEvent: url=[/api/integrated-apis/3]; client=[0:0:0:0:0:0:0:1]; method=[GET]; status=[200]; servlet=[dispatcherServlet]; session=[null]; user=[admin@mail.com]; time=[54ms]
2026-02-25 12:45:59 [http-nio-8081-exec-1] DEBUG o.s.w.f.CommonsRequestLoggingFilter - After request [GET /api/integrated-apis/3, client=0:0:0:0:0:0:0:1, user=admin@mail.com]
2026-02-25 12:46:02 [http-nio-8081-exec-3] INFO  c.m.b.k.service.DynamicRouteService - Fetching active routes with pagination
2026-02-25 12:46:02 [http-nio-8081-exec-3] DEBUG o.s.w.f.CommonsRequestLoggingFilter - Before request [PUT /api/integrated-apis/3, client=0:0:0:0:0:0:0:1, user=admin@mail.com]
2026-02-25 12:46:02 [http-nio-8081-exec-3] DEBUG o.s.web.servlet.DispatcherServlet - PUT "/api/integrated-apis/3", parameters={}
2026-02-25 12:46:02 [http-nio-8081-exec-3] DEBUG o.s.w.s.m.m.a.RequestMappingHandlerMapping - Mapped to com.middleware.backend.kaotocamel.controller.IntegratedApiController#update(Long, IntegratedApiRequestDto)
2026-02-25 12:46:02 [http-nio-8081-exec-3] DEBUG o.s.w.s.m.m.a.RequestResponseBodyMethodProcessor - Read "application/json;charset=UTF-8" to [IntegratedApiRequestDto(code=Metadata_Hospital_HealthMap, name=Metadata Hospital HealthMap, apiUrl=/ (truncated)...]
2026-02-25 12:46:02 [http-nio-8081-exec-3] INFO  c.m.b.k.service.IntegratedApiService - Updating integrated API: 3
2026-02-25 12:46:02 [http-nio-8081-exec-3] INFO  c.m.b.k.service.IntegratedApiService - Updated integrated API: Metadata_Hospital_HealthMap by user: admin@mail.com
2026-02-25 12:46:02 [http-nio-8081-exec-3] INFO  c.m.b.k.c.IntegratedApiController - Updated integrated API: Metadata_Hospital_HealthMap
2026-02-25 12:46:02 [http-nio-8081-exec-3] DEBUG o.s.w.s.m.m.a.HttpEntityMethodProcessor - Using 'application/json', given [application/json] and supported [application/json, application/*+json, application/yaml]
2026-02-25 12:46:02 [http-nio-8081-exec-3] DEBUG o.s.w.s.m.m.a.HttpEntityMethodProcessor - Writing [IntegratedApiDto(id=3, code=Metadata_Hospital_HealthMap, name=Metadata Hospital HealthMap, apiUrl=/a (truncated)...]
2026-02-25 12:46:02 [http-nio-8081-exec-3] DEBUG o.s.web.servlet.DispatcherServlet - Completed 200 OK
2026-02-25 12:46:02 [http-nio-8081-exec-3] DEBUG o.a.camel.spring.SpringCamelContext - onApplicationEvent: ServletRequestHandledEvent: url=[/api/integrated-apis/3]; client=[0:0:0:0:0:0:0:1]; method=[PUT]; status=[200]; servlet=[dispatcherServlet]; session=[null]; user=[admin@mail.com]; time=[103ms]
2026-02-25 12:46:02 [http-nio-8081-exec-3] DEBUG o.s.w.f.CommonsRequestLoggingFilter - After request [PUT /api/integrated-apis/3, client=0:0:0:0:0:0:0:1, user=admin@mail.com, payload={"code":"Metadata_Hospital_HealthMap","name":"Metadata Hospital HealthMap","type":"METADATA","integratedSystem":"DHIS2.DWH","apiUrl":"/api/metadata.json?organisationUnits=true&fields=id,code,name,displayName,shortName,description,openingDate,closedDate,level,phoneNumber,email,address,url,parent[id,code,name,level,parent[id,code,name,level,parent[id,code,name,level,parent[id,code,name,level,parent[id,code,name,level]]]]],translations,organisationUnitGroups[id,code,name],lastUpdated,attributeValues[value,attribute[id,code,name]],geometry,image[id,name],openingDate,closedDate,groups[id,code,name]&outputIdScheme=CODE","description":null,"isActive":true,"boundApiCode":"Hospital_HealthMap_Mappin"}]
2026-02-25 12:46:03 [http-nio-8081-exec-10] INFO  c.m.b.k.service.DynamicRouteService - Fetching active routes with pagination
2026-02-25 12:46:03 [http-nio-8081-exec-2] INFO  c.m.b.k.service.DynamicRouteService - Fetching active routes with pagination
2026-02-25 12:46:03 [http-nio-8081-exec-10] DEBUG o.s.w.f.CommonsRequestLoggingFilter - Before request [GET /api/integrated-apis?page=0&size=10, client=0:0:0:0:0:0:0:1, user=admin@mail.com]
2026-02-25 12:46:03 [http-nio-8081-exec-10] DEBUG o.s.web.servlet.DispatcherServlet - GET "/api/integrated-apis?page=0&size=10", parameters={masked}
2026-02-25 12:46:03 [http-nio-8081-exec-10] DEBUG o.s.w.s.m.m.a.RequestMappingHandlerMapping - Mapped to com.middleware.backend.kaotocamel.controller.IntegratedApiController#findAll(String, String, String, String, String, String, Boolean, String, LocalDateTime, LocalDateTime, LocalDateTime, LocalDateTime, String, Long, Long, int, int, String[])
2026-02-25 12:46:03 [http-nio-8081-exec-10] DEBUG c.m.b.k.c.IntegratedApiController - Received sort params: [id, desc]
2026-02-25 12:46:03 [http-nio-8081-exec-10] DEBUG c.m.b.k.c.IntegratedApiController - Handling separated params - field: 'id', direction: 'desc'
2026-02-25 12:46:03 [http-nio-8081-exec-10] DEBUG c.m.b.k.c.IntegratedApiController - Added separated sort order: id DESC
2026-02-25 12:46:03 [http-nio-8081-exec-10] DEBUG c.m.b.k.c.IntegratedApiController - Final sort object: id: DESC
2026-02-25 12:46:03 [http-nio-8081-exec-10] DEBUG o.s.w.s.m.m.a.HttpEntityMethodProcessor - Using 'application/json', given [application/json] and supported [application/json, application/*+json, application/yaml]
2026-02-25 12:46:03 [http-nio-8081-exec-10] DEBUG o.s.w.s.m.m.a.HttpEntityMethodProcessor - Writing [Page 1 of 1 containing com.middleware.backend.kaotocamel.dto.IntegratedApiDto instances]
2026-02-25 12:46:03 [http-nio-8081-exec-10] DEBUG o.s.web.servlet.DispatcherServlet - Completed 200 OK
2026-02-25 12:46:03 [http-nio-8081-exec-10] DEBUG o.a.camel.spring.SpringCamelContext - onApplicationEvent: ServletRequestHandledEvent: url=[/api/integrated-apis]; client=[0:0:0:0:0:0:0:1]; method=[GET]; status=[200]; servlet=[dispatcherServlet]; session=[null]; user=[admin@mail.com]; time=[59ms]
2026-02-25 12:46:03 [http-nio-8081-exec-10] DEBUG o.s.w.f.CommonsRequestLoggingFilter - After request [GET /api/integrated-apis?page=0&size=10, client=0:0:0:0:0:0:0:1, user=admin@mail.com]
2026-02-25 12:46:03 [http-nio-8081-exec-2] DEBUG o.s.w.f.CommonsRequestLoggingFilter - Before request [GET /api/integrated-system/codes, client=0:0:0:0:0:0:0:1, user=admin@mail.com]
2026-02-25 12:46:03 [http-nio-8081-exec-2] DEBUG o.s.web.servlet.DispatcherServlet - GET "/api/integrated-system/codes", parameters={}
2026-02-25 12:46:03 [http-nio-8081-exec-2] DEBUG o.s.w.s.m.m.a.RequestMappingHandlerMapping - Mapped to com.middleware.backend.integrated_systems.controller.IntegratedSystemController#getAllCodes()
2026-02-25 12:46:03 [http-nio-8081-exec-2] DEBUG o.s.w.s.m.m.a.HttpEntityMethodProcessor - Using 'application/json', given [application/json] and supported [application/json, application/*+json, application/yaml]
2026-02-25 12:46:03 [http-nio-8081-exec-2] DEBUG o.s.w.s.m.m.a.HttpEntityMethodProcessor - Writing [[DHIS2.DWH, DHIS2.STABLE]]
2026-02-25 12:46:03 [http-nio-8081-exec-2] DEBUG o.s.web.servlet.DispatcherServlet - Completed 200 OK
2026-02-25 12:46:03 [http-nio-8081-exec-2] DEBUG o.a.camel.spring.SpringCamelContext - onApplicationEvent: ServletRequestHandledEvent: url=[/api/integrated-system/codes]; client=[0:0:0:0:0:0:0:1]; method=[GET]; status=[200]; servlet=[dispatcherServlet]; session=[null]; user=[admin@mail.com]; time=[73ms]
2026-02-25 12:46:03 [http-nio-8081-exec-2] DEBUG o.s.w.f.CommonsRequestLoggingFilter - After request [GET /api/integrated-system/codes, client=0:0:0:0:0:0:0:1, user=admin@mail.com]
2026-02-25 12:46:06 [http-nio-8081-exec-9] INFO  c.m.b.k.service.DynamicRouteService - Fetching active routes with pagination
2026-02-25 12:46:06 [http-nio-8081-exec-9] INFO  c.m.b.k.service.DynamicRouteService - Fetching active routes with pagination
2026-02-25 12:46:06 [http-nio-8081-exec-9] DEBUG o.s.w.f.CommonsRequestLoggingFilter - Before request [GET /camel/v1/hospitales?transactionUUID=48455b99-b034-4659-be7c-c08ac8d7f247&ou=OU_GROUP-uiAUT0VGb0q&pe=202601, client=0:0:0:0:0:0:0:1, user=healthmap@mail.com]
2026-02-25 12:46:06 [http-nio-8081-exec-9] INFO  c.m.b.policy.LoggingRoutePolicy - LoggingRoutePolicy.onExchangeBegin: Route [Hospital_HealthMap_Mappin] - Incoming exchange: 80A81A3DD843859-0000000000000004
2026-02-25 12:46:07 [http-nio-8081-exec-9] DEBUG c.m.b.l.s.MiddlewareApiCallLogService - createTransactionSync... creating log for Route [Hospital_HealthMap_Mappin] - Exchange content: {CamelCharsetName=UTF-8}
2026-02-25 12:46:07 [http-nio-8081-exec-9] DEBUG c.m.b.l.s.MiddlewareApiCallLogService - UUID validation passed for: 48455b99-b034-4659-be7c-c08ac8d7f247
2026-02-25 12:46:07 [http-nio-8081-exec-9] DEBUG c.m.b.l.s.MiddlewareApiCallLogService - First attempt for new UUID: 48455b99-b034-4659-be7c-c08ac8d7f247
2026-02-25 12:46:07 [http-nio-8081-exec-9] INFO  c.m.b.policy.LoggingRoutePolicy - LoggingRoutePolicy.onExchangeBegin: Route [Hospital_HealthMap_Mappin] - call log created with ID 81
2026-02-25 12:46:07 [http-nio-8081-exec-9] DEBUG o.a.camel.processor.SendProcessor - >>>> integrationmapping://null?code=default Exchange[80A81A3DD843859-0000000000000004]
2026-02-25 12:46:07 [http-nio-8081-exec-9] INFO  c.m.IntegrationMappingProducer - Processing Integration Mapping for routeId: Hospital_HealthMap_Mappin
2026-02-25 12:46:07 [http-nio-8081-exec-9] INFO  c.m.IntegrationMappingProducer - Built request - RouteID: Hospital_HealthMap_Mappin, pe: 202601, ou: OU_GROUP-uiAUT0VGb0q, dhis2Code: null, UUID: 48455b99-b034-4659-be7c-c08ac8d7f247
2026-02-25 12:46:07 [http-nio-8081-exec-9] INFO  c.m.b.c.IntegrationMappingConfiguration - Processing mapping for API: Hospital_HealthMap_Mappin
2026-02-25 12:46:07 [http-nio-8081-exec-9] INFO  c.m.b.k.s.MiddlewareProcessorService - Processing middleware request for Route ID: Hospital_HealthMap_Mappin with period: 202601, ou: OU_GROUP-uiAUT0VGb0q
2026-02-25 12:46:07 [http-nio-8081-exec-9] DEBUG c.m.b.k.s.MiddlewareProcessorService - Request parameters - ou: OU_GROUP-uiAUT0VGb0q, pe: 202601
2026-02-25 12:46:07 [http-nio-8081-exec-9] INFO  c.m.b.k.s.MiddlewareProcessorService - Grouped 236 mappings into 1 API calls
2026-02-25 12:46:07 [http-nio-8081-exec-9] INFO  c.m.b.k.s.MiddlewareProcessorService - Fetching org units metadata using integratedSystem: DHIS2.DWH
2026-02-25 12:46:07 [http-nio-8081-exec-9] INFO  c.m.b.k.service.Dhis2ClientService - Fetching metadata using integratedSystem: DHIS2.DWH (from metadata API)
2026-02-25 12:46:07 [http-nio-8081-exec-9] DEBUG o.s.web.client.RestTemplate - HTTP GET https://hmis-dev.moh.gov.jo/dwh/api/metadata.json?organisationUnits=true&fields=id,code,name,displayName,shortName,description,openingDate,closedDate,level,phoneNumber,email,address,url,parent%5Bid,code,name,level,parent%5Bid,code,name,level,parent%5Bid,code,name,level,parent%5Bid,code,name,level,parent%5Bid,code,name,level%5D%5D%5D%5D%5D,translations,organisationUnitGroups%5Bid,code,name%5D,lastUpdated,attributeValues%5Bvalue,attribute%5Bid,code,name%5D%5D,geometry,image%5Bid,name%5D,openingDate,closedDate,groups%5Bid,code,name%5D&outputIdScheme=CODE
2026-02-25 12:46:07 [http-nio-8081-exec-9] DEBUG o.s.web.client.RestTemplate - Accept=[text/plain, application/json, application/yaml, application/*+json, */*]
2026-02-25 12:46:09 [http-nio-8081-exec-9] DEBUG o.s.web.client.RestTemplate - Response 200 OK
2026-02-25 12:46:09 [http-nio-8081-exec-9] DEBUG o.s.web.client.RestTemplate - Reading to [java.lang.String] as "application/json;charset=UTF-8"
2026-02-25 12:46:10 [http-nio-8081-exec-9] INFO  c.m.b.k.service.Dhis2ClientService - Fetched 2200 org units from metadata API (integratedSystem: DHIS2.DWH)
2026-02-25 12:46:10 [http-nio-8081-exec-9] INFO  c.m.b.k.s.MiddlewareProcessorService - Executing call for API: Hospital_HealthMap_Mapping (ANALYTICS) using integratedSystem: DHIS2.DWH
2026-02-25 12:46:10 [http-nio-8081-exec-9] DEBUG c.m.b.k.s.MiddlewareProcessorService - API flags - useOuFromRequest: true, usePeFromRequest: true
2026-02-25 12:46:10 [http-nio-8081-exec-9] INFO  c.m.b.k.service.Dhis2ClientService - Using DHIS2 settings: integratedSystem=DHIS2.DWH, baseUrl=HTTPS://hmis-dev.moh.gov.jo/dwh
2026-02-25 12:46:10 [http-nio-8081-exec-9] DEBUG c.m.b.k.service.Dhis2ClientService - Built Analytics URL with flags (useOu=true, usePe=true): /api/analytics.json?dimension=dx:C3J9gupRpkv.f6KCBSctsKT;C3J9gupRpkv.qgikuGs16ol;jn4pQVfIaIf;mCryL70xgcR;mCryL70xgcR.n7l9dA920vy;mCryL70xgcR.koh0tliu6RV;cltmZ5EyYNs.n7l9dA920vy;cltmZ5EyYNs.koh0tliu6RV;cltmZ5EyYNs;C3J9gupRpkv.yr1cgGdONRm;C3J9gupRpkv.VzIcBH0k6lJ;M76CHdiNVTr;C3J9gupRpkv.nsIGCAXqmeo;C3J9gupRpkv.ih3CTGgn0l5;Oyxkqradre;nSubq2TDH0g.n7l9dA920vy;nSubq2TDH0g.koh0tliu6RV;nSubq2TDH0g;C3J9gupRpkv.IWjHuBbAQ6U;C3J9gupRpkv.wwP3HvY29bF;wnm7ReXX75U;G8zTi6EPGqj.n7l9dA920vy;G8zTi6EPGqj.koh0tliu6RV;G8zTi6EPGqj;xvHA0fLRcyX.n7l9dA920vy;xvHA0fLRcyX.koh0tliu6RV;xvHA0fLRcyX;C3J9gupRpkv.qRKdkvoSnNy;C3J9gupRpkv.MszHhQEFz4z;jn4pQVfIaIf;f2mdrrKvhGK.n7l9dA920vy;f2mdrrKvhGK.koh0tliu6RV;f2mdrrKvhGK;v1jIqMevb35.f6KCBSctsKT;v1jIqMevb35.qgikuGs16ol;v1jIqMevb35.yr1cgGdONRm;v1jIqMevb35.VzIcBH0k6lJ;v1jIqMevb35.IWjHuBbAQ6U;v1jIqMevb35.wwP3HvY29bF;v1jIqMevb35.nsIGCAXqmeo;v1jIqMevb35.ih3CTGgn0l5;v1jIqMevb35.qRKdkvoSnNy;v1jIqMevb35.MszHhQEFz4z;TbkEXL3zws3.f6KCBSctsKT;TbkEXL3zws3.qgikuGs16ol;TbkEXL3zws3.yr1cgGdONRm;TbkEXL3zws3.VzIcBH0k6lJ;TbkEXL3zws3.IWjHuBbAQ6U;TbkEXL3zws3.wwP3HvY29bF;TbkEXL3zws3.nsIGCAXqmeo;TbkEXL3zws3.ih3CTGgn0l5;TbkEXL3zws3.qRKdkvoSnNy;TbkEXL3zws3.MszHhQEFz4z;nsXaQk7geGa.yTb1U3ECuGF;nsXaQk7geGa.efoIG4g9arY;nsXaQk7geGa.M7dT8gVS7zy;nsXaQk7geGa.FmQ4cAywsli;nsXaQk7geGa.GJ0VvZgluAw;nsXaQk7geGa.oJQWiZkIM0k;J1Vj8d8khPd.yTb1U3ECuGF;J1Vj8d8khPd.efoIG4g9arY;J1Vj8d8khPd.M7dT8gVS7zy;J1Vj8d8khPd.FmQ4cAywsli;J1Vj8d8khPd.GJ0VvZgluAw;J1Vj8d8khPd.oJQWiZkIM0k;wqEip6Dbe3l.yTb1U3ECuGF;wqEip6Dbe3l.efoIG4g9arY;wqEip6Dbe3l.M7dT8gVS7zy;wqEip6Dbe3l.FmQ4cAywsli;wqEip6Dbe3l.GJ0VvZgluAw;wqEip6Dbe3l.oJQWiZkIM0k;jP9Grjpaqun.yTb1U3ECuGF;jP9Grjpaqun.efoIG4g9arY;jP9Grjpaqun.M7dT8gVS7zy;jP9Grjpaqun.FmQ4cAywsli;jP9Grjpaqun.GJ0VvZgluAw;jP9Grjpaqun.oJQWiZkIM0k;WLzrCuWBNnE.yTb1U3ECuGF;WLzrCuWBNnE.efoIG4g9arY;WLzrCuWBNnE.M7dT8gVS7zy;WLzrCuWBNnE.FmQ4cAywsli;WLzrCuWBNnE.GJ0VvZgluAw;WLzrCuWBNnE.oJQWiZkIM0k;CUGep0XzA3A.yTb1U3ECuGF;CUGep0XzA3A.efoIG4g9arY;CUGep0XzA3A.M7dT8gVS7zy;CUGep0XzA3A.FmQ4cAywsli;CUGep0XzA3A.GJ0VvZgluAw;CUGep0XzA3A.oJQWiZkIM0k;mHhrSasaZEk.yTb1U3ECuGF;mHhrSasaZEk.efoIG4g9arY;mHhrSasaZEk.M7dT8gVS7zy;mHhrSasaZEk.FmQ4cAywsli;mHhrSasaZEk.GJ0VvZgluAw;mHhrSasaZEk.oJQWiZkIM0k;pEO23PlwCSb.GJ0VvZgluAw;pEO23PlwCSb.yTb1U3ECuGF;pEO23PlwCSb.efoIG4g9arY;pEO23PlwCSb.M7dT8gVS7zy;pEO23PlwCSb.FmQ4cAywsli;pEO23PlwCSb.oJQWiZkIM0k;M90jcnFPAxk.yTb1U3ECuGF;M90jcnFPAxk.efoIG4g9arY;M90jcnFPAxk.M7dT8gVS7zy;M90jcnFPAxk.FmQ4cAywsli;M90jcnFPAxk.GJ0VvZgluAw;M90jcnFPAxk.oJQWiZkIM0k;QQdagPXych9.yTb1U3ECuGF;QQdagPXych9.efoIG4g9arY;QQdagPXych9.M7dT8gVS7zy;QQdagPXych9.FmQ4cAywsli;QQdagPXych9.GJ0VvZgluAw;QQdagPXych9.oJQWiZkIM0k;C9HrptUsCLz.yTb1U3ECuGF;C9HrptUsCLz.efoIG4g9arY;C9HrptUsCLz.M7dT8gVS7zy;C9HrptUsCLz.FmQ4cAywsli;C9HrptUsCLz.GJ0VvZgluAw;C9HrptUsCLz.oJQWiZkIM0k;MTS6Q2xlT3L.yTb1U3ECuGF;MTS6Q2xlT3L.efoIG4g9arY;MTS6Q2xlT3L.M7dT8gVS7zy;MTS6Q2xlT3L.FmQ4cAywsli;MTS6Q2xlT3L.GJ0VvZgluAw;MTS6Q2xlT3L.oJQWiZkIM0k;HG2yJtkPuFl.yTb1U3ECuGF;HG2yJtkPuFl.efoIG4g9arY;HG2yJtkPuFl.M7dT8gVS7zy;HG2yJtkPuFl.FmQ4cAywsli;HG2yJtkPuFl.GJ0VvZgluAw;HG2yJtkPuFl.oJQWiZkIM0k;k8y8u4reC3j.yTb1U3ECuGF;k8y8u4reC3j.efoIG4g9arY;k8y8u4reC3j.M7dT8gVS7zy;k8y8u4reC3j.FmQ4cAywsli;k8y8u4reC3j.GJ0VvZgluAw;k8y8u4reC3j.oJQWiZkIM0k;h7WZ16B0f5h;bwkaWNM5IxW;IGNjoHsBPA5;Lax7XiHZ8JW;PqpBniaM7Qw;qdGx2wXPmBu;VlUPLLmJyum;X3kIHc7slwq;Eypb9xMSAcl;Kt8FuTI6be4;XCRMCX69YKb;KKk8T1SkAXI;OvOdSwkNN7w;dDyQKZEVXfc;y4CRWblENPS;JEK6BLZSjJr;AThkRYyxfSW;shjOt7XXI6Y;tGIMo3WxNLt;M3lOaTkFa6h;BAzqwT8ahGp;UqDNOKbj06I;AdcYUWNKWVO;SX9h8BXpLCE;b33pgG2ryuO;dyDMZoNSPve;LJSFDCsBKGX;nLkYYy7UfZu;ntGnd7teBlJ;JcgaA2kYLak;x7pAx1mEDVW;Dz9YDM3B11d;TbkEXL3zws3;UkeKK3Yz0eV;HIgoCJ50qkC;H7BYxecWAWS;H7BYxecWAWS;azVbANcTyeq;QqXkYA7XAYw;CCvziA5YTie;RcEuwqgQGf4;T2FsvO0b3jy.UuRrjnhE5uq;T2FsvO0b3jy.eV4Y7v7xFa2;T2FsvO0b3jy.jBX2qee107G;T2FsvO0b3jy.vTYSOxTTCNG;SOxwBu91n8g;xLXMzfGbCvU;wtSyTdH47Yp;K4z9xEWrpom;Io29XwRiXK7;Ug8YP3YzkKk;lJQWri3Cb0V.Jx72l4NfSLz;lJQWri3Cb0V.rLmcoXtmnUM;TbuzgtCfZlN.oUBnaM0PTcd;TbuzgtCfZlN.HJDrURNyZK4;jgsCugn2BZw.HJDrURNyZK4;eQ29xBhM6bZ.HJDrURNyZK4;jgsCugn2BZw.oUBnaM0PTcd;eQ29xBhM6bZ.oUBnaM0PTcd;TbuzgtCfZlN.n7MTyanPfTh;jgsCugn2BZw.n7MTyanPfTh;eQ29xBhM6bZ.n7MTyanPfTh;TbuzgtCfZlN.ezbEKdMfHeV;jgsCugn2BZw.ezbEKdMfHeV;eQ29xBhM6bZ.ezbEKdMfHeV;pKWWsnctb4D;vSSXernIS3R&dimension=ou:OU_GROUP-uiAUT0VGb0q&dimension=pe:202601&dimension=UedUhlkhYWX:KG7l26av4v5;M0TzDNQdeju;NDWlje7qHvH;Znfg4CCkg7Z;djVrwOWyadD&outputIdScheme=CODE
2026-02-25 12:46:10 [http-nio-8081-exec-9] DEBUG o.s.web.client.RestTemplate - HTTP GET https://hmis-dev.moh.gov.jo/dwh/api/analytics.json?dimension=dx:C3J9gupRpkv.f6KCBSctsKT;C3J9gupRpkv.qgikuGs16ol;jn4pQVfIaIf;mCryL70xgcR;mCryL70xgcR.n7l9dA920vy;mCryL70xgcR.koh0tliu6RV;cltmZ5EyYNs.n7l9dA920vy;cltmZ5EyYNs.koh0tliu6RV;cltmZ5EyYNs;C3J9gupRpkv.yr1cgGdONRm;C3J9gupRpkv.VzIcBH0k6lJ;M76CHdiNVTr;C3J9gupRpkv.nsIGCAXqmeo;C3J9gupRpkv.ih3CTGgn0l5;Oyxkqradre;nSubq2TDH0g.n7l9dA920vy;nSubq2TDH0g.koh0tliu6RV;nSubq2TDH0g;C3J9gupRpkv.IWjHuBbAQ6U;C3J9gupRpkv.wwP3HvY29bF;wnm7ReXX75U;G8zTi6EPGqj.n7l9dA920vy;G8zTi6EPGqj.koh0tliu6RV;G8zTi6EPGqj;xvHA0fLRcyX.n7l9dA920vy;xvHA0fLRcyX.koh0tliu6RV;xvHA0fLRcyX;C3J9gupRpkv.qRKdkvoSnNy;C3J9gupRpkv.MszHhQEFz4z;jn4pQVfIaIf;f2mdrrKvhGK.n7l9dA920vy;f2mdrrKvhGK.koh0tliu6RV;f2mdrrKvhGK;v1jIqMevb35.f6KCBSctsKT;v1jIqMevb35.qgikuGs16ol;v1jIqMevb35.yr1cgGdONRm;v1jIqMevb35.VzIcBH0k6lJ;v1jIqMevb35.IWjHuBbAQ6U;v1jIqMevb35.wwP3HvY29bF;v1jIqMevb35.nsIGCAXqmeo;v1jIqMevb35.ih3CTGgn0l5;v1jIqMevb35.qRKdkvoSnNy;v1jIqMevb35.MszHhQEFz4z;TbkEXL3zws3.f6KCBSctsKT;TbkEXL3zws3.qgikuGs16ol;TbkEXL3zws3.yr1cgGdONRm;TbkEXL3zws3.VzIcBH0k6lJ;TbkEXL3zws3.IWjHuBbAQ6U;TbkEXL3zws3.wwP3HvY29bF;TbkEXL3zws3.nsIGCAXqmeo;TbkEXL3zws3.ih3CTGgn0l5;TbkEXL3zws3.qRKdkvoSnNy;TbkEXL3zws3.MszHhQEFz4z;nsXaQk7geGa.yTb1U3ECuGF;nsXaQk7geGa.efoIG4g9arY;nsXaQk7geGa.M7dT8gVS7zy;nsXaQk7geGa.FmQ4cAywsli;nsXaQk7geGa.GJ0VvZgluAw;nsXaQk7geGa.oJQWiZkIM0k;J1Vj8d8khPd.yTb1U3ECuGF;J1Vj8d8khPd.efoIG4g9arY;J1Vj8d8khPd.M7dT8gVS7zy;J1Vj8d8khPd.FmQ4cAywsli;J1Vj8d8khPd.GJ0VvZgluAw;J1Vj8d8khPd.oJQWiZkIM0k;wqEip6Dbe3l.yTb1U3ECuGF;wqEip6Dbe3l.efoIG4g9arY;wqEip6Dbe3l.M7dT8gVS7zy;wqEip6Dbe3l.FmQ4cAywsli;wqEip6Dbe3l.GJ0VvZgluAw;wqEip6Dbe3l.oJQWiZkIM0k;jP9Grjpaqun.yTb1U3ECuGF;jP9Grjpaqun.efoIG4g9arY;jP9Grjpaqun.M7dT8gVS7zy;jP9Grjpaqun.FmQ4cAywsli;jP9Grjpaqun.GJ0VvZgluAw;jP9Grjpaqun.oJQWiZkIM0k;WLzrCuWBNnE.yTb1U3ECuGF;WLzrCuWBNnE.efoIG4g9arY;WLzrCuWBNnE.M7dT8gVS7zy;WLzrCuWBNnE.FmQ4cAywsli;WLzrCuWBNnE.GJ0VvZgluAw;WLzrCuWBNnE.oJQWiZkIM0k;CUGep0XzA3A.yTb1U3ECuGF;CUGep0XzA3A.efoIG4g9arY;CUGep0XzA3A.M7dT8gVS7zy;CUGep0XzA3A.FmQ4cAywsli;CUGep0XzA3A.GJ0VvZgluAw;CUGep0XzA3A.oJQWiZkIM0k;mHhrSasaZEk.yTb1U3ECuGF;mHhrSasaZEk.efoIG4g9arY;mHhrSasaZEk.M7dT8gVS7zy;mHhrSasaZEk.FmQ4cAywsli;mHhrSasaZEk.GJ0VvZgluAw;mHhrSasaZEk.oJQWiZkIM0k;pEO23PlwCSb.GJ0VvZgluAw;pEO23PlwCSb.yTb1U3ECuGF;pEO23PlwCSb.efoIG4g9arY;pEO23PlwCSb.M7dT8gVS7zy;pEO23PlwCSb.FmQ4cAywsli;pEO23PlwCSb.oJQWiZkIM0k;M90jcnFPAxk.yTb1U3ECuGF;M90jcnFPAxk.efoIG4g9arY;M90jcnFPAxk.M7dT8gVS7zy;M90jcnFPAxk.FmQ4cAywsli;M90jcnFPAxk.GJ0VvZgluAw;M90jcnFPAxk.oJQWiZkIM0k;QQdagPXych9.yTb1U3ECuGF;QQdagPXych9.efoIG4g9arY;QQdagPXych9.M7dT8gVS7zy;QQdagPXych9.FmQ4cAywsli;QQdagPXych9.GJ0VvZgluAw;QQdagPXych9.oJQWiZkIM0k;C9HrptUsCLz.yTb1U3ECuGF;C9HrptUsCLz.efoIG4g9arY;C9HrptUsCLz.M7dT8gVS7zy;C9HrptUsCLz.FmQ4cAywsli;C9HrptUsCLz.GJ0VvZgluAw;C9HrptUsCLz.oJQWiZkIM0k;MTS6Q2xlT3L.yTb1U3ECuGF;MTS6Q2xlT3L.efoIG4g9arY;MTS6Q2xlT3L.M7dT8gVS7zy;MTS6Q2xlT3L.FmQ4cAywsli;MTS6Q2xlT3L.GJ0VvZgluAw;MTS6Q2xlT3L.oJQWiZkIM0k;HG2yJtkPuFl.yTb1U3ECuGF;HG2yJtkPuFl.efoIG4g9arY;HG2yJtkPuFl.M7dT8gVS7zy;HG2yJtkPuFl.FmQ4cAywsli;HG2yJtkPuFl.GJ0VvZgluAw;HG2yJtkPuFl.oJQWiZkIM0k;k8y8u4reC3j.yTb1U3ECuGF;k8y8u4reC3j.efoIG4g9arY;k8y8u4reC3j.M7dT8gVS7zy;k8y8u4reC3j.FmQ4cAywsli;k8y8u4reC3j.GJ0VvZgluAw;k8y8u4reC3j.oJQWiZkIM0k;h7WZ16B0f5h;bwkaWNM5IxW;IGNjoHsBPA5;Lax7XiHZ8JW;PqpBniaM7Qw;qdGx2wXPmBu;VlUPLLmJyum;X3kIHc7slwq;Eypb9xMSAcl;Kt8FuTI6be4;XCRMCX69YKb;KKk8T1SkAXI;OvOdSwkNN7w;dDyQKZEVXfc;y4CRWblENPS;JEK6BLZSjJr;AThkRYyxfSW;shjOt7XXI6Y;tGIMo3WxNLt;M3lOaTkFa6h;BAzqwT8ahGp;UqDNOKbj06I;AdcYUWNKWVO;SX9h8BXpLCE;b33pgG2ryuO;dyDMZoNSPve;LJSFDCsBKGX;nLkYYy7UfZu;ntGnd7teBlJ;JcgaA2kYLak;x7pAx1mEDVW;Dz9YDM3B11d;TbkEXL3zws3;UkeKK3Yz0eV;HIgoCJ50qkC;H7BYxecWAWS;H7BYxecWAWS;azVbANcTyeq;QqXkYA7XAYw;CCvziA5YTie;RcEuwqgQGf4;T2FsvO0b3jy.UuRrjnhE5uq;T2FsvO0b3jy.eV4Y7v7xFa2;T2FsvO0b3jy.jBX2qee107G;T2FsvO0b3jy.vTYSOxTTCNG;SOxwBu91n8g;xLXMzfGbCvU;wtSyTdH47Yp;K4z9xEWrpom;Io29XwRiXK7;Ug8YP3YzkKk;lJQWri3Cb0V.Jx72l4NfSLz;lJQWri3Cb0V.rLmcoXtmnUM;TbuzgtCfZlN.oUBnaM0PTcd;TbuzgtCfZlN.HJDrURNyZK4;jgsCugn2BZw.HJDrURNyZK4;eQ29xBhM6bZ.HJDrURNyZK4;jgsCugn2BZw.oUBnaM0PTcd;eQ29xBhM6bZ.oUBnaM0PTcd;TbuzgtCfZlN.n7MTyanPfTh;jgsCugn2BZw.n7MTyanPfTh;eQ29xBhM6bZ.n7MTyanPfTh;TbuzgtCfZlN.ezbEKdMfHeV;jgsCugn2BZw.ezbEKdMfHeV;eQ29xBhM6bZ.ezbEKdMfHeV;pKWWsnctb4D;vSSXernIS3R&dimension=ou:OU_GROUP-uiAUT0VGb0q&dimension=pe:202601&dimension=UedUhlkhYWX:KG7l26av4v5;M0TzDNQdeju;NDWlje7qHvH;Znfg4CCkg7Z;djVrwOWyadD&outputIdScheme=CODE
2026-02-25 12:46:10 [http-nio-8081-exec-9] DEBUG o.s.web.client.RestTemplate - Accept=[text/plain, application/json, application/yaml, application/*+json, */*]
2026-02-25 12:46:11 [http-nio-8081-exec-9] DEBUG o.s.web.client.RestTemplate - Response 200 OK
2026-02-25 12:46:11 [http-nio-8081-exec-9] DEBUG o.s.web.client.RestTemplate - Reading to [java.lang.String] as "application/json;charset=UTF-8"
2026-02-25 12:46:11 [http-nio-8081-exec-9] INFO  c.m.b.k.s.MiddlewareProcessorService - Detected attribute dimension: UedUhlkhYWX at index 3
2026-02-25 12:46:12 [http-nio-8081-exec-9] INFO  c.m.b.k.s.MiddlewareProcessorService - Built middleware response with 122 org units
2026-02-25 12:46:12 [http-nio-8081-exec-9] INFO  c.m.b.c.IntegrationMappingConfiguration - Mapping processed successfully for API: Hospital_HealthMap_Mappin with 122 rows
2026-02-25 12:46:12 [http-nio-8081-exec-9] DEBUG o.a.c.http.common.DefaultHttpBinding - Streaming response in chunked mode with buffer size 8192
2026-02-25 12:46:12 [http-nio-8081-exec-9] DEBUG o.s.w.f.CommonsRequestLoggingFilter - After request [GET /camel/v1/hospitales?transactionUUID=48455b99-b034-4659-be7c-c08ac8d7f247&ou=OU_GROUP-uiAUT0VGb0q&pe=202601, client=0:0:0:0:0:0:0:1, user=healthmap@mail.com, payload=
]
2026-02-25 12:46:12 [task-5] DEBUG c.m.b.l.s.MiddlewareApiCallLogService - updateTransaction... updating Route [servlet:/v1/hospitales?httpMethodRestrict=GET] - Exchange content: {transactionUUID=48455b99-b034-4659-be7c-c08ac8d7f247, mapping.success=true, CamelCharsetName=UTF-8, mapping.status=SUCCESS, CamelToEndpoint=integrationmapping://null?code=default, apiLogId=81}
2026-02-25 12:46:12 [task-5] INFO  c.m.b.l.s.MiddlewareApiCallLogService - Transaction 58c26c96-919e-42f2-81b7-bac241060de2 for routeId: Hospital_HealthMap_Mappin updated successfully: status=COMPLETED, responseCode=200
2026-02-25 12:46:22 [scheduling-1] INFO  c.m.b.k.service.DynamicRouteService - Starting route status sync with Camel context
2026-02-25 12:46:22 [scheduling-1] INFO  c.m.b.k.service.DynamicRouteService - Completed route status sync
2026-02-25 12:46:52 [scheduling-1] INFO  c.m.b.k.service.DynamicRouteService - Starting route status sync with Camel context
2026-02-25 12:46:52 [scheduling-1] INFO  c.m.b.k.service.DynamicRouteService - Completed route status sync
2026-02-25 12:46:52 [http-nio-8081-exec-7] INFO  c.m.b.k.service.DynamicRouteService - Fetching active routes with pagination
2026-02-25 12:46:52 [http-nio-8081-exec-7] DEBUG o.s.w.f.CommonsRequestLoggingFilter - Before request [GET /api/integrated-apis/2, client=0:0:0:0:0:0:0:1, user=admin@mail.com]
2026-02-25 12:46:52 [http-nio-8081-exec-7] DEBUG o.s.web.servlet.DispatcherServlet - GET "/api/integrated-apis/2", parameters={}
2026-02-25 12:46:52 [http-nio-8081-exec-7] DEBUG o.s.w.s.m.m.a.RequestMappingHandlerMapping - Mapped to com.middleware.backend.kaotocamel.controller.IntegratedApiController#findById(Long)
2026-02-25 12:46:52 [http-nio-8081-exec-7] DEBUG o.s.w.s.m.m.a.HttpEntityMethodProcessor - Using 'application/json', given [application/json] and supported [application/json, application/*+json, application/yaml]
2026-02-25 12:46:52 [http-nio-8081-exec-7] DEBUG o.s.w.s.m.m.a.HttpEntityMethodProcessor - Writing [IntegratedApiDto(id=2, code=Hospital_HealthMap_Mapping, name=Hospital HealthMap, apiUrl=/api/analyti (truncated)...]
2026-02-25 12:46:52 [http-nio-8081-exec-7] DEBUG o.s.web.servlet.DispatcherServlet - Completed 200 OK
2026-02-25 12:46:52 [http-nio-8081-exec-7] DEBUG o.a.camel.spring.SpringCamelContext - onApplicationEvent: ServletRequestHandledEvent: url=[/api/integrated-apis/2]; client=[0:0:0:0:0:0:0:1]; method=[GET]; status=[200]; servlet=[dispatcherServlet]; session=[null]; user=[admin@mail.com]; time=[151ms]
2026-02-25 12:46:52 [http-nio-8081-exec-7] DEBUG o.s.w.f.CommonsRequestLoggingFilter - After request [GET /api/integrated-apis/2, client=0:0:0:0:0:0:0:1, user=admin@mail.com]
2026-02-25 12:47:21 [http-nio-8081-exec-1] INFO  c.m.b.k.service.DynamicRouteService - Fetching active routes with pagination
2026-02-25 12:47:22 [http-nio-8081-exec-1] DEBUG o.s.w.f.CommonsRequestLoggingFilter - Before request [PUT /api/integrated-apis/2, client=0:0:0:0:0:0:0:1, user=admin@mail.com]
2026-02-25 12:47:22 [http-nio-8081-exec-1] DEBUG o.s.web.servlet.DispatcherServlet - PUT "/api/integrated-apis/2", parameters={}
2026-02-25 12:47:22 [http-nio-8081-exec-1] DEBUG o.s.w.s.m.m.a.RequestMappingHandlerMapping - Mapped to com.middleware.backend.kaotocamel.controller.IntegratedApiController#update(Long, IntegratedApiRequestDto)
2026-02-25 12:47:22 [http-nio-8081-exec-1] DEBUG o.s.w.s.m.m.a.RequestResponseBodyMethodProcessor - Read "application/json;charset=UTF-8" to [IntegratedApiRequestDto(code=Hospital_HealthMap_Mapping, name=Hospital HealthMap, apiUrl=/api/analyt (truncated)...]
2026-02-25 12:47:22 [scheduling-1] INFO  c.m.b.k.service.DynamicRouteService - Starting route status sync with Camel context
2026-02-25 12:47:22 [scheduling-1] INFO  c.m.b.k.service.DynamicRouteService - Completed route status sync
2026-02-25 12:47:22 [http-nio-8081-exec-1] INFO  c.m.b.k.service.IntegratedApiService - Updating integrated API: 2
2026-02-25 12:47:22 [http-nio-8081-exec-1] INFO  c.m.b.k.service.IntegratedApiService - Updated integrated API: Hospital_HealthMap_Mapping by user: admin@mail.com
2026-02-25 12:47:22 [http-nio-8081-exec-1] INFO  c.m.b.k.c.IntegratedApiController - Updated integrated API: Hospital_HealthMap_Mapping
2026-02-25 12:47:22 [http-nio-8081-exec-1] DEBUG o.s.w.s.m.m.a.HttpEntityMethodProcessor - Using 'application/json', given [application/json] and supported [application/json, application/*+json, application/yaml]
2026-02-25 12:47:22 [http-nio-8081-exec-1] DEBUG o.s.w.s.m.m.a.HttpEntityMethodProcessor - Writing [IntegratedApiDto(id=2, code=Hospital_HealthMap_Mapping, name=Hospital HealthMap, apiUrl=/api/analyti (truncated)...]
2026-02-25 12:47:22 [http-nio-8081-exec-1] DEBUG o.s.web.servlet.DispatcherServlet - Completed 200 OK
2026-02-25 12:47:22 [http-nio-8081-exec-1] DEBUG o.a.camel.spring.SpringCamelContext - onApplicationEvent: ServletRequestHandledEvent: url=[/api/integrated-apis/2]; client=[0:0:0:0:0:0:0:1]; method=[PUT]; status=[200]; servlet=[dispatcherServlet]; session=[null]; user=[admin@mail.com]; time=[236ms]
2026-02-25 12:47:22 [http-nio-8081-exec-1] DEBUG o.s.w.f.CommonsRequestLoggingFilter - After request [PUT /api/integrated-apis/2, client=0:0:0:0:0:0:0:1, user=admin@mail.com, payload={"code":"Hospital_HealthMap_Mapping","name":"Hospital HealthMap","type":"ANALYTICS","integratedSystem":"DHIS2.DWH","apiUrl":"/api/analytics.json?dimension=dx:C3J9gupRpkv.f6KCBSctsKT;C3J9gupRpkv.qgikuGs16ol;jn4pQVfIaIf;mCryL70xgcR;mCryL70xgcR.n7l9dA920vy;mCryL70xgcR.koh0tliu6RV;cltmZ5EyYNs.n7l9dA920vy;cltmZ5EyYNs.koh0tliu6RV;cltmZ5EyYNs;C3J9gupRpkv.yr1cgGdONRm;C3J9gupRpkv.VzIcBH0k6lJ;M76CHdiNVTr;C3J9gupRpkv.nsIGCAXqmeo;C3J9gupRpkv.ih3CTGgn0l5;Oyxkqradre;nSubq2TDH0g.n7l9dA920vy;nSubq2TDH0g.koh0tliu6RV;nSubq2TDH0g;C3J9gupRpkv.IWjHuBbAQ6U;C3J9gupRpkv.wwP3HvY29bF;wnm7ReXX75U;G8zTi6EPGqj.n7l9dA920vy;G8zTi6EPGqj.koh0tliu6RV;G8zTi6EPGqj;xvHA0fLRcyX.n7l9dA920vy;xvHA0fLRcyX.koh0tliu6RV;xvHA0fLRcyX;C3J9gupRpkv.qRKdkvoSnNy;C3J9gupRpkv.MszHhQEFz4z;jn4pQVfIaIf;f2mdrrKvhGK.n7l9dA920vy;f2mdrrKvhGK.koh0tliu6RV;f2mdrrKvhGK;v1jIqMevb35.f6KCBSctsKT;v1jIqMevb35.qgikuGs16ol;v1jIqMevb35.yr1cgGdONRm;v1jIqMevb35.VzIcBH0k6lJ;v1jIqMevb35.IWjHuBbAQ6U;v1jIqMevb35.wwP3HvY29bF;v1jIqMevb35.nsIGCAXqmeo;v1jIqMevb35.ih3]
2026-02-25 12:47:22 [http-nio-8081-exec-3] INFO  c.m.b.k.service.DynamicRouteService - Fetching active routes with pagination
2026-02-25 12:47:22 [http-nio-8081-exec-5] INFO  c.m.b.k.service.DynamicRouteService - Fetching active routes with pagination
2026-02-25 12:47:22 [http-nio-8081-exec-3] DEBUG o.s.w.f.CommonsRequestLoggingFilter - Before request [GET /api/integrated-system/codes, client=0:0:0:0:0:0:0:1, user=admin@mail.com]
2026-02-25 12:47:22 [http-nio-8081-exec-3] DEBUG o.s.web.servlet.DispatcherServlet - GET "/api/integrated-system/codes", parameters={}
2026-02-25 12:47:22 [http-nio-8081-exec-3] DEBUG o.s.w.s.m.m.a.RequestMappingHandlerMapping - Mapped to com.middleware.backend.integrated_systems.controller.IntegratedSystemController#getAllCodes()
2026-02-25 12:47:22 [http-nio-8081-exec-5] DEBUG o.s.w.f.CommonsRequestLoggingFilter - Before request [GET /api/integrated-apis?page=0&size=10, client=0:0:0:0:0:0:0:1, user=admin@mail.com]
2026-02-25 12:47:22 [http-nio-8081-exec-5] DEBUG o.s.web.servlet.DispatcherServlet - GET "/api/integrated-apis?page=0&size=10", parameters={masked}
2026-02-25 12:47:22 [http-nio-8081-exec-5] DEBUG o.s.w.s.m.m.a.RequestMappingHandlerMapping - Mapped to com.middleware.backend.kaotocamel.controller.IntegratedApiController#findAll(String, String, String, String, String, String, Boolean, String, LocalDateTime, LocalDateTime, LocalDateTime, LocalDateTime, String, Long, Long, int, int, String[])
2026-02-25 12:47:22 [http-nio-8081-exec-5] DEBUG c.m.b.k.c.IntegratedApiController - Received sort params: [id, desc]
2026-02-25 12:47:22 [http-nio-8081-exec-5] DEBUG c.m.b.k.c.IntegratedApiController - Handling separated params - field: 'id', direction: 'desc'
2026-02-25 12:47:22 [http-nio-8081-exec-5] DEBUG c.m.b.k.c.IntegratedApiController - Added separated sort order: id DESC
2026-02-25 12:47:22 [http-nio-8081-exec-5] DEBUG c.m.b.k.c.IntegratedApiController - Final sort object: id: DESC
2026-02-25 12:47:23 [http-nio-8081-exec-3] DEBUG o.s.w.s.m.m.a.HttpEntityMethodProcessor - Using 'application/json', given [application/json] and supported [application/json, application/*+json, application/yaml]
2026-02-25 12:47:23 [http-nio-8081-exec-3] DEBUG o.s.w.s.m.m.a.HttpEntityMethodProcessor - Writing [[DHIS2.DWH, DHIS2.STABLE]]
2026-02-25 12:47:23 [http-nio-8081-exec-3] DEBUG o.s.web.servlet.DispatcherServlet - Completed 200 OK
2026-02-25 12:47:23 [http-nio-8081-exec-3] DEBUG o.a.camel.spring.SpringCamelContext - onApplicationEvent: ServletRequestHandledEvent: url=[/api/integrated-system/codes]; client=[0:0:0:0:0:0:0:1]; method=[GET]; status=[200]; servlet=[dispatcherServlet]; session=[null]; user=[admin@mail.com]; time=[61ms]
2026-02-25 12:47:23 [http-nio-8081-exec-3] DEBUG o.s.w.f.CommonsRequestLoggingFilter - After request [GET /api/integrated-system/codes, client=0:0:0:0:0:0:0:1, user=admin@mail.com]
2026-02-25 12:47:23 [http-nio-8081-exec-5] DEBUG o.s.w.s.m.m.a.HttpEntityMethodProcessor - Using 'application/json', given [application/json] and supported [application/json, application/*+json, application/yaml]
2026-02-25 12:47:23 [http-nio-8081-exec-5] DEBUG o.s.w.s.m.m.a.HttpEntityMethodProcessor - Writing [Page 1 of 1 containing com.middleware.backend.kaotocamel.dto.IntegratedApiDto instances]
2026-02-25 12:47:23 [http-nio-8081-exec-5] DEBUG o.s.web.servlet.DispatcherServlet - Completed 200 OK
2026-02-25 12:47:23 [http-nio-8081-exec-5] DEBUG o.a.camel.spring.SpringCamelContext - onApplicationEvent: ServletRequestHandledEvent: url=[/api/integrated-apis]; client=[0:0:0:0:0:0:0:1]; method=[GET]; status=[200]; servlet=[dispatcherServlet]; session=[null]; user=[admin@mail.com]; time=[70ms]
2026-02-25 12:47:23 [http-nio-8081-exec-5] DEBUG o.s.w.f.CommonsRequestLoggingFilter - After request [GET /api/integrated-apis?page=0&size=10, client=0:0:0:0:0:0:0:1, user=admin@mail.com]
2026-02-25 12:47:23 [http-nio-8081-exec-2] INFO  c.m.b.k.service.DynamicRouteService - Fetching active routes with pagination
2026-02-25 12:47:23 [http-nio-8081-exec-2] INFO  c.m.b.k.service.DynamicRouteService - Fetching active routes with pagination
2026-02-25 12:47:24 [http-nio-8081-exec-2] DEBUG o.s.w.f.CommonsRequestLoggingFilter - Before request [GET /camel/v1/hospitales?transactionUUID=56e2b2ad-b90b-4c11-a47c-c7bbcffaa686&ou=OU_GROUP-uiAUT0VGb0q&pe=202601, client=0:0:0:0:0:0:0:1, user=healthmap@mail.com]
2026-02-25 12:47:24 [http-nio-8081-exec-2] INFO  c.m.b.policy.LoggingRoutePolicy - LoggingRoutePolicy.onExchangeBegin: Route [Hospital_HealthMap_Mappin] - Incoming exchange: 80A81A3DD843859-0000000000000005
2026-02-25 12:47:24 [http-nio-8081-exec-2] DEBUG c.m.b.l.s.MiddlewareApiCallLogService - createTransactionSync... creating log for Route [Hospital_HealthMap_Mappin] - Exchange content: {CamelCharsetName=UTF-8}
2026-02-25 12:47:24 [http-nio-8081-exec-2] DEBUG c.m.b.l.s.MiddlewareApiCallLogService - UUID validation passed for: 56e2b2ad-b90b-4c11-a47c-c7bbcffaa686
2026-02-25 12:47:24 [http-nio-8081-exec-2] DEBUG c.m.b.l.s.MiddlewareApiCallLogService - First attempt for new UUID: 56e2b2ad-b90b-4c11-a47c-c7bbcffaa686
2026-02-25 12:47:24 [http-nio-8081-exec-2] INFO  c.m.b.policy.LoggingRoutePolicy - LoggingRoutePolicy.onExchangeBegin: Route [Hospital_HealthMap_Mappin] - call log created with ID 82
2026-02-25 12:47:24 [http-nio-8081-exec-2] DEBUG o.a.camel.processor.SendProcessor - >>>> integrationmapping://null?code=default Exchange[80A81A3DD843859-0000000000000005]
2026-02-25 12:47:24 [http-nio-8081-exec-2] INFO  c.m.IntegrationMappingProducer - Processing Integration Mapping for routeId: Hospital_HealthMap_Mappin
2026-02-25 12:47:24 [http-nio-8081-exec-2] INFO  c.m.IntegrationMappingProducer - Built request - RouteID: Hospital_HealthMap_Mappin, pe: 202601, ou: OU_GROUP-uiAUT0VGb0q, dhis2Code: null, UUID: 56e2b2ad-b90b-4c11-a47c-c7bbcffaa686
2026-02-25 12:47:24 [http-nio-8081-exec-2] INFO  c.m.b.c.IntegrationMappingConfiguration - Processing mapping for API: Hospital_HealthMap_Mappin
2026-02-25 12:47:24 [http-nio-8081-exec-2] INFO  c.m.b.k.s.MiddlewareProcessorService - Processing middleware request for Route ID: Hospital_HealthMap_Mappin with period: 202601, ou: OU_GROUP-uiAUT0VGb0q
2026-02-25 12:47:24 [http-nio-8081-exec-2] DEBUG c.m.b.k.s.MiddlewareProcessorService - Request parameters - ou: OU_GROUP-uiAUT0VGb0q, pe: 202601
2026-02-25 12:47:24 [http-nio-8081-exec-2] INFO  c.m.b.k.s.MiddlewareProcessorService - Grouped 236 mappings into 1 API calls
2026-02-25 12:47:24 [http-nio-8081-exec-2] INFO  c.m.b.k.s.MiddlewareProcessorService - Fetching org units metadata using integratedSystem: DHIS2.DWH
2026-02-25 12:47:24 [http-nio-8081-exec-2] INFO  c.m.b.k.service.Dhis2ClientService - Fetching metadata using integratedSystem: DHIS2.DWH (from metadata API)
2026-02-25 12:47:24 [http-nio-8081-exec-2] DEBUG o.s.web.client.RestTemplate - HTTP GET https://hmis-dev.moh.gov.jo/dwh/api/metadata.json?organisationUnits=true&fields=id,code,name,displayName,shortName,description,openingDate,closedDate,level,phoneNumber,email,address,url,parent%5Bid,code,name,level,parent%5Bid,code,name,level,parent%5Bid,code,name,level,parent%5Bid,code,name,level,parent%5Bid,code,name,level%5D%5D%5D%5D%5D,translations,organisationUnitGroups%5Bid,code,name%5D,lastUpdated,attributeValues%5Bvalue,attribute%5Bid,code,name%5D%5D,geometry,image%5Bid,name%5D,openingDate,closedDate,groups%5Bid,code,name%5D&outputIdScheme=CODE
2026-02-25 12:47:24 [http-nio-8081-exec-2] DEBUG o.s.web.client.RestTemplate - Accept=[text/plain, application/json, application/yaml, application/*+json, */*]
2026-02-25 12:47:27 [http-nio-8081-exec-2] DEBUG o.s.web.client.RestTemplate - Response 200 OK
2026-02-25 12:47:27 [http-nio-8081-exec-2] DEBUG o.s.web.client.RestTemplate - Reading to [java.lang.String] as "application/json;charset=UTF-8"
2026-02-25 12:47:28 [http-nio-8081-exec-2] INFO  c.m.b.k.service.Dhis2ClientService - Fetched 2200 org units from metadata API (integratedSystem: DHIS2.DWH)
2026-02-25 12:47:28 [http-nio-8081-exec-2] INFO  c.m.b.k.s.MiddlewareProcessorService - Executing call for API: Hospital_HealthMap_Mapping (ANALYTICS) using integratedSystem: DHIS2.DWH
2026-02-25 12:47:28 [http-nio-8081-exec-2] DEBUG c.m.b.k.s.MiddlewareProcessorService - API flags - useOuFromRequest: true, usePeFromRequest: true
2026-02-25 12:47:28 [http-nio-8081-exec-2] INFO  c.m.b.k.service.Dhis2ClientService - Using DHIS2 settings: integratedSystem=DHIS2.DWH, baseUrl=HTTPS://hmis-dev.moh.gov.jo/dwh
2026-02-25 12:47:28 [http-nio-8081-exec-2] DEBUG c.m.b.k.service.Dhis2ClientService - Built Analytics URL with flags (useOu=true, usePe=true): /api/analytics.json?dimension=dx:C3J9gupRpkv.f6KCBSctsKT;C3J9gupRpkv.qgikuGs16ol;jn4pQVfIaIf;mCryL70xgcR;mCryL70xgcR.n7l9dA920vy;mCryL70xgcR.koh0tliu6RV;cltmZ5EyYNs.n7l9dA920vy;cltmZ5EyYNs.koh0tliu6RV;cltmZ5EyYNs;C3J9gupRpkv.yr1cgGdONRm;C3J9gupRpkv.VzIcBH0k6lJ;M76CHdiNVTr;C3J9gupRpkv.nsIGCAXqmeo;C3J9gupRpkv.ih3CTGgn0l5;Oyxkqradre;nSubq2TDH0g.n7l9dA920vy;nSubq2TDH0g.koh0tliu6RV;nSubq2TDH0g;C3J9gupRpkv.IWjHuBbAQ6U;C3J9gupRpkv.wwP3HvY29bF;wnm7ReXX75U;G8zTi6EPGqj.n7l9dA920vy;G8zTi6EPGqj.koh0tliu6RV;G8zTi6EPGqj;xvHA0fLRcyX.n7l9dA920vy;xvHA0fLRcyX.koh0tliu6RV;xvHA0fLRcyX;C3J9gupRpkv.qRKdkvoSnNy;C3J9gupRpkv.MszHhQEFz4z;jn4pQVfIaIf;f2mdrrKvhGK.n7l9dA920vy;f2mdrrKvhGK.koh0tliu6RV;f2mdrrKvhGK;v1jIqMevb35.f6KCBSctsKT;v1jIqMevb35.qgikuGs16ol;v1jIqMevb35.yr1cgGdONRm;v1jIqMevb35.VzIcBH0k6lJ;v1jIqMevb35.IWjHuBbAQ6U;v1jIqMevb35.wwP3HvY29bF;v1jIqMevb35.nsIGCAXqmeo;v1jIqMevb35.ih3CTGgn0l5;v1jIqMevb35.qRKdkvoSnNy;v1jIqMevb35.MszHhQEFz4z;TbkEXL3zws3.f6KCBSctsKT;TbkEXL3zws3.qgikuGs16ol;TbkEXL3zws3.yr1cgGdONRm;TbkEXL3zws3.VzIcBH0k6lJ;TbkEXL3zws3.IWjHuBbAQ6U;TbkEXL3zws3.wwP3HvY29bF;TbkEXL3zws3.nsIGCAXqmeo;TbkEXL3zws3.ih3CTGgn0l5;TbkEXL3zws3.qRKdkvoSnNy;TbkEXL3zws3.MszHhQEFz4z;nsXaQk7geGa.yTb1U3ECuGF;nsXaQk7geGa.efoIG4g9arY;nsXaQk7geGa.M7dT8gVS7zy;nsXaQk7geGa.FmQ4cAywsli;nsXaQk7geGa.GJ0VvZgluAw;nsXaQk7geGa.oJQWiZkIM0k;J1Vj8d8khPd.yTb1U3ECuGF;J1Vj8d8khPd.efoIG4g9arY;J1Vj8d8khPd.M7dT8gVS7zy;J1Vj8d8khPd.FmQ4cAywsli;J1Vj8d8khPd.GJ0VvZgluAw;J1Vj8d8khPd.oJQWiZkIM0k;wqEip6Dbe3l.yTb1U3ECuGF;wqEip6Dbe3l.efoIG4g9arY;wqEip6Dbe3l.M7dT8gVS7zy;wqEip6Dbe3l.FmQ4cAywsli;wqEip6Dbe3l.GJ0VvZgluAw;wqEip6Dbe3l.oJQWiZkIM0k;jP9Grjpaqun.yTb1U3ECuGF;jP9Grjpaqun.efoIG4g9arY;jP9Grjpaqun.M7dT8gVS7zy;jP9Grjpaqun.FmQ4cAywsli;jP9Grjpaqun.GJ0VvZgluAw;jP9Grjpaqun.oJQWiZkIM0k;WLzrCuWBNnE.yTb1U3ECuGF;WLzrCuWBNnE.efoIG4g9arY;WLzrCuWBNnE.M7dT8gVS7zy;WLzrCuWBNnE.FmQ4cAywsli;WLzrCuWBNnE.GJ0VvZgluAw;WLzrCuWBNnE.oJQWiZkIM0k;CUGep0XzA3A.yTb1U3ECuGF;CUGep0XzA3A.efoIG4g9arY;CUGep0XzA3A.M7dT8gVS7zy;CUGep0XzA3A.FmQ4cAywsli;CUGep0XzA3A.GJ0VvZgluAw;CUGep0XzA3A.oJQWiZkIM0k;mHhrSasaZEk.yTb1U3ECuGF;mHhrSasaZEk.efoIG4g9arY;mHhrSasaZEk.M7dT8gVS7zy;mHhrSasaZEk.FmQ4cAywsli;mHhrSasaZEk.GJ0VvZgluAw;mHhrSasaZEk.oJQWiZkIM0k;pEO23PlwCSb.GJ0VvZgluAw;pEO23PlwCSb.yTb1U3ECuGF;pEO23PlwCSb.efoIG4g9arY;pEO23PlwCSb.M7dT8gVS7zy;pEO23PlwCSb.FmQ4cAywsli;pEO23PlwCSb.oJQWiZkIM0k;M90jcnFPAxk.yTb1U3ECuGF;M90jcnFPAxk.efoIG4g9arY;M90jcnFPAxk.M7dT8gVS7zy;M90jcnFPAxk.FmQ4cAywsli;M90jcnFPAxk.GJ0VvZgluAw;M90jcnFPAxk.oJQWiZkIM0k;QQdagPXych9.yTb1U3ECuGF;QQdagPXych9.efoIG4g9arY;QQdagPXych9.M7dT8gVS7zy;QQdagPXych9.FmQ4cAywsli;QQdagPXych9.GJ0VvZgluAw;QQdagPXych9.oJQWiZkIM0k;C9HrptUsCLz.yTb1U3ECuGF;C9HrptUsCLz.efoIG4g9arY;C9HrptUsCLz.M7dT8gVS7zy;C9HrptUsCLz.FmQ4cAywsli;C9HrptUsCLz.GJ0VvZgluAw;C9HrptUsCLz.oJQWiZkIM0k;MTS6Q2xlT3L.yTb1U3ECuGF;MTS6Q2xlT3L.efoIG4g9arY;MTS6Q2xlT3L.M7dT8gVS7zy;MTS6Q2xlT3L.FmQ4cAywsli;MTS6Q2xlT3L.GJ0VvZgluAw;MTS6Q2xlT3L.oJQWiZkIM0k;HG2yJtkPuFl.yTb1U3ECuGF;HG2yJtkPuFl.efoIG4g9arY;HG2yJtkPuFl.M7dT8gVS7zy;HG2yJtkPuFl.FmQ4cAywsli;HG2yJtkPuFl.GJ0VvZgluAw;HG2yJtkPuFl.oJQWiZkIM0k;k8y8u4reC3j.yTb1U3ECuGF;k8y8u4reC3j.efoIG4g9arY;k8y8u4reC3j.M7dT8gVS7zy;k8y8u4reC3j.FmQ4cAywsli;k8y8u4reC3j.GJ0VvZgluAw;k8y8u4reC3j.oJQWiZkIM0k;h7WZ16B0f5h;bwkaWNM5IxW;IGNjoHsBPA5;Lax7XiHZ8JW;PqpBniaM7Qw;qdGx2wXPmBu;VlUPLLmJyum;X3kIHc7slwq;Eypb9xMSAcl;Kt8FuTI6be4;XCRMCX69YKb;KKk8T1SkAXI;OvOdSwkNN7w;dDyQKZEVXfc;y4CRWblENPS;JEK6BLZSjJr;AThkRYyxfSW;shjOt7XXI6Y;tGIMo3WxNLt;M3lOaTkFa6h;BAzqwT8ahGp;UqDNOKbj06I;AdcYUWNKWVO;SX9h8BXpLCE;b33pgG2ryuO;dyDMZoNSPve;LJSFDCsBKGX;nLkYYy7UfZu;ntGnd7teBlJ;JcgaA2kYLak;x7pAx1mEDVW;Dz9YDM3B11d;TbkEXL3zws3;UkeKK3Yz0eV;HIgoCJ50qkC;H7BYxecWAWS;H7BYxecWAWS;azVbANcTyeq;QqXkYA7XAYw;CCvziA5YTie;RcEuwqgQGf4;T2FsvO0b3jy.UuRrjnhE5uq;T2FsvO0b3jy.eV4Y7v7xFa2;T2FsvO0b3jy.jBX2qee107G;T2FsvO0b3jy.vTYSOxTTCNG;SOxwBu91n8g;xLXMzfGbCvU;wtSyTdH47Yp;K4z9xEWrpom;Io29XwRiXK7;Ug8YP3YzkKk;lJQWri3Cb0V.Jx72l4NfSLz;lJQWri3Cb0V.rLmcoXtmnUM;TbuzgtCfZlN.oUBnaM0PTcd;TbuzgtCfZlN.HJDrURNyZK4;jgsCugn2BZw.HJDrURNyZK4;eQ29xBhM6bZ.HJDrURNyZK4;jgsCugn2BZw.oUBnaM0PTcd;eQ29xBhM6bZ.oUBnaM0PTcd;TbuzgtCfZlN.n7MTyanPfTh;jgsCugn2BZw.n7MTyanPfTh;eQ29xBhM6bZ.n7MTyanPfTh;TbuzgtCfZlN.ezbEKdMfHeV;jgsCugn2BZw.ezbEKdMfHeV;eQ29xBhM6bZ.ezbEKdMfHeV;pKWWsnctb4D;vSSXernIS3R&dimension=ou:OU_GROUP-uiAUT0VGb0q&dimension=pe:202601&dimension=UedUhlkhYWX:KG7l26av4v5;M0TzDNQdeju;NDWlje7qHvH;Znfg4CCkg7Z;djVrwOWyadD
2026-02-25 12:47:28 [http-nio-8081-exec-2] DEBUG o.s.web.client.RestTemplate - HTTP GET https://hmis-dev.moh.gov.jo/dwh/api/analytics.json?dimension=dx:C3J9gupRpkv.f6KCBSctsKT;C3J9gupRpkv.qgikuGs16ol;jn4pQVfIaIf;mCryL70xgcR;mCryL70xgcR.n7l9dA920vy;mCryL70xgcR.koh0tliu6RV;cltmZ5EyYNs.n7l9dA920vy;cltmZ5EyYNs.koh0tliu6RV;cltmZ5EyYNs;C3J9gupRpkv.yr1cgGdONRm;C3J9gupRpkv.VzIcBH0k6lJ;M76CHdiNVTr;C3J9gupRpkv.nsIGCAXqmeo;C3J9gupRpkv.ih3CTGgn0l5;Oyxkqradre;nSubq2TDH0g.n7l9dA920vy;nSubq2TDH0g.koh0tliu6RV;nSubq2TDH0g;C3J9gupRpkv.IWjHuBbAQ6U;C3J9gupRpkv.wwP3HvY29bF;wnm7ReXX75U;G8zTi6EPGqj.n7l9dA920vy;G8zTi6EPGqj.koh0tliu6RV;G8zTi6EPGqj;xvHA0fLRcyX.n7l9dA920vy;xvHA0fLRcyX.koh0tliu6RV;xvHA0fLRcyX;C3J9gupRpkv.qRKdkvoSnNy;C3J9gupRpkv.MszHhQEFz4z;jn4pQVfIaIf;f2mdrrKvhGK.n7l9dA920vy;f2mdrrKvhGK.koh0tliu6RV;f2mdrrKvhGK;v1jIqMevb35.f6KCBSctsKT;v1jIqMevb35.qgikuGs16ol;v1jIqMevb35.yr1cgGdONRm;v1jIqMevb35.VzIcBH0k6lJ;v1jIqMevb35.IWjHuBbAQ6U;v1jIqMevb35.wwP3HvY29bF;v1jIqMevb35.nsIGCAXqmeo;v1jIqMevb35.ih3CTGgn0l5;v1jIqMevb35.qRKdkvoSnNy;v1jIqMevb35.MszHhQEFz4z;TbkEXL3zws3.f6KCBSctsKT;TbkEXL3zws3.qgikuGs16ol;TbkEXL3zws3.yr1cgGdONRm;TbkEXL3zws3.VzIcBH0k6lJ;TbkEXL3zws3.IWjHuBbAQ6U;TbkEXL3zws3.wwP3HvY29bF;TbkEXL3zws3.nsIGCAXqmeo;TbkEXL3zws3.ih3CTGgn0l5;TbkEXL3zws3.qRKdkvoSnNy;TbkEXL3zws3.MszHhQEFz4z;nsXaQk7geGa.yTb1U3ECuGF;nsXaQk7geGa.efoIG4g9arY;nsXaQk7geGa.M7dT8gVS7zy;nsXaQk7geGa.FmQ4cAywsli;nsXaQk7geGa.GJ0VvZgluAw;nsXaQk7geGa.oJQWiZkIM0k;J1Vj8d8khPd.yTb1U3ECuGF;J1Vj8d8khPd.efoIG4g9arY;J1Vj8d8khPd.M7dT8gVS7zy;J1Vj8d8khPd.FmQ4cAywsli;J1Vj8d8khPd.GJ0VvZgluAw;J1Vj8d8khPd.oJQWiZkIM0k;wqEip6Dbe3l.yTb1U3ECuGF;wqEip6Dbe3l.efoIG4g9arY;wqEip6Dbe3l.M7dT8gVS7zy;wqEip6Dbe3l.FmQ4cAywsli;wqEip6Dbe3l.GJ0VvZgluAw;wqEip6Dbe3l.oJQWiZkIM0k;jP9Grjpaqun.yTb1U3ECuGF;jP9Grjpaqun.efoIG4g9arY;jP9Grjpaqun.M7dT8gVS7zy;jP9Grjpaqun.FmQ4cAywsli;jP9Grjpaqun.GJ0VvZgluAw;jP9Grjpaqun.oJQWiZkIM0k;WLzrCuWBNnE.yTb1U3ECuGF;WLzrCuWBNnE.efoIG4g9arY;WLzrCuWBNnE.M7dT8gVS7zy;WLzrCuWBNnE.FmQ4cAywsli;WLzrCuWBNnE.GJ0VvZgluAw;WLzrCuWBNnE.oJQWiZkIM0k;CUGep0XzA3A.yTb1U3ECuGF;CUGep0XzA3A.efoIG4g9arY;CUGep0XzA3A.M7dT8gVS7zy;CUGep0XzA3A.FmQ4cAywsli;CUGep0XzA3A.GJ0VvZgluAw;CUGep0XzA3A.oJQWiZkIM0k;mHhrSasaZEk.yTb1U3ECuGF;mHhrSasaZEk.efoIG4g9arY;mHhrSasaZEk.M7dT8gVS7zy;mHhrSasaZEk.FmQ4cAywsli;mHhrSasaZEk.GJ0VvZgluAw;mHhrSasaZEk.oJQWiZkIM0k;pEO23PlwCSb.GJ0VvZgluAw;pEO23PlwCSb.yTb1U3ECuGF;pEO23PlwCSb.efoIG4g9arY;pEO23PlwCSb.M7dT8gVS7zy;pEO23PlwCSb.FmQ4cAywsli;pEO23PlwCSb.oJQWiZkIM0k;M90jcnFPAxk.yTb1U3ECuGF;M90jcnFPAxk.efoIG4g9arY;M90jcnFPAxk.M7dT8gVS7zy;M90jcnFPAxk.FmQ4cAywsli;M90jcnFPAxk.GJ0VvZgluAw;M90jcnFPAxk.oJQWiZkIM0k;QQdagPXych9.yTb1U3ECuGF;QQdagPXych9.efoIG4g9arY;QQdagPXych9.M7dT8gVS7zy;QQdagPXych9.FmQ4cAywsli;QQdagPXych9.GJ0VvZgluAw;QQdagPXych9.oJQWiZkIM0k;C9HrptUsCLz.yTb1U3ECuGF;C9HrptUsCLz.efoIG4g9arY;C9HrptUsCLz.M7dT8gVS7zy;C9HrptUsCLz.FmQ4cAywsli;C9HrptUsCLz.GJ0VvZgluAw;C9HrptUsCLz.oJQWiZkIM0k;MTS6Q2xlT3L.yTb1U3ECuGF;MTS6Q2xlT3L.efoIG4g9arY;MTS6Q2xlT3L.M7dT8gVS7zy;MTS6Q2xlT3L.FmQ4cAywsli;MTS6Q2xlT3L.GJ0VvZgluAw;MTS6Q2xlT3L.oJQWiZkIM0k;HG2yJtkPuFl.yTb1U3ECuGF;HG2yJtkPuFl.efoIG4g9arY;HG2yJtkPuFl.M7dT8gVS7zy;HG2yJtkPuFl.FmQ4cAywsli;HG2yJtkPuFl.GJ0VvZgluAw;HG2yJtkPuFl.oJQWiZkIM0k;k8y8u4reC3j.yTb1U3ECuGF;k8y8u4reC3j.efoIG4g9arY;k8y8u4reC3j.M7dT8gVS7zy;k8y8u4reC3j.FmQ4cAywsli;k8y8u4reC3j.GJ0VvZgluAw;k8y8u4reC3j.oJQWiZkIM0k;h7WZ16B0f5h;bwkaWNM5IxW;IGNjoHsBPA5;Lax7XiHZ8JW;PqpBniaM7Qw;qdGx2wXPmBu;VlUPLLmJyum;X3kIHc7slwq;Eypb9xMSAcl;Kt8FuTI6be4;XCRMCX69YKb;KKk8T1SkAXI;OvOdSwkNN7w;dDyQKZEVXfc;y4CRWblENPS;JEK6BLZSjJr;AThkRYyxfSW;shjOt7XXI6Y;tGIMo3WxNLt;M3lOaTkFa6h;BAzqwT8ahGp;UqDNOKbj06I;AdcYUWNKWVO;SX9h8BXpLCE;b33pgG2ryuO;dyDMZoNSPve;LJSFDCsBKGX;nLkYYy7UfZu;ntGnd7teBlJ;JcgaA2kYLak;x7pAx1mEDVW;Dz9YDM3B11d;TbkEXL3zws3;UkeKK3Yz0eV;HIgoCJ50qkC;H7BYxecWAWS;H7BYxecWAWS;azVbANcTyeq;QqXkYA7XAYw;CCvziA5YTie;RcEuwqgQGf4;T2FsvO0b3jy.UuRrjnhE5uq;T2FsvO0b3jy.eV4Y7v7xFa2;T2FsvO0b3jy.jBX2qee107G;T2FsvO0b3jy.vTYSOxTTCNG;SOxwBu91n8g;xLXMzfGbCvU;wtSyTdH47Yp;K4z9xEWrpom;Io29XwRiXK7;Ug8YP3YzkKk;lJQWri3Cb0V.Jx72l4NfSLz;lJQWri3Cb0V.rLmcoXtmnUM;TbuzgtCfZlN.oUBnaM0PTcd;TbuzgtCfZlN.HJDrURNyZK4;jgsCugn2BZw.HJDrURNyZK4;eQ29xBhM6bZ.HJDrURNyZK4;jgsCugn2BZw.oUBnaM0PTcd;eQ29xBhM6bZ.oUBnaM0PTcd;TbuzgtCfZlN.n7MTyanPfTh;jgsCugn2BZw.n7MTyanPfTh;eQ29xBhM6bZ.n7MTyanPfTh;TbuzgtCfZlN.ezbEKdMfHeV;jgsCugn2BZw.ezbEKdMfHeV;eQ29xBhM6bZ.ezbEKdMfHeV;pKWWsnctb4D;vSSXernIS3R&dimension=ou:OU_GROUP-uiAUT0VGb0q&dimension=pe:202601&dimension=UedUhlkhYWX:KG7l26av4v5;M0TzDNQdeju;NDWlje7qHvH;Znfg4CCkg7Z;djVrwOWyadD
2026-02-25 12:47:28 [http-nio-8081-exec-2] DEBUG o.s.web.client.RestTemplate - Accept=[text/plain, application/json, application/yaml, application/*+json, */*]
2026-02-25 12:47:30 [http-nio-8081-exec-2] DEBUG o.s.web.client.RestTemplate - Response 200 OK
2026-02-25 12:47:30 [http-nio-8081-exec-2] DEBUG o.s.web.client.RestTemplate - Reading to [java.lang.String] as "application/json;charset=UTF-8"
2026-02-25 12:47:30 [http-nio-8081-exec-2] INFO  c.m.b.k.s.MiddlewareProcessorService - Detected attribute dimension: UedUhlkhYWX at index 3
2026-02-25 12:47:30 [http-nio-8081-exec-2] INFO  c.m.b.k.s.MiddlewareProcessorService - Built middleware response with 122 org units
2026-02-25 12:47:30 [http-nio-8081-exec-2] INFO  c.m.b.c.IntegrationMappingConfiguration - Mapping processed successfully for API: Hospital_HealthMap_Mappin with 122 rows
2026-02-25 12:47:30 [http-nio-8081-exec-2] DEBUG o.a.c.http.common.DefaultHttpBinding - Streaming response in chunked mode with buffer size 8192
2026-02-25 12:47:30 [http-nio-8081-exec-2] DEBUG o.s.w.f.CommonsRequestLoggingFilter - After request [GET /camel/v1/hospitales?transactionUUID=56e2b2ad-b90b-4c11-a47c-c7bbcffaa686&ou=OU_GROUP-uiAUT0VGb0q&pe=202601, client=0:0:0:0:0:0:0:1, user=healthmap@mail.com, payload=
]
2026-02-25 12:47:30 [task-6] DEBUG c.m.b.l.s.MiddlewareApiCallLogService - updateTransaction... updating Route [servlet:/v1/hospitales?httpMethodRestrict=GET] - Exchange content: {transactionUUID=56e2b2ad-b90b-4c11-a47c-c7bbcffaa686, mapping.success=true, CamelCharsetName=UTF-8, mapping.status=SUCCESS, CamelToEndpoint=integrationmapping://null?code=default, apiLogId=82}
2026-02-25 12:47:30 [task-6] INFO  c.m.b.l.s.MiddlewareApiCallLogService - Transaction 9252fd84-e1c7-4f7b-ac6a-c1a80cfb80e5 for routeId: Hospital_HealthMap_Mappin updated successfully: status=COMPLETED, responseCode=200
2026-02-25 12:47:52 [scheduling-1] INFO  c.m.b.k.service.DynamicRouteService - Starting route status sync with Camel context
2026-02-25 12:47:52 [scheduling-1] INFO  c.m.b.k.service.DynamicRouteService - Completed route status sync
2026-02-25 12:48:22 [scheduling-1] INFO  c.m.b.k.service.DynamicRouteService - Starting route status sync with Camel context
2026-02-25 12:48:22 [scheduling-1] INFO  c.m.b.k.service.DynamicRouteService - Completed route status sync
2026-02-25 12:48:52 [scheduling-1] INFO  c.m.b.k.service.DynamicRouteService - Starting route status sync with Camel context
2026-02-25 12:48:52 [scheduling-1] INFO  c.m.b.k.service.DynamicRouteService - Completed route status sync
2026-02-25 12:49:22 [scheduling-1] INFO  c.m.b.k.service.DynamicRouteService - Starting route status sync with Camel context
2026-02-25 12:49:22 [scheduling-1] INFO  c.m.b.k.service.DynamicRouteService - Completed route status sync
2026-02-25 12:49:52 [scheduling-1] INFO  c.m.b.k.service.DynamicRouteService - Starting route status sync with Camel context
2026-02-25 12:49:52 [scheduling-1] INFO  c.m.b.k.service.DynamicRouteService - Completed route status sync
2026-02-25 12:50:22 [scheduling-1] INFO  c.m.b.k.service.DynamicRouteService - Starting route status sync with Camel context
2026-02-25 12:50:22 [scheduling-1] INFO  c.m.b.k.service.DynamicRouteService - Completed route status sync
2026-02-25 12:50:52 [scheduling-1] INFO  c.m.b.k.service.DynamicRouteService - Starting route status sync with Camel context
2026-02-25 12:50:52 [scheduling-1] INFO  c.m.b.k.service.DynamicRouteService - Completed route status sync
2026-02-25 12:51:22 [scheduling-1] INFO  c.m.b.k.service.DynamicRouteService - Starting route status sync with Camel context
2026-02-25 12:51:22 [scheduling-1] INFO  c.m.b.k.service.DynamicRouteService - Completed route status sync
2026-02-25 12:51:52 [scheduling-1] INFO  c.m.b.k.service.DynamicRouteService - Starting route status sync with Camel context
2026-02-25 12:51:52 [scheduling-1] INFO  c.m.b.k.service.DynamicRouteService - Completed route status sync
2026-02-25 12:52:22 [scheduling-1] INFO  c.m.b.k.service.DynamicRouteService - Starting route status sync with Camel context
2026-02-25 12:52:22 [scheduling-1] INFO  c.m.b.k.service.DynamicRouteService - Completed route status sync
2026-02-25 12:52:52 [scheduling-1] INFO  c.m.b.k.service.DynamicRouteService - Starting route status sync with Camel context
2026-02-25 12:52:52 [scheduling-1] INFO  c.m.b.k.service.DynamicRouteService - Completed route status sync
2026-02-25 12:53:22 [scheduling-1] INFO  c.m.b.k.service.DynamicRouteService - Starting route status sync with Camel context
2026-02-25 12:53:22 [scheduling-1] INFO  c.m.b.k.service.DynamicRouteService - Completed route status sync
2026-02-25 12:53:52 [scheduling-1] INFO  c.m.b.k.service.DynamicRouteService - Starting route status sync with Camel context
2026-02-25 12:53:52 [scheduling-1] INFO  c.m.b.k.service.DynamicRouteService - Completed route status sync
2026-02-25 12:54:17 [http-nio-8081-exec-4] INFO  c.m.b.k.service.DynamicRouteService - Fetching active routes with pagination
2026-02-25 12:54:17 [http-nio-8081-exec-4] DEBUG o.s.w.f.CommonsRequestLoggingFilter - Before request [GET /api/integrated-apis/2, client=0:0:0:0:0:0:0:1, user=admin@mail.com]
2026-02-25 12:54:17 [http-nio-8081-exec-4] DEBUG o.s.web.servlet.DispatcherServlet - GET "/api/integrated-apis/2", parameters={}
2026-02-25 12:54:17 [http-nio-8081-exec-4] DEBUG o.s.w.s.m.m.a.RequestMappingHandlerMapping - Mapped to com.middleware.backend.kaotocamel.controller.IntegratedApiController#findById(Long)
2026-02-25 12:54:17 [http-nio-8081-exec-4] DEBUG o.s.w.s.m.m.a.HttpEntityMethodProcessor - Using 'application/json', given [application/json] and supported [application/json, application/*+json, application/yaml]
2026-02-25 12:54:17 [http-nio-8081-exec-4] DEBUG o.s.w.s.m.m.a.HttpEntityMethodProcessor - Writing [IntegratedApiDto(id=2, code=Hospital_HealthMap_Mapping, name=Hospital HealthMap, apiUrl=/api/analyti (truncated)...]
2026-02-25 12:54:17 [http-nio-8081-exec-4] DEBUG o.s.web.servlet.DispatcherServlet - Completed 200 OK
2026-02-25 12:54:17 [http-nio-8081-exec-4] DEBUG o.a.camel.spring.SpringCamelContext - onApplicationEvent: ServletRequestHandledEvent: url=[/api/integrated-apis/2]; client=[0:0:0:0:0:0:0:1]; method=[GET]; status=[200]; servlet=[dispatcherServlet]; session=[null]; user=[admin@mail.com]; time=[55ms]
2026-02-25 12:54:17 [http-nio-8081-exec-4] DEBUG o.s.w.f.CommonsRequestLoggingFilter - After request [GET /api/integrated-apis/2, client=0:0:0:0:0:0:0:1, user=admin@mail.com]
2026-02-25 12:54:22 [scheduling-1] INFO  c.m.b.k.service.DynamicRouteService - Starting route status sync with Camel context
2026-02-25 12:54:22 [scheduling-1] INFO  c.m.b.k.service.DynamicRouteService - Completed route status sync
2026-02-25 12:54:52 [scheduling-1] INFO  c.m.b.k.service.DynamicRouteService - Starting route status sync with Camel context
2026-02-25 12:54:52 [scheduling-1] INFO  c.m.b.k.service.DynamicRouteService - Completed route status sync
2026-02-25 12:55:22 [scheduling-1] INFO  c.m.b.k.service.DynamicRouteService - Starting route status sync with Camel context
2026-02-25 12:55:22 [scheduling-1] INFO  c.m.b.k.service.DynamicRouteService - Completed route status sync
2026-02-25 12:55:52 [scheduling-1] INFO  c.m.b.k.service.DynamicRouteService - Starting route status sync with Camel context
2026-02-25 12:55:52 [scheduling-1] INFO  c.m.b.k.service.DynamicRouteService - Completed route status sync
2026-02-25 12:56:22 [scheduling-1] INFO  c.m.b.k.service.DynamicRouteService - Starting route status sync with Camel context
2026-02-25 12:56:22 [scheduling-1] INFO  c.m.b.k.service.DynamicRouteService - Completed route status sync
2026-02-25 12:56:52 [scheduling-1] INFO  c.m.b.k.service.DynamicRouteService - Starting route status sync with Camel context
2026-02-25 12:56:52 [scheduling-1] INFO  c.m.b.k.service.DynamicRouteService - Completed route status sync
2026-02-25 12:57:22 [scheduling-1] INFO  c.m.b.k.service.DynamicRouteService - Starting route status sync with Camel context
2026-02-25 12:57:22 [scheduling-1] INFO  c.m.b.k.service.DynamicRouteService - Completed route status sync
2026-02-25 12:57:52 [scheduling-1] INFO  c.m.b.k.service.DynamicRouteService - Starting route status sync with Camel context
2026-02-25 12:57:52 [scheduling-1] INFO  c.m.b.k.service.DynamicRouteService - Completed route status sync
2026-02-25 12:58:22 [scheduling-1] INFO  c.m.b.k.service.DynamicRouteService - Starting route status sync with Camel context
2026-02-25 12:58:22 [scheduling-1] INFO  c.m.b.k.service.DynamicRouteService - Completed route status sync
2026-02-25 12:58:52 [scheduling-1] INFO  c.m.b.k.service.DynamicRouteService - Starting route status sync with Camel context
2026-02-25 12:58:52 [scheduling-1] INFO  c.m.b.k.service.DynamicRouteService - Completed route status sync
2026-02-25 12:59:22 [scheduling-1] INFO  c.m.b.k.service.DynamicRouteService - Starting route status sync with Camel context
2026-02-25 12:59:22 [scheduling-1] INFO  c.m.b.k.service.DynamicRouteService - Completed route status sync
2026-02-25 12:59:52 [scheduling-1] INFO  c.m.b.k.service.DynamicRouteService - Starting route status sync with Camel context
2026-02-25 12:59:52 [scheduling-1] INFO  c.m.b.k.service.DynamicRouteService - Completed route status sync
2026-02-25 13:00:19 [SpringApplicationShutdownHook] DEBUG o.a.camel.spring.SpringCamelContext - onApplicationEvent: org.springframework.boot.availability.AvailabilityChangeEvent[source=org.springframework.boot.web.servlet.context.AnnotationConfigServletWebServerApplicationContext@4879f0f2, started on Wed Feb 25 12:25:51 EET 2026]
2026-02-25 13:00:19 [SpringApplicationShutdownHook] DEBUG o.a.camel.spring.SpringCamelContext - onApplicationEvent: org.springframework.context.event.ContextClosedEvent[source=org.springframework.boot.web.servlet.context.AnnotationConfigServletWebServerApplicationContext@4879f0f2, started on Wed Feb 25 12:25:51 EET 2026]
2026-02-25 13:00:19 [SpringApplicationShutdownHook] INFO  org.quartz.core.QuartzScheduler - Scheduler quartzScheduler_$_NON_CLUSTERED paused.
2026-02-25 13:00:19 [SpringApplicationShutdownHook] INFO  o.a.c.i.engine.AbstractCamelContext - Apache Camel 4.4.0 (camel-1) is shutting down (timeout:45s)
2026-02-25 13:00:19 [SpringApplicationShutdownHook] DEBUG o.a.c.i.e.DefaultShutdownStrategy - Starting to graceful shutdown 10 routes (timeout 45 seconds)
2026-02-25 13:00:19 [SpringApplicationShutdownHook] DEBUG o.a.c.i.e.BaseExecutorServiceManager - Created new ThreadPool for source: org.apache.camel.impl.engine.DefaultShutdownStrategy@6d76e0aa with name: ShutdownTask. -> org.apache.camel.util.concurrent.RejectableThreadPoolExecutor@1f67626d[Running, pool size = 0, active threads = 0, queued tasks = 0, completed tasks = 0][ShutdownTask]
2026-02-25 13:00:19 [Camel (camel-1) thread #1 - ShutdownTask] DEBUG o.a.c.i.e.DefaultShutdownStrategy - There are 10 routes to shutdown
2026-02-25 13:00:19 [Camel (camel-1) thread #1 - ShutdownTask] DEBUG o.a.c.i.e.DefaultShutdownStrategy - Route: get-todo suspended and shutdown deferred, was consuming from: servlet:/todos/*
2026-02-25 13:00:19 [Camel (camel-1) thread #1 - ShutdownTask] DEBUG o.a.c.i.e.DefaultShutdownStrategy - Route: dhis2-upload-csv suspended and shutdown deferred, was consuming from: servlet:/v1/datasets
2026-02-25 13:00:19 [Camel (camel-1) thread #1 - ShutdownTask] DEBUG o.a.c.i.e.DefaultShutdownStrategy - Route: Hospital_HealthMap_Mappin suspended and shutdown deferred, was consuming from: rest://get:/v1/hospitales
2026-02-25 13:00:19 [Camel (camel-1) thread #1 - ShutdownTask] DEBUG o.a.c.i.e.DefaultShutdownStrategy - Route: my-new-route suspended and shutdown deferred, was consuming from: rest://get:/api/hello
2026-02-25 13:00:19 [Camel (camel-1) thread #1 - ShutdownTask] DEBUG o.a.c.i.e.DefaultShutdownStrategy - Route: HealthCenter-mapping suspended and shutdown deferred, was consuming from: rest://get:/HealthCenter
2026-02-25 13:00:19 [Camel (camel-1) thread #1 - ShutdownTask] DEBUG o.a.c.i.e.DefaultShutdownStrategy - Route: aiiiii suspended and shutdown deferred, was consuming from: rest://post:/api/aiiiii
2026-02-25 13:00:19 [Camel (camel-1) thread #1 - ShutdownTask] DEBUG o.a.c.i.e.DefaultShutdownStrategy - Route: xxxxxxxxxx suspended and shutdown deferred, was consuming from: rest://post:/api/xxxxxxxxxx
2026-02-25 13:00:19 [Camel (camel-1) thread #1 - ShutdownTask] DEBUG o.a.c.i.e.DefaultShutdownStrategy - Route: get-user-from-api suspended and shutdown deferred, was consuming from: servlet:/external-user/*
2026-02-25 13:00:19 [Camel (camel-1) thread #1 - ShutdownTask] DEBUG o.a.c.i.e.DefaultShutdownStrategy - Route: my-new-testforAi suspended and shutdown deferred, was consuming from: rest://post:/api/aaaaaaiaiiiiiiiiiiiiiiiiiii
2026-02-25 13:00:19 [Camel (camel-1) thread #1 - ShutdownTask] DEBUG o.a.c.i.e.DefaultShutdownStrategy - Route: dhis2-system-info suspended and shutdown deferred, was consuming from: rest://get:/system/info
2026-02-25 13:00:19 [Camel (camel-1) thread #1 - ShutdownTask] DEBUG o.a.c.h.common.DefaultHttpRegistry - Unregistering consumer for path /todos/*
2026-02-25 13:00:19 [Camel (camel-1) thread #1 - ShutdownTask] DEBUG o.a.c.c.s.CamelHttpTransportServlet - Disconnecting consumer: Consumer[servlet:/todos/*?httpMethodRestrict=GET]
2026-02-25 13:00:19 [Camel (camel-1) thread #1 - ShutdownTask] DEBUG o.a.camel.support.DefaultConsumer - Stopping consumer: Consumer[servlet:/todos/*?httpMethodRestrict=GET]
2026-02-25 13:00:19 [Camel (camel-1) thread #1 - ShutdownTask] DEBUG o.a.c.i.e.DefaultShutdownStrategy - Route: get-todo shutdown complete, was consuming from: servlet:/todos/*
2026-02-25 13:00:19 [Camel (camel-1) thread #1 - ShutdownTask] DEBUG o.a.c.h.common.DefaultHttpRegistry - Unregistering consumer for path /v1/datasets
2026-02-25 13:00:19 [Camel (camel-1) thread #1 - ShutdownTask] DEBUG o.a.c.c.s.CamelHttpTransportServlet - Disconnecting consumer: Consumer[servlet:/v1/datasets?httpMethodRestrict=POST]
2026-02-25 13:00:19 [Camel (camel-1) thread #1 - ShutdownTask] DEBUG o.a.camel.support.DefaultConsumer - Stopping consumer: Consumer[servlet:/v1/datasets?httpMethodRestrict=POST]
2026-02-25 13:00:19 [Camel (camel-1) thread #1 - ShutdownTask] DEBUG o.a.camel.support.DefaultProducer - Stopping producer: Producer[integratedSystem://null?code=DHIS2.STABLE]
2026-02-25 13:00:19 [Camel (camel-1) thread #1 - ShutdownTask] DEBUG o.a.c.i.e.DefaultShutdownStrategy - Route: dhis2-upload-csv shutdown complete, was consuming from: servlet:/v1/datasets
2026-02-25 13:00:19 [Camel (camel-1) thread #1 - ShutdownTask] DEBUG o.a.c.h.common.DefaultHttpRegistry - Unregistering consumer for path /v1/hospitales
2026-02-25 13:00:19 [Camel (camel-1) thread #1 - ShutdownTask] DEBUG o.a.c.c.s.CamelHttpTransportServlet - Disconnecting consumer: Consumer[servlet:/v1/hospitales?httpMethodRestrict=GET]
2026-02-25 13:00:19 [Camel (camel-1) thread #1 - ShutdownTask] DEBUG o.a.camel.support.DefaultConsumer - Stopping consumer: Consumer[servlet:/v1/hospitales?httpMethodRestrict=GET]
2026-02-25 13:00:19 [Camel (camel-1) thread #1 - ShutdownTask] DEBUG o.a.camel.support.DefaultProducer - Stopping producer: Producer[integrationmapping://null?code=default]
2026-02-25 13:00:19 [Camel (camel-1) thread #1 - ShutdownTask] DEBUG o.a.c.i.e.DefaultShutdownStrategy - Route: Hospital_HealthMap_Mappin shutdown complete, was consuming from: rest://get:/v1/hospitales
2026-02-25 13:00:19 [Camel (camel-1) thread #1 - ShutdownTask] DEBUG o.a.c.h.common.DefaultHttpRegistry - Unregistering consumer for path /api/hello
2026-02-25 13:00:19 [Camel (camel-1) thread #1 - ShutdownTask] DEBUG o.a.c.c.s.CamelHttpTransportServlet - Disconnecting consumer: Consumer[servlet:/api/hello?httpMethodRestrict=GET]
2026-02-25 13:00:19 [Camel (camel-1) thread #1 - ShutdownTask] DEBUG o.a.camel.support.DefaultConsumer - Stopping consumer: Consumer[servlet:/api/hello?httpMethodRestrict=GET]
2026-02-25 13:00:19 [Camel (camel-1) thread #1 - ShutdownTask] DEBUG o.a.camel.support.DefaultProducer - Stopping producer: Producer[integratedSystem://null?code=DHIS2.DWH]
2026-02-25 13:00:19 [Camel (camel-1) thread #1 - ShutdownTask] DEBUG o.a.camel.support.DefaultProducer - Stopping producer: Producer[https://hmis-dev.moh.gov.jo/dwh/api/system/info?bridgeEndpoint=true]
2026-02-25 13:00:19 [Camel (camel-1) thread #1 - ShutdownTask] DEBUG o.a.camel.support.DefaultProducer - Stopping producer: Producer[log://InfoLogger]
2026-02-25 13:00:19 [Camel (camel-1) thread #1 - ShutdownTask] DEBUG o.a.c.i.e.DefaultShutdownStrategy - Route: my-new-route shutdown complete, was consuming from: rest://get:/api/hello
2026-02-25 13:00:19 [Camel (camel-1) thread #1 - ShutdownTask] DEBUG o.a.c.h.common.DefaultHttpRegistry - Unregistering consumer for path /HealthCenter
2026-02-25 13:00:19 [Camel (camel-1) thread #1 - ShutdownTask] DEBUG o.a.c.c.s.CamelHttpTransportServlet - Disconnecting consumer: Consumer[servlet:/HealthCenter?httpMethodRestrict=GET]
2026-02-25 13:00:19 [Camel (camel-1) thread #1 - ShutdownTask] DEBUG o.a.camel.support.DefaultConsumer - Stopping consumer: Consumer[servlet:/HealthCenter?httpMethodRestrict=GET]
2026-02-25 13:00:19 [Camel (camel-1) thread #1 - ShutdownTask] DEBUG o.a.camel.support.DefaultProducer - Stopping producer: Producer[integrationmapping://null?code=default]
2026-02-25 13:00:19 [Camel (camel-1) thread #1 - ShutdownTask] DEBUG o.a.c.i.e.DefaultShutdownStrategy - Route: HealthCenter-mapping shutdown complete, was consuming from: rest://get:/HealthCenter
2026-02-25 13:00:19 [Camel (camel-1) thread #1 - ShutdownTask] DEBUG o.a.c.h.common.DefaultHttpRegistry - Unregistering consumer for path /api/aiiiii
2026-02-25 13:00:19 [Camel (camel-1) thread #1 - ShutdownTask] DEBUG o.a.c.c.s.CamelHttpTransportServlet - Disconnecting consumer: Consumer[servlet:/api/aiiiii?httpMethodRestrict=POST]
2026-02-25 13:00:19 [Camel (camel-1) thread #1 - ShutdownTask] DEBUG o.a.camel.support.DefaultConsumer - Stopping consumer: Consumer[servlet:/api/aiiiii?httpMethodRestrict=POST]
2026-02-25 13:00:19 [Camel (camel-1) thread #1 - ShutdownTask] DEBUG o.a.camel.support.DefaultProducer - Stopping producer: Producer[log://output]
2026-02-25 13:00:19 [Camel (camel-1) thread #1 - ShutdownTask] DEBUG o.a.c.i.e.DefaultShutdownStrategy - Route: aiiiii shutdown complete, was consuming from: rest://post:/api/aiiiii
2026-02-25 13:00:19 [Camel (camel-1) thread #1 - ShutdownTask] DEBUG o.a.c.h.common.DefaultHttpRegistry - Unregistering consumer for path /api/xxxxxxxxxx
2026-02-25 13:00:19 [Camel (camel-1) thread #1 - ShutdownTask] DEBUG o.a.c.c.s.CamelHttpTransportServlet - Disconnecting consumer: Consumer[servlet:/api/xxxxxxxxxx?httpMethodRestrict=POST]
2026-02-25 13:00:19 [Camel (camel-1) thread #1 - ShutdownTask] DEBUG o.a.camel.support.DefaultConsumer - Stopping consumer: Consumer[servlet:/api/xxxxxxxxxx?httpMethodRestrict=POST]
2026-02-25 13:00:19 [Camel (camel-1) thread #1 - ShutdownTask] DEBUG o.a.camel.support.DefaultProducer - Stopping producer: Producer[log://output]
2026-02-25 13:00:19 [Camel (camel-1) thread #1 - ShutdownTask] DEBUG o.a.c.i.e.DefaultShutdownStrategy - Route: xxxxxxxxxx shutdown complete, was consuming from: rest://post:/api/xxxxxxxxxx
2026-02-25 13:00:19 [Camel (camel-1) thread #1 - ShutdownTask] DEBUG o.a.c.h.common.DefaultHttpRegistry - Unregistering consumer for path /external-user/*
2026-02-25 13:00:19 [Camel (camel-1) thread #1 - ShutdownTask] DEBUG o.a.c.c.s.CamelHttpTransportServlet - Disconnecting consumer: Consumer[servlet:/external-user/*?httpMethodRestrict=GET]
2026-02-25 13:00:19 [Camel (camel-1) thread #1 - ShutdownTask] DEBUG o.a.camel.support.DefaultConsumer - Stopping consumer: Consumer[servlet:/external-user/*?httpMethodRestrict=GET]
2026-02-25 13:00:19 [Camel (camel-1) thread #1 - ShutdownTask] DEBUG o.a.c.i.e.DefaultShutdownStrategy - Route: get-user-from-api shutdown complete, was consuming from: servlet:/external-user/*
2026-02-25 13:00:19 [Camel (camel-1) thread #1 - ShutdownTask] DEBUG o.a.c.h.common.DefaultHttpRegistry - Unregistering consumer for path /api/aaaaaaiaiiiiiiiiiiiiiiiiiii
2026-02-25 13:00:19 [Camel (camel-1) thread #1 - ShutdownTask] DEBUG o.a.c.c.s.CamelHttpTransportServlet - Disconnecting consumer: Consumer[servlet:/api/aaaaaaiaiiiiiiiiiiiiiiiiiii?httpMethodRestrict=POST]
2026-02-25 13:00:19 [Camel (camel-1) thread #1 - ShutdownTask] DEBUG o.a.camel.support.DefaultConsumer - Stopping consumer: Consumer[servlet:/api/aaaaaaiaiiiiiiiiiiiiiiiiiii?httpMethodRestrict=POST]
2026-02-25 13:00:19 [Camel (camel-1) thread #1 - ShutdownTask] DEBUG o.a.camel.support.DefaultProducer - Stopping producer: Producer[log://output]
2026-02-25 13:00:19 [Camel (camel-1) thread #1 - ShutdownTask] DEBUG o.a.c.i.e.DefaultShutdownStrategy - Route: my-new-testforAi shutdown complete, was consuming from: rest://post:/api/aaaaaaiaiiiiiiiiiiiiiiiiiii
2026-02-25 13:00:19 [Camel (camel-1) thread #1 - ShutdownTask] DEBUG o.a.c.h.common.DefaultHttpRegistry - Unregistering consumer for path /system/info
2026-02-25 13:00:19 [Camel (camel-1) thread #1 - ShutdownTask] DEBUG o.a.c.c.s.CamelHttpTransportServlet - Disconnecting consumer: Consumer[servlet:/system/info?httpMethodRestrict=GET]
2026-02-25 13:00:19 [Camel (camel-1) thread #1 - ShutdownTask] DEBUG o.a.camel.support.DefaultConsumer - Stopping consumer: Consumer[servlet:/system/info?httpMethodRestrict=GET]
2026-02-25 13:00:19 [Camel (camel-1) thread #1 - ShutdownTask] DEBUG o.a.camel.support.DefaultProducer - Stopping producer: Producer[integratedSystem://null?code=DHIS2.STABLE]
2026-02-25 13:00:19 [Camel (camel-1) thread #1 - ShutdownTask] DEBUG o.a.camel.support.DefaultProducer - Stopping producer: Producer[https://test.e2e.dhis2.org/ca-test-2.41/api/system/info?bridgeEndpoint=true]
2026-02-25 13:00:19 [Camel (camel-1) thread #1 - ShutdownTask] DEBUG o.a.camel.support.DefaultProducer - Stopping producer: Producer[log://InfoLogger]
2026-02-25 13:00:19 [Camel (camel-1) thread #1 - ShutdownTask] DEBUG o.a.c.i.e.DefaultShutdownStrategy - Route: dhis2-system-info shutdown complete, was consuming from: rest://get:/system/info
2026-02-25 13:00:19 [SpringApplicationShutdownHook] DEBUG o.a.c.i.e.DefaultShutdownStrategy - Graceful shutdown of 10 routes completed in 25ms
2026-02-25 13:00:19 [SpringApplicationShutdownHook] DEBUG o.a.c.i.e.DefaultAsyncProcessorAwaitManager - Shutting down with no inflight threads.
2026-02-25 13:00:19 [SpringApplicationShutdownHook] DEBUG o.a.camel.support.DefaultConsumer - Shutting down consumer: Consumer[servlet:/todos/*?httpMethodRestrict=GET]
2026-02-25 13:00:19 [SpringApplicationShutdownHook] DEBUG o.a.camel.support.DefaultConsumer - Shutting down consumer: Consumer[servlet:/v1/datasets?httpMethodRestrict=POST]
2026-02-25 13:00:19 [SpringApplicationShutdownHook] DEBUG o.a.camel.support.DefaultConsumer - Shutting down consumer: Consumer[servlet:/v1/hospitales?httpMethodRestrict=GET]
2026-02-25 13:00:19 [SpringApplicationShutdownHook] DEBUG o.a.camel.support.DefaultConsumer - Shutting down consumer: Consumer[servlet:/api/hello?httpMethodRestrict=GET]
2026-02-25 13:00:19 [SpringApplicationShutdownHook] DEBUG o.a.camel.support.DefaultConsumer - Shutting down consumer: Consumer[servlet:/HealthCenter?httpMethodRestrict=GET]
2026-02-25 13:00:19 [SpringApplicationShutdownHook] DEBUG o.a.camel.support.DefaultConsumer - Shutting down consumer: Consumer[servlet:/api/aiiiii?httpMethodRestrict=POST]
2026-02-25 13:00:19 [SpringApplicationShutdownHook] DEBUG o.a.camel.support.DefaultConsumer - Shutting down consumer: Consumer[servlet:/api/xxxxxxxxxx?httpMethodRestrict=POST]
2026-02-25 13:00:19 [SpringApplicationShutdownHook] DEBUG o.a.camel.support.DefaultConsumer - Shutting down consumer: Consumer[servlet:/external-user/*?httpMethodRestrict=GET]
2026-02-25 13:00:19 [SpringApplicationShutdownHook] DEBUG o.a.camel.support.DefaultConsumer - Shutting down consumer: Consumer[servlet:/api/aaaaaaiaiiiiiiiiiiiiiiiiiii?httpMethodRestrict=POST]
2026-02-25 13:00:19 [SpringApplicationShutdownHook] DEBUG o.a.camel.support.DefaultConsumer - Shutting down consumer: Consumer[servlet:/system/info?httpMethodRestrict=GET]
2026-02-25 13:00:19 [SpringApplicationShutdownHook] INFO  o.a.c.i.engine.AbstractCamelContext - Routes stopped (stopped:10)
2026-02-25 13:00:19 [SpringApplicationShutdownHook] INFO  o.a.c.i.engine.AbstractCamelContext -     Stopped get-todo (servlet:/todos/*)
2026-02-25 13:00:19 [SpringApplicationShutdownHook] INFO  o.a.c.i.engine.AbstractCamelContext -     Stopped dhis2-upload-csv (servlet:/v1/datasets)
2026-02-25 13:00:19 [SpringApplicationShutdownHook] INFO  o.a.c.i.engine.AbstractCamelContext -     Stopped Hospital_HealthMap_Mappin (rest://get:/v1/hospitales)
2026-02-25 13:00:19 [SpringApplicationShutdownHook] INFO  o.a.c.i.engine.AbstractCamelContext -     Stopped my-new-route (rest://get:/api/hello)
2026-02-25 13:00:19 [SpringApplicationShutdownHook] INFO  o.a.c.i.engine.AbstractCamelContext -     Stopped HealthCenter-mapping (rest://get:/HealthCenter)
2026-02-25 13:00:19 [SpringApplicationShutdownHook] INFO  o.a.c.i.engine.AbstractCamelContext -     Stopped aiiiii (rest://post:/api/aiiiii)
2026-02-25 13:00:19 [SpringApplicationShutdownHook] INFO  o.a.c.i.engine.AbstractCamelContext -     Stopped xxxxxxxxxx (rest://post:/api/xxxxxxxxxx)
2026-02-25 13:00:19 [SpringApplicationShutdownHook] INFO  o.a.c.i.engine.AbstractCamelContext -     Stopped get-user-from-api (servlet:/external-user/*)
2026-02-25 13:00:19 [SpringApplicationShutdownHook] INFO  o.a.c.i.engine.AbstractCamelContext -     Stopped my-new-testforAi (rest://post:/api/aaaaaaiaiiiiiiiiiiiiiiiiiii)
2026-02-25 13:00:19 [SpringApplicationShutdownHook] INFO  o.a.c.i.engine.AbstractCamelContext -     Stopped dhis2-system-info (rest://get:/system/info)
2026-02-25 13:00:19 [SpringApplicationShutdownHook] DEBUG o.a.c.i.e.BaseExecutorServiceManager - Forcing shutdown of ExecutorService: org.apache.camel.util.concurrent.SizedScheduledExecutorService@5f597b1c[ErrorHandlerRedeliveryTask]
2026-02-25 13:00:19 [SpringApplicationShutdownHook] DEBUG o.a.c.i.e.DefaultInflightRepository - Shutting down with no inflight exchanges.
2026-02-25 13:00:19 [SpringApplicationShutdownHook] DEBUG o.a.c.i.e.BaseExecutorServiceManager - Forcing shutdown of ExecutorService: org.apache.camel.util.concurrent.RejectableThreadPoolExecutor@1f67626d[Running, pool size = 1, active threads = 0, queued tasks = 0, completed tasks = 1][ShutdownTask]
2026-02-25 13:00:19 [SpringApplicationShutdownHook] DEBUG o.a.c.i.e.DefaultBeanIntrospection - Stopping BeanIntrospection which was invoked: 23 times
2026-02-25 13:00:19 [SpringApplicationShutdownHook] INFO  o.a.c.i.engine.AbstractCamelContext - Apache Camel 4.4.0 (camel-1) shutdown in 38ms (uptime:33m57s)
2026-02-25 13:00:19 [SpringApplicationShutdownHook] DEBUG o.a.c.m.SimpleMainShutdownStrategy - Shutdown called
2026-02-25 13:00:19 [SpringApplicationShutdownHook] INFO  org.quartz.core.QuartzScheduler - Scheduler quartzScheduler_$_NON_CLUSTERED shutting down.
2026-02-25 13:00:19 [SpringApplicationShutdownHook] INFO  org.quartz.core.QuartzScheduler - Scheduler quartzScheduler_$_NON_CLUSTERED paused.
2026-02-25 13:00:19 [SpringApplicationShutdownHook] INFO  org.quartz.core.QuartzScheduler - Scheduler quartzScheduler_$_NON_CLUSTERED shutdown complete.
2026-02-25 13:00:19 [SpringApplicationShutdownHook] DEBUG o.a.c.h.common.DefaultHttpRegistry - Unregistering CamelServlet with name CamelServlet
2026-02-25 13:00:19 [SpringApplicationShutdownHook] INFO  o.a.c.c.s.CamelHttpTransportServlet - Destroyed CamelHttpTransportServlet[CamelServlet]
2026-02-25 13:00:37 [background-preinit] INFO  o.h.validator.internal.util.Version - HV000001: Hibernate Validator 8.0.2.Final
2026-02-25 13:00:37 [main] INFO  c.middleware.MiddlewareApplication - Starting MiddlewareApplication using Java 23-valhalla with PID 13500 (C:\Users\omard\Desktop\Work\back-end - Copy\target\classes started by omard in C:\Users\omard\Desktop\Work\back-end - Copy)
2026-02-25 13:00:37 [main] INFO  c.middleware.MiddlewareApplication - No active profile set, falling back to 1 default profile: "default"
2026-02-25 13:00:48 [main] INFO  o.a.coyote.http11.Http11NioProtocol - Initializing ProtocolHandler ["http-nio-8081"]
2026-02-25 13:00:48 [main] INFO  o.a.catalina.core.StandardService - Starting service [Tomcat]
2026-02-25 13:00:48 [main] INFO  o.a.catalina.core.StandardEngine - Starting Servlet engine: [Apache Tomcat/10.1.39]
2026-02-25 13:00:48 [main] INFO  o.a.c.c.C.[Tomcat].[localhost].[/] - Initializing Spring embedded WebApplicationContext
2026-02-25 13:00:49 [main] INFO  o.h.jpa.internal.util.LogHelper - HHH000204: Processing PersistenceUnitInfo [name: default]
2026-02-25 13:00:50 [main] INFO  org.hibernate.Version - HHH000412: Hibernate ORM core version 6.6.11.Final
2026-02-25 13:00:50 [main] INFO  o.h.c.i.RegionFactoryInitiator - HHH000026: Second-level cache disabled
2026-02-25 13:00:51 [main] WARN  org.hibernate.orm.deprecation - HHH90000025: PostgreSQLDialect does not need to be specified explicitly using 'hibernate.dialect' (remove the property setting and it will be selected by default)
2026-02-25 13:00:51 [main] INFO  o.hibernate.orm.connections.pooling - HHH10001005: Database info:
	Database JDBC URL [Connecting through datasource 'org.springframework.jdbc.datasource.DriverManagerDataSource@64a7ad02']
	Database driver: undefined/unknown
	Database version: 17.4
	Autocommit mode: undefined/unknown
	Isolation level: undefined/unknown
	Minimum pool size: undefined/unknown
	Maximum pool size: undefined/unknown
2026-02-25 13:00:58 [main] INFO  o.h.e.t.j.p.i.JtaPlatformInitiator - HHH000489: No JTA platform available (set 'hibernate.transaction.jta.platform' to enable JTA platform integration)
2026-02-25 13:01:02 [main] DEBUG o.a.camel.spring.SpringCamelContext - Set the application context classloader to: TomcatEmbeddedWebappClassLoader
  context: ROOT
  delegate: true
----------> Parent Classloader:
jdk.internal.loader.ClassLoaders$AppClassLoader@5451c3a8

2026-02-25 13:01:02 [main] DEBUG o.a.camel.support.LRUCacheFactory - Creating DefaultLRUCacheFactory
2026-02-25 13:01:02 [main] DEBUG o.a.c.i.e.DefaultCamelContextExtension - Setting up management with factory: org.apache.camel.impl.engine.DefaultManagementStrategyFactory@285cf30a
2026-02-25 13:01:02 [main] DEBUG o.a.camel.support.ResolverHelper - Found HealthCheckRegistry: org.apache.camel.impl.health.DefaultHealthCheckRegistry via: META-INF/services/org/apache/camel/health-check/default-registry
2026-02-25 13:01:02 [main] DEBUG o.a.camel.support.ResolverHelper - Detected and using HealthCheckRegistry: org.apache.camel.impl.health.DefaultHealthCheckRegistry@1b404a21
2026-02-25 13:01:02 [main] DEBUG o.a.c.i.h.DefaultHealthCheckRegistry - HealthCheckRepository with id registry-health-check-repository successfully registered
2026-02-25 13:01:02 [main] DEBUG o.a.c.i.c.BaseTypeConverterRegistry - Loading file META-INF/services/org/apache/camel/TypeConverterLoader to retrieve list of type converters, from url: jar:file:/C:/Users/omard/.m2/repository/org/apache/camel/camel-spring/4.4.0/camel-spring-4.4.0.jar!/META-INF/services/org/apache/camel/TypeConverterLoader
2026-02-25 13:01:02 [main] DEBUG o.a.c.i.c.BaseTypeConverterRegistry - Loading file META-INF/services/org/apache/camel/TypeConverterLoader to retrieve list of type converters, from url: jar:file:/C:/Users/omard/.m2/repository/org/apache/camel/camel-xml-jaxp/4.4.0/camel-xml-jaxp-4.4.0.jar!/META-INF/services/org/apache/camel/TypeConverterLoader
2026-02-25 13:01:02 [main] DEBUG o.a.c.i.c.BaseTypeConverterRegistry - Loading file META-INF/services/org/apache/camel/TypeConverterLoader to retrieve list of type converters, from url: jar:file:/C:/Users/omard/.m2/repository/org/apache/camel/camel-http/4.4.0/camel-http-4.4.0.jar!/META-INF/services/org/apache/camel/TypeConverterLoader
2026-02-25 13:01:02 [main] DEBUG o.a.c.i.c.BaseTypeConverterRegistry - Loading file META-INF/services/org/apache/camel/TypeConverterLoader to retrieve list of type converters, from url: jar:file:/C:/Users/omard/.m2/repository/org/apache/camel/camel-http-common/4.4.0/camel-http-common-4.4.0.jar!/META-INF/services/org/apache/camel/TypeConverterLoader
2026-02-25 13:01:02 [main] DEBUG o.a.c.i.c.BaseTypeConverterRegistry - Loading file META-INF/services/org/apache/camel/TypeConverterLoader to retrieve list of type converters, from url: jar:file:/C:/Users/omard/.m2/repository/org/apache/camel/camel-attachments/4.4.0/camel-attachments-4.4.0.jar!/META-INF/services/org/apache/camel/TypeConverterLoader
2026-02-25 13:01:02 [main] DEBUG o.a.c.i.c.BaseTypeConverterRegistry - Loading file META-INF/services/org/apache/camel/TypeConverterLoader to retrieve list of type converters, from url: jar:file:/C:/Users/omard/.m2/repository/org/apache/camel/camel-jackson/4.4.0/camel-jackson-4.4.0.jar!/META-INF/services/org/apache/camel/TypeConverterLoader
2026-02-25 13:01:02 [main] DEBUG o.a.c.i.c.BaseTypeConverterRegistry - Loading file META-INF/services/org/apache/camel/TypeConverterLoader to retrieve list of type converters, from url: jar:file:/C:/Users/omard/.m2/repository/org/apache/camel/camel-support/4.4.0/camel-support-4.4.0.jar!/META-INF/services/org/apache/camel/TypeConverterLoader
2026-02-25 13:01:02 [main] DEBUG o.a.c.i.c.BaseTypeConverterRegistry - Loading file META-INF/services/org/apache/camel/TypeConverterLoader to retrieve list of type converters, from url: jar:file:/C:/Users/omard/.m2/repository/org/apache/camel/camel-file/4.4.0/camel-file-4.4.0.jar!/META-INF/services/org/apache/camel/TypeConverterLoader
2026-02-25 13:01:02 [main] DEBUG o.a.c.i.c.BaseTypeConverterRegistry - Loading file META-INF/services/org/apache/camel/TypeConverterLoader to retrieve list of type converters, from url: jar:file:/C:/Users/omard/.m2/repository/org/apache/camel/camel-base/4.4.0/camel-base-4.4.0.jar!/META-INF/services/org/apache/camel/TypeConverterLoader
2026-02-25 13:01:02 [main] DEBUG o.a.c.i.c.BaseTypeConverterRegistry - Loading file META-INF/services/org/apache/camel/TypeConverterLoader to retrieve list of type converters, from url: jar:file:/C:/Users/omard/.m2/repository/org/apache/camel/camel-spring/4.4.0/camel-spring-4.4.0.jar!/META-INF/services/org/apache/camel/TypeConverterLoader
2026-02-25 13:01:02 [main] DEBUG o.a.c.i.c.BaseTypeConverterRegistry - Loading file META-INF/services/org/apache/camel/TypeConverterLoader to retrieve list of type converters, from url: jar:file:/C:/Users/omard/.m2/repository/org/apache/camel/camel-xml-jaxp/4.4.0/camel-xml-jaxp-4.4.0.jar!/META-INF/services/org/apache/camel/TypeConverterLoader
2026-02-25 13:01:02 [main] DEBUG o.a.c.i.c.BaseTypeConverterRegistry - Loading file META-INF/services/org/apache/camel/TypeConverterLoader to retrieve list of type converters, from url: jar:file:/C:/Users/omard/.m2/repository/org/apache/camel/camel-http/4.4.0/camel-http-4.4.0.jar!/META-INF/services/org/apache/camel/TypeConverterLoader
2026-02-25 13:01:02 [main] DEBUG o.a.c.i.c.BaseTypeConverterRegistry - Loading file META-INF/services/org/apache/camel/TypeConverterLoader to retrieve list of type converters, from url: jar:file:/C:/Users/omard/.m2/repository/org/apache/camel/camel-http-common/4.4.0/camel-http-common-4.4.0.jar!/META-INF/services/org/apache/camel/TypeConverterLoader
2026-02-25 13:01:02 [main] DEBUG o.a.c.i.c.BaseTypeConverterRegistry - Loading file META-INF/services/org/apache/camel/TypeConverterLoader to retrieve list of type converters, from url: jar:file:/C:/Users/omard/.m2/repository/org/apache/camel/camel-attachments/4.4.0/camel-attachments-4.4.0.jar!/META-INF/services/org/apache/camel/TypeConverterLoader
2026-02-25 13:01:02 [main] DEBUG o.a.c.i.c.BaseTypeConverterRegistry - Loading file META-INF/services/org/apache/camel/TypeConverterLoader to retrieve list of type converters, from url: jar:file:/C:/Users/omard/.m2/repository/org/apache/camel/camel-jackson/4.4.0/camel-jackson-4.4.0.jar!/META-INF/services/org/apache/camel/TypeConverterLoader
2026-02-25 13:01:02 [main] DEBUG o.a.c.i.c.BaseTypeConverterRegistry - Loading file META-INF/services/org/apache/camel/TypeConverterLoader to retrieve list of type converters, from url: jar:file:/C:/Users/omard/.m2/repository/org/apache/camel/camel-support/4.4.0/camel-support-4.4.0.jar!/META-INF/services/org/apache/camel/TypeConverterLoader
2026-02-25 13:01:02 [main] DEBUG o.a.c.i.c.BaseTypeConverterRegistry - Loading file META-INF/services/org/apache/camel/TypeConverterLoader to retrieve list of type converters, from url: jar:file:/C:/Users/omard/.m2/repository/org/apache/camel/camel-file/4.4.0/camel-file-4.4.0.jar!/META-INF/services/org/apache/camel/TypeConverterLoader
2026-02-25 13:01:02 [main] DEBUG o.a.c.i.c.BaseTypeConverterRegistry - Loading file META-INF/services/org/apache/camel/TypeConverterLoader to retrieve list of type converters, from url: jar:file:/C:/Users/omard/.m2/repository/org/apache/camel/camel-base/4.4.0/camel-base-4.4.0.jar!/META-INF/services/org/apache/camel/TypeConverterLoader
2026-02-25 13:01:02 [main] DEBUG o.a.c.i.c.BaseTypeConverterRegistry - Resolving TypeConverterLoader: org.apache.camel.spring.converter.ResourceConverterLoader
2026-02-25 13:01:02 [main] DEBUG o.a.c.i.c.BaseTypeConverterRegistry - TypeConverterLoader: org.apache.camel.spring.converter.ResourceConverterLoader loading converters
2026-02-25 13:01:02 [main] DEBUG o.a.c.i.c.BaseTypeConverterRegistry - Resolving TypeConverterLoader: org.apache.camel.converter.jaxp.CamelXmlJaxpBulkConverterLoader
2026-02-25 13:01:02 [main] DEBUG o.a.c.i.c.BaseTypeConverterRegistry - TypeConverterLoader: org.apache.camel.converter.jaxp.CamelXmlJaxpBulkConverterLoader loading converters
2026-02-25 13:01:02 [main] DEBUG o.a.c.i.c.BaseTypeConverterRegistry - Resolving TypeConverterLoader: org.apache.camel.component.http.HttpConvertersLoader
2026-02-25 13:01:02 [main] DEBUG o.a.c.i.c.BaseTypeConverterRegistry - TypeConverterLoader: org.apache.camel.component.http.HttpConvertersLoader loading converters
2026-02-25 13:01:02 [main] DEBUG o.a.c.i.c.BaseTypeConverterRegistry - Resolving TypeConverterLoader: org.apache.camel.component.http.HttpEntityConverterLoader
2026-02-25 13:01:02 [main] DEBUG o.a.c.i.c.BaseTypeConverterRegistry - TypeConverterLoader: org.apache.camel.component.http.HttpEntityConverterLoader loading converters
2026-02-25 13:01:02 [main] DEBUG o.a.c.i.c.BaseTypeConverterRegistry - Resolving TypeConverterLoader: org.apache.camel.http.common.HttpConverterLoader
2026-02-25 13:01:02 [main] DEBUG o.a.c.i.c.BaseTypeConverterRegistry - TypeConverterLoader: org.apache.camel.http.common.HttpConverterLoader loading converters
2026-02-25 13:01:02 [main] DEBUG o.a.c.i.c.BaseTypeConverterRegistry - Resolving TypeConverterLoader: org.apache.camel.attachment.AttachmentConverterLoader
2026-02-25 13:01:02 [main] DEBUG o.a.c.i.c.BaseTypeConverterRegistry - TypeConverterLoader: org.apache.camel.attachment.AttachmentConverterLoader loading converters
2026-02-25 13:01:02 [main] DEBUG o.a.c.i.c.BaseTypeConverterRegistry - Resolving TypeConverterLoader: org.apache.camel.component.jackson.converter.JacksonTypeConvertersLoader
2026-02-25 13:01:02 [main] DEBUG o.a.c.i.c.BaseTypeConverterRegistry - TypeConverterLoader: org.apache.camel.component.jackson.converter.JacksonTypeConvertersLoader loading converters
2026-02-25 13:01:02 [main] DEBUG o.a.c.i.c.BaseTypeConverterRegistry - Resolving TypeConverterLoader: org.apache.camel.converter.stream.StreamCacheBulkConverterLoader
2026-02-25 13:01:02 [main] DEBUG o.a.c.i.c.BaseTypeConverterRegistry - TypeConverterLoader: org.apache.camel.converter.stream.StreamCacheBulkConverterLoader loading converters
2026-02-25 13:01:02 [main] DEBUG o.a.c.i.c.BaseTypeConverterRegistry - Resolving TypeConverterLoader: org.apache.camel.component.file.GenericFileConverterLoader
2026-02-25 13:01:02 [main] DEBUG o.a.c.i.c.BaseTypeConverterRegistry - TypeConverterLoader: org.apache.camel.component.file.GenericFileConverterLoader loading converters
2026-02-25 13:01:02 [main] DEBUG o.a.c.i.c.BaseTypeConverterRegistry - Resolving TypeConverterLoader: org.apache.camel.converter.CamelBaseBulkConverterLoader
2026-02-25 13:01:03 [main] DEBUG o.a.c.i.c.BaseTypeConverterRegistry - TypeConverterLoader: org.apache.camel.converter.CamelBaseBulkConverterLoader loading converters
2026-02-25 13:01:03 [main] DEBUG o.a.c.i.c.DefaultTypeConverter - Loaded 259 type converters in 280ms
2026-02-25 13:01:03 [main] DEBUG o.a.c.i.engine.AbstractCamelContext - Apache Camel 4.4.0 (camel-1) built in 435ms
2026-02-25 13:01:03 [main] INFO  o.a.camel.util.concurrent.ThreadType - The type of thread detected is PLATFORM
2026-02-25 13:01:03 [main] DEBUG o.a.c.i.e.BaseExecutorServiceManager - Created new ScheduledThreadPool for source: ErrorHandlerRedeliveryThreadPool with name: ErrorHandlerRedeliveryTask -> org.apache.camel.util.concurrent.SizedScheduledExecutorService@5879197b[ErrorHandlerRedeliveryTask]
2026-02-25 13:01:03 [main] DEBUG o.a.c.i.e.DefaultConfigurerResolver - Found configurer: spring-event-component via type: org.apache.camel.component.event.EventComponentConfigurer via: META-INF/services/org/apache/camel/configurer/spring-event-component
2026-02-25 13:01:03 [main] DEBUG o.a.c.i.e.DefaultConfigurerResolver - Found configurer: spring-event-endpoint via type: org.apache.camel.component.event.EventEndpointConfigurer via: META-INF/services/org/apache/camel/configurer/spring-event-endpoint
2026-02-25 13:01:03 [main] DEBUG o.a.c.i.e.DefaultConfigurerResolver - Found configurer: spring-event-component via type: org.apache.camel.component.event.EventComponentConfigurer via: META-INF/services/org/apache/camel/configurer/spring-event-component
2026-02-25 13:01:04 [main] DEBUG o.a.camel.spring.SpringCamelContext - Set the application context classloader to: TomcatEmbeddedWebappClassLoader
  context: ROOT
  delegate: true
----------> Parent Classloader:
jdk.internal.loader.ClassLoaders$AppClassLoader@5451c3a8

2026-02-25 13:01:11 [main] DEBUG o.s.w.f.ServerHttpObservationFilter - Filter 'webMvcObservationFilter' configured for use
2026-02-25 13:01:11 [main] DEBUG o.s.w.f.CommonsRequestLoggingFilter - Filter 'logFilter' configured for use
2026-02-25 13:01:11 [main] DEBUG c.m.b.users.config.JwtRequestFilter - Filter 'jwtRequestFilter' configured for use
2026-02-25 13:01:12 [main] INFO  c.m.b.config.RestTemplateConfig - Creating RestTemplate with SSL trust-all configuration
2026-02-25 13:01:12 [main] INFO  c.m.b.config.RestTemplateConfig - RestTemplate configured with connect-timeout: 10000ms, read-timeout: 30000ms
2026-02-25 13:01:15 [main] INFO  org.quartz.impl.StdSchedulerFactory - Using default implementation for ThreadExecutor
2026-02-25 13:01:15 [main] INFO  o.quartz.core.SchedulerSignalerImpl - Initialized Scheduler Signaller of type: class org.quartz.core.SchedulerSignalerImpl
2026-02-25 13:01:15 [main] INFO  org.quartz.core.QuartzScheduler - Quartz Scheduler v.2.3.2 created.
2026-02-25 13:01:15 [main] INFO  org.quartz.simpl.RAMJobStore - RAMJobStore initialized.
2026-02-25 13:01:15 [main] INFO  org.quartz.core.QuartzScheduler - Scheduler meta-data: Quartz Scheduler (v2.3.2) 'quartzScheduler' with instanceId 'NON_CLUSTERED'
  Scheduler class: 'org.quartz.core.QuartzScheduler' - running locally.
  NOT STARTED.
  Currently in standby mode.
  Number of jobs executed: 0
  Using thread pool 'org.quartz.simpl.SimpleThreadPool' - with 10 threads.
  Using job-store 'org.quartz.simpl.RAMJobStore' - which does not support persistence. and is not clustered.

2026-02-25 13:01:15 [main] INFO  org.quartz.impl.StdSchedulerFactory - Quartz scheduler 'quartzScheduler' initialized from an externally provided properties instance.
2026-02-25 13:01:15 [main] INFO  org.quartz.impl.StdSchedulerFactory - Quartz scheduler version: 2.3.2
2026-02-25 13:01:15 [main] INFO  org.quartz.core.QuartzScheduler - JobFactory set to: org.springframework.scheduling.quartz.SpringBeanJobFactory@503900d7
2026-02-25 13:01:17 [main] INFO  c.m.IntegrationMappingComponent - IntegrationMappingComponent initialized with CamelContext.
2026-02-25 13:01:17 [main] INFO  c.m.b.c.IntegrationMappingConfiguration - Registered custom Camel component: integrationmapping
2026-02-25 13:01:17 [main] INFO  c.m.b.k.i.Dhis2HeaderFilterConfig - === Configuring DHIS2 Header Filter (Static Test) ===
2026-02-25 13:01:17 [main] INFO  c.m.b.k.i.Dhis2HeaderFilterConfig - DHIS2 Header Filter configured - allowing most headers for testing
2026-02-25 13:01:18 [main] DEBUG o.s.w.s.m.m.a.RequestMappingHandlerMapping - 167 mappings in 'requestMappingHandlerMapping'
2026-02-25 13:01:18 [main] DEBUG o.s.w.s.h.SimpleUrlHandlerMapping - Patterns [/webjars/**, /**, /swagger-ui*/*swagger-initializer.js, /swagger-ui*/**] in 'resourceHandlerMapping'
2026-02-25 13:01:19 [main] DEBUG o.a.c.i.h.DefaultHealthCheckRegistry - HealthCheck with id context successfully registered
2026-02-25 13:01:19 [main] DEBUG o.a.c.i.h.DefaultHealthCheckRegistry - HealthCheckRepository with id routes successfully registered
2026-02-25 13:01:19 [main] DEBUG o.a.c.i.h.DefaultHealthCheckRegistry - HealthCheckRepository with id producers successfully registered
2026-02-25 13:01:19 [main] DEBUG o.a.c.i.h.DefaultHealthCheckRegistry - HealthCheckRepository with id consumers successfully registered
2026-02-25 13:01:20 [main] DEBUG o.s.w.s.m.m.a.RequestMappingHandlerAdapter - ControllerAdvice beans: 0 @ModelAttribute, 0 @InitBinder, 1 RequestBodyAdvice, 1 ResponseBodyAdvice
2026-02-25 13:01:21 [main] DEBUG o.s.w.s.m.m.a.ExceptionHandlerExceptionResolver - ControllerAdvice beans: 2 @ExceptionHandler, 1 ResponseBodyAdvice
2026-02-25 13:01:25 [main] INFO  o.a.coyote.http11.Http11NioProtocol - Starting ProtocolHandler ["http-nio-8081"]
2026-02-25 13:01:25 [main] DEBUG o.a.c.h.common.DefaultHttpRegistry - Registering CamelServlet with name CamelServlet consumers present: 0
2026-02-25 13:01:25 [main] INFO  o.a.c.c.s.CamelHttpTransportServlet - Initialized CamelHttpTransportServlet[name=CamelServlet, contextPath=]
2026-02-25 13:01:25 [main] DEBUG o.a.camel.spring.SpringCamelContext - onApplicationEvent: org.springframework.boot.web.servlet.context.ServletWebServerInitializedEvent[source=org.springframework.boot.web.embedded.tomcat.TomcatWebServer@16b0acaf]
2026-02-25 13:01:25 [main] INFO  org.quartz.core.QuartzScheduler - Scheduler quartzScheduler_$_NON_CLUSTERED started.
2026-02-25 13:01:25 [main] DEBUG o.a.c.s.b.CamelSpringBootApplicationListener - Post-processing CamelContext bean: camel-1
2026-02-25 13:01:25 [main] DEBUG o.apache.camel.main.RoutesConfigurer - RoutesCollectorEnabled: org.apache.camel.spring.boot.CamelSpringBootRoutesCollector@317df5e9
2026-02-25 13:01:25 [main] DEBUG o.a.c.s.b.CamelSpringBootRoutesCollector - Finding additional routes from: classpath:camel/*
2026-02-25 13:01:25 [main] DEBUG o.a.c.s.b.CamelSpringBootRoutesCollector - Finding additional routes from: classpath:camel-template/*
2026-02-25 13:01:25 [main] DEBUG o.a.c.s.b.CamelSpringBootRoutesCollector - Finding additional routes from: classpath:camel-rest/*
2026-02-25 13:01:25 [main] DEBUG o.a.c.s.b.CamelSpringBootRoutesCollector - No additional RoutesBuilder discovered from: classpath:camel/*,classpath:camel-template/*,classpath:camel-rest/*
2026-02-25 13:01:25 [main] DEBUG o.a.camel.spring.SpringCamelContext - onApplicationEvent: org.springframework.context.event.ContextRefreshedEvent[source=org.springframework.boot.web.servlet.context.AnnotationConfigServletWebServerApplicationContext@15cafec7, started on Wed Feb 25 13:00:37 EET 2026]
2026-02-25 13:01:25 [main] DEBUG o.a.c.i.engine.AbstractCamelContext - Resolving language: simple
2026-02-25 13:01:25 [main] DEBUG o.a.camel.support.ResolverHelper - Lookup Language with name simple in registry. Found: null
2026-02-25 13:01:25 [main] DEBUG o.a.camel.support.ResolverHelper - Lookup Language with name simple-language in registry. Found: null
2026-02-25 13:01:25 [main] DEBUG o.a.c.language.simple.SimpleLanguage - Simple language predicate/expression cache size: 1000
2026-02-25 13:01:25 [main] DEBUG o.a.c.i.engine.AbstractCamelContext - Apache Camel 4.4.0 (camel-1) initialized in 215ms
2026-02-25 13:01:25 [main] INFO  o.a.c.i.engine.AbstractCamelContext - Apache Camel 4.4.0 (camel-1) is starting
2026-02-25 13:01:25 [main] DEBUG o.a.c.i.engine.AbstractCamelContext - Using ClassResolver=org.apache.camel.impl.engine.DefaultClassResolver@2cdefa7d, PackageScanClassResolver=org.apache.camel.spring.boot.FatJarPackageScanClassResolver@45880523, ApplicationContextClassLoader=TomcatEmbeddedWebappClassLoader
  context: ROOT
  delegate: true
----------> Parent Classloader:
jdk.internal.loader.ClassLoaders$AppClassLoader@5451c3a8
, RouteController=org.apache.camel.impl.engine.DefaultRouteController@7d971230
2026-02-25 13:01:25 [main] DEBUG o.a.c.i.engine.AbstractCamelContext - StreamCaching is disabled on CamelContext: camel-1
2026-02-25 13:01:25 [main] DEBUG o.a.c.i.engine.AbstractCamelContext - Using HeadersMapFactory: org.apache.camel.impl.engine.DefaultHeadersMapFactory@43640aba
2026-02-25 13:01:25 [main] DEBUG o.a.c.i.engine.AbstractCamelContext - Using ReactiveExecutor: org.apache.camel.impl.engine.DefaultReactiveExecutor@424f8c75
2026-02-25 13:01:25 [main] DEBUG o.a.c.i.engine.AbstractCamelContext - Using ThreadPoolFactory: org.apache.camel.support.DefaultThreadPoolFactory@76538f08
2026-02-25 13:01:25 [main] DEBUG o.a.c.i.engine.AbstractCamelContext - Using HealthCheck: camel-spring-boot
2026-02-25 13:01:25 [main] DEBUG o.a.c.i.e.DefaultStreamCachingStrategy - StreamCaching configuration DefaultStreamCachingStrategy[spoolDirectoryEnabled=false, spoolDirectory=null, spoolCipher=null, spoolThreshold=131072, spoolUsedHeapMemoryThreshold=0, bufferSize=0, anySpoolRules=false]
2026-02-25 13:01:25 [main] DEBUG o.a.c.i.e.DefaultStreamCachingStrategy - StreamCaching in use
2026-02-25 13:01:25 [main] DEBUG o.a.c.i.engine.AbstractCamelContext - Clearing BeanIntrospection cache with 1 objects using during starting Camel
2026-02-25 13:01:25 [main] DEBUG o.a.c.i.engine.AbstractCamelContext - BeanIntrospection invoked 4 times during starting Camel
2026-02-25 13:01:25 [main] INFO  o.a.c.i.engine.AbstractCamelContext - Routes startup (started:0)
2026-02-25 13:01:25 [main] INFO  o.a.c.i.engine.AbstractCamelContext - Apache Camel 4.4.0 (camel-1) started in 700ms (build:435ms init:215ms start:50ms)
2026-02-25 13:01:25 [main] DEBUG o.a.camel.support.ResolverHelper - Found ProcessorFactory: org.apache.camel.processor.DefaultProcessorFactory via: META-INF/services/org/apache/camel/processor-factory
2026-02-25 13:01:25 [main] DEBUG o.a.camel.support.ResolverHelper - Detected and using ProcessorFactory: org.apache.camel.processor.DefaultProcessorFactory@4bc42a50
2026-02-25 13:01:25 [main] DEBUG o.a.camel.impl.DefaultCamelContext - start() took 284 millis
2026-02-25 13:01:25 [main] INFO  c.middleware.MiddlewareApplication - Started MiddlewareApplication in 49.195 seconds (process running for 51.315)
2026-02-25 13:01:25 [main] DEBUG o.a.camel.spring.SpringCamelContext - onApplicationEvent: org.springframework.boot.context.event.ApplicationStartedEvent[source=org.springframework.boot.SpringApplication@32c4459a]
2026-02-25 13:01:25 [main] DEBUG o.a.camel.spring.SpringCamelContext - onApplicationEvent: org.springframework.boot.availability.AvailabilityChangeEvent[source=org.springframework.boot.web.servlet.context.AnnotationConfigServletWebServerApplicationContext@15cafec7, started on Wed Feb 25 13:00:37 EET 2026]
2026-02-25 13:01:25 [scheduling-1] INFO  c.m.b.k.service.DynamicRouteService - Starting route status sync with Camel context
2026-02-25 13:01:26 [main] DEBUG o.a.camel.spring.SpringCamelContext - onApplicationEvent: org.springframework.boot.context.event.ApplicationReadyEvent[source=org.springframework.boot.SpringApplication@32c4459a]
2026-02-25 13:01:26 [main] INFO  c.m.b.k.service.SequenceFixService - Fixing sequence for integration_mapping.id ...
2026-02-25 13:01:26 [scheduling-1] DEBUG o.a.c.i.engine.AbstractCamelContext - Adding route configurations from builder: Routes: []
2026-02-25 13:01:26 [scheduling-1] DEBUG o.a.c.i.engine.AbstractCamelContext - Adding routes from builder: Routes: []
2026-02-25 13:01:26 [scheduling-1] DEBUG o.a.c.i.e.DefaultUriFactoryResolver - Found EndpointUriFactory: integratedSystem via type: com.middleware.IntegratedSystemEndpointUriFactory via: META-INF/services/org/apache/camel/urifactory/integratedSystem
2026-02-25 13:01:26 [scheduling-1] DEBUG o.a.c.i.e.DefaultUriFactoryResolver - Found EndpointUriFactory: https via type: org.apache.camel.component.http.HttpEndpointUriFactory via: META-INF/services/org/apache/camel/urifactory/https
2026-02-25 13:01:26 [scheduling-1] DEBUG o.a.c.i.e.DefaultUriFactoryResolver - Found EndpointUriFactory: rest via type: org.apache.camel.component.rest.RestEndpointUriFactory via: META-INF/services/org/apache/camel/urifactory/rest
2026-02-25 13:01:26 [scheduling-1] DEBUG o.a.c.i.e.DefaultConfigurerResolver - Found configurer: org.apache.camel.spi.RestConfiguration via type: org.apache.camel.impl.RestConfigurationConfigurer via: META-INF/services/org/apache/camel/configurer/org.apache.camel.spi.RestConfiguration
2026-02-25 13:01:26 [scheduling-1] DEBUG o.a.c.i.e.DefaultConfigurerResolver - Found configurer: org.apache.camel.spi.RestConfiguration via type: org.apache.camel.impl.RestConfigurationConfigurer via: META-INF/services/org/apache/camel/configurer/org.apache.camel.spi.RestConfiguration
2026-02-25 13:01:26 [scheduling-1] DEBUG o.a.c.i.e.DefaultConfigurerResolver - Found configurer: org.apache.camel.spi.RestConfiguration via type: org.apache.camel.impl.RestConfigurationConfigurer via: META-INF/services/org/apache/camel/configurer/org.apache.camel.spi.RestConfiguration
2026-02-25 13:01:26 [scheduling-1] DEBUG o.a.c.i.e.DefaultConfigurerResolver - Found configurer: org.apache.camel.spi.RestConfiguration via type: org.apache.camel.impl.RestConfigurationConfigurer via: META-INF/services/org/apache/camel/configurer/org.apache.camel.spi.RestConfiguration
2026-02-25 13:01:26 [scheduling-1] DEBUG o.a.c.i.e.DefaultConfigurerResolver - Found configurer: org.apache.camel.spi.RestConfiguration via type: org.apache.camel.impl.RestConfigurationConfigurer via: META-INF/services/org/apache/camel/configurer/org.apache.camel.spi.RestConfiguration
2026-02-25 13:01:26 [scheduling-1] DEBUG o.a.c.i.e.DefaultConfigurerResolver - Found configurer: org.apache.camel.spi.RestConfiguration via type: org.apache.camel.impl.RestConfigurationConfigurer via: META-INF/services/org/apache/camel/configurer/org.apache.camel.spi.RestConfiguration
2026-02-25 13:01:26 [scheduling-1] DEBUG o.a.c.i.e.DefaultConfigurerResolver - Found configurer: org.apache.camel.spi.RestConfiguration via type: org.apache.camel.impl.RestConfigurationConfigurer via: META-INF/services/org/apache/camel/configurer/org.apache.camel.spi.RestConfiguration
2026-02-25 13:01:26 [scheduling-1] DEBUG o.a.c.i.e.DefaultConfigurerResolver - Found configurer: org.apache.camel.spi.RestConfiguration via type: org.apache.camel.impl.RestConfigurationConfigurer via: META-INF/services/org/apache/camel/configurer/org.apache.camel.spi.RestConfiguration
2026-02-25 13:01:26 [scheduling-1] DEBUG o.a.c.i.e.DefaultConfigurerResolver - Found configurer: org.apache.camel.spi.RestConfiguration via type: org.apache.camel.impl.RestConfigurationConfigurer via: META-INF/services/org/apache/camel/configurer/org.apache.camel.spi.RestConfiguration
2026-02-25 13:01:26 [main] INFO  c.m.b.k.service.SequenceFixService - Sequence public.integration_mapping_id_seq synced to 242. setval returned 242
2026-02-25 13:01:26 [main] INFO  c.m.b.k.service.SequenceFixService - Sequence fix done.
2026-02-25 13:01:26 [scheduling-1] DEBUG o.a.c.i.e.DefaultConfigurerResolver - Found configurer: org.apache.camel.spi.RestConfiguration via type: org.apache.camel.impl.RestConfigurationConfigurer via: META-INF/services/org/apache/camel/configurer/org.apache.camel.spi.RestConfiguration
2026-02-25 13:01:26 [main] DEBUG o.a.camel.spring.SpringCamelContext - onApplicationEvent: org.springframework.boot.availability.AvailabilityChangeEvent[source=org.springframework.boot.web.servlet.context.AnnotationConfigServletWebServerApplicationContext@15cafec7, started on Wed Feb 25 13:00:37 EET 2026]
2026-02-25 13:01:26 [scheduling-1] DEBUG o.a.c.i.e.DefaultConfigurerResolver - Found configurer: org.apache.camel.spi.RestConfiguration via type: org.apache.camel.impl.RestConfigurationConfigurer via: META-INF/services/org/apache/camel/configurer/org.apache.camel.spi.RestConfiguration
2026-02-25 13:01:26 [scheduling-1] DEBUG o.a.c.i.e.DefaultConfigurerResolver - Found configurer: org.apache.camel.spi.RestConfiguration via type: org.apache.camel.impl.RestConfigurationConfigurer via: META-INF/services/org/apache/camel/configurer/org.apache.camel.spi.RestConfiguration
2026-02-25 13:01:26 [scheduling-1] DEBUG o.a.c.i.engine.AbstractCamelContext - Using ComponentResolver: org.apache.camel.impl.engine.DefaultComponentResolver@7a4411fb to resolve component with name: rest
2026-02-25 13:01:26 [scheduling-1] DEBUG o.a.camel.support.ResolverHelper - Lookup Component with name rest in registry. Found: null
2026-02-25 13:01:26 [scheduling-1] DEBUG o.a.camel.support.ResolverHelper - Lookup Component with name rest-component in registry. Found: null
2026-02-25 13:01:26 [scheduling-1] DEBUG o.a.c.i.e.DefaultComponentResolver - Found component: rest via type: org.apache.camel.component.rest.RestComponent via: META-INF/services/org/apache/camel/component/rest
2026-02-25 13:01:26 [scheduling-1] DEBUG o.a.c.i.e.DefaultConfigurerResolver - Found configurer: rest-component via type: org.apache.camel.component.rest.RestComponentConfigurer via: META-INF/services/org/apache/camel/configurer/rest-component
2026-02-25 13:01:26 [scheduling-1] DEBUG o.a.c.i.e.DefaultConfigurerResolver - Found configurer: rest-endpoint via type: org.apache.camel.component.rest.RestEndpointConfigurer via: META-INF/services/org/apache/camel/configurer/rest-endpoint
2026-02-25 13:01:26 [RMI TCP Connection(2)-192.168.88.8] INFO  o.a.c.c.C.[Tomcat].[localhost].[/] - Initializing Spring DispatcherServlet 'dispatcherServlet'
2026-02-25 13:01:26 [RMI TCP Connection(2)-192.168.88.8] INFO  o.s.web.servlet.DispatcherServlet - Initializing Servlet 'dispatcherServlet'
2026-02-25 13:01:26 [RMI TCP Connection(2)-192.168.88.8] DEBUG o.s.web.servlet.DispatcherServlet - Detected StandardServletMultipartResolver
2026-02-25 13:01:26 [RMI TCP Connection(2)-192.168.88.8] DEBUG o.s.web.servlet.DispatcherServlet - Detected AcceptHeaderLocaleResolver
2026-02-25 13:01:26 [RMI TCP Connection(2)-192.168.88.8] DEBUG o.s.web.servlet.DispatcherServlet - Detected FixedThemeResolver
2026-02-25 13:01:26 [RMI TCP Connection(2)-192.168.88.8] DEBUG o.s.web.servlet.DispatcherServlet - Detected org.springframework.web.servlet.view.DefaultRequestToViewNameTranslator@31b10b12
2026-02-25 13:01:26 [RMI TCP Connection(2)-192.168.88.8] DEBUG o.s.web.servlet.DispatcherServlet - Detected org.springframework.web.servlet.support.SessionFlashMapManager@2dcdd32d
2026-02-25 13:01:26 [RMI TCP Connection(2)-192.168.88.8] DEBUG o.s.web.servlet.DispatcherServlet - enableLoggingRequestDetails='false': request parameters and headers will be masked to prevent unsafe logging of potentially sensitive data
2026-02-25 13:01:26 [RMI TCP Connection(2)-192.168.88.8] INFO  o.s.web.servlet.DispatcherServlet - Completed initialization in 22 ms
2026-02-25 13:01:26 [RMI TCP Connection(3)-192.168.88.8] DEBUG o.a.c.i.health.AbstractHealthCheck - Invoke health-check (LIVENESS) camel/context
2026-02-25 13:01:26 [RMI TCP Connection(3)-192.168.88.8] DEBUG o.a.c.i.health.AbstractHealthCheck - Invoke health-check (READINESS) camel/context
2026-02-25 13:01:26 [RMI TCP Connection(3)-192.168.88.8] DEBUG o.a.c.i.health.AbstractHealthCheck - Invoke health-check (ALL) camel/context
2026-02-25 13:01:27 [scheduling-1] DEBUG o.a.c.i.e.DefaultConfigurerResolver - Found configurer: rest-component via type: org.apache.camel.component.rest.RestComponentConfigurer via: META-INF/services/org/apache/camel/configurer/rest-component
2026-02-25 13:01:27 [scheduling-1] DEBUG o.a.camel.support.DefaultComponent - Creating endpoint uri=[rest://get:/system/info], path=[get:/system/info]
2026-02-25 13:01:27 [scheduling-1] DEBUG o.a.c.i.engine.AbstractCamelContext - rest://get:/system/info converted to endpoint: rest://get:/system/info by component: org.apache.camel.component.rest.RestComponent@5f99a912
2026-02-25 13:01:27 [scheduling-1] DEBUG o.a.c.i.engine.AbstractCamelContext - Using ComponentResolver: org.apache.camel.impl.engine.DefaultComponentResolver@7a4411fb to resolve component with name: integratedSystem
2026-02-25 13:01:27 [scheduling-1] DEBUG o.a.camel.support.ResolverHelper - Lookup Component with name integratedSystem in registry. Found: null
2026-02-25 13:01:27 [scheduling-1] DEBUG o.a.camel.support.ResolverHelper - Lookup Component with name integratedSystem-component in registry. Found: null
2026-02-25 13:01:27 [scheduling-1] DEBUG o.a.c.i.e.DefaultComponentResolver - Found component: integratedSystem via type: com.middleware.IntegratedSystemComponent via: META-INF/services/org/apache/camel/component/integratedSystem
2026-02-25 13:01:27 [scheduling-1] DEBUG o.a.c.i.e.DefaultConfigurerResolver - Found configurer: integratedSystem-component via type: com.middleware.IntegratedSystemComponentConfigurer via: META-INF/services/org/apache/camel/configurer/integratedSystem-component
2026-02-25 13:01:27 [scheduling-1] DEBUG o.a.c.i.e.DefaultConfigurerResolver - Found configurer: integratedSystem-endpoint via type: com.middleware.IntegratedSystemEndpointConfigurer via: META-INF/services/org/apache/camel/configurer/integratedSystem-endpoint
2026-02-25 13:01:27 [scheduling-1] DEBUG o.a.c.i.e.DefaultConfigurerResolver - Found configurer: integratedSystem-component via type: com.middleware.IntegratedSystemComponentConfigurer via: META-INF/services/org/apache/camel/configurer/integratedSystem-component
2026-02-25 13:01:27 [scheduling-1] DEBUG o.a.camel.support.DefaultComponent - Creating endpoint uri=[integratedSystem://null?code=DHIS2.STABLE], path=[null]
2026-02-25 13:01:27 [scheduling-1] INFO  c.m.IntegratedSystemComponent - Created IntegratedSystemEndpoint for URI: integratedSystem://null?code=DHIS2.STABLE
2026-02-25 13:01:27 [scheduling-1] DEBUG o.a.c.i.engine.AbstractCamelContext - integratedSystem://null?code=DHIS2.STABLE converted to endpoint: integratedSystem://null?code=DHIS2.STABLE by component: com.middleware.IntegratedSystemComponent@2ddc938a
2026-02-25 13:01:27 [scheduling-1] DEBUG o.a.camel.support.ResolverHelper - Found InternalProcessorFactory: org.apache.camel.processor.DefaultInternalProcessorFactory via: META-INF/services/org/apache/camel/internal-processor-factory
2026-02-25 13:01:27 [scheduling-1] DEBUG o.a.camel.support.ResolverHelper - Detected and using InternalProcessorFactory: org.apache.camel.processor.DefaultInternalProcessorFactory@48a284af
2026-02-25 13:01:27 [scheduling-1] DEBUG o.a.c.i.engine.AbstractCamelContext - Using ComponentResolver: org.apache.camel.impl.engine.DefaultComponentResolver@7a4411fb to resolve component with name: https
2026-02-25 13:01:27 [scheduling-1] DEBUG o.a.camel.support.ResolverHelper - Lookup Component with name https in registry. Found: null
2026-02-25 13:01:27 [scheduling-1] DEBUG o.a.camel.support.ResolverHelper - Lookup Component with name https-component in registry. Found: null
2026-02-25 13:01:27 [scheduling-1] DEBUG o.a.c.i.e.DefaultComponentResolver - Found component: https via type: org.apache.camel.component.http.HttpComponent via: META-INF/services/org/apache/camel/component/https
2026-02-25 13:01:27 [scheduling-1] DEBUG o.a.c.i.e.DefaultConfigurerResolver - Found configurer: http-component via type: org.apache.camel.component.http.HttpComponentConfigurer via: META-INF/services/org/apache/camel/configurer/http-component
2026-02-25 13:01:27 [scheduling-1] DEBUG o.a.c.i.e.DefaultConfigurerResolver - Found configurer: http-endpoint via type: org.apache.camel.component.http.HttpEndpointConfigurer via: META-INF/services/org/apache/camel/configurer/http-endpoint
2026-02-25 13:01:27 [scheduling-1] DEBUG o.a.camel.support.DefaultComponent - Creating endpoint uri=[https://https://test.e2e.dhis2.org/ca-test-2.41/api/system/info?bridgeEndpoint=true], path=[https://test.e2e.dhis2.org/ca-test-2.41/api/system/info]
2026-02-25 13:01:27 [scheduling-1] DEBUG o.a.c.component.http.HttpComponent - Creating endpoint uri https://test.e2e.dhis2.org/ca-test-2.41/api/system/info?bridgeEndpoint=true
2026-02-25 13:01:27 [scheduling-1] DEBUG o.a.c.component.http.HttpComponent - Created ClientConnectionManager org.apache.hc.client5.http.impl.io.PoolingHttpClientConnectionManager@3fe3c667
2026-02-25 13:01:27 [scheduling-1] DEBUG o.a.c.i.engine.AbstractCamelContext - https://https://test.e2e.dhis2.org/ca-test-2.41/api/system/info?bridgeEndpoint=true converted to endpoint: https://test.e2e.dhis2.org/ca-test-2.41/api/system/info?bridgeEndpoint=true by component: org.apache.camel.component.http.HttpComponent@31c29638
2026-02-25 13:01:27 [scheduling-1] DEBUG o.a.c.i.engine.AbstractCamelContext - Resolving language: simple
2026-02-25 13:01:27 [scheduling-1] DEBUG o.a.c.i.engine.AbstractCamelContext - Using ComponentResolver: org.apache.camel.impl.engine.DefaultComponentResolver@7a4411fb to resolve component with name: log
2026-02-25 13:01:27 [scheduling-1] DEBUG o.a.camel.support.ResolverHelper - Lookup Component with name log in registry. Found: null
2026-02-25 13:01:27 [scheduling-1] DEBUG o.a.camel.support.ResolverHelper - Lookup Component with name log-component in registry. Found: null
2026-02-25 13:01:27 [scheduling-1] DEBUG o.a.c.i.e.DefaultComponentResolver - Found component: log via type: org.apache.camel.component.log.LogComponent via: META-INF/services/org/apache/camel/component/log
2026-02-25 13:01:27 [scheduling-1] DEBUG o.a.c.i.e.DefaultConfigurerResolver - Found configurer: log-component via type: org.apache.camel.component.log.LogComponentConfigurer via: META-INF/services/org/apache/camel/configurer/log-component
2026-02-25 13:01:27 [scheduling-1] DEBUG o.a.c.i.e.DefaultConfigurerResolver - Found configurer: log-endpoint via type: org.apache.camel.component.log.LogEndpointConfigurer via: META-INF/services/org/apache/camel/configurer/log-endpoint
2026-02-25 13:01:27 [scheduling-1] DEBUG o.a.c.i.e.DefaultConfigurerResolver - Found configurer: log-component via type: org.apache.camel.component.log.LogComponentConfigurer via: META-INF/services/org/apache/camel/configurer/log-component
2026-02-25 13:01:27 [scheduling-1] DEBUG o.a.camel.support.DefaultComponent - Creating endpoint uri=[log://InfoLogger], path=[InfoLogger]
2026-02-25 13:01:27 [scheduling-1] DEBUG o.a.c.i.engine.AbstractCamelContext - log://InfoLogger converted to endpoint: log://InfoLogger by component: org.apache.camel.component.log.LogComponent@43d0e92d
2026-02-25 13:01:27 [scheduling-1] DEBUG o.apache.camel.reifier.RouteReifier - RoutePolicy is enabled: com.middleware.backend.policy.LoggingRoutePolicy@11c597d1 on route: dhis2-system-info
2026-02-25 13:01:27 [scheduling-1] DEBUG o.a.c.i.e.InternalRouteStartupManager - Warming up route id: dhis2-system-info having autoStartup=true
2026-02-25 13:01:27 [scheduling-1] DEBUG o.a.c.i.engine.AbstractCamelContext - Using ComponentResolver: org.apache.camel.impl.engine.DefaultComponentResolver@7a4411fb to resolve component with name: servlet
2026-02-25 13:01:27 [scheduling-1] DEBUG o.a.camel.support.ResolverHelper - Lookup Component with name servlet in registry. Found: null
2026-02-25 13:01:28 [scheduling-1] DEBUG o.a.camel.support.ResolverHelper - Lookup Component with name servlet-component in registry. Found: org.apache.camel.component.servlet.ServletComponent@7a7b5242
2026-02-25 13:01:28 [scheduling-1] DEBUG o.a.c.i.e.DefaultConfigurerResolver - Found configurer: servlet-component via type: org.apache.camel.component.servlet.ServletComponentConfigurer via: META-INF/services/org/apache/camel/configurer/servlet-component
2026-02-25 13:01:28 [scheduling-1] DEBUG o.a.c.i.e.DefaultConfigurerResolver - Found configurer: servlet-endpoint via type: org.apache.camel.component.servlet.ServletEndpointConfigurer via: META-INF/services/org/apache/camel/configurer/servlet-endpoint
2026-02-25 13:01:28 [scheduling-1] DEBUG o.a.c.i.e.DefaultConfigurerResolver - Found configurer: servlet-component via type: org.apache.camel.component.servlet.ServletComponentConfigurer via: META-INF/services/org/apache/camel/configurer/servlet-component
2026-02-25 13:01:28 [scheduling-1] DEBUG o.a.camel.support.DefaultComponent - Creating endpoint uri=[servlet:///system/info?httpMethodRestrict=GET], path=[/system/info]
2026-02-25 13:01:28 [scheduling-1] DEBUG o.a.c.i.engine.AbstractCamelContext - servlet:///system/info?httpMethodRestrict=GET converted to endpoint: servlet:/system/info?httpMethodRestrict=GET by component: org.apache.camel.component.servlet.ServletComponent@7a7b5242
2026-02-25 13:01:28 [scheduling-1] DEBUG o.a.camel.support.ResolverHelper - Found RestRegistryFactory: org.apache.camel.component.rest.DefaultRestRegistryFactory via: META-INF/services/org/apache/camel/rest-registry-factory
2026-02-25 13:01:28 [scheduling-1] DEBUG o.a.camel.support.ResolverHelper - Detected and using RestRegistryFactory: org.apache.camel.component.rest.DefaultRestRegistryFactory@1f4bf258
2026-02-25 13:01:28 [scheduling-1] DEBUG o.a.camel.support.DefaultProducer - Starting producer: Producer[integratedSystem://null?code=DHIS2.STABLE]
2026-02-25 13:01:28 [scheduling-1] DEBUG o.a.c.component.http.HttpEndpoint - Setup the HttpClientBuilder org.apache.hc.client5.http.impl.classic.HttpClientBuilder@73d4ee90
2026-02-25 13:01:28 [scheduling-1] DEBUG o.a.camel.support.DefaultProducer - Starting producer: Producer[https://test.e2e.dhis2.org/ca-test-2.41/api/system/info?bridgeEndpoint=true]
2026-02-25 13:01:28 [scheduling-1] DEBUG o.a.camel.support.DefaultProducer - Starting producer: Producer[log://InfoLogger]
2026-02-25 13:01:28 [scheduling-1] DEBUG o.a.c.i.e.InternalRouteStartupManager - Route: dhis2-system-info >>> Route[rest://get:/system/info -> null]
2026-02-25 13:01:28 [scheduling-1] DEBUG o.a.c.i.e.InternalRouteStartupManager - Starting consumer (order: 1000) on route: dhis2-system-info
2026-02-25 13:01:28 [scheduling-1] DEBUG o.a.camel.support.DefaultConsumer - Build consumer: Consumer[servlet:/system/info?httpMethodRestrict=GET]
2026-02-25 13:01:28 [scheduling-1] DEBUG o.a.camel.support.DefaultConsumer - Init consumer: Consumer[servlet:/system/info?httpMethodRestrict=GET]
2026-02-25 13:01:28 [scheduling-1] DEBUG o.a.camel.support.DefaultConsumer - Starting consumer: Consumer[servlet:/system/info?httpMethodRestrict=GET]
2026-02-25 13:01:28 [scheduling-1] DEBUG o.a.c.h.common.DefaultHttpRegistry - Registering consumer for path /system/info providers present: 1
2026-02-25 13:01:28 [scheduling-1] DEBUG o.a.c.c.s.CamelHttpTransportServlet - Connecting consumer: Consumer[servlet:/system/info?httpMethodRestrict=GET]
2026-02-25 13:01:28 [scheduling-1] DEBUG o.a.c.i.e.InternalRouteStartupManager - Route: dhis2-system-info started and consuming from: servlet:/system/info
2026-02-25 13:01:28 [scheduling-1] DEBUG o.a.c.i.e.InternalRouteStartupManager - Warming up route id: dhis2-system-info having autoStartup=true
2026-02-25 13:01:28 [scheduling-1] DEBUG o.a.c.i.e.InternalRouteStartupManager - Route: dhis2-system-info >>> Route[rest://get:/system/info -> null]
2026-02-25 13:01:28 [scheduling-1] DEBUG o.a.c.i.e.InternalRouteStartupManager - Starting consumer (order: 1001) on route: dhis2-system-info
2026-02-25 13:01:28 [scheduling-1] DEBUG o.a.c.i.e.InternalRouteStartupManager - Route: dhis2-system-info started and consuming from: servlet:/system/info
2026-02-25 13:01:28 [scheduling-1] INFO  c.m.b.k.service.DynamicRouteService - Re-added route dhis2-system-info to context (DB says active)
2026-02-25 13:01:28 [scheduling-1] DEBUG o.a.c.i.engine.AbstractCamelContext - Adding route configurations from builder: Routes: []
2026-02-25 13:01:28 [scheduling-1] DEBUG o.a.c.i.engine.AbstractCamelContext - Adding routes from builder: Routes: []
2026-02-25 13:01:28 [scheduling-1] DEBUG o.a.camel.support.DefaultComponent - Creating endpoint uri=[rest://post:/api/aaaaaaiaiiiiiiiiiiiiiiiiiii], path=[post:/api/aaaaaaiaiiiiiiiiiiiiiiiiiii]
2026-02-25 13:01:28 [scheduling-1] DEBUG o.a.c.i.engine.AbstractCamelContext - rest://post:/api/aaaaaaiaiiiiiiiiiiiiiiiiiii converted to endpoint: rest://post:/api/aaaaaaiaiiiiiiiiiiiiiiiiiii by component: org.apache.camel.component.rest.RestComponent@5f99a912
2026-02-25 13:01:28 [scheduling-1] DEBUG o.a.c.i.engine.AbstractCamelContext - Resolving language: simple
2026-02-25 13:01:28 [scheduling-1] DEBUG o.a.c.i.engine.AbstractCamelContext - Resolving language: constant
2026-02-25 13:01:28 [scheduling-1] DEBUG o.a.camel.support.ResolverHelper - Lookup Language with name constant in registry. Found: null
2026-02-25 13:01:28 [scheduling-1] DEBUG o.a.camel.support.ResolverHelper - Lookup Language with name constant-language in registry. Found: null
2026-02-25 13:01:28 [scheduling-1] DEBUG o.a.camel.support.DefaultComponent - Creating endpoint uri=[log://output], path=[output]
2026-02-25 13:01:28 [scheduling-1] DEBUG o.a.c.i.engine.AbstractCamelContext - log://output converted to endpoint: log://output by component: org.apache.camel.component.log.LogComponent@43d0e92d
2026-02-25 13:01:28 [scheduling-1] DEBUG o.apache.camel.reifier.RouteReifier - RoutePolicy is enabled: com.middleware.backend.policy.LoggingRoutePolicy@6ec97809 on route: my-new-testforAi
2026-02-25 13:01:28 [scheduling-1] DEBUG o.a.c.i.e.InternalRouteStartupManager - Warming up route id: my-new-testforAi having autoStartup=true
2026-02-25 13:01:28 [scheduling-1] DEBUG o.a.camel.support.DefaultComponent - Creating endpoint uri=[servlet:///api/aaaaaaiaiiiiiiiiiiiiiiiiiii?httpMethodRestrict=POST], path=[/api/aaaaaaiaiiiiiiiiiiiiiiiiiii]
2026-02-25 13:01:28 [scheduling-1] DEBUG o.a.c.i.engine.AbstractCamelContext - servlet:///api/aaaaaaiaiiiiiiiiiiiiiiiiiii?httpMethodRestrict=POST converted to endpoint: servlet:/api/aaaaaaiaiiiiiiiiiiiiiiiiiii?httpMethodRestrict=POST by component: org.apache.camel.component.servlet.ServletComponent@7a7b5242
2026-02-25 13:01:28 [scheduling-1] DEBUG o.a.camel.support.DefaultProducer - Starting producer: Producer[log://output]
2026-02-25 13:01:28 [scheduling-1] DEBUG o.a.c.i.e.InternalRouteStartupManager - Route: my-new-testforAi >>> Route[rest://post:/api/aaaaaaiaiiiiiiiiiiiiiiiiiii -> null]
2026-02-25 13:01:28 [scheduling-1] DEBUG o.a.c.i.e.InternalRouteStartupManager - Starting consumer (order: 1002) on route: my-new-testforAi
2026-02-25 13:01:28 [scheduling-1] DEBUG o.a.camel.support.DefaultConsumer - Build consumer: Consumer[servlet:/api/aaaaaaiaiiiiiiiiiiiiiiiiiii?httpMethodRestrict=POST]
2026-02-25 13:01:28 [scheduling-1] DEBUG o.a.camel.support.DefaultConsumer - Init consumer: Consumer[servlet:/api/aaaaaaiaiiiiiiiiiiiiiiiiiii?httpMethodRestrict=POST]
2026-02-25 13:01:28 [scheduling-1] DEBUG o.a.camel.support.DefaultConsumer - Starting consumer: Consumer[servlet:/api/aaaaaaiaiiiiiiiiiiiiiiiiiii?httpMethodRestrict=POST]
2026-02-25 13:01:28 [scheduling-1] DEBUG o.a.c.h.common.DefaultHttpRegistry - Registering consumer for path /api/aaaaaaiaiiiiiiiiiiiiiiiiiii providers present: 1
2026-02-25 13:01:28 [scheduling-1] DEBUG o.a.c.c.s.CamelHttpTransportServlet - Connecting consumer: Consumer[servlet:/api/aaaaaaiaiiiiiiiiiiiiiiiiiii?httpMethodRestrict=POST]
2026-02-25 13:01:28 [scheduling-1] DEBUG o.a.c.i.e.InternalRouteStartupManager - Route: my-new-testforAi started and consuming from: servlet:/api/aaaaaaiaiiiiiiiiiiiiiiiiiii
2026-02-25 13:01:28 [scheduling-1] DEBUG o.a.c.i.e.InternalRouteStartupManager - Warming up route id: my-new-testforAi having autoStartup=true
2026-02-25 13:01:28 [scheduling-1] DEBUG o.a.c.i.e.InternalRouteStartupManager - Route: my-new-testforAi >>> Route[rest://post:/api/aaaaaaiaiiiiiiiiiiiiiiiiiii -> null]
2026-02-25 13:01:28 [scheduling-1] DEBUG o.a.c.i.e.InternalRouteStartupManager - Starting consumer (order: 1003) on route: my-new-testforAi
2026-02-25 13:01:28 [scheduling-1] DEBUG o.a.c.i.e.InternalRouteStartupManager - Route: my-new-testforAi started and consuming from: servlet:/api/aaaaaaiaiiiiiiiiiiiiiiiiiii
2026-02-25 13:01:28 [scheduling-1] INFO  c.m.b.k.service.DynamicRouteService - Re-added route my-new-testforAi to context (DB says active)
2026-02-25 13:01:28 [scheduling-1] DEBUG o.a.c.i.engine.AbstractCamelContext - Adding route configurations from builder: Routes: []
2026-02-25 13:01:28 [scheduling-1] DEBUG o.a.c.i.engine.AbstractCamelContext - Adding routes from builder: Routes: []
2026-02-25 13:01:28 [scheduling-1] DEBUG o.a.c.i.e.DefaultUriFactoryResolver - Found EndpointUriFactory: servlet via type: org.apache.camel.component.servlet.ServletEndpointUriFactory via: META-INF/services/org/apache/camel/urifactory/servlet
2026-02-25 13:01:28 [scheduling-1] DEBUG o.a.camel.support.DefaultComponent - Creating endpoint uri=[servlet:///external-user/*?httpMethodRestrict=GET], path=[/external-user/*]
2026-02-25 13:01:28 [scheduling-1] DEBUG o.a.c.i.engine.AbstractCamelContext - servlet:///external-user/*?httpMethodRestrict=GET converted to endpoint: servlet:/external-user/*?httpMethodRestrict=GET by component: org.apache.camel.component.servlet.ServletComponent@7a7b5242
2026-02-25 13:01:28 [scheduling-1] DEBUG o.a.c.i.engine.AbstractCamelContext - Resolving language: simple
2026-02-25 13:01:28 [scheduling-1] DEBUG o.a.c.i.engine.AbstractCamelContext - Resolving language: bean
2026-02-25 13:01:28 [scheduling-1] DEBUG o.a.camel.support.ResolverHelper - Lookup Language with name bean in registry. Found: null
2026-02-25 13:01:28 [scheduling-1] DEBUG o.a.camel.support.ResolverHelper - Lookup Language with name bean-language in registry. Found: null
2026-02-25 13:01:28 [scheduling-1] DEBUG o.a.c.i.engine.AbstractCamelContext - Using ComponentResolver: org.apache.camel.impl.engine.DefaultComponentResolver@7a4411fb to resolve component with name: bean
2026-02-25 13:01:28 [scheduling-1] DEBUG o.a.camel.support.ResolverHelper - Lookup Component with name bean in registry. Found: null
2026-02-25 13:01:28 [scheduling-1] DEBUG o.a.camel.support.ResolverHelper - Lookup Component with name bean-component in registry. Found: null
2026-02-25 13:01:28 [scheduling-1] DEBUG o.a.c.i.e.DefaultComponentResolver - Found component: bean via type: org.apache.camel.component.bean.BeanComponent via: META-INF/services/org/apache/camel/component/bean
2026-02-25 13:01:28 [scheduling-1] DEBUG o.a.c.i.e.DefaultConfigurerResolver - Found configurer: bean-component via type: org.apache.camel.component.bean.BeanComponentConfigurer via: META-INF/services/org/apache/camel/configurer/bean-component
2026-02-25 13:01:28 [scheduling-1] DEBUG o.a.c.i.e.DefaultConfigurerResolver - Found configurer: bean-endpoint via type: org.apache.camel.component.bean.BeanEndpointConfigurer via: META-INF/services/org/apache/camel/configurer/bean-endpoint
2026-02-25 13:01:28 [scheduling-1] DEBUG o.a.c.component.bean.BeanComponent - Creating BeanInfo with maximum cache size: 1000
2026-02-25 13:01:28 [scheduling-1] DEBUG o.a.c.i.e.DefaultConfigurerResolver - Found configurer: bean-component via type: org.apache.camel.component.bean.BeanComponentConfigurer via: META-INF/services/org/apache/camel/configurer/bean-component
2026-02-25 13:01:28 [scheduling-1] DEBUG o.a.c.i.engine.AbstractCamelContext - Resolving language: simple
2026-02-25 13:01:28 [scheduling-1] DEBUG o.a.c.i.engine.AbstractCamelContext - Resolving language: bean
2026-02-25 13:01:28 [scheduling-1] DEBUG o.a.c.i.engine.AbstractCamelContext - Resolving language: constant
2026-02-25 13:01:28 [scheduling-1] DEBUG o.a.c.i.engine.AbstractCamelContext - Resolving language: constant
2026-02-25 13:01:28 [scheduling-1] DEBUG o.a.c.i.engine.AbstractCamelContext - Resolving language: constant
2026-02-25 13:01:28 [scheduling-1] DEBUG o.a.c.i.engine.AbstractCamelContext - Resolving language: simple
2026-02-25 13:01:28 [scheduling-1] DEBUG o.apache.camel.reifier.RouteReifier - RoutePolicy is enabled: com.middleware.backend.policy.LoggingRoutePolicy@6e420c on route: get-user-from-api
2026-02-25 13:01:28 [scheduling-1] DEBUG o.a.c.i.e.InternalRouteStartupManager - Warming up route id: get-user-from-api having autoStartup=true
2026-02-25 13:01:28 [scheduling-1] DEBUG o.a.c.p.SendDynamicAwareResolver - Found SendDynamicAware: org.apache.camel.component.http.HttpSendDynamicAware via: META-INF/services/org/apache/camel/send-dynamic/https
2026-02-25 13:01:28 [scheduling-1] DEBUG o.a.c.processor.SendDynamicProcessor - Detected SendDynamicAware component: https optimising toD: https://jsonplaceholder.typicode.com/users/${header.id}?bridgeEndpoint=true&throwExceptionOnFailure=false
2026-02-25 13:01:28 [scheduling-1] DEBUG o.a.c.i.e.DefaultUriFactoryResolver - Found EndpointUriFactory: https via type: org.apache.camel.component.http.HttpEndpointUriFactory via: META-INF/services/org/apache/camel/urifactory/https
2026-02-25 13:01:28 [scheduling-1] DEBUG o.a.c.processor.SendDynamicProcessor - DynamicSendTo toD1 using ProducerCache with cacheSize=0
2026-02-25 13:01:28 [scheduling-1] DEBUG o.a.c.i.e.InternalRouteStartupManager - Route: get-user-from-api >>> Route[servlet:/external-user/*?httpMethodRestrict=GET -> null]
2026-02-25 13:01:28 [scheduling-1] DEBUG o.a.c.i.e.InternalRouteStartupManager - Starting consumer (order: 1004) on route: get-user-from-api
2026-02-25 13:01:28 [scheduling-1] DEBUG o.a.camel.support.DefaultConsumer - Build consumer: Consumer[servlet:/external-user/*?httpMethodRestrict=GET]
2026-02-25 13:01:28 [scheduling-1] DEBUG o.a.camel.support.DefaultConsumer - Init consumer: Consumer[servlet:/external-user/*?httpMethodRestrict=GET]
2026-02-25 13:01:28 [scheduling-1] DEBUG o.a.camel.support.DefaultConsumer - Starting consumer: Consumer[servlet:/external-user/*?httpMethodRestrict=GET]
2026-02-25 13:01:28 [scheduling-1] DEBUG o.a.c.h.common.DefaultHttpRegistry - Registering consumer for path /external-user/* providers present: 1
2026-02-25 13:01:28 [scheduling-1] DEBUG o.a.c.c.s.CamelHttpTransportServlet - Connecting consumer: Consumer[servlet:/external-user/*?httpMethodRestrict=GET]
2026-02-25 13:01:28 [scheduling-1] DEBUG o.a.c.i.e.InternalRouteStartupManager - Route: get-user-from-api started and consuming from: servlet:/external-user/*
2026-02-25 13:01:28 [scheduling-1] DEBUG o.a.c.i.e.InternalRouteStartupManager - Warming up route id: get-user-from-api having autoStartup=true
2026-02-25 13:01:28 [scheduling-1] DEBUG o.a.c.i.e.InternalRouteStartupManager - Route: get-user-from-api >>> Route[servlet:/external-user/*?httpMethodRestrict=GET -> null]
2026-02-25 13:01:28 [scheduling-1] DEBUG o.a.c.i.e.InternalRouteStartupManager - Starting consumer (order: 1005) on route: get-user-from-api
2026-02-25 13:01:28 [scheduling-1] DEBUG o.a.c.i.e.InternalRouteStartupManager - Route: get-user-from-api started and consuming from: servlet:/external-user/*
2026-02-25 13:01:28 [scheduling-1] INFO  c.m.b.k.service.DynamicRouteService - Re-added route get-user-from-api to context (DB says active)
2026-02-25 13:01:28 [scheduling-1] DEBUG o.a.c.i.engine.AbstractCamelContext - Adding route configurations from builder: Routes: []
2026-02-25 13:01:28 [scheduling-1] DEBUG o.a.c.i.engine.AbstractCamelContext - Adding routes from builder: Routes: []
2026-02-25 13:01:28 [scheduling-1] DEBUG o.a.camel.support.DefaultComponent - Creating endpoint uri=[rest://post:/api/xxxxxxxxxx], path=[post:/api/xxxxxxxxxx]
2026-02-25 13:01:28 [scheduling-1] DEBUG o.a.c.i.engine.AbstractCamelContext - rest://post:/api/xxxxxxxxxx converted to endpoint: rest://post:/api/xxxxxxxxxx by component: org.apache.camel.component.rest.RestComponent@5f99a912
2026-02-25 13:01:28 [scheduling-1] DEBUG o.a.c.i.engine.AbstractCamelContext - Resolving language: simple
2026-02-25 13:01:28 [scheduling-1] DEBUG o.a.c.i.engine.AbstractCamelContext - Resolving language: constant
2026-02-25 13:01:28 [scheduling-1] DEBUG o.apache.camel.reifier.RouteReifier - RoutePolicy is enabled: com.middleware.backend.policy.LoggingRoutePolicy@58f9ffd8 on route: xxxxxxxxxx
2026-02-25 13:01:28 [scheduling-1] DEBUG o.a.c.i.e.InternalRouteStartupManager - Warming up route id: xxxxxxxxxx having autoStartup=true
2026-02-25 13:01:28 [scheduling-1] DEBUG o.a.camel.support.DefaultComponent - Creating endpoint uri=[servlet:///api/xxxxxxxxxx?httpMethodRestrict=POST], path=[/api/xxxxxxxxxx]
2026-02-25 13:01:28 [scheduling-1] DEBUG o.a.c.i.engine.AbstractCamelContext - servlet:///api/xxxxxxxxxx?httpMethodRestrict=POST converted to endpoint: servlet:/api/xxxxxxxxxx?httpMethodRestrict=POST by component: org.apache.camel.component.servlet.ServletComponent@7a7b5242
2026-02-25 13:01:28 [scheduling-1] DEBUG o.a.camel.support.DefaultProducer - Starting producer: Producer[log://output]
2026-02-25 13:01:28 [scheduling-1] DEBUG o.a.c.i.e.InternalRouteStartupManager - Route: xxxxxxxxxx >>> Route[rest://post:/api/xxxxxxxxxx -> null]
2026-02-25 13:01:28 [scheduling-1] DEBUG o.a.c.i.e.InternalRouteStartupManager - Starting consumer (order: 1006) on route: xxxxxxxxxx
2026-02-25 13:01:28 [scheduling-1] DEBUG o.a.camel.support.DefaultConsumer - Build consumer: Consumer[servlet:/api/xxxxxxxxxx?httpMethodRestrict=POST]
2026-02-25 13:01:28 [scheduling-1] DEBUG o.a.camel.support.DefaultConsumer - Init consumer: Consumer[servlet:/api/xxxxxxxxxx?httpMethodRestrict=POST]
2026-02-25 13:01:28 [scheduling-1] DEBUG o.a.camel.support.DefaultConsumer - Starting consumer: Consumer[servlet:/api/xxxxxxxxxx?httpMethodRestrict=POST]
2026-02-25 13:01:28 [scheduling-1] DEBUG o.a.c.h.common.DefaultHttpRegistry - Registering consumer for path /api/xxxxxxxxxx providers present: 1
2026-02-25 13:01:28 [scheduling-1] DEBUG o.a.c.c.s.CamelHttpTransportServlet - Connecting consumer: Consumer[servlet:/api/xxxxxxxxxx?httpMethodRestrict=POST]
2026-02-25 13:01:28 [scheduling-1] DEBUG o.a.c.i.e.InternalRouteStartupManager - Route: xxxxxxxxxx started and consuming from: servlet:/api/xxxxxxxxxx
2026-02-25 13:01:28 [scheduling-1] DEBUG o.a.c.i.e.InternalRouteStartupManager - Warming up route id: xxxxxxxxxx having autoStartup=true
2026-02-25 13:01:28 [scheduling-1] DEBUG o.a.c.i.e.InternalRouteStartupManager - Route: xxxxxxxxxx >>> Route[rest://post:/api/xxxxxxxxxx -> null]
2026-02-25 13:01:28 [scheduling-1] DEBUG o.a.c.i.e.InternalRouteStartupManager - Starting consumer (order: 1007) on route: xxxxxxxxxx
2026-02-25 13:01:28 [scheduling-1] DEBUG o.a.c.i.e.InternalRouteStartupManager - Route: xxxxxxxxxx started and consuming from: servlet:/api/xxxxxxxxxx
2026-02-25 13:01:28 [scheduling-1] INFO  c.m.b.k.service.DynamicRouteService - Re-added route xxxxxxxxxx to context (DB says active)
2026-02-25 13:01:28 [scheduling-1] DEBUG o.a.c.i.engine.AbstractCamelContext - Adding route configurations from builder: Routes: []
2026-02-25 13:01:28 [scheduling-1] DEBUG o.a.c.i.engine.AbstractCamelContext - Adding routes from builder: Routes: []
2026-02-25 13:01:28 [scheduling-1] DEBUG o.a.camel.support.DefaultComponent - Creating endpoint uri=[rest://post:/api/aiiiii], path=[post:/api/aiiiii]
2026-02-25 13:01:28 [scheduling-1] DEBUG o.a.c.i.engine.AbstractCamelContext - rest://post:/api/aiiiii converted to endpoint: rest://post:/api/aiiiii by component: org.apache.camel.component.rest.RestComponent@5f99a912
2026-02-25 13:01:28 [scheduling-1] DEBUG o.a.c.i.engine.AbstractCamelContext - Resolving language: simple
2026-02-25 13:01:28 [scheduling-1] DEBUG o.a.c.i.engine.AbstractCamelContext - Resolving language: constant
2026-02-25 13:01:28 [scheduling-1] DEBUG o.apache.camel.reifier.RouteReifier - RoutePolicy is enabled: com.middleware.backend.policy.LoggingRoutePolicy@181b9a36 on route: aiiiii
2026-02-25 13:01:28 [scheduling-1] DEBUG o.a.c.i.e.InternalRouteStartupManager - Warming up route id: aiiiii having autoStartup=true
2026-02-25 13:01:28 [scheduling-1] DEBUG o.a.camel.support.DefaultComponent - Creating endpoint uri=[servlet:///api/aiiiii?httpMethodRestrict=POST], path=[/api/aiiiii]
2026-02-25 13:01:28 [scheduling-1] DEBUG o.a.c.i.engine.AbstractCamelContext - servlet:///api/aiiiii?httpMethodRestrict=POST converted to endpoint: servlet:/api/aiiiii?httpMethodRestrict=POST by component: org.apache.camel.component.servlet.ServletComponent@7a7b5242
2026-02-25 13:01:28 [scheduling-1] DEBUG o.a.camel.support.DefaultProducer - Starting producer: Producer[log://output]
2026-02-25 13:01:28 [scheduling-1] DEBUG o.a.c.i.e.InternalRouteStartupManager - Route: aiiiii >>> Route[rest://post:/api/aiiiii -> null]
2026-02-25 13:01:28 [scheduling-1] DEBUG o.a.c.i.e.InternalRouteStartupManager - Starting consumer (order: 1008) on route: aiiiii
2026-02-25 13:01:28 [scheduling-1] DEBUG o.a.camel.support.DefaultConsumer - Build consumer: Consumer[servlet:/api/aiiiii?httpMethodRestrict=POST]
2026-02-25 13:01:28 [scheduling-1] DEBUG o.a.camel.support.DefaultConsumer - Init consumer: Consumer[servlet:/api/aiiiii?httpMethodRestrict=POST]
2026-02-25 13:01:28 [scheduling-1] DEBUG o.a.camel.support.DefaultConsumer - Starting consumer: Consumer[servlet:/api/aiiiii?httpMethodRestrict=POST]
2026-02-25 13:01:28 [scheduling-1] DEBUG o.a.c.h.common.DefaultHttpRegistry - Registering consumer for path /api/aiiiii providers present: 1
2026-02-25 13:01:28 [scheduling-1] DEBUG o.a.c.c.s.CamelHttpTransportServlet - Connecting consumer: Consumer[servlet:/api/aiiiii?httpMethodRestrict=POST]
2026-02-25 13:01:28 [scheduling-1] DEBUG o.a.c.i.e.InternalRouteStartupManager - Route: aiiiii started and consuming from: servlet:/api/aiiiii
2026-02-25 13:01:28 [scheduling-1] DEBUG o.a.c.i.e.InternalRouteStartupManager - Warming up route id: aiiiii having autoStartup=true
2026-02-25 13:01:28 [scheduling-1] DEBUG o.a.c.i.e.InternalRouteStartupManager - Route: aiiiii >>> Route[rest://post:/api/aiiiii -> null]
2026-02-25 13:01:28 [scheduling-1] DEBUG o.a.c.i.e.InternalRouteStartupManager - Starting consumer (order: 1009) on route: aiiiii
2026-02-25 13:01:28 [scheduling-1] DEBUG o.a.c.i.e.InternalRouteStartupManager - Route: aiiiii started and consuming from: servlet:/api/aiiiii
2026-02-25 13:01:28 [scheduling-1] INFO  c.m.b.k.service.DynamicRouteService - Re-added route aiiiii to context (DB says active)
2026-02-25 13:01:28 [scheduling-1] DEBUG o.a.c.i.engine.AbstractCamelContext - Adding route configurations from builder: Routes: []
2026-02-25 13:01:28 [scheduling-1] DEBUG o.a.c.i.engine.AbstractCamelContext - Adding routes from builder: Routes: []
2026-02-25 13:01:28 [scheduling-1] DEBUG o.a.c.i.e.DefaultUriFactoryResolver - Found EndpointUriFactory: integrationmapping via type: com.middleware.IntegrationMappingEndpointUriFactory via: META-INF/services/org/apache/camel/urifactory/integrationmapping
2026-02-25 13:01:28 [scheduling-1] DEBUG o.a.c.i.e.DefaultUriFactoryResolver - Found EndpointUriFactory: rest via type: org.apache.camel.component.rest.RestEndpointUriFactory via: META-INF/services/org/apache/camel/urifactory/rest
2026-02-25 13:01:28 [scheduling-1] DEBUG o.a.camel.support.DefaultComponent - Creating endpoint uri=[rest://get:/HealthCenter], path=[get:/HealthCenter]
2026-02-25 13:01:28 [scheduling-1] DEBUG o.a.c.i.engine.AbstractCamelContext - rest://get:/HealthCenter converted to endpoint: rest://get:/HealthCenter by component: org.apache.camel.component.rest.RestComponent@5f99a912
2026-02-25 13:01:28 [scheduling-1] DEBUG o.a.c.i.engine.AbstractCamelContext - Using ComponentResolver: org.apache.camel.impl.engine.DefaultComponentResolver@7a4411fb to resolve component with name: integrationmapping
2026-02-25 13:01:28 [scheduling-1] DEBUG o.a.camel.support.ResolverHelper - Lookup Component with name integrationmapping in registry. Found: com.middleware.IntegrationMappingComponent@50df6614
2026-02-25 13:01:28 [scheduling-1] DEBUG o.a.c.i.e.DefaultConfigurerResolver - Found configurer: integrationmapping-component via type: com.middleware.IntegrationMappingComponentConfigurer via: META-INF/services/org/apache/camel/configurer/integrationmapping-component
2026-02-25 13:01:28 [scheduling-1] DEBUG o.a.c.i.e.DefaultConfigurerResolver - Found configurer: integrationmapping-endpoint via type: com.middleware.IntegrationMappingEndpointConfigurer via: META-INF/services/org/apache/camel/configurer/integrationmapping-endpoint
2026-02-25 13:01:29 [scheduling-1] DEBUG o.a.c.i.e.DefaultConfigurerResolver - Found configurer: integrationmapping-component via type: com.middleware.IntegrationMappingComponentConfigurer via: META-INF/services/org/apache/camel/configurer/integrationmapping-component
2026-02-25 13:01:29 [scheduling-1] DEBUG o.a.camel.support.DefaultComponent - Creating endpoint uri=[integrationmapping://null?code=default], path=[null]
2026-02-25 13:01:29 [scheduling-1] INFO  c.m.IntegrationMappingEndpoint - IntegrationMappingEndpoint created for URI: integrationmapping://null?code=default
2026-02-25 13:01:29 [scheduling-1] DEBUG o.a.c.i.engine.AbstractCamelContext - integrationmapping://null?code=default converted to endpoint: integrationmapping://null?code=default by component: com.middleware.IntegrationMappingComponent@50df6614
2026-02-25 13:01:29 [scheduling-1] DEBUG o.apache.camel.reifier.RouteReifier - RoutePolicy is enabled: com.middleware.backend.policy.LoggingRoutePolicy@3d99247b on route: HealthCenter-mapping
2026-02-25 13:01:29 [scheduling-1] DEBUG o.a.c.i.e.InternalRouteStartupManager - Warming up route id: HealthCenter-mapping having autoStartup=true
2026-02-25 13:01:29 [scheduling-1] DEBUG o.a.camel.support.DefaultComponent - Creating endpoint uri=[servlet:///HealthCenter?httpMethodRestrict=GET], path=[/HealthCenter]
2026-02-25 13:01:29 [scheduling-1] DEBUG o.a.c.i.engine.AbstractCamelContext - servlet:///HealthCenter?httpMethodRestrict=GET converted to endpoint: servlet:/HealthCenter?httpMethodRestrict=GET by component: org.apache.camel.component.servlet.ServletComponent@7a7b5242
2026-02-25 13:01:29 [scheduling-1] INFO  c.m.IntegrationMappingEndpoint - Creating IntegrationMappingProducer for endpoint: integrationmapping://null?code=default with mapping: null
2026-02-25 13:01:29 [scheduling-1] DEBUG o.a.camel.support.DefaultProducer - Starting producer: Producer[integrationmapping://null?code=default]
2026-02-25 13:01:29 [scheduling-1] DEBUG o.a.c.i.e.InternalRouteStartupManager - Route: HealthCenter-mapping >>> Route[rest://get:/HealthCenter -> null]
2026-02-25 13:01:29 [scheduling-1] DEBUG o.a.c.i.e.InternalRouteStartupManager - Starting consumer (order: 1010) on route: HealthCenter-mapping
2026-02-25 13:01:29 [scheduling-1] DEBUG o.a.camel.support.DefaultConsumer - Build consumer: Consumer[servlet:/HealthCenter?httpMethodRestrict=GET]
2026-02-25 13:01:29 [scheduling-1] DEBUG o.a.camel.support.DefaultConsumer - Init consumer: Consumer[servlet:/HealthCenter?httpMethodRestrict=GET]
2026-02-25 13:01:29 [scheduling-1] DEBUG o.a.camel.support.DefaultConsumer - Starting consumer: Consumer[servlet:/HealthCenter?httpMethodRestrict=GET]
2026-02-25 13:01:29 [scheduling-1] DEBUG o.a.c.h.common.DefaultHttpRegistry - Registering consumer for path /HealthCenter providers present: 1
2026-02-25 13:01:29 [scheduling-1] DEBUG o.a.c.c.s.CamelHttpTransportServlet - Connecting consumer: Consumer[servlet:/HealthCenter?httpMethodRestrict=GET]
2026-02-25 13:01:29 [scheduling-1] DEBUG o.a.c.i.e.InternalRouteStartupManager - Route: HealthCenter-mapping started and consuming from: servlet:/HealthCenter
2026-02-25 13:01:29 [scheduling-1] DEBUG o.a.c.i.e.InternalRouteStartupManager - Warming up route id: HealthCenter-mapping having autoStartup=true
2026-02-25 13:01:29 [scheduling-1] DEBUG o.a.c.i.e.InternalRouteStartupManager - Route: HealthCenter-mapping >>> Route[rest://get:/HealthCenter -> null]
2026-02-25 13:01:29 [scheduling-1] DEBUG o.a.c.i.e.InternalRouteStartupManager - Starting consumer (order: 1011) on route: HealthCenter-mapping
2026-02-25 13:01:29 [scheduling-1] DEBUG o.a.c.i.e.InternalRouteStartupManager - Route: HealthCenter-mapping started and consuming from: servlet:/HealthCenter
2026-02-25 13:01:29 [scheduling-1] INFO  c.m.b.k.service.DynamicRouteService - Re-added route HealthCenter-mapping to context (DB says active)
2026-02-25 13:01:29 [RMI TCP Connection(3)-192.168.88.8] WARN  o.s.b.a.mail.MailHealthIndicator - Mail health check failed
jakarta.mail.AuthenticationFailedException: 535-5.7.8 Username and Password not accepted. For more information, go to
535 5.7.8  https://support.google.com/mail/?p=BadCredentials ffacd0b85a97d-43970d3fdd0sm32371189f8f.19 - gsmtp

	at org.eclipse.angus.mail.smtp.SMTPTransport$Authenticator.authenticate(SMTPTransport.java:954)
	at org.eclipse.angus.mail.smtp.SMTPTransport.authenticate(SMTPTransport.java:865)
	at org.eclipse.angus.mail.smtp.SMTPTransport.protocolConnect(SMTPTransport.java:769)
	at jakarta.mail.Service.connect(Service.java:342)
	at org.springframework.mail.javamail.JavaMailSenderImpl.connectTransport(JavaMailSenderImpl.java:480)
	at org.springframework.mail.javamail.JavaMailSenderImpl.testConnection(JavaMailSenderImpl.java:360)
	at org.springframework.boot.actuate.mail.MailHealthIndicator.doHealthCheck(MailHealthIndicator.java:52)
	at org.springframework.boot.actuate.health.AbstractHealthIndicator.health(AbstractHealthIndicator.java:82)
	at org.springframework.boot.actuate.health.HealthIndicator.getHealth(HealthIndicator.java:37)
	at org.springframework.boot.actuate.health.HealthEndpoint.getHealth(HealthEndpoint.java:82)
	at org.springframework.boot.actuate.health.HealthEndpoint.getHealth(HealthEndpoint.java:41)
	at org.springframework.boot.actuate.health.HealthEndpointSupport.getLoggedHealth(HealthEndpointSupport.java:172)
	at org.springframework.boot.actuate.health.HealthEndpointSupport.getContribution(HealthEndpointSupport.java:145)
	at org.springframework.boot.actuate.health.HealthEndpointSupport.getAggregateContribution(HealthEndpointSupport.java:156)
	at org.springframework.boot.actuate.health.HealthEndpointSupport.getContribution(HealthEndpointSupport.java:141)
	at org.springframework.boot.actuate.health.HealthEndpointSupport.getHealth(HealthEndpointSupport.java:110)
	at org.springframework.boot.actuate.health.HealthEndpointSupport.getHealth(HealthEndpointSupport.java:81)
	at org.springframework.boot.actuate.health.HealthEndpoint.health(HealthEndpoint.java:76)
	at org.springframework.boot.actuate.health.HealthEndpoint.health(HealthEndpoint.java:66)
	at java.base/jdk.internal.reflect.DirectMethodHandleAccessor.invoke(DirectMethodHandleAccessor.java:103)
	at java.base/java.lang.reflect.Method.invoke(Method.java:580)
	at org.springframework.util.ReflectionUtils.invokeMethod(ReflectionUtils.java:281)
	at org.springframework.boot.actuate.endpoint.invoke.reflect.ReflectiveOperationInvoker.invoke(ReflectiveOperationInvoker.java:74)
	at org.springframework.boot.actuate.endpoint.annotation.AbstractDiscoveredOperation.invoke(AbstractDiscoveredOperation.java:60)
	at org.springframework.boot.actuate.endpoint.jmx.EndpointMBean.invoke(EndpointMBean.java:124)
	at org.springframework.boot.actuate.endpoint.jmx.EndpointMBean.invoke(EndpointMBean.java:97)
	at java.management/com.sun.jmx.interceptor.DefaultMBeanServerInterceptor.invoke(DefaultMBeanServerInterceptor.java:803)
	at java.management/com.sun.jmx.mbeanserver.JmxMBeanServer.invoke(JmxMBeanServer.java:802)
	at java.management.rmi/javax.management.remote.rmi.RMIConnectionImpl.doOperation(RMIConnectionImpl.java:1472)
	at java.management.rmi/javax.management.remote.rmi.RMIConnectionImpl$PrivilegedOperation.run(RMIConnectionImpl.java:1310)
	at java.management.rmi/javax.management.remote.rmi.RMIConnectionImpl.doPrivilegedOperation(RMIConnectionImpl.java:1405)
	at java.management.rmi/javax.management.remote.rmi.RMIConnectionImpl.invoke(RMIConnectionImpl.java:829)
	at java.base/jdk.internal.reflect.DirectMethodHandleAccessor.invoke(DirectMethodHandleAccessor.java:103)
	at java.base/java.lang.reflect.Method.invoke(Method.java:580)
	at java.rmi/sun.rmi.server.UnicastServerRef.dispatch(UnicastServerRef.java:360)
	at java.rmi/sun.rmi.transport.Transport$1.run(Transport.java:200)
	at java.rmi/sun.rmi.transport.Transport$1.run(Transport.java:197)
	at java.base/java.security.AccessController.doPrivileged(AccessController.java:714)
	at java.rmi/sun.rmi.transport.Transport.serviceCall(Transport.java:196)
	at java.rmi/sun.rmi.transport.tcp.TCPTransport.handleMessages(TCPTransport.java:598)
	at java.rmi/sun.rmi.transport.tcp.TCPTransport$ConnectionHandler.run0(TCPTransport.java:844)
	at java.rmi/sun.rmi.transport.tcp.TCPTransport$ConnectionHandler.lambda$run$0(TCPTransport.java:721)
	at java.base/java.security.AccessController.doPrivileged(AccessController.java:400)
	at java.rmi/sun.rmi.transport.tcp.TCPTransport$ConnectionHandler.run(TCPTransport.java:720)
	at java.base/java.util.concurrent.ThreadPoolExecutor.runWorker(ThreadPoolExecutor.java:1144)
	at java.base/java.util.concurrent.ThreadPoolExecutor$Worker.run(ThreadPoolExecutor.java:642)
	at java.base/java.lang.Thread.run(Thread.java:1575)
2026-02-25 13:01:29 [scheduling-1] DEBUG o.a.c.i.engine.AbstractCamelContext - Adding route configurations from builder: Routes: []
2026-02-25 13:01:29 [scheduling-1] DEBUG o.a.c.i.engine.AbstractCamelContext - Adding routes from builder: Routes: []
2026-02-25 13:01:29 [scheduling-1] DEBUG o.a.c.i.e.DefaultUriFactoryResolver - Found EndpointUriFactory: integratedSystem via type: com.middleware.IntegratedSystemEndpointUriFactory via: META-INF/services/org/apache/camel/urifactory/integratedSystem
2026-02-25 13:01:29 [scheduling-1] DEBUG o.a.c.i.e.DefaultUriFactoryResolver - Found EndpointUriFactory: https via type: org.apache.camel.component.http.HttpEndpointUriFactory via: META-INF/services/org/apache/camel/urifactory/https
2026-02-25 13:01:29 [scheduling-1] DEBUG o.a.c.i.e.DefaultUriFactoryResolver - Found EndpointUriFactory: rest via type: org.apache.camel.component.rest.RestEndpointUriFactory via: META-INF/services/org/apache/camel/urifactory/rest
2026-02-25 13:01:29 [scheduling-1] DEBUG o.a.camel.support.DefaultComponent - Creating endpoint uri=[rest://get:/api/hello], path=[get:/api/hello]
2026-02-25 13:01:29 [scheduling-1] DEBUG o.a.c.i.engine.AbstractCamelContext - rest://get:/api/hello converted to endpoint: rest://get:/api/hello by component: org.apache.camel.component.rest.RestComponent@5f99a912
2026-02-25 13:01:29 [scheduling-1] DEBUG o.a.camel.support.DefaultComponent - Creating endpoint uri=[integratedSystem://null?code=DHIS2.DWH], path=[null]
2026-02-25 13:01:29 [scheduling-1] INFO  c.m.IntegratedSystemComponent - Created IntegratedSystemEndpoint for URI: integratedSystem://null?code=DHIS2.DWH
2026-02-25 13:01:29 [scheduling-1] DEBUG o.a.c.i.engine.AbstractCamelContext - integratedSystem://null?code=DHIS2.DWH converted to endpoint: integratedSystem://null?code=DHIS2.DWH by component: com.middleware.IntegratedSystemComponent@2ddc938a
2026-02-25 13:01:29 [scheduling-1] DEBUG o.a.camel.support.DefaultComponent - Creating endpoint uri=[https://hmis-dev.moh.gov.jo/dwh/api/system/info?bridgeEndpoint=true], path=[hmis-dev.moh.gov.jo/dwh/api/system/info]
2026-02-25 13:01:29 [scheduling-1] DEBUG o.a.c.component.http.HttpComponent - Creating endpoint uri https://hmis-dev.moh.gov.jo/dwh/api/system/info?bridgeEndpoint=true
2026-02-25 13:01:29 [scheduling-1] DEBUG o.a.c.component.http.HttpComponent - Created ClientConnectionManager org.apache.hc.client5.http.impl.io.PoolingHttpClientConnectionManager@42d19db1
2026-02-25 13:01:29 [scheduling-1] DEBUG o.a.c.i.engine.AbstractCamelContext - https://hmis-dev.moh.gov.jo/dwh/api/system/info?bridgeEndpoint=true converted to endpoint: https://hmis-dev.moh.gov.jo/dwh/api/system/info?bridgeEndpoint=true by component: org.apache.camel.component.http.HttpComponent@31c29638
2026-02-25 13:01:29 [scheduling-1] DEBUG o.a.c.i.engine.AbstractCamelContext - Resolving language: simple
2026-02-25 13:01:29 [scheduling-1] DEBUG o.apache.camel.reifier.RouteReifier - RoutePolicy is enabled: com.middleware.backend.policy.LoggingRoutePolicy@20e3d586 on route: my-new-route
2026-02-25 13:01:29 [scheduling-1] DEBUG o.a.c.i.e.InternalRouteStartupManager - Warming up route id: my-new-route having autoStartup=true
2026-02-25 13:01:29 [scheduling-1] DEBUG o.a.camel.support.DefaultComponent - Creating endpoint uri=[servlet:///api/hello?httpMethodRestrict=GET], path=[/api/hello]
2026-02-25 13:01:29 [scheduling-1] DEBUG o.a.c.i.engine.AbstractCamelContext - servlet:///api/hello?httpMethodRestrict=GET converted to endpoint: servlet:/api/hello?httpMethodRestrict=GET by component: org.apache.camel.component.servlet.ServletComponent@7a7b5242
2026-02-25 13:01:29 [scheduling-1] DEBUG o.a.camel.support.DefaultProducer - Starting producer: Producer[integratedSystem://null?code=DHIS2.DWH]
2026-02-25 13:01:29 [scheduling-1] DEBUG o.a.c.component.http.HttpEndpoint - Setup the HttpClientBuilder org.apache.hc.client5.http.impl.classic.HttpClientBuilder@22483cc0
2026-02-25 13:01:29 [scheduling-1] DEBUG o.a.camel.support.DefaultProducer - Starting producer: Producer[https://hmis-dev.moh.gov.jo/dwh/api/system/info?bridgeEndpoint=true]
2026-02-25 13:01:29 [scheduling-1] DEBUG o.a.camel.support.DefaultProducer - Starting producer: Producer[log://InfoLogger]
2026-02-25 13:01:29 [scheduling-1] DEBUG o.a.c.i.e.InternalRouteStartupManager - Route: my-new-route >>> Route[rest://get:/api/hello -> null]
2026-02-25 13:01:29 [scheduling-1] DEBUG o.a.c.i.e.InternalRouteStartupManager - Starting consumer (order: 1012) on route: my-new-route
2026-02-25 13:01:29 [scheduling-1] DEBUG o.a.camel.support.DefaultConsumer - Build consumer: Consumer[servlet:/api/hello?httpMethodRestrict=GET]
2026-02-25 13:01:29 [scheduling-1] DEBUG o.a.camel.support.DefaultConsumer - Init consumer: Consumer[servlet:/api/hello?httpMethodRestrict=GET]
2026-02-25 13:01:29 [scheduling-1] DEBUG o.a.camel.support.DefaultConsumer - Starting consumer: Consumer[servlet:/api/hello?httpMethodRestrict=GET]
2026-02-25 13:01:29 [scheduling-1] DEBUG o.a.c.h.common.DefaultHttpRegistry - Registering consumer for path /api/hello providers present: 1
2026-02-25 13:01:29 [scheduling-1] DEBUG o.a.c.c.s.CamelHttpTransportServlet - Connecting consumer: Consumer[servlet:/api/hello?httpMethodRestrict=GET]
2026-02-25 13:01:29 [scheduling-1] DEBUG o.a.c.i.e.InternalRouteStartupManager - Route: my-new-route started and consuming from: servlet:/api/hello
2026-02-25 13:01:29 [scheduling-1] DEBUG o.a.c.i.e.InternalRouteStartupManager - Warming up route id: my-new-route having autoStartup=true
2026-02-25 13:01:29 [scheduling-1] DEBUG o.a.c.i.e.InternalRouteStartupManager - Route: my-new-route >>> Route[rest://get:/api/hello -> null]
2026-02-25 13:01:29 [scheduling-1] DEBUG o.a.c.i.e.InternalRouteStartupManager - Starting consumer (order: 1013) on route: my-new-route
2026-02-25 13:01:29 [scheduling-1] DEBUG o.a.c.i.e.InternalRouteStartupManager - Route: my-new-route started and consuming from: servlet:/api/hello
2026-02-25 13:01:29 [scheduling-1] INFO  c.m.b.k.service.DynamicRouteService - Re-added route my-new-route to context (DB says active)
2026-02-25 13:01:29 [scheduling-1] DEBUG o.a.c.i.engine.AbstractCamelContext - Adding route configurations from builder: Routes: []
2026-02-25 13:01:29 [scheduling-1] DEBUG o.a.c.i.engine.AbstractCamelContext - Adding routes from builder: Routes: []
2026-02-25 13:01:29 [scheduling-1] DEBUG o.a.c.i.e.DefaultUriFactoryResolver - Found EndpointUriFactory: integrationmapping via type: com.middleware.IntegrationMappingEndpointUriFactory via: META-INF/services/org/apache/camel/urifactory/integrationmapping
2026-02-25 13:01:29 [scheduling-1] DEBUG o.a.c.i.e.DefaultUriFactoryResolver - Found EndpointUriFactory: rest via type: org.apache.camel.component.rest.RestEndpointUriFactory via: META-INF/services/org/apache/camel/urifactory/rest
2026-02-25 13:01:29 [scheduling-1] DEBUG o.a.camel.support.DefaultComponent - Creating endpoint uri=[rest://get:/v1/hospitales], path=[get:/v1/hospitales]
2026-02-25 13:01:29 [scheduling-1] DEBUG o.a.c.i.engine.AbstractCamelContext - rest://get:/v1/hospitales converted to endpoint: rest://get:/v1/hospitales by component: org.apache.camel.component.rest.RestComponent@5f99a912
2026-02-25 13:01:29 [scheduling-1] DEBUG o.apache.camel.reifier.RouteReifier - RoutePolicy is enabled: com.middleware.backend.policy.LoggingRoutePolicy@2fea7acb on route: Hospital_HealthMap_Mappin
2026-02-25 13:01:29 [scheduling-1] DEBUG o.a.c.i.e.InternalRouteStartupManager - Warming up route id: Hospital_HealthMap_Mappin having autoStartup=true
2026-02-25 13:01:29 [scheduling-1] DEBUG o.a.camel.support.DefaultComponent - Creating endpoint uri=[servlet:///v1/hospitales?httpMethodRestrict=GET], path=[/v1/hospitales]
2026-02-25 13:01:29 [scheduling-1] DEBUG o.a.c.i.engine.AbstractCamelContext - servlet:///v1/hospitales?httpMethodRestrict=GET converted to endpoint: servlet:/v1/hospitales?httpMethodRestrict=GET by component: org.apache.camel.component.servlet.ServletComponent@7a7b5242
2026-02-25 13:01:29 [scheduling-1] INFO  c.m.IntegrationMappingEndpoint - Creating IntegrationMappingProducer for endpoint: integrationmapping://null?code=default with mapping: null
2026-02-25 13:01:29 [scheduling-1] DEBUG o.a.camel.support.DefaultProducer - Starting producer: Producer[integrationmapping://null?code=default]
2026-02-25 13:01:29 [scheduling-1] DEBUG o.a.c.i.e.InternalRouteStartupManager - Route: Hospital_HealthMap_Mappin >>> Route[rest://get:/v1/hospitales -> null]
2026-02-25 13:01:29 [scheduling-1] DEBUG o.a.c.i.e.InternalRouteStartupManager - Starting consumer (order: 1014) on route: Hospital_HealthMap_Mappin
2026-02-25 13:01:29 [scheduling-1] DEBUG o.a.camel.support.DefaultConsumer - Build consumer: Consumer[servlet:/v1/hospitales?httpMethodRestrict=GET]
2026-02-25 13:01:29 [scheduling-1] DEBUG o.a.camel.support.DefaultConsumer - Init consumer: Consumer[servlet:/v1/hospitales?httpMethodRestrict=GET]
2026-02-25 13:01:29 [scheduling-1] DEBUG o.a.camel.support.DefaultConsumer - Starting consumer: Consumer[servlet:/v1/hospitales?httpMethodRestrict=GET]
2026-02-25 13:01:29 [scheduling-1] DEBUG o.a.c.h.common.DefaultHttpRegistry - Registering consumer for path /v1/hospitales providers present: 1
2026-02-25 13:01:29 [scheduling-1] DEBUG o.a.c.c.s.CamelHttpTransportServlet - Connecting consumer: Consumer[servlet:/v1/hospitales?httpMethodRestrict=GET]
2026-02-25 13:01:29 [scheduling-1] DEBUG o.a.c.i.e.InternalRouteStartupManager - Route: Hospital_HealthMap_Mappin started and consuming from: servlet:/v1/hospitales
2026-02-25 13:01:29 [scheduling-1] DEBUG o.a.c.i.e.InternalRouteStartupManager - Warming up route id: Hospital_HealthMap_Mappin having autoStartup=true
2026-02-25 13:01:29 [scheduling-1] DEBUG o.a.c.i.e.InternalRouteStartupManager - Route: Hospital_HealthMap_Mappin >>> Route[rest://get:/v1/hospitales -> null]
2026-02-25 13:01:29 [scheduling-1] DEBUG o.a.c.i.e.InternalRouteStartupManager - Starting consumer (order: 1015) on route: Hospital_HealthMap_Mappin
2026-02-25 13:01:29 [scheduling-1] DEBUG o.a.c.i.e.InternalRouteStartupManager - Route: Hospital_HealthMap_Mappin started and consuming from: servlet:/v1/hospitales
2026-02-25 13:01:29 [scheduling-1] INFO  c.m.b.k.service.DynamicRouteService - Re-added route Hospital_HealthMap_Mappin to context (DB says active)
2026-02-25 13:01:29 [scheduling-1] DEBUG o.a.c.i.engine.AbstractCamelContext - Adding route configurations from builder: Routes: []
2026-02-25 13:01:29 [scheduling-1] DEBUG o.a.c.i.engine.AbstractCamelContext - Adding routes from builder: Routes: []
2026-02-25 13:01:29 [scheduling-1] DEBUG o.a.c.i.e.DefaultUriFactoryResolver - Found EndpointUriFactory: integratedSystem via type: com.middleware.IntegratedSystemEndpointUriFactory via: META-INF/services/org/apache/camel/urifactory/integratedSystem
2026-02-25 13:01:29 [scheduling-1] DEBUG o.a.c.i.e.DefaultUriFactoryResolver - Found EndpointUriFactory: servlet via type: org.apache.camel.component.servlet.ServletEndpointUriFactory via: META-INF/services/org/apache/camel/urifactory/servlet
2026-02-25 13:01:29 [scheduling-1] DEBUG o.a.camel.support.DefaultComponent - Creating endpoint uri=[servlet:///v1/datasets?httpMethodRestrict=POST], path=[/v1/datasets]
2026-02-25 13:01:29 [scheduling-1] DEBUG o.a.c.i.engine.AbstractCamelContext - servlet:///v1/datasets?httpMethodRestrict=POST converted to endpoint: servlet:/v1/datasets?httpMethodRestrict=POST by component: org.apache.camel.component.servlet.ServletComponent@7a7b5242
2026-02-25 13:01:29 [scheduling-1] DEBUG o.apache.camel.reifier.RouteReifier - RoutePolicy is enabled: com.middleware.backend.policy.LoggingRoutePolicy@43f7d7ec on route: dhis2-upload-csv
2026-02-25 13:01:29 [scheduling-1] DEBUG o.a.c.i.e.InternalRouteStartupManager - Warming up route id: dhis2-upload-csv having autoStartup=true
2026-02-25 13:01:29 [scheduling-1] DEBUG o.a.camel.support.DefaultProducer - Starting producer: Producer[integratedSystem://null?code=DHIS2.STABLE]
2026-02-25 13:01:29 [scheduling-1] DEBUG o.a.c.i.e.InternalRouteStartupManager - Route: dhis2-upload-csv >>> Route[servlet:/v1/datasets?httpMethodRestrict=POST -> null]
2026-02-25 13:01:29 [scheduling-1] DEBUG o.a.c.i.e.InternalRouteStartupManager - Starting consumer (order: 1016) on route: dhis2-upload-csv
2026-02-25 13:01:29 [scheduling-1] DEBUG o.a.camel.support.DefaultConsumer - Build consumer: Consumer[servlet:/v1/datasets?httpMethodRestrict=POST]
2026-02-25 13:01:29 [scheduling-1] DEBUG o.a.camel.support.DefaultConsumer - Init consumer: Consumer[servlet:/v1/datasets?httpMethodRestrict=POST]
2026-02-25 13:01:29 [scheduling-1] DEBUG o.a.camel.support.DefaultConsumer - Starting consumer: Consumer[servlet:/v1/datasets?httpMethodRestrict=POST]
2026-02-25 13:01:29 [scheduling-1] DEBUG o.a.c.h.common.DefaultHttpRegistry - Registering consumer for path /v1/datasets providers present: 1
2026-02-25 13:01:29 [scheduling-1] DEBUG o.a.c.c.s.CamelHttpTransportServlet - Connecting consumer: Consumer[servlet:/v1/datasets?httpMethodRestrict=POST]
2026-02-25 13:01:29 [scheduling-1] DEBUG o.a.c.i.e.InternalRouteStartupManager - Route: dhis2-upload-csv started and consuming from: servlet:/v1/datasets
2026-02-25 13:01:29 [scheduling-1] DEBUG o.a.c.i.e.InternalRouteStartupManager - Warming up route id: dhis2-upload-csv having autoStartup=true
2026-02-25 13:01:29 [scheduling-1] DEBUG o.a.c.i.e.InternalRouteStartupManager - Route: dhis2-upload-csv >>> Route[servlet:/v1/datasets?httpMethodRestrict=POST -> null]
2026-02-25 13:01:29 [scheduling-1] DEBUG o.a.c.i.e.InternalRouteStartupManager - Starting consumer (order: 1017) on route: dhis2-upload-csv
2026-02-25 13:01:29 [scheduling-1] DEBUG o.a.c.i.e.InternalRouteStartupManager - Route: dhis2-upload-csv started and consuming from: servlet:/v1/datasets
2026-02-25 13:01:29 [scheduling-1] INFO  c.m.b.k.service.DynamicRouteService - Re-added route dhis2-upload-csv to context (DB says active)
2026-02-25 13:01:29 [scheduling-1] DEBUG o.a.c.i.engine.AbstractCamelContext - Adding route configurations from builder: Routes: []
2026-02-25 13:01:29 [scheduling-1] DEBUG o.a.c.i.engine.AbstractCamelContext - Adding routes from builder: Routes: []
2026-02-25 13:01:29 [scheduling-1] DEBUG o.a.c.i.e.DefaultUriFactoryResolver - Found EndpointUriFactory: servlet via type: org.apache.camel.component.servlet.ServletEndpointUriFactory via: META-INF/services/org/apache/camel/urifactory/servlet
2026-02-25 13:01:29 [scheduling-1] DEBUG o.a.camel.support.DefaultComponent - Creating endpoint uri=[servlet:///todos/*?httpMethodRestrict=GET], path=[/todos/*]
2026-02-25 13:01:29 [scheduling-1] DEBUG o.a.c.i.engine.AbstractCamelContext - servlet:///todos/*?httpMethodRestrict=GET converted to endpoint: servlet:/todos/*?httpMethodRestrict=GET by component: org.apache.camel.component.servlet.ServletComponent@7a7b5242
2026-02-25 13:01:29 [scheduling-1] DEBUG o.a.c.i.engine.AbstractCamelContext - Resolving language: simple
2026-02-25 13:01:29 [scheduling-1] DEBUG o.a.c.i.engine.AbstractCamelContext - Resolving language: bean
2026-02-25 13:01:29 [scheduling-1] DEBUG o.a.c.i.engine.AbstractCamelContext - Resolving language: constant
2026-02-25 13:01:29 [scheduling-1] DEBUG o.a.c.i.engine.AbstractCamelContext - Resolving language: constant
2026-02-25 13:01:29 [scheduling-1] DEBUG o.a.c.i.engine.AbstractCamelContext - Resolving language: constant
2026-02-25 13:01:29 [scheduling-1] DEBUG o.a.c.i.engine.AbstractCamelContext - Resolving language: simple
2026-02-25 13:01:29 [scheduling-1] DEBUG o.apache.camel.reifier.RouteReifier - RoutePolicy is enabled: com.middleware.backend.policy.LoggingRoutePolicy@16089406 on route: get-todo
2026-02-25 13:01:29 [scheduling-1] DEBUG o.a.c.i.e.InternalRouteStartupManager - Warming up route id: get-todo having autoStartup=true
2026-02-25 13:01:29 [scheduling-1] DEBUG o.a.c.p.SendDynamicAwareResolver - Found SendDynamicAware: org.apache.camel.component.http.HttpSendDynamicAware via: META-INF/services/org/apache/camel/send-dynamic/https
2026-02-25 13:01:29 [scheduling-1] DEBUG o.a.c.processor.SendDynamicProcessor - Detected SendDynamicAware component: https optimising toD: https://jsonplaceholder.typicode.com/todos/${header.id}?bridgeEndpoint=true&throwExceptionOnFailure=false
2026-02-25 13:01:29 [scheduling-1] DEBUG o.a.c.i.e.DefaultUriFactoryResolver - Found EndpointUriFactory: https via type: org.apache.camel.component.http.HttpEndpointUriFactory via: META-INF/services/org/apache/camel/urifactory/https
2026-02-25 13:01:29 [scheduling-1] DEBUG o.a.c.processor.SendDynamicProcessor - DynamicSendTo toD2 using ProducerCache with cacheSize=0
2026-02-25 13:01:29 [scheduling-1] DEBUG o.a.c.i.e.InternalRouteStartupManager - Route: get-todo >>> Route[servlet:/todos/*?httpMethodRestrict=GET -> null]
2026-02-25 13:01:29 [scheduling-1] DEBUG o.a.c.i.e.InternalRouteStartupManager - Starting consumer (order: 1018) on route: get-todo
2026-02-25 13:01:29 [scheduling-1] DEBUG o.a.camel.support.DefaultConsumer - Build consumer: Consumer[servlet:/todos/*?httpMethodRestrict=GET]
2026-02-25 13:01:29 [scheduling-1] DEBUG o.a.camel.support.DefaultConsumer - Init consumer: Consumer[servlet:/todos/*?httpMethodRestrict=GET]
2026-02-25 13:01:29 [scheduling-1] DEBUG o.a.camel.support.DefaultConsumer - Starting consumer: Consumer[servlet:/todos/*?httpMethodRestrict=GET]
2026-02-25 13:01:29 [scheduling-1] DEBUG o.a.c.h.common.DefaultHttpRegistry - Registering consumer for path /todos/* providers present: 1
2026-02-25 13:01:29 [scheduling-1] DEBUG o.a.c.c.s.CamelHttpTransportServlet - Connecting consumer: Consumer[servlet:/todos/*?httpMethodRestrict=GET]
2026-02-25 13:01:29 [scheduling-1] DEBUG o.a.c.i.e.InternalRouteStartupManager - Route: get-todo started and consuming from: servlet:/todos/*
2026-02-25 13:01:29 [scheduling-1] DEBUG o.a.c.i.e.InternalRouteStartupManager - Warming up route id: get-todo having autoStartup=true
2026-02-25 13:01:29 [scheduling-1] DEBUG o.a.c.i.e.InternalRouteStartupManager - Route: get-todo >>> Route[servlet:/todos/*?httpMethodRestrict=GET -> null]
2026-02-25 13:01:29 [scheduling-1] DEBUG o.a.c.i.e.InternalRouteStartupManager - Starting consumer (order: 1019) on route: get-todo
2026-02-25 13:01:29 [scheduling-1] DEBUG o.a.c.i.e.InternalRouteStartupManager - Route: get-todo started and consuming from: servlet:/todos/*
2026-02-25 13:01:29 [scheduling-1] INFO  c.m.b.k.service.DynamicRouteService - Re-added route get-todo to context (DB says active)
2026-02-25 13:01:29 [scheduling-1] INFO  c.m.b.k.service.DynamicRouteService - Completed route status sync
2026-02-25 13:01:55 [scheduling-1] INFO  c.m.b.k.service.DynamicRouteService - Starting route status sync with Camel context
2026-02-25 13:01:55 [scheduling-1] INFO  c.m.b.k.service.DynamicRouteService - Completed route status sync
2026-02-25 13:02:15 [http-nio-8081-exec-1] INFO  c.m.b.k.service.DynamicRouteService - Fetching active routes with pagination
2026-02-25 13:02:15 [http-nio-8081-exec-1] INFO  c.m.b.k.service.DynamicRouteService - Fetching active routes with pagination
2026-02-25 13:02:16 [http-nio-8081-exec-1] DEBUG o.s.w.f.CommonsRequestLoggingFilter - Before request [GET /camel/v1/hospitales?transactionUUID=b8f9dc86-78c7-49a2-958c-37044718ffed&ou=OU_GROUP-uiAUT0VGb0q&pe=202601, client=0:0:0:0:0:0:0:1, user=healthmap@mail.com]
2026-02-25 13:02:16 [http-nio-8081-exec-1] INFO  c.m.b.policy.LoggingRoutePolicy - LoggingRoutePolicy.onExchangeBegin: Route [Hospital_HealthMap_Mappin] - Incoming exchange: 2EC2EBC69EFC516-0000000000000000
2026-02-25 13:02:16 [http-nio-8081-exec-1] DEBUG c.m.b.l.s.MiddlewareApiCallLogService - createTransactionSync... creating log for Route [Hospital_HealthMap_Mappin] - Exchange content: {CamelCharsetName=UTF-8}
2026-02-25 13:02:16 [http-nio-8081-exec-1] DEBUG c.m.b.l.s.MiddlewareApiCallLogService - UUID validation passed for: b8f9dc86-78c7-49a2-958c-37044718ffed
2026-02-25 13:02:16 [http-nio-8081-exec-1] DEBUG c.m.b.l.s.MiddlewareApiCallLogService - First attempt for new UUID: b8f9dc86-78c7-49a2-958c-37044718ffed
2026-02-25 13:02:16 [http-nio-8081-exec-1] INFO  c.m.b.policy.LoggingRoutePolicy - LoggingRoutePolicy.onExchangeBegin: Route [Hospital_HealthMap_Mappin] - call log created with ID 83
2026-02-25 13:02:16 [http-nio-8081-exec-1] DEBUG o.a.camel.processor.SendProcessor - >>>> integrationmapping://null?code=default Exchange[2EC2EBC69EFC516-0000000000000000]
2026-02-25 13:02:16 [http-nio-8081-exec-1] INFO  c.m.IntegrationMappingProducer - Processing Integration Mapping for routeId: Hospital_HealthMap_Mappin
2026-02-25 13:02:16 [http-nio-8081-exec-1] INFO  c.m.IntegrationMappingProducer - Built request - RouteID: Hospital_HealthMap_Mappin, pe: 202601, ou: OU_GROUP-uiAUT0VGb0q, dhis2Code: null, UUID: b8f9dc86-78c7-49a2-958c-37044718ffed
2026-02-25 13:02:16 [http-nio-8081-exec-1] INFO  c.m.b.c.IntegrationMappingConfiguration - Processing mapping for API: Hospital_HealthMap_Mappin
2026-02-25 13:02:16 [http-nio-8081-exec-1] INFO  c.m.b.k.s.MiddlewareProcessorService - Processing middleware request for Route ID: Hospital_HealthMap_Mappin with period: 202601, ou: OU_GROUP-uiAUT0VGb0q
2026-02-25 13:02:16 [http-nio-8081-exec-1] DEBUG c.m.b.k.s.MiddlewareProcessorService - Request parameters - ou: OU_GROUP-uiAUT0VGb0q, pe: 202601
2026-02-25 13:02:16 [http-nio-8081-exec-1] INFO  c.m.b.k.s.MiddlewareProcessorService - Grouped 236 mappings into 1 API calls
2026-02-25 13:02:16 [http-nio-8081-exec-1] INFO  c.m.b.k.s.MiddlewareProcessorService - Fetching org units metadata using integratedSystem: DHIS2.DWH
2026-02-25 13:02:16 [http-nio-8081-exec-1] INFO  c.m.b.k.service.Dhis2ClientService - Fetching metadata using integratedSystem: DHIS2.DWH (from metadata API)
2026-02-25 13:02:16 [http-nio-8081-exec-1] DEBUG o.s.web.client.RestTemplate - HTTP GET https://hmis-dev.moh.gov.jo/dwh/api/metadata.json?organisationUnits=true&fields=id,code,name,displayName,shortName,description,openingDate,closedDate,level,phoneNumber,email,address,url,parent%5Bid,code,name,level,parent%5Bid,code,name,level,parent%5Bid,code,name,level,parent%5Bid,code,name,level,parent%5Bid,code,name,level%5D%5D%5D%5D%5D,translations,organisationUnitGroups%5Bid,code,name%5D,lastUpdated,attributeValues%5Bvalue,attribute%5Bid,code,name%5D%5D,geometry,image%5Bid,name%5D,openingDate,closedDate,groups%5Bid,code,name%5D&outputIdScheme=CODE
2026-02-25 13:02:16 [http-nio-8081-exec-1] DEBUG o.s.web.client.RestTemplate - Accept=[text/plain, application/json, application/yaml, application/*+json, */*]
2026-02-25 13:02:19 [http-nio-8081-exec-1] DEBUG o.s.web.client.RestTemplate - Response 200 OK
2026-02-25 13:02:19 [http-nio-8081-exec-1] DEBUG o.s.web.client.RestTemplate - Reading to [java.lang.String] as "application/json;charset=UTF-8"
2026-02-25 13:02:22 [http-nio-8081-exec-1] INFO  c.m.b.k.service.Dhis2ClientService - Fetched 2200 org units from metadata API (integratedSystem: DHIS2.DWH)
2026-02-25 13:02:22 [http-nio-8081-exec-1] INFO  c.m.b.k.s.MiddlewareProcessorService - Executing call for API: Hospital_HealthMap_Mapping (ANALYTICS) using integratedSystem: DHIS2.DWH
2026-02-25 13:02:22 [http-nio-8081-exec-1] DEBUG c.m.b.k.s.MiddlewareProcessorService - API flags - useOuFromRequest: true, usePeFromRequest: true
2026-02-25 13:02:22 [http-nio-8081-exec-1] INFO  c.m.b.k.service.Dhis2ClientService - Using DHIS2 settings: integratedSystem=DHIS2.DWH, baseUrl=HTTPS://hmis-dev.moh.gov.jo/dwh
2026-02-25 13:02:22 [http-nio-8081-exec-1] DEBUG c.m.b.k.service.Dhis2ClientService - Built Analytics URL with flags (useOu=true, usePe=true): /api/analytics.json?dimension=dx:C3J9gupRpkv.f6KCBSctsKT;C3J9gupRpkv.qgikuGs16ol;jn4pQVfIaIf;mCryL70xgcR;mCryL70xgcR.n7l9dA920vy;mCryL70xgcR.koh0tliu6RV;cltmZ5EyYNs.n7l9dA920vy;cltmZ5EyYNs.koh0tliu6RV;cltmZ5EyYNs;C3J9gupRpkv.yr1cgGdONRm;C3J9gupRpkv.VzIcBH0k6lJ;M76CHdiNVTr;C3J9gupRpkv.nsIGCAXqmeo;C3J9gupRpkv.ih3CTGgn0l5;Oyxkqradre;nSubq2TDH0g.n7l9dA920vy;nSubq2TDH0g.koh0tliu6RV;nSubq2TDH0g;C3J9gupRpkv.IWjHuBbAQ6U;C3J9gupRpkv.wwP3HvY29bF;wnm7ReXX75U;G8zTi6EPGqj.n7l9dA920vy;G8zTi6EPGqj.koh0tliu6RV;G8zTi6EPGqj;xvHA0fLRcyX.n7l9dA920vy;xvHA0fLRcyX.koh0tliu6RV;xvHA0fLRcyX;C3J9gupRpkv.qRKdkvoSnNy;C3J9gupRpkv.MszHhQEFz4z;jn4pQVfIaIf;f2mdrrKvhGK.n7l9dA920vy;f2mdrrKvhGK.koh0tliu6RV;f2mdrrKvhGK;v1jIqMevb35.f6KCBSctsKT;v1jIqMevb35.qgikuGs16ol;v1jIqMevb35.yr1cgGdONRm;v1jIqMevb35.VzIcBH0k6lJ;v1jIqMevb35.IWjHuBbAQ6U;v1jIqMevb35.wwP3HvY29bF;v1jIqMevb35.nsIGCAXqmeo;v1jIqMevb35.ih3CTGgn0l5;v1jIqMevb35.qRKdkvoSnNy;v1jIqMevb35.MszHhQEFz4z;TbkEXL3zws3.f6KCBSctsKT;TbkEXL3zws3.qgikuGs16ol;TbkEXL3zws3.yr1cgGdONRm;TbkEXL3zws3.VzIcBH0k6lJ;TbkEXL3zws3.IWjHuBbAQ6U;TbkEXL3zws3.wwP3HvY29bF;TbkEXL3zws3.nsIGCAXqmeo;TbkEXL3zws3.ih3CTGgn0l5;TbkEXL3zws3.qRKdkvoSnNy;TbkEXL3zws3.MszHhQEFz4z;nsXaQk7geGa.yTb1U3ECuGF;nsXaQk7geGa.efoIG4g9arY;nsXaQk7geGa.M7dT8gVS7zy;nsXaQk7geGa.FmQ4cAywsli;nsXaQk7geGa.GJ0VvZgluAw;nsXaQk7geGa.oJQWiZkIM0k;J1Vj8d8khPd.yTb1U3ECuGF;J1Vj8d8khPd.efoIG4g9arY;J1Vj8d8khPd.M7dT8gVS7zy;J1Vj8d8khPd.FmQ4cAywsli;J1Vj8d8khPd.GJ0VvZgluAw;J1Vj8d8khPd.oJQWiZkIM0k;wqEip6Dbe3l.yTb1U3ECuGF;wqEip6Dbe3l.efoIG4g9arY;wqEip6Dbe3l.M7dT8gVS7zy;wqEip6Dbe3l.FmQ4cAywsli;wqEip6Dbe3l.GJ0VvZgluAw;wqEip6Dbe3l.oJQWiZkIM0k;jP9Grjpaqun.yTb1U3ECuGF;jP9Grjpaqun.efoIG4g9arY;jP9Grjpaqun.M7dT8gVS7zy;jP9Grjpaqun.FmQ4cAywsli;jP9Grjpaqun.GJ0VvZgluAw;jP9Grjpaqun.oJQWiZkIM0k;WLzrCuWBNnE.yTb1U3ECuGF;WLzrCuWBNnE.efoIG4g9arY;WLzrCuWBNnE.M7dT8gVS7zy;WLzrCuWBNnE.FmQ4cAywsli;WLzrCuWBNnE.GJ0VvZgluAw;WLzrCuWBNnE.oJQWiZkIM0k;CUGep0XzA3A.yTb1U3ECuGF;CUGep0XzA3A.efoIG4g9arY;CUGep0XzA3A.M7dT8gVS7zy;CUGep0XzA3A.FmQ4cAywsli;CUGep0XzA3A.GJ0VvZgluAw;CUGep0XzA3A.oJQWiZkIM0k;mHhrSasaZEk.yTb1U3ECuGF;mHhrSasaZEk.efoIG4g9arY;mHhrSasaZEk.M7dT8gVS7zy;mHhrSasaZEk.FmQ4cAywsli;mHhrSasaZEk.GJ0VvZgluAw;mHhrSasaZEk.oJQWiZkIM0k;pEO23PlwCSb.GJ0VvZgluAw;pEO23PlwCSb.yTb1U3ECuGF;pEO23PlwCSb.efoIG4g9arY;pEO23PlwCSb.M7dT8gVS7zy;pEO23PlwCSb.FmQ4cAywsli;pEO23PlwCSb.oJQWiZkIM0k;M90jcnFPAxk.yTb1U3ECuGF;M90jcnFPAxk.efoIG4g9arY;M90jcnFPAxk.M7dT8gVS7zy;M90jcnFPAxk.FmQ4cAywsli;M90jcnFPAxk.GJ0VvZgluAw;M90jcnFPAxk.oJQWiZkIM0k;QQdagPXych9.yTb1U3ECuGF;QQdagPXych9.efoIG4g9arY;QQdagPXych9.M7dT8gVS7zy;QQdagPXych9.FmQ4cAywsli;QQdagPXych9.GJ0VvZgluAw;QQdagPXych9.oJQWiZkIM0k;C9HrptUsCLz.yTb1U3ECuGF;C9HrptUsCLz.efoIG4g9arY;C9HrptUsCLz.M7dT8gVS7zy;C9HrptUsCLz.FmQ4cAywsli;C9HrptUsCLz.GJ0VvZgluAw;C9HrptUsCLz.oJQWiZkIM0k;MTS6Q2xlT3L.yTb1U3ECuGF;MTS6Q2xlT3L.efoIG4g9arY;MTS6Q2xlT3L.M7dT8gVS7zy;MTS6Q2xlT3L.FmQ4cAywsli;MTS6Q2xlT3L.GJ0VvZgluAw;MTS6Q2xlT3L.oJQWiZkIM0k;HG2yJtkPuFl.yTb1U3ECuGF;HG2yJtkPuFl.efoIG4g9arY;HG2yJtkPuFl.M7dT8gVS7zy;HG2yJtkPuFl.FmQ4cAywsli;HG2yJtkPuFl.GJ0VvZgluAw;HG2yJtkPuFl.oJQWiZkIM0k;k8y8u4reC3j.yTb1U3ECuGF;k8y8u4reC3j.efoIG4g9arY;k8y8u4reC3j.M7dT8gVS7zy;k8y8u4reC3j.FmQ4cAywsli;k8y8u4reC3j.GJ0VvZgluAw;k8y8u4reC3j.oJQWiZkIM0k;h7WZ16B0f5h;bwkaWNM5IxW;IGNjoHsBPA5;Lax7XiHZ8JW;PqpBniaM7Qw;qdGx2wXPmBu;VlUPLLmJyum;X3kIHc7slwq;Eypb9xMSAcl;Kt8FuTI6be4;XCRMCX69YKb;KKk8T1SkAXI;OvOdSwkNN7w;dDyQKZEVXfc;y4CRWblENPS;JEK6BLZSjJr;AThkRYyxfSW;shjOt7XXI6Y;tGIMo3WxNLt;M3lOaTkFa6h;BAzqwT8ahGp;UqDNOKbj06I;AdcYUWNKWVO;SX9h8BXpLCE;b33pgG2ryuO;dyDMZoNSPve;LJSFDCsBKGX;nLkYYy7UfZu;ntGnd7teBlJ;JcgaA2kYLak;x7pAx1mEDVW;Dz9YDM3B11d;TbkEXL3zws3;UkeKK3Yz0eV;HIgoCJ50qkC;H7BYxecWAWS;H7BYxecWAWS;azVbANcTyeq;QqXkYA7XAYw;CCvziA5YTie;RcEuwqgQGf4;T2FsvO0b3jy.UuRrjnhE5uq;T2FsvO0b3jy.eV4Y7v7xFa2;T2FsvO0b3jy.jBX2qee107G;T2FsvO0b3jy.vTYSOxTTCNG;SOxwBu91n8g;xLXMzfGbCvU;wtSyTdH47Yp;K4z9xEWrpom;Io29XwRiXK7;Ug8YP3YzkKk;lJQWri3Cb0V.Jx72l4NfSLz;lJQWri3Cb0V.rLmcoXtmnUM;TbuzgtCfZlN.oUBnaM0PTcd;TbuzgtCfZlN.HJDrURNyZK4;jgsCugn2BZw.HJDrURNyZK4;eQ29xBhM6bZ.HJDrURNyZK4;jgsCugn2BZw.oUBnaM0PTcd;eQ29xBhM6bZ.oUBnaM0PTcd;TbuzgtCfZlN.n7MTyanPfTh;jgsCugn2BZw.n7MTyanPfTh;eQ29xBhM6bZ.n7MTyanPfTh;TbuzgtCfZlN.ezbEKdMfHeV;jgsCugn2BZw.ezbEKdMfHeV;eQ29xBhM6bZ.ezbEKdMfHeV;pKWWsnctb4D;vSSXernIS3R&dimension=ou:OU_GROUP-uiAUT0VGb0q&dimension=pe:202601&dimension=UedUhlkhYWX:KG7l26av4v5;M0TzDNQdeju;NDWlje7qHvH;Znfg4CCkg7Z;djVrwOWyadD
2026-02-25 13:02:22 [http-nio-8081-exec-1] DEBUG o.s.web.client.RestTemplate - HTTP GET https://hmis-dev.moh.gov.jo/dwh/api/analytics.json?dimension=dx:C3J9gupRpkv.f6KCBSctsKT;C3J9gupRpkv.qgikuGs16ol;jn4pQVfIaIf;mCryL70xgcR;mCryL70xgcR.n7l9dA920vy;mCryL70xgcR.koh0tliu6RV;cltmZ5EyYNs.n7l9dA920vy;cltmZ5EyYNs.koh0tliu6RV;cltmZ5EyYNs;C3J9gupRpkv.yr1cgGdONRm;C3J9gupRpkv.VzIcBH0k6lJ;M76CHdiNVTr;C3J9gupRpkv.nsIGCAXqmeo;C3J9gupRpkv.ih3CTGgn0l5;Oyxkqradre;nSubq2TDH0g.n7l9dA920vy;nSubq2TDH0g.koh0tliu6RV;nSubq2TDH0g;C3J9gupRpkv.IWjHuBbAQ6U;C3J9gupRpkv.wwP3HvY29bF;wnm7ReXX75U;G8zTi6EPGqj.n7l9dA920vy;G8zTi6EPGqj.koh0tliu6RV;G8zTi6EPGqj;xvHA0fLRcyX.n7l9dA920vy;xvHA0fLRcyX.koh0tliu6RV;xvHA0fLRcyX;C3J9gupRpkv.qRKdkvoSnNy;C3J9gupRpkv.MszHhQEFz4z;jn4pQVfIaIf;f2mdrrKvhGK.n7l9dA920vy;f2mdrrKvhGK.koh0tliu6RV;f2mdrrKvhGK;v1jIqMevb35.f6KCBSctsKT;v1jIqMevb35.qgikuGs16ol;v1jIqMevb35.yr1cgGdONRm;v1jIqMevb35.VzIcBH0k6lJ;v1jIqMevb35.IWjHuBbAQ6U;v1jIqMevb35.wwP3HvY29bF;v1jIqMevb35.nsIGCAXqmeo;v1jIqMevb35.ih3CTGgn0l5;v1jIqMevb35.qRKdkvoSnNy;v1jIqMevb35.MszHhQEFz4z;TbkEXL3zws3.f6KCBSctsKT;TbkEXL3zws3.qgikuGs16ol;TbkEXL3zws3.yr1cgGdONRm;TbkEXL3zws3.VzIcBH0k6lJ;TbkEXL3zws3.IWjHuBbAQ6U;TbkEXL3zws3.wwP3HvY29bF;TbkEXL3zws3.nsIGCAXqmeo;TbkEXL3zws3.ih3CTGgn0l5;TbkEXL3zws3.qRKdkvoSnNy;TbkEXL3zws3.MszHhQEFz4z;nsXaQk7geGa.yTb1U3ECuGF;nsXaQk7geGa.efoIG4g9arY;nsXaQk7geGa.M7dT8gVS7zy;nsXaQk7geGa.FmQ4cAywsli;nsXaQk7geGa.GJ0VvZgluAw;nsXaQk7geGa.oJQWiZkIM0k;J1Vj8d8khPd.yTb1U3ECuGF;J1Vj8d8khPd.efoIG4g9arY;J1Vj8d8khPd.M7dT8gVS7zy;J1Vj8d8khPd.FmQ4cAywsli;J1Vj8d8khPd.GJ0VvZgluAw;J1Vj8d8khPd.oJQWiZkIM0k;wqEip6Dbe3l.yTb1U3ECuGF;wqEip6Dbe3l.efoIG4g9arY;wqEip6Dbe3l.M7dT8gVS7zy;wqEip6Dbe3l.FmQ4cAywsli;wqEip6Dbe3l.GJ0VvZgluAw;wqEip6Dbe3l.oJQWiZkIM0k;jP9Grjpaqun.yTb1U3ECuGF;jP9Grjpaqun.efoIG4g9arY;jP9Grjpaqun.M7dT8gVS7zy;jP9Grjpaqun.FmQ4cAywsli;jP9Grjpaqun.GJ0VvZgluAw;jP9Grjpaqun.oJQWiZkIM0k;WLzrCuWBNnE.yTb1U3ECuGF;WLzrCuWBNnE.efoIG4g9arY;WLzrCuWBNnE.M7dT8gVS7zy;WLzrCuWBNnE.FmQ4cAywsli;WLzrCuWBNnE.GJ0VvZgluAw;WLzrCuWBNnE.oJQWiZkIM0k;CUGep0XzA3A.yTb1U3ECuGF;CUGep0XzA3A.efoIG4g9arY;CUGep0XzA3A.M7dT8gVS7zy;CUGep0XzA3A.FmQ4cAywsli;CUGep0XzA3A.GJ0VvZgluAw;CUGep0XzA3A.oJQWiZkIM0k;mHhrSasaZEk.yTb1U3ECuGF;mHhrSasaZEk.efoIG4g9arY;mHhrSasaZEk.M7dT8gVS7zy;mHhrSasaZEk.FmQ4cAywsli;mHhrSasaZEk.GJ0VvZgluAw;mHhrSasaZEk.oJQWiZkIM0k;pEO23PlwCSb.GJ0VvZgluAw;pEO23PlwCSb.yTb1U3ECuGF;pEO23PlwCSb.efoIG4g9arY;pEO23PlwCSb.M7dT8gVS7zy;pEO23PlwCSb.FmQ4cAywsli;pEO23PlwCSb.oJQWiZkIM0k;M90jcnFPAxk.yTb1U3ECuGF;M90jcnFPAxk.efoIG4g9arY;M90jcnFPAxk.M7dT8gVS7zy;M90jcnFPAxk.FmQ4cAywsli;M90jcnFPAxk.GJ0VvZgluAw;M90jcnFPAxk.oJQWiZkIM0k;QQdagPXych9.yTb1U3ECuGF;QQdagPXych9.efoIG4g9arY;QQdagPXych9.M7dT8gVS7zy;QQdagPXych9.FmQ4cAywsli;QQdagPXych9.GJ0VvZgluAw;QQdagPXych9.oJQWiZkIM0k;C9HrptUsCLz.yTb1U3ECuGF;C9HrptUsCLz.efoIG4g9arY;C9HrptUsCLz.M7dT8gVS7zy;C9HrptUsCLz.FmQ4cAywsli;C9HrptUsCLz.GJ0VvZgluAw;C9HrptUsCLz.oJQWiZkIM0k;MTS6Q2xlT3L.yTb1U3ECuGF;MTS6Q2xlT3L.efoIG4g9arY;MTS6Q2xlT3L.M7dT8gVS7zy;MTS6Q2xlT3L.FmQ4cAywsli;MTS6Q2xlT3L.GJ0VvZgluAw;MTS6Q2xlT3L.oJQWiZkIM0k;HG2yJtkPuFl.yTb1U3ECuGF;HG2yJtkPuFl.efoIG4g9arY;HG2yJtkPuFl.M7dT8gVS7zy;HG2yJtkPuFl.FmQ4cAywsli;HG2yJtkPuFl.GJ0VvZgluAw;HG2yJtkPuFl.oJQWiZkIM0k;k8y8u4reC3j.yTb1U3ECuGF;k8y8u4reC3j.efoIG4g9arY;k8y8u4reC3j.M7dT8gVS7zy;k8y8u4reC3j.FmQ4cAywsli;k8y8u4reC3j.GJ0VvZgluAw;k8y8u4reC3j.oJQWiZkIM0k;h7WZ16B0f5h;bwkaWNM5IxW;IGNjoHsBPA5;Lax7XiHZ8JW;PqpBniaM7Qw;qdGx2wXPmBu;VlUPLLmJyum;X3kIHc7slwq;Eypb9xMSAcl;Kt8FuTI6be4;XCRMCX69YKb;KKk8T1SkAXI;OvOdSwkNN7w;dDyQKZEVXfc;y4CRWblENPS;JEK6BLZSjJr;AThkRYyxfSW;shjOt7XXI6Y;tGIMo3WxNLt;M3lOaTkFa6h;BAzqwT8ahGp;UqDNOKbj06I;AdcYUWNKWVO;SX9h8BXpLCE;b33pgG2ryuO;dyDMZoNSPve;LJSFDCsBKGX;nLkYYy7UfZu;ntGnd7teBlJ;JcgaA2kYLak;x7pAx1mEDVW;Dz9YDM3B11d;TbkEXL3zws3;UkeKK3Yz0eV;HIgoCJ50qkC;H7BYxecWAWS;H7BYxecWAWS;azVbANcTyeq;QqXkYA7XAYw;CCvziA5YTie;RcEuwqgQGf4;T2FsvO0b3jy.UuRrjnhE5uq;T2FsvO0b3jy.eV4Y7v7xFa2;T2FsvO0b3jy.jBX2qee107G;T2FsvO0b3jy.vTYSOxTTCNG;SOxwBu91n8g;xLXMzfGbCvU;wtSyTdH47Yp;K4z9xEWrpom;Io29XwRiXK7;Ug8YP3YzkKk;lJQWri3Cb0V.Jx72l4NfSLz;lJQWri3Cb0V.rLmcoXtmnUM;TbuzgtCfZlN.oUBnaM0PTcd;TbuzgtCfZlN.HJDrURNyZK4;jgsCugn2BZw.HJDrURNyZK4;eQ29xBhM6bZ.HJDrURNyZK4;jgsCugn2BZw.oUBnaM0PTcd;eQ29xBhM6bZ.oUBnaM0PTcd;TbuzgtCfZlN.n7MTyanPfTh;jgsCugn2BZw.n7MTyanPfTh;eQ29xBhM6bZ.n7MTyanPfTh;TbuzgtCfZlN.ezbEKdMfHeV;jgsCugn2BZw.ezbEKdMfHeV;eQ29xBhM6bZ.ezbEKdMfHeV;pKWWsnctb4D;vSSXernIS3R&dimension=ou:OU_GROUP-uiAUT0VGb0q&dimension=pe:202601&dimension=UedUhlkhYWX:KG7l26av4v5;M0TzDNQdeju;NDWlje7qHvH;Znfg4CCkg7Z;djVrwOWyadD
2026-02-25 13:02:22 [http-nio-8081-exec-1] DEBUG o.s.web.client.RestTemplate - Accept=[text/plain, application/json, application/yaml, application/*+json, */*]
2026-02-25 13:02:23 [http-nio-8081-exec-1] DEBUG o.s.web.client.RestTemplate - Response 200 OK
2026-02-25 13:02:23 [http-nio-8081-exec-1] DEBUG o.s.web.client.RestTemplate - Reading to [java.lang.String] as "application/json;charset=UTF-8"
2026-02-25 13:02:23 [http-nio-8081-exec-1] DEBUG c.m.b.k.service.Dhis2ClientService - Extracted 5 attribute IDs from API URL
2026-02-25 13:02:23 [http-nio-8081-exec-1] DEBUG c.m.b.k.service.Dhis2ClientService - Fetching categoryOption codes from: HTTPS://hmis-dev.moh.gov.jo/dwh/api/categoryOptions.json?filter=id:in:[NDWlje7qHvH,M0TzDNQdeju,Znfg4CCkg7Z,KG7l26av4v5,djVrwOWyadD]&fields=id,name,code&paging=false
2026-02-25 13:02:23 [http-nio-8081-exec-1] DEBUG o.s.web.client.RestTemplate - HTTP GET https://hmis-dev.moh.gov.jo/dwh/api/categoryOptions.json?filter=id:in:%5BNDWlje7qHvH,M0TzDNQdeju,Znfg4CCkg7Z,KG7l26av4v5,djVrwOWyadD%5D&fields=id,name,code&paging=false
2026-02-25 13:02:23 [http-nio-8081-exec-1] DEBUG o.s.web.client.RestTemplate - Accept=[text/plain, application/json, application/yaml, application/*+json, */*]
2026-02-25 13:02:23 [http-nio-8081-exec-1] DEBUG o.s.web.client.RestTemplate - Response 200 OK
2026-02-25 13:02:23 [http-nio-8081-exec-1] DEBUG o.s.web.client.RestTemplate - Reading to [java.lang.String] as "application/json;charset=UTF-8"
2026-02-25 13:02:23 [http-nio-8081-exec-1] INFO  c.m.b.k.service.Dhis2ClientService - Fetched 2 categoryOption codes from DHIS2 (systemCode: DHIS2.DWH)
2026-02-25 13:02:23 [http-nio-8081-exec-1] DEBUG c.m.b.k.s.MiddlewareProcessorService - Fetched 2 categoryOption codes for API: Hospital_HealthMap_Mapping
2026-02-25 13:02:23 [http-nio-8081-exec-1] INFO  c.m.b.k.s.MiddlewareProcessorService - Detected attribute dimension: UedUhlkhYWX at index 3
2026-02-25 13:02:24 [http-nio-8081-exec-1] INFO  c.m.b.k.s.MiddlewareProcessorService - Built middleware response with 122 org units
2026-02-25 13:02:24 [http-nio-8081-exec-1] INFO  c.m.b.c.IntegrationMappingConfiguration - Mapping processed successfully for API: Hospital_HealthMap_Mappin with 122 rows
2026-02-25 13:02:24 [http-nio-8081-exec-1] DEBUG o.a.c.http.common.DefaultHttpBinding - Streaming response in chunked mode with buffer size 8192
2026-02-25 13:02:24 [http-nio-8081-exec-1] DEBUG o.s.w.f.CommonsRequestLoggingFilter - After request [GET /camel/v1/hospitales?transactionUUID=b8f9dc86-78c7-49a2-958c-37044718ffed&ou=OU_GROUP-uiAUT0VGb0q&pe=202601, client=0:0:0:0:0:0:0:1, user=healthmap@mail.com, payload=
]
2026-02-25 13:02:24 [task-1] DEBUG c.m.b.l.s.MiddlewareApiCallLogService - updateTransaction... updating Route [servlet:/v1/hospitales?httpMethodRestrict=GET] - Exchange content: {transactionUUID=b8f9dc86-78c7-49a2-958c-37044718ffed, mapping.success=true, CamelCharsetName=UTF-8, mapping.status=SUCCESS, CamelToEndpoint=integrationmapping://null?code=default, apiLogId=83}
2026-02-25 13:02:24 [task-1] INFO  c.m.b.l.s.MiddlewareApiCallLogService - Transaction bbd21ef3-bd97-45f6-9efa-781b84ff6f41 for routeId: Hospital_HealthMap_Mappin updated successfully: status=COMPLETED, responseCode=200
2026-02-25 13:02:25 [scheduling-1] INFO  c.m.b.k.service.DynamicRouteService - Starting route status sync with Camel context
2026-02-25 13:02:25 [scheduling-1] INFO  c.m.b.k.service.DynamicRouteService - Completed route status sync
2026-02-25 13:02:55 [scheduling-1] INFO  c.m.b.k.service.DynamicRouteService - Starting route status sync with Camel context
2026-02-25 13:02:55 [scheduling-1] INFO  c.m.b.k.service.DynamicRouteService - Completed route status sync
2026-02-25 13:03:25 [scheduling-1] INFO  c.m.b.k.service.DynamicRouteService - Starting route status sync with Camel context
2026-02-25 13:03:25 [scheduling-1] INFO  c.m.b.k.service.DynamicRouteService - Completed route status sync
2026-02-25 13:03:42 [http-nio-8081-exec-5] INFO  c.m.b.k.service.DynamicRouteService - Fetching active routes with pagination
2026-02-25 13:03:42 [http-nio-8081-exec-5] INFO  c.m.b.k.service.DynamicRouteService - Fetching active routes with pagination
2026-02-25 13:03:43 [http-nio-8081-exec-5] DEBUG o.s.w.f.CommonsRequestLoggingFilter - Before request [GET /camel/v1/hospitales?transactionUUID=8363ccc6-176f-4644-ad08-344192c74405&ou=CI1vsTW2OMP&pe=202601, client=0:0:0:0:0:0:0:1, user=healthmap@mail.com]
2026-02-25 13:03:43 [http-nio-8081-exec-5] INFO  c.m.b.policy.LoggingRoutePolicy - LoggingRoutePolicy.onExchangeBegin: Route [Hospital_HealthMap_Mappin] - Incoming exchange: 2EC2EBC69EFC516-0000000000000001
2026-02-25 13:03:43 [http-nio-8081-exec-5] DEBUG c.m.b.l.s.MiddlewareApiCallLogService - createTransactionSync... creating log for Route [Hospital_HealthMap_Mappin] - Exchange content: {CamelCharsetName=UTF-8}
2026-02-25 13:03:43 [http-nio-8081-exec-5] DEBUG c.m.b.l.s.MiddlewareApiCallLogService - UUID validation passed for: 8363ccc6-176f-4644-ad08-344192c74405
2026-02-25 13:03:43 [http-nio-8081-exec-5] DEBUG c.m.b.l.s.MiddlewareApiCallLogService - First attempt for new UUID: 8363ccc6-176f-4644-ad08-344192c74405
2026-02-25 13:03:43 [http-nio-8081-exec-5] INFO  c.m.b.policy.LoggingRoutePolicy - LoggingRoutePolicy.onExchangeBegin: Route [Hospital_HealthMap_Mappin] - call log created with ID 84
2026-02-25 13:03:43 [http-nio-8081-exec-5] DEBUG o.a.camel.processor.SendProcessor - >>>> integrationmapping://null?code=default Exchange[2EC2EBC69EFC516-0000000000000001]
2026-02-25 13:03:43 [http-nio-8081-exec-5] INFO  c.m.IntegrationMappingProducer - Processing Integration Mapping for routeId: Hospital_HealthMap_Mappin
2026-02-25 13:03:43 [http-nio-8081-exec-5] INFO  c.m.IntegrationMappingProducer - Built request - RouteID: Hospital_HealthMap_Mappin, pe: 202601, ou: CI1vsTW2OMP, dhis2Code: null, UUID: 8363ccc6-176f-4644-ad08-344192c74405
2026-02-25 13:03:43 [http-nio-8081-exec-5] INFO  c.m.b.c.IntegrationMappingConfiguration - Processing mapping for API: Hospital_HealthMap_Mappin
2026-02-25 13:03:43 [http-nio-8081-exec-5] INFO  c.m.b.k.s.MiddlewareProcessorService - Processing middleware request for Route ID: Hospital_HealthMap_Mappin with period: 202601, ou: CI1vsTW2OMP
2026-02-25 13:03:43 [http-nio-8081-exec-5] DEBUG c.m.b.k.s.MiddlewareProcessorService - Request parameters - ou: CI1vsTW2OMP, pe: 202601
2026-02-25 13:03:43 [http-nio-8081-exec-5] INFO  c.m.b.k.s.MiddlewareProcessorService - Grouped 236 mappings into 1 API calls
2026-02-25 13:03:43 [http-nio-8081-exec-5] INFO  c.m.b.k.s.MiddlewareProcessorService - Fetching org units metadata using integratedSystem: DHIS2.DWH
2026-02-25 13:03:43 [http-nio-8081-exec-5] INFO  c.m.b.k.service.Dhis2ClientService - Fetching metadata using integratedSystem: DHIS2.DWH (from metadata API)
2026-02-25 13:03:43 [http-nio-8081-exec-5] DEBUG o.s.web.client.RestTemplate - HTTP GET https://hmis-dev.moh.gov.jo/dwh/api/metadata.json?organisationUnits=true&fields=id,code,name,displayName,shortName,description,openingDate,closedDate,level,phoneNumber,email,address,url,parent%5Bid,code,name,level,parent%5Bid,code,name,level,parent%5Bid,code,name,level,parent%5Bid,code,name,level,parent%5Bid,code,name,level%5D%5D%5D%5D%5D,translations,organisationUnitGroups%5Bid,code,name%5D,lastUpdated,attributeValues%5Bvalue,attribute%5Bid,code,name%5D%5D,geometry,image%5Bid,name%5D,openingDate,closedDate,groups%5Bid,code,name%5D&outputIdScheme=CODE
2026-02-25 13:03:43 [http-nio-8081-exec-5] DEBUG o.s.web.client.RestTemplate - Accept=[text/plain, application/json, application/yaml, application/*+json, */*]
2026-02-25 13:03:44 [http-nio-8081-exec-5] DEBUG o.s.web.client.RestTemplate - Response 200 OK
2026-02-25 13:03:44 [http-nio-8081-exec-5] DEBUG o.s.web.client.RestTemplate - Reading to [java.lang.String] as "application/json;charset=UTF-8"
2026-02-25 13:03:46 [http-nio-8081-exec-5] INFO  c.m.b.k.service.Dhis2ClientService - Fetched 2200 org units from metadata API (integratedSystem: DHIS2.DWH)
2026-02-25 13:03:46 [http-nio-8081-exec-5] INFO  c.m.b.k.s.MiddlewareProcessorService - Executing call for API: Hospital_HealthMap_Mapping (ANALYTICS) using integratedSystem: DHIS2.DWH
2026-02-25 13:03:46 [http-nio-8081-exec-5] DEBUG c.m.b.k.s.MiddlewareProcessorService - API flags - useOuFromRequest: true, usePeFromRequest: true
2026-02-25 13:03:46 [http-nio-8081-exec-5] INFO  c.m.b.k.service.Dhis2ClientService - Using DHIS2 settings: integratedSystem=DHIS2.DWH, baseUrl=HTTPS://hmis-dev.moh.gov.jo/dwh
2026-02-25 13:03:46 [http-nio-8081-exec-5] DEBUG c.m.b.k.service.Dhis2ClientService - Built Analytics URL with flags (useOu=true, usePe=true): /api/analytics.json?dimension=dx:C3J9gupRpkv.f6KCBSctsKT;C3J9gupRpkv.qgikuGs16ol;jn4pQVfIaIf;mCryL70xgcR;mCryL70xgcR.n7l9dA920vy;mCryL70xgcR.koh0tliu6RV;cltmZ5EyYNs.n7l9dA920vy;cltmZ5EyYNs.koh0tliu6RV;cltmZ5EyYNs;C3J9gupRpkv.yr1cgGdONRm;C3J9gupRpkv.VzIcBH0k6lJ;M76CHdiNVTr;C3J9gupRpkv.nsIGCAXqmeo;C3J9gupRpkv.ih3CTGgn0l5;Oyxkqradre;nSubq2TDH0g.n7l9dA920vy;nSubq2TDH0g.koh0tliu6RV;nSubq2TDH0g;C3J9gupRpkv.IWjHuBbAQ6U;C3J9gupRpkv.wwP3HvY29bF;wnm7ReXX75U;G8zTi6EPGqj.n7l9dA920vy;G8zTi6EPGqj.koh0tliu6RV;G8zTi6EPGqj;xvHA0fLRcyX.n7l9dA920vy;xvHA0fLRcyX.koh0tliu6RV;xvHA0fLRcyX;C3J9gupRpkv.qRKdkvoSnNy;C3J9gupRpkv.MszHhQEFz4z;jn4pQVfIaIf;f2mdrrKvhGK.n7l9dA920vy;f2mdrrKvhGK.koh0tliu6RV;f2mdrrKvhGK;v1jIqMevb35.f6KCBSctsKT;v1jIqMevb35.qgikuGs16ol;v1jIqMevb35.yr1cgGdONRm;v1jIqMevb35.VzIcBH0k6lJ;v1jIqMevb35.IWjHuBbAQ6U;v1jIqMevb35.wwP3HvY29bF;v1jIqMevb35.nsIGCAXqmeo;v1jIqMevb35.ih3CTGgn0l5;v1jIqMevb35.qRKdkvoSnNy;v1jIqMevb35.MszHhQEFz4z;TbkEXL3zws3.f6KCBSctsKT;TbkEXL3zws3.qgikuGs16ol;TbkEXL3zws3.yr1cgGdONRm;TbkEXL3zws3.VzIcBH0k6lJ;TbkEXL3zws3.IWjHuBbAQ6U;TbkEXL3zws3.wwP3HvY29bF;TbkEXL3zws3.nsIGCAXqmeo;TbkEXL3zws3.ih3CTGgn0l5;TbkEXL3zws3.qRKdkvoSnNy;TbkEXL3zws3.MszHhQEFz4z;nsXaQk7geGa.yTb1U3ECuGF;nsXaQk7geGa.efoIG4g9arY;nsXaQk7geGa.M7dT8gVS7zy;nsXaQk7geGa.FmQ4cAywsli;nsXaQk7geGa.GJ0VvZgluAw;nsXaQk7geGa.oJQWiZkIM0k;J1Vj8d8khPd.yTb1U3ECuGF;J1Vj8d8khPd.efoIG4g9arY;J1Vj8d8khPd.M7dT8gVS7zy;J1Vj8d8khPd.FmQ4cAywsli;J1Vj8d8khPd.GJ0VvZgluAw;J1Vj8d8khPd.oJQWiZkIM0k;wqEip6Dbe3l.yTb1U3ECuGF;wqEip6Dbe3l.efoIG4g9arY;wqEip6Dbe3l.M7dT8gVS7zy;wqEip6Dbe3l.FmQ4cAywsli;wqEip6Dbe3l.GJ0VvZgluAw;wqEip6Dbe3l.oJQWiZkIM0k;jP9Grjpaqun.yTb1U3ECuGF;jP9Grjpaqun.efoIG4g9arY;jP9Grjpaqun.M7dT8gVS7zy;jP9Grjpaqun.FmQ4cAywsli;jP9Grjpaqun.GJ0VvZgluAw;jP9Grjpaqun.oJQWiZkIM0k;WLzrCuWBNnE.yTb1U3ECuGF;WLzrCuWBNnE.efoIG4g9arY;WLzrCuWBNnE.M7dT8gVS7zy;WLzrCuWBNnE.FmQ4cAywsli;WLzrCuWBNnE.GJ0VvZgluAw;WLzrCuWBNnE.oJQWiZkIM0k;CUGep0XzA3A.yTb1U3ECuGF;CUGep0XzA3A.efoIG4g9arY;CUGep0XzA3A.M7dT8gVS7zy;CUGep0XzA3A.FmQ4cAywsli;CUGep0XzA3A.GJ0VvZgluAw;CUGep0XzA3A.oJQWiZkIM0k;mHhrSasaZEk.yTb1U3ECuGF;mHhrSasaZEk.efoIG4g9arY;mHhrSasaZEk.M7dT8gVS7zy;mHhrSasaZEk.FmQ4cAywsli;mHhrSasaZEk.GJ0VvZgluAw;mHhrSasaZEk.oJQWiZkIM0k;pEO23PlwCSb.GJ0VvZgluAw;pEO23PlwCSb.yTb1U3ECuGF;pEO23PlwCSb.efoIG4g9arY;pEO23PlwCSb.M7dT8gVS7zy;pEO23PlwCSb.FmQ4cAywsli;pEO23PlwCSb.oJQWiZkIM0k;M90jcnFPAxk.yTb1U3ECuGF;M90jcnFPAxk.efoIG4g9arY;M90jcnFPAxk.M7dT8gVS7zy;M90jcnFPAxk.FmQ4cAywsli;M90jcnFPAxk.GJ0VvZgluAw;M90jcnFPAxk.oJQWiZkIM0k;QQdagPXych9.yTb1U3ECuGF;QQdagPXych9.efoIG4g9arY;QQdagPXych9.M7dT8gVS7zy;QQdagPXych9.FmQ4cAywsli;QQdagPXych9.GJ0VvZgluAw;QQdagPXych9.oJQWiZkIM0k;C9HrptUsCLz.yTb1U3ECuGF;C9HrptUsCLz.efoIG4g9arY;C9HrptUsCLz.M7dT8gVS7zy;C9HrptUsCLz.FmQ4cAywsli;C9HrptUsCLz.GJ0VvZgluAw;C9HrptUsCLz.oJQWiZkIM0k;MTS6Q2xlT3L.yTb1U3ECuGF;MTS6Q2xlT3L.efoIG4g9arY;MTS6Q2xlT3L.M7dT8gVS7zy;MTS6Q2xlT3L.FmQ4cAywsli;MTS6Q2xlT3L.GJ0VvZgluAw;MTS6Q2xlT3L.oJQWiZkIM0k;HG2yJtkPuFl.yTb1U3ECuGF;HG2yJtkPuFl.efoIG4g9arY;HG2yJtkPuFl.M7dT8gVS7zy;HG2yJtkPuFl.FmQ4cAywsli;HG2yJtkPuFl.GJ0VvZgluAw;HG2yJtkPuFl.oJQWiZkIM0k;k8y8u4reC3j.yTb1U3ECuGF;k8y8u4reC3j.efoIG4g9arY;k8y8u4reC3j.M7dT8gVS7zy;k8y8u4reC3j.FmQ4cAywsli;k8y8u4reC3j.GJ0VvZgluAw;k8y8u4reC3j.oJQWiZkIM0k;h7WZ16B0f5h;bwkaWNM5IxW;IGNjoHsBPA5;Lax7XiHZ8JW;PqpBniaM7Qw;qdGx2wXPmBu;VlUPLLmJyum;X3kIHc7slwq;Eypb9xMSAcl;Kt8FuTI6be4;XCRMCX69YKb;KKk8T1SkAXI;OvOdSwkNN7w;dDyQKZEVXfc;y4CRWblENPS;JEK6BLZSjJr;AThkRYyxfSW;shjOt7XXI6Y;tGIMo3WxNLt;M3lOaTkFa6h;BAzqwT8ahGp;UqDNOKbj06I;AdcYUWNKWVO;SX9h8BXpLCE;b33pgG2ryuO;dyDMZoNSPve;LJSFDCsBKGX;nLkYYy7UfZu;ntGnd7teBlJ;JcgaA2kYLak;x7pAx1mEDVW;Dz9YDM3B11d;TbkEXL3zws3;UkeKK3Yz0eV;HIgoCJ50qkC;H7BYxecWAWS;H7BYxecWAWS;azVbANcTyeq;QqXkYA7XAYw;CCvziA5YTie;RcEuwqgQGf4;T2FsvO0b3jy.UuRrjnhE5uq;T2FsvO0b3jy.eV4Y7v7xFa2;T2FsvO0b3jy.jBX2qee107G;T2FsvO0b3jy.vTYSOxTTCNG;SOxwBu91n8g;xLXMzfGbCvU;wtSyTdH47Yp;K4z9xEWrpom;Io29XwRiXK7;Ug8YP3YzkKk;lJQWri3Cb0V.Jx72l4NfSLz;lJQWri3Cb0V.rLmcoXtmnUM;TbuzgtCfZlN.oUBnaM0PTcd;TbuzgtCfZlN.HJDrURNyZK4;jgsCugn2BZw.HJDrURNyZK4;eQ29xBhM6bZ.HJDrURNyZK4;jgsCugn2BZw.oUBnaM0PTcd;eQ29xBhM6bZ.oUBnaM0PTcd;TbuzgtCfZlN.n7MTyanPfTh;jgsCugn2BZw.n7MTyanPfTh;eQ29xBhM6bZ.n7MTyanPfTh;TbuzgtCfZlN.ezbEKdMfHeV;jgsCugn2BZw.ezbEKdMfHeV;eQ29xBhM6bZ.ezbEKdMfHeV;pKWWsnctb4D;vSSXernIS3R&dimension=ou:CI1vsTW2OMP&dimension=pe:202601&dimension=UedUhlkhYWX:KG7l26av4v5;M0TzDNQdeju;NDWlje7qHvH;Znfg4CCkg7Z;djVrwOWyadD
2026-02-25 13:03:46 [http-nio-8081-exec-5] DEBUG o.s.web.client.RestTemplate - HTTP GET https://hmis-dev.moh.gov.jo/dwh/api/analytics.json?dimension=dx:C3J9gupRpkv.f6KCBSctsKT;C3J9gupRpkv.qgikuGs16ol;jn4pQVfIaIf;mCryL70xgcR;mCryL70xgcR.n7l9dA920vy;mCryL70xgcR.koh0tliu6RV;cltmZ5EyYNs.n7l9dA920vy;cltmZ5EyYNs.koh0tliu6RV;cltmZ5EyYNs;C3J9gupRpkv.yr1cgGdONRm;C3J9gupRpkv.VzIcBH0k6lJ;M76CHdiNVTr;C3J9gupRpkv.nsIGCAXqmeo;C3J9gupRpkv.ih3CTGgn0l5;Oyxkqradre;nSubq2TDH0g.n7l9dA920vy;nSubq2TDH0g.koh0tliu6RV;nSubq2TDH0g;C3J9gupRpkv.IWjHuBbAQ6U;C3J9gupRpkv.wwP3HvY29bF;wnm7ReXX75U;G8zTi6EPGqj.n7l9dA920vy;G8zTi6EPGqj.koh0tliu6RV;G8zTi6EPGqj;xvHA0fLRcyX.n7l9dA920vy;xvHA0fLRcyX.koh0tliu6RV;xvHA0fLRcyX;C3J9gupRpkv.qRKdkvoSnNy;C3J9gupRpkv.MszHhQEFz4z;jn4pQVfIaIf;f2mdrrKvhGK.n7l9dA920vy;f2mdrrKvhGK.koh0tliu6RV;f2mdrrKvhGK;v1jIqMevb35.f6KCBSctsKT;v1jIqMevb35.qgikuGs16ol;v1jIqMevb35.yr1cgGdONRm;v1jIqMevb35.VzIcBH0k6lJ;v1jIqMevb35.IWjHuBbAQ6U;v1jIqMevb35.wwP3HvY29bF;v1jIqMevb35.nsIGCAXqmeo;v1jIqMevb35.ih3CTGgn0l5;v1jIqMevb35.qRKdkvoSnNy;v1jIqMevb35.MszHhQEFz4z;TbkEXL3zws3.f6KCBSctsKT;TbkEXL3zws3.qgikuGs16ol;TbkEXL3zws3.yr1cgGdONRm;TbkEXL3zws3.VzIcBH0k6lJ;TbkEXL3zws3.IWjHuBbAQ6U;TbkEXL3zws3.wwP3HvY29bF;TbkEXL3zws3.nsIGCAXqmeo;TbkEXL3zws3.ih3CTGgn0l5;TbkEXL3zws3.qRKdkvoSnNy;TbkEXL3zws3.MszHhQEFz4z;nsXaQk7geGa.yTb1U3ECuGF;nsXaQk7geGa.efoIG4g9arY;nsXaQk7geGa.M7dT8gVS7zy;nsXaQk7geGa.FmQ4cAywsli;nsXaQk7geGa.GJ0VvZgluAw;nsXaQk7geGa.oJQWiZkIM0k;J1Vj8d8khPd.yTb1U3ECuGF;J1Vj8d8khPd.efoIG4g9arY;J1Vj8d8khPd.M7dT8gVS7zy;J1Vj8d8khPd.FmQ4cAywsli;J1Vj8d8khPd.GJ0VvZgluAw;J1Vj8d8khPd.oJQWiZkIM0k;wqEip6Dbe3l.yTb1U3ECuGF;wqEip6Dbe3l.efoIG4g9arY;wqEip6Dbe3l.M7dT8gVS7zy;wqEip6Dbe3l.FmQ4cAywsli;wqEip6Dbe3l.GJ0VvZgluAw;wqEip6Dbe3l.oJQWiZkIM0k;jP9Grjpaqun.yTb1U3ECuGF;jP9Grjpaqun.efoIG4g9arY;jP9Grjpaqun.M7dT8gVS7zy;jP9Grjpaqun.FmQ4cAywsli;jP9Grjpaqun.GJ0VvZgluAw;jP9Grjpaqun.oJQWiZkIM0k;WLzrCuWBNnE.yTb1U3ECuGF;WLzrCuWBNnE.efoIG4g9arY;WLzrCuWBNnE.M7dT8gVS7zy;WLzrCuWBNnE.FmQ4cAywsli;WLzrCuWBNnE.GJ0VvZgluAw;WLzrCuWBNnE.oJQWiZkIM0k;CUGep0XzA3A.yTb1U3ECuGF;CUGep0XzA3A.efoIG4g9arY;CUGep0XzA3A.M7dT8gVS7zy;CUGep0XzA3A.FmQ4cAywsli;CUGep0XzA3A.GJ0VvZgluAw;CUGep0XzA3A.oJQWiZkIM0k;mHhrSasaZEk.yTb1U3ECuGF;mHhrSasaZEk.efoIG4g9arY;mHhrSasaZEk.M7dT8gVS7zy;mHhrSasaZEk.FmQ4cAywsli;mHhrSasaZEk.GJ0VvZgluAw;mHhrSasaZEk.oJQWiZkIM0k;pEO23PlwCSb.GJ0VvZgluAw;pEO23PlwCSb.yTb1U3ECuGF;pEO23PlwCSb.efoIG4g9arY;pEO23PlwCSb.M7dT8gVS7zy;pEO23PlwCSb.FmQ4cAywsli;pEO23PlwCSb.oJQWiZkIM0k;M90jcnFPAxk.yTb1U3ECuGF;M90jcnFPAxk.efoIG4g9arY;M90jcnFPAxk.M7dT8gVS7zy;M90jcnFPAxk.FmQ4cAywsli;M90jcnFPAxk.GJ0VvZgluAw;M90jcnFPAxk.oJQWiZkIM0k;QQdagPXych9.yTb1U3ECuGF;QQdagPXych9.efoIG4g9arY;QQdagPXych9.M7dT8gVS7zy;QQdagPXych9.FmQ4cAywsli;QQdagPXych9.GJ0VvZgluAw;QQdagPXych9.oJQWiZkIM0k;C9HrptUsCLz.yTb1U3ECuGF;C9HrptUsCLz.efoIG4g9arY;C9HrptUsCLz.M7dT8gVS7zy;C9HrptUsCLz.FmQ4cAywsli;C9HrptUsCLz.GJ0VvZgluAw;C9HrptUsCLz.oJQWiZkIM0k;MTS6Q2xlT3L.yTb1U3ECuGF;MTS6Q2xlT3L.efoIG4g9arY;MTS6Q2xlT3L.M7dT8gVS7zy;MTS6Q2xlT3L.FmQ4cAywsli;MTS6Q2xlT3L.GJ0VvZgluAw;MTS6Q2xlT3L.oJQWiZkIM0k;HG2yJtkPuFl.yTb1U3ECuGF;HG2yJtkPuFl.efoIG4g9arY;HG2yJtkPuFl.M7dT8gVS7zy;HG2yJtkPuFl.FmQ4cAywsli;HG2yJtkPuFl.GJ0VvZgluAw;HG2yJtkPuFl.oJQWiZkIM0k;k8y8u4reC3j.yTb1U3ECuGF;k8y8u4reC3j.efoIG4g9arY;k8y8u4reC3j.M7dT8gVS7zy;k8y8u4reC3j.FmQ4cAywsli;k8y8u4reC3j.GJ0VvZgluAw;k8y8u4reC3j.oJQWiZkIM0k;h7WZ16B0f5h;bwkaWNM5IxW;IGNjoHsBPA5;Lax7XiHZ8JW;PqpBniaM7Qw;qdGx2wXPmBu;VlUPLLmJyum;X3kIHc7slwq;Eypb9xMSAcl;Kt8FuTI6be4;XCRMCX69YKb;KKk8T1SkAXI;OvOdSwkNN7w;dDyQKZEVXfc;y4CRWblENPS;JEK6BLZSjJr;AThkRYyxfSW;shjOt7XXI6Y;tGIMo3WxNLt;M3lOaTkFa6h;BAzqwT8ahGp;UqDNOKbj06I;AdcYUWNKWVO;SX9h8BXpLCE;b33pgG2ryuO;dyDMZoNSPve;LJSFDCsBKGX;nLkYYy7UfZu;ntGnd7teBlJ;JcgaA2kYLak;x7pAx1mEDVW;Dz9YDM3B11d;TbkEXL3zws3;UkeKK3Yz0eV;HIgoCJ50qkC;H7BYxecWAWS;H7BYxecWAWS;azVbANcTyeq;QqXkYA7XAYw;CCvziA5YTie;RcEuwqgQGf4;T2FsvO0b3jy.UuRrjnhE5uq;T2FsvO0b3jy.eV4Y7v7xFa2;T2FsvO0b3jy.jBX2qee107G;T2FsvO0b3jy.vTYSOxTTCNG;SOxwBu91n8g;xLXMzfGbCvU;wtSyTdH47Yp;K4z9xEWrpom;Io29XwRiXK7;Ug8YP3YzkKk;lJQWri3Cb0V.Jx72l4NfSLz;lJQWri3Cb0V.rLmcoXtmnUM;TbuzgtCfZlN.oUBnaM0PTcd;TbuzgtCfZlN.HJDrURNyZK4;jgsCugn2BZw.HJDrURNyZK4;eQ29xBhM6bZ.HJDrURNyZK4;jgsCugn2BZw.oUBnaM0PTcd;eQ29xBhM6bZ.oUBnaM0PTcd;TbuzgtCfZlN.n7MTyanPfTh;jgsCugn2BZw.n7MTyanPfTh;eQ29xBhM6bZ.n7MTyanPfTh;TbuzgtCfZlN.ezbEKdMfHeV;jgsCugn2BZw.ezbEKdMfHeV;eQ29xBhM6bZ.ezbEKdMfHeV;pKWWsnctb4D;vSSXernIS3R&dimension=ou:CI1vsTW2OMP&dimension=pe:202601&dimension=UedUhlkhYWX:KG7l26av4v5;M0TzDNQdeju;NDWlje7qHvH;Znfg4CCkg7Z;djVrwOWyadD
2026-02-25 13:03:46 [http-nio-8081-exec-5] DEBUG o.s.web.client.RestTemplate - Accept=[text/plain, application/json, application/yaml, application/*+json, */*]
2026-02-25 13:03:46 [http-nio-8081-exec-5] DEBUG o.s.web.client.RestTemplate - Response 200 OK
2026-02-25 13:03:46 [http-nio-8081-exec-5] DEBUG o.s.web.client.RestTemplate - Reading to [java.lang.String] as "application/json;charset=UTF-8"
2026-02-25 13:03:46 [http-nio-8081-exec-5] DEBUG c.m.b.k.service.Dhis2ClientService - Extracted 5 attribute IDs from API URL
2026-02-25 13:03:46 [http-nio-8081-exec-5] DEBUG c.m.b.k.service.Dhis2ClientService - Fetching categoryOption codes from: HTTPS://hmis-dev.moh.gov.jo/dwh/api/categoryOptions.json?filter=id:in:[NDWlje7qHvH,M0TzDNQdeju,Znfg4CCkg7Z,KG7l26av4v5,djVrwOWyadD]&fields=id,name,code&paging=false
2026-02-25 13:03:46 [http-nio-8081-exec-5] DEBUG o.s.web.client.RestTemplate - HTTP GET https://hmis-dev.moh.gov.jo/dwh/api/categoryOptions.json?filter=id:in:%5BNDWlje7qHvH,M0TzDNQdeju,Znfg4CCkg7Z,KG7l26av4v5,djVrwOWyadD%5D&fields=id,name,code&paging=false
2026-02-25 13:03:46 [http-nio-8081-exec-5] DEBUG o.s.web.client.RestTemplate - Accept=[text/plain, application/json, application/yaml, application/*+json, */*]
2026-02-25 13:03:47 [http-nio-8081-exec-5] DEBUG o.s.web.client.RestTemplate - Response 200 OK
2026-02-25 13:03:47 [http-nio-8081-exec-5] DEBUG o.s.web.client.RestTemplate - Reading to [java.lang.String] as "application/json;charset=UTF-8"
2026-02-25 13:03:47 [http-nio-8081-exec-5] INFO  c.m.b.k.service.Dhis2ClientService - Fetched 2 categoryOption codes from DHIS2 (systemCode: DHIS2.DWH)
2026-02-25 13:03:47 [http-nio-8081-exec-5] DEBUG c.m.b.k.s.MiddlewareProcessorService - Fetched 2 categoryOption codes for API: Hospital_HealthMap_Mapping
2026-02-25 13:03:47 [http-nio-8081-exec-5] INFO  c.m.b.k.s.MiddlewareProcessorService - Detected attribute dimension: UedUhlkhYWX at index 3
2026-02-25 13:03:47 [http-nio-8081-exec-5] INFO  c.m.b.k.s.MiddlewareProcessorService - Built middleware response with 1 org units
2026-02-25 13:03:47 [http-nio-8081-exec-5] INFO  c.m.b.c.IntegrationMappingConfiguration - Mapping processed successfully for API: Hospital_HealthMap_Mappin with 1 rows
2026-02-25 13:03:47 [http-nio-8081-exec-5] DEBUG o.a.c.http.common.DefaultHttpBinding - Streaming response in chunked mode with buffer size 8192
2026-02-25 13:03:47 [http-nio-8081-exec-5] DEBUG o.s.w.f.CommonsRequestLoggingFilter - After request [GET /camel/v1/hospitales?transactionUUID=8363ccc6-176f-4644-ad08-344192c74405&ou=CI1vsTW2OMP&pe=202601, client=0:0:0:0:0:0:0:1, user=healthmap@mail.com, payload=
]
2026-02-25 13:03:47 [task-2] DEBUG c.m.b.l.s.MiddlewareApiCallLogService - updateTransaction... updating Route [servlet:/v1/hospitales?httpMethodRestrict=GET] - Exchange content: {transactionUUID=8363ccc6-176f-4644-ad08-344192c74405, mapping.success=true, CamelCharsetName=UTF-8, mapping.status=SUCCESS, CamelToEndpoint=integrationmapping://null?code=default, apiLogId=84}
2026-02-25 13:03:47 [task-2] INFO  c.m.b.l.s.MiddlewareApiCallLogService - Transaction 4d55b0f9-fe71-4cbb-8dfe-9582389fe807 for routeId: Hospital_HealthMap_Mappin updated successfully: status=COMPLETED, responseCode=200
2026-02-25 13:03:55 [scheduling-1] INFO  c.m.b.k.service.DynamicRouteService - Starting route status sync with Camel context
2026-02-25 13:03:55 [scheduling-1] INFO  c.m.b.k.service.DynamicRouteService - Completed route status sync
2026-02-25 13:04:00 [http-nio-8081-exec-6] INFO  c.m.b.k.service.DynamicRouteService - Fetching active routes with pagination
2026-02-25 13:04:01 [http-nio-8081-exec-6] INFO  c.m.b.k.service.DynamicRouteService - Fetching active routes with pagination
2026-02-25 13:04:01 [http-nio-8081-exec-6] DEBUG o.s.w.f.CommonsRequestLoggingFilter - Before request [GET /camel/v1/hospitales?transactionUUID=97b08f3b-907f-4d5b-9762-ffda4a99ff72&ou=CI1vsTW2OMP&pe=202412, client=0:0:0:0:0:0:0:1, user=healthmap@mail.com]
2026-02-25 13:04:01 [http-nio-8081-exec-6] INFO  c.m.b.policy.LoggingRoutePolicy - LoggingRoutePolicy.onExchangeBegin: Route [Hospital_HealthMap_Mappin] - Incoming exchange: 2EC2EBC69EFC516-0000000000000002
2026-02-25 13:04:01 [http-nio-8081-exec-6] DEBUG c.m.b.l.s.MiddlewareApiCallLogService - createTransactionSync... creating log for Route [Hospital_HealthMap_Mappin] - Exchange content: {CamelCharsetName=UTF-8}
2026-02-25 13:04:01 [http-nio-8081-exec-6] DEBUG c.m.b.l.s.MiddlewareApiCallLogService - UUID validation passed for: 97b08f3b-907f-4d5b-9762-ffda4a99ff72
2026-02-25 13:04:01 [http-nio-8081-exec-6] DEBUG c.m.b.l.s.MiddlewareApiCallLogService - First attempt for new UUID: 97b08f3b-907f-4d5b-9762-ffda4a99ff72
2026-02-25 13:04:01 [http-nio-8081-exec-6] INFO  c.m.b.policy.LoggingRoutePolicy - LoggingRoutePolicy.onExchangeBegin: Route [Hospital_HealthMap_Mappin] - call log created with ID 85
2026-02-25 13:04:01 [http-nio-8081-exec-6] DEBUG o.a.camel.processor.SendProcessor - >>>> integrationmapping://null?code=default Exchange[2EC2EBC69EFC516-0000000000000002]
2026-02-25 13:04:01 [http-nio-8081-exec-6] INFO  c.m.IntegrationMappingProducer - Processing Integration Mapping for routeId: Hospital_HealthMap_Mappin
2026-02-25 13:04:01 [http-nio-8081-exec-6] INFO  c.m.IntegrationMappingProducer - Built request - RouteID: Hospital_HealthMap_Mappin, pe: 202412, ou: CI1vsTW2OMP, dhis2Code: null, UUID: 97b08f3b-907f-4d5b-9762-ffda4a99ff72
2026-02-25 13:04:01 [http-nio-8081-exec-6] INFO  c.m.b.c.IntegrationMappingConfiguration - Processing mapping for API: Hospital_HealthMap_Mappin
2026-02-25 13:04:02 [http-nio-8081-exec-6] INFO  c.m.b.k.s.MiddlewareProcessorService - Processing middleware request for Route ID: Hospital_HealthMap_Mappin with period: 202412, ou: CI1vsTW2OMP
2026-02-25 13:04:02 [http-nio-8081-exec-6] DEBUG c.m.b.k.s.MiddlewareProcessorService - Request parameters - ou: CI1vsTW2OMP, pe: 202412
2026-02-25 13:04:02 [http-nio-8081-exec-6] INFO  c.m.b.k.s.MiddlewareProcessorService - Grouped 236 mappings into 1 API calls
2026-02-25 13:04:02 [http-nio-8081-exec-6] INFO  c.m.b.k.s.MiddlewareProcessorService - Fetching org units metadata using integratedSystem: DHIS2.DWH
2026-02-25 13:04:02 [http-nio-8081-exec-6] INFO  c.m.b.k.service.Dhis2ClientService - Fetching metadata using integratedSystem: DHIS2.DWH (from metadata API)
2026-02-25 13:04:02 [http-nio-8081-exec-6] DEBUG o.s.web.client.RestTemplate - HTTP GET https://hmis-dev.moh.gov.jo/dwh/api/metadata.json?organisationUnits=true&fields=id,code,name,displayName,shortName,description,openingDate,closedDate,level,phoneNumber,email,address,url,parent%5Bid,code,name,level,parent%5Bid,code,name,level,parent%5Bid,code,name,level,parent%5Bid,code,name,level,parent%5Bid,code,name,level%5D%5D%5D%5D%5D,translations,organisationUnitGroups%5Bid,code,name%5D,lastUpdated,attributeValues%5Bvalue,attribute%5Bid,code,name%5D%5D,geometry,image%5Bid,name%5D,openingDate,closedDate,groups%5Bid,code,name%5D&outputIdScheme=CODE
2026-02-25 13:04:02 [http-nio-8081-exec-6] DEBUG o.s.web.client.RestTemplate - Accept=[text/plain, application/json, application/yaml, application/*+json, */*]
2026-02-25 13:04:03 [http-nio-8081-exec-6] DEBUG o.s.web.client.RestTemplate - Response 200 OK
2026-02-25 13:04:03 [http-nio-8081-exec-6] DEBUG o.s.web.client.RestTemplate - Reading to [java.lang.String] as "application/json;charset=UTF-8"
2026-02-25 13:04:05 [http-nio-8081-exec-6] INFO  c.m.b.k.service.Dhis2ClientService - Fetched 2200 org units from metadata API (integratedSystem: DHIS2.DWH)
2026-02-25 13:04:05 [http-nio-8081-exec-6] INFO  c.m.b.k.s.MiddlewareProcessorService - Executing call for API: Hospital_HealthMap_Mapping (ANALYTICS) using integratedSystem: DHIS2.DWH
2026-02-25 13:04:05 [http-nio-8081-exec-6] DEBUG c.m.b.k.s.MiddlewareProcessorService - API flags - useOuFromRequest: true, usePeFromRequest: true
2026-02-25 13:04:05 [http-nio-8081-exec-6] INFO  c.m.b.k.service.Dhis2ClientService - Using DHIS2 settings: integratedSystem=DHIS2.DWH, baseUrl=HTTPS://hmis-dev.moh.gov.jo/dwh
2026-02-25 13:04:05 [http-nio-8081-exec-6] DEBUG c.m.b.k.service.Dhis2ClientService - Built Analytics URL with flags (useOu=true, usePe=true): /api/analytics.json?dimension=dx:C3J9gupRpkv.f6KCBSctsKT;C3J9gupRpkv.qgikuGs16ol;jn4pQVfIaIf;mCryL70xgcR;mCryL70xgcR.n7l9dA920vy;mCryL70xgcR.koh0tliu6RV;cltmZ5EyYNs.n7l9dA920vy;cltmZ5EyYNs.koh0tliu6RV;cltmZ5EyYNs;C3J9gupRpkv.yr1cgGdONRm;C3J9gupRpkv.VzIcBH0k6lJ;M76CHdiNVTr;C3J9gupRpkv.nsIGCAXqmeo;C3J9gupRpkv.ih3CTGgn0l5;Oyxkqradre;nSubq2TDH0g.n7l9dA920vy;nSubq2TDH0g.koh0tliu6RV;nSubq2TDH0g;C3J9gupRpkv.IWjHuBbAQ6U;C3J9gupRpkv.wwP3HvY29bF;wnm7ReXX75U;G8zTi6EPGqj.n7l9dA920vy;G8zTi6EPGqj.koh0tliu6RV;G8zTi6EPGqj;xvHA0fLRcyX.n7l9dA920vy;xvHA0fLRcyX.koh0tliu6RV;xvHA0fLRcyX;C3J9gupRpkv.qRKdkvoSnNy;C3J9gupRpkv.MszHhQEFz4z;jn4pQVfIaIf;f2mdrrKvhGK.n7l9dA920vy;f2mdrrKvhGK.koh0tliu6RV;f2mdrrKvhGK;v1jIqMevb35.f6KCBSctsKT;v1jIqMevb35.qgikuGs16ol;v1jIqMevb35.yr1cgGdONRm;v1jIqMevb35.VzIcBH0k6lJ;v1jIqMevb35.IWjHuBbAQ6U;v1jIqMevb35.wwP3HvY29bF;v1jIqMevb35.nsIGCAXqmeo;v1jIqMevb35.ih3CTGgn0l5;v1jIqMevb35.qRKdkvoSnNy;v1jIqMevb35.MszHhQEFz4z;TbkEXL3zws3.f6KCBSctsKT;TbkEXL3zws3.qgikuGs16ol;TbkEXL3zws3.yr1cgGdONRm;TbkEXL3zws3.VzIcBH0k6lJ;TbkEXL3zws3.IWjHuBbAQ6U;TbkEXL3zws3.wwP3HvY29bF;TbkEXL3zws3.nsIGCAXqmeo;TbkEXL3zws3.ih3CTGgn0l5;TbkEXL3zws3.qRKdkvoSnNy;TbkEXL3zws3.MszHhQEFz4z;nsXaQk7geGa.yTb1U3ECuGF;nsXaQk7geGa.efoIG4g9arY;nsXaQk7geGa.M7dT8gVS7zy;nsXaQk7geGa.FmQ4cAywsli;nsXaQk7geGa.GJ0VvZgluAw;nsXaQk7geGa.oJQWiZkIM0k;J1Vj8d8khPd.yTb1U3ECuGF;J1Vj8d8khPd.efoIG4g9arY;J1Vj8d8khPd.M7dT8gVS7zy;J1Vj8d8khPd.FmQ4cAywsli;J1Vj8d8khPd.GJ0VvZgluAw;J1Vj8d8khPd.oJQWiZkIM0k;wqEip6Dbe3l.yTb1U3ECuGF;wqEip6Dbe3l.efoIG4g9arY;wqEip6Dbe3l.M7dT8gVS7zy;wqEip6Dbe3l.FmQ4cAywsli;wqEip6Dbe3l.GJ0VvZgluAw;wqEip6Dbe3l.oJQWiZkIM0k;jP9Grjpaqun.yTb1U3ECuGF;jP9Grjpaqun.efoIG4g9arY;jP9Grjpaqun.M7dT8gVS7zy;jP9Grjpaqun.FmQ4cAywsli;jP9Grjpaqun.GJ0VvZgluAw;jP9Grjpaqun.oJQWiZkIM0k;WLzrCuWBNnE.yTb1U3ECuGF;WLzrCuWBNnE.efoIG4g9arY;WLzrCuWBNnE.M7dT8gVS7zy;WLzrCuWBNnE.FmQ4cAywsli;WLzrCuWBNnE.GJ0VvZgluAw;WLzrCuWBNnE.oJQWiZkIM0k;CUGep0XzA3A.yTb1U3ECuGF;CUGep0XzA3A.efoIG4g9arY;CUGep0XzA3A.M7dT8gVS7zy;CUGep0XzA3A.FmQ4cAywsli;CUGep0XzA3A.GJ0VvZgluAw;CUGep0XzA3A.oJQWiZkIM0k;mHhrSasaZEk.yTb1U3ECuGF;mHhrSasaZEk.efoIG4g9arY;mHhrSasaZEk.M7dT8gVS7zy;mHhrSasaZEk.FmQ4cAywsli;mHhrSasaZEk.GJ0VvZgluAw;mHhrSasaZEk.oJQWiZkIM0k;pEO23PlwCSb.GJ0VvZgluAw;pEO23PlwCSb.yTb1U3ECuGF;pEO23PlwCSb.efoIG4g9arY;pEO23PlwCSb.M7dT8gVS7zy;pEO23PlwCSb.FmQ4cAywsli;pEO23PlwCSb.oJQWiZkIM0k;M90jcnFPAxk.yTb1U3ECuGF;M90jcnFPAxk.efoIG4g9arY;M90jcnFPAxk.M7dT8gVS7zy;M90jcnFPAxk.FmQ4cAywsli;M90jcnFPAxk.GJ0VvZgluAw;M90jcnFPAxk.oJQWiZkIM0k;QQdagPXych9.yTb1U3ECuGF;QQdagPXych9.efoIG4g9arY;QQdagPXych9.M7dT8gVS7zy;QQdagPXych9.FmQ4cAywsli;QQdagPXych9.GJ0VvZgluAw;QQdagPXych9.oJQWiZkIM0k;C9HrptUsCLz.yTb1U3ECuGF;C9HrptUsCLz.efoIG4g9arY;C9HrptUsCLz.M7dT8gVS7zy;C9HrptUsCLz.FmQ4cAywsli;C9HrptUsCLz.GJ0VvZgluAw;C9HrptUsCLz.oJQWiZkIM0k;MTS6Q2xlT3L.yTb1U3ECuGF;MTS6Q2xlT3L.efoIG4g9arY;MTS6Q2xlT3L.M7dT8gVS7zy;MTS6Q2xlT3L.FmQ4cAywsli;MTS6Q2xlT3L.GJ0VvZgluAw;MTS6Q2xlT3L.oJQWiZkIM0k;HG2yJtkPuFl.yTb1U3ECuGF;HG2yJtkPuFl.efoIG4g9arY;HG2yJtkPuFl.M7dT8gVS7zy;HG2yJtkPuFl.FmQ4cAywsli;HG2yJtkPuFl.GJ0VvZgluAw;HG2yJtkPuFl.oJQWiZkIM0k;k8y8u4reC3j.yTb1U3ECuGF;k8y8u4reC3j.efoIG4g9arY;k8y8u4reC3j.M7dT8gVS7zy;k8y8u4reC3j.FmQ4cAywsli;k8y8u4reC3j.GJ0VvZgluAw;k8y8u4reC3j.oJQWiZkIM0k;h7WZ16B0f5h;bwkaWNM5IxW;IGNjoHsBPA5;Lax7XiHZ8JW;PqpBniaM7Qw;qdGx2wXPmBu;VlUPLLmJyum;X3kIHc7slwq;Eypb9xMSAcl;Kt8FuTI6be4;XCRMCX69YKb;KKk8T1SkAXI;OvOdSwkNN7w;dDyQKZEVXfc;y4CRWblENPS;JEK6BLZSjJr;AThkRYyxfSW;shjOt7XXI6Y;tGIMo3WxNLt;M3lOaTkFa6h;BAzqwT8ahGp;UqDNOKbj06I;AdcYUWNKWVO;SX9h8BXpLCE;b33pgG2ryuO;dyDMZoNSPve;LJSFDCsBKGX;nLkYYy7UfZu;ntGnd7teBlJ;JcgaA2kYLak;x7pAx1mEDVW;Dz9YDM3B11d;TbkEXL3zws3;UkeKK3Yz0eV;HIgoCJ50qkC;H7BYxecWAWS;H7BYxecWAWS;azVbANcTyeq;QqXkYA7XAYw;CCvziA5YTie;RcEuwqgQGf4;T2FsvO0b3jy.UuRrjnhE5uq;T2FsvO0b3jy.eV4Y7v7xFa2;T2FsvO0b3jy.jBX2qee107G;T2FsvO0b3jy.vTYSOxTTCNG;SOxwBu91n8g;xLXMzfGbCvU;wtSyTdH47Yp;K4z9xEWrpom;Io29XwRiXK7;Ug8YP3YzkKk;lJQWri3Cb0V.Jx72l4NfSLz;lJQWri3Cb0V.rLmcoXtmnUM;TbuzgtCfZlN.oUBnaM0PTcd;TbuzgtCfZlN.HJDrURNyZK4;jgsCugn2BZw.HJDrURNyZK4;eQ29xBhM6bZ.HJDrURNyZK4;jgsCugn2BZw.oUBnaM0PTcd;eQ29xBhM6bZ.oUBnaM0PTcd;TbuzgtCfZlN.n7MTyanPfTh;jgsCugn2BZw.n7MTyanPfTh;eQ29xBhM6bZ.n7MTyanPfTh;TbuzgtCfZlN.ezbEKdMfHeV;jgsCugn2BZw.ezbEKdMfHeV;eQ29xBhM6bZ.ezbEKdMfHeV;pKWWsnctb4D;vSSXernIS3R&dimension=ou:CI1vsTW2OMP&dimension=pe:202412&dimension=UedUhlkhYWX:KG7l26av4v5;M0TzDNQdeju;NDWlje7qHvH;Znfg4CCkg7Z;djVrwOWyadD
2026-02-25 13:04:05 [http-nio-8081-exec-6] DEBUG o.s.web.client.RestTemplate - HTTP GET https://hmis-dev.moh.gov.jo/dwh/api/analytics.json?dimension=dx:C3J9gupRpkv.f6KCBSctsKT;C3J9gupRpkv.qgikuGs16ol;jn4pQVfIaIf;mCryL70xgcR;mCryL70xgcR.n7l9dA920vy;mCryL70xgcR.koh0tliu6RV;cltmZ5EyYNs.n7l9dA920vy;cltmZ5EyYNs.koh0tliu6RV;cltmZ5EyYNs;C3J9gupRpkv.yr1cgGdONRm;C3J9gupRpkv.VzIcBH0k6lJ;M76CHdiNVTr;C3J9gupRpkv.nsIGCAXqmeo;C3J9gupRpkv.ih3CTGgn0l5;Oyxkqradre;nSubq2TDH0g.n7l9dA920vy;nSubq2TDH0g.koh0tliu6RV;nSubq2TDH0g;C3J9gupRpkv.IWjHuBbAQ6U;C3J9gupRpkv.wwP3HvY29bF;wnm7ReXX75U;G8zTi6EPGqj.n7l9dA920vy;G8zTi6EPGqj.koh0tliu6RV;G8zTi6EPGqj;xvHA0fLRcyX.n7l9dA920vy;xvHA0fLRcyX.koh0tliu6RV;xvHA0fLRcyX;C3J9gupRpkv.qRKdkvoSnNy;C3J9gupRpkv.MszHhQEFz4z;jn4pQVfIaIf;f2mdrrKvhGK.n7l9dA920vy;f2mdrrKvhGK.koh0tliu6RV;f2mdrrKvhGK;v1jIqMevb35.f6KCBSctsKT;v1jIqMevb35.qgikuGs16ol;v1jIqMevb35.yr1cgGdONRm;v1jIqMevb35.VzIcBH0k6lJ;v1jIqMevb35.IWjHuBbAQ6U;v1jIqMevb35.wwP3HvY29bF;v1jIqMevb35.nsIGCAXqmeo;v1jIqMevb35.ih3CTGgn0l5;v1jIqMevb35.qRKdkvoSnNy;v1jIqMevb35.MszHhQEFz4z;TbkEXL3zws3.f6KCBSctsKT;TbkEXL3zws3.qgikuGs16ol;TbkEXL3zws3.yr1cgGdONRm;TbkEXL3zws3.VzIcBH0k6lJ;TbkEXL3zws3.IWjHuBbAQ6U;TbkEXL3zws3.wwP3HvY29bF;TbkEXL3zws3.nsIGCAXqmeo;TbkEXL3zws3.ih3CTGgn0l5;TbkEXL3zws3.qRKdkvoSnNy;TbkEXL3zws3.MszHhQEFz4z;nsXaQk7geGa.yTb1U3ECuGF;nsXaQk7geGa.efoIG4g9arY;nsXaQk7geGa.M7dT8gVS7zy;nsXaQk7geGa.FmQ4cAywsli;nsXaQk7geGa.GJ0VvZgluAw;nsXaQk7geGa.oJQWiZkIM0k;J1Vj8d8khPd.yTb1U3ECuGF;J1Vj8d8khPd.efoIG4g9arY;J1Vj8d8khPd.M7dT8gVS7zy;J1Vj8d8khPd.FmQ4cAywsli;J1Vj8d8khPd.GJ0VvZgluAw;J1Vj8d8khPd.oJQWiZkIM0k;wqEip6Dbe3l.yTb1U3ECuGF;wqEip6Dbe3l.efoIG4g9arY;wqEip6Dbe3l.M7dT8gVS7zy;wqEip6Dbe3l.FmQ4cAywsli;wqEip6Dbe3l.GJ0VvZgluAw;wqEip6Dbe3l.oJQWiZkIM0k;jP9Grjpaqun.yTb1U3ECuGF;jP9Grjpaqun.efoIG4g9arY;jP9Grjpaqun.M7dT8gVS7zy;jP9Grjpaqun.FmQ4cAywsli;jP9Grjpaqun.GJ0VvZgluAw;jP9Grjpaqun.oJQWiZkIM0k;WLzrCuWBNnE.yTb1U3ECuGF;WLzrCuWBNnE.efoIG4g9arY;WLzrCuWBNnE.M7dT8gVS7zy;WLzrCuWBNnE.FmQ4cAywsli;WLzrCuWBNnE.GJ0VvZgluAw;WLzrCuWBNnE.oJQWiZkIM0k;CUGep0XzA3A.yTb1U3ECuGF;CUGep0XzA3A.efoIG4g9arY;CUGep0XzA3A.M7dT8gVS7zy;CUGep0XzA3A.FmQ4cAywsli;CUGep0XzA3A.GJ0VvZgluAw;CUGep0XzA3A.oJQWiZkIM0k;mHhrSasaZEk.yTb1U3ECuGF;mHhrSasaZEk.efoIG4g9arY;mHhrSasaZEk.M7dT8gVS7zy;mHhrSasaZEk.FmQ4cAywsli;mHhrSasaZEk.GJ0VvZgluAw;mHhrSasaZEk.oJQWiZkIM0k;pEO23PlwCSb.GJ0VvZgluAw;pEO23PlwCSb.yTb1U3ECuGF;pEO23PlwCSb.efoIG4g9arY;pEO23PlwCSb.M7dT8gVS7zy;pEO23PlwCSb.FmQ4cAywsli;pEO23PlwCSb.oJQWiZkIM0k;M90jcnFPAxk.yTb1U3ECuGF;M90jcnFPAxk.efoIG4g9arY;M90jcnFPAxk.M7dT8gVS7zy;M90jcnFPAxk.FmQ4cAywsli;M90jcnFPAxk.GJ0VvZgluAw;M90jcnFPAxk.oJQWiZkIM0k;QQdagPXych9.yTb1U3ECuGF;QQdagPXych9.efoIG4g9arY;QQdagPXych9.M7dT8gVS7zy;QQdagPXych9.FmQ4cAywsli;QQdagPXych9.GJ0VvZgluAw;QQdagPXych9.oJQWiZkIM0k;C9HrptUsCLz.yTb1U3ECuGF;C9HrptUsCLz.efoIG4g9arY;C9HrptUsCLz.M7dT8gVS7zy;C9HrptUsCLz.FmQ4cAywsli;C9HrptUsCLz.GJ0VvZgluAw;C9HrptUsCLz.oJQWiZkIM0k;MTS6Q2xlT3L.yTb1U3ECuGF;MTS6Q2xlT3L.efoIG4g9arY;MTS6Q2xlT3L.M7dT8gVS7zy;MTS6Q2xlT3L.FmQ4cAywsli;MTS6Q2xlT3L.GJ0VvZgluAw;MTS6Q2xlT3L.oJQWiZkIM0k;HG2yJtkPuFl.yTb1U3ECuGF;HG2yJtkPuFl.efoIG4g9arY;HG2yJtkPuFl.M7dT8gVS7zy;HG2yJtkPuFl.FmQ4cAywsli;HG2yJtkPuFl.GJ0VvZgluAw;HG2yJtkPuFl.oJQWiZkIM0k;k8y8u4reC3j.yTb1U3ECuGF;k8y8u4reC3j.efoIG4g9arY;k8y8u4reC3j.M7dT8gVS7zy;k8y8u4reC3j.FmQ4cAywsli;k8y8u4reC3j.GJ0VvZgluAw;k8y8u4reC3j.oJQWiZkIM0k;h7WZ16B0f5h;bwkaWNM5IxW;IGNjoHsBPA5;Lax7XiHZ8JW;PqpBniaM7Qw;qdGx2wXPmBu;VlUPLLmJyum;X3kIHc7slwq;Eypb9xMSAcl;Kt8FuTI6be4;XCRMCX69YKb;KKk8T1SkAXI;OvOdSwkNN7w;dDyQKZEVXfc;y4CRWblENPS;JEK6BLZSjJr;AThkRYyxfSW;shjOt7XXI6Y;tGIMo3WxNLt;M3lOaTkFa6h;BAzqwT8ahGp;UqDNOKbj06I;AdcYUWNKWVO;SX9h8BXpLCE;b33pgG2ryuO;dyDMZoNSPve;LJSFDCsBKGX;nLkYYy7UfZu;ntGnd7teBlJ;JcgaA2kYLak;x7pAx1mEDVW;Dz9YDM3B11d;TbkEXL3zws3;UkeKK3Yz0eV;HIgoCJ50qkC;H7BYxecWAWS;H7BYxecWAWS;azVbANcTyeq;QqXkYA7XAYw;CCvziA5YTie;RcEuwqgQGf4;T2FsvO0b3jy.UuRrjnhE5uq;T2FsvO0b3jy.eV4Y7v7xFa2;T2FsvO0b3jy.jBX2qee107G;T2FsvO0b3jy.vTYSOxTTCNG;SOxwBu91n8g;xLXMzfGbCvU;wtSyTdH47Yp;K4z9xEWrpom;Io29XwRiXK7;Ug8YP3YzkKk;lJQWri3Cb0V.Jx72l4NfSLz;lJQWri3Cb0V.rLmcoXtmnUM;TbuzgtCfZlN.oUBnaM0PTcd;TbuzgtCfZlN.HJDrURNyZK4;jgsCugn2BZw.HJDrURNyZK4;eQ29xBhM6bZ.HJDrURNyZK4;jgsCugn2BZw.oUBnaM0PTcd;eQ29xBhM6bZ.oUBnaM0PTcd;TbuzgtCfZlN.n7MTyanPfTh;jgsCugn2BZw.n7MTyanPfTh;eQ29xBhM6bZ.n7MTyanPfTh;TbuzgtCfZlN.ezbEKdMfHeV;jgsCugn2BZw.ezbEKdMfHeV;eQ29xBhM6bZ.ezbEKdMfHeV;pKWWsnctb4D;vSSXernIS3R&dimension=ou:CI1vsTW2OMP&dimension=pe:202412&dimension=UedUhlkhYWX:KG7l26av4v5;M0TzDNQdeju;NDWlje7qHvH;Znfg4CCkg7Z;djVrwOWyadD
2026-02-25 13:04:05 [http-nio-8081-exec-6] DEBUG o.s.web.client.RestTemplate - Accept=[text/plain, application/json, application/yaml, application/*+json, */*]
2026-02-25 13:04:06 [http-nio-8081-exec-6] DEBUG o.s.web.client.RestTemplate - Response 200 OK
2026-02-25 13:04:06 [http-nio-8081-exec-6] DEBUG o.s.web.client.RestTemplate - Reading to [java.lang.String] as "application/json;charset=UTF-8"
2026-02-25 13:04:06 [http-nio-8081-exec-6] DEBUG c.m.b.k.service.Dhis2ClientService - Extracted 5 attribute IDs from API URL
2026-02-25 13:04:06 [http-nio-8081-exec-6] DEBUG c.m.b.k.service.Dhis2ClientService - Fetching categoryOption codes from: HTTPS://hmis-dev.moh.gov.jo/dwh/api/categoryOptions.json?filter=id:in:[NDWlje7qHvH,M0TzDNQdeju,Znfg4CCkg7Z,KG7l26av4v5,djVrwOWyadD]&fields=id,name,code&paging=false
2026-02-25 13:04:06 [http-nio-8081-exec-6] DEBUG o.s.web.client.RestTemplate - HTTP GET https://hmis-dev.moh.gov.jo/dwh/api/categoryOptions.json?filter=id:in:%5BNDWlje7qHvH,M0TzDNQdeju,Znfg4CCkg7Z,KG7l26av4v5,djVrwOWyadD%5D&fields=id,name,code&paging=false
2026-02-25 13:04:06 [http-nio-8081-exec-6] DEBUG o.s.web.client.RestTemplate - Accept=[text/plain, application/json, application/yaml, application/*+json, */*]
2026-02-25 13:04:06 [http-nio-8081-exec-6] DEBUG o.s.web.client.RestTemplate - Response 200 OK
2026-02-25 13:04:06 [http-nio-8081-exec-6] DEBUG o.s.web.client.RestTemplate - Reading to [java.lang.String] as "application/json;charset=UTF-8"
2026-02-25 13:04:06 [http-nio-8081-exec-6] INFO  c.m.b.k.service.Dhis2ClientService - Fetched 2 categoryOption codes from DHIS2 (systemCode: DHIS2.DWH)
2026-02-25 13:04:06 [http-nio-8081-exec-6] DEBUG c.m.b.k.s.MiddlewareProcessorService - Fetched 2 categoryOption codes for API: Hospital_HealthMap_Mapping
2026-02-25 13:04:06 [http-nio-8081-exec-6] INFO  c.m.b.k.s.MiddlewareProcessorService - Detected attribute dimension: UedUhlkhYWX at index 3
2026-02-25 13:04:06 [http-nio-8081-exec-6] INFO  c.m.b.k.s.MiddlewareProcessorService - Built middleware response with 1 org units
2026-02-25 13:04:06 [http-nio-8081-exec-6] INFO  c.m.b.c.IntegrationMappingConfiguration - Mapping processed successfully for API: Hospital_HealthMap_Mappin with 1 rows
2026-02-25 13:04:06 [http-nio-8081-exec-6] DEBUG o.a.c.http.common.DefaultHttpBinding - Streaming response in chunked mode with buffer size 8192
2026-02-25 13:04:06 [http-nio-8081-exec-6] DEBUG o.s.w.f.CommonsRequestLoggingFilter - After request [GET /camel/v1/hospitales?transactionUUID=97b08f3b-907f-4d5b-9762-ffda4a99ff72&ou=CI1vsTW2OMP&pe=202412, client=0:0:0:0:0:0:0:1, user=healthmap@mail.com, payload=
]
2026-02-25 13:04:06 [task-3] DEBUG c.m.b.l.s.MiddlewareApiCallLogService - updateTransaction... updating Route [servlet:/v1/hospitales?httpMethodRestrict=GET] - Exchange content: {transactionUUID=97b08f3b-907f-4d5b-9762-ffda4a99ff72, mapping.success=true, CamelCharsetName=UTF-8, mapping.status=SUCCESS, CamelToEndpoint=integrationmapping://null?code=default, apiLogId=85}
2026-02-25 13:04:06 [task-3] INFO  c.m.b.l.s.MiddlewareApiCallLogService - Transaction 831d781c-9dc5-479d-b2e2-ca655e58a60b for routeId: Hospital_HealthMap_Mappin updated successfully: status=COMPLETED, responseCode=200
2026-02-25 13:04:25 [scheduling-1] INFO  c.m.b.k.service.DynamicRouteService - Starting route status sync with Camel context
2026-02-25 13:04:25 [scheduling-1] INFO  c.m.b.k.service.DynamicRouteService - Completed route status sync
2026-02-25 13:04:42 [http-nio-8081-exec-7] INFO  c.m.b.k.service.DynamicRouteService - Fetching active routes with pagination
2026-02-25 13:04:42 [http-nio-8081-exec-7] DEBUG o.s.w.f.CommonsRequestLoggingFilter - Before request [PUT /api/integrated-apis/2, client=0:0:0:0:0:0:0:1, user=admin@mail.com]
2026-02-25 13:04:42 [http-nio-8081-exec-7] DEBUG o.s.web.servlet.DispatcherServlet - PUT "/api/integrated-apis/2", parameters={}
2026-02-25 13:04:42 [http-nio-8081-exec-7] DEBUG o.s.w.s.m.m.a.RequestMappingHandlerMapping - Mapped to com.middleware.backend.kaotocamel.controller.IntegratedApiController#update(Long, IntegratedApiRequestDto)
2026-02-25 13:04:42 [http-nio-8081-exec-7] DEBUG o.s.w.s.m.m.a.RequestResponseBodyMethodProcessor - Read "application/json;charset=UTF-8" to [IntegratedApiRequestDto(code=Hospital_HealthMap_Mapping, name=Hospital HealthMap, apiUrl=/api/analyt (truncated)...]
2026-02-25 13:04:43 [http-nio-8081-exec-7] INFO  c.m.b.k.service.IntegratedApiService - Updating integrated API: 2
2026-02-25 13:04:43 [http-nio-8081-exec-7] INFO  c.m.b.k.service.IntegratedApiService - Updated integrated API: Hospital_HealthMap_Mapping by user: admin@mail.com
2026-02-25 13:04:43 [http-nio-8081-exec-7] INFO  c.m.b.k.c.IntegratedApiController - Updated integrated API: Hospital_HealthMap_Mapping
2026-02-25 13:04:43 [http-nio-8081-exec-7] DEBUG o.s.w.s.m.m.a.HttpEntityMethodProcessor - Using 'application/json', given [application/json] and supported [application/json, application/*+json, application/yaml]
2026-02-25 13:04:43 [http-nio-8081-exec-7] DEBUG o.s.w.s.m.m.a.HttpEntityMethodProcessor - Writing [IntegratedApiDto(id=2, code=Hospital_HealthMap_Mapping, name=Hospital HealthMap, apiUrl=/api/analyti (truncated)...]
2026-02-25 13:04:43 [http-nio-8081-exec-7] DEBUG o.s.web.servlet.DispatcherServlet - Completed 200 OK
2026-02-25 13:04:43 [http-nio-8081-exec-7] DEBUG o.a.camel.spring.SpringCamelContext - onApplicationEvent: ServletRequestHandledEvent: url=[/api/integrated-apis/2]; client=[0:0:0:0:0:0:0:1]; method=[PUT]; status=[200]; servlet=[dispatcherServlet]; session=[null]; user=[admin@mail.com]; time=[605ms]
2026-02-25 13:04:43 [http-nio-8081-exec-7] DEBUG o.s.w.f.CommonsRequestLoggingFilter - After request [PUT /api/integrated-apis/2, client=0:0:0:0:0:0:0:1, user=admin@mail.com, payload={"code":"Hospital_HealthMap_Mapping","name":"Hospital HealthMap","type":"ANALYTICS","integratedSystem":"DHIS2.DWH","apiUrl":"/api/analytics.json?dimension=dx:C3J9gupRpkv.f6KCBSctsKT;C3J9gupRpkv.qgikuGs16ol;jn4pQVfIaIf;mCryL70xgcR;mCryL70xgcR.n7l9dA920vy;mCryL70xgcR.koh0tliu6RV;cltmZ5EyYNs.n7l9dA920vy;cltmZ5EyYNs.koh0tliu6RV;cltmZ5EyYNs;C3J9gupRpkv.yr1cgGdONRm;C3J9gupRpkv.VzIcBH0k6lJ;M76CHdiNVTr;C3J9gupRpkv.nsIGCAXqmeo;C3J9gupRpkv.ih3CTGgn0l5;Oyxkqradre;nSubq2TDH0g.n7l9dA920vy;nSubq2TDH0g.koh0tliu6RV;nSubq2TDH0g;C3J9gupRpkv.IWjHuBbAQ6U;C3J9gupRpkv.wwP3HvY29bF;wnm7ReXX75U;G8zTi6EPGqj.n7l9dA920vy;G8zTi6EPGqj.koh0tliu6RV;G8zTi6EPGqj;xvHA0fLRcyX.n7l9dA920vy;xvHA0fLRcyX.koh0tliu6RV;xvHA0fLRcyX;C3J9gupRpkv.qRKdkvoSnNy;C3J9gupRpkv.MszHhQEFz4z;jn4pQVfIaIf;f2mdrrKvhGK.n7l9dA920vy;f2mdrrKvhGK.koh0tliu6RV;f2mdrrKvhGK;v1jIqMevb35.f6KCBSctsKT;v1jIqMevb35.qgikuGs16ol;v1jIqMevb35.yr1cgGdONRm;v1jIqMevb35.VzIcBH0k6lJ;v1jIqMevb35.IWjHuBbAQ6U;v1jIqMevb35.wwP3HvY29bF;v1jIqMevb35.nsIGCAXqmeo;v1jIqMevb35.ih3]
2026-02-25 13:04:44 [http-nio-8081-exec-8] INFO  c.m.b.k.service.DynamicRouteService - Fetching active routes with pagination
2026-02-25 13:04:44 [http-nio-8081-exec-9] INFO  c.m.b.k.service.DynamicRouteService - Fetching active routes with pagination
2026-02-25 13:04:44 [http-nio-8081-exec-8] DEBUG o.s.w.f.CommonsRequestLoggingFilter - Before request [GET /api/integrated-apis?page=0&size=10, client=0:0:0:0:0:0:0:1, user=admin@mail.com]
2026-02-25 13:04:44 [http-nio-8081-exec-8] DEBUG o.s.web.servlet.DispatcherServlet - GET "/api/integrated-apis?page=0&size=10", parameters={masked}
2026-02-25 13:04:44 [http-nio-8081-exec-8] DEBUG o.s.w.s.m.m.a.RequestMappingHandlerMapping - Mapped to com.middleware.backend.kaotocamel.controller.IntegratedApiController#findAll(String, String, String, String, String, String, Boolean, String, LocalDateTime, LocalDateTime, LocalDateTime, LocalDateTime, String, Long, Long, int, int, String[])
2026-02-25 13:04:44 [http-nio-8081-exec-8] DEBUG c.m.b.k.c.IntegratedApiController - Received sort params: [id, desc]
2026-02-25 13:04:44 [http-nio-8081-exec-8] DEBUG c.m.b.k.c.IntegratedApiController - Handling separated params - field: 'id', direction: 'desc'
2026-02-25 13:04:44 [http-nio-8081-exec-8] DEBUG c.m.b.k.c.IntegratedApiController - Added separated sort order: id DESC
2026-02-25 13:04:44 [http-nio-8081-exec-8] DEBUG c.m.b.k.c.IntegratedApiController - Final sort object: id: DESC
2026-02-25 13:04:44 [http-nio-8081-exec-9] DEBUG o.s.w.f.CommonsRequestLoggingFilter - Before request [GET /api/integrated-system/codes, client=0:0:0:0:0:0:0:1, user=admin@mail.com]
2026-02-25 13:04:44 [http-nio-8081-exec-9] DEBUG o.s.web.servlet.DispatcherServlet - GET "/api/integrated-system/codes", parameters={}
2026-02-25 13:04:44 [http-nio-8081-exec-9] DEBUG o.s.w.s.m.m.a.RequestMappingHandlerMapping - Mapped to com.middleware.backend.integrated_systems.controller.IntegratedSystemController#getAllCodes()
2026-02-25 13:04:44 [http-nio-8081-exec-8] WARN  o.s.d.w.c.SpringDataJacksonConfiguration$PageModule$WarningLoggingModifier - Serializing PageImpl instances as-is is not supported, meaning that there is no guarantee about the stability of the resulting JSON structure!
	For a stable JSON structure, please use Spring Data's PagedModel (globally via @EnableSpringDataWebSupport(pageSerializationMode = VIA_DTO))
	or Spring HATEOAS and Spring Data's PagedResourcesAssembler as documented in https://docs.spring.io/spring-data/commons/reference/repositories/core-extensions.html#core.web.pageables.

2026-02-25 13:04:44 [http-nio-8081-exec-8] DEBUG o.s.w.s.m.m.a.HttpEntityMethodProcessor - Using 'application/json', given [application/json] and supported [application/json, application/*+json, application/yaml]
2026-02-25 13:04:44 [http-nio-8081-exec-8] DEBUG o.s.w.s.m.m.a.HttpEntityMethodProcessor - Writing [Page 1 of 1 containing com.middleware.backend.kaotocamel.dto.IntegratedApiDto instances]
2026-02-25 13:04:44 [http-nio-8081-exec-8] DEBUG o.s.web.servlet.DispatcherServlet - Completed 200 OK
2026-02-25 13:04:44 [http-nio-8081-exec-8] DEBUG o.a.camel.spring.SpringCamelContext - onApplicationEvent: ServletRequestHandledEvent: url=[/api/integrated-apis]; client=[0:0:0:0:0:0:0:1]; method=[GET]; status=[200]; servlet=[dispatcherServlet]; session=[null]; user=[admin@mail.com]; time=[167ms]
2026-02-25 13:04:44 [http-nio-8081-exec-8] DEBUG o.s.w.f.CommonsRequestLoggingFilter - After request [GET /api/integrated-apis?page=0&size=10, client=0:0:0:0:0:0:0:1, user=admin@mail.com]
2026-02-25 13:04:44 [http-nio-8081-exec-9] DEBUG o.s.w.s.m.m.a.HttpEntityMethodProcessor - Using 'application/json', given [application/json] and supported [application/json, application/*+json, application/yaml]
2026-02-25 13:04:44 [http-nio-8081-exec-9] DEBUG o.s.w.s.m.m.a.HttpEntityMethodProcessor - Writing [[DHIS2.DWH, DHIS2.STABLE]]
2026-02-25 13:04:44 [http-nio-8081-exec-9] DEBUG o.s.web.servlet.DispatcherServlet - Completed 200 OK
2026-02-25 13:04:44 [http-nio-8081-exec-9] DEBUG o.a.camel.spring.SpringCamelContext - onApplicationEvent: ServletRequestHandledEvent: url=[/api/integrated-system/codes]; client=[0:0:0:0:0:0:0:1]; method=[GET]; status=[200]; servlet=[dispatcherServlet]; session=[null]; user=[admin@mail.com]; time=[232ms]
2026-02-25 13:04:44 [http-nio-8081-exec-9] DEBUG o.s.w.f.CommonsRequestLoggingFilter - After request [GET /api/integrated-system/codes, client=0:0:0:0:0:0:0:1, user=admin@mail.com]
2026-02-25 13:04:45 [http-nio-8081-exec-10] INFO  c.m.b.k.service.DynamicRouteService - Fetching active routes with pagination
2026-02-25 13:04:45 [http-nio-8081-exec-10] INFO  c.m.b.k.service.DynamicRouteService - Fetching active routes with pagination
2026-02-25 13:04:46 [http-nio-8081-exec-10] DEBUG o.s.w.f.CommonsRequestLoggingFilter - Before request [GET /camel/v1/hospitales?transactionUUID=98993303-af22-44eb-91e3-714a1e7264ce&ou=CI1vsTW2OMP&pe=202412, client=0:0:0:0:0:0:0:1, user=healthmap@mail.com]
2026-02-25 13:04:46 [http-nio-8081-exec-10] INFO  c.m.b.policy.LoggingRoutePolicy - LoggingRoutePolicy.onExchangeBegin: Route [Hospital_HealthMap_Mappin] - Incoming exchange: 2EC2EBC69EFC516-0000000000000003
2026-02-25 13:04:46 [http-nio-8081-exec-10] DEBUG c.m.b.l.s.MiddlewareApiCallLogService - createTransactionSync... creating log for Route [Hospital_HealthMap_Mappin] - Exchange content: {CamelCharsetName=UTF-8}
2026-02-25 13:04:46 [http-nio-8081-exec-10] DEBUG c.m.b.l.s.MiddlewareApiCallLogService - UUID validation passed for: 98993303-af22-44eb-91e3-714a1e7264ce
2026-02-25 13:04:46 [http-nio-8081-exec-10] DEBUG c.m.b.l.s.MiddlewareApiCallLogService - First attempt for new UUID: 98993303-af22-44eb-91e3-714a1e7264ce
2026-02-25 13:04:46 [http-nio-8081-exec-10] INFO  c.m.b.policy.LoggingRoutePolicy - LoggingRoutePolicy.onExchangeBegin: Route [Hospital_HealthMap_Mappin] - call log created with ID 86
2026-02-25 13:04:46 [http-nio-8081-exec-10] DEBUG o.a.camel.processor.SendProcessor - >>>> integrationmapping://null?code=default Exchange[2EC2EBC69EFC516-0000000000000003]
2026-02-25 13:04:46 [http-nio-8081-exec-10] INFO  c.m.IntegrationMappingProducer - Processing Integration Mapping for routeId: Hospital_HealthMap_Mappin
2026-02-25 13:04:46 [http-nio-8081-exec-10] INFO  c.m.IntegrationMappingProducer - Built request - RouteID: Hospital_HealthMap_Mappin, pe: 202412, ou: CI1vsTW2OMP, dhis2Code: null, UUID: 98993303-af22-44eb-91e3-714a1e7264ce
2026-02-25 13:04:46 [http-nio-8081-exec-10] INFO  c.m.b.c.IntegrationMappingConfiguration - Processing mapping for API: Hospital_HealthMap_Mappin
2026-02-25 13:04:46 [http-nio-8081-exec-10] INFO  c.m.b.k.s.MiddlewareProcessorService - Processing middleware request for Route ID: Hospital_HealthMap_Mappin with period: 202412, ou: CI1vsTW2OMP
2026-02-25 13:04:46 [http-nio-8081-exec-10] DEBUG c.m.b.k.s.MiddlewareProcessorService - Request parameters - ou: CI1vsTW2OMP, pe: 202412
2026-02-25 13:04:46 [http-nio-8081-exec-10] INFO  c.m.b.k.s.MiddlewareProcessorService - Grouped 236 mappings into 1 API calls
2026-02-25 13:04:46 [http-nio-8081-exec-10] INFO  c.m.b.k.s.MiddlewareProcessorService - Fetching org units metadata using integratedSystem: DHIS2.DWH
2026-02-25 13:04:46 [http-nio-8081-exec-10] INFO  c.m.b.k.service.Dhis2ClientService - Fetching metadata using integratedSystem: DHIS2.DWH (from metadata API)
2026-02-25 13:04:46 [http-nio-8081-exec-10] DEBUG o.s.web.client.RestTemplate - HTTP GET https://hmis-dev.moh.gov.jo/dwh/api/metadata.json?organisationUnits=true&fields=id,code,name,displayName,shortName,description,openingDate,closedDate,level,phoneNumber,email,address,url,parent%5Bid,code,name,level,parent%5Bid,code,name,level,parent%5Bid,code,name,level,parent%5Bid,code,name,level,parent%5Bid,code,name,level%5D%5D%5D%5D%5D,translations,organisationUnitGroups%5Bid,code,name%5D,lastUpdated,attributeValues%5Bvalue,attribute%5Bid,code,name%5D%5D,geometry,image%5Bid,name%5D,openingDate,closedDate,groups%5Bid,code,name%5D&outputIdScheme=CODE
2026-02-25 13:04:46 [http-nio-8081-exec-10] DEBUG o.s.web.client.RestTemplate - Accept=[text/plain, application/json, application/yaml, application/*+json, */*]
2026-02-25 13:04:47 [http-nio-8081-exec-10] DEBUG o.s.web.client.RestTemplate - Response 200 OK
2026-02-25 13:04:47 [http-nio-8081-exec-10] DEBUG o.s.web.client.RestTemplate - Reading to [java.lang.String] as "application/json;charset=UTF-8"
2026-02-25 13:04:55 [scheduling-1] INFO  c.m.b.k.service.DynamicRouteService - Starting route status sync with Camel context
2026-02-25 13:04:55 [scheduling-1] INFO  c.m.b.k.service.DynamicRouteService - Completed route status sync
2026-02-25 13:04:59 [http-nio-8081-exec-10] INFO  c.m.b.k.service.Dhis2ClientService - Fetched 2200 org units from metadata API (integratedSystem: DHIS2.DWH)
2026-02-25 13:04:59 [http-nio-8081-exec-10] INFO  c.m.b.k.s.MiddlewareProcessorService - Executing call for API: Hospital_HealthMap_Mapping (ANALYTICS) using integratedSystem: DHIS2.DWH
2026-02-25 13:04:59 [http-nio-8081-exec-10] DEBUG c.m.b.k.s.MiddlewareProcessorService - API flags - useOuFromRequest: true, usePeFromRequest: true
2026-02-25 13:04:59 [http-nio-8081-exec-10] INFO  c.m.b.k.service.Dhis2ClientService - Using DHIS2 settings: integratedSystem=DHIS2.DWH, baseUrl=HTTPS://hmis-dev.moh.gov.jo/dwh
2026-02-25 13:04:59 [http-nio-8081-exec-10] DEBUG c.m.b.k.service.Dhis2ClientService - Built Analytics URL with flags (useOu=true, usePe=true): /api/analytics.json?dimension=dx:C3J9gupRpkv.f6KCBSctsKT;C3J9gupRpkv.qgikuGs16ol;jn4pQVfIaIf;mCryL70xgcR;mCryL70xgcR.n7l9dA920vy;mCryL70xgcR.koh0tliu6RV;cltmZ5EyYNs.n7l9dA920vy;cltmZ5EyYNs.koh0tliu6RV;cltmZ5EyYNs;C3J9gupRpkv.yr1cgGdONRm;C3J9gupRpkv.VzIcBH0k6lJ;M76CHdiNVTr;C3J9gupRpkv.nsIGCAXqmeo;C3J9gupRpkv.ih3CTGgn0l5;Oyxkqradre;nSubq2TDH0g.n7l9dA920vy;nSubq2TDH0g.koh0tliu6RV;nSubq2TDH0g;C3J9gupRpkv.IWjHuBbAQ6U;C3J9gupRpkv.wwP3HvY29bF;wnm7ReXX75U;G8zTi6EPGqj.n7l9dA920vy;G8zTi6EPGqj.koh0tliu6RV;G8zTi6EPGqj;xvHA0fLRcyX.n7l9dA920vy;xvHA0fLRcyX.koh0tliu6RV;xvHA0fLRcyX;C3J9gupRpkv.qRKdkvoSnNy;C3J9gupRpkv.MszHhQEFz4z;jn4pQVfIaIf;f2mdrrKvhGK.n7l9dA920vy;f2mdrrKvhGK.koh0tliu6RV;f2mdrrKvhGK;v1jIqMevb35.f6KCBSctsKT;v1jIqMevb35.qgikuGs16ol;v1jIqMevb35.yr1cgGdONRm;v1jIqMevb35.VzIcBH0k6lJ;v1jIqMevb35.IWjHuBbAQ6U;v1jIqMevb35.wwP3HvY29bF;v1jIqMevb35.nsIGCAXqmeo;v1jIqMevb35.ih3CTGgn0l5;v1jIqMevb35.qRKdkvoSnNy;v1jIqMevb35.MszHhQEFz4z;TbkEXL3zws3.f6KCBSctsKT;TbkEXL3zws3.qgikuGs16ol;TbkEXL3zws3.yr1cgGdONRm;TbkEXL3zws3.VzIcBH0k6lJ;TbkEXL3zws3.IWjHuBbAQ6U;TbkEXL3zws3.wwP3HvY29bF;TbkEXL3zws3.nsIGCAXqmeo;TbkEXL3zws3.ih3CTGgn0l5;TbkEXL3zws3.qRKdkvoSnNy;TbkEXL3zws3.MszHhQEFz4z;nsXaQk7geGa.yTb1U3ECuGF;nsXaQk7geGa.efoIG4g9arY;nsXaQk7geGa.M7dT8gVS7zy;nsXaQk7geGa.FmQ4cAywsli;nsXaQk7geGa.GJ0VvZgluAw;nsXaQk7geGa.oJQWiZkIM0k;J1Vj8d8khPd.yTb1U3ECuGF;J1Vj8d8khPd.efoIG4g9arY;J1Vj8d8khPd.M7dT8gVS7zy;J1Vj8d8khPd.FmQ4cAywsli;J1Vj8d8khPd.GJ0VvZgluAw;J1Vj8d8khPd.oJQWiZkIM0k;wqEip6Dbe3l.yTb1U3ECuGF;wqEip6Dbe3l.efoIG4g9arY;wqEip6Dbe3l.M7dT8gVS7zy;wqEip6Dbe3l.FmQ4cAywsli;wqEip6Dbe3l.GJ0VvZgluAw;wqEip6Dbe3l.oJQWiZkIM0k;jP9Grjpaqun.yTb1U3ECuGF;jP9Grjpaqun.efoIG4g9arY;jP9Grjpaqun.M7dT8gVS7zy;jP9Grjpaqun.FmQ4cAywsli;jP9Grjpaqun.GJ0VvZgluAw;jP9Grjpaqun.oJQWiZkIM0k;WLzrCuWBNnE.yTb1U3ECuGF;WLzrCuWBNnE.efoIG4g9arY;WLzrCuWBNnE.M7dT8gVS7zy;WLzrCuWBNnE.FmQ4cAywsli;WLzrCuWBNnE.GJ0VvZgluAw;WLzrCuWBNnE.oJQWiZkIM0k;CUGep0XzA3A.yTb1U3ECuGF;CUGep0XzA3A.efoIG4g9arY;CUGep0XzA3A.M7dT8gVS7zy;CUGep0XzA3A.FmQ4cAywsli;CUGep0XzA3A.GJ0VvZgluAw;CUGep0XzA3A.oJQWiZkIM0k;mHhrSasaZEk.yTb1U3ECuGF;mHhrSasaZEk.efoIG4g9arY;mHhrSasaZEk.M7dT8gVS7zy;mHhrSasaZEk.FmQ4cAywsli;mHhrSasaZEk.GJ0VvZgluAw;mHhrSasaZEk.oJQWiZkIM0k;pEO23PlwCSb.GJ0VvZgluAw;pEO23PlwCSb.yTb1U3ECuGF;pEO23PlwCSb.efoIG4g9arY;pEO23PlwCSb.M7dT8gVS7zy;pEO23PlwCSb.FmQ4cAywsli;pEO23PlwCSb.oJQWiZkIM0k;M90jcnFPAxk.yTb1U3ECuGF;M90jcnFPAxk.efoIG4g9arY;M90jcnFPAxk.M7dT8gVS7zy;M90jcnFPAxk.FmQ4cAywsli;M90jcnFPAxk.GJ0VvZgluAw;M90jcnFPAxk.oJQWiZkIM0k;QQdagPXych9.yTb1U3ECuGF;QQdagPXych9.efoIG4g9arY;QQdagPXych9.M7dT8gVS7zy;QQdagPXych9.FmQ4cAywsli;QQdagPXych9.GJ0VvZgluAw;QQdagPXych9.oJQWiZkIM0k;C9HrptUsCLz.yTb1U3ECuGF;C9HrptUsCLz.efoIG4g9arY;C9HrptUsCLz.M7dT8gVS7zy;C9HrptUsCLz.FmQ4cAywsli;C9HrptUsCLz.GJ0VvZgluAw;C9HrptUsCLz.oJQWiZkIM0k;MTS6Q2xlT3L.yTb1U3ECuGF;MTS6Q2xlT3L.efoIG4g9arY;MTS6Q2xlT3L.M7dT8gVS7zy;MTS6Q2xlT3L.FmQ4cAywsli;MTS6Q2xlT3L.GJ0VvZgluAw;MTS6Q2xlT3L.oJQWiZkIM0k;HG2yJtkPuFl.yTb1U3ECuGF;HG2yJtkPuFl.efoIG4g9arY;HG2yJtkPuFl.M7dT8gVS7zy;HG2yJtkPuFl.FmQ4cAywsli;HG2yJtkPuFl.GJ0VvZgluAw;HG2yJtkPuFl.oJQWiZkIM0k;k8y8u4reC3j.yTb1U3ECuGF;k8y8u4reC3j.efoIG4g9arY;k8y8u4reC3j.M7dT8gVS7zy;k8y8u4reC3j.FmQ4cAywsli;k8y8u4reC3j.GJ0VvZgluAw;k8y8u4reC3j.oJQWiZkIM0k;h7WZ16B0f5h;bwkaWNM5IxW;IGNjoHsBPA5;Lax7XiHZ8JW;PqpBniaM7Qw;qdGx2wXPmBu;VlUPLLmJyum;X3kIHc7slwq;Eypb9xMSAcl;Kt8FuTI6be4;XCRMCX69YKb;KKk8T1SkAXI;OvOdSwkNN7w;dDyQKZEVXfc;y4CRWblENPS;JEK6BLZSjJr;AThkRYyxfSW;shjOt7XXI6Y;tGIMo3WxNLt;M3lOaTkFa6h;BAzqwT8ahGp;UqDNOKbj06I;AdcYUWNKWVO;SX9h8BXpLCE;b33pgG2ryuO;dyDMZoNSPve;LJSFDCsBKGX;nLkYYy7UfZu;ntGnd7teBlJ;JcgaA2kYLak;x7pAx1mEDVW;Dz9YDM3B11d;TbkEXL3zws3;UkeKK3Yz0eV;HIgoCJ50qkC;H7BYxecWAWS;H7BYxecWAWS;azVbANcTyeq;QqXkYA7XAYw;CCvziA5YTie;RcEuwqgQGf4;T2FsvO0b3jy.UuRrjnhE5uq;T2FsvO0b3jy.eV4Y7v7xFa2;T2FsvO0b3jy.jBX2qee107G;T2FsvO0b3jy.vTYSOxTTCNG;SOxwBu91n8g;xLXMzfGbCvU;wtSyTdH47Yp;K4z9xEWrpom;Io29XwRiXK7;Ug8YP3YzkKk;lJQWri3Cb0V.Jx72l4NfSLz;lJQWri3Cb0V.rLmcoXtmnUM;TbuzgtCfZlN.oUBnaM0PTcd;TbuzgtCfZlN.HJDrURNyZK4;jgsCugn2BZw.HJDrURNyZK4;eQ29xBhM6bZ.HJDrURNyZK4;jgsCugn2BZw.oUBnaM0PTcd;eQ29xBhM6bZ.oUBnaM0PTcd;TbuzgtCfZlN.n7MTyanPfTh;jgsCugn2BZw.n7MTyanPfTh;eQ29xBhM6bZ.n7MTyanPfTh;TbuzgtCfZlN.ezbEKdMfHeV;jgsCugn2BZw.ezbEKdMfHeV;eQ29xBhM6bZ.ezbEKdMfHeV;pKWWsnctb4D;vSSXernIS3R&dimension=ou:CI1vsTW2OMP&dimension=pe:202412
2026-02-25 13:04:59 [http-nio-8081-exec-10] DEBUG o.s.web.client.RestTemplate - HTTP GET https://hmis-dev.moh.gov.jo/dwh/api/analytics.json?dimension=dx:C3J9gupRpkv.f6KCBSctsKT;C3J9gupRpkv.qgikuGs16ol;jn4pQVfIaIf;mCryL70xgcR;mCryL70xgcR.n7l9dA920vy;mCryL70xgcR.koh0tliu6RV;cltmZ5EyYNs.n7l9dA920vy;cltmZ5EyYNs.koh0tliu6RV;cltmZ5EyYNs;C3J9gupRpkv.yr1cgGdONRm;C3J9gupRpkv.VzIcBH0k6lJ;M76CHdiNVTr;C3J9gupRpkv.nsIGCAXqmeo;C3J9gupRpkv.ih3CTGgn0l5;Oyxkqradre;nSubq2TDH0g.n7l9dA920vy;nSubq2TDH0g.koh0tliu6RV;nSubq2TDH0g;C3J9gupRpkv.IWjHuBbAQ6U;C3J9gupRpkv.wwP3HvY29bF;wnm7ReXX75U;G8zTi6EPGqj.n7l9dA920vy;G8zTi6EPGqj.koh0tliu6RV;G8zTi6EPGqj;xvHA0fLRcyX.n7l9dA920vy;xvHA0fLRcyX.koh0tliu6RV;xvHA0fLRcyX;C3J9gupRpkv.qRKdkvoSnNy;C3J9gupRpkv.MszHhQEFz4z;jn4pQVfIaIf;f2mdrrKvhGK.n7l9dA920vy;f2mdrrKvhGK.koh0tliu6RV;f2mdrrKvhGK;v1jIqMevb35.f6KCBSctsKT;v1jIqMevb35.qgikuGs16ol;v1jIqMevb35.yr1cgGdONRm;v1jIqMevb35.VzIcBH0k6lJ;v1jIqMevb35.IWjHuBbAQ6U;v1jIqMevb35.wwP3HvY29bF;v1jIqMevb35.nsIGCAXqmeo;v1jIqMevb35.ih3CTGgn0l5;v1jIqMevb35.qRKdkvoSnNy;v1jIqMevb35.MszHhQEFz4z;TbkEXL3zws3.f6KCBSctsKT;TbkEXL3zws3.qgikuGs16ol;TbkEXL3zws3.yr1cgGdONRm;TbkEXL3zws3.VzIcBH0k6lJ;TbkEXL3zws3.IWjHuBbAQ6U;TbkEXL3zws3.wwP3HvY29bF;TbkEXL3zws3.nsIGCAXqmeo;TbkEXL3zws3.ih3CTGgn0l5;TbkEXL3zws3.qRKdkvoSnNy;TbkEXL3zws3.MszHhQEFz4z;nsXaQk7geGa.yTb1U3ECuGF;nsXaQk7geGa.efoIG4g9arY;nsXaQk7geGa.M7dT8gVS7zy;nsXaQk7geGa.FmQ4cAywsli;nsXaQk7geGa.GJ0VvZgluAw;nsXaQk7geGa.oJQWiZkIM0k;J1Vj8d8khPd.yTb1U3ECuGF;J1Vj8d8khPd.efoIG4g9arY;J1Vj8d8khPd.M7dT8gVS7zy;J1Vj8d8khPd.FmQ4cAywsli;J1Vj8d8khPd.GJ0VvZgluAw;J1Vj8d8khPd.oJQWiZkIM0k;wqEip6Dbe3l.yTb1U3ECuGF;wqEip6Dbe3l.efoIG4g9arY;wqEip6Dbe3l.M7dT8gVS7zy;wqEip6Dbe3l.FmQ4cAywsli;wqEip6Dbe3l.GJ0VvZgluAw;wqEip6Dbe3l.oJQWiZkIM0k;jP9Grjpaqun.yTb1U3ECuGF;jP9Grjpaqun.efoIG4g9arY;jP9Grjpaqun.M7dT8gVS7zy;jP9Grjpaqun.FmQ4cAywsli;jP9Grjpaqun.GJ0VvZgluAw;jP9Grjpaqun.oJQWiZkIM0k;WLzrCuWBNnE.yTb1U3ECuGF;WLzrCuWBNnE.efoIG4g9arY;WLzrCuWBNnE.M7dT8gVS7zy;WLzrCuWBNnE.FmQ4cAywsli;WLzrCuWBNnE.GJ0VvZgluAw;WLzrCuWBNnE.oJQWiZkIM0k;CUGep0XzA3A.yTb1U3ECuGF;CUGep0XzA3A.efoIG4g9arY;CUGep0XzA3A.M7dT8gVS7zy;CUGep0XzA3A.FmQ4cAywsli;CUGep0XzA3A.GJ0VvZgluAw;CUGep0XzA3A.oJQWiZkIM0k;mHhrSasaZEk.yTb1U3ECuGF;mHhrSasaZEk.efoIG4g9arY;mHhrSasaZEk.M7dT8gVS7zy;mHhrSasaZEk.FmQ4cAywsli;mHhrSasaZEk.GJ0VvZgluAw;mHhrSasaZEk.oJQWiZkIM0k;pEO23PlwCSb.GJ0VvZgluAw;pEO23PlwCSb.yTb1U3ECuGF;pEO23PlwCSb.efoIG4g9arY;pEO23PlwCSb.M7dT8gVS7zy;pEO23PlwCSb.FmQ4cAywsli;pEO23PlwCSb.oJQWiZkIM0k;M90jcnFPAxk.yTb1U3ECuGF;M90jcnFPAxk.efoIG4g9arY;M90jcnFPAxk.M7dT8gVS7zy;M90jcnFPAxk.FmQ4cAywsli;M90jcnFPAxk.GJ0VvZgluAw;M90jcnFPAxk.oJQWiZkIM0k;QQdagPXych9.yTb1U3ECuGF;QQdagPXych9.efoIG4g9arY;QQdagPXych9.M7dT8gVS7zy;QQdagPXych9.FmQ4cAywsli;QQdagPXych9.GJ0VvZgluAw;QQdagPXych9.oJQWiZkIM0k;C9HrptUsCLz.yTb1U3ECuGF;C9HrptUsCLz.efoIG4g9arY;C9HrptUsCLz.M7dT8gVS7zy;C9HrptUsCLz.FmQ4cAywsli;C9HrptUsCLz.GJ0VvZgluAw;C9HrptUsCLz.oJQWiZkIM0k;MTS6Q2xlT3L.yTb1U3ECuGF;MTS6Q2xlT3L.efoIG4g9arY;MTS6Q2xlT3L.M7dT8gVS7zy;MTS6Q2xlT3L.FmQ4cAywsli;MTS6Q2xlT3L.GJ0VvZgluAw;MTS6Q2xlT3L.oJQWiZkIM0k;HG2yJtkPuFl.yTb1U3ECuGF;HG2yJtkPuFl.efoIG4g9arY;HG2yJtkPuFl.M7dT8gVS7zy;HG2yJtkPuFl.FmQ4cAywsli;HG2yJtkPuFl.GJ0VvZgluAw;HG2yJtkPuFl.oJQWiZkIM0k;k8y8u4reC3j.yTb1U3ECuGF;k8y8u4reC3j.efoIG4g9arY;k8y8u4reC3j.M7dT8gVS7zy;k8y8u4reC3j.FmQ4cAywsli;k8y8u4reC3j.GJ0VvZgluAw;k8y8u4reC3j.oJQWiZkIM0k;h7WZ16B0f5h;bwkaWNM5IxW;IGNjoHsBPA5;Lax7XiHZ8JW;PqpBniaM7Qw;qdGx2wXPmBu;VlUPLLmJyum;X3kIHc7slwq;Eypb9xMSAcl;Kt8FuTI6be4;XCRMCX69YKb;KKk8T1SkAXI;OvOdSwkNN7w;dDyQKZEVXfc;y4CRWblENPS;JEK6BLZSjJr;AThkRYyxfSW;shjOt7XXI6Y;tGIMo3WxNLt;M3lOaTkFa6h;BAzqwT8ahGp;UqDNOKbj06I;AdcYUWNKWVO;SX9h8BXpLCE;b33pgG2ryuO;dyDMZoNSPve;LJSFDCsBKGX;nLkYYy7UfZu;ntGnd7teBlJ;JcgaA2kYLak;x7pAx1mEDVW;Dz9YDM3B11d;TbkEXL3zws3;UkeKK3Yz0eV;HIgoCJ50qkC;H7BYxecWAWS;H7BYxecWAWS;azVbANcTyeq;QqXkYA7XAYw;CCvziA5YTie;RcEuwqgQGf4;T2FsvO0b3jy.UuRrjnhE5uq;T2FsvO0b3jy.eV4Y7v7xFa2;T2FsvO0b3jy.jBX2qee107G;T2FsvO0b3jy.vTYSOxTTCNG;SOxwBu91n8g;xLXMzfGbCvU;wtSyTdH47Yp;K4z9xEWrpom;Io29XwRiXK7;Ug8YP3YzkKk;lJQWri3Cb0V.Jx72l4NfSLz;lJQWri3Cb0V.rLmcoXtmnUM;TbuzgtCfZlN.oUBnaM0PTcd;TbuzgtCfZlN.HJDrURNyZK4;jgsCugn2BZw.HJDrURNyZK4;eQ29xBhM6bZ.HJDrURNyZK4;jgsCugn2BZw.oUBnaM0PTcd;eQ29xBhM6bZ.oUBnaM0PTcd;TbuzgtCfZlN.n7MTyanPfTh;jgsCugn2BZw.n7MTyanPfTh;eQ29xBhM6bZ.n7MTyanPfTh;TbuzgtCfZlN.ezbEKdMfHeV;jgsCugn2BZw.ezbEKdMfHeV;eQ29xBhM6bZ.ezbEKdMfHeV;pKWWsnctb4D;vSSXernIS3R&dimension=ou:CI1vsTW2OMP&dimension=pe:202412
2026-02-25 13:04:59 [http-nio-8081-exec-10] DEBUG o.s.web.client.RestTemplate - Accept=[text/plain, application/json, application/yaml, application/*+json, */*]
2026-02-25 13:05:00 [http-nio-8081-exec-10] DEBUG o.s.web.client.RestTemplate - Response 200 OK
2026-02-25 13:05:00 [http-nio-8081-exec-10] DEBUG o.s.web.client.RestTemplate - Reading to [java.lang.String] as "application/json;charset=UTF-8"
2026-02-25 13:05:00 [http-nio-8081-exec-10] DEBUG c.m.b.k.service.Dhis2ClientService - Extracted 0 attribute IDs from API URL
2026-02-25 13:05:00 [http-nio-8081-exec-10] INFO  c.m.b.k.s.MiddlewareProcessorService - Built middleware response with 1 org units
2026-02-25 13:05:00 [http-nio-8081-exec-10] INFO  c.m.b.c.IntegrationMappingConfiguration - Mapping processed successfully for API: Hospital_HealthMap_Mappin with 1 rows
2026-02-25 13:05:00 [http-nio-8081-exec-10] DEBUG o.a.c.http.common.DefaultHttpBinding - Streaming response in chunked mode with buffer size 8192
2026-02-25 13:05:00 [http-nio-8081-exec-10] DEBUG o.s.w.f.CommonsRequestLoggingFilter - After request [GET /camel/v1/hospitales?transactionUUID=98993303-af22-44eb-91e3-714a1e7264ce&ou=CI1vsTW2OMP&pe=202412, client=0:0:0:0:0:0:0:1, user=healthmap@mail.com, payload=
]
2026-02-25 13:05:00 [task-4] DEBUG c.m.b.l.s.MiddlewareApiCallLogService - updateTransaction... updating Route [servlet:/v1/hospitales?httpMethodRestrict=GET] - Exchange content: {transactionUUID=98993303-af22-44eb-91e3-714a1e7264ce, mapping.success=true, CamelCharsetName=UTF-8, mapping.status=SUCCESS, CamelToEndpoint=integrationmapping://null?code=default, apiLogId=86}
2026-02-25 13:05:00 [task-4] INFO  c.m.b.l.s.MiddlewareApiCallLogService - Transaction 32609310-e0f9-418b-94f3-f31593020b7f for routeId: Hospital_HealthMap_Mappin updated successfully: status=COMPLETED, responseCode=200
2026-02-25 13:05:25 [scheduling-1] INFO  c.m.b.k.service.DynamicRouteService - Starting route status sync with Camel context
2026-02-25 13:05:25 [scheduling-1] INFO  c.m.b.k.service.DynamicRouteService - Completed route status sync
2026-02-25 13:05:55 [scheduling-1] INFO  c.m.b.k.service.DynamicRouteService - Starting route status sync with Camel context
2026-02-25 13:05:55 [scheduling-1] INFO  c.m.b.k.service.DynamicRouteService - Completed route status sync
2026-02-25 13:06:25 [scheduling-1] INFO  c.m.b.k.service.DynamicRouteService - Starting route status sync with Camel context
2026-02-25 13:06:25 [scheduling-1] INFO  c.m.b.k.service.DynamicRouteService - Completed route status sync
2026-02-25 13:06:55 [scheduling-1] INFO  c.m.b.k.service.DynamicRouteService - Starting route status sync with Camel context
2026-02-25 13:06:55 [scheduling-1] INFO  c.m.b.k.service.DynamicRouteService - Completed route status sync
2026-02-25 13:07:25 [scheduling-1] INFO  c.m.b.k.service.DynamicRouteService - Starting route status sync with Camel context
2026-02-25 13:07:25 [scheduling-1] INFO  c.m.b.k.service.DynamicRouteService - Completed route status sync
2026-02-25 13:07:55 [scheduling-1] INFO  c.m.b.k.service.DynamicRouteService - Starting route status sync with Camel context
2026-02-25 13:07:55 [scheduling-1] INFO  c.m.b.k.service.DynamicRouteService - Completed route status sync
2026-02-25 13:08:09 [http-nio-8081-exec-4] INFO  c.m.b.k.service.DynamicRouteService - Fetching active routes with pagination
2026-02-25 13:08:09 [http-nio-8081-exec-4] DEBUG o.s.w.f.CommonsRequestLoggingFilter - Before request [GET /api/integrated-apis/2, client=0:0:0:0:0:0:0:1, user=admin@mail.com]
2026-02-25 13:08:09 [http-nio-8081-exec-4] DEBUG o.s.web.servlet.DispatcherServlet - GET "/api/integrated-apis/2", parameters={}
2026-02-25 13:08:09 [http-nio-8081-exec-4] DEBUG o.s.w.s.m.m.a.RequestMappingHandlerMapping - Mapped to com.middleware.backend.kaotocamel.controller.IntegratedApiController#findById(Long)
2026-02-25 13:08:09 [http-nio-8081-exec-4] DEBUG o.s.w.s.m.m.a.HttpEntityMethodProcessor - Using 'application/json', given [application/json] and supported [application/json, application/*+json, application/yaml]
2026-02-25 13:08:09 [http-nio-8081-exec-4] DEBUG o.s.w.s.m.m.a.HttpEntityMethodProcessor - Writing [IntegratedApiDto(id=2, code=Hospital_HealthMap_Mapping, name=Hospital HealthMap, apiUrl=/api/analyti (truncated)...]
2026-02-25 13:08:09 [http-nio-8081-exec-4] DEBUG o.s.web.servlet.DispatcherServlet - Completed 200 OK
2026-02-25 13:08:09 [http-nio-8081-exec-4] DEBUG o.a.camel.spring.SpringCamelContext - onApplicationEvent: ServletRequestHandledEvent: url=[/api/integrated-apis/2]; client=[0:0:0:0:0:0:0:1]; method=[GET]; status=[200]; servlet=[dispatcherServlet]; session=[null]; user=[admin@mail.com]; time=[171ms]
2026-02-25 13:08:09 [http-nio-8081-exec-4] DEBUG o.s.w.f.CommonsRequestLoggingFilter - After request [GET /api/integrated-apis/2, client=0:0:0:0:0:0:0:1, user=admin@mail.com]
2026-02-25 13:08:13 [http-nio-8081-exec-5] INFO  c.m.b.k.service.DynamicRouteService - Fetching active routes with pagination
2026-02-25 13:08:13 [http-nio-8081-exec-5] DEBUG o.s.w.f.CommonsRequestLoggingFilter - Before request [GET /api/integrated-apis/2, client=0:0:0:0:0:0:0:1, user=admin@mail.com]
2026-02-25 13:08:13 [http-nio-8081-exec-5] DEBUG o.s.web.servlet.DispatcherServlet - GET "/api/integrated-apis/2", parameters={}
2026-02-25 13:08:13 [http-nio-8081-exec-5] DEBUG o.s.w.s.m.m.a.RequestMappingHandlerMapping - Mapped to com.middleware.backend.kaotocamel.controller.IntegratedApiController#findById(Long)
2026-02-25 13:08:13 [http-nio-8081-exec-5] DEBUG o.s.w.s.m.m.a.HttpEntityMethodProcessor - Using 'application/json', given [application/json] and supported [application/json, application/*+json, application/yaml]
2026-02-25 13:08:13 [http-nio-8081-exec-5] DEBUG o.s.w.s.m.m.a.HttpEntityMethodProcessor - Writing [IntegratedApiDto(id=2, code=Hospital_HealthMap_Mapping, name=Hospital HealthMap, apiUrl=/api/analyti (truncated)...]
2026-02-25 13:08:13 [http-nio-8081-exec-5] DEBUG o.s.web.servlet.DispatcherServlet - Completed 200 OK
2026-02-25 13:08:13 [http-nio-8081-exec-5] DEBUG o.a.camel.spring.SpringCamelContext - onApplicationEvent: ServletRequestHandledEvent: url=[/api/integrated-apis/2]; client=[0:0:0:0:0:0:0:1]; method=[GET]; status=[200]; servlet=[dispatcherServlet]; session=[null]; user=[admin@mail.com]; time=[165ms]
2026-02-25 13:08:13 [http-nio-8081-exec-5] DEBUG o.s.w.f.CommonsRequestLoggingFilter - After request [GET /api/integrated-apis/2, client=0:0:0:0:0:0:0:1, user=admin@mail.com]
2026-02-25 13:08:25 [scheduling-1] INFO  c.m.b.k.service.DynamicRouteService - Starting route status sync with Camel context
2026-02-25 13:08:25 [scheduling-1] INFO  c.m.b.k.service.DynamicRouteService - Completed route status sync
2026-02-25 13:08:26 [http-nio-8081-exec-6] INFO  c.m.b.k.service.DynamicRouteService - Fetching active routes with pagination
2026-02-25 13:08:26 [http-nio-8081-exec-6] DEBUG o.s.w.f.CommonsRequestLoggingFilter - Before request [PUT /api/integrated-apis/2, client=0:0:0:0:0:0:0:1, user=admin@mail.com]
2026-02-25 13:08:26 [http-nio-8081-exec-6] DEBUG o.s.web.servlet.DispatcherServlet - PUT "/api/integrated-apis/2", parameters={}
2026-02-25 13:08:26 [http-nio-8081-exec-6] DEBUG o.s.w.s.m.m.a.RequestMappingHandlerMapping - Mapped to com.middleware.backend.kaotocamel.controller.IntegratedApiController#update(Long, IntegratedApiRequestDto)
2026-02-25 13:08:26 [http-nio-8081-exec-6] DEBUG o.s.w.s.m.m.a.RequestResponseBodyMethodProcessor - Read "application/json;charset=UTF-8" to [IntegratedApiRequestDto(code=Hospital_HealthMap_Mapping, name=Hospital HealthMap, apiUrl=/api/analyt (truncated)...]
2026-02-25 13:08:26 [http-nio-8081-exec-6] INFO  c.m.b.k.service.IntegratedApiService - Updating integrated API: 2
2026-02-25 13:08:26 [http-nio-8081-exec-6] INFO  c.m.b.k.service.IntegratedApiService - Updated integrated API: Hospital_HealthMap_Mapping by user: admin@mail.com
2026-02-25 13:08:26 [http-nio-8081-exec-6] INFO  c.m.b.k.c.IntegratedApiController - Updated integrated API: Hospital_HealthMap_Mapping
2026-02-25 13:08:26 [http-nio-8081-exec-6] DEBUG o.s.w.s.m.m.a.HttpEntityMethodProcessor - Using 'application/json', given [application/json] and supported [application/json, application/*+json, application/yaml]
2026-02-25 13:08:26 [http-nio-8081-exec-6] DEBUG o.s.w.s.m.m.a.HttpEntityMethodProcessor - Writing [IntegratedApiDto(id=2, code=Hospital_HealthMap_Mapping, name=Hospital HealthMap, apiUrl=/api/analyti (truncated)...]
2026-02-25 13:08:26 [http-nio-8081-exec-6] DEBUG o.s.web.servlet.DispatcherServlet - Completed 200 OK
2026-02-25 13:08:26 [http-nio-8081-exec-6] DEBUG o.a.camel.spring.SpringCamelContext - onApplicationEvent: ServletRequestHandledEvent: url=[/api/integrated-apis/2]; client=[0:0:0:0:0:0:0:1]; method=[PUT]; status=[200]; servlet=[dispatcherServlet]; session=[null]; user=[admin@mail.com]; time=[326ms]
2026-02-25 13:08:26 [http-nio-8081-exec-6] DEBUG o.s.w.f.CommonsRequestLoggingFilter - After request [PUT /api/integrated-apis/2, client=0:0:0:0:0:0:0:1, user=admin@mail.com, payload={"code":"Hospital_HealthMap_Mapping","name":"Hospital HealthMap","type":"ANALYTICS","integratedSystem":"DHIS2.DWH","apiUrl":"/api/analytics.json?dimension=dx:C3J9gupRpkv.f6KCBSctsKT;C3J9gupRpkv.qgikuGs16ol;jn4pQVfIaIf;mCryL70xgcR;mCryL70xgcR.n7l9dA920vy;mCryL70xgcR.koh0tliu6RV;cltmZ5EyYNs.n7l9dA920vy;cltmZ5EyYNs.koh0tliu6RV;cltmZ5EyYNs;C3J9gupRpkv.yr1cgGdONRm;C3J9gupRpkv.VzIcBH0k6lJ;M76CHdiNVTr;C3J9gupRpkv.nsIGCAXqmeo;C3J9gupRpkv.ih3CTGgn0l5;Oyxkqradre;nSubq2TDH0g.n7l9dA920vy;nSubq2TDH0g.koh0tliu6RV;nSubq2TDH0g;C3J9gupRpkv.IWjHuBbAQ6U;C3J9gupRpkv.wwP3HvY29bF;wnm7ReXX75U;G8zTi6EPGqj.n7l9dA920vy;G8zTi6EPGqj.koh0tliu6RV;G8zTi6EPGqj;xvHA0fLRcyX.n7l9dA920vy;xvHA0fLRcyX.koh0tliu6RV;xvHA0fLRcyX;C3J9gupRpkv.qRKdkvoSnNy;C3J9gupRpkv.MszHhQEFz4z;jn4pQVfIaIf;f2mdrrKvhGK.n7l9dA920vy;f2mdrrKvhGK.koh0tliu6RV;f2mdrrKvhGK;v1jIqMevb35.f6KCBSctsKT;v1jIqMevb35.qgikuGs16ol;v1jIqMevb35.yr1cgGdONRm;v1jIqMevb35.VzIcBH0k6lJ;v1jIqMevb35.IWjHuBbAQ6U;v1jIqMevb35.wwP3HvY29bF;v1jIqMevb35.nsIGCAXqmeo;v1jIqMevb35.ih3]
2026-02-25 13:08:27 [http-nio-8081-exec-8] INFO  c.m.b.k.service.DynamicRouteService - Fetching active routes with pagination
2026-02-25 13:08:27 [http-nio-8081-exec-7] INFO  c.m.b.k.service.DynamicRouteService - Fetching active routes with pagination
2026-02-25 13:08:27 [http-nio-8081-exec-8] DEBUG o.s.w.f.CommonsRequestLoggingFilter - Before request [GET /api/integrated-system/codes, client=0:0:0:0:0:0:0:1, user=admin@mail.com]
2026-02-25 13:08:27 [http-nio-8081-exec-8] DEBUG o.s.web.servlet.DispatcherServlet - GET "/api/integrated-system/codes", parameters={}
2026-02-25 13:08:27 [http-nio-8081-exec-8] DEBUG o.s.w.s.m.m.a.RequestMappingHandlerMapping - Mapped to com.middleware.backend.integrated_systems.controller.IntegratedSystemController#getAllCodes()
2026-02-25 13:08:27 [http-nio-8081-exec-7] DEBUG o.s.w.f.CommonsRequestLoggingFilter - Before request [GET /api/integrated-apis?page=0&size=10, client=0:0:0:0:0:0:0:1, user=admin@mail.com]
2026-02-25 13:08:27 [http-nio-8081-exec-7] DEBUG o.s.web.servlet.DispatcherServlet - GET "/api/integrated-apis?page=0&size=10", parameters={masked}
2026-02-25 13:08:27 [http-nio-8081-exec-7] DEBUG o.s.w.s.m.m.a.RequestMappingHandlerMapping - Mapped to com.middleware.backend.kaotocamel.controller.IntegratedApiController#findAll(String, String, String, String, String, String, Boolean, String, LocalDateTime, LocalDateTime, LocalDateTime, LocalDateTime, String, Long, Long, int, int, String[])
2026-02-25 13:08:27 [http-nio-8081-exec-7] DEBUG c.m.b.k.c.IntegratedApiController - Received sort params: [id, desc]
2026-02-25 13:08:27 [http-nio-8081-exec-7] DEBUG c.m.b.k.c.IntegratedApiController - Handling separated params - field: 'id', direction: 'desc'
2026-02-25 13:08:27 [http-nio-8081-exec-7] DEBUG c.m.b.k.c.IntegratedApiController - Added separated sort order: id DESC
2026-02-25 13:08:27 [http-nio-8081-exec-7] DEBUG c.m.b.k.c.IntegratedApiController - Final sort object: id: DESC
2026-02-25 13:08:27 [http-nio-8081-exec-8] DEBUG o.s.w.s.m.m.a.HttpEntityMethodProcessor - Using 'application/json', given [application/json] and supported [application/json, application/*+json, application/yaml]
2026-02-25 13:08:27 [http-nio-8081-exec-8] DEBUG o.s.w.s.m.m.a.HttpEntityMethodProcessor - Writing [[DHIS2.DWH, DHIS2.STABLE]]
2026-02-25 13:08:27 [http-nio-8081-exec-8] DEBUG o.s.web.servlet.DispatcherServlet - Completed 200 OK
2026-02-25 13:08:27 [http-nio-8081-exec-8] DEBUG o.a.camel.spring.SpringCamelContext - onApplicationEvent: ServletRequestHandledEvent: url=[/api/integrated-system/codes]; client=[0:0:0:0:0:0:0:1]; method=[GET]; status=[200]; servlet=[dispatcherServlet]; session=[null]; user=[admin@mail.com]; time=[184ms]
2026-02-25 13:08:27 [http-nio-8081-exec-8] DEBUG o.s.w.f.CommonsRequestLoggingFilter - After request [GET /api/integrated-system/codes, client=0:0:0:0:0:0:0:1, user=admin@mail.com]
2026-02-25 13:08:27 [http-nio-8081-exec-7] DEBUG o.s.w.s.m.m.a.HttpEntityMethodProcessor - Using 'application/json', given [application/json] and supported [application/json, application/*+json, application/yaml]
2026-02-25 13:08:27 [http-nio-8081-exec-7] DEBUG o.s.w.s.m.m.a.HttpEntityMethodProcessor - Writing [Page 1 of 1 containing com.middleware.backend.kaotocamel.dto.IntegratedApiDto instances]
2026-02-25 13:08:27 [http-nio-8081-exec-7] DEBUG o.s.web.servlet.DispatcherServlet - Completed 200 OK
2026-02-25 13:08:27 [http-nio-8081-exec-7] DEBUG o.a.camel.spring.SpringCamelContext - onApplicationEvent: ServletRequestHandledEvent: url=[/api/integrated-apis]; client=[0:0:0:0:0:0:0:1]; method=[GET]; status=[200]; servlet=[dispatcherServlet]; session=[null]; user=[admin@mail.com]; time=[148ms]
2026-02-25 13:08:27 [http-nio-8081-exec-7] DEBUG o.s.w.f.CommonsRequestLoggingFilter - After request [GET /api/integrated-apis?page=0&size=10, client=0:0:0:0:0:0:0:1, user=admin@mail.com]
2026-02-25 13:08:29 [http-nio-8081-exec-10] INFO  c.m.b.k.service.DynamicRouteService - Fetching active routes with pagination
2026-02-25 13:08:29 [http-nio-8081-exec-10] INFO  c.m.b.k.service.DynamicRouteService - Fetching active routes with pagination
2026-02-25 13:08:30 [http-nio-8081-exec-10] DEBUG o.s.w.f.CommonsRequestLoggingFilter - Before request [GET /camel/v1/hospitales?transactionUUID=c5b6441e-fa68-49e4-9664-13dc498f4269&ou=CI1vsTW2OMP&pe=202412, client=0:0:0:0:0:0:0:1, user=healthmap@mail.com]
2026-02-25 13:08:30 [http-nio-8081-exec-10] INFO  c.m.b.policy.LoggingRoutePolicy - LoggingRoutePolicy.onExchangeBegin: Route [Hospital_HealthMap_Mappin] - Incoming exchange: 2EC2EBC69EFC516-0000000000000004
2026-02-25 13:08:30 [http-nio-8081-exec-10] DEBUG c.m.b.l.s.MiddlewareApiCallLogService - createTransactionSync... creating log for Route [Hospital_HealthMap_Mappin] - Exchange content: {CamelCharsetName=UTF-8}
2026-02-25 13:08:30 [http-nio-8081-exec-10] DEBUG c.m.b.l.s.MiddlewareApiCallLogService - UUID validation passed for: c5b6441e-fa68-49e4-9664-13dc498f4269
2026-02-25 13:08:30 [http-nio-8081-exec-10] DEBUG c.m.b.l.s.MiddlewareApiCallLogService - First attempt for new UUID: c5b6441e-fa68-49e4-9664-13dc498f4269
2026-02-25 13:08:30 [http-nio-8081-exec-10] INFO  c.m.b.policy.LoggingRoutePolicy - LoggingRoutePolicy.onExchangeBegin: Route [Hospital_HealthMap_Mappin] - call log created with ID 87
2026-02-25 13:08:30 [http-nio-8081-exec-10] DEBUG o.a.camel.processor.SendProcessor - >>>> integrationmapping://null?code=default Exchange[2EC2EBC69EFC516-0000000000000004]
2026-02-25 13:08:30 [http-nio-8081-exec-10] INFO  c.m.IntegrationMappingProducer - Processing Integration Mapping for routeId: Hospital_HealthMap_Mappin
2026-02-25 13:08:30 [http-nio-8081-exec-10] INFO  c.m.IntegrationMappingProducer - Built request - RouteID: Hospital_HealthMap_Mappin, pe: 202412, ou: CI1vsTW2OMP, dhis2Code: null, UUID: c5b6441e-fa68-49e4-9664-13dc498f4269
2026-02-25 13:08:30 [http-nio-8081-exec-10] INFO  c.m.b.c.IntegrationMappingConfiguration - Processing mapping for API: Hospital_HealthMap_Mappin
2026-02-25 13:08:30 [http-nio-8081-exec-10] INFO  c.m.b.k.s.MiddlewareProcessorService - Processing middleware request for Route ID: Hospital_HealthMap_Mappin with period: 202412, ou: CI1vsTW2OMP
2026-02-25 13:08:30 [http-nio-8081-exec-10] DEBUG c.m.b.k.s.MiddlewareProcessorService - Request parameters - ou: CI1vsTW2OMP, pe: 202412
2026-02-25 13:08:30 [http-nio-8081-exec-10] INFO  c.m.b.k.s.MiddlewareProcessorService - Grouped 236 mappings into 1 API calls
2026-02-25 13:08:30 [http-nio-8081-exec-10] INFO  c.m.b.k.s.MiddlewareProcessorService - Fetching org units metadata using integratedSystem: DHIS2.DWH
2026-02-25 13:08:30 [http-nio-8081-exec-10] INFO  c.m.b.k.service.Dhis2ClientService - Fetching metadata using integratedSystem: DHIS2.DWH (from metadata API)
2026-02-25 13:08:30 [http-nio-8081-exec-10] DEBUG o.s.web.client.RestTemplate - HTTP GET https://hmis-dev.moh.gov.jo/dwh/api/metadata.json?organisationUnits=true&fields=id,code,name,displayName,shortName,description,openingDate,closedDate,level,phoneNumber,email,address,url,parent%5Bid,code,name,level,parent%5Bid,code,name,level,parent%5Bid,code,name,level,parent%5Bid,code,name,level,parent%5Bid,code,name,level%5D%5D%5D%5D%5D,translations,organisationUnitGroups%5Bid,code,name%5D,lastUpdated,attributeValues%5Bvalue,attribute%5Bid,code,name%5D%5D,geometry,image%5Bid,name%5D,openingDate,closedDate,groups%5Bid,code,name%5D&outputIdScheme=CODE
2026-02-25 13:08:30 [http-nio-8081-exec-10] DEBUG o.s.web.client.RestTemplate - Accept=[text/plain, application/json, application/yaml, application/*+json, */*]
2026-02-25 13:08:31 [http-nio-8081-exec-10] DEBUG o.s.web.client.RestTemplate - Response 200 OK
2026-02-25 13:08:31 [http-nio-8081-exec-10] DEBUG o.s.web.client.RestTemplate - Reading to [java.lang.String] as "application/json;charset=UTF-8"
2026-02-25 13:08:33 [http-nio-8081-exec-10] INFO  c.m.b.k.service.Dhis2ClientService - Fetched 2200 org units from metadata API (integratedSystem: DHIS2.DWH)
2026-02-25 13:08:33 [http-nio-8081-exec-10] INFO  c.m.b.k.s.MiddlewareProcessorService - Executing call for API: Hospital_HealthMap_Mapping (ANALYTICS) using integratedSystem: DHIS2.DWH
2026-02-25 13:08:33 [http-nio-8081-exec-10] DEBUG c.m.b.k.s.MiddlewareProcessorService - API flags - useOuFromRequest: true, usePeFromRequest: true
2026-02-25 13:08:33 [http-nio-8081-exec-10] INFO  c.m.b.k.service.Dhis2ClientService - Using DHIS2 settings: integratedSystem=DHIS2.DWH, baseUrl=HTTPS://hmis-dev.moh.gov.jo/dwh
2026-02-25 13:08:33 [http-nio-8081-exec-10] DEBUG c.m.b.k.service.Dhis2ClientService - Built Analytics URL with flags (useOu=true, usePe=true): /api/analytics.json?dimension=dx:C3J9gupRpkv.f6KCBSctsKT;C3J9gupRpkv.qgikuGs16ol;jn4pQVfIaIf;mCryL70xgcR;mCryL70xgcR.n7l9dA920vy;mCryL70xgcR.koh0tliu6RV;cltmZ5EyYNs.n7l9dA920vy;cltmZ5EyYNs.koh0tliu6RV;cltmZ5EyYNs;C3J9gupRpkv.yr1cgGdONRm;C3J9gupRpkv.VzIcBH0k6lJ;M76CHdiNVTr;C3J9gupRpkv.nsIGCAXqmeo;C3J9gupRpkv.ih3CTGgn0l5;Oyxkqradre;nSubq2TDH0g.n7l9dA920vy;nSubq2TDH0g.koh0tliu6RV;nSubq2TDH0g;C3J9gupRpkv.IWjHuBbAQ6U;C3J9gupRpkv.wwP3HvY29bF;wnm7ReXX75U;G8zTi6EPGqj.n7l9dA920vy;G8zTi6EPGqj.koh0tliu6RV;G8zTi6EPGqj;xvHA0fLRcyX.n7l9dA920vy;xvHA0fLRcyX.koh0tliu6RV;xvHA0fLRcyX;C3J9gupRpkv.qRKdkvoSnNy;C3J9gupRpkv.MszHhQEFz4z;jn4pQVfIaIf;f2mdrrKvhGK.n7l9dA920vy;f2mdrrKvhGK.koh0tliu6RV;f2mdrrKvhGK;v1jIqMevb35.f6KCBSctsKT;v1jIqMevb35.qgikuGs16ol;v1jIqMevb35.yr1cgGdONRm;v1jIqMevb35.VzIcBH0k6lJ;v1jIqMevb35.IWjHuBbAQ6U;v1jIqMevb35.wwP3HvY29bF;v1jIqMevb35.nsIGCAXqmeo;v1jIqMevb35.ih3CTGgn0l5;v1jIqMevb35.qRKdkvoSnNy;v1jIqMevb35.MszHhQEFz4z;TbkEXL3zws3.f6KCBSctsKT;TbkEXL3zws3.qgikuGs16ol;TbkEXL3zws3.yr1cgGdONRm;TbkEXL3zws3.VzIcBH0k6lJ;TbkEXL3zws3.IWjHuBbAQ6U;TbkEXL3zws3.wwP3HvY29bF;TbkEXL3zws3.nsIGCAXqmeo;TbkEXL3zws3.ih3CTGgn0l5;TbkEXL3zws3.qRKdkvoSnNy;TbkEXL3zws3.MszHhQEFz4z;nsXaQk7geGa.yTb1U3ECuGF;nsXaQk7geGa.efoIG4g9arY;nsXaQk7geGa.M7dT8gVS7zy;nsXaQk7geGa.FmQ4cAywsli;nsXaQk7geGa.GJ0VvZgluAw;nsXaQk7geGa.oJQWiZkIM0k;J1Vj8d8khPd.yTb1U3ECuGF;J1Vj8d8khPd.efoIG4g9arY;J1Vj8d8khPd.M7dT8gVS7zy;J1Vj8d8khPd.FmQ4cAywsli;J1Vj8d8khPd.GJ0VvZgluAw;J1Vj8d8khPd.oJQWiZkIM0k;wqEip6Dbe3l.yTb1U3ECuGF;wqEip6Dbe3l.efoIG4g9arY;wqEip6Dbe3l.M7dT8gVS7zy;wqEip6Dbe3l.FmQ4cAywsli;wqEip6Dbe3l.GJ0VvZgluAw;wqEip6Dbe3l.oJQWiZkIM0k;jP9Grjpaqun.yTb1U3ECuGF;jP9Grjpaqun.efoIG4g9arY;jP9Grjpaqun.M7dT8gVS7zy;jP9Grjpaqun.FmQ4cAywsli;jP9Grjpaqun.GJ0VvZgluAw;jP9Grjpaqun.oJQWiZkIM0k;WLzrCuWBNnE.yTb1U3ECuGF;WLzrCuWBNnE.efoIG4g9arY;WLzrCuWBNnE.M7dT8gVS7zy;WLzrCuWBNnE.FmQ4cAywsli;WLzrCuWBNnE.GJ0VvZgluAw;WLzrCuWBNnE.oJQWiZkIM0k;CUGep0XzA3A.yTb1U3ECuGF;CUGep0XzA3A.efoIG4g9arY;CUGep0XzA3A.M7dT8gVS7zy;CUGep0XzA3A.FmQ4cAywsli;CUGep0XzA3A.GJ0VvZgluAw;CUGep0XzA3A.oJQWiZkIM0k;mHhrSasaZEk.yTb1U3ECuGF;mHhrSasaZEk.efoIG4g9arY;mHhrSasaZEk.M7dT8gVS7zy;mHhrSasaZEk.FmQ4cAywsli;mHhrSasaZEk.GJ0VvZgluAw;mHhrSasaZEk.oJQWiZkIM0k;pEO23PlwCSb.GJ0VvZgluAw;pEO23PlwCSb.yTb1U3ECuGF;pEO23PlwCSb.efoIG4g9arY;pEO23PlwCSb.M7dT8gVS7zy;pEO23PlwCSb.FmQ4cAywsli;pEO23PlwCSb.oJQWiZkIM0k;M90jcnFPAxk.yTb1U3ECuGF;M90jcnFPAxk.efoIG4g9arY;M90jcnFPAxk.M7dT8gVS7zy;M90jcnFPAxk.FmQ4cAywsli;M90jcnFPAxk.GJ0VvZgluAw;M90jcnFPAxk.oJQWiZkIM0k;QQdagPXych9.yTb1U3ECuGF;QQdagPXych9.efoIG4g9arY;QQdagPXych9.M7dT8gVS7zy;QQdagPXych9.FmQ4cAywsli;QQdagPXych9.GJ0VvZgluAw;QQdagPXych9.oJQWiZkIM0k;C9HrptUsCLz.yTb1U3ECuGF;C9HrptUsCLz.efoIG4g9arY;C9HrptUsCLz.M7dT8gVS7zy;C9HrptUsCLz.FmQ4cAywsli;C9HrptUsCLz.GJ0VvZgluAw;C9HrptUsCLz.oJQWiZkIM0k;MTS6Q2xlT3L.yTb1U3ECuGF;MTS6Q2xlT3L.efoIG4g9arY;MTS6Q2xlT3L.M7dT8gVS7zy;MTS6Q2xlT3L.FmQ4cAywsli;MTS6Q2xlT3L.GJ0VvZgluAw;MTS6Q2xlT3L.oJQWiZkIM0k;HG2yJtkPuFl.yTb1U3ECuGF;HG2yJtkPuFl.efoIG4g9arY;HG2yJtkPuFl.M7dT8gVS7zy;HG2yJtkPuFl.FmQ4cAywsli;HG2yJtkPuFl.GJ0VvZgluAw;HG2yJtkPuFl.oJQWiZkIM0k;k8y8u4reC3j.yTb1U3ECuGF;k8y8u4reC3j.efoIG4g9arY;k8y8u4reC3j.M7dT8gVS7zy;k8y8u4reC3j.FmQ4cAywsli;k8y8u4reC3j.GJ0VvZgluAw;k8y8u4reC3j.oJQWiZkIM0k;h7WZ16B0f5h;bwkaWNM5IxW;IGNjoHsBPA5;Lax7XiHZ8JW;PqpBniaM7Qw;qdGx2wXPmBu;VlUPLLmJyum;X3kIHc7slwq;Eypb9xMSAcl;Kt8FuTI6be4;XCRMCX69YKb;KKk8T1SkAXI;OvOdSwkNN7w;dDyQKZEVXfc;y4CRWblENPS;JEK6BLZSjJr;AThkRYyxfSW;shjOt7XXI6Y;tGIMo3WxNLt;M3lOaTkFa6h;BAzqwT8ahGp;UqDNOKbj06I;AdcYUWNKWVO;SX9h8BXpLCE;b33pgG2ryuO;dyDMZoNSPve;LJSFDCsBKGX;nLkYYy7UfZu;ntGnd7teBlJ;JcgaA2kYLak;x7pAx1mEDVW;Dz9YDM3B11d;TbkEXL3zws3;UkeKK3Yz0eV;HIgoCJ50qkC;H7BYxecWAWS;H7BYxecWAWS;azVbANcTyeq;QqXkYA7XAYw;CCvziA5YTie;RcEuwqgQGf4;T2FsvO0b3jy.UuRrjnhE5uq;T2FsvO0b3jy.eV4Y7v7xFa2;T2FsvO0b3jy.jBX2qee107G;T2FsvO0b3jy.vTYSOxTTCNG;SOxwBu91n8g;xLXMzfGbCvU;wtSyTdH47Yp;K4z9xEWrpom;Io29XwRiXK7;Ug8YP3YzkKk;lJQWri3Cb0V.Jx72l4NfSLz;lJQWri3Cb0V.rLmcoXtmnUM;TbuzgtCfZlN.oUBnaM0PTcd;TbuzgtCfZlN.HJDrURNyZK4;jgsCugn2BZw.HJDrURNyZK4;eQ29xBhM6bZ.HJDrURNyZK4;jgsCugn2BZw.oUBnaM0PTcd;eQ29xBhM6bZ.oUBnaM0PTcd;TbuzgtCfZlN.n7MTyanPfTh;jgsCugn2BZw.n7MTyanPfTh;eQ29xBhM6bZ.n7MTyanPfTh;TbuzgtCfZlN.ezbEKdMfHeV;jgsCugn2BZw.ezbEKdMfHeV;eQ29xBhM6bZ.ezbEKdMfHeV;pKWWsnctb4D;vSSXernIS3R&dimension=ou:CI1vsTW2OMP&dimension=pe:202412&dimension=UedUhlkhYWX:KG7l26av4v5
2026-02-25 13:08:33 [http-nio-8081-exec-10] DEBUG o.s.web.client.RestTemplate - HTTP GET https://hmis-dev.moh.gov.jo/dwh/api/analytics.json?dimension=dx:C3J9gupRpkv.f6KCBSctsKT;C3J9gupRpkv.qgikuGs16ol;jn4pQVfIaIf;mCryL70xgcR;mCryL70xgcR.n7l9dA920vy;mCryL70xgcR.koh0tliu6RV;cltmZ5EyYNs.n7l9dA920vy;cltmZ5EyYNs.koh0tliu6RV;cltmZ5EyYNs;C3J9gupRpkv.yr1cgGdONRm;C3J9gupRpkv.VzIcBH0k6lJ;M76CHdiNVTr;C3J9gupRpkv.nsIGCAXqmeo;C3J9gupRpkv.ih3CTGgn0l5;Oyxkqradre;nSubq2TDH0g.n7l9dA920vy;nSubq2TDH0g.koh0tliu6RV;nSubq2TDH0g;C3J9gupRpkv.IWjHuBbAQ6U;C3J9gupRpkv.wwP3HvY29bF;wnm7ReXX75U;G8zTi6EPGqj.n7l9dA920vy;G8zTi6EPGqj.koh0tliu6RV;G8zTi6EPGqj;xvHA0fLRcyX.n7l9dA920vy;xvHA0fLRcyX.koh0tliu6RV;xvHA0fLRcyX;C3J9gupRpkv.qRKdkvoSnNy;C3J9gupRpkv.MszHhQEFz4z;jn4pQVfIaIf;f2mdrrKvhGK.n7l9dA920vy;f2mdrrKvhGK.koh0tliu6RV;f2mdrrKvhGK;v1jIqMevb35.f6KCBSctsKT;v1jIqMevb35.qgikuGs16ol;v1jIqMevb35.yr1cgGdONRm;v1jIqMevb35.VzIcBH0k6lJ;v1jIqMevb35.IWjHuBbAQ6U;v1jIqMevb35.wwP3HvY29bF;v1jIqMevb35.nsIGCAXqmeo;v1jIqMevb35.ih3CTGgn0l5;v1jIqMevb35.qRKdkvoSnNy;v1jIqMevb35.MszHhQEFz4z;TbkEXL3zws3.f6KCBSctsKT;TbkEXL3zws3.qgikuGs16ol;TbkEXL3zws3.yr1cgGdONRm;TbkEXL3zws3.VzIcBH0k6lJ;TbkEXL3zws3.IWjHuBbAQ6U;TbkEXL3zws3.wwP3HvY29bF;TbkEXL3zws3.nsIGCAXqmeo;TbkEXL3zws3.ih3CTGgn0l5;TbkEXL3zws3.qRKdkvoSnNy;TbkEXL3zws3.MszHhQEFz4z;nsXaQk7geGa.yTb1U3ECuGF;nsXaQk7geGa.efoIG4g9arY;nsXaQk7geGa.M7dT8gVS7zy;nsXaQk7geGa.FmQ4cAywsli;nsXaQk7geGa.GJ0VvZgluAw;nsXaQk7geGa.oJQWiZkIM0k;J1Vj8d8khPd.yTb1U3ECuGF;J1Vj8d8khPd.efoIG4g9arY;J1Vj8d8khPd.M7dT8gVS7zy;J1Vj8d8khPd.FmQ4cAywsli;J1Vj8d8khPd.GJ0VvZgluAw;J1Vj8d8khPd.oJQWiZkIM0k;wqEip6Dbe3l.yTb1U3ECuGF;wqEip6Dbe3l.efoIG4g9arY;wqEip6Dbe3l.M7dT8gVS7zy;wqEip6Dbe3l.FmQ4cAywsli;wqEip6Dbe3l.GJ0VvZgluAw;wqEip6Dbe3l.oJQWiZkIM0k;jP9Grjpaqun.yTb1U3ECuGF;jP9Grjpaqun.efoIG4g9arY;jP9Grjpaqun.M7dT8gVS7zy;jP9Grjpaqun.FmQ4cAywsli;jP9Grjpaqun.GJ0VvZgluAw;jP9Grjpaqun.oJQWiZkIM0k;WLzrCuWBNnE.yTb1U3ECuGF;WLzrCuWBNnE.efoIG4g9arY;WLzrCuWBNnE.M7dT8gVS7zy;WLzrCuWBNnE.FmQ4cAywsli;WLzrCuWBNnE.GJ0VvZgluAw;WLzrCuWBNnE.oJQWiZkIM0k;CUGep0XzA3A.yTb1U3ECuGF;CUGep0XzA3A.efoIG4g9arY;CUGep0XzA3A.M7dT8gVS7zy;CUGep0XzA3A.FmQ4cAywsli;CUGep0XzA3A.GJ0VvZgluAw;CUGep0XzA3A.oJQWiZkIM0k;mHhrSasaZEk.yTb1U3ECuGF;mHhrSasaZEk.efoIG4g9arY;mHhrSasaZEk.M7dT8gVS7zy;mHhrSasaZEk.FmQ4cAywsli;mHhrSasaZEk.GJ0VvZgluAw;mHhrSasaZEk.oJQWiZkIM0k;pEO23PlwCSb.GJ0VvZgluAw;pEO23PlwCSb.yTb1U3ECuGF;pEO23PlwCSb.efoIG4g9arY;pEO23PlwCSb.M7dT8gVS7zy;pEO23PlwCSb.FmQ4cAywsli;pEO23PlwCSb.oJQWiZkIM0k;M90jcnFPAxk.yTb1U3ECuGF;M90jcnFPAxk.efoIG4g9arY;M90jcnFPAxk.M7dT8gVS7zy;M90jcnFPAxk.FmQ4cAywsli;M90jcnFPAxk.GJ0VvZgluAw;M90jcnFPAxk.oJQWiZkIM0k;QQdagPXych9.yTb1U3ECuGF;QQdagPXych9.efoIG4g9arY;QQdagPXych9.M7dT8gVS7zy;QQdagPXych9.FmQ4cAywsli;QQdagPXych9.GJ0VvZgluAw;QQdagPXych9.oJQWiZkIM0k;C9HrptUsCLz.yTb1U3ECuGF;C9HrptUsCLz.efoIG4g9arY;C9HrptUsCLz.M7dT8gVS7zy;C9HrptUsCLz.FmQ4cAywsli;C9HrptUsCLz.GJ0VvZgluAw;C9HrptUsCLz.oJQWiZkIM0k;MTS6Q2xlT3L.yTb1U3ECuGF;MTS6Q2xlT3L.efoIG4g9arY;MTS6Q2xlT3L.M7dT8gVS7zy;MTS6Q2xlT3L.FmQ4cAywsli;MTS6Q2xlT3L.GJ0VvZgluAw;MTS6Q2xlT3L.oJQWiZkIM0k;HG2yJtkPuFl.yTb1U3ECuGF;HG2yJtkPuFl.efoIG4g9arY;HG2yJtkPuFl.M7dT8gVS7zy;HG2yJtkPuFl.FmQ4cAywsli;HG2yJtkPuFl.GJ0VvZgluAw;HG2yJtkPuFl.oJQWiZkIM0k;k8y8u4reC3j.yTb1U3ECuGF;k8y8u4reC3j.efoIG4g9arY;k8y8u4reC3j.M7dT8gVS7zy;k8y8u4reC3j.FmQ4cAywsli;k8y8u4reC3j.GJ0VvZgluAw;k8y8u4reC3j.oJQWiZkIM0k;h7WZ16B0f5h;bwkaWNM5IxW;IGNjoHsBPA5;Lax7XiHZ8JW;PqpBniaM7Qw;qdGx2wXPmBu;VlUPLLmJyum;X3kIHc7slwq;Eypb9xMSAcl;Kt8FuTI6be4;XCRMCX69YKb;KKk8T1SkAXI;OvOdSwkNN7w;dDyQKZEVXfc;y4CRWblENPS;JEK6BLZSjJr;AThkRYyxfSW;shjOt7XXI6Y;tGIMo3WxNLt;M3lOaTkFa6h;BAzqwT8ahGp;UqDNOKbj06I;AdcYUWNKWVO;SX9h8BXpLCE;b33pgG2ryuO;dyDMZoNSPve;LJSFDCsBKGX;nLkYYy7UfZu;ntGnd7teBlJ;JcgaA2kYLak;x7pAx1mEDVW;Dz9YDM3B11d;TbkEXL3zws3;UkeKK3Yz0eV;HIgoCJ50qkC;H7BYxecWAWS;H7BYxecWAWS;azVbANcTyeq;QqXkYA7XAYw;CCvziA5YTie;RcEuwqgQGf4;T2FsvO0b3jy.UuRrjnhE5uq;T2FsvO0b3jy.eV4Y7v7xFa2;T2FsvO0b3jy.jBX2qee107G;T2FsvO0b3jy.vTYSOxTTCNG;SOxwBu91n8g;xLXMzfGbCvU;wtSyTdH47Yp;K4z9xEWrpom;Io29XwRiXK7;Ug8YP3YzkKk;lJQWri3Cb0V.Jx72l4NfSLz;lJQWri3Cb0V.rLmcoXtmnUM;TbuzgtCfZlN.oUBnaM0PTcd;TbuzgtCfZlN.HJDrURNyZK4;jgsCugn2BZw.HJDrURNyZK4;eQ29xBhM6bZ.HJDrURNyZK4;jgsCugn2BZw.oUBnaM0PTcd;eQ29xBhM6bZ.oUBnaM0PTcd;TbuzgtCfZlN.n7MTyanPfTh;jgsCugn2BZw.n7MTyanPfTh;eQ29xBhM6bZ.n7MTyanPfTh;TbuzgtCfZlN.ezbEKdMfHeV;jgsCugn2BZw.ezbEKdMfHeV;eQ29xBhM6bZ.ezbEKdMfHeV;pKWWsnctb4D;vSSXernIS3R&dimension=ou:CI1vsTW2OMP&dimension=pe:202412&dimension=UedUhlkhYWX:KG7l26av4v5
2026-02-25 13:08:33 [http-nio-8081-exec-10] DEBUG o.s.web.client.RestTemplate - Accept=[text/plain, application/json, application/yaml, application/*+json, */*]
2026-02-25 13:08:34 [http-nio-8081-exec-10] DEBUG o.s.web.client.RestTemplate - Response 200 OK
2026-02-25 13:08:34 [http-nio-8081-exec-10] DEBUG o.s.web.client.RestTemplate - Reading to [java.lang.String] as "application/json;charset=UTF-8"
2026-02-25 13:08:34 [http-nio-8081-exec-10] DEBUG c.m.b.k.service.Dhis2ClientService - Extracted 1 attribute IDs from API URL
2026-02-25 13:08:34 [http-nio-8081-exec-10] DEBUG c.m.b.k.service.Dhis2ClientService - Fetching categoryOption codes from: HTTPS://hmis-dev.moh.gov.jo/dwh/api/categoryOptions.json?filter=id:in:[KG7l26av4v5]&fields=id,name,code&paging=false
2026-02-25 13:08:34 [http-nio-8081-exec-10] DEBUG o.s.web.client.RestTemplate - HTTP GET https://hmis-dev.moh.gov.jo/dwh/api/categoryOptions.json?filter=id:in:%5BKG7l26av4v5%5D&fields=id,name,code&paging=false
2026-02-25 13:08:34 [http-nio-8081-exec-10] DEBUG o.s.web.client.RestTemplate - Accept=[text/plain, application/json, application/yaml, application/*+json, */*]
2026-02-25 13:08:34 [http-nio-8081-exec-10] DEBUG o.s.web.client.RestTemplate - Response 200 OK
2026-02-25 13:08:34 [http-nio-8081-exec-10] DEBUG o.s.web.client.RestTemplate - Reading to [java.lang.String] as "application/json;charset=UTF-8"
2026-02-25 13:08:34 [http-nio-8081-exec-10] INFO  c.m.b.k.service.Dhis2ClientService - Fetched 1 categoryOption codes from DHIS2 (systemCode: DHIS2.DWH)
2026-02-25 13:08:34 [http-nio-8081-exec-10] DEBUG c.m.b.k.s.MiddlewareProcessorService - Fetched 1 categoryOption codes for API: Hospital_HealthMap_Mapping
2026-02-25 13:08:34 [http-nio-8081-exec-10] INFO  c.m.b.k.s.MiddlewareProcessorService - Detected attribute dimension: UedUhlkhYWX at index 3
2026-02-25 13:08:34 [http-nio-8081-exec-10] INFO  c.m.b.k.s.MiddlewareProcessorService - Built middleware response with 1 org units
2026-02-25 13:08:34 [http-nio-8081-exec-10] INFO  c.m.b.c.IntegrationMappingConfiguration - Mapping processed successfully for API: Hospital_HealthMap_Mappin with 1 rows
2026-02-25 13:08:34 [http-nio-8081-exec-10] DEBUG o.a.c.http.common.DefaultHttpBinding - Streaming response in chunked mode with buffer size 8192
2026-02-25 13:08:34 [http-nio-8081-exec-10] DEBUG o.s.w.f.CommonsRequestLoggingFilter - After request [GET /camel/v1/hospitales?transactionUUID=c5b6441e-fa68-49e4-9664-13dc498f4269&ou=CI1vsTW2OMP&pe=202412, client=0:0:0:0:0:0:0:1, user=healthmap@mail.com, payload=
]
2026-02-25 13:08:34 [task-5] DEBUG c.m.b.l.s.MiddlewareApiCallLogService - updateTransaction... updating Route [servlet:/v1/hospitales?httpMethodRestrict=GET] - Exchange content: {transactionUUID=c5b6441e-fa68-49e4-9664-13dc498f4269, mapping.success=true, CamelCharsetName=UTF-8, mapping.status=SUCCESS, CamelToEndpoint=integrationmapping://null?code=default, apiLogId=87}
2026-02-25 13:08:34 [task-5] INFO  c.m.b.l.s.MiddlewareApiCallLogService - Transaction a6727664-b03b-411c-94bc-9ebcbe42c731 for routeId: Hospital_HealthMap_Mappin updated successfully: status=COMPLETED, responseCode=200
2026-02-25 13:08:49 [http-nio-8081-exec-2] INFO  c.m.b.k.service.DynamicRouteService - Fetching active routes with pagination
2026-02-25 13:08:50 [http-nio-8081-exec-2] DEBUG o.s.w.f.CommonsRequestLoggingFilter - Before request [GET /api/integrated-apis/2, client=0:0:0:0:0:0:0:1, user=admin@mail.com]
2026-02-25 13:08:50 [http-nio-8081-exec-2] DEBUG o.s.web.servlet.DispatcherServlet - GET "/api/integrated-apis/2", parameters={}
2026-02-25 13:08:50 [http-nio-8081-exec-2] DEBUG o.s.w.s.m.m.a.RequestMappingHandlerMapping - Mapped to com.middleware.backend.kaotocamel.controller.IntegratedApiController#findById(Long)
2026-02-25 13:08:50 [http-nio-8081-exec-2] DEBUG o.s.w.s.m.m.a.HttpEntityMethodProcessor - Using 'application/json', given [application/json] and supported [application/json, application/*+json, application/yaml]
2026-02-25 13:08:50 [http-nio-8081-exec-2] DEBUG o.s.w.s.m.m.a.HttpEntityMethodProcessor - Writing [IntegratedApiDto(id=2, code=Hospital_HealthMap_Mapping, name=Hospital HealthMap, apiUrl=/api/analyti (truncated)...]
2026-02-25 13:08:50 [http-nio-8081-exec-2] DEBUG o.s.web.servlet.DispatcherServlet - Completed 200 OK
2026-02-25 13:08:50 [http-nio-8081-exec-2] DEBUG o.a.camel.spring.SpringCamelContext - onApplicationEvent: ServletRequestHandledEvent: url=[/api/integrated-apis/2]; client=[0:0:0:0:0:0:0:1]; method=[GET]; status=[200]; servlet=[dispatcherServlet]; session=[null]; user=[admin@mail.com]; time=[168ms]
2026-02-25 13:08:50 [http-nio-8081-exec-2] DEBUG o.s.w.f.CommonsRequestLoggingFilter - After request [GET /api/integrated-apis/2, client=0:0:0:0:0:0:0:1, user=admin@mail.com]
2026-02-25 13:08:55 [scheduling-1] INFO  c.m.b.k.service.DynamicRouteService - Starting route status sync with Camel context
2026-02-25 13:08:55 [scheduling-1] INFO  c.m.b.k.service.DynamicRouteService - Completed route status sync
2026-02-25 13:08:56 [http-nio-8081-exec-1] INFO  c.m.b.k.service.DynamicRouteService - Fetching active routes with pagination
2026-02-25 13:08:56 [http-nio-8081-exec-1] DEBUG o.s.w.f.CommonsRequestLoggingFilter - Before request [GET /api/integrated-apis/2, client=0:0:0:0:0:0:0:1, user=admin@mail.com]
2026-02-25 13:08:56 [http-nio-8081-exec-1] DEBUG o.s.web.servlet.DispatcherServlet - GET "/api/integrated-apis/2", parameters={}
2026-02-25 13:08:56 [http-nio-8081-exec-1] DEBUG o.s.w.s.m.m.a.RequestMappingHandlerMapping - Mapped to com.middleware.backend.kaotocamel.controller.IntegratedApiController#findById(Long)
2026-02-25 13:08:56 [http-nio-8081-exec-1] DEBUG o.s.w.s.m.m.a.HttpEntityMethodProcessor - Using 'application/json', given [application/json] and supported [application/json, application/*+json, application/yaml]
2026-02-25 13:08:56 [http-nio-8081-exec-1] DEBUG o.s.w.s.m.m.a.HttpEntityMethodProcessor - Writing [IntegratedApiDto(id=2, code=Hospital_HealthMap_Mapping, name=Hospital HealthMap, apiUrl=/api/analyti (truncated)...]
2026-02-25 13:08:56 [http-nio-8081-exec-1] DEBUG o.s.web.servlet.DispatcherServlet - Completed 200 OK
2026-02-25 13:08:56 [http-nio-8081-exec-1] DEBUG o.a.camel.spring.SpringCamelContext - onApplicationEvent: ServletRequestHandledEvent: url=[/api/integrated-apis/2]; client=[0:0:0:0:0:0:0:1]; method=[GET]; status=[200]; servlet=[dispatcherServlet]; session=[null]; user=[admin@mail.com]; time=[155ms]
2026-02-25 13:08:56 [http-nio-8081-exec-1] DEBUG o.s.w.f.CommonsRequestLoggingFilter - After request [GET /api/integrated-apis/2, client=0:0:0:0:0:0:0:1, user=admin@mail.com]
2026-02-25 13:08:59 [http-nio-8081-exec-3] INFO  c.m.b.k.service.DynamicRouteService - Fetching active routes with pagination
2026-02-25 13:08:59 [http-nio-8081-exec-3] DEBUG o.s.w.f.CommonsRequestLoggingFilter - Before request [PUT /api/integrated-apis/2, client=0:0:0:0:0:0:0:1, user=admin@mail.com]
2026-02-25 13:08:59 [http-nio-8081-exec-3] DEBUG o.s.web.servlet.DispatcherServlet - PUT "/api/integrated-apis/2", parameters={}
2026-02-25 13:08:59 [http-nio-8081-exec-3] DEBUG o.s.w.s.m.m.a.RequestMappingHandlerMapping - Mapped to com.middleware.backend.kaotocamel.controller.IntegratedApiController#update(Long, IntegratedApiRequestDto)
2026-02-25 13:08:59 [http-nio-8081-exec-3] DEBUG o.s.w.s.m.m.a.RequestResponseBodyMethodProcessor - Read "application/json;charset=UTF-8" to [IntegratedApiRequestDto(code=Hospital_HealthMap_Mapping, name=Hospital HealthMap, apiUrl=/api/analyt (truncated)...]
2026-02-25 13:08:59 [http-nio-8081-exec-3] INFO  c.m.b.k.service.IntegratedApiService - Updating integrated API: 2
2026-02-25 13:08:59 [http-nio-8081-exec-3] INFO  c.m.b.k.service.IntegratedApiService - Updated integrated API: Hospital_HealthMap_Mapping by user: admin@mail.com
2026-02-25 13:08:59 [http-nio-8081-exec-3] INFO  c.m.b.k.c.IntegratedApiController - Updated integrated API: Hospital_HealthMap_Mapping
2026-02-25 13:08:59 [http-nio-8081-exec-3] DEBUG o.s.w.s.m.m.a.HttpEntityMethodProcessor - Using 'application/json', given [application/json] and supported [application/json, application/*+json, application/yaml]
2026-02-25 13:08:59 [http-nio-8081-exec-3] DEBUG o.s.w.s.m.m.a.HttpEntityMethodProcessor - Writing [IntegratedApiDto(id=2, code=Hospital_HealthMap_Mapping, name=Hospital HealthMap, apiUrl=/api/analyti (truncated)...]
2026-02-25 13:08:59 [http-nio-8081-exec-3] DEBUG o.s.web.servlet.DispatcherServlet - Completed 200 OK
2026-02-25 13:08:59 [http-nio-8081-exec-3] DEBUG o.a.camel.spring.SpringCamelContext - onApplicationEvent: ServletRequestHandledEvent: url=[/api/integrated-apis/2]; client=[0:0:0:0:0:0:0:1]; method=[PUT]; status=[200]; servlet=[dispatcherServlet]; session=[null]; user=[admin@mail.com]; time=[293ms]
2026-02-25 13:08:59 [http-nio-8081-exec-3] DEBUG o.s.w.f.CommonsRequestLoggingFilter - After request [PUT /api/integrated-apis/2, client=0:0:0:0:0:0:0:1, user=admin@mail.com, payload={"code":"Hospital_HealthMap_Mapping","name":"Hospital HealthMap","type":"ANALYTICS","integratedSystem":"DHIS2.DWH","apiUrl":"/api/analytics.json?dimension=dx:C3J9gupRpkv.f6KCBSctsKT;C3J9gupRpkv.qgikuGs16ol;jn4pQVfIaIf;mCryL70xgcR;mCryL70xgcR.n7l9dA920vy;mCryL70xgcR.koh0tliu6RV;cltmZ5EyYNs.n7l9dA920vy;cltmZ5EyYNs.koh0tliu6RV;cltmZ5EyYNs;C3J9gupRpkv.yr1cgGdONRm;C3J9gupRpkv.VzIcBH0k6lJ;M76CHdiNVTr;C3J9gupRpkv.nsIGCAXqmeo;C3J9gupRpkv.ih3CTGgn0l5;Oyxkqradre;nSubq2TDH0g.n7l9dA920vy;nSubq2TDH0g.koh0tliu6RV;nSubq2TDH0g;C3J9gupRpkv.IWjHuBbAQ6U;C3J9gupRpkv.wwP3HvY29bF;wnm7ReXX75U;G8zTi6EPGqj.n7l9dA920vy;G8zTi6EPGqj.koh0tliu6RV;G8zTi6EPGqj;xvHA0fLRcyX.n7l9dA920vy;xvHA0fLRcyX.koh0tliu6RV;xvHA0fLRcyX;C3J9gupRpkv.qRKdkvoSnNy;C3J9gupRpkv.MszHhQEFz4z;jn4pQVfIaIf;f2mdrrKvhGK.n7l9dA920vy;f2mdrrKvhGK.koh0tliu6RV;f2mdrrKvhGK;v1jIqMevb35.f6KCBSctsKT;v1jIqMevb35.qgikuGs16ol;v1jIqMevb35.yr1cgGdONRm;v1jIqMevb35.VzIcBH0k6lJ;v1jIqMevb35.IWjHuBbAQ6U;v1jIqMevb35.wwP3HvY29bF;v1jIqMevb35.nsIGCAXqmeo;v1jIqMevb35.ih3]
2026-02-25 13:09:00 [http-nio-8081-exec-4] INFO  c.m.b.k.service.DynamicRouteService - Fetching active routes with pagination
2026-02-25 13:09:00 [http-nio-8081-exec-5] INFO  c.m.b.k.service.DynamicRouteService - Fetching active routes with pagination
2026-02-25 13:09:00 [http-nio-8081-exec-5] DEBUG o.s.w.f.CommonsRequestLoggingFilter - Before request [GET /api/integrated-system/codes, client=0:0:0:0:0:0:0:1, user=admin@mail.com]
2026-02-25 13:09:00 [http-nio-8081-exec-5] DEBUG o.s.web.servlet.DispatcherServlet - GET "/api/integrated-system/codes", parameters={}
2026-02-25 13:09:00 [http-nio-8081-exec-5] DEBUG o.s.w.s.m.m.a.RequestMappingHandlerMapping - Mapped to com.middleware.backend.integrated_systems.controller.IntegratedSystemController#getAllCodes()
2026-02-25 13:09:00 [http-nio-8081-exec-4] DEBUG o.s.w.f.CommonsRequestLoggingFilter - Before request [GET /api/integrated-apis?page=0&size=10, client=0:0:0:0:0:0:0:1, user=admin@mail.com]
2026-02-25 13:09:00 [http-nio-8081-exec-4] DEBUG o.s.web.servlet.DispatcherServlet - GET "/api/integrated-apis?page=0&size=10", parameters={masked}
2026-02-25 13:09:00 [http-nio-8081-exec-4] DEBUG o.s.w.s.m.m.a.RequestMappingHandlerMapping - Mapped to com.middleware.backend.kaotocamel.controller.IntegratedApiController#findAll(String, String, String, String, String, String, Boolean, String, LocalDateTime, LocalDateTime, LocalDateTime, LocalDateTime, String, Long, Long, int, int, String[])
2026-02-25 13:09:00 [http-nio-8081-exec-4] DEBUG c.m.b.k.c.IntegratedApiController - Received sort params: [id, desc]
2026-02-25 13:09:00 [http-nio-8081-exec-4] DEBUG c.m.b.k.c.IntegratedApiController - Handling separated params - field: 'id', direction: 'desc'
2026-02-25 13:09:00 [http-nio-8081-exec-4] DEBUG c.m.b.k.c.IntegratedApiController - Added separated sort order: id DESC
2026-02-25 13:09:00 [http-nio-8081-exec-4] DEBUG c.m.b.k.c.IntegratedApiController - Final sort object: id: DESC
2026-02-25 13:09:00 [http-nio-8081-exec-5] DEBUG o.s.w.s.m.m.a.HttpEntityMethodProcessor - Using 'application/json', given [application/json] and supported [application/json, application/*+json, application/yaml]
2026-02-25 13:09:00 [http-nio-8081-exec-5] DEBUG o.s.w.s.m.m.a.HttpEntityMethodProcessor - Writing [[DHIS2.DWH, DHIS2.STABLE]]
2026-02-25 13:09:00 [http-nio-8081-exec-5] DEBUG o.s.web.servlet.DispatcherServlet - Completed 200 OK
2026-02-25 13:09:00 [http-nio-8081-exec-5] DEBUG o.a.camel.spring.SpringCamelContext - onApplicationEvent: ServletRequestHandledEvent: url=[/api/integrated-system/codes]; client=[0:0:0:0:0:0:0:1]; method=[GET]; status=[200]; servlet=[dispatcherServlet]; session=[null]; user=[admin@mail.com]; time=[127ms]
2026-02-25 13:09:00 [http-nio-8081-exec-5] DEBUG o.s.w.f.CommonsRequestLoggingFilter - After request [GET /api/integrated-system/codes, client=0:0:0:0:0:0:0:1, user=admin@mail.com]
2026-02-25 13:09:00 [http-nio-8081-exec-4] DEBUG o.s.w.s.m.m.a.HttpEntityMethodProcessor - Using 'application/json', given [application/json] and supported [application/json, application/*+json, application/yaml]
2026-02-25 13:09:00 [http-nio-8081-exec-4] DEBUG o.s.w.s.m.m.a.HttpEntityMethodProcessor - Writing [Page 1 of 1 containing com.middleware.backend.kaotocamel.dto.IntegratedApiDto instances]
2026-02-25 13:09:00 [http-nio-8081-exec-4] DEBUG o.s.web.servlet.DispatcherServlet - Completed 200 OK
2026-02-25 13:09:00 [http-nio-8081-exec-4] DEBUG o.a.camel.spring.SpringCamelContext - onApplicationEvent: ServletRequestHandledEvent: url=[/api/integrated-apis]; client=[0:0:0:0:0:0:0:1]; method=[GET]; status=[200]; servlet=[dispatcherServlet]; session=[null]; user=[admin@mail.com]; time=[149ms]
2026-02-25 13:09:00 [http-nio-8081-exec-4] DEBUG o.s.w.f.CommonsRequestLoggingFilter - After request [GET /api/integrated-apis?page=0&size=10, client=0:0:0:0:0:0:0:1, user=admin@mail.com]
2026-02-25 13:09:25 [scheduling-1] INFO  c.m.b.k.service.DynamicRouteService - Starting route status sync with Camel context
2026-02-25 13:09:25 [scheduling-1] INFO  c.m.b.k.service.DynamicRouteService - Completed route status sync
2026-02-25 13:09:55 [scheduling-1] INFO  c.m.b.k.service.DynamicRouteService - Starting route status sync with Camel context
2026-02-25 13:09:55 [scheduling-1] INFO  c.m.b.k.service.DynamicRouteService - Completed route status sync
2026-02-25 13:10:11 [http-nio-8081-exec-9] INFO  c.m.b.k.service.DynamicRouteService - Fetching active routes with pagination
2026-02-25 13:10:11 [http-nio-8081-exec-9] INFO  c.m.b.k.service.DynamicRouteService - Fetching active routes with pagination
2026-02-25 13:10:12 [http-nio-8081-exec-9] DEBUG o.s.w.f.CommonsRequestLoggingFilter - Before request [GET /camel/v1/hospitales?transactionUUID=89d5b502-87b9-48ed-bc01-373fc1171cef&ou=CI1vsTW2OMP&pe=202412, client=0:0:0:0:0:0:0:1, user=healthmap@mail.com]
2026-02-25 13:10:12 [http-nio-8081-exec-9] INFO  c.m.b.policy.LoggingRoutePolicy - LoggingRoutePolicy.onExchangeBegin: Route [Hospital_HealthMap_Mappin] - Incoming exchange: 2EC2EBC69EFC516-0000000000000005
2026-02-25 13:10:12 [http-nio-8081-exec-9] DEBUG c.m.b.l.s.MiddlewareApiCallLogService - createTransactionSync... creating log for Route [Hospital_HealthMap_Mappin] - Exchange content: {CamelCharsetName=UTF-8}
2026-02-25 13:10:12 [http-nio-8081-exec-9] DEBUG c.m.b.l.s.MiddlewareApiCallLogService - UUID validation passed for: 89d5b502-87b9-48ed-bc01-373fc1171cef
2026-02-25 13:10:12 [http-nio-8081-exec-9] DEBUG c.m.b.l.s.MiddlewareApiCallLogService - First attempt for new UUID: 89d5b502-87b9-48ed-bc01-373fc1171cef
2026-02-25 13:10:12 [http-nio-8081-exec-9] INFO  c.m.b.policy.LoggingRoutePolicy - LoggingRoutePolicy.onExchangeBegin: Route [Hospital_HealthMap_Mappin] - call log created with ID 88
2026-02-25 13:10:12 [http-nio-8081-exec-9] DEBUG o.a.camel.processor.SendProcessor - >>>> integrationmapping://null?code=default Exchange[2EC2EBC69EFC516-0000000000000005]
2026-02-25 13:10:12 [http-nio-8081-exec-9] INFO  c.m.IntegrationMappingProducer - Processing Integration Mapping for routeId: Hospital_HealthMap_Mappin
2026-02-25 13:10:12 [http-nio-8081-exec-9] INFO  c.m.IntegrationMappingProducer - Built request - RouteID: Hospital_HealthMap_Mappin, pe: 202412, ou: CI1vsTW2OMP, dhis2Code: null, UUID: 89d5b502-87b9-48ed-bc01-373fc1171cef
2026-02-25 13:10:12 [http-nio-8081-exec-9] INFO  c.m.b.c.IntegrationMappingConfiguration - Processing mapping for API: Hospital_HealthMap_Mappin
2026-02-25 13:10:12 [http-nio-8081-exec-9] INFO  c.m.b.k.s.MiddlewareProcessorService - Processing middleware request for Route ID: Hospital_HealthMap_Mappin with period: 202412, ou: CI1vsTW2OMP
2026-02-25 13:10:12 [http-nio-8081-exec-9] DEBUG c.m.b.k.s.MiddlewareProcessorService - Request parameters - ou: CI1vsTW2OMP, pe: 202412
2026-02-25 13:10:12 [http-nio-8081-exec-9] INFO  c.m.b.k.s.MiddlewareProcessorService - Grouped 236 mappings into 1 API calls
2026-02-25 13:10:12 [http-nio-8081-exec-9] INFO  c.m.b.k.s.MiddlewareProcessorService - Fetching org units metadata using integratedSystem: DHIS2.DWH
2026-02-25 13:10:12 [http-nio-8081-exec-9] INFO  c.m.b.k.service.Dhis2ClientService - Fetching metadata using integratedSystem: DHIS2.DWH (from metadata API)
2026-02-25 13:10:12 [http-nio-8081-exec-9] DEBUG o.s.web.client.RestTemplate - HTTP GET https://hmis-dev.moh.gov.jo/dwh/api/metadata.json?organisationUnits=true&fields=id,code,name,displayName,shortName,description,openingDate,closedDate,level,phoneNumber,email,address,url,parent%5Bid,code,name,level,parent%5Bid,code,name,level,parent%5Bid,code,name,level,parent%5Bid,code,name,level,parent%5Bid,code,name,level%5D%5D%5D%5D%5D,translations,organisationUnitGroups%5Bid,code,name%5D,lastUpdated,attributeValues%5Bvalue,attribute%5Bid,code,name%5D%5D,geometry,image%5Bid,name%5D,openingDate,closedDate,groups%5Bid,code,name%5D&outputIdScheme=CODE
2026-02-25 13:10:12 [http-nio-8081-exec-9] DEBUG o.s.web.client.RestTemplate - Accept=[text/plain, application/json, application/yaml, application/*+json, */*]
2026-02-25 13:10:13 [http-nio-8081-exec-9] DEBUG o.s.web.client.RestTemplate - Response 200 OK
2026-02-25 13:10:13 [http-nio-8081-exec-9] DEBUG o.s.web.client.RestTemplate - Reading to [java.lang.String] as "application/json;charset=UTF-8"
2026-02-25 13:10:15 [http-nio-8081-exec-9] INFO  c.m.b.k.service.Dhis2ClientService - Fetched 2200 org units from metadata API (integratedSystem: DHIS2.DWH)
2026-02-25 13:10:15 [http-nio-8081-exec-9] INFO  c.m.b.k.s.MiddlewareProcessorService - Executing call for API: Hospital_HealthMap_Mapping (ANALYTICS) using integratedSystem: DHIS2.DWH
2026-02-25 13:10:15 [http-nio-8081-exec-9] DEBUG c.m.b.k.s.MiddlewareProcessorService - API flags - useOuFromRequest: true, usePeFromRequest: true
2026-02-25 13:10:15 [http-nio-8081-exec-9] INFO  c.m.b.k.service.Dhis2ClientService - Using DHIS2 settings: integratedSystem=DHIS2.DWH, baseUrl=HTTPS://hmis-dev.moh.gov.jo/dwh
2026-02-25 13:10:15 [http-nio-8081-exec-9] DEBUG c.m.b.k.service.Dhis2ClientService - Built Analytics URL with flags (useOu=true, usePe=true): /api/analytics.json?dimension=dx:C3J9gupRpkv.f6KCBSctsKT;C3J9gupRpkv.qgikuGs16ol;jn4pQVfIaIf;mCryL70xgcR;mCryL70xgcR.n7l9dA920vy;mCryL70xgcR.koh0tliu6RV;cltmZ5EyYNs.n7l9dA920vy;cltmZ5EyYNs.koh0tliu6RV;cltmZ5EyYNs;C3J9gupRpkv.yr1cgGdONRm;C3J9gupRpkv.VzIcBH0k6lJ;M76CHdiNVTr;C3J9gupRpkv.nsIGCAXqmeo;C3J9gupRpkv.ih3CTGgn0l5;Oyxkqradre;nSubq2TDH0g.n7l9dA920vy;nSubq2TDH0g.koh0tliu6RV;nSubq2TDH0g;C3J9gupRpkv.IWjHuBbAQ6U;C3J9gupRpkv.wwP3HvY29bF;wnm7ReXX75U;G8zTi6EPGqj.n7l9dA920vy;G8zTi6EPGqj.koh0tliu6RV;G8zTi6EPGqj;xvHA0fLRcyX.n7l9dA920vy;xvHA0fLRcyX.koh0tliu6RV;xvHA0fLRcyX;C3J9gupRpkv.qRKdkvoSnNy;C3J9gupRpkv.MszHhQEFz4z;jn4pQVfIaIf;f2mdrrKvhGK.n7l9dA920vy;f2mdrrKvhGK.koh0tliu6RV;f2mdrrKvhGK;v1jIqMevb35.f6KCBSctsKT;v1jIqMevb35.qgikuGs16ol;v1jIqMevb35.yr1cgGdONRm;v1jIqMevb35.VzIcBH0k6lJ;v1jIqMevb35.IWjHuBbAQ6U;v1jIqMevb35.wwP3HvY29bF;v1jIqMevb35.nsIGCAXqmeo;v1jIqMevb35.ih3CTGgn0l5;v1jIqMevb35.qRKdkvoSnNy;v1jIqMevb35.MszHhQEFz4z;TbkEXL3zws3.f6KCBSctsKT;TbkEXL3zws3.qgikuGs16ol;TbkEXL3zws3.yr1cgGdONRm;TbkEXL3zws3.VzIcBH0k6lJ;TbkEXL3zws3.IWjHuBbAQ6U;TbkEXL3zws3.wwP3HvY29bF;TbkEXL3zws3.nsIGCAXqmeo;TbkEXL3zws3.ih3CTGgn0l5;TbkEXL3zws3.qRKdkvoSnNy;TbkEXL3zws3.MszHhQEFz4z;nsXaQk7geGa.yTb1U3ECuGF;nsXaQk7geGa.efoIG4g9arY;nsXaQk7geGa.M7dT8gVS7zy;nsXaQk7geGa.FmQ4cAywsli;nsXaQk7geGa.GJ0VvZgluAw;nsXaQk7geGa.oJQWiZkIM0k;J1Vj8d8khPd.yTb1U3ECuGF;J1Vj8d8khPd.efoIG4g9arY;J1Vj8d8khPd.M7dT8gVS7zy;J1Vj8d8khPd.FmQ4cAywsli;J1Vj8d8khPd.GJ0VvZgluAw;J1Vj8d8khPd.oJQWiZkIM0k;wqEip6Dbe3l.yTb1U3ECuGF;wqEip6Dbe3l.efoIG4g9arY;wqEip6Dbe3l.M7dT8gVS7zy;wqEip6Dbe3l.FmQ4cAywsli;wqEip6Dbe3l.GJ0VvZgluAw;wqEip6Dbe3l.oJQWiZkIM0k;jP9Grjpaqun.yTb1U3ECuGF;jP9Grjpaqun.efoIG4g9arY;jP9Grjpaqun.M7dT8gVS7zy;jP9Grjpaqun.FmQ4cAywsli;jP9Grjpaqun.GJ0VvZgluAw;jP9Grjpaqun.oJQWiZkIM0k;WLzrCuWBNnE.yTb1U3ECuGF;WLzrCuWBNnE.efoIG4g9arY;WLzrCuWBNnE.M7dT8gVS7zy;WLzrCuWBNnE.FmQ4cAywsli;WLzrCuWBNnE.GJ0VvZgluAw;WLzrCuWBNnE.oJQWiZkIM0k;CUGep0XzA3A.yTb1U3ECuGF;CUGep0XzA3A.efoIG4g9arY;CUGep0XzA3A.M7dT8gVS7zy;CUGep0XzA3A.FmQ4cAywsli;CUGep0XzA3A.GJ0VvZgluAw;CUGep0XzA3A.oJQWiZkIM0k;mHhrSasaZEk.yTb1U3ECuGF;mHhrSasaZEk.efoIG4g9arY;mHhrSasaZEk.M7dT8gVS7zy;mHhrSasaZEk.FmQ4cAywsli;mHhrSasaZEk.GJ0VvZgluAw;mHhrSasaZEk.oJQWiZkIM0k;pEO23PlwCSb.GJ0VvZgluAw;pEO23PlwCSb.yTb1U3ECuGF;pEO23PlwCSb.efoIG4g9arY;pEO23PlwCSb.M7dT8gVS7zy;pEO23PlwCSb.FmQ4cAywsli;pEO23PlwCSb.oJQWiZkIM0k;M90jcnFPAxk.yTb1U3ECuGF;M90jcnFPAxk.efoIG4g9arY;M90jcnFPAxk.M7dT8gVS7zy;M90jcnFPAxk.FmQ4cAywsli;M90jcnFPAxk.GJ0VvZgluAw;M90jcnFPAxk.oJQWiZkIM0k;QQdagPXych9.yTb1U3ECuGF;QQdagPXych9.efoIG4g9arY;QQdagPXych9.M7dT8gVS7zy;QQdagPXych9.FmQ4cAywsli;QQdagPXych9.GJ0VvZgluAw;QQdagPXych9.oJQWiZkIM0k;C9HrptUsCLz.yTb1U3ECuGF;C9HrptUsCLz.efoIG4g9arY;C9HrptUsCLz.M7dT8gVS7zy;C9HrptUsCLz.FmQ4cAywsli;C9HrptUsCLz.GJ0VvZgluAw;C9HrptUsCLz.oJQWiZkIM0k;MTS6Q2xlT3L.yTb1U3ECuGF;MTS6Q2xlT3L.efoIG4g9arY;MTS6Q2xlT3L.M7dT8gVS7zy;MTS6Q2xlT3L.FmQ4cAywsli;MTS6Q2xlT3L.GJ0VvZgluAw;MTS6Q2xlT3L.oJQWiZkIM0k;HG2yJtkPuFl.yTb1U3ECuGF;HG2yJtkPuFl.efoIG4g9arY;HG2yJtkPuFl.M7dT8gVS7zy;HG2yJtkPuFl.FmQ4cAywsli;HG2yJtkPuFl.GJ0VvZgluAw;HG2yJtkPuFl.oJQWiZkIM0k;k8y8u4reC3j.yTb1U3ECuGF;k8y8u4reC3j.efoIG4g9arY;k8y8u4reC3j.M7dT8gVS7zy;k8y8u4reC3j.FmQ4cAywsli;k8y8u4reC3j.GJ0VvZgluAw;k8y8u4reC3j.oJQWiZkIM0k;h7WZ16B0f5h;bwkaWNM5IxW;IGNjoHsBPA5;Lax7XiHZ8JW;PqpBniaM7Qw;qdGx2wXPmBu;VlUPLLmJyum;X3kIHc7slwq;Eypb9xMSAcl;Kt8FuTI6be4;XCRMCX69YKb;KKk8T1SkAXI;OvOdSwkNN7w;dDyQKZEVXfc;y4CRWblENPS;JEK6BLZSjJr;AThkRYyxfSW;shjOt7XXI6Y;tGIMo3WxNLt;M3lOaTkFa6h;BAzqwT8ahGp;UqDNOKbj06I;AdcYUWNKWVO;SX9h8BXpLCE;b33pgG2ryuO;dyDMZoNSPve;LJSFDCsBKGX;nLkYYy7UfZu;ntGnd7teBlJ;JcgaA2kYLak;x7pAx1mEDVW;Dz9YDM3B11d;TbkEXL3zws3;UkeKK3Yz0eV;HIgoCJ50qkC;H7BYxecWAWS;H7BYxecWAWS;azVbANcTyeq;QqXkYA7XAYw;CCvziA5YTie;RcEuwqgQGf4;T2FsvO0b3jy.UuRrjnhE5uq;T2FsvO0b3jy.eV4Y7v7xFa2;T2FsvO0b3jy.jBX2qee107G;T2FsvO0b3jy.vTYSOxTTCNG;SOxwBu91n8g;xLXMzfGbCvU;wtSyTdH47Yp;K4z9xEWrpom;Io29XwRiXK7;Ug8YP3YzkKk;lJQWri3Cb0V.Jx72l4NfSLz;lJQWri3Cb0V.rLmcoXtmnUM;TbuzgtCfZlN.oUBnaM0PTcd;TbuzgtCfZlN.HJDrURNyZK4;jgsCugn2BZw.HJDrURNyZK4;eQ29xBhM6bZ.HJDrURNyZK4;jgsCugn2BZw.oUBnaM0PTcd;eQ29xBhM6bZ.oUBnaM0PTcd;TbuzgtCfZlN.n7MTyanPfTh;jgsCugn2BZw.n7MTyanPfTh;eQ29xBhM6bZ.n7MTyanPfTh;TbuzgtCfZlN.ezbEKdMfHeV;jgsCugn2BZw.ezbEKdMfHeV;eQ29xBhM6bZ.ezbEKdMfHeV;pKWWsnctb4D;vSSXernIS3R&dimension=ou:CI1vsTW2OMP&dimension=pe:202412&dimension=UedUhlkhYWX:KG7l26av4v5;M0TzDNQdeju;NDWlje7qHvH;Znfg4CCkg7Z;djVrwOWyadD
2026-02-25 13:10:15 [http-nio-8081-exec-9] DEBUG o.s.web.client.RestTemplate - HTTP GET https://hmis-dev.moh.gov.jo/dwh/api/analytics.json?dimension=dx:C3J9gupRpkv.f6KCBSctsKT;C3J9gupRpkv.qgikuGs16ol;jn4pQVfIaIf;mCryL70xgcR;mCryL70xgcR.n7l9dA920vy;mCryL70xgcR.koh0tliu6RV;cltmZ5EyYNs.n7l9dA920vy;cltmZ5EyYNs.koh0tliu6RV;cltmZ5EyYNs;C3J9gupRpkv.yr1cgGdONRm;C3J9gupRpkv.VzIcBH0k6lJ;M76CHdiNVTr;C3J9gupRpkv.nsIGCAXqmeo;C3J9gupRpkv.ih3CTGgn0l5;Oyxkqradre;nSubq2TDH0g.n7l9dA920vy;nSubq2TDH0g.koh0tliu6RV;nSubq2TDH0g;C3J9gupRpkv.IWjHuBbAQ6U;C3J9gupRpkv.wwP3HvY29bF;wnm7ReXX75U;G8zTi6EPGqj.n7l9dA920vy;G8zTi6EPGqj.koh0tliu6RV;G8zTi6EPGqj;xvHA0fLRcyX.n7l9dA920vy;xvHA0fLRcyX.koh0tliu6RV;xvHA0fLRcyX;C3J9gupRpkv.qRKdkvoSnNy;C3J9gupRpkv.MszHhQEFz4z;jn4pQVfIaIf;f2mdrrKvhGK.n7l9dA920vy;f2mdrrKvhGK.koh0tliu6RV;f2mdrrKvhGK;v1jIqMevb35.f6KCBSctsKT;v1jIqMevb35.qgikuGs16ol;v1jIqMevb35.yr1cgGdONRm;v1jIqMevb35.VzIcBH0k6lJ;v1jIqMevb35.IWjHuBbAQ6U;v1jIqMevb35.wwP3HvY29bF;v1jIqMevb35.nsIGCAXqmeo;v1jIqMevb35.ih3CTGgn0l5;v1jIqMevb35.qRKdkvoSnNy;v1jIqMevb35.MszHhQEFz4z;TbkEXL3zws3.f6KCBSctsKT;TbkEXL3zws3.qgikuGs16ol;TbkEXL3zws3.yr1cgGdONRm;TbkEXL3zws3.VzIcBH0k6lJ;TbkEXL3zws3.IWjHuBbAQ6U;TbkEXL3zws3.wwP3HvY29bF;TbkEXL3zws3.nsIGCAXqmeo;TbkEXL3zws3.ih3CTGgn0l5;TbkEXL3zws3.qRKdkvoSnNy;TbkEXL3zws3.MszHhQEFz4z;nsXaQk7geGa.yTb1U3ECuGF;nsXaQk7geGa.efoIG4g9arY;nsXaQk7geGa.M7dT8gVS7zy;nsXaQk7geGa.FmQ4cAywsli;nsXaQk7geGa.GJ0VvZgluAw;nsXaQk7geGa.oJQWiZkIM0k;J1Vj8d8khPd.yTb1U3ECuGF;J1Vj8d8khPd.efoIG4g9arY;J1Vj8d8khPd.M7dT8gVS7zy;J1Vj8d8khPd.FmQ4cAywsli;J1Vj8d8khPd.GJ0VvZgluAw;J1Vj8d8khPd.oJQWiZkIM0k;wqEip6Dbe3l.yTb1U3ECuGF;wqEip6Dbe3l.efoIG4g9arY;wqEip6Dbe3l.M7dT8gVS7zy;wqEip6Dbe3l.FmQ4cAywsli;wqEip6Dbe3l.GJ0VvZgluAw;wqEip6Dbe3l.oJQWiZkIM0k;jP9Grjpaqun.yTb1U3ECuGF;jP9Grjpaqun.efoIG4g9arY;jP9Grjpaqun.M7dT8gVS7zy;jP9Grjpaqun.FmQ4cAywsli;jP9Grjpaqun.GJ0VvZgluAw;jP9Grjpaqun.oJQWiZkIM0k;WLzrCuWBNnE.yTb1U3ECuGF;WLzrCuWBNnE.efoIG4g9arY;WLzrCuWBNnE.M7dT8gVS7zy;WLzrCuWBNnE.FmQ4cAywsli;WLzrCuWBNnE.GJ0VvZgluAw;WLzrCuWBNnE.oJQWiZkIM0k;CUGep0XzA3A.yTb1U3ECuGF;CUGep0XzA3A.efoIG4g9arY;CUGep0XzA3A.M7dT8gVS7zy;CUGep0XzA3A.FmQ4cAywsli;CUGep0XzA3A.GJ0VvZgluAw;CUGep0XzA3A.oJQWiZkIM0k;mHhrSasaZEk.yTb1U3ECuGF;mHhrSasaZEk.efoIG4g9arY;mHhrSasaZEk.M7dT8gVS7zy;mHhrSasaZEk.FmQ4cAywsli;mHhrSasaZEk.GJ0VvZgluAw;mHhrSasaZEk.oJQWiZkIM0k;pEO23PlwCSb.GJ0VvZgluAw;pEO23PlwCSb.yTb1U3ECuGF;pEO23PlwCSb.efoIG4g9arY;pEO23PlwCSb.M7dT8gVS7zy;pEO23PlwCSb.FmQ4cAywsli;pEO23PlwCSb.oJQWiZkIM0k;M90jcnFPAxk.yTb1U3ECuGF;M90jcnFPAxk.efoIG4g9arY;M90jcnFPAxk.M7dT8gVS7zy;M90jcnFPAxk.FmQ4cAywsli;M90jcnFPAxk.GJ0VvZgluAw;M90jcnFPAxk.oJQWiZkIM0k;QQdagPXych9.yTb1U3ECuGF;QQdagPXych9.efoIG4g9arY;QQdagPXych9.M7dT8gVS7zy;QQdagPXych9.FmQ4cAywsli;QQdagPXych9.GJ0VvZgluAw;QQdagPXych9.oJQWiZkIM0k;C9HrptUsCLz.yTb1U3ECuGF;C9HrptUsCLz.efoIG4g9arY;C9HrptUsCLz.M7dT8gVS7zy;C9HrptUsCLz.FmQ4cAywsli;C9HrptUsCLz.GJ0VvZgluAw;C9HrptUsCLz.oJQWiZkIM0k;MTS6Q2xlT3L.yTb1U3ECuGF;MTS6Q2xlT3L.efoIG4g9arY;MTS6Q2xlT3L.M7dT8gVS7zy;MTS6Q2xlT3L.FmQ4cAywsli;MTS6Q2xlT3L.GJ0VvZgluAw;MTS6Q2xlT3L.oJQWiZkIM0k;HG2yJtkPuFl.yTb1U3ECuGF;HG2yJtkPuFl.efoIG4g9arY;HG2yJtkPuFl.M7dT8gVS7zy;HG2yJtkPuFl.FmQ4cAywsli;HG2yJtkPuFl.GJ0VvZgluAw;HG2yJtkPuFl.oJQWiZkIM0k;k8y8u4reC3j.yTb1U3ECuGF;k8y8u4reC3j.efoIG4g9arY;k8y8u4reC3j.M7dT8gVS7zy;k8y8u4reC3j.FmQ4cAywsli;k8y8u4reC3j.GJ0VvZgluAw;k8y8u4reC3j.oJQWiZkIM0k;h7WZ16B0f5h;bwkaWNM5IxW;IGNjoHsBPA5;Lax7XiHZ8JW;PqpBniaM7Qw;qdGx2wXPmBu;VlUPLLmJyum;X3kIHc7slwq;Eypb9xMSAcl;Kt8FuTI6be4;XCRMCX69YKb;KKk8T1SkAXI;OvOdSwkNN7w;dDyQKZEVXfc;y4CRWblENPS;JEK6BLZSjJr;AThkRYyxfSW;shjOt7XXI6Y;tGIMo3WxNLt;M3lOaTkFa6h;BAzqwT8ahGp;UqDNOKbj06I;AdcYUWNKWVO;SX9h8BXpLCE;b33pgG2ryuO;dyDMZoNSPve;LJSFDCsBKGX;nLkYYy7UfZu;ntGnd7teBlJ;JcgaA2kYLak;x7pAx1mEDVW;Dz9YDM3B11d;TbkEXL3zws3;UkeKK3Yz0eV;HIgoCJ50qkC;H7BYxecWAWS;H7BYxecWAWS;azVbANcTyeq;QqXkYA7XAYw;CCvziA5YTie;RcEuwqgQGf4;T2FsvO0b3jy.UuRrjnhE5uq;T2FsvO0b3jy.eV4Y7v7xFa2;T2FsvO0b3jy.jBX2qee107G;T2FsvO0b3jy.vTYSOxTTCNG;SOxwBu91n8g;xLXMzfGbCvU;wtSyTdH47Yp;K4z9xEWrpom;Io29XwRiXK7;Ug8YP3YzkKk;lJQWri3Cb0V.Jx72l4NfSLz;lJQWri3Cb0V.rLmcoXtmnUM;TbuzgtCfZlN.oUBnaM0PTcd;TbuzgtCfZlN.HJDrURNyZK4;jgsCugn2BZw.HJDrURNyZK4;eQ29xBhM6bZ.HJDrURNyZK4;jgsCugn2BZw.oUBnaM0PTcd;eQ29xBhM6bZ.oUBnaM0PTcd;TbuzgtCfZlN.n7MTyanPfTh;jgsCugn2BZw.n7MTyanPfTh;eQ29xBhM6bZ.n7MTyanPfTh;TbuzgtCfZlN.ezbEKdMfHeV;jgsCugn2BZw.ezbEKdMfHeV;eQ29xBhM6bZ.ezbEKdMfHeV;pKWWsnctb4D;vSSXernIS3R&dimension=ou:CI1vsTW2OMP&dimension=pe:202412&dimension=UedUhlkhYWX:KG7l26av4v5;M0TzDNQdeju;NDWlje7qHvH;Znfg4CCkg7Z;djVrwOWyadD
2026-02-25 13:10:15 [http-nio-8081-exec-9] DEBUG o.s.web.client.RestTemplate - Accept=[text/plain, application/json, application/yaml, application/*+json, */*]
2026-02-25 13:10:16 [http-nio-8081-exec-9] DEBUG o.s.web.client.RestTemplate - Response 200 OK
2026-02-25 13:10:16 [http-nio-8081-exec-9] DEBUG o.s.web.client.RestTemplate - Reading to [java.lang.String] as "application/json;charset=UTF-8"
2026-02-25 13:10:16 [http-nio-8081-exec-9] DEBUG c.m.b.k.service.Dhis2ClientService - Extracted 5 attribute IDs from API URL
2026-02-25 13:10:16 [http-nio-8081-exec-9] DEBUG c.m.b.k.service.Dhis2ClientService - Fetching categoryOption codes from: HTTPS://hmis-dev.moh.gov.jo/dwh/api/categoryOptions.json?filter=id:in:[NDWlje7qHvH,M0TzDNQdeju,Znfg4CCkg7Z,KG7l26av4v5,djVrwOWyadD]&fields=id,name,code&paging=false
2026-02-25 13:10:16 [http-nio-8081-exec-9] DEBUG o.s.web.client.RestTemplate - HTTP GET https://hmis-dev.moh.gov.jo/dwh/api/categoryOptions.json?filter=id:in:%5BNDWlje7qHvH,M0TzDNQdeju,Znfg4CCkg7Z,KG7l26av4v5,djVrwOWyadD%5D&fields=id,name,code&paging=false
2026-02-25 13:10:16 [http-nio-8081-exec-9] DEBUG o.s.web.client.RestTemplate - Accept=[text/plain, application/json, application/yaml, application/*+json, */*]
2026-02-25 13:10:16 [http-nio-8081-exec-9] DEBUG o.s.web.client.RestTemplate - Response 200 OK
2026-02-25 13:10:16 [http-nio-8081-exec-9] DEBUG o.s.web.client.RestTemplate - Reading to [java.lang.String] as "application/json;charset=UTF-8"
2026-02-25 13:10:16 [http-nio-8081-exec-9] INFO  c.m.b.k.service.Dhis2ClientService - Fetched 2 categoryOption codes from DHIS2 (systemCode: DHIS2.DWH)
2026-02-25 13:10:16 [http-nio-8081-exec-9] DEBUG c.m.b.k.s.MiddlewareProcessorService - Fetched 2 categoryOption codes for API: Hospital_HealthMap_Mapping
2026-02-25 13:10:16 [http-nio-8081-exec-9] INFO  c.m.b.k.s.MiddlewareProcessorService - Detected attribute dimension: UedUhlkhYWX at index 3
2026-02-25 13:10:16 [http-nio-8081-exec-9] INFO  c.m.b.k.s.MiddlewareProcessorService - Built middleware response with 1 org units
2026-02-25 13:10:16 [http-nio-8081-exec-9] INFO  c.m.b.c.IntegrationMappingConfiguration - Mapping processed successfully for API: Hospital_HealthMap_Mappin with 1 rows
2026-02-25 13:10:16 [http-nio-8081-exec-9] DEBUG o.a.c.http.common.DefaultHttpBinding - Streaming response in chunked mode with buffer size 8192
2026-02-25 13:10:16 [http-nio-8081-exec-9] DEBUG o.s.w.f.CommonsRequestLoggingFilter - After request [GET /camel/v1/hospitales?transactionUUID=89d5b502-87b9-48ed-bc01-373fc1171cef&ou=CI1vsTW2OMP&pe=202412, client=0:0:0:0:0:0:0:1, user=healthmap@mail.com, payload=
]
2026-02-25 13:10:16 [task-6] DEBUG c.m.b.l.s.MiddlewareApiCallLogService - updateTransaction... updating Route [servlet:/v1/hospitales?httpMethodRestrict=GET] - Exchange content: {transactionUUID=89d5b502-87b9-48ed-bc01-373fc1171cef, mapping.success=true, CamelCharsetName=UTF-8, mapping.status=SUCCESS, CamelToEndpoint=integrationmapping://null?code=default, apiLogId=88}
2026-02-25 13:10:16 [task-6] INFO  c.m.b.l.s.MiddlewareApiCallLogService - Transaction 6eb796bd-8fcf-4aa2-8b1e-7377eb517433 for routeId: Hospital_HealthMap_Mappin updated successfully: status=COMPLETED, responseCode=200
2026-02-25 13:10:25 [scheduling-1] INFO  c.m.b.k.service.DynamicRouteService - Starting route status sync with Camel context
2026-02-25 13:10:25 [scheduling-1] INFO  c.m.b.k.service.DynamicRouteService - Completed route status sync
2026-02-25 13:10:55 [scheduling-1] INFO  c.m.b.k.service.DynamicRouteService - Starting route status sync with Camel context
2026-02-25 13:10:55 [scheduling-1] INFO  c.m.b.k.service.DynamicRouteService - Completed route status sync
2026-02-25 13:11:25 [scheduling-1] INFO  c.m.b.k.service.DynamicRouteService - Starting route status sync with Camel context
2026-02-25 13:11:25 [scheduling-1] INFO  c.m.b.k.service.DynamicRouteService - Completed route status sync
2026-02-25 13:11:55 [scheduling-1] INFO  c.m.b.k.service.DynamicRouteService - Starting route status sync with Camel context
2026-02-25 13:11:55 [scheduling-1] INFO  c.m.b.k.service.DynamicRouteService - Completed route status sync
2026-02-25 13:12:25 [scheduling-1] INFO  c.m.b.k.service.DynamicRouteService - Starting route status sync with Camel context
2026-02-25 13:12:25 [scheduling-1] INFO  c.m.b.k.service.DynamicRouteService - Completed route status sync
2026-02-25 13:12:55 [scheduling-1] INFO  c.m.b.k.service.DynamicRouteService - Starting route status sync with Camel context
2026-02-25 13:12:55 [scheduling-1] INFO  c.m.b.k.service.DynamicRouteService - Completed route status sync
2026-02-25 13:13:25 [scheduling-1] INFO  c.m.b.k.service.DynamicRouteService - Starting route status sync with Camel context
2026-02-25 13:13:25 [scheduling-1] INFO  c.m.b.k.service.DynamicRouteService - Completed route status sync
2026-02-25 13:13:55 [scheduling-1] INFO  c.m.b.k.service.DynamicRouteService - Starting route status sync with Camel context
2026-02-25 13:13:55 [scheduling-1] INFO  c.m.b.k.service.DynamicRouteService - Completed route status sync
2026-02-25 13:14:15 [http-nio-8081-exec-3] INFO  c.m.b.k.service.DynamicRouteService - Fetching active routes with pagination
2026-02-25 13:14:16 [http-nio-8081-exec-3] INFO  c.m.b.k.service.DynamicRouteService - Fetching active routes with pagination
2026-02-25 13:14:16 [http-nio-8081-exec-3] DEBUG o.s.w.f.CommonsRequestLoggingFilter - Before request [GET /camel/HealthCenter?transactionUUID=a2c9556d-2b0a-413e-a268-db037c923e84&ou=OU_GROUP-KkUreY5USlF&pe=202404, client=0:0:0:0:0:0:0:1, user=healthmap@mail.com]
2026-02-25 13:14:16 [http-nio-8081-exec-3] INFO  c.m.b.policy.LoggingRoutePolicy - LoggingRoutePolicy.onExchangeBegin: Route [HealthCenter-mapping] - Incoming exchange: 2EC2EBC69EFC516-0000000000000006
2026-02-25 13:14:16 [http-nio-8081-exec-3] DEBUG c.m.b.l.s.MiddlewareApiCallLogService - createTransactionSync... creating log for Route [HealthCenter-mapping] - Exchange content: {CamelCharsetName=UTF-8}
2026-02-25 13:14:16 [http-nio-8081-exec-3] DEBUG c.m.b.l.s.MiddlewareApiCallLogService - UUID validation passed for: a2c9556d-2b0a-413e-a268-db037c923e84
2026-02-25 13:14:16 [http-nio-8081-exec-3] DEBUG c.m.b.l.s.MiddlewareApiCallLogService - First attempt for new UUID: a2c9556d-2b0a-413e-a268-db037c923e84
2026-02-25 13:14:16 [http-nio-8081-exec-3] INFO  c.m.b.policy.LoggingRoutePolicy - LoggingRoutePolicy.onExchangeBegin: Route [HealthCenter-mapping] - call log created with ID 89
2026-02-25 13:14:16 [http-nio-8081-exec-3] DEBUG o.a.camel.processor.SendProcessor - >>>> integrationmapping://null?code=default Exchange[2EC2EBC69EFC516-0000000000000006]
2026-02-25 13:14:16 [http-nio-8081-exec-3] INFO  c.m.IntegrationMappingProducer - Processing Integration Mapping for routeId: HealthCenter-mapping
2026-02-25 13:14:16 [http-nio-8081-exec-3] INFO  c.m.IntegrationMappingProducer - Built request - RouteID: HealthCenter-mapping, pe: 202404, ou: OU_GROUP-KkUreY5USlF, dhis2Code: null, UUID: a2c9556d-2b0a-413e-a268-db037c923e84
2026-02-25 13:14:16 [http-nio-8081-exec-3] INFO  c.m.b.c.IntegrationMappingConfiguration - Processing mapping for API: HealthCenter-mapping
2026-02-25 13:14:16 [http-nio-8081-exec-3] INFO  c.m.b.k.s.MiddlewareProcessorService - Processing middleware request for Route ID: HealthCenter-mapping with period: 202404, ou: OU_GROUP-KkUreY5USlF
2026-02-25 13:14:16 [http-nio-8081-exec-3] WARN  c.m.b.k.s.MiddlewareProcessorService - No active mappings found for Route ID: HealthCenter-mapping
2026-02-25 13:14:16 [http-nio-8081-exec-3] INFO  c.m.b.c.IntegrationMappingConfiguration - Mapping processed successfully for API: HealthCenter-mapping with 0 rows
2026-02-25 13:14:16 [http-nio-8081-exec-3] DEBUG o.a.c.http.common.DefaultHttpBinding - Streaming response in chunked mode with buffer size 8192
2026-02-25 13:14:16 [http-nio-8081-exec-3] DEBUG o.s.w.f.CommonsRequestLoggingFilter - After request [GET /camel/HealthCenter?transactionUUID=a2c9556d-2b0a-413e-a268-db037c923e84&ou=OU_GROUP-KkUreY5USlF&pe=202404, client=0:0:0:0:0:0:0:1, user=healthmap@mail.com]
2026-02-25 13:14:17 [task-7] DEBUG c.m.b.l.s.MiddlewareApiCallLogService - updateTransaction... updating Route [servlet:/HealthCenter?httpMethodRestrict=GET] - Exchange content: {transactionUUID=a2c9556d-2b0a-413e-a268-db037c923e84, mapping.success=true, CamelCharsetName=UTF-8, mapping.status=SUCCESS, CamelToEndpoint=integrationmapping://null?code=default, apiLogId=89}
2026-02-25 13:14:17 [task-7] INFO  c.m.b.l.s.MiddlewareApiCallLogService - Transaction 5a5a5783-66c5-40d4-9983-ce7f587031fd for routeId: HealthCenter-mapping updated successfully: status=COMPLETED, responseCode=200
2026-02-25 13:14:25 [scheduling-1] INFO  c.m.b.k.service.DynamicRouteService - Starting route status sync with Camel context
2026-02-25 13:14:25 [scheduling-1] INFO  c.m.b.k.service.DynamicRouteService - Completed route status sync
2026-02-25 13:14:36 [http-nio-8081-exec-5] INFO  c.m.b.k.service.DynamicRouteService - Fetching active routes with pagination
2026-02-25 13:14:37 [http-nio-8081-exec-5] DEBUG o.s.w.f.CommonsRequestLoggingFilter - Before request [GET /api/integrated-apis/4, client=0:0:0:0:0:0:0:1, user=admin@mail.com]
2026-02-25 13:14:37 [http-nio-8081-exec-5] DEBUG o.s.web.servlet.DispatcherServlet - GET "/api/integrated-apis/4", parameters={}
2026-02-25 13:14:37 [http-nio-8081-exec-5] DEBUG o.s.w.s.m.m.a.RequestMappingHandlerMapping - Mapped to com.middleware.backend.kaotocamel.controller.IntegratedApiController#findById(Long)
2026-02-25 13:14:37 [http-nio-8081-exec-5] DEBUG o.s.w.s.m.m.a.HttpEntityMethodProcessor - Using 'application/json', given [application/json] and supported [application/json, application/*+json, application/yaml]
2026-02-25 13:14:37 [http-nio-8081-exec-5] DEBUG o.s.w.s.m.m.a.HttpEntityMethodProcessor - Writing [IntegratedApiDto(id=4, code=HealthCenter, name=HealthCenter, apiUrl=/api/analytics.json?dimension=dx (truncated)...]
2026-02-25 13:14:37 [http-nio-8081-exec-5] DEBUG o.s.web.servlet.DispatcherServlet - Completed 200 OK
2026-02-25 13:14:37 [http-nio-8081-exec-5] DEBUG o.a.camel.spring.SpringCamelContext - onApplicationEvent: ServletRequestHandledEvent: url=[/api/integrated-apis/4]; client=[0:0:0:0:0:0:0:1]; method=[GET]; status=[200]; servlet=[dispatcherServlet]; session=[null]; user=[admin@mail.com]; time=[169ms]
2026-02-25 13:14:37 [http-nio-8081-exec-5] DEBUG o.s.w.f.CommonsRequestLoggingFilter - After request [GET /api/integrated-apis/4, client=0:0:0:0:0:0:0:1, user=admin@mail.com]
2026-02-25 13:14:55 [scheduling-1] INFO  c.m.b.k.service.DynamicRouteService - Starting route status sync with Camel context
2026-02-25 13:14:55 [scheduling-1] INFO  c.m.b.k.service.DynamicRouteService - Completed route status sync
2026-02-25 13:15:25 [scheduling-1] INFO  c.m.b.k.service.DynamicRouteService - Starting route status sync with Camel context
2026-02-25 13:15:25 [scheduling-1] INFO  c.m.b.k.service.DynamicRouteService - Completed route status sync
2026-02-25 13:15:55 [scheduling-1] INFO  c.m.b.k.service.DynamicRouteService - Starting route status sync with Camel context
2026-02-25 13:15:55 [scheduling-1] INFO  c.m.b.k.service.DynamicRouteService - Completed route status sync
2026-02-25 13:16:25 [scheduling-1] INFO  c.m.b.k.service.DynamicRouteService - Starting route status sync with Camel context
2026-02-25 13:16:25 [scheduling-1] INFO  c.m.b.k.service.DynamicRouteService - Completed route status sync
2026-02-25 13:16:55 [scheduling-1] INFO  c.m.b.k.service.DynamicRouteService - Starting route status sync with Camel context
2026-02-25 13:16:55 [scheduling-1] INFO  c.m.b.k.service.DynamicRouteService - Completed route status sync
2026-02-25 13:17:09 [SpringApplicationShutdownHook] DEBUG o.a.camel.spring.SpringCamelContext - onApplicationEvent: org.springframework.boot.availability.AvailabilityChangeEvent[source=org.springframework.boot.web.servlet.context.AnnotationConfigServletWebServerApplicationContext@15cafec7, started on Wed Feb 25 13:00:37 EET 2026]
2026-02-25 13:17:09 [SpringApplicationShutdownHook] DEBUG o.a.camel.spring.SpringCamelContext - onApplicationEvent: org.springframework.context.event.ContextClosedEvent[source=org.springframework.boot.web.servlet.context.AnnotationConfigServletWebServerApplicationContext@15cafec7, started on Wed Feb 25 13:00:37 EET 2026]
2026-02-25 13:17:09 [SpringApplicationShutdownHook] INFO  org.quartz.core.QuartzScheduler - Scheduler quartzScheduler_$_NON_CLUSTERED paused.
2026-02-25 13:17:09 [SpringApplicationShutdownHook] INFO  o.a.c.i.engine.AbstractCamelContext - Apache Camel 4.4.0 (camel-1) is shutting down (timeout:45s)
2026-02-25 13:17:09 [SpringApplicationShutdownHook] DEBUG o.a.c.i.e.DefaultShutdownStrategy - Starting to graceful shutdown 10 routes (timeout 45 seconds)
2026-02-25 13:17:09 [SpringApplicationShutdownHook] DEBUG o.a.c.i.e.BaseExecutorServiceManager - Created new ThreadPool for source: org.apache.camel.impl.engine.DefaultShutdownStrategy@57c35b4e with name: ShutdownTask. -> org.apache.camel.util.concurrent.RejectableThreadPoolExecutor@65131898[Running, pool size = 0, active threads = 0, queued tasks = 0, completed tasks = 0][ShutdownTask]
2026-02-25 13:17:09 [Camel (camel-1) thread #1 - ShutdownTask] DEBUG o.a.c.i.e.DefaultShutdownStrategy - There are 10 routes to shutdown
2026-02-25 13:17:09 [Camel (camel-1) thread #1 - ShutdownTask] DEBUG o.a.c.i.e.DefaultShutdownStrategy - Route: get-todo suspended and shutdown deferred, was consuming from: servlet:/todos/*
2026-02-25 13:17:09 [Camel (camel-1) thread #1 - ShutdownTask] DEBUG o.a.c.i.e.DefaultShutdownStrategy - Route: dhis2-upload-csv suspended and shutdown deferred, was consuming from: servlet:/v1/datasets
2026-02-25 13:17:09 [Camel (camel-1) thread #1 - ShutdownTask] DEBUG o.a.c.i.e.DefaultShutdownStrategy - Route: Hospital_HealthMap_Mappin suspended and shutdown deferred, was consuming from: rest://get:/v1/hospitales
2026-02-25 13:17:09 [Camel (camel-1) thread #1 - ShutdownTask] DEBUG o.a.c.i.e.DefaultShutdownStrategy - Route: my-new-route suspended and shutdown deferred, was consuming from: rest://get:/api/hello
2026-02-25 13:17:09 [Camel (camel-1) thread #1 - ShutdownTask] DEBUG o.a.c.i.e.DefaultShutdownStrategy - Route: HealthCenter-mapping suspended and shutdown deferred, was consuming from: rest://get:/HealthCenter
2026-02-25 13:17:09 [Camel (camel-1) thread #1 - ShutdownTask] DEBUG o.a.c.i.e.DefaultShutdownStrategy - Route: aiiiii suspended and shutdown deferred, was consuming from: rest://post:/api/aiiiii
2026-02-25 13:17:09 [Camel (camel-1) thread #1 - ShutdownTask] DEBUG o.a.c.i.e.DefaultShutdownStrategy - Route: xxxxxxxxxx suspended and shutdown deferred, was consuming from: rest://post:/api/xxxxxxxxxx
2026-02-25 13:17:09 [Camel (camel-1) thread #1 - ShutdownTask] DEBUG o.a.c.i.e.DefaultShutdownStrategy - Route: get-user-from-api suspended and shutdown deferred, was consuming from: servlet:/external-user/*
2026-02-25 13:17:09 [Camel (camel-1) thread #1 - ShutdownTask] DEBUG o.a.c.i.e.DefaultShutdownStrategy - Route: my-new-testforAi suspended and shutdown deferred, was consuming from: rest://post:/api/aaaaaaiaiiiiiiiiiiiiiiiiiii
2026-02-25 13:17:09 [Camel (camel-1) thread #1 - ShutdownTask] DEBUG o.a.c.i.e.DefaultShutdownStrategy - Route: dhis2-system-info suspended and shutdown deferred, was consuming from: rest://get:/system/info
2026-02-25 13:17:09 [Camel (camel-1) thread #1 - ShutdownTask] DEBUG o.a.c.h.common.DefaultHttpRegistry - Unregistering consumer for path /todos/*
2026-02-25 13:17:09 [Camel (camel-1) thread #1 - ShutdownTask] DEBUG o.a.c.c.s.CamelHttpTransportServlet - Disconnecting consumer: Consumer[servlet:/todos/*?httpMethodRestrict=GET]
2026-02-25 13:17:09 [Camel (camel-1) thread #1 - ShutdownTask] DEBUG o.a.camel.support.DefaultConsumer - Stopping consumer: Consumer[servlet:/todos/*?httpMethodRestrict=GET]
2026-02-25 13:17:09 [Camel (camel-1) thread #1 - ShutdownTask] DEBUG o.a.c.i.e.DefaultShutdownStrategy - Route: get-todo shutdown complete, was consuming from: servlet:/todos/*
2026-02-25 13:17:09 [Camel (camel-1) thread #1 - ShutdownTask] DEBUG o.a.c.h.common.DefaultHttpRegistry - Unregistering consumer for path /v1/datasets
2026-02-25 13:17:09 [Camel (camel-1) thread #1 - ShutdownTask] DEBUG o.a.c.c.s.CamelHttpTransportServlet - Disconnecting consumer: Consumer[servlet:/v1/datasets?httpMethodRestrict=POST]
2026-02-25 13:17:09 [Camel (camel-1) thread #1 - ShutdownTask] DEBUG o.a.camel.support.DefaultConsumer - Stopping consumer: Consumer[servlet:/v1/datasets?httpMethodRestrict=POST]
2026-02-25 13:17:09 [Camel (camel-1) thread #1 - ShutdownTask] DEBUG o.a.camel.support.DefaultProducer - Stopping producer: Producer[integratedSystem://null?code=DHIS2.STABLE]
2026-02-25 13:17:09 [Camel (camel-1) thread #1 - ShutdownTask] DEBUG o.a.c.i.e.DefaultShutdownStrategy - Route: dhis2-upload-csv shutdown complete, was consuming from: servlet:/v1/datasets
2026-02-25 13:17:09 [Camel (camel-1) thread #1 - ShutdownTask] DEBUG o.a.c.h.common.DefaultHttpRegistry - Unregistering consumer for path /v1/hospitales
2026-02-25 13:17:09 [Camel (camel-1) thread #1 - ShutdownTask] DEBUG o.a.c.c.s.CamelHttpTransportServlet - Disconnecting consumer: Consumer[servlet:/v1/hospitales?httpMethodRestrict=GET]
2026-02-25 13:17:09 [Camel (camel-1) thread #1 - ShutdownTask] DEBUG o.a.camel.support.DefaultConsumer - Stopping consumer: Consumer[servlet:/v1/hospitales?httpMethodRestrict=GET]
2026-02-25 13:17:09 [Camel (camel-1) thread #1 - ShutdownTask] DEBUG o.a.camel.support.DefaultProducer - Stopping producer: Producer[integrationmapping://null?code=default]
2026-02-25 13:17:09 [Camel (camel-1) thread #1 - ShutdownTask] DEBUG o.a.c.i.e.DefaultShutdownStrategy - Route: Hospital_HealthMap_Mappin shutdown complete, was consuming from: rest://get:/v1/hospitales
2026-02-25 13:17:09 [Camel (camel-1) thread #1 - ShutdownTask] DEBUG o.a.c.h.common.DefaultHttpRegistry - Unregistering consumer for path /api/hello
2026-02-25 13:17:09 [Camel (camel-1) thread #1 - ShutdownTask] DEBUG o.a.c.c.s.CamelHttpTransportServlet - Disconnecting consumer: Consumer[servlet:/api/hello?httpMethodRestrict=GET]
2026-02-25 13:17:09 [Camel (camel-1) thread #1 - ShutdownTask] DEBUG o.a.camel.support.DefaultConsumer - Stopping consumer: Consumer[servlet:/api/hello?httpMethodRestrict=GET]
2026-02-25 13:17:09 [Camel (camel-1) thread #1 - ShutdownTask] DEBUG o.a.camel.support.DefaultProducer - Stopping producer: Producer[integratedSystem://null?code=DHIS2.DWH]
2026-02-25 13:17:09 [Camel (camel-1) thread #1 - ShutdownTask] DEBUG o.a.camel.support.DefaultProducer - Stopping producer: Producer[https://hmis-dev.moh.gov.jo/dwh/api/system/info?bridgeEndpoint=true]
2026-02-25 13:17:09 [Camel (camel-1) thread #1 - ShutdownTask] DEBUG o.a.camel.support.DefaultProducer - Stopping producer: Producer[log://InfoLogger]
2026-02-25 13:17:09 [Camel (camel-1) thread #1 - ShutdownTask] DEBUG o.a.c.i.e.DefaultShutdownStrategy - Route: my-new-route shutdown complete, was consuming from: rest://get:/api/hello
2026-02-25 13:17:09 [Camel (camel-1) thread #1 - ShutdownTask] DEBUG o.a.c.h.common.DefaultHttpRegistry - Unregistering consumer for path /HealthCenter
2026-02-25 13:17:09 [Camel (camel-1) thread #1 - ShutdownTask] DEBUG o.a.c.c.s.CamelHttpTransportServlet - Disconnecting consumer: Consumer[servlet:/HealthCenter?httpMethodRestrict=GET]
2026-02-25 13:17:09 [Camel (camel-1) thread #1 - ShutdownTask] DEBUG o.a.camel.support.DefaultConsumer - Stopping consumer: Consumer[servlet:/HealthCenter?httpMethodRestrict=GET]
2026-02-25 13:17:09 [Camel (camel-1) thread #1 - ShutdownTask] DEBUG o.a.camel.support.DefaultProducer - Stopping producer: Producer[integrationmapping://null?code=default]
2026-02-25 13:17:09 [Camel (camel-1) thread #1 - ShutdownTask] DEBUG o.a.c.i.e.DefaultShutdownStrategy - Route: HealthCenter-mapping shutdown complete, was consuming from: rest://get:/HealthCenter
2026-02-25 13:17:09 [Camel (camel-1) thread #1 - ShutdownTask] DEBUG o.a.c.h.common.DefaultHttpRegistry - Unregistering consumer for path /api/aiiiii
2026-02-25 13:17:09 [Camel (camel-1) thread #1 - ShutdownTask] DEBUG o.a.c.c.s.CamelHttpTransportServlet - Disconnecting consumer: Consumer[servlet:/api/aiiiii?httpMethodRestrict=POST]
2026-02-25 13:17:09 [Camel (camel-1) thread #1 - ShutdownTask] DEBUG o.a.camel.support.DefaultConsumer - Stopping consumer: Consumer[servlet:/api/aiiiii?httpMethodRestrict=POST]
2026-02-25 13:17:09 [Camel (camel-1) thread #1 - ShutdownTask] DEBUG o.a.camel.support.DefaultProducer - Stopping producer: Producer[log://output]
2026-02-25 13:17:09 [Camel (camel-1) thread #1 - ShutdownTask] DEBUG o.a.c.i.e.DefaultShutdownStrategy - Route: aiiiii shutdown complete, was consuming from: rest://post:/api/aiiiii
2026-02-25 13:17:09 [Camel (camel-1) thread #1 - ShutdownTask] DEBUG o.a.c.h.common.DefaultHttpRegistry - Unregistering consumer for path /api/xxxxxxxxxx
2026-02-25 13:17:09 [Camel (camel-1) thread #1 - ShutdownTask] DEBUG o.a.c.c.s.CamelHttpTransportServlet - Disconnecting consumer: Consumer[servlet:/api/xxxxxxxxxx?httpMethodRestrict=POST]
2026-02-25 13:17:09 [Camel (camel-1) thread #1 - ShutdownTask] DEBUG o.a.camel.support.DefaultConsumer - Stopping consumer: Consumer[servlet:/api/xxxxxxxxxx?httpMethodRestrict=POST]
2026-02-25 13:17:09 [Camel (camel-1) thread #1 - ShutdownTask] DEBUG o.a.camel.support.DefaultProducer - Stopping producer: Producer[log://output]
2026-02-25 13:17:09 [Camel (camel-1) thread #1 - ShutdownTask] DEBUG o.a.c.i.e.DefaultShutdownStrategy - Route: xxxxxxxxxx shutdown complete, was consuming from: rest://post:/api/xxxxxxxxxx
2026-02-25 13:17:09 [Camel (camel-1) thread #1 - ShutdownTask] DEBUG o.a.c.h.common.DefaultHttpRegistry - Unregistering consumer for path /external-user/*
2026-02-25 13:17:09 [Camel (camel-1) thread #1 - ShutdownTask] DEBUG o.a.c.c.s.CamelHttpTransportServlet - Disconnecting consumer: Consumer[servlet:/external-user/*?httpMethodRestrict=GET]
2026-02-25 13:17:09 [Camel (camel-1) thread #1 - ShutdownTask] DEBUG o.a.camel.support.DefaultConsumer - Stopping consumer: Consumer[servlet:/external-user/*?httpMethodRestrict=GET]
2026-02-25 13:17:09 [Camel (camel-1) thread #1 - ShutdownTask] DEBUG o.a.c.i.e.DefaultShutdownStrategy - Route: get-user-from-api shutdown complete, was consuming from: servlet:/external-user/*
2026-02-25 13:17:09 [Camel (camel-1) thread #1 - ShutdownTask] DEBUG o.a.c.h.common.DefaultHttpRegistry - Unregistering consumer for path /api/aaaaaaiaiiiiiiiiiiiiiiiiiii
2026-02-25 13:17:09 [Camel (camel-1) thread #1 - ShutdownTask] DEBUG o.a.c.c.s.CamelHttpTransportServlet - Disconnecting consumer: Consumer[servlet:/api/aaaaaaiaiiiiiiiiiiiiiiiiiii?httpMethodRestrict=POST]
2026-02-25 13:17:09 [Camel (camel-1) thread #1 - ShutdownTask] DEBUG o.a.camel.support.DefaultConsumer - Stopping consumer: Consumer[servlet:/api/aaaaaaiaiiiiiiiiiiiiiiiiiii?httpMethodRestrict=POST]
2026-02-25 13:17:09 [Camel (camel-1) thread #1 - ShutdownTask] DEBUG o.a.camel.support.DefaultProducer - Stopping producer: Producer[log://output]
2026-02-25 13:17:09 [Camel (camel-1) thread #1 - ShutdownTask] DEBUG o.a.c.i.e.DefaultShutdownStrategy - Route: my-new-testforAi shutdown complete, was consuming from: rest://post:/api/aaaaaaiaiiiiiiiiiiiiiiiiiii
2026-02-25 13:17:09 [Camel (camel-1) thread #1 - ShutdownTask] DEBUG o.a.c.h.common.DefaultHttpRegistry - Unregistering consumer for path /system/info
2026-02-25 13:17:09 [Camel (camel-1) thread #1 - ShutdownTask] DEBUG o.a.c.c.s.CamelHttpTransportServlet - Disconnecting consumer: Consumer[servlet:/system/info?httpMethodRestrict=GET]
2026-02-25 13:17:09 [Camel (camel-1) thread #1 - ShutdownTask] DEBUG o.a.camel.support.DefaultConsumer - Stopping consumer: Consumer[servlet:/system/info?httpMethodRestrict=GET]
2026-02-25 13:17:09 [Camel (camel-1) thread #1 - ShutdownTask] DEBUG o.a.camel.support.DefaultProducer - Stopping producer: Producer[integratedSystem://null?code=DHIS2.STABLE]
2026-02-25 13:17:09 [Camel (camel-1) thread #1 - ShutdownTask] DEBUG o.a.camel.support.DefaultProducer - Stopping producer: Producer[https://test.e2e.dhis2.org/ca-test-2.41/api/system/info?bridgeEndpoint=true]
2026-02-25 13:17:09 [Camel (camel-1) thread #1 - ShutdownTask] DEBUG o.a.camel.support.DefaultProducer - Stopping producer: Producer[log://InfoLogger]
2026-02-25 13:17:09 [Camel (camel-1) thread #1 - ShutdownTask] DEBUG o.a.c.i.e.DefaultShutdownStrategy - Route: dhis2-system-info shutdown complete, was consuming from: rest://get:/system/info
2026-02-25 13:17:09 [SpringApplicationShutdownHook] DEBUG o.a.c.i.e.DefaultShutdownStrategy - Graceful shutdown of 10 routes completed in 10ms
2026-02-25 13:17:09 [SpringApplicationShutdownHook] DEBUG o.a.c.i.e.DefaultAsyncProcessorAwaitManager - Shutting down with no inflight threads.
2026-02-25 13:17:09 [SpringApplicationShutdownHook] DEBUG o.a.camel.support.DefaultConsumer - Shutting down consumer: Consumer[servlet:/todos/*?httpMethodRestrict=GET]
2026-02-25 13:17:09 [SpringApplicationShutdownHook] DEBUG o.a.camel.support.DefaultConsumer - Shutting down consumer: Consumer[servlet:/v1/datasets?httpMethodRestrict=POST]
2026-02-25 13:17:09 [SpringApplicationShutdownHook] DEBUG o.a.camel.support.DefaultConsumer - Shutting down consumer: Consumer[servlet:/v1/hospitales?httpMethodRestrict=GET]
2026-02-25 13:17:09 [SpringApplicationShutdownHook] DEBUG o.a.camel.support.DefaultConsumer - Shutting down consumer: Consumer[servlet:/api/hello?httpMethodRestrict=GET]
2026-02-25 13:17:09 [SpringApplicationShutdownHook] DEBUG o.a.camel.support.DefaultConsumer - Shutting down consumer: Consumer[servlet:/HealthCenter?httpMethodRestrict=GET]
2026-02-25 13:17:09 [SpringApplicationShutdownHook] DEBUG o.a.camel.support.DefaultConsumer - Shutting down consumer: Consumer[servlet:/api/aiiiii?httpMethodRestrict=POST]
2026-02-25 13:17:09 [SpringApplicationShutdownHook] DEBUG o.a.camel.support.DefaultConsumer - Shutting down consumer: Consumer[servlet:/api/xxxxxxxxxx?httpMethodRestrict=POST]
2026-02-25 13:17:09 [SpringApplicationShutdownHook] DEBUG o.a.camel.support.DefaultConsumer - Shutting down consumer: Consumer[servlet:/external-user/*?httpMethodRestrict=GET]
2026-02-25 13:17:09 [SpringApplicationShutdownHook] DEBUG o.a.camel.support.DefaultConsumer - Shutting down consumer: Consumer[servlet:/api/aaaaaaiaiiiiiiiiiiiiiiiiiii?httpMethodRestrict=POST]
2026-02-25 13:17:09 [SpringApplicationShutdownHook] DEBUG o.a.camel.support.DefaultConsumer - Shutting down consumer: Consumer[servlet:/system/info?httpMethodRestrict=GET]
2026-02-25 13:17:09 [SpringApplicationShutdownHook] INFO  o.a.c.i.engine.AbstractCamelContext - Routes stopped (stopped:10)
2026-02-25 13:17:09 [SpringApplicationShutdownHook] INFO  o.a.c.i.engine.AbstractCamelContext -     Stopped get-todo (servlet:/todos/*)
2026-02-25 13:17:09 [SpringApplicationShutdownHook] INFO  o.a.c.i.engine.AbstractCamelContext -     Stopped dhis2-upload-csv (servlet:/v1/datasets)
2026-02-25 13:17:09 [SpringApplicationShutdownHook] INFO  o.a.c.i.engine.AbstractCamelContext -     Stopped Hospital_HealthMap_Mappin (rest://get:/v1/hospitales)
2026-02-25 13:17:09 [SpringApplicationShutdownHook] INFO  o.a.c.i.engine.AbstractCamelContext -     Stopped my-new-route (rest://get:/api/hello)
2026-02-25 13:17:09 [SpringApplicationShutdownHook] INFO  o.a.c.i.engine.AbstractCamelContext -     Stopped HealthCenter-mapping (rest://get:/HealthCenter)
2026-02-25 13:17:09 [SpringApplicationShutdownHook] INFO  o.a.c.i.engine.AbstractCamelContext -     Stopped aiiiii (rest://post:/api/aiiiii)
2026-02-25 13:17:09 [SpringApplicationShutdownHook] INFO  o.a.c.i.engine.AbstractCamelContext -     Stopped xxxxxxxxxx (rest://post:/api/xxxxxxxxxx)
2026-02-25 13:17:09 [SpringApplicationShutdownHook] INFO  o.a.c.i.engine.AbstractCamelContext -     Stopped get-user-from-api (servlet:/external-user/*)
2026-02-25 13:17:09 [SpringApplicationShutdownHook] INFO  o.a.c.i.engine.AbstractCamelContext -     Stopped my-new-testforAi (rest://post:/api/aaaaaaiaiiiiiiiiiiiiiiiiiii)
2026-02-25 13:17:09 [SpringApplicationShutdownHook] INFO  o.a.c.i.engine.AbstractCamelContext -     Stopped dhis2-system-info (rest://get:/system/info)
2026-02-25 13:17:09 [SpringApplicationShutdownHook] DEBUG o.a.c.i.e.BaseExecutorServiceManager - Forcing shutdown of ExecutorService: org.apache.camel.util.concurrent.SizedScheduledExecutorService@5879197b[ErrorHandlerRedeliveryTask]
2026-02-25 13:17:09 [SpringApplicationShutdownHook] DEBUG o.a.c.i.e.DefaultInflightRepository - Shutting down with no inflight exchanges.
2026-02-25 13:17:09 [SpringApplicationShutdownHook] DEBUG o.a.c.i.e.BaseExecutorServiceManager - Forcing shutdown of ExecutorService: org.apache.camel.util.concurrent.RejectableThreadPoolExecutor@65131898[Running, pool size = 1, active threads = 0, queued tasks = 0, completed tasks = 1][ShutdownTask]
2026-02-25 13:17:09 [SpringApplicationShutdownHook] DEBUG o.a.c.i.e.DefaultBeanIntrospection - Stopping BeanIntrospection which was invoked: 23 times
2026-02-25 13:17:09 [SpringApplicationShutdownHook] INFO  o.a.c.i.engine.AbstractCamelContext - Apache Camel 4.4.0 (camel-1) shutdown in 22ms (uptime:15m44s)
2026-02-25 13:17:09 [SpringApplicationShutdownHook] DEBUG o.a.c.m.SimpleMainShutdownStrategy - Shutdown called
2026-02-25 13:17:09 [SpringApplicationShutdownHook] INFO  org.quartz.core.QuartzScheduler - Scheduler quartzScheduler_$_NON_CLUSTERED shutting down.
2026-02-25 13:17:09 [SpringApplicationShutdownHook] INFO  org.quartz.core.QuartzScheduler - Scheduler quartzScheduler_$_NON_CLUSTERED paused.
2026-02-25 13:17:09 [SpringApplicationShutdownHook] INFO  org.quartz.core.QuartzScheduler - Scheduler quartzScheduler_$_NON_CLUSTERED shutdown complete.
2026-02-25 13:17:09 [SpringApplicationShutdownHook] DEBUG o.a.c.h.common.DefaultHttpRegistry - Unregistering CamelServlet with name CamelServlet
2026-02-25 13:17:09 [SpringApplicationShutdownHook] INFO  o.a.c.c.s.CamelHttpTransportServlet - Destroyed CamelHttpTransportServlet[CamelServlet]
2026-02-25 13:17:48 [background-preinit] INFO  o.h.validator.internal.util.Version - HV000001: Hibernate Validator 8.0.2.Final
2026-02-25 13:17:48 [main] INFO  c.m.MiddlewareApplicationTests - Starting MiddlewareApplicationTests using Java 23-valhalla with PID 25696 (started by omard in C:\Users\omard\Desktop\Work\back-end - Copy)
2026-02-25 13:17:48 [main] INFO  c.m.MiddlewareApplicationTests - No active profile set, falling back to 1 default profile: "default"
2026-02-25 13:17:49 [main] DEBUG o.s.w.c.s.GenericWebApplicationContext - Refreshing org.springframework.web.context.support.GenericWebApplicationContext@30d25c03
2026-02-25 13:17:52 [main] INFO  o.h.jpa.internal.util.LogHelper - HHH000204: Processing PersistenceUnitInfo [name: default]
2026-02-25 13:17:53 [main] INFO  org.hibernate.Version - HHH000412: Hibernate ORM core version 6.6.11.Final
2026-02-25 13:17:53 [main] INFO  o.h.c.i.RegionFactoryInitiator - HHH000026: Second-level cache disabled
2026-02-25 13:17:53 [main] WARN  org.hibernate.orm.deprecation - HHH90000025: PostgreSQLDialect does not need to be specified explicitly using 'hibernate.dialect' (remove the property setting and it will be selected by default)
2026-02-25 13:17:53 [main] INFO  o.hibernate.orm.connections.pooling - HHH10001005: Database info:
	Database JDBC URL [Connecting through datasource 'org.springframework.jdbc.datasource.DriverManagerDataSource@59ec5a0b']
	Database driver: undefined/unknown
	Database version: 17.4
	Autocommit mode: undefined/unknown
	Isolation level: undefined/unknown
	Minimum pool size: undefined/unknown
	Maximum pool size: undefined/unknown
2026-02-25 13:17:56 [main] INFO  o.h.e.t.j.p.i.JtaPlatformInitiator - HHH000489: No JTA platform available (set 'hibernate.transaction.jta.platform' to enable JTA platform integration)
2026-02-25 13:17:58 [main] DEBUG o.a.camel.spring.SpringCamelContext - Set the application context classloader to: jdk.internal.loader.ClassLoaders$AppClassLoader@70dea4e
2026-02-25 13:17:58 [main] DEBUG o.a.camel.support.LRUCacheFactory - Creating DefaultLRUCacheFactory
2026-02-25 13:17:58 [main] DEBUG o.a.c.i.e.DefaultCamelContextExtension - Setting up management with factory: org.apache.camel.impl.engine.DefaultManagementStrategyFactory@138617da
2026-02-25 13:17:58 [main] DEBUG o.a.camel.support.ResolverHelper - Found HealthCheckRegistry: org.apache.camel.impl.health.DefaultHealthCheckRegistry via: META-INF/services/org/apache/camel/health-check/default-registry
2026-02-25 13:17:58 [main] DEBUG o.a.camel.support.ResolverHelper - Detected and using HealthCheckRegistry: org.apache.camel.impl.health.DefaultHealthCheckRegistry@734901c1
2026-02-25 13:17:58 [main] DEBUG o.a.c.i.h.DefaultHealthCheckRegistry - HealthCheckRepository with id registry-health-check-repository successfully registered
2026-02-25 13:17:58 [main] DEBUG o.a.c.i.c.BaseTypeConverterRegistry - Loading file META-INF/services/org/apache/camel/TypeConverterLoader to retrieve list of type converters, from url: jar:file:/C:/Users/omard/.m2/repository/org/apache/camel/camel-spring/4.4.0/camel-spring-4.4.0.jar!/META-INF/services/org/apache/camel/TypeConverterLoader
2026-02-25 13:17:58 [main] DEBUG o.a.c.i.c.BaseTypeConverterRegistry - Loading file META-INF/services/org/apache/camel/TypeConverterLoader to retrieve list of type converters, from url: jar:file:/C:/Users/omard/.m2/repository/org/apache/camel/camel-xml-jaxp/4.4.0/camel-xml-jaxp-4.4.0.jar!/META-INF/services/org/apache/camel/TypeConverterLoader
2026-02-25 13:17:58 [main] DEBUG o.a.c.i.c.BaseTypeConverterRegistry - Loading file META-INF/services/org/apache/camel/TypeConverterLoader to retrieve list of type converters, from url: jar:file:/C:/Users/omard/.m2/repository/org/apache/camel/camel-http/4.4.0/camel-http-4.4.0.jar!/META-INF/services/org/apache/camel/TypeConverterLoader
2026-02-25 13:17:58 [main] DEBUG o.a.c.i.c.BaseTypeConverterRegistry - Loading file META-INF/services/org/apache/camel/TypeConverterLoader to retrieve list of type converters, from url: jar:file:/C:/Users/omard/.m2/repository/org/apache/camel/camel-http-common/4.4.0/camel-http-common-4.4.0.jar!/META-INF/services/org/apache/camel/TypeConverterLoader
2026-02-25 13:17:58 [main] DEBUG o.a.c.i.c.BaseTypeConverterRegistry - Loading file META-INF/services/org/apache/camel/TypeConverterLoader to retrieve list of type converters, from url: jar:file:/C:/Users/omard/.m2/repository/org/apache/camel/camel-attachments/4.4.0/camel-attachments-4.4.0.jar!/META-INF/services/org/apache/camel/TypeConverterLoader
2026-02-25 13:17:58 [main] DEBUG o.a.c.i.c.BaseTypeConverterRegistry - Loading file META-INF/services/org/apache/camel/TypeConverterLoader to retrieve list of type converters, from url: jar:file:/C:/Users/omard/.m2/repository/org/apache/camel/camel-jackson/4.4.0/camel-jackson-4.4.0.jar!/META-INF/services/org/apache/camel/TypeConverterLoader
2026-02-25 13:17:58 [main] DEBUG o.a.c.i.c.BaseTypeConverterRegistry - Loading file META-INF/services/org/apache/camel/TypeConverterLoader to retrieve list of type converters, from url: jar:file:/C:/Users/omard/.m2/repository/org/apache/camel/camel-support/4.4.0/camel-support-4.4.0.jar!/META-INF/services/org/apache/camel/TypeConverterLoader
2026-02-25 13:17:58 [main] DEBUG o.a.c.i.c.BaseTypeConverterRegistry - Loading file META-INF/services/org/apache/camel/TypeConverterLoader to retrieve list of type converters, from url: jar:file:/C:/Users/omard/.m2/repository/org/apache/camel/camel-file/4.4.0/camel-file-4.4.0.jar!/META-INF/services/org/apache/camel/TypeConverterLoader
2026-02-25 13:17:58 [main] DEBUG o.a.c.i.c.BaseTypeConverterRegistry - Loading file META-INF/services/org/apache/camel/TypeConverterLoader to retrieve list of type converters, from url: jar:file:/C:/Users/omard/.m2/repository/org/apache/camel/camel-base/4.4.0/camel-base-4.4.0.jar!/META-INF/services/org/apache/camel/TypeConverterLoader
2026-02-25 13:17:58 [main] DEBUG o.a.c.i.c.BaseTypeConverterRegistry - Resolving TypeConverterLoader: org.apache.camel.spring.converter.ResourceConverterLoader
2026-02-25 13:17:58 [main] DEBUG o.a.c.i.c.BaseTypeConverterRegistry - TypeConverterLoader: org.apache.camel.spring.converter.ResourceConverterLoader loading converters
2026-02-25 13:17:58 [main] DEBUG o.a.c.i.c.BaseTypeConverterRegistry - Resolving TypeConverterLoader: org.apache.camel.converter.jaxp.CamelXmlJaxpBulkConverterLoader
2026-02-25 13:17:58 [main] DEBUG o.a.c.i.c.BaseTypeConverterRegistry - TypeConverterLoader: org.apache.camel.converter.jaxp.CamelXmlJaxpBulkConverterLoader loading converters
2026-02-25 13:17:58 [main] DEBUG o.a.c.i.c.BaseTypeConverterRegistry - Resolving TypeConverterLoader: org.apache.camel.component.http.HttpConvertersLoader
2026-02-25 13:17:58 [main] DEBUG o.a.c.i.c.BaseTypeConverterRegistry - TypeConverterLoader: org.apache.camel.component.http.HttpConvertersLoader loading converters
2026-02-25 13:17:58 [main] DEBUG o.a.c.i.c.BaseTypeConverterRegistry - Resolving TypeConverterLoader: org.apache.camel.component.http.HttpEntityConverterLoader
2026-02-25 13:17:58 [main] DEBUG o.a.c.i.c.BaseTypeConverterRegistry - TypeConverterLoader: org.apache.camel.component.http.HttpEntityConverterLoader loading converters
2026-02-25 13:17:58 [main] DEBUG o.a.c.i.c.BaseTypeConverterRegistry - Resolving TypeConverterLoader: org.apache.camel.http.common.HttpConverterLoader
2026-02-25 13:17:58 [main] DEBUG o.a.c.i.c.BaseTypeConverterRegistry - TypeConverterLoader: org.apache.camel.http.common.HttpConverterLoader loading converters
2026-02-25 13:17:58 [main] DEBUG o.a.c.i.c.BaseTypeConverterRegistry - Resolving TypeConverterLoader: org.apache.camel.attachment.AttachmentConverterLoader
2026-02-25 13:17:58 [main] DEBUG o.a.c.i.c.BaseTypeConverterRegistry - TypeConverterLoader: org.apache.camel.attachment.AttachmentConverterLoader loading converters
2026-02-25 13:17:58 [main] DEBUG o.a.c.i.c.BaseTypeConverterRegistry - Resolving TypeConverterLoader: org.apache.camel.component.jackson.converter.JacksonTypeConvertersLoader
2026-02-25 13:17:58 [main] DEBUG o.a.c.i.c.BaseTypeConverterRegistry - TypeConverterLoader: org.apache.camel.component.jackson.converter.JacksonTypeConvertersLoader loading converters
2026-02-25 13:17:58 [main] DEBUG o.a.c.i.c.BaseTypeConverterRegistry - Resolving TypeConverterLoader: org.apache.camel.converter.stream.StreamCacheBulkConverterLoader
2026-02-25 13:17:58 [main] DEBUG o.a.c.i.c.BaseTypeConverterRegistry - TypeConverterLoader: org.apache.camel.converter.stream.StreamCacheBulkConverterLoader loading converters
2026-02-25 13:17:58 [main] DEBUG o.a.c.i.c.BaseTypeConverterRegistry - Resolving TypeConverterLoader: org.apache.camel.component.file.GenericFileConverterLoader
2026-02-25 13:17:58 [main] DEBUG o.a.c.i.c.BaseTypeConverterRegistry - TypeConverterLoader: org.apache.camel.component.file.GenericFileConverterLoader loading converters
2026-02-25 13:17:58 [main] DEBUG o.a.c.i.c.BaseTypeConverterRegistry - Resolving TypeConverterLoader: org.apache.camel.converter.CamelBaseBulkConverterLoader
2026-02-25 13:17:58 [main] DEBUG o.a.c.i.c.BaseTypeConverterRegistry - TypeConverterLoader: org.apache.camel.converter.CamelBaseBulkConverterLoader loading converters
2026-02-25 13:17:58 [main] DEBUG o.a.c.i.c.DefaultTypeConverter - Loaded 259 type converters in 92ms
2026-02-25 13:17:58 [main] DEBUG o.a.c.i.engine.AbstractCamelContext - Apache Camel 4.4.0 (camel-1) built in 166ms
2026-02-25 13:17:58 [main] INFO  o.a.camel.util.concurrent.ThreadType - The type of thread detected is PLATFORM
2026-02-25 13:17:58 [main] DEBUG o.a.c.i.e.BaseExecutorServiceManager - Created new ScheduledThreadPool for source: ErrorHandlerRedeliveryThreadPool with name: ErrorHandlerRedeliveryTask -> org.apache.camel.util.concurrent.SizedScheduledExecutorService@787168e8[ErrorHandlerRedeliveryTask]
2026-02-25 13:17:58 [main] DEBUG o.a.c.i.e.DefaultConfigurerResolver - Found configurer: spring-event-component via type: org.apache.camel.component.event.EventComponentConfigurer via: META-INF/services/org/apache/camel/configurer/spring-event-component
2026-02-25 13:17:58 [main] DEBUG o.a.c.i.e.DefaultConfigurerResolver - Found configurer: spring-event-endpoint via type: org.apache.camel.component.event.EventEndpointConfigurer via: META-INF/services/org/apache/camel/configurer/spring-event-endpoint
2026-02-25 13:17:58 [main] DEBUG o.a.c.i.e.DefaultConfigurerResolver - Found configurer: spring-event-component via type: org.apache.camel.component.event.EventComponentConfigurer via: META-INF/services/org/apache/camel/configurer/spring-event-component
2026-02-25 13:17:58 [main] DEBUG o.a.camel.spring.SpringCamelContext - Set the application context classloader to: jdk.internal.loader.ClassLoaders$AppClassLoader@70dea4e
2026-02-25 13:18:00 [main] INFO  c.m.b.config.RestTemplateConfig - Creating RestTemplate with SSL trust-all configuration
2026-02-25 13:18:00 [main] INFO  c.m.b.config.RestTemplateConfig - RestTemplate configured with connect-timeout: 10000ms, read-timeout: 30000ms
2026-02-25 13:18:02 [main] INFO  org.quartz.impl.StdSchedulerFactory - Using default implementation for ThreadExecutor
2026-02-25 13:18:02 [main] INFO  o.quartz.core.SchedulerSignalerImpl - Initialized Scheduler Signaller of type: class org.quartz.core.SchedulerSignalerImpl
2026-02-25 13:18:02 [main] INFO  org.quartz.core.QuartzScheduler - Quartz Scheduler v.2.3.2 created.
2026-02-25 13:18:02 [main] INFO  org.quartz.simpl.RAMJobStore - RAMJobStore initialized.
2026-02-25 13:18:02 [main] INFO  org.quartz.core.QuartzScheduler - Scheduler meta-data: Quartz Scheduler (v2.3.2) 'quartzScheduler' with instanceId 'NON_CLUSTERED'
  Scheduler class: 'org.quartz.core.QuartzScheduler' - running locally.
  NOT STARTED.
  Currently in standby mode.
  Number of jobs executed: 0
  Using thread pool 'org.quartz.simpl.SimpleThreadPool' - with 10 threads.
  Using job-store 'org.quartz.simpl.RAMJobStore' - which does not support persistence. and is not clustered.

2026-02-25 13:18:02 [main] INFO  org.quartz.impl.StdSchedulerFactory - Quartz scheduler 'quartzScheduler' initialized from an externally provided properties instance.
2026-02-25 13:18:02 [main] INFO  org.quartz.impl.StdSchedulerFactory - Quartz scheduler version: 2.3.2
2026-02-25 13:18:02 [main] INFO  org.quartz.core.QuartzScheduler - JobFactory set to: org.springframework.scheduling.quartz.SpringBeanJobFactory@12322b69
2026-02-25 13:18:02 [main] INFO  c.m.IntegrationMappingComponent - IntegrationMappingComponent initialized with CamelContext.
2026-02-25 13:18:02 [main] INFO  c.m.b.c.IntegrationMappingConfiguration - Registered custom Camel component: integrationmapping
2026-02-25 13:18:03 [main] INFO  c.m.b.k.i.Dhis2HeaderFilterConfig - === Configuring DHIS2 Header Filter (Static Test) ===
2026-02-25 13:18:03 [main] INFO  c.m.b.k.i.Dhis2HeaderFilterConfig - DHIS2 Header Filter configured - allowing most headers for testing
2026-02-25 13:18:03 [main] DEBUG o.s.w.s.m.m.a.RequestMappingHandlerMapping - 167 mappings in 'requestMappingHandlerMapping'
2026-02-25 13:18:03 [main] DEBUG o.s.w.s.h.SimpleUrlHandlerMapping - Patterns [/webjars/**, /**, /swagger-ui*/*swagger-initializer.js, /swagger-ui*/**] in 'resourceHandlerMapping'
2026-02-25 13:18:03 [main] DEBUG o.a.c.i.h.DefaultHealthCheckRegistry - HealthCheck with id context successfully registered
2026-02-25 13:18:03 [main] DEBUG o.a.c.i.h.DefaultHealthCheckRegistry - HealthCheckRepository with id routes successfully registered
2026-02-25 13:18:03 [main] DEBUG o.a.c.i.h.DefaultHealthCheckRegistry - HealthCheckRepository with id producers successfully registered
2026-02-25 13:18:03 [main] DEBUG o.a.c.i.h.DefaultHealthCheckRegistry - HealthCheckRepository with id consumers successfully registered
2026-02-25 13:18:04 [main] DEBUG o.s.w.s.m.m.a.RequestMappingHandlerAdapter - ControllerAdvice beans: 0 @ModelAttribute, 0 @InitBinder, 1 RequestBodyAdvice, 1 ResponseBodyAdvice
2026-02-25 13:18:04 [main] DEBUG o.s.w.s.m.m.a.ExceptionHandlerExceptionResolver - ControllerAdvice beans: 2 @ExceptionHandler, 1 ResponseBodyAdvice
2026-02-25 13:18:05 [main] INFO  org.quartz.core.QuartzScheduler - Scheduler quartzScheduler_$_NON_CLUSTERED started.
2026-02-25 13:18:05 [main] DEBUG o.a.c.s.b.CamelSpringBootApplicationListener - Post-processing CamelContext bean: camel-1
2026-02-25 13:18:05 [main] DEBUG o.apache.camel.main.RoutesConfigurer - RoutesCollectorEnabled: org.apache.camel.spring.boot.CamelSpringBootRoutesCollector@71d181c8
2026-02-25 13:18:05 [main] DEBUG o.a.c.s.b.CamelSpringBootRoutesCollector - Finding additional routes from: classpath:camel/*
2026-02-25 13:18:05 [main] DEBUG o.a.c.s.b.CamelSpringBootRoutesCollector - Finding additional routes from: classpath:camel-template/*
2026-02-25 13:18:05 [main] DEBUG o.a.c.s.b.CamelSpringBootRoutesCollector - Finding additional routes from: classpath:camel-rest/*
2026-02-25 13:18:05 [main] DEBUG o.a.c.s.b.CamelSpringBootRoutesCollector - No additional RoutesBuilder discovered from: classpath:camel/*,classpath:camel-template/*,classpath:camel-rest/*
2026-02-25 13:18:05 [main] DEBUG o.a.camel.spring.SpringCamelContext - onApplicationEvent: org.springframework.context.event.ContextRefreshedEvent[source=org.springframework.web.context.support.GenericWebApplicationContext@30d25c03, started on Wed Feb 25 13:17:49 EET 2026]
2026-02-25 13:18:05 [main] DEBUG o.a.c.i.engine.AbstractCamelContext - Resolving language: simple
2026-02-25 13:18:05 [main] DEBUG o.a.camel.support.ResolverHelper - Lookup Language with name simple in registry. Found: null
2026-02-25 13:18:05 [main] DEBUG o.a.camel.support.ResolverHelper - Lookup Language with name simple-language in registry. Found: null
2026-02-25 13:18:05 [main] DEBUG o.a.c.language.simple.SimpleLanguage - Simple language predicate/expression cache size: 1000
2026-02-25 13:18:05 [main] DEBUG o.a.c.i.engine.AbstractCamelContext - Apache Camel 4.4.0 (camel-1) initialized in 102ms
2026-02-25 13:18:05 [main] INFO  o.a.c.i.engine.AbstractCamelContext - Apache Camel 4.4.0 (camel-1) is starting
2026-02-25 13:18:05 [main] DEBUG o.a.c.i.engine.AbstractCamelContext - Using ClassResolver=org.apache.camel.impl.engine.DefaultClassResolver@1e2dc71a, PackageScanClassResolver=org.apache.camel.spring.boot.FatJarPackageScanClassResolver@a70b31, ApplicationContextClassLoader=jdk.internal.loader.ClassLoaders$AppClassLoader@70dea4e, RouteController=org.apache.camel.impl.engine.DefaultRouteController@604e975
2026-02-25 13:18:05 [main] DEBUG o.a.c.i.engine.AbstractCamelContext - StreamCaching is disabled on CamelContext: camel-1
2026-02-25 13:18:05 [scheduling-1] INFO  c.m.b.k.service.DynamicRouteService - Starting route status sync with Camel context
2026-02-25 13:18:05 [main] DEBUG o.a.c.i.engine.AbstractCamelContext - Using HeadersMapFactory: org.apache.camel.impl.engine.DefaultHeadersMapFactory@2fbc2377
2026-02-25 13:18:05 [main] DEBUG o.a.c.i.engine.AbstractCamelContext - Using ReactiveExecutor: org.apache.camel.impl.engine.DefaultReactiveExecutor@32d8cc0a
2026-02-25 13:18:05 [main] DEBUG o.a.c.i.engine.AbstractCamelContext - Using ThreadPoolFactory: org.apache.camel.support.DefaultThreadPoolFactory@25d26ee1
2026-02-25 13:18:05 [main] DEBUG o.a.c.i.engine.AbstractCamelContext - Using HealthCheck: camel-spring-boot
2026-02-25 13:18:05 [main] DEBUG o.a.c.i.e.DefaultStreamCachingStrategy - StreamCaching configuration DefaultStreamCachingStrategy[spoolDirectoryEnabled=false, spoolDirectory=null, spoolCipher=null, spoolThreshold=131072, spoolUsedHeapMemoryThreshold=0, bufferSize=0, anySpoolRules=false]
2026-02-25 13:18:05 [main] DEBUG o.a.c.i.e.DefaultStreamCachingStrategy - StreamCaching in use
2026-02-25 13:18:05 [main] DEBUG o.a.c.i.engine.AbstractCamelContext - Clearing BeanIntrospection cache with 1 objects using during starting Camel
2026-02-25 13:18:05 [main] DEBUG o.a.c.i.engine.AbstractCamelContext - BeanIntrospection invoked 4 times during starting Camel
2026-02-25 13:18:05 [main] INFO  o.a.c.i.engine.AbstractCamelContext - Routes startup (started:0)
2026-02-25 13:18:05 [main] INFO  o.a.c.i.engine.AbstractCamelContext - Apache Camel 4.4.0 (camel-1) started in 285ms (build:166ms init:102ms start:17ms)
2026-02-25 13:18:05 [main] DEBUG o.a.camel.support.ResolverHelper - Found ProcessorFactory: org.apache.camel.processor.DefaultProcessorFactory via: META-INF/services/org/apache/camel/processor-factory
2026-02-25 13:18:05 [main] DEBUG o.a.camel.support.ResolverHelper - Detected and using ProcessorFactory: org.apache.camel.processor.DefaultProcessorFactory@7ea3b49f
2026-02-25 13:18:05 [main] DEBUG o.a.camel.impl.DefaultCamelContext - start() took 128 millis
2026-02-25 13:18:05 [main] INFO  c.m.MiddlewareApplicationTests - Started MiddlewareApplicationTests in 17.394 seconds (process running for 19.244)
2026-02-25 13:18:05 [main] DEBUG o.a.camel.spring.SpringCamelContext - onApplicationEvent: org.springframework.boot.context.event.ApplicationStartedEvent[source=org.springframework.boot.SpringApplication@473d35b0]
2026-02-25 13:18:05 [main] DEBUG o.a.camel.spring.SpringCamelContext - onApplicationEvent: org.springframework.boot.availability.AvailabilityChangeEvent[source=org.springframework.web.context.support.GenericWebApplicationContext@30d25c03, started on Wed Feb 25 13:17:49 EET 2026]
2026-02-25 13:18:06 [main] DEBUG o.a.camel.spring.SpringCamelContext - onApplicationEvent: org.springframework.boot.context.event.ApplicationReadyEvent[source=org.springframework.boot.SpringApplication@473d35b0]
2026-02-25 13:18:06 [main] INFO  c.m.b.k.service.SequenceFixService - Fixing sequence for integration_mapping.id ...
2026-02-25 13:18:06 [scheduling-1] DEBUG o.a.c.i.engine.AbstractCamelContext - Adding route configurations from builder: Routes: []
2026-02-25 13:18:06 [scheduling-1] DEBUG o.a.c.i.engine.AbstractCamelContext - Adding routes from builder: Routes: []
2026-02-25 13:18:06 [scheduling-1] DEBUG o.a.c.i.e.DefaultUriFactoryResolver - Found EndpointUriFactory: integratedSystem via type: com.middleware.IntegratedSystemEndpointUriFactory via: META-INF/services/org/apache/camel/urifactory/integratedSystem
2026-02-25 13:18:06 [scheduling-1] DEBUG o.a.c.i.e.DefaultUriFactoryResolver - Found EndpointUriFactory: https via type: org.apache.camel.component.http.HttpEndpointUriFactory via: META-INF/services/org/apache/camel/urifactory/https
2026-02-25 13:18:06 [scheduling-1] DEBUG o.a.c.i.e.DefaultUriFactoryResolver - Found EndpointUriFactory: rest via type: org.apache.camel.component.rest.RestEndpointUriFactory via: META-INF/services/org/apache/camel/urifactory/rest
2026-02-25 13:18:06 [scheduling-1] DEBUG o.a.c.i.e.DefaultConfigurerResolver - Found configurer: org.apache.camel.spi.RestConfiguration via type: org.apache.camel.impl.RestConfigurationConfigurer via: META-INF/services/org/apache/camel/configurer/org.apache.camel.spi.RestConfiguration
2026-02-25 13:18:06 [scheduling-1] DEBUG o.a.c.i.e.DefaultConfigurerResolver - Found configurer: org.apache.camel.spi.RestConfiguration via type: org.apache.camel.impl.RestConfigurationConfigurer via: META-INF/services/org/apache/camel/configurer/org.apache.camel.spi.RestConfiguration
2026-02-25 13:18:06 [scheduling-1] DEBUG o.a.c.i.e.DefaultConfigurerResolver - Found configurer: org.apache.camel.spi.RestConfiguration via type: org.apache.camel.impl.RestConfigurationConfigurer via: META-INF/services/org/apache/camel/configurer/org.apache.camel.spi.RestConfiguration
2026-02-25 13:18:06 [scheduling-1] DEBUG o.a.c.i.e.DefaultConfigurerResolver - Found configurer: org.apache.camel.spi.RestConfiguration via type: org.apache.camel.impl.RestConfigurationConfigurer via: META-INF/services/org/apache/camel/configurer/org.apache.camel.spi.RestConfiguration
2026-02-25 13:18:06 [scheduling-1] DEBUG o.a.c.i.e.DefaultConfigurerResolver - Found configurer: org.apache.camel.spi.RestConfiguration via type: org.apache.camel.impl.RestConfigurationConfigurer via: META-INF/services/org/apache/camel/configurer/org.apache.camel.spi.RestConfiguration
2026-02-25 13:18:06 [scheduling-1] DEBUG o.a.c.i.e.DefaultConfigurerResolver - Found configurer: org.apache.camel.spi.RestConfiguration via type: org.apache.camel.impl.RestConfigurationConfigurer via: META-INF/services/org/apache/camel/configurer/org.apache.camel.spi.RestConfiguration
2026-02-25 13:18:06 [scheduling-1] DEBUG o.a.c.i.e.DefaultConfigurerResolver - Found configurer: org.apache.camel.spi.RestConfiguration via type: org.apache.camel.impl.RestConfigurationConfigurer via: META-INF/services/org/apache/camel/configurer/org.apache.camel.spi.RestConfiguration
2026-02-25 13:18:06 [scheduling-1] DEBUG o.a.c.i.e.DefaultConfigurerResolver - Found configurer: org.apache.camel.spi.RestConfiguration via type: org.apache.camel.impl.RestConfigurationConfigurer via: META-INF/services/org/apache/camel/configurer/org.apache.camel.spi.RestConfiguration
2026-02-25 13:18:06 [scheduling-1] DEBUG o.a.c.i.e.DefaultConfigurerResolver - Found configurer: org.apache.camel.spi.RestConfiguration via type: org.apache.camel.impl.RestConfigurationConfigurer via: META-INF/services/org/apache/camel/configurer/org.apache.camel.spi.RestConfiguration
2026-02-25 13:18:06 [scheduling-1] DEBUG o.a.c.i.e.DefaultConfigurerResolver - Found configurer: org.apache.camel.spi.RestConfiguration via type: org.apache.camel.impl.RestConfigurationConfigurer via: META-INF/services/org/apache/camel/configurer/org.apache.camel.spi.RestConfiguration
2026-02-25 13:18:06 [scheduling-1] DEBUG o.a.c.i.e.DefaultConfigurerResolver - Found configurer: org.apache.camel.spi.RestConfiguration via type: org.apache.camel.impl.RestConfigurationConfigurer via: META-INF/services/org/apache/camel/configurer/org.apache.camel.spi.RestConfiguration
2026-02-25 13:18:06 [scheduling-1] DEBUG o.a.c.i.e.DefaultConfigurerResolver - Found configurer: org.apache.camel.spi.RestConfiguration via type: org.apache.camel.impl.RestConfigurationConfigurer via: META-INF/services/org/apache/camel/configurer/org.apache.camel.spi.RestConfiguration
2026-02-25 13:18:06 [scheduling-1] DEBUG o.a.c.i.engine.AbstractCamelContext - Using ComponentResolver: org.apache.camel.impl.engine.DefaultComponentResolver@2cdfeee2 to resolve component with name: rest
2026-02-25 13:18:06 [scheduling-1] DEBUG o.a.camel.support.ResolverHelper - Lookup Component with name rest in registry. Found: null
2026-02-25 13:18:06 [scheduling-1] DEBUG o.a.camel.support.ResolverHelper - Lookup Component with name rest-component in registry. Found: null
2026-02-25 13:18:06 [scheduling-1] DEBUG o.a.c.i.e.DefaultComponentResolver - Found component: rest via type: org.apache.camel.component.rest.RestComponent via: META-INF/services/org/apache/camel/component/rest
2026-02-25 13:18:06 [scheduling-1] DEBUG o.a.c.i.e.DefaultConfigurerResolver - Found configurer: rest-component via type: org.apache.camel.component.rest.RestComponentConfigurer via: META-INF/services/org/apache/camel/configurer/rest-component
2026-02-25 13:18:06 [scheduling-1] DEBUG o.a.c.i.e.DefaultConfigurerResolver - Found configurer: rest-endpoint via type: org.apache.camel.component.rest.RestEndpointConfigurer via: META-INF/services/org/apache/camel/configurer/rest-endpoint
2026-02-25 13:18:06 [main] INFO  c.m.b.k.service.SequenceFixService - Sequence public.integration_mapping_id_seq synced to 242. setval returned 242
2026-02-25 13:18:06 [main] INFO  c.m.b.k.service.SequenceFixService - Sequence fix done.
2026-02-25 13:18:06 [main] DEBUG o.a.camel.spring.SpringCamelContext - onApplicationEvent: org.springframework.boot.availability.AvailabilityChangeEvent[source=org.springframework.web.context.support.GenericWebApplicationContext@30d25c03, started on Wed Feb 25 13:17:49 EET 2026]
2026-02-25 13:18:06 [main] DEBUG o.a.camel.spring.SpringCamelContext - onApplicationEvent: org.springframework.test.context.event.PrepareTestInstanceEvent[source=[DefaultTestContext@2f7262b0 testClass = com.middleware.MiddlewareApplicationTests, testInstance = com.middleware.MiddlewareApplicationTests@411fa9f9, testMethod = null, testException = null, mergedContextConfiguration = [WebMergedContextConfiguration@764fd7ab testClass = com.middleware.MiddlewareApplicationTests, locations = [], classes = [com.middleware.MiddlewareApplication], contextInitializerClasses = [], activeProfiles = [], propertySourceDescriptors = [], propertySourceProperties = ["org.springframework.boot.test.context.SpringBootTestContextBootstrapper=true"], contextCustomizers = [org.springframework.boot.test.context.filter.ExcludeFilterContextCustomizer@b6b1987, org.springframework.boot.test.json.DuplicateJsonObjectContextCustomizerFactory$DuplicateJsonObjectContextCustomizer@7c541c15, org.springframework.boot.test.mock.mockito.MockitoContextCustomizer@0, org.springframework.boot.test.web.client.TestRestTemplateContextCustomizer@3e10dc6, org.springframework.boot.test.web.reactor.netty.DisableReactorResourceFactoryGlobalResourcesContextCustomizerFactory$DisableReactorResourceFactoryGlobalResourcesContextCustomizerCustomizer@686449f9, org.springframework.boot.test.autoconfigure.OnFailureConditionReportContextCustomizerFactory$OnFailureConditionReportContextCustomizer@4044fb95, org.springframework.boot.test.autoconfigure.actuate.observability.ObservabilityContextCustomizerFactory$DisableObservabilityContextCustomizer@1f, org.springframework.boot.test.autoconfigure.properties.PropertyMappingContextCustomizer@0, org.springframework.boot.test.autoconfigure.web.servlet.WebDriverContextCustomizer@62f4ff3b, org.springframework.test.context.support.DynamicPropertiesContextCustomizer@0, org.springframework.boot.test.context.SpringBootTestAnnotation@5ee19d4f], resourceBasePath = "src/main/webapp", contextLoader = org.springframework.boot.test.context.SpringBootContextLoader, parent = null], attributes = {"org.springframework.test.context.web.ServletTestExecutionListener.activateListener" -> true, "org.springframework.test.context.web.ServletTestExecutionListener.populatedRequestContextHolder" -> true, "org.springframework.test.context.web.ServletTestExecutionListener.resetRequestContextHolder" -> true, "org.springframework.test.context.event.ApplicationEventsTestExecutionListener.recordApplicationEvents" -> false}]]
2026-02-25 13:18:06 [main] DEBUG o.a.camel.spring.SpringCamelContext - onApplicationEvent: org.springframework.test.context.event.BeforeTestMethodEvent[source=[DefaultTestContext@2f7262b0 testClass = com.middleware.MiddlewareApplicationTests, testInstance = com.middleware.MiddlewareApplicationTests@411fa9f9, testMethod = contextLoads(), testException = null, mergedContextConfiguration = [WebMergedContextConfiguration@764fd7ab testClass = com.middleware.MiddlewareApplicationTests, locations = [], classes = [com.middleware.MiddlewareApplication], contextInitializerClasses = [], activeProfiles = [], propertySourceDescriptors = [], propertySourceProperties = ["org.springframework.boot.test.context.SpringBootTestContextBootstrapper=true"], contextCustomizers = [org.springframework.boot.test.context.filter.ExcludeFilterContextCustomizer@b6b1987, org.springframework.boot.test.json.DuplicateJsonObjectContextCustomizerFactory$DuplicateJsonObjectContextCustomizer@7c541c15, org.springframework.boot.test.mock.mockito.MockitoContextCustomizer@0, org.springframework.boot.test.web.client.TestRestTemplateContextCustomizer@3e10dc6, org.springframework.boot.test.web.reactor.netty.DisableReactorResourceFactoryGlobalResourcesContextCustomizerFactory$DisableReactorResourceFactoryGlobalResourcesContextCustomizerCustomizer@686449f9, org.springframework.boot.test.autoconfigure.OnFailureConditionReportContextCustomizerFactory$OnFailureConditionReportContextCustomizer@4044fb95, org.springframework.boot.test.autoconfigure.actuate.observability.ObservabilityContextCustomizerFactory$DisableObservabilityContextCustomizer@1f, org.springframework.boot.test.autoconfigure.properties.PropertyMappingContextCustomizer@0, org.springframework.boot.test.autoconfigure.web.servlet.WebDriverContextCustomizer@62f4ff3b, org.springframework.test.context.support.DynamicPropertiesContextCustomizer@0, org.springframework.boot.test.context.SpringBootTestAnnotation@5ee19d4f], resourceBasePath = "src/main/webapp", contextLoader = org.springframework.boot.test.context.SpringBootContextLoader, parent = null], attributes = {"org.springframework.test.context.web.ServletTestExecutionListener.activateListener" -> true, "org.springframework.test.context.web.ServletTestExecutionListener.populatedRequestContextHolder" -> true, "org.springframework.test.context.web.ServletTestExecutionListener.resetRequestContextHolder" -> true, "org.springframework.test.context.event.ApplicationEventsTestExecutionListener.recordApplicationEvents" -> false}]]
2026-02-25 13:18:06 [scheduling-1] DEBUG o.a.c.i.e.DefaultConfigurerResolver - Found configurer: rest-component via type: org.apache.camel.component.rest.RestComponentConfigurer via: META-INF/services/org/apache/camel/configurer/rest-component
2026-02-25 13:18:06 [scheduling-1] DEBUG o.a.camel.support.DefaultComponent - Creating endpoint uri=[rest://get:/system/info], path=[get:/system/info]
2026-02-25 13:18:06 [scheduling-1] DEBUG o.a.c.i.engine.AbstractCamelContext - rest://get:/system/info converted to endpoint: rest://get:/system/info by component: org.apache.camel.component.rest.RestComponent@3038f295
2026-02-25 13:18:06 [scheduling-1] DEBUG o.a.c.i.engine.AbstractCamelContext - Using ComponentResolver: org.apache.camel.impl.engine.DefaultComponentResolver@2cdfeee2 to resolve component with name: integratedSystem
2026-02-25 13:18:06 [scheduling-1] DEBUG o.a.camel.support.ResolverHelper - Lookup Component with name integratedSystem in registry. Found: null
2026-02-25 13:18:06 [scheduling-1] DEBUG o.a.camel.support.ResolverHelper - Lookup Component with name integratedSystem-component in registry. Found: null
2026-02-25 13:18:06 [scheduling-1] DEBUG o.a.c.i.e.DefaultComponentResolver - Found component: integratedSystem via type: com.middleware.IntegratedSystemComponent via: META-INF/services/org/apache/camel/component/integratedSystem
2026-02-25 13:18:06 [scheduling-1] DEBUG o.a.c.i.e.DefaultConfigurerResolver - Found configurer: integratedSystem-component via type: com.middleware.IntegratedSystemComponentConfigurer via: META-INF/services/org/apache/camel/configurer/integratedSystem-component
2026-02-25 13:18:06 [scheduling-1] DEBUG o.a.c.i.e.DefaultConfigurerResolver - Found configurer: integratedSystem-endpoint via type: com.middleware.IntegratedSystemEndpointConfigurer via: META-INF/services/org/apache/camel/configurer/integratedSystem-endpoint
2026-02-25 13:18:06 [scheduling-1] DEBUG o.a.c.i.e.DefaultConfigurerResolver - Found configurer: integratedSystem-component via type: com.middleware.IntegratedSystemComponentConfigurer via: META-INF/services/org/apache/camel/configurer/integratedSystem-component
2026-02-25 13:18:06 [scheduling-1] DEBUG o.a.camel.support.DefaultComponent - Creating endpoint uri=[integratedSystem://null?code=DHIS2.STABLE], path=[null]
2026-02-25 13:18:06 [scheduling-1] INFO  c.m.IntegratedSystemComponent - Created IntegratedSystemEndpoint for URI: integratedSystem://null?code=DHIS2.STABLE
2026-02-25 13:18:06 [scheduling-1] DEBUG o.a.c.i.engine.AbstractCamelContext - integratedSystem://null?code=DHIS2.STABLE converted to endpoint: integratedSystem://null?code=DHIS2.STABLE by component: com.middleware.IntegratedSystemComponent@38785b6b
2026-02-25 13:18:06 [scheduling-1] DEBUG o.a.camel.support.ResolverHelper - Found InternalProcessorFactory: org.apache.camel.processor.DefaultInternalProcessorFactory via: META-INF/services/org/apache/camel/internal-processor-factory
2026-02-25 13:18:06 [scheduling-1] DEBUG o.a.camel.support.ResolverHelper - Detected and using InternalProcessorFactory: org.apache.camel.processor.DefaultInternalProcessorFactory@7c8c12e8
2026-02-25 13:18:06 [scheduling-1] DEBUG o.a.c.i.engine.AbstractCamelContext - Using ComponentResolver: org.apache.camel.impl.engine.DefaultComponentResolver@2cdfeee2 to resolve component with name: https
2026-02-25 13:18:06 [scheduling-1] DEBUG o.a.camel.support.ResolverHelper - Lookup Component with name https in registry. Found: null
2026-02-25 13:18:06 [scheduling-1] DEBUG o.a.camel.support.ResolverHelper - Lookup Component with name https-component in registry. Found: null
2026-02-25 13:18:06 [scheduling-1] DEBUG o.a.c.i.e.DefaultComponentResolver - Found component: https via type: org.apache.camel.component.http.HttpComponent via: META-INF/services/org/apache/camel/component/https
2026-02-25 13:18:06 [scheduling-1] DEBUG o.a.c.i.e.DefaultConfigurerResolver - Found configurer: http-component via type: org.apache.camel.component.http.HttpComponentConfigurer via: META-INF/services/org/apache/camel/configurer/http-component
2026-02-25 13:18:06 [scheduling-1] DEBUG o.a.c.i.e.DefaultConfigurerResolver - Found configurer: http-endpoint via type: org.apache.camel.component.http.HttpEndpointConfigurer via: META-INF/services/org/apache/camel/configurer/http-endpoint
2026-02-25 13:18:06 [scheduling-1] DEBUG o.a.camel.support.DefaultComponent - Creating endpoint uri=[https://https://test.e2e.dhis2.org/ca-test-2.41/api/system/info?bridgeEndpoint=true], path=[https://test.e2e.dhis2.org/ca-test-2.41/api/system/info]
2026-02-25 13:18:06 [scheduling-1] DEBUG o.a.c.component.http.HttpComponent - Creating endpoint uri https://test.e2e.dhis2.org/ca-test-2.41/api/system/info?bridgeEndpoint=true
2026-02-25 13:18:06 [scheduling-1] DEBUG o.a.c.component.http.HttpComponent - Created ClientConnectionManager org.apache.hc.client5.http.impl.io.PoolingHttpClientConnectionManager@24261574
2026-02-25 13:18:06 [scheduling-1] DEBUG o.a.c.i.engine.AbstractCamelContext - https://https://test.e2e.dhis2.org/ca-test-2.41/api/system/info?bridgeEndpoint=true converted to endpoint: https://test.e2e.dhis2.org/ca-test-2.41/api/system/info?bridgeEndpoint=true by component: org.apache.camel.component.http.HttpComponent@14ab09f1
2026-02-25 13:18:06 [scheduling-1] DEBUG o.a.c.i.engine.AbstractCamelContext - Resolving language: simple
2026-02-25 13:18:06 [scheduling-1] DEBUG o.a.c.i.engine.AbstractCamelContext - Using ComponentResolver: org.apache.camel.impl.engine.DefaultComponentResolver@2cdfeee2 to resolve component with name: log
2026-02-25 13:18:06 [scheduling-1] DEBUG o.a.camel.support.ResolverHelper - Lookup Component with name log in registry. Found: null
2026-02-25 13:18:06 [scheduling-1] DEBUG o.a.camel.support.ResolverHelper - Lookup Component with name log-component in registry. Found: null
2026-02-25 13:18:06 [scheduling-1] DEBUG o.a.c.i.e.DefaultComponentResolver - Found component: log via type: org.apache.camel.component.log.LogComponent via: META-INF/services/org/apache/camel/component/log
2026-02-25 13:18:06 [scheduling-1] DEBUG o.a.c.i.e.DefaultConfigurerResolver - Found configurer: log-component via type: org.apache.camel.component.log.LogComponentConfigurer via: META-INF/services/org/apache/camel/configurer/log-component
2026-02-25 13:18:06 [scheduling-1] DEBUG o.a.c.i.e.DefaultConfigurerResolver - Found configurer: log-endpoint via type: org.apache.camel.component.log.LogEndpointConfigurer via: META-INF/services/org/apache/camel/configurer/log-endpoint
2026-02-25 13:18:06 [scheduling-1] DEBUG o.a.c.i.e.DefaultConfigurerResolver - Found configurer: log-component via type: org.apache.camel.component.log.LogComponentConfigurer via: META-INF/services/org/apache/camel/configurer/log-component
2026-02-25 13:18:06 [scheduling-1] DEBUG o.a.camel.support.DefaultComponent - Creating endpoint uri=[log://InfoLogger], path=[InfoLogger]
2026-02-25 13:18:06 [scheduling-1] DEBUG o.a.c.i.engine.AbstractCamelContext - log://InfoLogger converted to endpoint: log://InfoLogger by component: org.apache.camel.component.log.LogComponent@56a07321
2026-02-25 13:18:06 [scheduling-1] DEBUG o.apache.camel.reifier.RouteReifier - RoutePolicy is enabled: com.middleware.backend.policy.LoggingRoutePolicy@9e4d9d9 on route: dhis2-system-info
2026-02-25 13:18:06 [scheduling-1] DEBUG o.a.c.i.e.InternalRouteStartupManager - Warming up route id: dhis2-system-info having autoStartup=true
2026-02-25 13:18:06 [scheduling-1] DEBUG o.a.c.i.engine.AbstractCamelContext - Using ComponentResolver: org.apache.camel.impl.engine.DefaultComponentResolver@2cdfeee2 to resolve component with name: servlet
2026-02-25 13:18:06 [scheduling-1] DEBUG o.a.camel.support.ResolverHelper - Lookup Component with name servlet in registry. Found: null
2026-02-25 13:18:06 [scheduling-1] DEBUG o.a.camel.support.ResolverHelper - Lookup Component with name servlet-component in registry. Found: org.apache.camel.component.servlet.ServletComponent@31aab67d
2026-02-25 13:18:06 [scheduling-1] DEBUG o.a.c.i.e.DefaultConfigurerResolver - Found configurer: servlet-component via type: org.apache.camel.component.servlet.ServletComponentConfigurer via: META-INF/services/org/apache/camel/configurer/servlet-component
2026-02-25 13:18:06 [scheduling-1] DEBUG o.a.c.i.e.DefaultConfigurerResolver - Found configurer: servlet-endpoint via type: org.apache.camel.component.servlet.ServletEndpointConfigurer via: META-INF/services/org/apache/camel/configurer/servlet-endpoint
2026-02-25 13:18:06 [scheduling-1] DEBUG o.a.c.i.e.DefaultConfigurerResolver - Found configurer: servlet-component via type: org.apache.camel.component.servlet.ServletComponentConfigurer via: META-INF/services/org/apache/camel/configurer/servlet-component
2026-02-25 13:18:06 [scheduling-1] DEBUG o.a.camel.support.DefaultComponent - Creating endpoint uri=[servlet:///system/info?httpMethodRestrict=GET], path=[/system/info]
2026-02-25 13:18:06 [scheduling-1] DEBUG o.a.c.i.engine.AbstractCamelContext - servlet:///system/info?httpMethodRestrict=GET converted to endpoint: servlet:/system/info?httpMethodRestrict=GET by component: org.apache.camel.component.servlet.ServletComponent@31aab67d
2026-02-25 13:18:06 [scheduling-1] DEBUG o.a.camel.support.ResolverHelper - Found RestRegistryFactory: org.apache.camel.component.rest.DefaultRestRegistryFactory via: META-INF/services/org/apache/camel/rest-registry-factory
2026-02-25 13:18:06 [scheduling-1] DEBUG o.a.camel.support.ResolverHelper - Detected and using RestRegistryFactory: org.apache.camel.component.rest.DefaultRestRegistryFactory@722a5fa0
2026-02-25 13:18:06 [scheduling-1] DEBUG o.a.camel.support.DefaultProducer - Starting producer: Producer[integratedSystem://null?code=DHIS2.STABLE]
2026-02-25 13:18:06 [scheduling-1] DEBUG o.a.c.component.http.HttpEndpoint - Setup the HttpClientBuilder org.apache.hc.client5.http.impl.classic.HttpClientBuilder@7017ba07
2026-02-25 13:18:06 [scheduling-1] DEBUG o.a.camel.support.DefaultProducer - Starting producer: Producer[https://test.e2e.dhis2.org/ca-test-2.41/api/system/info?bridgeEndpoint=true]
2026-02-25 13:18:06 [scheduling-1] DEBUG o.a.camel.support.DefaultProducer - Starting producer: Producer[log://InfoLogger]
2026-02-25 13:18:06 [scheduling-1] DEBUG o.a.c.i.e.InternalRouteStartupManager - Route: dhis2-system-info >>> Route[rest://get:/system/info -> null]
2026-02-25 13:18:06 [scheduling-1] DEBUG o.a.c.i.e.InternalRouteStartupManager - Starting consumer (order: 1000) on route: dhis2-system-info
2026-02-25 13:18:06 [scheduling-1] DEBUG o.a.camel.support.DefaultConsumer - Build consumer: Consumer[servlet:/system/info?httpMethodRestrict=GET]
2026-02-25 13:18:06 [scheduling-1] DEBUG o.a.camel.support.DefaultConsumer - Init consumer: Consumer[servlet:/system/info?httpMethodRestrict=GET]
2026-02-25 13:18:06 [scheduling-1] DEBUG o.a.camel.support.DefaultConsumer - Starting consumer: Consumer[servlet:/system/info?httpMethodRestrict=GET]
2026-02-25 13:18:06 [scheduling-1] DEBUG o.a.c.h.common.DefaultHttpRegistry - Registering consumer for path /system/info providers present: 0
2026-02-25 13:18:06 [scheduling-1] DEBUG o.a.c.i.e.InternalRouteStartupManager - Route: dhis2-system-info started and consuming from: servlet:/system/info
2026-02-25 13:18:06 [scheduling-1] DEBUG o.a.c.i.e.InternalRouteStartupManager - Warming up route id: dhis2-system-info having autoStartup=true
2026-02-25 13:18:06 [scheduling-1] DEBUG o.a.c.i.e.InternalRouteStartupManager - Route: dhis2-system-info >>> Route[rest://get:/system/info -> null]
2026-02-25 13:18:06 [scheduling-1] DEBUG o.a.c.i.e.InternalRouteStartupManager - Starting consumer (order: 1001) on route: dhis2-system-info
2026-02-25 13:18:06 [scheduling-1] DEBUG o.a.c.i.e.InternalRouteStartupManager - Route: dhis2-system-info started and consuming from: servlet:/system/info
2026-02-25 13:18:06 [scheduling-1] INFO  c.m.b.k.service.DynamicRouteService - Re-added route dhis2-system-info to context (DB says active)
2026-02-25 13:18:06 [scheduling-1] DEBUG o.a.c.i.engine.AbstractCamelContext - Adding route configurations from builder: Routes: []
2026-02-25 13:18:06 [scheduling-1] DEBUG o.a.c.i.engine.AbstractCamelContext - Adding routes from builder: Routes: []
2026-02-25 13:18:06 [scheduling-1] DEBUG o.a.camel.support.DefaultComponent - Creating endpoint uri=[rest://post:/api/aaaaaaiaiiiiiiiiiiiiiiiiiii], path=[post:/api/aaaaaaiaiiiiiiiiiiiiiiiiiii]
2026-02-25 13:18:06 [scheduling-1] DEBUG o.a.c.i.engine.AbstractCamelContext - rest://post:/api/aaaaaaiaiiiiiiiiiiiiiiiiiii converted to endpoint: rest://post:/api/aaaaaaiaiiiiiiiiiiiiiiiiiii by component: org.apache.camel.component.rest.RestComponent@3038f295
2026-02-25 13:18:06 [scheduling-1] DEBUG o.a.c.i.engine.AbstractCamelContext - Resolving language: simple
2026-02-25 13:18:06 [scheduling-1] DEBUG o.a.c.i.engine.AbstractCamelContext - Resolving language: constant
2026-02-25 13:18:06 [scheduling-1] DEBUG o.a.camel.support.ResolverHelper - Lookup Language with name constant in registry. Found: null
2026-02-25 13:18:06 [scheduling-1] DEBUG o.a.camel.support.ResolverHelper - Lookup Language with name constant-language in registry. Found: null
2026-02-25 13:18:06 [scheduling-1] DEBUG o.a.camel.support.DefaultComponent - Creating endpoint uri=[log://output], path=[output]
2026-02-25 13:18:06 [scheduling-1] DEBUG o.a.c.i.engine.AbstractCamelContext - log://output converted to endpoint: log://output by component: org.apache.camel.component.log.LogComponent@56a07321
2026-02-25 13:18:06 [scheduling-1] DEBUG o.apache.camel.reifier.RouteReifier - RoutePolicy is enabled: com.middleware.backend.policy.LoggingRoutePolicy@5c394e19 on route: my-new-testforAi
2026-02-25 13:18:06 [scheduling-1] DEBUG o.a.c.i.e.InternalRouteStartupManager - Warming up route id: my-new-testforAi having autoStartup=true
2026-02-25 13:18:06 [scheduling-1] DEBUG o.a.camel.support.DefaultComponent - Creating endpoint uri=[servlet:///api/aaaaaaiaiiiiiiiiiiiiiiiiiii?httpMethodRestrict=POST], path=[/api/aaaaaaiaiiiiiiiiiiiiiiiiiii]
2026-02-25 13:18:06 [scheduling-1] DEBUG o.a.c.i.engine.AbstractCamelContext - servlet:///api/aaaaaaiaiiiiiiiiiiiiiiiiiii?httpMethodRestrict=POST converted to endpoint: servlet:/api/aaaaaaiaiiiiiiiiiiiiiiiiiii?httpMethodRestrict=POST by component: org.apache.camel.component.servlet.ServletComponent@31aab67d
2026-02-25 13:18:06 [scheduling-1] DEBUG o.a.camel.support.DefaultProducer - Starting producer: Producer[log://output]
2026-02-25 13:18:06 [scheduling-1] DEBUG o.a.c.i.e.InternalRouteStartupManager - Route: my-new-testforAi >>> Route[rest://post:/api/aaaaaaiaiiiiiiiiiiiiiiiiiii -> null]
2026-02-25 13:18:06 [scheduling-1] DEBUG o.a.c.i.e.InternalRouteStartupManager - Starting consumer (order: 1002) on route: my-new-testforAi
2026-02-25 13:18:06 [scheduling-1] DEBUG o.a.camel.support.DefaultConsumer - Build consumer: Consumer[servlet:/api/aaaaaaiaiiiiiiiiiiiiiiiiiii?httpMethodRestrict=POST]
2026-02-25 13:18:06 [scheduling-1] DEBUG o.a.camel.support.DefaultConsumer - Init consumer: Consumer[servlet:/api/aaaaaaiaiiiiiiiiiiiiiiiiiii?httpMethodRestrict=POST]
2026-02-25 13:18:06 [scheduling-1] DEBUG o.a.camel.support.DefaultConsumer - Starting consumer: Consumer[servlet:/api/aaaaaaiaiiiiiiiiiiiiiiiiiii?httpMethodRestrict=POST]
2026-02-25 13:18:06 [scheduling-1] DEBUG o.a.c.h.common.DefaultHttpRegistry - Registering consumer for path /api/aaaaaaiaiiiiiiiiiiiiiiiiiii providers present: 0
2026-02-25 13:18:06 [scheduling-1] DEBUG o.a.c.i.e.InternalRouteStartupManager - Route: my-new-testforAi started and consuming from: servlet:/api/aaaaaaiaiiiiiiiiiiiiiiiiiii
2026-02-25 13:18:06 [scheduling-1] DEBUG o.a.c.i.e.InternalRouteStartupManager - Warming up route id: my-new-testforAi having autoStartup=true
2026-02-25 13:18:06 [scheduling-1] DEBUG o.a.c.i.e.InternalRouteStartupManager - Route: my-new-testforAi >>> Route[rest://post:/api/aaaaaaiaiiiiiiiiiiiiiiiiiii -> null]
2026-02-25 13:18:06 [scheduling-1] DEBUG o.a.c.i.e.InternalRouteStartupManager - Starting consumer (order: 1003) on route: my-new-testforAi
2026-02-25 13:18:06 [scheduling-1] DEBUG o.a.c.i.e.InternalRouteStartupManager - Route: my-new-testforAi started and consuming from: servlet:/api/aaaaaaiaiiiiiiiiiiiiiiiiiii
2026-02-25 13:18:06 [scheduling-1] INFO  c.m.b.k.service.DynamicRouteService - Re-added route my-new-testforAi to context (DB says active)
2026-02-25 13:18:06 [scheduling-1] DEBUG o.a.c.i.engine.AbstractCamelContext - Adding route configurations from builder: Routes: []
2026-02-25 13:18:06 [scheduling-1] DEBUG o.a.c.i.engine.AbstractCamelContext - Adding routes from builder: Routes: []
2026-02-25 13:18:06 [scheduling-1] DEBUG o.a.c.i.e.DefaultUriFactoryResolver - Found EndpointUriFactory: servlet via type: org.apache.camel.component.servlet.ServletEndpointUriFactory via: META-INF/services/org/apache/camel/urifactory/servlet
2026-02-25 13:18:06 [scheduling-1] DEBUG o.a.camel.support.DefaultComponent - Creating endpoint uri=[servlet:///external-user/*?httpMethodRestrict=GET], path=[/external-user/*]
2026-02-25 13:18:06 [scheduling-1] DEBUG o.a.c.i.engine.AbstractCamelContext - servlet:///external-user/*?httpMethodRestrict=GET converted to endpoint: servlet:/external-user/*?httpMethodRestrict=GET by component: org.apache.camel.component.servlet.ServletComponent@31aab67d
2026-02-25 13:18:06 [scheduling-1] DEBUG o.a.c.i.engine.AbstractCamelContext - Resolving language: simple
2026-02-25 13:18:06 [scheduling-1] DEBUG o.a.c.i.engine.AbstractCamelContext - Resolving language: bean
2026-02-25 13:18:06 [scheduling-1] DEBUG o.a.camel.support.ResolverHelper - Lookup Language with name bean in registry. Found: null
2026-02-25 13:18:06 [scheduling-1] DEBUG o.a.camel.support.ResolverHelper - Lookup Language with name bean-language in registry. Found: null
2026-02-25 13:18:06 [scheduling-1] DEBUG o.a.c.i.engine.AbstractCamelContext - Using ComponentResolver: org.apache.camel.impl.engine.DefaultComponentResolver@2cdfeee2 to resolve component with name: bean
2026-02-25 13:18:06 [scheduling-1] DEBUG o.a.camel.support.ResolverHelper - Lookup Component with name bean in registry. Found: null
2026-02-25 13:18:06 [scheduling-1] DEBUG o.a.camel.support.ResolverHelper - Lookup Component with name bean-component in registry. Found: null
2026-02-25 13:18:06 [scheduling-1] DEBUG o.a.c.i.e.DefaultComponentResolver - Found component: bean via type: org.apache.camel.component.bean.BeanComponent via: META-INF/services/org/apache/camel/component/bean
2026-02-25 13:18:06 [scheduling-1] DEBUG o.a.c.i.e.DefaultConfigurerResolver - Found configurer: bean-component via type: org.apache.camel.component.bean.BeanComponentConfigurer via: META-INF/services/org/apache/camel/configurer/bean-component
2026-02-25 13:18:06 [scheduling-1] DEBUG o.a.c.i.e.DefaultConfigurerResolver - Found configurer: bean-endpoint via type: org.apache.camel.component.bean.BeanEndpointConfigurer via: META-INF/services/org/apache/camel/configurer/bean-endpoint
2026-02-25 13:18:06 [scheduling-1] DEBUG o.a.c.component.bean.BeanComponent - Creating BeanInfo with maximum cache size: 1000
2026-02-25 13:18:06 [scheduling-1] DEBUG o.a.c.i.e.DefaultConfigurerResolver - Found configurer: bean-component via type: org.apache.camel.component.bean.BeanComponentConfigurer via: META-INF/services/org/apache/camel/configurer/bean-component
2026-02-25 13:18:06 [scheduling-1] DEBUG o.a.c.i.engine.AbstractCamelContext - Resolving language: simple
2026-02-25 13:18:06 [scheduling-1] DEBUG o.a.c.i.engine.AbstractCamelContext - Resolving language: bean
2026-02-25 13:18:06 [scheduling-1] DEBUG o.a.c.i.engine.AbstractCamelContext - Resolving language: constant
2026-02-25 13:18:06 [scheduling-1] DEBUG o.a.c.i.engine.AbstractCamelContext - Resolving language: constant
2026-02-25 13:18:06 [scheduling-1] DEBUG o.a.c.i.engine.AbstractCamelContext - Resolving language: constant
2026-02-25 13:18:06 [scheduling-1] DEBUG o.a.c.i.engine.AbstractCamelContext - Resolving language: simple
2026-02-25 13:18:06 [scheduling-1] DEBUG o.apache.camel.reifier.RouteReifier - RoutePolicy is enabled: com.middleware.backend.policy.LoggingRoutePolicy@6a291c8b on route: get-user-from-api
2026-02-25 13:18:06 [scheduling-1] DEBUG o.a.c.i.e.InternalRouteStartupManager - Warming up route id: get-user-from-api having autoStartup=true
2026-02-25 13:18:06 [scheduling-1] DEBUG o.a.c.p.SendDynamicAwareResolver - Found SendDynamicAware: org.apache.camel.component.http.HttpSendDynamicAware via: META-INF/services/org/apache/camel/send-dynamic/https
2026-02-25 13:18:06 [scheduling-1] DEBUG o.a.c.processor.SendDynamicProcessor - Detected SendDynamicAware component: https optimising toD: https://jsonplaceholder.typicode.com/users/${header.id}?bridgeEndpoint=true&throwExceptionOnFailure=false
2026-02-25 13:18:06 [scheduling-1] DEBUG o.a.c.i.e.DefaultUriFactoryResolver - Found EndpointUriFactory: https via type: org.apache.camel.component.http.HttpEndpointUriFactory via: META-INF/services/org/apache/camel/urifactory/https
2026-02-25 13:18:06 [main] DEBUG o.a.camel.spring.SpringCamelContext - onApplicationEvent: org.springframework.test.context.event.BeforeTestExecutionEvent[source=[DefaultTestContext@2f7262b0 testClass = com.middleware.MiddlewareApplicationTests, testInstance = com.middleware.MiddlewareApplicationTests@411fa9f9, testMethod = contextLoads(), testException = null, mergedContextConfiguration = [WebMergedContextConfiguration@764fd7ab testClass = com.middleware.MiddlewareApplicationTests, locations = [], classes = [com.middleware.MiddlewareApplication], contextInitializerClasses = [], activeProfiles = [], propertySourceDescriptors = [], propertySourceProperties = ["org.springframework.boot.test.context.SpringBootTestContextBootstrapper=true"], contextCustomizers = [org.springframework.boot.test.context.filter.ExcludeFilterContextCustomizer@b6b1987, org.springframework.boot.test.json.DuplicateJsonObjectContextCustomizerFactory$DuplicateJsonObjectContextCustomizer@7c541c15, org.springframework.boot.test.mock.mockito.MockitoContextCustomizer@0, org.springframework.boot.test.web.client.TestRestTemplateContextCustomizer@3e10dc6, org.springframework.boot.test.web.reactor.netty.DisableReactorResourceFactoryGlobalResourcesContextCustomizerFactory$DisableReactorResourceFactoryGlobalResourcesContextCustomizerCustomizer@686449f9, org.springframework.boot.test.autoconfigure.OnFailureConditionReportContextCustomizerFactory$OnFailureConditionReportContextCustomizer@4044fb95, org.springframework.boot.test.autoconfigure.actuate.observability.ObservabilityContextCustomizerFactory$DisableObservabilityContextCustomizer@1f, org.springframework.boot.test.autoconfigure.properties.PropertyMappingContextCustomizer@0, org.springframework.boot.test.autoconfigure.web.servlet.WebDriverContextCustomizer@62f4ff3b, org.springframework.test.context.support.DynamicPropertiesContextCustomizer@0, org.springframework.boot.test.context.SpringBootTestAnnotation@5ee19d4f], resourceBasePath = "src/main/webapp", contextLoader = org.springframework.boot.test.context.SpringBootContextLoader, parent = null], attributes = {"org.springframework.test.context.web.ServletTestExecutionListener.activateListener" -> true, "org.springframework.test.context.web.ServletTestExecutionListener.populatedRequestContextHolder" -> true, "org.springframework.test.context.web.ServletTestExecutionListener.resetRequestContextHolder" -> true, "org.springframework.test.context.event.ApplicationEventsTestExecutionListener.recordApplicationEvents" -> false}]]
2026-02-25 13:18:06 [scheduling-1] DEBUG o.a.c.processor.SendDynamicProcessor - DynamicSendTo toD1 using ProducerCache with cacheSize=0
2026-02-25 13:18:06 [scheduling-1] DEBUG o.a.c.i.e.InternalRouteStartupManager - Route: get-user-from-api >>> Route[servlet:/external-user/*?httpMethodRestrict=GET -> null]
2026-02-25 13:18:06 [scheduling-1] DEBUG o.a.c.i.e.InternalRouteStartupManager - Starting consumer (order: 1004) on route: get-user-from-api
2026-02-25 13:18:06 [scheduling-1] DEBUG o.a.camel.support.DefaultConsumer - Build consumer: Consumer[servlet:/external-user/*?httpMethodRestrict=GET]
2026-02-25 13:18:06 [scheduling-1] DEBUG o.a.camel.support.DefaultConsumer - Init consumer: Consumer[servlet:/external-user/*?httpMethodRestrict=GET]
2026-02-25 13:18:06 [scheduling-1] DEBUG o.a.camel.support.DefaultConsumer - Starting consumer: Consumer[servlet:/external-user/*?httpMethodRestrict=GET]
2026-02-25 13:18:06 [scheduling-1] DEBUG o.a.c.h.common.DefaultHttpRegistry - Registering consumer for path /external-user/* providers present: 0
2026-02-25 13:18:06 [scheduling-1] DEBUG o.a.c.i.e.InternalRouteStartupManager - Route: get-user-from-api started and consuming from: servlet:/external-user/*
2026-02-25 13:18:06 [scheduling-1] DEBUG o.a.c.i.e.InternalRouteStartupManager - Warming up route id: get-user-from-api having autoStartup=true
2026-02-25 13:18:06 [scheduling-1] DEBUG o.a.c.i.e.InternalRouteStartupManager - Route: get-user-from-api >>> Route[servlet:/external-user/*?httpMethodRestrict=GET -> null]
2026-02-25 13:18:06 [scheduling-1] DEBUG o.a.c.i.e.InternalRouteStartupManager - Starting consumer (order: 1005) on route: get-user-from-api
2026-02-25 13:18:06 [scheduling-1] DEBUG o.a.c.i.e.InternalRouteStartupManager - Route: get-user-from-api started and consuming from: servlet:/external-user/*
2026-02-25 13:18:06 [scheduling-1] INFO  c.m.b.k.service.DynamicRouteService - Re-added route get-user-from-api to context (DB says active)
2026-02-25 13:18:06 [main] DEBUG o.a.camel.spring.SpringCamelContext - onApplicationEvent: org.springframework.test.context.event.AfterTestExecutionEvent[source=[DefaultTestContext@2f7262b0 testClass = com.middleware.MiddlewareApplicationTests, testInstance = com.middleware.MiddlewareApplicationTests@411fa9f9, testMethod = contextLoads(), testException = null, mergedContextConfiguration = [WebMergedContextConfiguration@764fd7ab testClass = com.middleware.MiddlewareApplicationTests, locations = [], classes = [com.middleware.MiddlewareApplication], contextInitializerClasses = [], activeProfiles = [], propertySourceDescriptors = [], propertySourceProperties = ["org.springframework.boot.test.context.SpringBootTestContextBootstrapper=true"], contextCustomizers = [org.springframework.boot.test.context.filter.ExcludeFilterContextCustomizer@b6b1987, org.springframework.boot.test.json.DuplicateJsonObjectContextCustomizerFactory$DuplicateJsonObjectContextCustomizer@7c541c15, org.springframework.boot.test.mock.mockito.MockitoContextCustomizer@0, org.springframework.boot.test.web.client.TestRestTemplateContextCustomizer@3e10dc6, org.springframework.boot.test.web.reactor.netty.DisableReactorResourceFactoryGlobalResourcesContextCustomizerFactory$DisableReactorResourceFactoryGlobalResourcesContextCustomizerCustomizer@686449f9, org.springframework.boot.test.autoconfigure.OnFailureConditionReportContextCustomizerFactory$OnFailureConditionReportContextCustomizer@4044fb95, org.springframework.boot.test.autoconfigure.actuate.observability.ObservabilityContextCustomizerFactory$DisableObservabilityContextCustomizer@1f, org.springframework.boot.test.autoconfigure.properties.PropertyMappingContextCustomizer@0, org.springframework.boot.test.autoconfigure.web.servlet.WebDriverContextCustomizer@62f4ff3b, org.springframework.test.context.support.DynamicPropertiesContextCustomizer@0, org.springframework.boot.test.context.SpringBootTestAnnotation@5ee19d4f], resourceBasePath = "src/main/webapp", contextLoader = org.springframework.boot.test.context.SpringBootContextLoader, parent = null], attributes = {"org.springframework.test.context.web.ServletTestExecutionListener.activateListener" -> true, "org.springframework.test.context.web.ServletTestExecutionListener.populatedRequestContextHolder" -> true, "org.springframework.test.context.web.ServletTestExecutionListener.resetRequestContextHolder" -> true, "org.springframework.test.context.event.ApplicationEventsTestExecutionListener.recordApplicationEvents" -> false}]]
2026-02-25 13:18:06 [scheduling-1] DEBUG o.a.c.i.engine.AbstractCamelContext - Adding route configurations from builder: Routes: []
2026-02-25 13:18:06 [scheduling-1] DEBUG o.a.c.i.engine.AbstractCamelContext - Adding routes from builder: Routes: []
2026-02-25 13:18:06 [scheduling-1] DEBUG o.a.camel.support.DefaultComponent - Creating endpoint uri=[rest://post:/api/xxxxxxxxxx], path=[post:/api/xxxxxxxxxx]
2026-02-25 13:18:06 [scheduling-1] DEBUG o.a.c.i.engine.AbstractCamelContext - rest://post:/api/xxxxxxxxxx converted to endpoint: rest://post:/api/xxxxxxxxxx by component: org.apache.camel.component.rest.RestComponent@3038f295
2026-02-25 13:18:06 [scheduling-1] DEBUG o.a.c.i.engine.AbstractCamelContext - Resolving language: simple
2026-02-25 13:18:06 [scheduling-1] DEBUG o.a.c.i.engine.AbstractCamelContext - Resolving language: constant
2026-02-25 13:18:06 [scheduling-1] DEBUG o.apache.camel.reifier.RouteReifier - RoutePolicy is enabled: com.middleware.backend.policy.LoggingRoutePolicy@6057ba1f on route: xxxxxxxxxx
2026-02-25 13:18:06 [scheduling-1] DEBUG o.a.c.i.e.InternalRouteStartupManager - Warming up route id: xxxxxxxxxx having autoStartup=true
2026-02-25 13:18:06 [scheduling-1] DEBUG o.a.camel.support.DefaultComponent - Creating endpoint uri=[servlet:///api/xxxxxxxxxx?httpMethodRestrict=POST], path=[/api/xxxxxxxxxx]
2026-02-25 13:18:06 [scheduling-1] DEBUG o.a.c.i.engine.AbstractCamelContext - servlet:///api/xxxxxxxxxx?httpMethodRestrict=POST converted to endpoint: servlet:/api/xxxxxxxxxx?httpMethodRestrict=POST by component: org.apache.camel.component.servlet.ServletComponent@31aab67d
2026-02-25 13:18:06 [scheduling-1] DEBUG o.a.camel.support.DefaultProducer - Starting producer: Producer[log://output]
2026-02-25 13:18:06 [scheduling-1] DEBUG o.a.c.i.e.InternalRouteStartupManager - Route: xxxxxxxxxx >>> Route[rest://post:/api/xxxxxxxxxx -> null]
2026-02-25 13:18:06 [scheduling-1] DEBUG o.a.c.i.e.InternalRouteStartupManager - Starting consumer (order: 1006) on route: xxxxxxxxxx
2026-02-25 13:18:06 [scheduling-1] DEBUG o.a.camel.support.DefaultConsumer - Build consumer: Consumer[servlet:/api/xxxxxxxxxx?httpMethodRestrict=POST]
2026-02-25 13:18:06 [scheduling-1] DEBUG o.a.camel.support.DefaultConsumer - Init consumer: Consumer[servlet:/api/xxxxxxxxxx?httpMethodRestrict=POST]
2026-02-25 13:18:06 [scheduling-1] DEBUG o.a.camel.support.DefaultConsumer - Starting consumer: Consumer[servlet:/api/xxxxxxxxxx?httpMethodRestrict=POST]
2026-02-25 13:18:06 [scheduling-1] DEBUG o.a.c.h.common.DefaultHttpRegistry - Registering consumer for path /api/xxxxxxxxxx providers present: 0
2026-02-25 13:18:06 [scheduling-1] DEBUG o.a.c.i.e.InternalRouteStartupManager - Route: xxxxxxxxxx started and consuming from: servlet:/api/xxxxxxxxxx
2026-02-25 13:18:06 [scheduling-1] DEBUG o.a.c.i.e.InternalRouteStartupManager - Warming up route id: xxxxxxxxxx having autoStartup=true
2026-02-25 13:18:06 [scheduling-1] DEBUG o.a.c.i.e.InternalRouteStartupManager - Route: xxxxxxxxxx >>> Route[rest://post:/api/xxxxxxxxxx -> null]
2026-02-25 13:18:06 [scheduling-1] DEBUG o.a.c.i.e.InternalRouteStartupManager - Starting consumer (order: 1007) on route: xxxxxxxxxx
2026-02-25 13:18:06 [scheduling-1] DEBUG o.a.c.i.e.InternalRouteStartupManager - Route: xxxxxxxxxx started and consuming from: servlet:/api/xxxxxxxxxx
2026-02-25 13:18:06 [scheduling-1] INFO  c.m.b.k.service.DynamicRouteService - Re-added route xxxxxxxxxx to context (DB says active)
2026-02-25 13:18:06 [scheduling-1] DEBUG o.a.c.i.engine.AbstractCamelContext - Adding route configurations from builder: Routes: []
2026-02-25 13:18:06 [scheduling-1] DEBUG o.a.c.i.engine.AbstractCamelContext - Adding routes from builder: Routes: []
2026-02-25 13:18:06 [scheduling-1] DEBUG o.a.camel.support.DefaultComponent - Creating endpoint uri=[rest://post:/api/aiiiii], path=[post:/api/aiiiii]
2026-02-25 13:18:06 [scheduling-1] DEBUG o.a.c.i.engine.AbstractCamelContext - rest://post:/api/aiiiii converted to endpoint: rest://post:/api/aiiiii by component: org.apache.camel.component.rest.RestComponent@3038f295
2026-02-25 13:18:06 [scheduling-1] DEBUG o.a.c.i.engine.AbstractCamelContext - Resolving language: simple
2026-02-25 13:18:06 [scheduling-1] DEBUG o.a.c.i.engine.AbstractCamelContext - Resolving language: constant
2026-02-25 13:18:06 [scheduling-1] DEBUG o.apache.camel.reifier.RouteReifier - RoutePolicy is enabled: com.middleware.backend.policy.LoggingRoutePolicy@5548737a on route: aiiiii
2026-02-25 13:18:06 [scheduling-1] DEBUG o.a.c.i.e.InternalRouteStartupManager - Warming up route id: aiiiii having autoStartup=true
2026-02-25 13:18:06 [scheduling-1] DEBUG o.a.camel.support.DefaultComponent - Creating endpoint uri=[servlet:///api/aiiiii?httpMethodRestrict=POST], path=[/api/aiiiii]
2026-02-25 13:18:06 [scheduling-1] DEBUG o.a.c.i.engine.AbstractCamelContext - servlet:///api/aiiiii?httpMethodRestrict=POST converted to endpoint: servlet:/api/aiiiii?httpMethodRestrict=POST by component: org.apache.camel.component.servlet.ServletComponent@31aab67d
2026-02-25 13:18:06 [scheduling-1] DEBUG o.a.camel.support.DefaultProducer - Starting producer: Producer[log://output]
2026-02-25 13:18:06 [scheduling-1] DEBUG o.a.c.i.e.InternalRouteStartupManager - Route: aiiiii >>> Route[rest://post:/api/aiiiii -> null]
2026-02-25 13:18:06 [scheduling-1] DEBUG o.a.c.i.e.InternalRouteStartupManager - Starting consumer (order: 1008) on route: aiiiii
2026-02-25 13:18:06 [scheduling-1] DEBUG o.a.camel.support.DefaultConsumer - Build consumer: Consumer[servlet:/api/aiiiii?httpMethodRestrict=POST]
2026-02-25 13:18:06 [scheduling-1] DEBUG o.a.camel.support.DefaultConsumer - Init consumer: Consumer[servlet:/api/aiiiii?httpMethodRestrict=POST]
2026-02-25 13:18:06 [scheduling-1] DEBUG o.a.camel.support.DefaultConsumer - Starting consumer: Consumer[servlet:/api/aiiiii?httpMethodRestrict=POST]
2026-02-25 13:18:06 [scheduling-1] DEBUG o.a.c.h.common.DefaultHttpRegistry - Registering consumer for path /api/aiiiii providers present: 0
2026-02-25 13:18:06 [scheduling-1] DEBUG o.a.c.i.e.InternalRouteStartupManager - Route: aiiiii started and consuming from: servlet:/api/aiiiii
2026-02-25 13:18:06 [scheduling-1] DEBUG o.a.c.i.e.InternalRouteStartupManager - Warming up route id: aiiiii having autoStartup=true
2026-02-25 13:18:06 [scheduling-1] DEBUG o.a.c.i.e.InternalRouteStartupManager - Route: aiiiii >>> Route[rest://post:/api/aiiiii -> null]
2026-02-25 13:18:06 [scheduling-1] DEBUG o.a.c.i.e.InternalRouteStartupManager - Starting consumer (order: 1009) on route: aiiiii
2026-02-25 13:18:06 [scheduling-1] DEBUG o.a.c.i.e.InternalRouteStartupManager - Route: aiiiii started and consuming from: servlet:/api/aiiiii
2026-02-25 13:18:06 [main] DEBUG o.a.camel.spring.SpringCamelContext - onApplicationEvent: org.springframework.test.context.event.AfterTestMethodEvent[source=[DefaultTestContext@2f7262b0 testClass = com.middleware.MiddlewareApplicationTests, testInstance = com.middleware.MiddlewareApplicationTests@411fa9f9, testMethod = contextLoads(), testException = null, mergedContextConfiguration = [WebMergedContextConfiguration@764fd7ab testClass = com.middleware.MiddlewareApplicationTests, locations = [], classes = [com.middleware.MiddlewareApplication], contextInitializerClasses = [], activeProfiles = [], propertySourceDescriptors = [], propertySourceProperties = ["org.springframework.boot.test.context.SpringBootTestContextBootstrapper=true"], contextCustomizers = [org.springframework.boot.test.context.filter.ExcludeFilterContextCustomizer@b6b1987, org.springframework.boot.test.json.DuplicateJsonObjectContextCustomizerFactory$DuplicateJsonObjectContextCustomizer@7c541c15, org.springframework.boot.test.mock.mockito.MockitoContextCustomizer@0, org.springframework.boot.test.web.client.TestRestTemplateContextCustomizer@3e10dc6, org.springframework.boot.test.web.reactor.netty.DisableReactorResourceFactoryGlobalResourcesContextCustomizerFactory$DisableReactorResourceFactoryGlobalResourcesContextCustomizerCustomizer@686449f9, org.springframework.boot.test.autoconfigure.OnFailureConditionReportContextCustomizerFactory$OnFailureConditionReportContextCustomizer@4044fb95, org.springframework.boot.test.autoconfigure.actuate.observability.ObservabilityContextCustomizerFactory$DisableObservabilityContextCustomizer@1f, org.springframework.boot.test.autoconfigure.properties.PropertyMappingContextCustomizer@0, org.springframework.boot.test.autoconfigure.web.servlet.WebDriverContextCustomizer@62f4ff3b, org.springframework.test.context.support.DynamicPropertiesContextCustomizer@0, org.springframework.boot.test.context.SpringBootTestAnnotation@5ee19d4f], resourceBasePath = "src/main/webapp", contextLoader = org.springframework.boot.test.context.SpringBootContextLoader, parent = null], attributes = {"org.springframework.test.context.web.ServletTestExecutionListener.activateListener" -> true, "org.springframework.test.context.web.ServletTestExecutionListener.populatedRequestContextHolder" -> true, "org.springframework.test.context.web.ServletTestExecutionListener.resetRequestContextHolder" -> true, "org.springframework.test.context.event.ApplicationEventsTestExecutionListener.recordApplicationEvents" -> false}]]
2026-02-25 13:18:06 [scheduling-1] INFO  c.m.b.k.service.DynamicRouteService - Re-added route aiiiii to context (DB says active)
2026-02-25 13:18:06 [scheduling-1] DEBUG o.a.c.i.engine.AbstractCamelContext - Adding route configurations from builder: Routes: []
2026-02-25 13:18:06 [scheduling-1] DEBUG o.a.c.i.engine.AbstractCamelContext - Adding routes from builder: Routes: []
2026-02-25 13:18:06 [scheduling-1] DEBUG o.a.c.i.e.DefaultUriFactoryResolver - Found EndpointUriFactory: integrationmapping via type: com.middleware.IntegrationMappingEndpointUriFactory via: META-INF/services/org/apache/camel/urifactory/integrationmapping
2026-02-25 13:18:06 [scheduling-1] DEBUG o.a.c.i.e.DefaultUriFactoryResolver - Found EndpointUriFactory: rest via type: org.apache.camel.component.rest.RestEndpointUriFactory via: META-INF/services/org/apache/camel/urifactory/rest
2026-02-25 13:18:06 [main] DEBUG o.a.camel.spring.SpringCamelContext - onApplicationEvent: org.springframework.test.context.event.AfterTestClassEvent[source=[DefaultTestContext@2f7262b0 testClass = com.middleware.MiddlewareApplicationTests, testInstance = null, testMethod = null, testException = null, mergedContextConfiguration = [WebMergedContextConfiguration@764fd7ab testClass = com.middleware.MiddlewareApplicationTests, locations = [], classes = [com.middleware.MiddlewareApplication], contextInitializerClasses = [], activeProfiles = [], propertySourceDescriptors = [], propertySourceProperties = ["org.springframework.boot.test.context.SpringBootTestContextBootstrapper=true"], contextCustomizers = [org.springframework.boot.test.context.filter.ExcludeFilterContextCustomizer@b6b1987, org.springframework.boot.test.json.DuplicateJsonObjectContextCustomizerFactory$DuplicateJsonObjectContextCustomizer@7c541c15, org.springframework.boot.test.mock.mockito.MockitoContextCustomizer@0, org.springframework.boot.test.web.client.TestRestTemplateContextCustomizer@3e10dc6, org.springframework.boot.test.web.reactor.netty.DisableReactorResourceFactoryGlobalResourcesContextCustomizerFactory$DisableReactorResourceFactoryGlobalResourcesContextCustomizerCustomizer@686449f9, org.springframework.boot.test.autoconfigure.OnFailureConditionReportContextCustomizerFactory$OnFailureConditionReportContextCustomizer@4044fb95, org.springframework.boot.test.autoconfigure.actuate.observability.ObservabilityContextCustomizerFactory$DisableObservabilityContextCustomizer@1f, org.springframework.boot.test.autoconfigure.properties.PropertyMappingContextCustomizer@0, org.springframework.boot.test.autoconfigure.web.servlet.WebDriverContextCustomizer@62f4ff3b, org.springframework.test.context.support.DynamicPropertiesContextCustomizer@0, org.springframework.boot.test.context.SpringBootTestAnnotation@5ee19d4f], resourceBasePath = "src/main/webapp", contextLoader = org.springframework.boot.test.context.SpringBootContextLoader, parent = null], attributes = {"org.springframework.test.context.web.ServletTestExecutionListener.activateListener" -> true, "org.springframework.test.context.event.ApplicationEventsTestExecutionListener.recordApplicationEvents" -> false, "org.springframework.test.context.support.DependencyInjectionTestExecutionListener.reinjectDependencies" -> true}]]
2026-02-25 13:18:06 [scheduling-1] DEBUG o.a.camel.support.DefaultComponent - Creating endpoint uri=[rest://get:/HealthCenter], path=[get:/HealthCenter]
2026-02-25 13:18:06 [scheduling-1] DEBUG o.a.c.i.engine.AbstractCamelContext - rest://get:/HealthCenter converted to endpoint: rest://get:/HealthCenter by component: org.apache.camel.component.rest.RestComponent@3038f295
2026-02-25 13:18:06 [scheduling-1] DEBUG o.a.c.i.engine.AbstractCamelContext - Using ComponentResolver: org.apache.camel.impl.engine.DefaultComponentResolver@2cdfeee2 to resolve component with name: integrationmapping
2026-02-25 13:18:06 [scheduling-1] DEBUG o.a.camel.support.ResolverHelper - Lookup Component with name integrationmapping in registry. Found: com.middleware.IntegrationMappingComponent@62faf45f
2026-02-25 13:18:06 [scheduling-1] DEBUG o.a.c.i.e.DefaultConfigurerResolver - Found configurer: integrationmapping-component via type: com.middleware.IntegrationMappingComponentConfigurer via: META-INF/services/org/apache/camel/configurer/integrationmapping-component
2026-02-25 13:18:06 [scheduling-1] DEBUG o.a.c.i.e.DefaultConfigurerResolver - Found configurer: integrationmapping-endpoint via type: com.middleware.IntegrationMappingEndpointConfigurer via: META-INF/services/org/apache/camel/configurer/integrationmapping-endpoint
2026-02-25 13:18:06 [scheduling-1] DEBUG o.a.c.i.e.DefaultConfigurerResolver - Found configurer: integrationmapping-component via type: com.middleware.IntegrationMappingComponentConfigurer via: META-INF/services/org/apache/camel/configurer/integrationmapping-component
2026-02-25 13:18:06 [scheduling-1] DEBUG o.a.camel.support.DefaultComponent - Creating endpoint uri=[integrationmapping://null?code=default], path=[null]
2026-02-25 13:18:06 [scheduling-1] INFO  c.m.IntegrationMappingEndpoint - IntegrationMappingEndpoint created for URI: integrationmapping://null?code=default
2026-02-25 13:18:06 [scheduling-1] DEBUG o.a.c.i.engine.AbstractCamelContext - integrationmapping://null?code=default converted to endpoint: integrationmapping://null?code=default by component: com.middleware.IntegrationMappingComponent@62faf45f
2026-02-25 13:18:06 [scheduling-1] DEBUG o.apache.camel.reifier.RouteReifier - RoutePolicy is enabled: com.middleware.backend.policy.LoggingRoutePolicy@589f096a on route: HealthCenter-mapping
2026-02-25 13:18:06 [scheduling-1] DEBUG o.a.c.i.e.InternalRouteStartupManager - Warming up route id: HealthCenter-mapping having autoStartup=true
2026-02-25 13:18:06 [scheduling-1] DEBUG o.a.camel.support.DefaultComponent - Creating endpoint uri=[servlet:///HealthCenter?httpMethodRestrict=GET], path=[/HealthCenter]
2026-02-25 13:18:06 [scheduling-1] DEBUG o.a.c.i.engine.AbstractCamelContext - servlet:///HealthCenter?httpMethodRestrict=GET converted to endpoint: servlet:/HealthCenter?httpMethodRestrict=GET by component: org.apache.camel.component.servlet.ServletComponent@31aab67d
2026-02-25 13:18:06 [scheduling-1] INFO  c.m.IntegrationMappingEndpoint - Creating IntegrationMappingProducer for endpoint: integrationmapping://null?code=default with mapping: null
2026-02-25 13:18:06 [scheduling-1] DEBUG o.a.camel.support.DefaultProducer - Starting producer: Producer[integrationmapping://null?code=default]
2026-02-25 13:18:06 [scheduling-1] DEBUG o.a.c.i.e.InternalRouteStartupManager - Route: HealthCenter-mapping >>> Route[rest://get:/HealthCenter -> null]
2026-02-25 13:18:06 [scheduling-1] DEBUG o.a.c.i.e.InternalRouteStartupManager - Starting consumer (order: 1010) on route: HealthCenter-mapping
2026-02-25 13:18:06 [scheduling-1] DEBUG o.a.camel.support.DefaultConsumer - Build consumer: Consumer[servlet:/HealthCenter?httpMethodRestrict=GET]
2026-02-25 13:18:06 [scheduling-1] DEBUG o.a.camel.support.DefaultConsumer - Init consumer: Consumer[servlet:/HealthCenter?httpMethodRestrict=GET]
2026-02-25 13:18:06 [scheduling-1] DEBUG o.a.camel.support.DefaultConsumer - Starting consumer: Consumer[servlet:/HealthCenter?httpMethodRestrict=GET]
2026-02-25 13:18:06 [scheduling-1] DEBUG o.a.c.h.common.DefaultHttpRegistry - Registering consumer for path /HealthCenter providers present: 0
2026-02-25 13:18:06 [scheduling-1] DEBUG o.a.c.i.e.InternalRouteStartupManager - Route: HealthCenter-mapping started and consuming from: servlet:/HealthCenter
2026-02-25 13:18:06 [scheduling-1] DEBUG o.a.c.i.e.InternalRouteStartupManager - Warming up route id: HealthCenter-mapping having autoStartup=true
2026-02-25 13:18:06 [scheduling-1] DEBUG o.a.c.i.e.InternalRouteStartupManager - Route: HealthCenter-mapping >>> Route[rest://get:/HealthCenter -> null]
2026-02-25 13:18:06 [scheduling-1] DEBUG o.a.c.i.e.InternalRouteStartupManager - Starting consumer (order: 1011) on route: HealthCenter-mapping
2026-02-25 13:18:06 [scheduling-1] DEBUG o.a.c.i.e.InternalRouteStartupManager - Route: HealthCenter-mapping started and consuming from: servlet:/HealthCenter
2026-02-25 13:18:06 [scheduling-1] INFO  c.m.b.k.service.DynamicRouteService - Re-added route HealthCenter-mapping to context (DB says active)
2026-02-25 13:18:06 [scheduling-1] DEBUG o.a.c.i.engine.AbstractCamelContext - Adding route configurations from builder: Routes: []
2026-02-25 13:18:06 [scheduling-1] DEBUG o.a.c.i.engine.AbstractCamelContext - Adding routes from builder: Routes: []
2026-02-25 13:18:06 [scheduling-1] DEBUG o.a.c.i.e.DefaultUriFactoryResolver - Found EndpointUriFactory: integratedSystem via type: com.middleware.IntegratedSystemEndpointUriFactory via: META-INF/services/org/apache/camel/urifactory/integratedSystem
2026-02-25 13:18:06 [scheduling-1] DEBUG o.a.c.i.e.DefaultUriFactoryResolver - Found EndpointUriFactory: https via type: org.apache.camel.component.http.HttpEndpointUriFactory via: META-INF/services/org/apache/camel/urifactory/https
2026-02-25 13:18:06 [scheduling-1] DEBUG o.a.c.i.e.DefaultUriFactoryResolver - Found EndpointUriFactory: rest via type: org.apache.camel.component.rest.RestEndpointUriFactory via: META-INF/services/org/apache/camel/urifactory/rest
2026-02-25 13:18:06 [scheduling-1] DEBUG o.a.camel.support.DefaultComponent - Creating endpoint uri=[rest://get:/api/hello], path=[get:/api/hello]
2026-02-25 13:18:06 [scheduling-1] DEBUG o.a.c.i.engine.AbstractCamelContext - rest://get:/api/hello converted to endpoint: rest://get:/api/hello by component: org.apache.camel.component.rest.RestComponent@3038f295
2026-02-25 13:18:06 [scheduling-1] DEBUG o.a.camel.support.DefaultComponent - Creating endpoint uri=[integratedSystem://null?code=DHIS2.DWH], path=[null]
2026-02-25 13:18:06 [scheduling-1] INFO  c.m.IntegratedSystemComponent - Created IntegratedSystemEndpoint for URI: integratedSystem://null?code=DHIS2.DWH
2026-02-25 13:18:06 [scheduling-1] DEBUG o.a.c.i.engine.AbstractCamelContext - integratedSystem://null?code=DHIS2.DWH converted to endpoint: integratedSystem://null?code=DHIS2.DWH by component: com.middleware.IntegratedSystemComponent@38785b6b
2026-02-25 13:18:06 [scheduling-1] DEBUG o.a.camel.support.DefaultComponent - Creating endpoint uri=[https://hmis-dev.moh.gov.jo/dwh/api/system/info?bridgeEndpoint=true], path=[hmis-dev.moh.gov.jo/dwh/api/system/info]
2026-02-25 13:18:06 [scheduling-1] DEBUG o.a.c.component.http.HttpComponent - Creating endpoint uri https://hmis-dev.moh.gov.jo/dwh/api/system/info?bridgeEndpoint=true
2026-02-25 13:18:06 [scheduling-1] DEBUG o.a.c.component.http.HttpComponent - Created ClientConnectionManager org.apache.hc.client5.http.impl.io.PoolingHttpClientConnectionManager@4edc4ed
2026-02-25 13:18:06 [scheduling-1] DEBUG o.a.c.i.engine.AbstractCamelContext - https://hmis-dev.moh.gov.jo/dwh/api/system/info?bridgeEndpoint=true converted to endpoint: https://hmis-dev.moh.gov.jo/dwh/api/system/info?bridgeEndpoint=true by component: org.apache.camel.component.http.HttpComponent@14ab09f1
2026-02-25 13:18:06 [scheduling-1] DEBUG o.a.c.i.engine.AbstractCamelContext - Resolving language: simple
2026-02-25 13:18:06 [scheduling-1] DEBUG o.apache.camel.reifier.RouteReifier - RoutePolicy is enabled: com.middleware.backend.policy.LoggingRoutePolicy@5f3b51ac on route: my-new-route
2026-02-25 13:18:06 [scheduling-1] DEBUG o.a.c.i.e.InternalRouteStartupManager - Warming up route id: my-new-route having autoStartup=true
2026-02-25 13:18:06 [scheduling-1] DEBUG o.a.camel.support.DefaultComponent - Creating endpoint uri=[servlet:///api/hello?httpMethodRestrict=GET], path=[/api/hello]
2026-02-25 13:18:06 [scheduling-1] DEBUG o.a.c.i.engine.AbstractCamelContext - servlet:///api/hello?httpMethodRestrict=GET converted to endpoint: servlet:/api/hello?httpMethodRestrict=GET by component: org.apache.camel.component.servlet.ServletComponent@31aab67d
2026-02-25 13:18:06 [scheduling-1] DEBUG o.a.camel.support.DefaultProducer - Starting producer: Producer[integratedSystem://null?code=DHIS2.DWH]
2026-02-25 13:18:06 [scheduling-1] DEBUG o.a.c.component.http.HttpEndpoint - Setup the HttpClientBuilder org.apache.hc.client5.http.impl.classic.HttpClientBuilder@569c7fa4
2026-02-25 13:18:06 [scheduling-1] DEBUG o.a.camel.support.DefaultProducer - Starting producer: Producer[https://hmis-dev.moh.gov.jo/dwh/api/system/info?bridgeEndpoint=true]
2026-02-25 13:18:06 [scheduling-1] DEBUG o.a.camel.support.DefaultProducer - Starting producer: Producer[log://InfoLogger]
2026-02-25 13:18:06 [scheduling-1] DEBUG o.a.c.i.e.InternalRouteStartupManager - Route: my-new-route >>> Route[rest://get:/api/hello -> null]
2026-02-25 13:18:06 [scheduling-1] DEBUG o.a.c.i.e.InternalRouteStartupManager - Starting consumer (order: 1012) on route: my-new-route
2026-02-25 13:18:06 [scheduling-1] DEBUG o.a.camel.support.DefaultConsumer - Build consumer: Consumer[servlet:/api/hello?httpMethodRestrict=GET]
2026-02-25 13:18:06 [scheduling-1] DEBUG o.a.camel.support.DefaultConsumer - Init consumer: Consumer[servlet:/api/hello?httpMethodRestrict=GET]
2026-02-25 13:18:06 [scheduling-1] DEBUG o.a.camel.support.DefaultConsumer - Starting consumer: Consumer[servlet:/api/hello?httpMethodRestrict=GET]
2026-02-25 13:18:06 [scheduling-1] DEBUG o.a.c.h.common.DefaultHttpRegistry - Registering consumer for path /api/hello providers present: 0
2026-02-25 13:18:06 [scheduling-1] DEBUG o.a.c.i.e.InternalRouteStartupManager - Route: my-new-route started and consuming from: servlet:/api/hello
2026-02-25 13:18:06 [scheduling-1] DEBUG o.a.c.i.e.InternalRouteStartupManager - Warming up route id: my-new-route having autoStartup=true
2026-02-25 13:18:06 [scheduling-1] DEBUG o.a.c.i.e.InternalRouteStartupManager - Route: my-new-route >>> Route[rest://get:/api/hello -> null]
2026-02-25 13:18:06 [scheduling-1] DEBUG o.a.c.i.e.InternalRouteStartupManager - Starting consumer (order: 1013) on route: my-new-route
2026-02-25 13:18:06 [scheduling-1] DEBUG o.a.c.i.e.InternalRouteStartupManager - Route: my-new-route started and consuming from: servlet:/api/hello
2026-02-25 13:18:06 [scheduling-1] INFO  c.m.b.k.service.DynamicRouteService - Re-added route my-new-route to context (DB says active)
2026-02-25 13:18:06 [scheduling-1] DEBUG o.a.c.i.engine.AbstractCamelContext - Adding route configurations from builder: Routes: []
2026-02-25 13:18:06 [scheduling-1] DEBUG o.a.c.i.engine.AbstractCamelContext - Adding routes from builder: Routes: []
2026-02-25 13:18:06 [scheduling-1] DEBUG o.a.c.i.e.DefaultUriFactoryResolver - Found EndpointUriFactory: integrationmapping via type: com.middleware.IntegrationMappingEndpointUriFactory via: META-INF/services/org/apache/camel/urifactory/integrationmapping
2026-02-25 13:18:06 [scheduling-1] DEBUG o.a.c.i.e.DefaultUriFactoryResolver - Found EndpointUriFactory: rest via type: org.apache.camel.component.rest.RestEndpointUriFactory via: META-INF/services/org/apache/camel/urifactory/rest
2026-02-25 13:18:06 [scheduling-1] DEBUG o.a.camel.support.DefaultComponent - Creating endpoint uri=[rest://get:/v1/hospitales], path=[get:/v1/hospitales]
2026-02-25 13:18:06 [scheduling-1] DEBUG o.a.c.i.engine.AbstractCamelContext - rest://get:/v1/hospitales converted to endpoint: rest://get:/v1/hospitales by component: org.apache.camel.component.rest.RestComponent@3038f295
2026-02-25 13:18:06 [scheduling-1] DEBUG o.apache.camel.reifier.RouteReifier - RoutePolicy is enabled: com.middleware.backend.policy.LoggingRoutePolicy@3f2c9152 on route: Hospital_HealthMap_Mappin
2026-02-25 13:18:06 [scheduling-1] DEBUG o.a.c.i.e.InternalRouteStartupManager - Warming up route id: Hospital_HealthMap_Mappin having autoStartup=true
2026-02-25 13:18:06 [scheduling-1] DEBUG o.a.camel.support.DefaultComponent - Creating endpoint uri=[servlet:///v1/hospitales?httpMethodRestrict=GET], path=[/v1/hospitales]
2026-02-25 13:18:06 [scheduling-1] DEBUG o.a.c.i.engine.AbstractCamelContext - servlet:///v1/hospitales?httpMethodRestrict=GET converted to endpoint: servlet:/v1/hospitales?httpMethodRestrict=GET by component: org.apache.camel.component.servlet.ServletComponent@31aab67d
2026-02-25 13:18:06 [scheduling-1] INFO  c.m.IntegrationMappingEndpoint - Creating IntegrationMappingProducer for endpoint: integrationmapping://null?code=default with mapping: null
2026-02-25 13:18:06 [scheduling-1] DEBUG o.a.camel.support.DefaultProducer - Starting producer: Producer[integrationmapping://null?code=default]
2026-02-25 13:18:06 [scheduling-1] DEBUG o.a.c.i.e.InternalRouteStartupManager - Route: Hospital_HealthMap_Mappin >>> Route[rest://get:/v1/hospitales -> null]
2026-02-25 13:18:06 [scheduling-1] DEBUG o.a.c.i.e.InternalRouteStartupManager - Starting consumer (order: 1014) on route: Hospital_HealthMap_Mappin
2026-02-25 13:18:06 [scheduling-1] DEBUG o.a.camel.support.DefaultConsumer - Build consumer: Consumer[servlet:/v1/hospitales?httpMethodRestrict=GET]
2026-02-25 13:18:06 [scheduling-1] DEBUG o.a.camel.support.DefaultConsumer - Init consumer: Consumer[servlet:/v1/hospitales?httpMethodRestrict=GET]
2026-02-25 13:18:06 [scheduling-1] DEBUG o.a.camel.support.DefaultConsumer - Starting consumer: Consumer[servlet:/v1/hospitales?httpMethodRestrict=GET]
2026-02-25 13:18:06 [scheduling-1] DEBUG o.a.c.h.common.DefaultHttpRegistry - Registering consumer for path /v1/hospitales providers present: 0
2026-02-25 13:18:06 [scheduling-1] DEBUG o.a.c.i.e.InternalRouteStartupManager - Route: Hospital_HealthMap_Mappin started and consuming from: servlet:/v1/hospitales
2026-02-25 13:18:06 [scheduling-1] DEBUG o.a.c.i.e.InternalRouteStartupManager - Warming up route id: Hospital_HealthMap_Mappin having autoStartup=true
2026-02-25 13:18:06 [scheduling-1] DEBUG o.a.c.i.e.InternalRouteStartupManager - Route: Hospital_HealthMap_Mappin >>> Route[rest://get:/v1/hospitales -> null]
2026-02-25 13:18:06 [scheduling-1] DEBUG o.a.c.i.e.InternalRouteStartupManager - Starting consumer (order: 1015) on route: Hospital_HealthMap_Mappin
2026-02-25 13:18:06 [scheduling-1] DEBUG o.a.c.i.e.InternalRouteStartupManager - Route: Hospital_HealthMap_Mappin started and consuming from: servlet:/v1/hospitales
2026-02-25 13:18:06 [scheduling-1] INFO  c.m.b.k.service.DynamicRouteService - Re-added route Hospital_HealthMap_Mappin to context (DB says active)
2026-02-25 13:18:07 [scheduling-1] DEBUG o.a.c.i.engine.AbstractCamelContext - Adding route configurations from builder: Routes: []
2026-02-25 13:18:07 [scheduling-1] DEBUG o.a.c.i.engine.AbstractCamelContext - Adding routes from builder: Routes: []
2026-02-25 13:18:07 [scheduling-1] DEBUG o.a.c.i.e.DefaultUriFactoryResolver - Found EndpointUriFactory: integratedSystem via type: com.middleware.IntegratedSystemEndpointUriFactory via: META-INF/services/org/apache/camel/urifactory/integratedSystem
2026-02-25 13:18:07 [scheduling-1] DEBUG o.a.c.i.e.DefaultUriFactoryResolver - Found EndpointUriFactory: servlet via type: org.apache.camel.component.servlet.ServletEndpointUriFactory via: META-INF/services/org/apache/camel/urifactory/servlet
2026-02-25 13:18:07 [scheduling-1] DEBUG o.a.camel.support.DefaultComponent - Creating endpoint uri=[servlet:///v1/datasets?httpMethodRestrict=POST], path=[/v1/datasets]
2026-02-25 13:18:07 [scheduling-1] DEBUG o.a.c.i.engine.AbstractCamelContext - servlet:///v1/datasets?httpMethodRestrict=POST converted to endpoint: servlet:/v1/datasets?httpMethodRestrict=POST by component: org.apache.camel.component.servlet.ServletComponent@31aab67d
2026-02-25 13:18:07 [scheduling-1] DEBUG o.apache.camel.reifier.RouteReifier - RoutePolicy is enabled: com.middleware.backend.policy.LoggingRoutePolicy@7a0d78c3 on route: dhis2-upload-csv
2026-02-25 13:18:07 [scheduling-1] DEBUG o.a.c.i.e.InternalRouteStartupManager - Warming up route id: dhis2-upload-csv having autoStartup=true
2026-02-25 13:18:07 [scheduling-1] DEBUG o.a.camel.support.DefaultProducer - Starting producer: Producer[integratedSystem://null?code=DHIS2.STABLE]
2026-02-25 13:18:07 [scheduling-1] DEBUG o.a.c.i.e.InternalRouteStartupManager - Route: dhis2-upload-csv >>> Route[servlet:/v1/datasets?httpMethodRestrict=POST -> null]
2026-02-25 13:18:07 [scheduling-1] DEBUG o.a.c.i.e.InternalRouteStartupManager - Starting consumer (order: 1016) on route: dhis2-upload-csv
2026-02-25 13:18:07 [scheduling-1] DEBUG o.a.camel.support.DefaultConsumer - Build consumer: Consumer[servlet:/v1/datasets?httpMethodRestrict=POST]
2026-02-25 13:18:07 [scheduling-1] DEBUG o.a.camel.support.DefaultConsumer - Init consumer: Consumer[servlet:/v1/datasets?httpMethodRestrict=POST]
2026-02-25 13:18:07 [scheduling-1] DEBUG o.a.camel.support.DefaultConsumer - Starting consumer: Consumer[servlet:/v1/datasets?httpMethodRestrict=POST]
2026-02-25 13:18:07 [scheduling-1] DEBUG o.a.c.h.common.DefaultHttpRegistry - Registering consumer for path /v1/datasets providers present: 0
2026-02-25 13:18:07 [scheduling-1] DEBUG o.a.c.i.e.InternalRouteStartupManager - Route: dhis2-upload-csv started and consuming from: servlet:/v1/datasets
2026-02-25 13:18:07 [scheduling-1] DEBUG o.a.c.i.e.InternalRouteStartupManager - Warming up route id: dhis2-upload-csv having autoStartup=true
2026-02-25 13:18:07 [scheduling-1] DEBUG o.a.c.i.e.InternalRouteStartupManager - Route: dhis2-upload-csv >>> Route[servlet:/v1/datasets?httpMethodRestrict=POST -> null]
2026-02-25 13:18:07 [scheduling-1] DEBUG o.a.c.i.e.InternalRouteStartupManager - Starting consumer (order: 1017) on route: dhis2-upload-csv
2026-02-25 13:18:07 [scheduling-1] DEBUG o.a.c.i.e.InternalRouteStartupManager - Route: dhis2-upload-csv started and consuming from: servlet:/v1/datasets
2026-02-25 13:18:07 [scheduling-1] INFO  c.m.b.k.service.DynamicRouteService - Re-added route dhis2-upload-csv to context (DB says active)
2026-02-25 13:18:07 [scheduling-1] DEBUG o.a.c.i.engine.AbstractCamelContext - Adding route configurations from builder: Routes: []
2026-02-25 13:18:07 [scheduling-1] DEBUG o.a.c.i.engine.AbstractCamelContext - Adding routes from builder: Routes: []
2026-02-25 13:18:07 [scheduling-1] DEBUG o.a.c.i.e.DefaultUriFactoryResolver - Found EndpointUriFactory: servlet via type: org.apache.camel.component.servlet.ServletEndpointUriFactory via: META-INF/services/org/apache/camel/urifactory/servlet
2026-02-25 13:18:07 [scheduling-1] DEBUG o.a.camel.support.DefaultComponent - Creating endpoint uri=[servlet:///todos/*?httpMethodRestrict=GET], path=[/todos/*]
2026-02-25 13:18:07 [scheduling-1] DEBUG o.a.c.i.engine.AbstractCamelContext - servlet:///todos/*?httpMethodRestrict=GET converted to endpoint: servlet:/todos/*?httpMethodRestrict=GET by component: org.apache.camel.component.servlet.ServletComponent@31aab67d
2026-02-25 13:18:07 [scheduling-1] DEBUG o.a.c.i.engine.AbstractCamelContext - Resolving language: simple
2026-02-25 13:18:07 [scheduling-1] DEBUG o.a.c.i.engine.AbstractCamelContext - Resolving language: bean
2026-02-25 13:18:07 [scheduling-1] DEBUG o.a.c.i.engine.AbstractCamelContext - Resolving language: constant
2026-02-25 13:18:07 [scheduling-1] DEBUG o.a.c.i.engine.AbstractCamelContext - Resolving language: constant
2026-02-25 13:18:07 [scheduling-1] DEBUG o.a.c.i.engine.AbstractCamelContext - Resolving language: constant
2026-02-25 13:18:07 [scheduling-1] DEBUG o.a.c.i.engine.AbstractCamelContext - Resolving language: simple
2026-02-25 13:18:07 [scheduling-1] DEBUG o.apache.camel.reifier.RouteReifier - RoutePolicy is enabled: com.middleware.backend.policy.LoggingRoutePolicy@e2834a0 on route: get-todo
2026-02-25 13:18:07 [scheduling-1] DEBUG o.a.c.i.e.InternalRouteStartupManager - Warming up route id: get-todo having autoStartup=true
2026-02-25 13:18:07 [scheduling-1] DEBUG o.a.c.p.SendDynamicAwareResolver - Found SendDynamicAware: org.apache.camel.component.http.HttpSendDynamicAware via: META-INF/services/org/apache/camel/send-dynamic/https
2026-02-25 13:18:07 [scheduling-1] DEBUG o.a.c.processor.SendDynamicProcessor - Detected SendDynamicAware component: https optimising toD: https://jsonplaceholder.typicode.com/todos/${header.id}?bridgeEndpoint=true&throwExceptionOnFailure=false
2026-02-25 13:18:07 [scheduling-1] DEBUG o.a.c.i.e.DefaultUriFactoryResolver - Found EndpointUriFactory: https via type: org.apache.camel.component.http.HttpEndpointUriFactory via: META-INF/services/org/apache/camel/urifactory/https
2026-02-25 13:18:07 [scheduling-1] DEBUG o.a.c.processor.SendDynamicProcessor - DynamicSendTo toD2 using ProducerCache with cacheSize=0
2026-02-25 13:18:07 [scheduling-1] DEBUG o.a.c.i.e.InternalRouteStartupManager - Route: get-todo >>> Route[servlet:/todos/*?httpMethodRestrict=GET -> null]
2026-02-25 13:18:07 [scheduling-1] DEBUG o.a.c.i.e.InternalRouteStartupManager - Starting consumer (order: 1018) on route: get-todo
2026-02-25 13:18:07 [scheduling-1] DEBUG o.a.camel.support.DefaultConsumer - Build consumer: Consumer[servlet:/todos/*?httpMethodRestrict=GET]
2026-02-25 13:18:07 [scheduling-1] DEBUG o.a.camel.support.DefaultConsumer - Init consumer: Consumer[servlet:/todos/*?httpMethodRestrict=GET]
2026-02-25 13:18:07 [scheduling-1] DEBUG o.a.camel.support.DefaultConsumer - Starting consumer: Consumer[servlet:/todos/*?httpMethodRestrict=GET]
2026-02-25 13:18:07 [scheduling-1] DEBUG o.a.c.h.common.DefaultHttpRegistry - Registering consumer for path /todos/* providers present: 0
2026-02-25 13:18:07 [scheduling-1] DEBUG o.a.c.i.e.InternalRouteStartupManager - Route: get-todo started and consuming from: servlet:/todos/*
2026-02-25 13:18:07 [scheduling-1] DEBUG o.a.c.i.e.InternalRouteStartupManager - Warming up route id: get-todo having autoStartup=true
2026-02-25 13:18:07 [scheduling-1] DEBUG o.a.c.i.e.InternalRouteStartupManager - Route: get-todo >>> Route[servlet:/todos/*?httpMethodRestrict=GET -> null]
2026-02-25 13:18:07 [scheduling-1] DEBUG o.a.c.i.e.InternalRouteStartupManager - Starting consumer (order: 1019) on route: get-todo
2026-02-25 13:18:07 [scheduling-1] DEBUG o.a.c.i.e.InternalRouteStartupManager - Route: get-todo started and consuming from: servlet:/todos/*
2026-02-25 13:18:07 [scheduling-1] INFO  c.m.b.k.service.DynamicRouteService - Re-added route get-todo to context (DB says active)
2026-02-25 13:18:07 [scheduling-1] INFO  c.m.b.k.service.DynamicRouteService - Completed route status sync
2026-02-25 13:18:07 [SpringApplicationShutdownHook] DEBUG o.s.w.c.s.GenericWebApplicationContext - Closing org.springframework.web.context.support.GenericWebApplicationContext@30d25c03, started on Wed Feb 25 13:17:49 EET 2026
2026-02-25 13:18:07 [SpringApplicationShutdownHook] DEBUG o.a.camel.spring.SpringCamelContext - onApplicationEvent: org.springframework.context.event.ContextClosedEvent[source=org.springframework.web.context.support.GenericWebApplicationContext@30d25c03, started on Wed Feb 25 13:17:49 EET 2026]
2026-02-25 13:18:07 [SpringApplicationShutdownHook] INFO  org.quartz.core.QuartzScheduler - Scheduler quartzScheduler_$_NON_CLUSTERED paused.
2026-02-25 13:18:07 [SpringApplicationShutdownHook] INFO  o.a.c.i.engine.AbstractCamelContext - Apache Camel 4.4.0 (camel-1) is shutting down (timeout:45s)
2026-02-25 13:18:07 [SpringApplicationShutdownHook] DEBUG o.a.c.i.e.DefaultShutdownStrategy - Starting to graceful shutdown 10 routes (timeout 45 seconds)
2026-02-25 13:18:07 [SpringApplicationShutdownHook] DEBUG o.a.c.i.e.BaseExecutorServiceManager - Created new ThreadPool for source: org.apache.camel.impl.engine.DefaultShutdownStrategy@2d3d10d0 with name: ShutdownTask. -> org.apache.camel.util.concurrent.RejectableThreadPoolExecutor@30ee4eff[Running, pool size = 0, active threads = 0, queued tasks = 0, completed tasks = 0][ShutdownTask]
2026-02-25 13:18:07 [Camel (camel-1) thread #1 - ShutdownTask] DEBUG o.a.c.i.e.DefaultShutdownStrategy - There are 10 routes to shutdown
2026-02-25 13:18:07 [Camel (camel-1) thread #1 - ShutdownTask] DEBUG o.a.c.i.e.DefaultShutdownStrategy - Route: get-todo suspended and shutdown deferred, was consuming from: servlet:/todos/*
2026-02-25 13:18:07 [Camel (camel-1) thread #1 - ShutdownTask] DEBUG o.a.c.i.e.DefaultShutdownStrategy - Route: dhis2-upload-csv suspended and shutdown deferred, was consuming from: servlet:/v1/datasets
2026-02-25 13:18:07 [Camel (camel-1) thread #1 - ShutdownTask] DEBUG o.a.c.i.e.DefaultShutdownStrategy - Route: Hospital_HealthMap_Mappin suspended and shutdown deferred, was consuming from: rest://get:/v1/hospitales
2026-02-25 13:18:07 [Camel (camel-1) thread #1 - ShutdownTask] DEBUG o.a.c.i.e.DefaultShutdownStrategy - Route: my-new-route suspended and shutdown deferred, was consuming from: rest://get:/api/hello
2026-02-25 13:18:07 [Camel (camel-1) thread #1 - ShutdownTask] DEBUG o.a.c.i.e.DefaultShutdownStrategy - Route: HealthCenter-mapping suspended and shutdown deferred, was consuming from: rest://get:/HealthCenter
2026-02-25 13:18:07 [Camel (camel-1) thread #1 - ShutdownTask] DEBUG o.a.c.i.e.DefaultShutdownStrategy - Route: aiiiii suspended and shutdown deferred, was consuming from: rest://post:/api/aiiiii
2026-02-25 13:18:07 [Camel (camel-1) thread #1 - ShutdownTask] DEBUG o.a.c.i.e.DefaultShutdownStrategy - Route: xxxxxxxxxx suspended and shutdown deferred, was consuming from: rest://post:/api/xxxxxxxxxx
2026-02-25 13:18:07 [Camel (camel-1) thread #1 - ShutdownTask] DEBUG o.a.c.i.e.DefaultShutdownStrategy - Route: get-user-from-api suspended and shutdown deferred, was consuming from: servlet:/external-user/*
2026-02-25 13:18:07 [Camel (camel-1) thread #1 - ShutdownTask] DEBUG o.a.c.i.e.DefaultShutdownStrategy - Route: my-new-testforAi suspended and shutdown deferred, was consuming from: rest://post:/api/aaaaaaiaiiiiiiiiiiiiiiiiiii
2026-02-25 13:18:07 [Camel (camel-1) thread #1 - ShutdownTask] DEBUG o.a.c.i.e.DefaultShutdownStrategy - Route: dhis2-system-info suspended and shutdown deferred, was consuming from: rest://get:/system/info
2026-02-25 13:18:07 [Camel (camel-1) thread #1 - ShutdownTask] DEBUG o.a.c.h.common.DefaultHttpRegistry - Unregistering consumer for path /todos/*
2026-02-25 13:18:07 [Camel (camel-1) thread #1 - ShutdownTask] DEBUG o.a.camel.support.DefaultConsumer - Stopping consumer: Consumer[servlet:/todos/*?httpMethodRestrict=GET]
2026-02-25 13:18:07 [Camel (camel-1) thread #1 - ShutdownTask] DEBUG o.a.c.i.e.DefaultShutdownStrategy - Route: get-todo shutdown complete, was consuming from: servlet:/todos/*
2026-02-25 13:18:07 [Camel (camel-1) thread #1 - ShutdownTask] DEBUG o.a.c.h.common.DefaultHttpRegistry - Unregistering consumer for path /v1/datasets
2026-02-25 13:18:07 [Camel (camel-1) thread #1 - ShutdownTask] DEBUG o.a.camel.support.DefaultConsumer - Stopping consumer: Consumer[servlet:/v1/datasets?httpMethodRestrict=POST]
2026-02-25 13:18:07 [Camel (camel-1) thread #1 - ShutdownTask] DEBUG o.a.camel.support.DefaultProducer - Stopping producer: Producer[integratedSystem://null?code=DHIS2.STABLE]
2026-02-25 13:18:07 [Camel (camel-1) thread #1 - ShutdownTask] DEBUG o.a.c.i.e.DefaultShutdownStrategy - Route: dhis2-upload-csv shutdown complete, was consuming from: servlet:/v1/datasets
2026-02-25 13:18:07 [Camel (camel-1) thread #1 - ShutdownTask] DEBUG o.a.c.h.common.DefaultHttpRegistry - Unregistering consumer for path /v1/hospitales
2026-02-25 13:18:07 [Camel (camel-1) thread #1 - ShutdownTask] DEBUG o.a.camel.support.DefaultConsumer - Stopping consumer: Consumer[servlet:/v1/hospitales?httpMethodRestrict=GET]
2026-02-25 13:18:07 [Camel (camel-1) thread #1 - ShutdownTask] DEBUG o.a.camel.support.DefaultProducer - Stopping producer: Producer[integrationmapping://null?code=default]
2026-02-25 13:18:07 [Camel (camel-1) thread #1 - ShutdownTask] DEBUG o.a.c.i.e.DefaultShutdownStrategy - Route: Hospital_HealthMap_Mappin shutdown complete, was consuming from: rest://get:/v1/hospitales
2026-02-25 13:18:07 [Camel (camel-1) thread #1 - ShutdownTask] DEBUG o.a.c.h.common.DefaultHttpRegistry - Unregistering consumer for path /api/hello
2026-02-25 13:18:07 [Camel (camel-1) thread #1 - ShutdownTask] DEBUG o.a.camel.support.DefaultConsumer - Stopping consumer: Consumer[servlet:/api/hello?httpMethodRestrict=GET]
2026-02-25 13:18:07 [Camel (camel-1) thread #1 - ShutdownTask] DEBUG o.a.camel.support.DefaultProducer - Stopping producer: Producer[integratedSystem://null?code=DHIS2.DWH]
2026-02-25 13:18:07 [Camel (camel-1) thread #1 - ShutdownTask] DEBUG o.a.camel.support.DefaultProducer - Stopping producer: Producer[https://hmis-dev.moh.gov.jo/dwh/api/system/info?bridgeEndpoint=true]
2026-02-25 13:18:07 [Camel (camel-1) thread #1 - ShutdownTask] DEBUG o.a.camel.support.DefaultProducer - Stopping producer: Producer[log://InfoLogger]
2026-02-25 13:18:07 [Camel (camel-1) thread #1 - ShutdownTask] DEBUG o.a.c.i.e.DefaultShutdownStrategy - Route: my-new-route shutdown complete, was consuming from: rest://get:/api/hello
2026-02-25 13:18:07 [Camel (camel-1) thread #1 - ShutdownTask] DEBUG o.a.c.h.common.DefaultHttpRegistry - Unregistering consumer for path /HealthCenter
2026-02-25 13:18:07 [Camel (camel-1) thread #1 - ShutdownTask] DEBUG o.a.camel.support.DefaultConsumer - Stopping consumer: Consumer[servlet:/HealthCenter?httpMethodRestrict=GET]
2026-02-25 13:18:07 [Camel (camel-1) thread #1 - ShutdownTask] DEBUG o.a.camel.support.DefaultProducer - Stopping producer: Producer[integrationmapping://null?code=default]
2026-02-25 13:18:07 [Camel (camel-1) thread #1 - ShutdownTask] DEBUG o.a.c.i.e.DefaultShutdownStrategy - Route: HealthCenter-mapping shutdown complete, was consuming from: rest://get:/HealthCenter
2026-02-25 13:18:07 [Camel (camel-1) thread #1 - ShutdownTask] DEBUG o.a.c.h.common.DefaultHttpRegistry - Unregistering consumer for path /api/aiiiii
2026-02-25 13:18:07 [Camel (camel-1) thread #1 - ShutdownTask] DEBUG o.a.camel.support.DefaultConsumer - Stopping consumer: Consumer[servlet:/api/aiiiii?httpMethodRestrict=POST]
2026-02-25 13:18:07 [Camel (camel-1) thread #1 - ShutdownTask] DEBUG o.a.camel.support.DefaultProducer - Stopping producer: Producer[log://output]
2026-02-25 13:18:07 [Camel (camel-1) thread #1 - ShutdownTask] DEBUG o.a.c.i.e.DefaultShutdownStrategy - Route: aiiiii shutdown complete, was consuming from: rest://post:/api/aiiiii
2026-02-25 13:18:07 [Camel (camel-1) thread #1 - ShutdownTask] DEBUG o.a.c.h.common.DefaultHttpRegistry - Unregistering consumer for path /api/xxxxxxxxxx
2026-02-25 13:18:07 [Camel (camel-1) thread #1 - ShutdownTask] DEBUG o.a.camel.support.DefaultConsumer - Stopping consumer: Consumer[servlet:/api/xxxxxxxxxx?httpMethodRestrict=POST]
2026-02-25 13:18:07 [Camel (camel-1) thread #1 - ShutdownTask] DEBUG o.a.camel.support.DefaultProducer - Stopping producer: Producer[log://output]
2026-02-25 13:18:07 [Camel (camel-1) thread #1 - ShutdownTask] DEBUG o.a.c.i.e.DefaultShutdownStrategy - Route: xxxxxxxxxx shutdown complete, was consuming from: rest://post:/api/xxxxxxxxxx
2026-02-25 13:18:07 [Camel (camel-1) thread #1 - ShutdownTask] DEBUG o.a.c.h.common.DefaultHttpRegistry - Unregistering consumer for path /external-user/*
2026-02-25 13:18:07 [Camel (camel-1) thread #1 - ShutdownTask] DEBUG o.a.camel.support.DefaultConsumer - Stopping consumer: Consumer[servlet:/external-user/*?httpMethodRestrict=GET]
2026-02-25 13:18:07 [Camel (camel-1) thread #1 - ShutdownTask] DEBUG o.a.c.i.e.DefaultShutdownStrategy - Route: get-user-from-api shutdown complete, was consuming from: servlet:/external-user/*
2026-02-25 13:18:07 [Camel (camel-1) thread #1 - ShutdownTask] DEBUG o.a.c.h.common.DefaultHttpRegistry - Unregistering consumer for path /api/aaaaaaiaiiiiiiiiiiiiiiiiiii
2026-02-25 13:18:07 [Camel (camel-1) thread #1 - ShutdownTask] DEBUG o.a.camel.support.DefaultConsumer - Stopping consumer: Consumer[servlet:/api/aaaaaaiaiiiiiiiiiiiiiiiiiii?httpMethodRestrict=POST]
2026-02-25 13:18:07 [Camel (camel-1) thread #1 - ShutdownTask] DEBUG o.a.camel.support.DefaultProducer - Stopping producer: Producer[log://output]
2026-02-25 13:18:07 [Camel (camel-1) thread #1 - ShutdownTask] DEBUG o.a.c.i.e.DefaultShutdownStrategy - Route: my-new-testforAi shutdown complete, was consuming from: rest://post:/api/aaaaaaiaiiiiiiiiiiiiiiiiiii
2026-02-25 13:18:07 [Camel (camel-1) thread #1 - ShutdownTask] DEBUG o.a.c.h.common.DefaultHttpRegistry - Unregistering consumer for path /system/info
2026-02-25 13:18:07 [Camel (camel-1) thread #1 - ShutdownTask] DEBUG o.a.camel.support.DefaultConsumer - Stopping consumer: Consumer[servlet:/system/info?httpMethodRestrict=GET]
2026-02-25 13:18:07 [Camel (camel-1) thread #1 - ShutdownTask] DEBUG o.a.camel.support.DefaultProducer - Stopping producer: Producer[integratedSystem://null?code=DHIS2.STABLE]
2026-02-25 13:18:07 [Camel (camel-1) thread #1 - ShutdownTask] DEBUG o.a.camel.support.DefaultProducer - Stopping producer: Producer[https://test.e2e.dhis2.org/ca-test-2.41/api/system/info?bridgeEndpoint=true]
2026-02-25 13:18:07 [Camel (camel-1) thread #1 - ShutdownTask] DEBUG o.a.camel.support.DefaultProducer - Stopping producer: Producer[log://InfoLogger]
2026-02-25 13:18:07 [Camel (camel-1) thread #1 - ShutdownTask] DEBUG o.a.c.i.e.DefaultShutdownStrategy - Route: dhis2-system-info shutdown complete, was consuming from: rest://get:/system/info
2026-02-25 13:18:07 [SpringApplicationShutdownHook] DEBUG o.a.c.i.e.DefaultShutdownStrategy - Graceful shutdown of 10 routes completed in 18ms
2026-02-25 13:18:07 [SpringApplicationShutdownHook] DEBUG o.a.c.i.e.DefaultAsyncProcessorAwaitManager - Shutting down with no inflight threads.
2026-02-25 13:18:07 [SpringApplicationShutdownHook] DEBUG o.a.camel.support.DefaultConsumer - Shutting down consumer: Consumer[servlet:/todos/*?httpMethodRestrict=GET]
2026-02-25 13:18:07 [SpringApplicationShutdownHook] DEBUG o.a.camel.support.DefaultConsumer - Shutting down consumer: Consumer[servlet:/v1/datasets?httpMethodRestrict=POST]
2026-02-25 13:18:07 [SpringApplicationShutdownHook] DEBUG o.a.camel.support.DefaultConsumer - Shutting down consumer: Consumer[servlet:/v1/hospitales?httpMethodRestrict=GET]
2026-02-25 13:18:07 [SpringApplicationShutdownHook] DEBUG o.a.camel.support.DefaultConsumer - Shutting down consumer: Consumer[servlet:/api/hello?httpMethodRestrict=GET]
2026-02-25 13:18:07 [SpringApplicationShutdownHook] DEBUG o.a.camel.support.DefaultConsumer - Shutting down consumer: Consumer[servlet:/HealthCenter?httpMethodRestrict=GET]
2026-02-25 13:18:07 [SpringApplicationShutdownHook] DEBUG o.a.camel.support.DefaultConsumer - Shutting down consumer: Consumer[servlet:/api/aiiiii?httpMethodRestrict=POST]
2026-02-25 13:18:07 [SpringApplicationShutdownHook] DEBUG o.a.camel.support.DefaultConsumer - Shutting down consumer: Consumer[servlet:/api/xxxxxxxxxx?httpMethodRestrict=POST]
2026-02-25 13:18:07 [SpringApplicationShutdownHook] DEBUG o.a.camel.support.DefaultConsumer - Shutting down consumer: Consumer[servlet:/external-user/*?httpMethodRestrict=GET]
2026-02-25 13:18:07 [SpringApplicationShutdownHook] DEBUG o.a.camel.support.DefaultConsumer - Shutting down consumer: Consumer[servlet:/api/aaaaaaiaiiiiiiiiiiiiiiiiiii?httpMethodRestrict=POST]
2026-02-25 13:18:07 [SpringApplicationShutdownHook] DEBUG o.a.camel.support.DefaultConsumer - Shutting down consumer: Consumer[servlet:/system/info?httpMethodRestrict=GET]
2026-02-25 13:18:07 [SpringApplicationShutdownHook] INFO  o.a.c.i.engine.AbstractCamelContext - Routes stopped (stopped:10)
2026-02-25 13:18:07 [SpringApplicationShutdownHook] INFO  o.a.c.i.engine.AbstractCamelContext -     Stopped get-todo (servlet:/todos/*)
2026-02-25 13:18:07 [SpringApplicationShutdownHook] INFO  o.a.c.i.engine.AbstractCamelContext -     Stopped dhis2-upload-csv (servlet:/v1/datasets)
2026-02-25 13:18:07 [SpringApplicationShutdownHook] INFO  o.a.c.i.engine.AbstractCamelContext -     Stopped Hospital_HealthMap_Mappin (rest://get:/v1/hospitales)
2026-02-25 13:18:07 [SpringApplicationShutdownHook] INFO  o.a.c.i.engine.AbstractCamelContext -     Stopped my-new-route (rest://get:/api/hello)
2026-02-25 13:18:07 [SpringApplicationShutdownHook] INFO  o.a.c.i.engine.AbstractCamelContext -     Stopped HealthCenter-mapping (rest://get:/HealthCenter)
2026-02-25 13:18:07 [SpringApplicationShutdownHook] INFO  o.a.c.i.engine.AbstractCamelContext -     Stopped aiiiii (rest://post:/api/aiiiii)
2026-02-25 13:18:07 [SpringApplicationShutdownHook] INFO  o.a.c.i.engine.AbstractCamelContext -     Stopped xxxxxxxxxx (rest://post:/api/xxxxxxxxxx)
2026-02-25 13:18:07 [SpringApplicationShutdownHook] INFO  o.a.c.i.engine.AbstractCamelContext -     Stopped get-user-from-api (servlet:/external-user/*)
2026-02-25 13:18:07 [SpringApplicationShutdownHook] INFO  o.a.c.i.engine.AbstractCamelContext -     Stopped my-new-testforAi (rest://post:/api/aaaaaaiaiiiiiiiiiiiiiiiiiii)
2026-02-25 13:18:07 [SpringApplicationShutdownHook] INFO  o.a.c.i.engine.AbstractCamelContext -     Stopped dhis2-system-info (rest://get:/system/info)
2026-02-25 13:18:07 [SpringApplicationShutdownHook] DEBUG o.a.c.i.e.BaseExecutorServiceManager - Forcing shutdown of ExecutorService: org.apache.camel.util.concurrent.SizedScheduledExecutorService@787168e8[ErrorHandlerRedeliveryTask]
2026-02-25 13:18:07 [SpringApplicationShutdownHook] DEBUG o.a.c.i.e.DefaultInflightRepository - Shutting down with no inflight exchanges.
2026-02-25 13:18:07 [SpringApplicationShutdownHook] DEBUG o.a.c.i.e.BaseExecutorServiceManager - Forcing shutdown of ExecutorService: org.apache.camel.util.concurrent.RejectableThreadPoolExecutor@30ee4eff[Running, pool size = 1, active threads = 0, queued tasks = 0, completed tasks = 1][ShutdownTask]
2026-02-25 13:18:07 [SpringApplicationShutdownHook] DEBUG o.a.c.i.e.DefaultBeanIntrospection - Stopping BeanIntrospection which was invoked: 23 times
2026-02-25 13:18:07 [SpringApplicationShutdownHook] INFO  o.a.c.i.engine.AbstractCamelContext - Apache Camel 4.4.0 (camel-1) shutdown in 33ms (uptime:1s)
2026-02-25 13:18:07 [SpringApplicationShutdownHook] DEBUG o.a.c.m.SimpleMainShutdownStrategy - Shutdown called
2026-02-25 13:18:07 [SpringApplicationShutdownHook] INFO  org.quartz.core.QuartzScheduler - Scheduler quartzScheduler_$_NON_CLUSTERED shutting down.
2026-02-25 13:18:07 [SpringApplicationShutdownHook] INFO  org.quartz.core.QuartzScheduler - Scheduler quartzScheduler_$_NON_CLUSTERED paused.
2026-02-25 13:18:07 [SpringApplicationShutdownHook] INFO  org.quartz.core.QuartzScheduler - Scheduler quartzScheduler_$_NON_CLUSTERED shutdown complete.
