2025-09-18 15:57:28 [background-preinit] INFO  o.h.validator.internal.util.Version - HV000001: Hibernate Validator 8.0.2.Final
2025-09-18 15:57:28 [main] INFO  c.middleware.MiddlewareApplication - Starting MiddlewareApplication using Java 23-valhalla with PID 15788 (C:\Users\omard\Desktop\Work\back-end\target\classes started by omard in C:\Users\omard\Desktop\Work\back-end)
2025-09-18 15:57:28 [main] INFO  c.middleware.MiddlewareApplication - No active profile set, falling back to 1 default profile: "default"
2025-09-18 15:57:33 [main] INFO  o.a.coyote.http11.Http11NioProtocol - Initializing ProtocolHandler ["http-nio-8081"]
2025-09-18 15:57:33 [main] INFO  o.a.catalina.core.StandardService - Starting service [Tomcat]
2025-09-18 15:57:33 [main] INFO  o.a.catalina.core.StandardEngine - Starting Servlet engine: [Apache Tomcat/10.1.39]
2025-09-18 15:57:33 [main] INFO  o.a.c.c.C.[Tomcat].[localhost].[/] - Initializing Spring embedded WebApplicationContext
2025-09-18 15:57:33 [main] INFO  o.h.jpa.internal.util.LogHelper - HHH000204: Processing PersistenceUnitInfo [name: default]
2025-09-18 15:57:33 [main] INFO  org.hibernate.Version - HHH000412: Hibernate ORM core version 6.6.11.Final
2025-09-18 15:57:33 [main] INFO  o.h.c.i.RegionFactoryInitiator - HHH000026: Second-level cache disabled
2025-09-18 15:57:34 [main] WARN  org.hibernate.orm.deprecation - HHH90000025: PostgreSQLDialect does not need to be specified explicitly using 'hibernate.dialect' (remove the property setting and it will be selected by default)
2025-09-18 15:57:34 [main] INFO  o.hibernate.orm.connections.pooling - HHH10001005: Database info:
	Database JDBC URL [Connecting through datasource 'org.springframework.jdbc.datasource.DriverManagerDataSource@79fc4e99']
	Database driver: undefined/unknown
	Database version: 17.4
	Autocommit mode: undefined/unknown
	Isolation level: undefined/unknown
	Minimum pool size: undefined/unknown
	Maximum pool size: undefined/unknown
2025-09-18 15:57:36 [main] INFO  o.h.e.t.j.p.i.JtaPlatformInitiator - HHH000489: No JTA platform available (set 'hibernate.transaction.jta.platform' to enable JTA platform integration)
2025-09-18 15:57:38 [main] INFO  o.a.camel.util.concurrent.ThreadType - The type of thread detected is PLATFORM
2025-09-18 15:57:40 [main] DEBUG o.s.w.f.ServerHttpObservationFilter - Filter 'webMvcObservationFilter' configured for use
2025-09-18 15:57:40 [main] DEBUG o.s.w.f.CommonsRequestLoggingFilter - Filter 'logFilter' configured for use
2025-09-18 15:57:40 [main] DEBUG c.m.b.users.config.JwtRequestFilter - Filter 'jwtRequestFilter' configured for use
2025-09-18 15:57:41 [main] INFO  org.quartz.impl.StdSchedulerFactory - Using default implementation for ThreadExecutor
2025-09-18 15:57:41 [main] INFO  o.quartz.core.SchedulerSignalerImpl - Initialized Scheduler Signaller of type: class org.quartz.core.SchedulerSignalerImpl
2025-09-18 15:57:41 [main] INFO  org.quartz.core.QuartzScheduler - Quartz Scheduler v.2.3.2 created.
2025-09-18 15:57:41 [main] INFO  org.quartz.simpl.RAMJobStore - RAMJobStore initialized.
2025-09-18 15:57:41 [main] INFO  org.quartz.core.QuartzScheduler - Scheduler meta-data: Quartz Scheduler (v2.3.2) 'quartzScheduler' with instanceId 'NON_CLUSTERED'
  Scheduler class: 'org.quartz.core.QuartzScheduler' - running locally.
  NOT STARTED.
  Currently in standby mode.
  Number of jobs executed: 0
  Using thread pool 'org.quartz.simpl.SimpleThreadPool' - with 10 threads.
  Using job-store 'org.quartz.simpl.RAMJobStore' - which does not support persistence. and is not clustered.

2025-09-18 15:57:41 [main] INFO  org.quartz.impl.StdSchedulerFactory - Quartz scheduler 'quartzScheduler' initialized from an externally provided properties instance.
2025-09-18 15:57:41 [main] INFO  org.quartz.impl.StdSchedulerFactory - Quartz scheduler version: 2.3.2
2025-09-18 15:57:41 [main] INFO  org.quartz.core.QuartzScheduler - JobFactory set to: org.springframework.scheduling.quartz.SpringBeanJobFactory@78c3b3ec
2025-09-18 15:57:41 [main] INFO  c.m.b.k.i.Dhis2HeaderFilterConfig - === Configuring DHIS2 Header Filter (Static Test) ===
2025-09-18 15:57:41 [main] INFO  c.m.b.k.i.Dhis2HeaderFilterConfig - DHIS2 Header Filter configured - allowing most headers for testing
2025-09-18 15:57:42 [main] DEBUG o.s.w.s.m.m.a.RequestMappingHandlerMapping - 112 mappings in 'requestMappingHandlerMapping'
2025-09-18 15:57:42 [main] DEBUG o.s.w.s.h.SimpleUrlHandlerMapping - Patterns [/webjars/**, /**, /swagger-ui*/*swagger-initializer.js, /swagger-ui*/**] in 'resourceHandlerMapping'
2025-09-18 15:57:43 [main] DEBUG o.s.w.s.m.m.a.RequestMappingHandlerAdapter - ControllerAdvice beans: 0 @ModelAttribute, 0 @InitBinder, 1 RequestBodyAdvice, 1 ResponseBodyAdvice
2025-09-18 15:57:43 [main] DEBUG o.s.w.s.m.m.a.ExceptionHandlerExceptionResolver - ControllerAdvice beans: 2 @ExceptionHandler, 1 ResponseBodyAdvice
2025-09-18 15:57:46 [main] INFO  o.a.coyote.http11.Http11NioProtocol - Starting ProtocolHandler ["http-nio-8081"]
2025-09-18 15:57:46 [main] INFO  o.a.c.c.s.CamelHttpTransportServlet - Initialized CamelHttpTransportServlet[name=CamelServlet, contextPath=]
2025-09-18 15:57:46 [main] INFO  org.quartz.core.QuartzScheduler - Scheduler quartzScheduler_$_NON_CLUSTERED started.
2025-09-18 15:57:46 [main] INFO  o.a.c.i.engine.AbstractCamelContext - Apache Camel 4.4.0 (camel-1) is starting
2025-09-18 15:57:46 [main] INFO  o.a.c.i.engine.AbstractCamelContext - Routes startup (started:0)
2025-09-18 15:57:46 [main] INFO  o.a.c.i.engine.AbstractCamelContext - Apache Camel 4.4.0 (camel-1) started in 19ms (build:0ms init:0ms start:19ms)
2025-09-18 15:57:46 [main] INFO  c.middleware.MiddlewareApplication - Started MiddlewareApplication in 17.945 seconds (process running for 20.51)
2025-09-18 15:57:46 [scheduling-1] INFO  c.m.b.k.service.DynamicRouteService - Starting route status sync with Camel context
2025-09-18 15:57:46 [main] INFO  c.m.b.k.service.SequenceFixService - Fixing sequence for integration_mapping.id ...
2025-09-18 15:57:46 [main] INFO  c.m.b.k.service.SequenceFixService - Sequence public.integration_mapping_id_seq initialized. setval returned 1
2025-09-18 15:57:46 [main] INFO  c.m.b.k.service.SequenceFixService - Sequence fix done.
2025-09-18 15:57:46 [scheduling-1] INFO  com.middleware.dhis2.Dhis2Component - Dhis2Component initialized.
2025-09-18 15:57:46 [scheduling-1] INFO  com.middleware.dhis2.Dhis2Endpoint - Dhis2Endpoint created for URI: hakeem://process with operation: process
2025-09-18 15:57:46 [scheduling-1] INFO  com.middleware.dhis2.Dhis2Component - Dhis2Service successfully looked up from Camel registry.
2025-09-18 15:57:46 [scheduling-1] INFO  com.middleware.dhis2.Dhis2Component - Created Dhis2Endpoint: hakeem://process
2025-09-18 15:57:47 [RMI TCP Connection(2)-192.168.88.6] INFO  o.a.c.c.C.[Tomcat].[localhost].[/] - Initializing Spring DispatcherServlet 'dispatcherServlet'
2025-09-18 15:57:47 [RMI TCP Connection(2)-192.168.88.6] INFO  o.s.web.servlet.DispatcherServlet - Initializing Servlet 'dispatcherServlet'
2025-09-18 15:57:47 [RMI TCP Connection(2)-192.168.88.6] DEBUG o.s.web.servlet.DispatcherServlet - Detected StandardServletMultipartResolver
2025-09-18 15:57:47 [RMI TCP Connection(2)-192.168.88.6] DEBUG o.s.web.servlet.DispatcherServlet - Detected AcceptHeaderLocaleResolver
2025-09-18 15:57:47 [RMI TCP Connection(2)-192.168.88.6] DEBUG o.s.web.servlet.DispatcherServlet - Detected FixedThemeResolver
2025-09-18 15:57:47 [RMI TCP Connection(2)-192.168.88.6] DEBUG o.s.web.servlet.DispatcherServlet - Detected org.springframework.web.servlet.view.DefaultRequestToViewNameTranslator@6999c848
2025-09-18 15:57:47 [RMI TCP Connection(2)-192.168.88.6] DEBUG o.s.web.servlet.DispatcherServlet - Detected org.springframework.web.servlet.support.SessionFlashMapManager@20295ff2
2025-09-18 15:57:47 [RMI TCP Connection(2)-192.168.88.6] DEBUG o.s.web.servlet.DispatcherServlet - enableLoggingRequestDetails='false': request parameters and headers will be masked to prevent unsafe logging of potentially sensitive data
2025-09-18 15:57:47 [RMI TCP Connection(2)-192.168.88.6] INFO  o.s.web.servlet.DispatcherServlet - Completed initialization in 8 ms
2025-09-18 15:57:47 [scheduling-1] INFO  com.middleware.dhis2.Dhis2Endpoint - Creating Dhis2Producer for endpoint: hakeem://process with operation: process
2025-09-18 15:57:47 [scheduling-1] INFO  c.m.b.k.service.DynamicRouteService - Re-added route dhis2-hakeem-route to context (DB says active)
2025-09-18 15:57:47 [scheduling-1] INFO  c.m.b.k.service.DynamicRouteService - Completed route status sync
2025-09-18 15:58:16 [scheduling-1] INFO  c.m.b.k.service.DynamicRouteService - Starting route status sync with Camel context
2025-09-18 15:58:16 [scheduling-1] INFO  c.m.b.k.service.DynamicRouteService - Completed route status sync
2025-09-18 15:58:26 [http-nio-8081-exec-1] DEBUG o.s.w.f.CommonsRequestLoggingFilter - Before request [POST /api/auth/login, client=0:0:0:0:0:0:0:1]
2025-09-18 15:58:26 [http-nio-8081-exec-1] DEBUG o.s.web.servlet.DispatcherServlet - POST "/api/auth/login", parameters={}
2025-09-18 15:58:26 [http-nio-8081-exec-1] DEBUG o.s.w.s.m.m.a.RequestMappingHandlerMapping - Mapped to com.middleware.backend.users.auth.AuthController#login(AuthRequest)
2025-09-18 15:58:26 [http-nio-8081-exec-1] DEBUG o.s.w.s.m.m.a.RequestResponseBodyMethodProcessor - Read "application/json;charset=UTF-8" to [AuthController.AuthRequest(email=admin@mail.com, password=S123@@31)]
2025-09-18 15:58:26 [http-nio-8081-exec-1] DEBUG o.s.w.s.m.m.a.ExceptionHandlerExceptionResolver - Using @ExceptionHandler com.middleware.backend.exception.GlobalExceptionHandler#handleRuntimeException(RuntimeException)
2025-09-18 15:58:26 [http-nio-8081-exec-1] DEBUG o.s.w.s.m.m.a.HttpEntityMethodProcessor - Using 'application/json', given [*/*] and supported [application/json, application/*+json, application/yaml]
2025-09-18 15:58:26 [http-nio-8081-exec-1] DEBUG o.s.w.s.m.m.a.HttpEntityMethodProcessor - Writing [{message=Bad credentials, timestamp=2025-09-18T15:58:26.841953600}]
2025-09-18 15:58:26 [http-nio-8081-exec-1] DEBUG o.s.w.s.m.m.a.ExceptionHandlerExceptionResolver - Resolved [org.springframework.security.authentication.BadCredentialsException: Bad credentials]
2025-09-18 15:58:26 [http-nio-8081-exec-1] DEBUG o.s.web.servlet.DispatcherServlet - Completed 400 BAD_REQUEST
2025-09-18 15:58:26 [http-nio-8081-exec-1] DEBUG o.s.w.f.CommonsRequestLoggingFilter - After request [POST /api/auth/login, client=0:0:0:0:0:0:0:1, payload={"email":"admin@mail.com","password":"S123@@31"}]
2025-09-18 15:58:32 [http-nio-8081-exec-2] DEBUG o.s.w.f.CommonsRequestLoggingFilter - Before request [POST /api/auth/login, client=0:0:0:0:0:0:0:1]
2025-09-18 15:58:32 [http-nio-8081-exec-2] DEBUG o.s.web.servlet.DispatcherServlet - POST "/api/auth/login", parameters={}
2025-09-18 15:58:32 [http-nio-8081-exec-2] DEBUG o.s.w.s.m.m.a.RequestMappingHandlerMapping - Mapped to com.middleware.backend.users.auth.AuthController#login(AuthRequest)
2025-09-18 15:58:32 [http-nio-8081-exec-2] DEBUG o.s.w.s.m.m.a.RequestResponseBodyMethodProcessor - Read "application/json;charset=UTF-8" to [AuthController.AuthRequest(email=admin@mail.com, password=S123@231)]
2025-09-18 15:58:34 [http-nio-8081-exec-2] DEBUG o.s.w.s.m.m.a.HttpEntityMethodProcessor - Using 'application/json', given [*/*] and supported [application/json, application/*+json, application/yaml]
2025-09-18 15:58:34 [http-nio-8081-exec-2] DEBUG o.s.w.s.m.m.a.HttpEntityMethodProcessor - Writing [AuthController.AuthResponse(token=eyJhbGciOiJIUzI1NiJ9.eyJzdWIiOiJhZG1pbkBtYWlsLmNvbSIsImlhdCI6MTc1O (truncated)...]
2025-09-18 15:58:34 [http-nio-8081-exec-2] DEBUG o.s.web.servlet.DispatcherServlet - Completed 200 OK
2025-09-18 15:58:34 [http-nio-8081-exec-2] DEBUG o.s.w.f.CommonsRequestLoggingFilter - After request [POST /api/auth/login, client=0:0:0:0:0:0:0:1, payload={"email":"admin@mail.com","password":"S123@231"}]
2025-09-18 15:58:43 [http-nio-8081-exec-7] INFO  c.m.b.k.service.DynamicRouteService - Fetching active routes with pagination
2025-09-18 15:58:43 [http-nio-8081-exec-7] DEBUG o.s.w.f.CommonsRequestLoggingFilter - Before request [GET /api/routes/latest?page=0&size=10, client=0:0:0:0:0:0:0:1, user=admin@mail.com]
2025-09-18 15:58:43 [http-nio-8081-exec-7] DEBUG o.s.web.servlet.DispatcherServlet - GET "/api/routes/latest?page=0&size=10", parameters={masked}
2025-09-18 15:58:43 [http-nio-8081-exec-7] DEBUG o.s.w.s.m.m.a.RequestMappingHandlerMapping - Mapped to com.middleware.backend.kaotocamel.controller.DynamicRouteController#getRoutes(String, String, String, String, Boolean, String, String, LocalDateTime, LocalDateTime, String, String, int, int)
2025-09-18 15:58:43 [http-nio-8081-exec-7] WARN  o.s.d.w.c.SpringDataJacksonConfiguration$PageModule$WarningLoggingModifier - Serializing PageImpl instances as-is is not supported, meaning that there is no guarantee about the stability of the resulting JSON structure!
	For a stable JSON structure, please use Spring Data's PagedModel (globally via @EnableSpringDataWebSupport(pageSerializationMode = VIA_DTO))
	or Spring HATEOAS and Spring Data's PagedResourcesAssembler as documented in https://docs.spring.io/spring-data/commons/reference/repositories/core-extensions.html#core.web.pageables.

2025-09-18 15:58:43 [http-nio-8081-exec-7] DEBUG o.s.w.s.m.m.a.HttpEntityMethodProcessor - Using 'application/json', given [*/*] and supported [application/json, application/*+json, application/yaml]
2025-09-18 15:58:43 [http-nio-8081-exec-7] DEBUG o.s.w.s.m.m.a.HttpEntityMethodProcessor - Writing [Page 1 of 1 containing com.middleware.backend.kaotocamel.model.DynamicRouteEntity instances]
2025-09-18 15:58:43 [http-nio-8081-exec-7] DEBUG o.s.web.servlet.DispatcherServlet - Completed 200 OK
2025-09-18 15:58:43 [http-nio-8081-exec-7] DEBUG o.s.w.f.CommonsRequestLoggingFilter - After request [GET /api/routes/latest?page=0&size=10, client=0:0:0:0:0:0:0:1, user=admin@mail.com]
2025-09-18 15:58:46 [scheduling-1] INFO  c.m.b.k.service.DynamicRouteService - Starting route status sync with Camel context
2025-09-18 15:58:46 [scheduling-1] INFO  c.m.b.k.service.DynamicRouteService - Completed route status sync
2025-09-18 15:58:46 [http-nio-8081-exec-8] INFO  c.m.b.k.service.DynamicRouteService - Fetching active routes with pagination
2025-09-18 15:58:46 [http-nio-8081-exec-8] DEBUG o.s.w.f.CommonsRequestLoggingFilter - Before request [GET /api/logs?page=0&size=10&sort=receivedAt%2Cdesc, client=0:0:0:0:0:0:0:1, user=admin@mail.com]
2025-09-18 15:58:46 [http-nio-8081-exec-8] DEBUG o.s.web.servlet.DispatcherServlet - GET "/api/logs?page=0&size=10&sort=receivedAt%2Cdesc", parameters={masked}
2025-09-18 15:58:46 [http-nio-8081-exec-8] DEBUG o.s.w.s.m.m.a.RequestMappingHandlerMapping - Mapped to com.middleware.backend.logging.controller.MiddlewareApiCallLogController#getAll(Map, int, int, String)
2025-09-18 15:58:46 [http-nio-8081-exec-8] DEBUG o.s.w.s.m.m.a.HttpEntityMethodProcessor - Using 'application/json', given [*/*] and supported [application/json, application/*+json, application/yaml]
2025-09-18 15:58:46 [http-nio-8081-exec-8] DEBUG o.s.w.s.m.m.a.HttpEntityMethodProcessor - Writing [Page 1 of 1 containing com.middleware.backend.logging.dto.MiddlewareApiCallLogDto instances]
2025-09-18 15:58:46 [http-nio-8081-exec-8] DEBUG o.s.web.servlet.DispatcherServlet - Completed 200 OK
2025-09-18 15:58:46 [http-nio-8081-exec-8] DEBUG o.s.w.f.CommonsRequestLoggingFilter - After request [GET /api/logs?page=0&size=10&sort=receivedAt%2Cdesc, client=0:0:0:0:0:0:0:1, user=admin@mail.com]
2025-09-18 15:59:16 [scheduling-1] INFO  c.m.b.k.service.DynamicRouteService - Starting route status sync with Camel context
2025-09-18 15:59:16 [scheduling-1] INFO  c.m.b.k.service.DynamicRouteService - Completed route status sync
2025-09-18 15:59:19 [http-nio-8081-exec-10] INFO  c.m.b.k.service.DynamicRouteService - Fetching active routes with pagination
2025-09-18 15:59:19 [http-nio-8081-exec-10] INFO  c.m.b.k.service.DynamicRouteService - Fetching active routes with pagination
2025-09-18 15:59:19 [http-nio-8081-exec-10] DEBUG o.s.w.f.CommonsRequestLoggingFilter - Before request [POST /camel/dhis2/dataset?transactionUUID=57dc5261-4c84-4d39-94a9-2d704372db91&dry-run=false, client=0:0:0:0:0:0:0:1, user=hakeem@mail.com]
2025-09-18 15:59:19 [http-nio-8081-exec-10] INFO  c.m.b.policy.LoggingRoutePolicy - LoggingRoutePolicy.onExchangeBegin: Route [dhis2-hakeem-route] - Incoming exchange: 980923F00043A94-0000000000000000
2025-09-18 15:59:19 [http-nio-8081-exec-10] DEBUG c.m.b.l.s.MiddlewareApiCallLogService - createTransactionSync... creating log for Route [dhis2-hakeem-route] - Exchange content: {CamelCharsetName=UTF-8}
2025-09-18 15:59:19 [http-nio-8081-exec-10] DEBUG c.m.b.l.s.MiddlewareApiCallLogService - UUID validation passed for: 57dc5261-4c84-4d39-94a9-2d704372db91
2025-09-18 15:59:20 [http-nio-8081-exec-10] DEBUG c.m.b.l.s.MiddlewareApiCallLogService - First attempt for new UUID: 57dc5261-4c84-4d39-94a9-2d704372db91
2025-09-18 15:59:20 [http-nio-8081-exec-10] INFO  c.m.b.policy.LoggingRoutePolicy - LoggingRoutePolicy.onExchangeBegin: Route [dhis2-hakeem-route] - call log created with ID 3
2025-09-18 15:59:20 [http-nio-8081-exec-10] INFO  com.middleware.dhis2.Dhis2Producer - Processing DHIS2 operation: process
2025-09-18 15:59:20 [http-nio-8081-exec-10] INFO  com.middleware.dhis2.Dhis2Producer - Built request - scheme=CODE, strategy=NEW_AND_UPDATES, dryRun=false
2025-09-18 15:59:20 [http-nio-8081-exec-10] INFO  c.m.b.c.Dhis2ComponentConfiguration - Starting complete DHIS2 processing pipeline
2025-09-18 15:59:20 [http-nio-8081-exec-10] INFO  c.m.b.c.Dhis2ComponentConfiguration - Executing CSV Guard validation with actual logic
2025-09-18 15:59:20 [http-nio-8081-exec-10] INFO  c.m.b.k.integrationBeans.CsvGuard - === CSV Guard Processing ===
2025-09-18 15:59:20 [http-nio-8081-exec-10] INFO  c.m.b.k.integrationBeans.CsvGuard - CSV Guard OK — bytes=7942, scheme=CODE, strategy=NEW_AND_UPDATES, dryRun=false, qBase=async=false&preheatCache=false&skipAudit=false&skipExistingCheck=false&firstRowIsHeader=true&strategy=NEW_AND_UPDATES&dataElementIdScheme=CODE&orgUnitIdScheme=CODE&categoryOptionComboIdScheme=CODE&attributeOptionComboIdScheme=CODE&idScheme=CODE
2025-09-18 15:59:20 [http-nio-8081-exec-10] INFO  c.m.b.k.integrationBeans.CsvGuard - === CSV Guard Processing ===
2025-09-18 15:59:20 [http-nio-8081-exec-10] INFO  c.m.b.k.integrationBeans.CsvGuard - CSV Guard OK — bytes=7942, scheme=CODE, strategy=NEW_AND_UPDATES, dryRun=false, qBase=async=false&preheatCache=false&skipAudit=false&skipExistingCheck=false&firstRowIsHeader=true&strategy=NEW_AND_UPDATES&dataElementIdScheme=CODE&orgUnitIdScheme=CODE&categoryOptionComboIdScheme=CODE&attributeOptionComboIdScheme=CODE&idScheme=CODE
2025-09-18 15:59:20 [http-nio-8081-exec-10] INFO  c.m.b.c.Dhis2ComponentConfiguration - Executing CSV upload with actual DHIS2 logic
2025-09-18 15:59:20 [http-nio-8081-exec-10] INFO  c.m.b.k.i.Dhis2CsvDryRunThenCommit - === DHIS2 CSV Upload Starting ===
2025-09-18 15:59:20 [http-nio-8081-exec-10] INFO  c.m.b.k.i.Dhis2CsvDryRunThenCommit - CSV size=7942 bytes, dryRunMode=false
2025-09-18 15:59:20 [http-nio-8081-exec-10] INFO  c.m.b.k.i.Dhis2CsvDryRunThenCommit - Calling DHIS2 https://hmis-dev.moh.gov.jo/dwh/api/dataValueSets?dryRun=false&async=false&preheatCache=false&skipAudit=false&skipExistingCheck=false&firstRowIsHeader=true&strategy=NEW_AND_UPDATES&dataElementIdScheme=CODE&orgUnitIdScheme=CODE&categoryOptionComboIdScheme=CODE&attributeOptionComboIdScheme=CODE&idScheme=CODE
2025-09-18 15:59:20 [http-nio-8081-exec-10] INFO  c.m.b.k.i.Dhis2CsvDryRunThenCommit - Direct import httpCode=409, bodyPreview={"httpStatus":"Conflict","httpStatusCode":409,"status":"WARNING","message":"One more conflicts encountered, please check import summary.","response":{"responseType":"ImportSummary","status":"WARNING",
2025-09-18 15:59:20 [http-nio-8081-exec-10] DEBUG o.s.w.f.CommonsRequestLoggingFilter - After request [POST /camel/dhis2/dataset?transactionUUID=57dc5261-4c84-4d39-94a9-2d704372db91&dry-run=false, client=0:0:0:0:0:0:0:1, user=hakeem@mail.com, payload=dataelement,period,orgunit,categoryoptioncombo,attributeoptioncombo,value,storedby,lastupdated,comment,followup,deleted
DE_19,202505,OU_559,COC_289,default,2,admin,2013-09-30T00:00:00.000+0000,,FALSE,null
DE_19,202505,OU_559,COC_290,default,2,bodata1,2010-06-10T00:00:00.000+0000,,FALSE,null
DE_19,2505,OU_559,COC_291,default,2,system,2014-06-23T00:00:00.000+0000,,FALSE,null
DE_20,202505,OU_559,COC_289,default,2,admin,2013-09-30T00:00:00.000+0000,,FALSE,null
DE_20,202505,OU_559,COC_290,default,2,bodata1,2010-06-10T00:00:00.000+0000,,FALSE,null
DE_20,202505,OU_559,COC_291,default,2,system,2014-06-23T00:00:00.000+0000,,FALSE,null
DE_21,202505,OU_559,COC_289,default,2,admin,2013-09-30T00:00:00.000+0000,,FALSE,null
DE_21,202505,OU_559,COC_290,default,2,system,2014-06-23T00:00:00.000+0000,,FALSE,null
DE_21,202505,OU_559,COC_292,default,2,bodata1,2010-06-10T00:00:00.000+0000,,FALSE,null
DE_22,202505,OU_559,COC_292,default,2,bodata1,2010-06-10T00:00:00.000+0000,,FALSE,null
DE_23,2025]
2025-09-18 15:59:20 [task-1] DEBUG c.m.b.l.s.MiddlewareApiCallLogService - updateTransaction... updating Route [servlet:/dhis2/dataset?httpMethodRestrict=POST] - Exchange content: {transactionUUID=57dc5261-4c84-4d39-94a9-2d704372db91, CamelCharsetName=UTF-8, CamelToEndpoint=hakeem://process, apiLogId=3}
2025-09-18 15:59:20 [task-1] INFO  c.m.b.l.s.MiddlewareApiCallLogService - Transaction 7b82c2e6-958b-4081-bbe3-035545ef700f for routeId: dhis2-hakeem-route updated successfully: status=COMPLETED, responseCode=409
2025-09-18 15:59:28 [http-nio-8081-exec-1] INFO  c.m.b.k.service.DynamicRouteService - Fetching active routes with pagination
2025-09-18 15:59:28 [http-nio-8081-exec-1] INFO  c.m.b.k.service.DynamicRouteService - Fetching active routes with pagination
2025-09-18 15:59:28 [http-nio-8081-exec-1] DEBUG o.s.w.f.CommonsRequestLoggingFilter - Before request [POST /camel/dhis2/dataset?transactionUUID=36a0ac26-33a3-47ba-81a4-61ef81c78f8a&dry-run=false, client=0:0:0:0:0:0:0:1, user=hakeem@mail.com]
2025-09-18 15:59:28 [http-nio-8081-exec-1] INFO  c.m.b.policy.LoggingRoutePolicy - LoggingRoutePolicy.onExchangeBegin: Route [dhis2-hakeem-route] - Incoming exchange: 980923F00043A94-0000000000000001
2025-09-18 15:59:28 [http-nio-8081-exec-1] DEBUG c.m.b.l.s.MiddlewareApiCallLogService - createTransactionSync... creating log for Route [dhis2-hakeem-route] - Exchange content: {CamelCharsetName=UTF-8}
2025-09-18 15:59:28 [http-nio-8081-exec-1] DEBUG c.m.b.l.s.MiddlewareApiCallLogService - UUID validation passed for: 36a0ac26-33a3-47ba-81a4-61ef81c78f8a
2025-09-18 15:59:28 [http-nio-8081-exec-1] DEBUG c.m.b.l.s.MiddlewareApiCallLogService - First attempt for new UUID: 36a0ac26-33a3-47ba-81a4-61ef81c78f8a
2025-09-18 15:59:28 [http-nio-8081-exec-1] INFO  c.m.b.policy.LoggingRoutePolicy - LoggingRoutePolicy.onExchangeBegin: Route [dhis2-hakeem-route] - call log created with ID 4
2025-09-18 15:59:28 [http-nio-8081-exec-1] INFO  com.middleware.dhis2.Dhis2Producer - Processing DHIS2 operation: process
2025-09-18 15:59:28 [http-nio-8081-exec-1] INFO  com.middleware.dhis2.Dhis2Producer - Built request - scheme=CODE, strategy=NEW_AND_UPDATES, dryRun=false
2025-09-18 15:59:28 [http-nio-8081-exec-1] INFO  c.m.b.c.Dhis2ComponentConfiguration - Starting complete DHIS2 processing pipeline
2025-09-18 15:59:28 [http-nio-8081-exec-1] INFO  c.m.b.c.Dhis2ComponentConfiguration - Executing CSV Guard validation with actual logic
2025-09-18 15:59:28 [http-nio-8081-exec-1] INFO  c.m.b.k.integrationBeans.CsvGuard - === CSV Guard Processing ===
2025-09-18 15:59:28 [http-nio-8081-exec-1] INFO  c.m.b.k.integrationBeans.CsvGuard - CSV Guard OK — bytes=7946, scheme=CODE, strategy=NEW_AND_UPDATES, dryRun=false, qBase=async=false&preheatCache=false&skipAudit=false&skipExistingCheck=false&firstRowIsHeader=true&strategy=NEW_AND_UPDATES&dataElementIdScheme=CODE&orgUnitIdScheme=CODE&categoryOptionComboIdScheme=CODE&attributeOptionComboIdScheme=CODE&idScheme=CODE
2025-09-18 15:59:28 [http-nio-8081-exec-1] INFO  c.m.b.k.integrationBeans.CsvGuard - === CSV Guard Processing ===
2025-09-18 15:59:28 [http-nio-8081-exec-1] INFO  c.m.b.k.integrationBeans.CsvGuard - CSV Guard OK — bytes=7946, scheme=CODE, strategy=NEW_AND_UPDATES, dryRun=false, qBase=async=false&preheatCache=false&skipAudit=false&skipExistingCheck=false&firstRowIsHeader=true&strategy=NEW_AND_UPDATES&dataElementIdScheme=CODE&orgUnitIdScheme=CODE&categoryOptionComboIdScheme=CODE&attributeOptionComboIdScheme=CODE&idScheme=CODE
2025-09-18 15:59:28 [http-nio-8081-exec-1] INFO  c.m.b.c.Dhis2ComponentConfiguration - Executing CSV upload with actual DHIS2 logic
2025-09-18 15:59:28 [http-nio-8081-exec-1] INFO  c.m.b.k.i.Dhis2CsvDryRunThenCommit - === DHIS2 CSV Upload Starting ===
2025-09-18 15:59:28 [http-nio-8081-exec-1] INFO  c.m.b.k.i.Dhis2CsvDryRunThenCommit - CSV size=7946 bytes, dryRunMode=false
2025-09-18 15:59:29 [http-nio-8081-exec-1] INFO  c.m.b.k.i.Dhis2CsvDryRunThenCommit - Calling DHIS2 https://hmis-dev.moh.gov.jo/dwh/api/dataValueSets?dryRun=false&async=false&preheatCache=false&skipAudit=false&skipExistingCheck=false&firstRowIsHeader=true&strategy=NEW_AND_UPDATES&dataElementIdScheme=CODE&orgUnitIdScheme=CODE&categoryOptionComboIdScheme=CODE&attributeOptionComboIdScheme=CODE&idScheme=CODE
2025-09-18 15:59:29 [http-nio-8081-exec-1] INFO  c.m.b.k.i.Dhis2CsvDryRunThenCommit - Direct import httpCode=409, bodyPreview={"httpStatus":"Conflict","httpStatusCode":409,"status":"WARNING","message":"One more conflicts encountered, please check import summary.","response":{"responseType":"ImportSummary","status":"WARNING",
2025-09-18 15:59:29 [http-nio-8081-exec-1] DEBUG o.s.w.f.CommonsRequestLoggingFilter - After request [POST /camel/dhis2/dataset?transactionUUID=36a0ac26-33a3-47ba-81a4-61ef81c78f8a&dry-run=false, client=0:0:0:0:0:0:0:1, user=hakeem@mail.com, payload=dataelement,period,orgunit,categoryoptioncombo,attributeoptioncombo,value,storedby,lastupdated,comment,followup,deleted
DE_19,202505,OU_559,COC_289,default,1,admin,2013-09-30T00:00:00.000+0000,,FALSE,null
DE_19,202505,OU_559,COC_290,default,1,bodata1,2010-06-10T00:00:00.000+0000,,FALSE,null
DE_19,202505,OU_559,COC_291,default,1,system,2014-06-23T00:00:00.000+0000,,FALSE,null
DE_20,202505,OU_559,COC_289,default,1,admin,2013-09-30T00:00:00.000+0000,,FALSE,null
DE_20,202505,OU_559,COC_290,default,1,bodata1,2010-06-10T00:00:00.000+0000,,FALSE,null
DE_20,202505,OU_559,COC_291,default,1,system,2014-06-23T00:00:00.000+0000,,FALSE,null
DE_21,202505,OU_559,COC_289,default,1,admin,2013-09-30T00:00:00.000+0000,,FALSE,null
DE_21,202505,OU_559,COC_290,default,1,system,2014-06-23T00:00:00.000+0000,,FALSE,null
DE_21,202505,OU_559,COC_292,default,1,bodata1,2010-06-10T00:00:00.000+0000,,FALSE,null
DE_22,202505,OU_559,COC_292,default,1,bodata1,2010-06-10T00:00:00.000+0000,,FALSE,null
DE_23,20]
2025-09-18 15:59:29 [task-2] DEBUG c.m.b.l.s.MiddlewareApiCallLogService - updateTransaction... updating Route [servlet:/dhis2/dataset?httpMethodRestrict=POST] - Exchange content: {transactionUUID=36a0ac26-33a3-47ba-81a4-61ef81c78f8a, CamelCharsetName=UTF-8, CamelToEndpoint=hakeem://process, apiLogId=4}
2025-09-18 15:59:29 [task-2] INFO  c.m.b.l.s.MiddlewareApiCallLogService - Transaction d794b118-6a11-40a1-beb4-198145f584e1 for routeId: dhis2-hakeem-route updated successfully: status=COMPLETED, responseCode=409
2025-09-18 15:59:35 [http-nio-8081-exec-2] INFO  c.m.b.k.service.DynamicRouteService - Fetching active routes with pagination
2025-09-18 15:59:35 [http-nio-8081-exec-2] INFO  c.m.b.k.service.DynamicRouteService - Fetching active routes with pagination
2025-09-18 15:59:35 [http-nio-8081-exec-2] DEBUG o.s.w.f.CommonsRequestLoggingFilter - Before request [POST /camel/dhis2/dataset?transactionUUID=2ee5b862-a989-49bc-be61-a9acb62cd24d, client=0:0:0:0:0:0:0:1, user=hakeem@mail.com]
2025-09-18 15:59:35 [http-nio-8081-exec-2] INFO  c.m.b.policy.LoggingRoutePolicy - LoggingRoutePolicy.onExchangeBegin: Route [dhis2-hakeem-route] - Incoming exchange: 980923F00043A94-0000000000000002
2025-09-18 15:59:35 [http-nio-8081-exec-2] DEBUG c.m.b.l.s.MiddlewareApiCallLogService - createTransactionSync... creating log for Route [dhis2-hakeem-route] - Exchange content: {CamelCharsetName=UTF-8}
2025-09-18 15:59:35 [http-nio-8081-exec-2] DEBUG c.m.b.l.s.MiddlewareApiCallLogService - UUID validation passed for: 2ee5b862-a989-49bc-be61-a9acb62cd24d
2025-09-18 15:59:35 [http-nio-8081-exec-2] DEBUG c.m.b.l.s.MiddlewareApiCallLogService - First attempt for new UUID: 2ee5b862-a989-49bc-be61-a9acb62cd24d
2025-09-18 15:59:35 [http-nio-8081-exec-2] INFO  c.m.b.policy.LoggingRoutePolicy - LoggingRoutePolicy.onExchangeBegin: Route [dhis2-hakeem-route] - call log created with ID 5
2025-09-18 15:59:35 [http-nio-8081-exec-2] INFO  com.middleware.dhis2.Dhis2Producer - Processing DHIS2 operation: process
2025-09-18 15:59:35 [http-nio-8081-exec-2] INFO  com.middleware.dhis2.Dhis2Producer - Built request - scheme=CODE, strategy=NEW_AND_UPDATES, dryRun=true
2025-09-18 15:59:35 [http-nio-8081-exec-2] INFO  c.m.b.c.Dhis2ComponentConfiguration - Starting complete DHIS2 processing pipeline
2025-09-18 15:59:35 [http-nio-8081-exec-2] INFO  c.m.b.c.Dhis2ComponentConfiguration - Executing CSV Guard validation with actual logic
2025-09-18 15:59:35 [http-nio-8081-exec-2] INFO  c.m.b.k.integrationBeans.CsvGuard - === CSV Guard Processing ===
2025-09-18 15:59:35 [http-nio-8081-exec-2] INFO  c.m.b.k.integrationBeans.CsvGuard - CSV Guard OK — bytes=7946, scheme=CODE, strategy=NEW_AND_UPDATES, dryRun=true, qBase=async=false&preheatCache=false&skipAudit=false&skipExistingCheck=false&firstRowIsHeader=true&strategy=NEW_AND_UPDATES&dataElementIdScheme=CODE&orgUnitIdScheme=CODE&categoryOptionComboIdScheme=CODE&attributeOptionComboIdScheme=CODE&idScheme=CODE
2025-09-18 15:59:35 [http-nio-8081-exec-2] INFO  c.m.b.k.integrationBeans.CsvGuard - === CSV Guard Processing ===
2025-09-18 15:59:35 [http-nio-8081-exec-2] INFO  c.m.b.k.integrationBeans.CsvGuard - CSV Guard OK — bytes=7946, scheme=CODE, strategy=NEW_AND_UPDATES, dryRun=true, qBase=async=false&preheatCache=false&skipAudit=false&skipExistingCheck=false&firstRowIsHeader=true&strategy=NEW_AND_UPDATES&dataElementIdScheme=CODE&orgUnitIdScheme=CODE&categoryOptionComboIdScheme=CODE&attributeOptionComboIdScheme=CODE&idScheme=CODE
2025-09-18 15:59:35 [http-nio-8081-exec-2] INFO  c.m.b.c.Dhis2ComponentConfiguration - Executing CSV upload with actual DHIS2 logic
2025-09-18 15:59:35 [http-nio-8081-exec-2] INFO  c.m.b.k.i.Dhis2CsvDryRunThenCommit - === DHIS2 CSV Upload Starting ===
2025-09-18 15:59:35 [http-nio-8081-exec-2] INFO  c.m.b.k.i.Dhis2CsvDryRunThenCommit - CSV size=7946 bytes, dryRunMode=true
2025-09-18 15:59:35 [http-nio-8081-exec-2] INFO  c.m.b.k.i.Dhis2CsvDryRunThenCommit - Calling DHIS2 https://hmis-dev.moh.gov.jo/dwh/api/dataValueSets?dryRun=true&async=false&preheatCache=false&skipAudit=false&skipExistingCheck=false&firstRowIsHeader=true&strategy=NEW_AND_UPDATES&dataElementIdScheme=CODE&orgUnitIdScheme=CODE&categoryOptionComboIdScheme=CODE&attributeOptionComboIdScheme=CODE&idScheme=CODE
2025-09-18 15:59:36 [http-nio-8081-exec-2] INFO  c.m.b.k.i.Dhis2CsvDryRunThenCommit - Dry-run httpCode=409, bodyPreview={"httpStatus":"Conflict","httpStatusCode":409,"status":"WARNING","message":"One more conflicts encountered, please check import summary.","response":{"responseType":"ImportSummary","status":"WARNING",
2025-09-18 15:59:36 [http-nio-8081-exec-2] WARN  c.m.b.k.i.Dhis2CsvDryRunThenCommit - Dry-run conflicts detected — stopping before commit
2025-09-18 15:59:36 [http-nio-8081-exec-2] DEBUG o.s.w.f.CommonsRequestLoggingFilter - After request [POST /camel/dhis2/dataset?transactionUUID=2ee5b862-a989-49bc-be61-a9acb62cd24d, client=0:0:0:0:0:0:0:1, user=hakeem@mail.com, payload=dataelement,period,orgunit,categoryoptioncombo,attributeoptioncombo,value,storedby,lastupdated,comment,followup,deleted
DE_19,202505,OU_559,COC_289,default,1,admin,2013-09-30T00:00:00.000+0000,,FALSE,null
DE_19,202505,OU_559,COC_290,default,1,bodata1,2010-06-10T00:00:00.000+0000,,FALSE,null
DE_19,202505,OU_559,COC_291,default,1,system,2014-06-23T00:00:00.000+0000,,FALSE,null
DE_20,202505,OU_559,COC_289,default,1,admin,2013-09-30T00:00:00.000+0000,,FALSE,null
DE_20,202505,OU_559,COC_290,default,1,bodata1,2010-06-10T00:00:00.000+0000,,FALSE,null
DE_20,202505,OU_559,COC_291,default,1,system,2014-06-23T00:00:00.000+0000,,FALSE,null
DE_21,202505,OU_559,COC_289,default,1,admin,2013-09-30T00:00:00.000+0000,,FALSE,null
DE_21,202505,OU_559,COC_290,default,1,system,2014-06-23T00:00:00.000+0000,,FALSE,null
DE_21,202505,OU_559,COC_292,default,1,bodata1,2010-06-10T00:00:00.000+0000,,FALSE,null
DE_22,202505,OU_559,COC_292,default,1,bodata1,2010-06-10T00:00:00.000+0000,,FALSE,null
DE_23,20]
2025-09-18 15:59:36 [task-3] DEBUG c.m.b.l.s.MiddlewareApiCallLogService - updateTransaction... updating Route [servlet:/dhis2/dataset?httpMethodRestrict=POST] - Exchange content: {transactionUUID=2ee5b862-a989-49bc-be61-a9acb62cd24d, CamelCharsetName=UTF-8, CamelToEndpoint=hakeem://process, apiLogId=5}
2025-09-18 15:59:36 [task-3] INFO  c.m.b.l.s.MiddlewareApiCallLogService - Transaction 8f8cf0ee-7c84-48df-bb47-793581572cd0 for routeId: dhis2-hakeem-route updated successfully: status=COMPLETED, responseCode=409
2025-09-18 15:59:37 [http-nio-8081-exec-4] INFO  c.m.b.k.service.DynamicRouteService - Fetching active routes with pagination
2025-09-18 15:59:37 [http-nio-8081-exec-4] DEBUG o.s.w.f.CommonsRequestLoggingFilter - Before request [GET /api/logs?page=0&size=10&sort=receivedAt%2Cdesc, client=0:0:0:0:0:0:0:1, user=admin@mail.com]
2025-09-18 15:59:37 [http-nio-8081-exec-4] DEBUG o.s.web.servlet.DispatcherServlet - GET "/api/logs?page=0&size=10&sort=receivedAt%2Cdesc", parameters={masked}
2025-09-18 15:59:37 [http-nio-8081-exec-4] DEBUG o.s.w.s.m.m.a.RequestMappingHandlerMapping - Mapped to com.middleware.backend.logging.controller.MiddlewareApiCallLogController#getAll(Map, int, int, String)
2025-09-18 15:59:37 [http-nio-8081-exec-4] DEBUG o.s.w.s.m.m.a.HttpEntityMethodProcessor - Using 'application/json', given [*/*] and supported [application/json, application/*+json, application/yaml]
2025-09-18 15:59:37 [http-nio-8081-exec-4] DEBUG o.s.w.s.m.m.a.HttpEntityMethodProcessor - Writing [Page 1 of 1 containing com.middleware.backend.logging.dto.MiddlewareApiCallLogDto instances]
2025-09-18 15:59:37 [http-nio-8081-exec-4] DEBUG o.s.web.servlet.DispatcherServlet - Completed 200 OK
2025-09-18 15:59:37 [http-nio-8081-exec-4] DEBUG o.s.w.f.CommonsRequestLoggingFilter - After request [GET /api/logs?page=0&size=10&sort=receivedAt%2Cdesc, client=0:0:0:0:0:0:0:1, user=admin@mail.com]
2025-09-18 15:59:46 [scheduling-1] INFO  c.m.b.k.service.DynamicRouteService - Starting route status sync with Camel context
2025-09-18 15:59:46 [scheduling-1] INFO  c.m.b.k.service.DynamicRouteService - Completed route status sync
2025-09-18 16:00:05 [http-nio-8081-exec-6] INFO  c.m.b.k.service.DynamicRouteService - Fetching active routes with pagination
2025-09-18 16:00:06 [http-nio-8081-exec-6] DEBUG o.s.w.f.CommonsRequestLoggingFilter - Before request [GET /api/scheduledjobs?page=0&size=10&sortedBy=updatedAt&sortDirection=desc, client=0:0:0:0:0:0:0:1, user=admin@mail.com]
2025-09-18 16:00:06 [http-nio-8081-exec-6] DEBUG o.s.web.servlet.DispatcherServlet - GET "/api/scheduledjobs?page=0&size=10&sortedBy=updatedAt&sortDirection=desc", parameters={masked}
2025-09-18 16:00:06 [http-nio-8081-exec-6] DEBUG o.s.w.s.m.m.a.RequestMappingHandlerMapping - Mapped to com.middleware.backend.scheduledJobs.controller.ScheduledJobsController#getAll(String, String, String, Boolean, String, String, int, int)
2025-09-18 16:00:06 [http-nio-8081-exec-6] DEBUG o.s.w.s.m.m.a.HttpEntityMethodProcessor - Using 'application/json', given [application/json, text/javascript, */*;q=0.01] and supported [application/json, application/*+json, application/yaml]
2025-09-18 16:00:06 [http-nio-8081-exec-6] DEBUG o.s.w.s.m.m.a.HttpEntityMethodProcessor - Writing [Page 1 of 0 containing UNKNOWN instances]
2025-09-18 16:00:06 [http-nio-8081-exec-6] DEBUG o.s.web.servlet.DispatcherServlet - Completed 200 OK
2025-09-18 16:00:06 [http-nio-8081-exec-6] DEBUG o.s.w.f.CommonsRequestLoggingFilter - After request [GET /api/scheduledjobs?page=0&size=10&sortedBy=updatedAt&sortDirection=desc, client=0:0:0:0:0:0:0:1, user=admin@mail.com]
2025-09-18 16:00:13 [http-nio-8081-exec-9] INFO  c.m.b.k.service.DynamicRouteService - Fetching active routes with pagination
2025-09-18 16:00:13 [http-nio-8081-exec-9] DEBUG o.s.w.f.CommonsRequestLoggingFilter - Before request [GET /api/dhis2, client=0:0:0:0:0:0:0:1, user=admin@mail.com]
2025-09-18 16:00:13 [http-nio-8081-exec-9] DEBUG o.s.web.servlet.DispatcherServlet - GET "/api/dhis2", parameters={}
2025-09-18 16:00:13 [http-nio-8081-exec-9] DEBUG o.s.w.s.m.m.a.RequestMappingHandlerMapping - Mapped to com.middleware.backend.system_settings.controller.Dhis2Controller#getSettings()
2025-09-18 16:00:13 [http-nio-8081-exec-9] DEBUG o.s.w.s.m.m.a.HttpEntityMethodProcessor - Using 'application/json', given [*/*] and supported [application/json, application/*+json, application/yaml]
2025-09-18 16:00:13 [http-nio-8081-exec-9] DEBUG o.s.w.s.m.m.a.HttpEntityMethodProcessor - Writing [Dhis2Dto(baseUrl=hmis-dev.moh.gov.jo/dwh, userName=supp_user, password=F^*+(<2:&!^.L7:6GTtfP7>2<:6)@ (truncated)...]
2025-09-18 16:00:13 [http-nio-8081-exec-9] DEBUG o.s.web.servlet.DispatcherServlet - Completed 200 OK
2025-09-18 16:00:13 [http-nio-8081-exec-9] DEBUG o.s.w.f.CommonsRequestLoggingFilter - After request [GET /api/dhis2, client=0:0:0:0:0:0:0:1, user=admin@mail.com]
2025-09-18 16:00:16 [scheduling-1] INFO  c.m.b.k.service.DynamicRouteService - Starting route status sync with Camel context
2025-09-18 16:00:16 [scheduling-1] INFO  c.m.b.k.service.DynamicRouteService - Completed route status sync
2025-09-18 16:00:38 [http-nio-8081-exec-2] INFO  c.m.b.k.service.DynamicRouteService - Fetching active routes with pagination
2025-09-18 16:00:38 [http-nio-8081-exec-2] DEBUG o.s.w.f.CommonsRequestLoggingFilter - Before request [PATCH /api/dhis2, client=0:0:0:0:0:0:0:1, user=admin@mail.com]
2025-09-18 16:00:38 [http-nio-8081-exec-2] DEBUG o.s.web.servlet.DispatcherServlet - PATCH "/api/dhis2", parameters={}
2025-09-18 16:00:38 [http-nio-8081-exec-2] DEBUG o.s.w.s.m.m.a.RequestMappingHandlerMapping - Mapped to com.middleware.backend.system_settings.controller.Dhis2Controller#updateSettings(Dhis2Dto)
2025-09-18 16:00:38 [http-nio-8081-exec-2] DEBUG o.s.w.s.m.m.a.RequestResponseBodyMethodProcessor - Read "application/json;charset=UTF-8" to [Dhis2Dto(baseUrl=play.im.dhis2.org/stable-2-41-5, userName=admin, password=district, timeout=30000,  (truncated)...]
2025-09-18 16:00:39 [http-nio-8081-exec-2] DEBUG o.s.w.s.m.m.a.HttpEntityMethodProcessor - Using 'application/json', given [*/*] and supported [application/json, application/*+json, application/yaml]
2025-09-18 16:00:39 [http-nio-8081-exec-2] DEBUG o.s.w.s.m.m.a.HttpEntityMethodProcessor - Writing [Dhis2Dto(baseUrl=play.im.dhis2.org/stable-2-41-5, userName=admin, password=district, timeout=30000,  (truncated)...]
2025-09-18 16:00:39 [http-nio-8081-exec-2] DEBUG o.s.web.servlet.DispatcherServlet - Completed 200 OK
2025-09-18 16:00:39 [http-nio-8081-exec-2] DEBUG o.s.w.f.CommonsRequestLoggingFilter - After request [PATCH /api/dhis2, client=0:0:0:0:0:0:0:1, user=admin@mail.com, payload={"baseUrl":"play.im.dhis2.org/stable-2-41-5","userName":"admin","password":"district","timeout":30000,"connectTimeout":10000}]
2025-09-18 16:00:41 [http-nio-8081-exec-7] INFO  c.m.b.k.service.DynamicRouteService - Fetching active routes with pagination
2025-09-18 16:00:41 [http-nio-8081-exec-7] INFO  c.m.b.k.service.DynamicRouteService - Fetching active routes with pagination
2025-09-18 16:00:41 [http-nio-8081-exec-7] DEBUG o.s.w.f.CommonsRequestLoggingFilter - Before request [POST /camel/dhis2/dataset?transactionUUID=c0928e6b-743c-4715-9553-53b811c892d5, client=0:0:0:0:0:0:0:1, user=hakeem@mail.com]
2025-09-18 16:00:41 [http-nio-8081-exec-7] INFO  c.m.b.policy.LoggingRoutePolicy - LoggingRoutePolicy.onExchangeBegin: Route [dhis2-hakeem-route] - Incoming exchange: 980923F00043A94-0000000000000003
2025-09-18 16:00:41 [http-nio-8081-exec-7] DEBUG c.m.b.l.s.MiddlewareApiCallLogService - createTransactionSync... creating log for Route [dhis2-hakeem-route] - Exchange content: {CamelCharsetName=UTF-8}
2025-09-18 16:00:41 [http-nio-8081-exec-7] DEBUG c.m.b.l.s.MiddlewareApiCallLogService - UUID validation passed for: c0928e6b-743c-4715-9553-53b811c892d5
2025-09-18 16:00:41 [http-nio-8081-exec-7] DEBUG c.m.b.l.s.MiddlewareApiCallLogService - First attempt for new UUID: c0928e6b-743c-4715-9553-53b811c892d5
2025-09-18 16:00:41 [http-nio-8081-exec-7] INFO  c.m.b.policy.LoggingRoutePolicy - LoggingRoutePolicy.onExchangeBegin: Route [dhis2-hakeem-route] - call log created with ID 6
2025-09-18 16:00:41 [http-nio-8081-exec-7] INFO  com.middleware.dhis2.Dhis2Producer - Processing DHIS2 operation: process
2025-09-18 16:00:41 [http-nio-8081-exec-7] INFO  com.middleware.dhis2.Dhis2Producer - Built request - scheme=CODE, strategy=NEW_AND_UPDATES, dryRun=true
2025-09-18 16:00:41 [http-nio-8081-exec-7] INFO  c.m.b.c.Dhis2ComponentConfiguration - Starting complete DHIS2 processing pipeline
2025-09-18 16:00:41 [http-nio-8081-exec-7] INFO  c.m.b.c.Dhis2ComponentConfiguration - Executing CSV Guard validation with actual logic
2025-09-18 16:00:41 [http-nio-8081-exec-7] INFO  c.m.b.k.integrationBeans.CsvGuard - === CSV Guard Processing ===
2025-09-18 16:00:41 [http-nio-8081-exec-7] INFO  c.m.b.k.integrationBeans.CsvGuard - CSV Guard OK — bytes=7946, scheme=CODE, strategy=NEW_AND_UPDATES, dryRun=true, qBase=async=false&preheatCache=false&skipAudit=false&skipExistingCheck=false&firstRowIsHeader=true&strategy=NEW_AND_UPDATES&dataElementIdScheme=CODE&orgUnitIdScheme=CODE&categoryOptionComboIdScheme=CODE&attributeOptionComboIdScheme=CODE&idScheme=CODE
2025-09-18 16:00:41 [http-nio-8081-exec-7] INFO  c.m.b.k.integrationBeans.CsvGuard - === CSV Guard Processing ===
2025-09-18 16:00:41 [http-nio-8081-exec-7] INFO  c.m.b.k.integrationBeans.CsvGuard - CSV Guard OK — bytes=7946, scheme=CODE, strategy=NEW_AND_UPDATES, dryRun=true, qBase=async=false&preheatCache=false&skipAudit=false&skipExistingCheck=false&firstRowIsHeader=true&strategy=NEW_AND_UPDATES&dataElementIdScheme=CODE&orgUnitIdScheme=CODE&categoryOptionComboIdScheme=CODE&attributeOptionComboIdScheme=CODE&idScheme=CODE
2025-09-18 16:00:41 [http-nio-8081-exec-7] INFO  c.m.b.c.Dhis2ComponentConfiguration - Executing CSV upload with actual DHIS2 logic
2025-09-18 16:00:41 [http-nio-8081-exec-7] INFO  c.m.b.k.i.Dhis2CsvDryRunThenCommit - === DHIS2 CSV Upload Starting ===
2025-09-18 16:00:41 [http-nio-8081-exec-7] INFO  c.m.b.k.i.Dhis2CsvDryRunThenCommit - CSV size=7946 bytes, dryRunMode=true
2025-09-18 16:00:42 [http-nio-8081-exec-7] INFO  c.m.b.k.i.Dhis2CsvDryRunThenCommit - Calling DHIS2 https://play.im.dhis2.org/stable-2-41-5/api/dataValueSets?dryRun=true&async=false&preheatCache=false&skipAudit=false&skipExistingCheck=false&firstRowIsHeader=true&strategy=NEW_AND_UPDATES&dataElementIdScheme=CODE&orgUnitIdScheme=CODE&categoryOptionComboIdScheme=CODE&attributeOptionComboIdScheme=CODE&idScheme=CODE
2025-09-18 16:00:43 [http-nio-8081-exec-7] INFO  c.m.b.k.i.Dhis2CsvDryRunThenCommit - Dry-run httpCode=200, bodyPreview={"httpStatus":"OK","httpStatusCode":200,"status":"OK","message":"Import was successful.","response":{"responseType":"ImportSummary","status":"SUCCESS","importOptions":{"idSchemes":{"idScheme":{"type":
2025-09-18 16:00:43 [http-nio-8081-exec-7] INFO  c.m.b.k.i.Dhis2CsvDryRunThenCommit - Calling DHIS2 https://play.im.dhis2.org/stable-2-41-5/api/dataValueSets?dryRun=false&async=false&preheatCache=false&skipAudit=false&skipExistingCheck=false&firstRowIsHeader=true&strategy=NEW_AND_UPDATES&dataElementIdScheme=CODE&orgUnitIdScheme=CODE&categoryOptionComboIdScheme=CODE&attributeOptionComboIdScheme=CODE&idScheme=CODE
2025-09-18 16:00:44 [http-nio-8081-exec-7] INFO  c.m.b.k.i.Dhis2CsvDryRunThenCommit - Commit httpCode=200, bodyPreview={"httpStatus":"OK","httpStatusCode":200,"status":"OK","message":"Import was successful.","response":{"responseType":"ImportSummary","status":"SUCCESS","importOptions":{"idSchemes":{"idScheme":{"type":
2025-09-18 16:00:44 [http-nio-8081-exec-7] INFO  c.m.b.c.Dhis2ComponentConfiguration - Executing import summary with actual logic
2025-09-18 16:00:44 [http-nio-8081-exec-7] DEBUG o.s.w.f.CommonsRequestLoggingFilter - After request [POST /camel/dhis2/dataset?transactionUUID=c0928e6b-743c-4715-9553-53b811c892d5, client=0:0:0:0:0:0:0:1, user=hakeem@mail.com, payload=dataelement,period,orgunit,categoryoptioncombo,attributeoptioncombo,value,storedby,lastupdated,comment,followup,deleted
DE_19,202505,OU_559,COC_289,default,1,admin,2013-09-30T00:00:00.000+0000,,FALSE,null
DE_19,202505,OU_559,COC_290,default,1,bodata1,2010-06-10T00:00:00.000+0000,,FALSE,null
DE_19,202505,OU_559,COC_291,default,1,system,2014-06-23T00:00:00.000+0000,,FALSE,null
DE_20,202505,OU_559,COC_289,default,1,admin,2013-09-30T00:00:00.000+0000,,FALSE,null
DE_20,202505,OU_559,COC_290,default,1,bodata1,2010-06-10T00:00:00.000+0000,,FALSE,null
DE_20,202505,OU_559,COC_291,default,1,system,2014-06-23T00:00:00.000+0000,,FALSE,null
DE_21,202505,OU_559,COC_289,default,1,admin,2013-09-30T00:00:00.000+0000,,FALSE,null
DE_21,202505,OU_559,COC_290,default,1,system,2014-06-23T00:00:00.000+0000,,FALSE,null
DE_21,202505,OU_559,COC_292,default,1,bodata1,2010-06-10T00:00:00.000+0000,,FALSE,null
DE_22,202505,OU_559,COC_292,default,1,bodata1,2010-06-10T00:00:00.000+0000,,FALSE,null
DE_23,20]
2025-09-18 16:00:44 [task-4] DEBUG c.m.b.l.s.MiddlewareApiCallLogService - updateTransaction... updating Route [servlet:/dhis2/dataset?httpMethodRestrict=POST] - Exchange content: {transactionUUID=c0928e6b-743c-4715-9553-53b811c892d5, dhis2.success=true, CamelCharsetName=UTF-8, dhis2.status=SUCCESS, CamelToEndpoint=hakeem://process, apiLogId=6}
2025-09-18 16:00:44 [task-4] INFO  c.m.b.l.s.MiddlewareApiCallLogService - Transaction dd9bedf3-42c7-4e27-9e70-6e818ec9999d for routeId: dhis2-hakeem-route updated successfully: status=COMPLETED, responseCode=200
2025-09-18 16:00:46 [scheduling-1] INFO  c.m.b.k.service.DynamicRouteService - Starting route status sync with Camel context
2025-09-18 16:00:46 [scheduling-1] INFO  c.m.b.k.service.DynamicRouteService - Completed route status sync
2025-09-18 16:00:46 [http-nio-8081-exec-6] INFO  c.m.b.k.service.DynamicRouteService - Fetching active routes with pagination
2025-09-18 16:00:47 [http-nio-8081-exec-6] DEBUG o.s.w.f.CommonsRequestLoggingFilter - Before request [GET /api/logs?page=0&size=10&sort=receivedAt%2Cdesc, client=0:0:0:0:0:0:0:1, user=admin@mail.com]
2025-09-18 16:00:47 [http-nio-8081-exec-6] DEBUG o.s.web.servlet.DispatcherServlet - GET "/api/logs?page=0&size=10&sort=receivedAt%2Cdesc", parameters={masked}
2025-09-18 16:00:47 [http-nio-8081-exec-6] DEBUG o.s.w.s.m.m.a.RequestMappingHandlerMapping - Mapped to com.middleware.backend.logging.controller.MiddlewareApiCallLogController#getAll(Map, int, int, String)
2025-09-18 16:00:47 [http-nio-8081-exec-6] DEBUG o.s.w.s.m.m.a.HttpEntityMethodProcessor - Using 'application/json', given [*/*] and supported [application/json, application/*+json, application/yaml]
2025-09-18 16:00:47 [http-nio-8081-exec-6] DEBUG o.s.w.s.m.m.a.HttpEntityMethodProcessor - Writing [Page 1 of 1 containing com.middleware.backend.logging.dto.MiddlewareApiCallLogDto instances]
2025-09-18 16:00:47 [http-nio-8081-exec-6] DEBUG o.s.web.servlet.DispatcherServlet - Completed 200 OK
2025-09-18 16:00:47 [http-nio-8081-exec-6] DEBUG o.s.w.f.CommonsRequestLoggingFilter - After request [GET /api/logs?page=0&size=10&sort=receivedAt%2Cdesc, client=0:0:0:0:0:0:0:1, user=admin@mail.com]
2025-09-18 16:00:51 [http-nio-8081-exec-9] INFO  c.m.b.k.service.DynamicRouteService - Fetching active routes with pagination
2025-09-18 16:00:51 [http-nio-8081-exec-9] INFO  c.m.b.k.service.DynamicRouteService - Fetching active routes with pagination
2025-09-18 16:00:51 [http-nio-8081-exec-9] DEBUG o.s.w.f.CommonsRequestLoggingFilter - Before request [POST /camel/dhis2/dataset?transactionUUID=5a0d8cee-fabe-4c2c-9032-9cd1f0269c02&dry-run=false, client=0:0:0:0:0:0:0:1, user=hakeem@mail.com]
2025-09-18 16:00:51 [http-nio-8081-exec-9] INFO  c.m.b.policy.LoggingRoutePolicy - LoggingRoutePolicy.onExchangeBegin: Route [dhis2-hakeem-route] - Incoming exchange: 980923F00043A94-0000000000000004
2025-09-18 16:00:52 [http-nio-8081-exec-9] DEBUG c.m.b.l.s.MiddlewareApiCallLogService - createTransactionSync... creating log for Route [dhis2-hakeem-route] - Exchange content: {CamelCharsetName=UTF-8}
2025-09-18 16:00:52 [http-nio-8081-exec-9] DEBUG c.m.b.l.s.MiddlewareApiCallLogService - UUID validation passed for: 5a0d8cee-fabe-4c2c-9032-9cd1f0269c02
2025-09-18 16:00:52 [http-nio-8081-exec-9] DEBUG c.m.b.l.s.MiddlewareApiCallLogService - First attempt for new UUID: 5a0d8cee-fabe-4c2c-9032-9cd1f0269c02
2025-09-18 16:00:52 [http-nio-8081-exec-9] INFO  c.m.b.policy.LoggingRoutePolicy - LoggingRoutePolicy.onExchangeBegin: Route [dhis2-hakeem-route] - call log created with ID 7
2025-09-18 16:00:52 [http-nio-8081-exec-9] INFO  com.middleware.dhis2.Dhis2Producer - Processing DHIS2 operation: process
2025-09-18 16:00:52 [http-nio-8081-exec-9] INFO  com.middleware.dhis2.Dhis2Producer - Built request - scheme=CODE, strategy=NEW_AND_UPDATES, dryRun=false
2025-09-18 16:00:52 [http-nio-8081-exec-9] INFO  c.m.b.c.Dhis2ComponentConfiguration - Starting complete DHIS2 processing pipeline
2025-09-18 16:00:52 [http-nio-8081-exec-9] INFO  c.m.b.c.Dhis2ComponentConfiguration - Executing CSV Guard validation with actual logic
2025-09-18 16:00:52 [http-nio-8081-exec-9] INFO  c.m.b.k.integrationBeans.CsvGuard - === CSV Guard Processing ===
2025-09-18 16:00:52 [http-nio-8081-exec-9] INFO  c.m.b.k.integrationBeans.CsvGuard - CSV Guard OK — bytes=7946, scheme=CODE, strategy=NEW_AND_UPDATES, dryRun=false, qBase=async=false&preheatCache=false&skipAudit=false&skipExistingCheck=false&firstRowIsHeader=true&strategy=NEW_AND_UPDATES&dataElementIdScheme=CODE&orgUnitIdScheme=CODE&categoryOptionComboIdScheme=CODE&attributeOptionComboIdScheme=CODE&idScheme=CODE
2025-09-18 16:00:52 [http-nio-8081-exec-9] INFO  c.m.b.k.integrationBeans.CsvGuard - === CSV Guard Processing ===
2025-09-18 16:00:52 [http-nio-8081-exec-9] INFO  c.m.b.k.integrationBeans.CsvGuard - CSV Guard OK — bytes=7946, scheme=CODE, strategy=NEW_AND_UPDATES, dryRun=false, qBase=async=false&preheatCache=false&skipAudit=false&skipExistingCheck=false&firstRowIsHeader=true&strategy=NEW_AND_UPDATES&dataElementIdScheme=CODE&orgUnitIdScheme=CODE&categoryOptionComboIdScheme=CODE&attributeOptionComboIdScheme=CODE&idScheme=CODE
2025-09-18 16:00:52 [http-nio-8081-exec-9] INFO  c.m.b.c.Dhis2ComponentConfiguration - Executing CSV upload with actual DHIS2 logic
2025-09-18 16:00:52 [http-nio-8081-exec-9] INFO  c.m.b.k.i.Dhis2CsvDryRunThenCommit - === DHIS2 CSV Upload Starting ===
2025-09-18 16:00:52 [http-nio-8081-exec-9] INFO  c.m.b.k.i.Dhis2CsvDryRunThenCommit - CSV size=7946 bytes, dryRunMode=false
2025-09-18 16:00:52 [http-nio-8081-exec-9] INFO  c.m.b.k.i.Dhis2CsvDryRunThenCommit - Calling DHIS2 https://play.im.dhis2.org/stable-2-41-5/api/dataValueSets?dryRun=false&async=false&preheatCache=false&skipAudit=false&skipExistingCheck=false&firstRowIsHeader=true&strategy=NEW_AND_UPDATES&dataElementIdScheme=CODE&orgUnitIdScheme=CODE&categoryOptionComboIdScheme=CODE&attributeOptionComboIdScheme=CODE&idScheme=CODE
2025-09-18 16:00:52 [http-nio-8081-exec-9] INFO  c.m.b.k.i.Dhis2CsvDryRunThenCommit - Direct import httpCode=200, bodyPreview={"httpStatus":"OK","httpStatusCode":200,"status":"OK","message":"Import was successful.","response":{"responseType":"ImportSummary","status":"SUCCESS","importOptions":{"idSchemes":{"idScheme":{"type":
2025-09-18 16:00:52 [http-nio-8081-exec-9] INFO  c.m.b.c.Dhis2ComponentConfiguration - Executing import summary with actual logic
2025-09-18 16:00:52 [http-nio-8081-exec-9] DEBUG o.s.w.f.CommonsRequestLoggingFilter - After request [POST /camel/dhis2/dataset?transactionUUID=5a0d8cee-fabe-4c2c-9032-9cd1f0269c02&dry-run=false, client=0:0:0:0:0:0:0:1, user=hakeem@mail.com, payload=dataelement,period,orgunit,categoryoptioncombo,attributeoptioncombo,value,storedby,lastupdated,comment,followup,deleted
DE_19,202505,OU_559,COC_289,default,1,admin,2013-09-30T00:00:00.000+0000,,FALSE,null
DE_19,202505,OU_559,COC_290,default,1,bodata1,2010-06-10T00:00:00.000+0000,,FALSE,null
DE_19,202505,OU_559,COC_291,default,1,system,2014-06-23T00:00:00.000+0000,,FALSE,null
DE_20,202505,OU_559,COC_289,default,1,admin,2013-09-30T00:00:00.000+0000,,FALSE,null
DE_20,202505,OU_559,COC_290,default,1,bodata1,2010-06-10T00:00:00.000+0000,,FALSE,null
DE_20,202505,OU_559,COC_291,default,1,system,2014-06-23T00:00:00.000+0000,,FALSE,null
DE_21,202505,OU_559,COC_289,default,1,admin,2013-09-30T00:00:00.000+0000,,FALSE,null
DE_21,202505,OU_559,COC_290,default,1,system,2014-06-23T00:00:00.000+0000,,FALSE,null
DE_21,202505,OU_559,COC_292,default,1,bodata1,2010-06-10T00:00:00.000+0000,,FALSE,null
DE_22,202505,OU_559,COC_292,default,1,bodata1,2010-06-10T00:00:00.000+0000,,FALSE,null
DE_23,20]
2025-09-18 16:00:53 [task-5] DEBUG c.m.b.l.s.MiddlewareApiCallLogService - updateTransaction... updating Route [servlet:/dhis2/dataset?httpMethodRestrict=POST] - Exchange content: {transactionUUID=5a0d8cee-fabe-4c2c-9032-9cd1f0269c02, dhis2.success=true, CamelCharsetName=UTF-8, dhis2.status=SUCCESS, CamelToEndpoint=hakeem://process, apiLogId=7}
2025-09-18 16:00:53 [task-5] INFO  c.m.b.l.s.MiddlewareApiCallLogService - Transaction 7996b0e7-8461-4006-adf1-40f10ff4723a for routeId: dhis2-hakeem-route updated successfully: status=COMPLETED, responseCode=200
2025-09-18 16:00:54 [http-nio-8081-exec-3] INFO  c.m.b.k.service.DynamicRouteService - Fetching active routes with pagination
2025-09-18 16:00:54 [http-nio-8081-exec-3] DEBUG o.s.w.f.CommonsRequestLoggingFilter - Before request [GET /api/logs?page=0&size=10&sort=receivedAt%2Cdesc, client=0:0:0:0:0:0:0:1, user=admin@mail.com]
2025-09-18 16:00:54 [http-nio-8081-exec-3] DEBUG o.s.web.servlet.DispatcherServlet - GET "/api/logs?page=0&size=10&sort=receivedAt%2Cdesc", parameters={masked}
2025-09-18 16:00:54 [http-nio-8081-exec-3] DEBUG o.s.w.s.m.m.a.RequestMappingHandlerMapping - Mapped to com.middleware.backend.logging.controller.MiddlewareApiCallLogController#getAll(Map, int, int, String)
2025-09-18 16:00:54 [http-nio-8081-exec-3] DEBUG o.s.w.s.m.m.a.HttpEntityMethodProcessor - Using 'application/json', given [*/*] and supported [application/json, application/*+json, application/yaml]
2025-09-18 16:00:54 [http-nio-8081-exec-3] DEBUG o.s.w.s.m.m.a.HttpEntityMethodProcessor - Writing [Page 1 of 1 containing com.middleware.backend.logging.dto.MiddlewareApiCallLogDto instances]
2025-09-18 16:00:54 [http-nio-8081-exec-3] DEBUG o.s.web.servlet.DispatcherServlet - Completed 200 OK
2025-09-18 16:00:54 [http-nio-8081-exec-3] DEBUG o.s.w.f.CommonsRequestLoggingFilter - After request [GET /api/logs?page=0&size=10&sort=receivedAt%2Cdesc, client=0:0:0:0:0:0:0:1, user=admin@mail.com]
2025-09-18 16:01:02 [http-nio-8081-exec-1] INFO  c.m.b.k.service.DynamicRouteService - Fetching active routes with pagination
2025-09-18 16:01:03 [http-nio-8081-exec-1] INFO  c.m.b.k.service.DynamicRouteService - Fetching active routes with pagination
2025-09-18 16:01:03 [http-nio-8081-exec-1] DEBUG o.s.w.f.CommonsRequestLoggingFilter - Before request [POST /camel/dhis2/dataset?transactionUUID=4f129801-1282-4a73-b76f-4aacb7245a00&dry-run=false, client=0:0:0:0:0:0:0:1, user=hakeem@mail.com]
2025-09-18 16:01:03 [http-nio-8081-exec-1] INFO  c.m.b.policy.LoggingRoutePolicy - LoggingRoutePolicy.onExchangeBegin: Route [dhis2-hakeem-route] - Incoming exchange: 980923F00043A94-0000000000000005
2025-09-18 16:01:03 [http-nio-8081-exec-1] DEBUG c.m.b.l.s.MiddlewareApiCallLogService - createTransactionSync... creating log for Route [dhis2-hakeem-route] - Exchange content: {CamelCharsetName=UTF-8}
2025-09-18 16:01:03 [http-nio-8081-exec-1] DEBUG c.m.b.l.s.MiddlewareApiCallLogService - UUID validation passed for: 4f129801-1282-4a73-b76f-4aacb7245a00
2025-09-18 16:01:03 [http-nio-8081-exec-1] DEBUG c.m.b.l.s.MiddlewareApiCallLogService - First attempt for new UUID: 4f129801-1282-4a73-b76f-4aacb7245a00
2025-09-18 16:01:03 [http-nio-8081-exec-1] INFO  c.m.b.policy.LoggingRoutePolicy - LoggingRoutePolicy.onExchangeBegin: Route [dhis2-hakeem-route] - call log created with ID 8
2025-09-18 16:01:03 [http-nio-8081-exec-1] INFO  com.middleware.dhis2.Dhis2Producer - Processing DHIS2 operation: process
2025-09-18 16:01:03 [http-nio-8081-exec-1] INFO  com.middleware.dhis2.Dhis2Producer - Built request - scheme=CODE, strategy=NEW_AND_UPDATES, dryRun=false
2025-09-18 16:01:03 [http-nio-8081-exec-1] INFO  c.m.b.c.Dhis2ComponentConfiguration - Starting complete DHIS2 processing pipeline
2025-09-18 16:01:03 [http-nio-8081-exec-1] INFO  c.m.b.c.Dhis2ComponentConfiguration - Executing CSV Guard validation with actual logic
2025-09-18 16:01:03 [http-nio-8081-exec-1] INFO  c.m.b.k.integrationBeans.CsvGuard - === CSV Guard Processing ===
2025-09-18 16:01:03 [http-nio-8081-exec-1] INFO  c.m.b.k.integrationBeans.CsvGuard - CSV Guard OK — bytes=7942, scheme=CODE, strategy=NEW_AND_UPDATES, dryRun=false, qBase=async=false&preheatCache=false&skipAudit=false&skipExistingCheck=false&firstRowIsHeader=true&strategy=NEW_AND_UPDATES&dataElementIdScheme=CODE&orgUnitIdScheme=CODE&categoryOptionComboIdScheme=CODE&attributeOptionComboIdScheme=CODE&idScheme=CODE
2025-09-18 16:01:03 [http-nio-8081-exec-1] INFO  c.m.b.k.integrationBeans.CsvGuard - === CSV Guard Processing ===
2025-09-18 16:01:03 [http-nio-8081-exec-1] INFO  c.m.b.k.integrationBeans.CsvGuard - CSV Guard OK — bytes=7942, scheme=CODE, strategy=NEW_AND_UPDATES, dryRun=false, qBase=async=false&preheatCache=false&skipAudit=false&skipExistingCheck=false&firstRowIsHeader=true&strategy=NEW_AND_UPDATES&dataElementIdScheme=CODE&orgUnitIdScheme=CODE&categoryOptionComboIdScheme=CODE&attributeOptionComboIdScheme=CODE&idScheme=CODE
2025-09-18 16:01:03 [http-nio-8081-exec-1] INFO  c.m.b.c.Dhis2ComponentConfiguration - Executing CSV upload with actual DHIS2 logic
2025-09-18 16:01:03 [http-nio-8081-exec-1] INFO  c.m.b.k.i.Dhis2CsvDryRunThenCommit - === DHIS2 CSV Upload Starting ===
2025-09-18 16:01:03 [http-nio-8081-exec-1] INFO  c.m.b.k.i.Dhis2CsvDryRunThenCommit - CSV size=7942 bytes, dryRunMode=false
2025-09-18 16:01:03 [http-nio-8081-exec-1] INFO  c.m.b.k.i.Dhis2CsvDryRunThenCommit - Calling DHIS2 https://play.im.dhis2.org/stable-2-41-5/api/dataValueSets?dryRun=false&async=false&preheatCache=false&skipAudit=false&skipExistingCheck=false&firstRowIsHeader=true&strategy=NEW_AND_UPDATES&dataElementIdScheme=CODE&orgUnitIdScheme=CODE&categoryOptionComboIdScheme=CODE&attributeOptionComboIdScheme=CODE&idScheme=CODE
2025-09-18 16:01:04 [http-nio-8081-exec-1] INFO  c.m.b.k.i.Dhis2CsvDryRunThenCommit - Direct import httpCode=409, bodyPreview={"httpStatus":"Conflict","httpStatusCode":409,"status":"WARNING","message":"One more conflicts encountered, please check import summary.","response":{"responseType":"ImportSummary","status":"WARNING",
2025-09-18 16:01:04 [http-nio-8081-exec-1] DEBUG o.s.w.f.CommonsRequestLoggingFilter - After request [POST /camel/dhis2/dataset?transactionUUID=4f129801-1282-4a73-b76f-4aacb7245a00&dry-run=false, client=0:0:0:0:0:0:0:1, user=hakeem@mail.com, payload=dataelement,period,orgunit,categoryoptioncombo,attributeoptioncombo,value,storedby,lastupdated,comment,followup,deleted
DE_19,202505,OU_559,COC_289,default,2,admin,2013-09-30T00:00:00.000+0000,,FALSE,null
DE_19,202505,OU_559,COC_290,default,2,bodata1,2010-06-10T00:00:00.000+0000,,FALSE,null
DE_19,2505,OU_559,COC_291,default,2,system,2014-06-23T00:00:00.000+0000,,FALSE,null
DE_20,202505,OU_559,COC_289,default,2,admin,2013-09-30T00:00:00.000+0000,,FALSE,null
DE_20,202505,OU_559,COC_290,default,2,bodata1,2010-06-10T00:00:00.000+0000,,FALSE,null
DE_20,202505,OU_559,COC_291,default,2,system,2014-06-23T00:00:00.000+0000,,FALSE,null
DE_21,202505,OU_559,COC_289,default,2,admin,2013-09-30T00:00:00.000+0000,,FALSE,null
DE_21,202505,OU_559,COC_290,default,2,system,2014-06-23T00:00:00.000+0000,,FALSE,null
DE_21,202505,OU_559,COC_292,default,2,bodata1,2010-06-10T00:00:00.000+0000,,FALSE,null
DE_22,202505,OU_559,COC_292,default,2,bodata1,2010-06-10T00:00:00.000+0000,,FALSE,null
DE_23,2025]
2025-09-18 16:01:04 [task-6] DEBUG c.m.b.l.s.MiddlewareApiCallLogService - updateTransaction... updating Route [servlet:/dhis2/dataset?httpMethodRestrict=POST] - Exchange content: {transactionUUID=4f129801-1282-4a73-b76f-4aacb7245a00, CamelCharsetName=UTF-8, CamelToEndpoint=hakeem://process, apiLogId=8}
2025-09-18 16:01:04 [task-6] INFO  c.m.b.l.s.MiddlewareApiCallLogService - Transaction 91acf697-2ae0-40d2-a4b6-b1dc482af2f7 for routeId: dhis2-hakeem-route updated successfully: status=COMPLETED, responseCode=409
2025-09-18 16:01:06 [http-nio-8081-exec-2] INFO  c.m.b.k.service.DynamicRouteService - Fetching active routes with pagination
2025-09-18 16:01:06 [http-nio-8081-exec-2] DEBUG o.s.w.f.CommonsRequestLoggingFilter - Before request [GET /api/logs?page=0&size=10&sort=receivedAt%2Cdesc, client=0:0:0:0:0:0:0:1, user=admin@mail.com]
2025-09-18 16:01:06 [http-nio-8081-exec-2] DEBUG o.s.web.servlet.DispatcherServlet - GET "/api/logs?page=0&size=10&sort=receivedAt%2Cdesc", parameters={masked}
2025-09-18 16:01:06 [http-nio-8081-exec-2] DEBUG o.s.w.s.m.m.a.RequestMappingHandlerMapping - Mapped to com.middleware.backend.logging.controller.MiddlewareApiCallLogController#getAll(Map, int, int, String)
2025-09-18 16:01:07 [http-nio-8081-exec-2] DEBUG o.s.w.s.m.m.a.HttpEntityMethodProcessor - Using 'application/json', given [*/*] and supported [application/json, application/*+json, application/yaml]
2025-09-18 16:01:07 [http-nio-8081-exec-2] DEBUG o.s.w.s.m.m.a.HttpEntityMethodProcessor - Writing [Page 1 of 1 containing com.middleware.backend.logging.dto.MiddlewareApiCallLogDto instances]
2025-09-18 16:01:07 [http-nio-8081-exec-2] DEBUG o.s.web.servlet.DispatcherServlet - Completed 200 OK
2025-09-18 16:01:07 [http-nio-8081-exec-2] DEBUG o.s.w.f.CommonsRequestLoggingFilter - After request [GET /api/logs?page=0&size=10&sort=receivedAt%2Cdesc, client=0:0:0:0:0:0:0:1, user=admin@mail.com]
2025-09-18 16:01:16 [scheduling-1] INFO  c.m.b.k.service.DynamicRouteService - Starting route status sync with Camel context
2025-09-18 16:01:16 [scheduling-1] INFO  c.m.b.k.service.DynamicRouteService - Completed route status sync
2025-09-18 16:01:46 [scheduling-1] INFO  c.m.b.k.service.DynamicRouteService - Starting route status sync with Camel context
2025-09-18 16:01:46 [scheduling-1] INFO  c.m.b.k.service.DynamicRouteService - Completed route status sync
2025-09-18 16:02:16 [scheduling-1] INFO  c.m.b.k.service.DynamicRouteService - Starting route status sync with Camel context
2025-09-18 16:02:16 [scheduling-1] INFO  c.m.b.k.service.DynamicRouteService - Completed route status sync
2025-09-18 16:02:39 [http-nio-8081-exec-6] INFO  c.m.b.k.service.DynamicRouteService - Fetching active routes with pagination
2025-09-18 16:02:40 [http-nio-8081-exec-6] INFO  c.m.b.k.service.DynamicRouteService - Fetching active routes with pagination
2025-09-18 16:02:40 [http-nio-8081-exec-6] DEBUG o.s.w.f.CommonsRequestLoggingFilter - Before request [POST /camel/dhis2/dataset?transactionUUID=b6488066-6c70-4905-b318-32efd2a1a399&dry-run=false, client=0:0:0:0:0:0:0:1, user=hakeem@mail.com]
2025-09-18 16:02:40 [http-nio-8081-exec-6] INFO  c.m.b.policy.LoggingRoutePolicy - LoggingRoutePolicy.onExchangeBegin: Route [dhis2-hakeem-route] - Incoming exchange: 980923F00043A94-0000000000000006
2025-09-18 16:02:40 [http-nio-8081-exec-6] DEBUG c.m.b.l.s.MiddlewareApiCallLogService - createTransactionSync... creating log for Route [dhis2-hakeem-route] - Exchange content: {CamelCharsetName=UTF-8}
2025-09-18 16:02:40 [http-nio-8081-exec-6] DEBUG c.m.b.l.s.MiddlewareApiCallLogService - UUID validation passed for: b6488066-6c70-4905-b318-32efd2a1a399
2025-09-18 16:02:40 [http-nio-8081-exec-6] DEBUG c.m.b.l.s.MiddlewareApiCallLogService - First attempt for new UUID: b6488066-6c70-4905-b318-32efd2a1a399
2025-09-18 16:02:40 [http-nio-8081-exec-6] INFO  c.m.b.policy.LoggingRoutePolicy - LoggingRoutePolicy.onExchangeBegin: Route [dhis2-hakeem-route] - call log created with ID 9
2025-09-18 16:02:40 [http-nio-8081-exec-6] INFO  com.middleware.dhis2.Dhis2Producer - Processing DHIS2 operation: process
2025-09-18 16:02:40 [http-nio-8081-exec-6] INFO  com.middleware.dhis2.Dhis2Producer - Built request - scheme=CODE, strategy=NEW_AND_UPDATES, dryRun=false
2025-09-18 16:02:40 [http-nio-8081-exec-6] INFO  c.m.b.c.Dhis2ComponentConfiguration - Starting complete DHIS2 processing pipeline
2025-09-18 16:02:40 [http-nio-8081-exec-6] INFO  c.m.b.c.Dhis2ComponentConfiguration - Executing CSV Guard validation with actual logic
2025-09-18 16:02:40 [http-nio-8081-exec-6] INFO  c.m.b.k.integrationBeans.CsvGuard - === CSV Guard Processing ===
2025-09-18 16:02:40 [http-nio-8081-exec-6] INFO  c.m.b.k.integrationBeans.CsvGuard - CSV Guard OK — bytes=3687, scheme=CODE, strategy=NEW_AND_UPDATES, dryRun=false, qBase=async=false&preheatCache=false&skipAudit=false&skipExistingCheck=false&firstRowIsHeader=true&strategy=NEW_AND_UPDATES&dataElementIdScheme=CODE&orgUnitIdScheme=CODE&categoryOptionComboIdScheme=CODE&attributeOptionComboIdScheme=CODE&idScheme=CODE
2025-09-18 16:02:40 [http-nio-8081-exec-6] INFO  c.m.b.k.integrationBeans.CsvGuard - === CSV Guard Processing ===
2025-09-18 16:02:40 [http-nio-8081-exec-6] INFO  c.m.b.k.integrationBeans.CsvGuard - CSV Guard OK — bytes=3687, scheme=CODE, strategy=NEW_AND_UPDATES, dryRun=false, qBase=async=false&preheatCache=false&skipAudit=false&skipExistingCheck=false&firstRowIsHeader=true&strategy=NEW_AND_UPDATES&dataElementIdScheme=CODE&orgUnitIdScheme=CODE&categoryOptionComboIdScheme=CODE&attributeOptionComboIdScheme=CODE&idScheme=CODE
2025-09-18 16:02:40 [http-nio-8081-exec-6] INFO  c.m.b.c.Dhis2ComponentConfiguration - Executing CSV upload with actual DHIS2 logic
2025-09-18 16:02:40 [http-nio-8081-exec-6] INFO  c.m.b.k.i.Dhis2CsvDryRunThenCommit - === DHIS2 CSV Upload Starting ===
2025-09-18 16:02:40 [http-nio-8081-exec-6] INFO  c.m.b.k.i.Dhis2CsvDryRunThenCommit - CSV size=3687 bytes, dryRunMode=false
2025-09-18 16:02:40 [http-nio-8081-exec-6] INFO  c.m.b.k.i.Dhis2CsvDryRunThenCommit - Calling DHIS2 https://play.im.dhis2.org/stable-2-41-5/api/dataValueSets?dryRun=false&async=false&preheatCache=false&skipAudit=false&skipExistingCheck=false&firstRowIsHeader=true&strategy=NEW_AND_UPDATES&dataElementIdScheme=CODE&orgUnitIdScheme=CODE&categoryOptionComboIdScheme=CODE&attributeOptionComboIdScheme=CODE&idScheme=CODE
2025-09-18 16:02:41 [http-nio-8081-exec-6] INFO  c.m.b.k.i.Dhis2CsvDryRunThenCommit - Direct import httpCode=409, bodyPreview={"httpStatus":"Conflict","httpStatusCode":409,"status":"WARNING","message":"One more conflicts encountered, please check import summary.","response":{"responseType":"ImportSummary","status":"WARNING",
2025-09-18 16:02:41 [http-nio-8081-exec-6] DEBUG o.s.w.f.CommonsRequestLoggingFilter - After request [POST /camel/dhis2/dataset?transactionUUID=b6488066-6c70-4905-b318-32efd2a1a399&dry-run=false, client=0:0:0:0:0:0:0:1, user=hakeem@mail.com, payload=dataelement,period,orgunit,categoryoptioncombo,attributeoptioncombo,value
DE_19,202505,OU_559,COC_289,default,4
DE_19,202505,OU_559,COC_290,default,4
DE_19,2505,OU_559,COC_291,default,4
DE_20,202505,OU_559,COC_289,default,4
DE_20,202505,OU_559,COC_290,default,4
DE_20,202505,OU_559,COC_291,default,4
DE_21,202505,OU_559,COC_289,default,4
DE_21,202505,OU_559,COC_290,default,4
DE_21,202505,OU_559,COC_292,default,4
DE_22,202505,OU_559,COC_292,default,4
DE_23,202505,OU_559,CO_289,default,4
DE_23,202505,OU_559,COC_290,default,4
DE_23,202505,OU_559,COC_292,default,4
DE_24,202505,OU_559,COC_289,default,4
DE_24,202505,OU_559,COC_290,default,4
DE_24,20255,OU_559,COC_292,default,4
DE_25,202505,OU_559,COC_9,default,4
DE_25,202505,OU_559,COC_290,default,4
DE_25,202505,OU_559,COC_292,default,4
DE_33,202505,OU_559,COC_290,default,4
DE_33,202505,OU_559,COC_292,default,4
DE_34,202505,OU_559,COC_289,default,4
DE_34,202505,OU_559,COC_291,default,4
DE_34,202505,OU_559,COC_292,defaul]
2025-09-18 16:02:41 [task-7] DEBUG c.m.b.l.s.MiddlewareApiCallLogService - updateTransaction... updating Route [servlet:/dhis2/dataset?httpMethodRestrict=POST] - Exchange content: {transactionUUID=b6488066-6c70-4905-b318-32efd2a1a399, CamelCharsetName=UTF-8, CamelToEndpoint=hakeem://process, apiLogId=9}
2025-09-18 16:02:41 [task-7] INFO  c.m.b.l.s.MiddlewareApiCallLogService - Transaction 50871d4a-b13a-455a-9730-3d594b8149ab for routeId: dhis2-hakeem-route updated successfully: status=COMPLETED, responseCode=409
2025-09-18 16:02:46 [scheduling-1] INFO  c.m.b.k.service.DynamicRouteService - Starting route status sync with Camel context
2025-09-18 16:02:46 [scheduling-1] INFO  c.m.b.k.service.DynamicRouteService - Completed route status sync
2025-09-18 16:02:57 [http-nio-8081-exec-8] INFO  c.m.b.k.service.DynamicRouteService - Fetching active routes with pagination
2025-09-18 16:02:57 [http-nio-8081-exec-8] DEBUG o.s.w.f.CommonsRequestLoggingFilter - Before request [GET /api/logs?page=0&size=10&sort=receivedAt%2Cdesc, client=0:0:0:0:0:0:0:1, user=admin@mail.com]
2025-09-18 16:02:57 [http-nio-8081-exec-8] DEBUG o.s.web.servlet.DispatcherServlet - GET "/api/logs?page=0&size=10&sort=receivedAt%2Cdesc", parameters={masked}
2025-09-18 16:02:57 [http-nio-8081-exec-8] DEBUG o.s.w.s.m.m.a.RequestMappingHandlerMapping - Mapped to com.middleware.backend.logging.controller.MiddlewareApiCallLogController#getAll(Map, int, int, String)
2025-09-18 16:02:57 [http-nio-8081-exec-8] DEBUG o.s.w.s.m.m.a.HttpEntityMethodProcessor - Using 'application/json', given [*/*] and supported [application/json, application/*+json, application/yaml]
2025-09-18 16:02:57 [http-nio-8081-exec-8] DEBUG o.s.w.s.m.m.a.HttpEntityMethodProcessor - Writing [Page 1 of 1 containing com.middleware.backend.logging.dto.MiddlewareApiCallLogDto instances]
2025-09-18 16:02:57 [http-nio-8081-exec-8] DEBUG o.s.web.servlet.DispatcherServlet - Completed 200 OK
2025-09-18 16:02:57 [http-nio-8081-exec-8] DEBUG o.s.w.f.CommonsRequestLoggingFilter - After request [GET /api/logs?page=0&size=10&sort=receivedAt%2Cdesc, client=0:0:0:0:0:0:0:1, user=admin@mail.com]
2025-09-18 16:03:00 [http-nio-8081-exec-3] INFO  c.m.b.k.service.DynamicRouteService - Fetching active routes with pagination
2025-09-18 16:03:00 [http-nio-8081-exec-3] DEBUG o.s.w.f.CommonsRequestLoggingFilter - Before request [GET /api/logs/attempts/b6488066-6c70-4905-b318-32efd2a1a399, client=0:0:0:0:0:0:0:1, user=admin@mail.com]
2025-09-18 16:03:00 [http-nio-8081-exec-3] DEBUG o.s.web.servlet.DispatcherServlet - GET "/api/logs/attempts/b6488066-6c70-4905-b318-32efd2a1a399", parameters={}
2025-09-18 16:03:00 [http-nio-8081-exec-3] DEBUG o.s.w.s.m.m.a.RequestMappingHandlerMapping - Mapped to com.middleware.backend.logging.controller.MiddlewareApiCallLogController#getAllAttempts(String)
2025-09-18 16:03:01 [http-nio-8081-exec-3] DEBUG o.s.w.s.m.m.a.HttpEntityMethodProcessor - Using 'application/json', given [*/*] and supported [application/json, application/*+json, application/yaml]
2025-09-18 16:03:01 [http-nio-8081-exec-3] DEBUG o.s.w.s.m.m.a.HttpEntityMethodProcessor - Writing [{totalAttempts=1, sourceTransactionUUID=b6488066-6c70-4905-b318-32efd2a1a399, attempts=[MiddlewareAp (truncated)...]
2025-09-18 16:03:01 [http-nio-8081-exec-3] DEBUG o.s.web.servlet.DispatcherServlet - Completed 200 OK
2025-09-18 16:03:01 [http-nio-8081-exec-3] DEBUG o.s.w.f.CommonsRequestLoggingFilter - After request [GET /api/logs/attempts/b6488066-6c70-4905-b318-32efd2a1a399, client=0:0:0:0:0:0:0:1, user=admin@mail.com]
2025-09-18 16:03:14 [SpringApplicationShutdownHook] INFO  org.quartz.core.QuartzScheduler - Scheduler quartzScheduler_$_NON_CLUSTERED paused.
2025-09-18 16:03:14 [SpringApplicationShutdownHook] INFO  o.a.c.i.engine.AbstractCamelContext - Apache Camel 4.4.0 (camel-1) is shutting down (timeout:45s)
2025-09-18 16:03:14 [SpringApplicationShutdownHook] INFO  o.a.c.i.engine.AbstractCamelContext - Routes stopped (stopped:1)
2025-09-18 16:03:14 [SpringApplicationShutdownHook] INFO  o.a.c.i.engine.AbstractCamelContext -     Stopped dhis2-hakeem-route (rest://post:/dhis2/dataset)
2025-09-18 16:03:14 [SpringApplicationShutdownHook] INFO  o.a.c.i.engine.AbstractCamelContext - Apache Camel 4.4.0 (camel-1) shutdown in 8ms (uptime:5m28s)
2025-09-18 16:03:14 [SpringApplicationShutdownHook] INFO  org.quartz.core.QuartzScheduler - Scheduler quartzScheduler_$_NON_CLUSTERED shutting down.
2025-09-18 16:03:14 [SpringApplicationShutdownHook] INFO  org.quartz.core.QuartzScheduler - Scheduler quartzScheduler_$_NON_CLUSTERED paused.
2025-09-18 16:03:14 [SpringApplicationShutdownHook] INFO  org.quartz.core.QuartzScheduler - Scheduler quartzScheduler_$_NON_CLUSTERED shutdown complete.
2025-09-18 16:03:14 [SpringApplicationShutdownHook] INFO  o.a.c.c.s.CamelHttpTransportServlet - Destroyed CamelHttpTransportServlet[CamelServlet]
2025-09-18 16:12:00 [background-preinit] INFO  o.h.validator.internal.util.Version - HV000001: Hibernate Validator 8.0.2.Final
2025-09-18 16:12:00 [main] INFO  c.middleware.MiddlewareApplication - Starting MiddlewareApplication using Java 23-valhalla with PID 13464 (C:\Users\omard\Desktop\Work\back-end\target\classes started by omard in C:\Users\omard\Desktop\Work\back-end)
2025-09-18 16:12:00 [main] INFO  c.middleware.MiddlewareApplication - No active profile set, falling back to 1 default profile: "default"
2025-09-18 16:12:01 [main] WARN  o.s.b.w.s.c.AnnotationConfigServletWebServerApplicationContext - Exception encountered during context initialization - cancelling refresh attempt: org.springframework.beans.factory.BeanDefinitionStoreException: I/O failure while processing configuration class [com.middleware.backend.notification.mapper.NotificationMapperImpl]
2025-09-18 16:12:01 [main] ERROR o.s.boot.SpringApplication - Application run failed
org.springframework.beans.factory.BeanDefinitionStoreException: I/O failure while processing configuration class [com.middleware.backend.notification.mapper.NotificationMapperImpl]
	at org.springframework.context.annotation.ConfigurationClassParser.processConfigurationClass(ConfigurationClassParser.java:285)
	at org.springframework.context.annotation.ConfigurationClassParser.parse(ConfigurationClassParser.java:217)
	at org.springframework.context.annotation.ConfigurationClassParser.doProcessConfigurationClass(ConfigurationClassParser.java:353)
	at org.springframework.context.annotation.ConfigurationClassParser.processConfigurationClass(ConfigurationClassParser.java:280)
	at org.springframework.context.annotation.ConfigurationClassParser.parse(ConfigurationClassParser.java:203)
	at org.springframework.context.annotation.ConfigurationClassParser.parse(ConfigurationClassParser.java:172)
	at org.springframework.context.annotation.ConfigurationClassPostProcessor.processConfigBeanDefinitions(ConfigurationClassPostProcessor.java:418)
	at org.springframework.context.annotation.ConfigurationClassPostProcessor.postProcessBeanDefinitionRegistry(ConfigurationClassPostProcessor.java:290)
	at org.springframework.context.support.PostProcessorRegistrationDelegate.invokeBeanDefinitionRegistryPostProcessors(PostProcessorRegistrationDelegate.java:349)
	at org.springframework.context.support.PostProcessorRegistrationDelegate.invokeBeanFactoryPostProcessors(PostProcessorRegistrationDelegate.java:118)
	at org.springframework.context.support.AbstractApplicationContext.invokeBeanFactoryPostProcessors(AbstractApplicationContext.java:791)
	at org.springframework.context.support.AbstractApplicationContext.refresh(AbstractApplicationContext.java:609)
	at org.springframework.boot.web.servlet.context.ServletWebServerApplicationContext.refresh(ServletWebServerApplicationContext.java:146)
	at org.springframework.boot.SpringApplication.refresh(SpringApplication.java:752)
	at org.springframework.boot.SpringApplication.refreshContext(SpringApplication.java:439)
	at org.springframework.boot.SpringApplication.run(SpringApplication.java:318)
	at org.springframework.boot.SpringApplication.run(SpringApplication.java:1361)
	at org.springframework.boot.SpringApplication.run(SpringApplication.java:1350)
	at com.middleware.MiddlewareApplication.main(MiddlewareApplication.java:14)
Caused by: java.io.FileNotFoundException: class path resource [com/middleware/backend/notification/mapper/NotificationMapper.class] cannot be opened because it does not exist
	at org.springframework.core.io.ClassPathResource.getInputStream(ClassPathResource.java:215)
	at org.springframework.core.type.classreading.SimpleMetadataReader.getClassReader(SimpleMetadataReader.java:54)
	at org.springframework.core.type.classreading.SimpleMetadataReader.<init>(SimpleMetadataReader.java:48)
	at org.springframework.core.type.classreading.SimpleMetadataReaderFactory.getMetadataReader(SimpleMetadataReaderFactory.java:103)
	at org.springframework.boot.type.classreading.ConcurrentReferenceCachingMetadataReaderFactory.createMetadataReader(ConcurrentReferenceCachingMetadataReaderFactory.java:98)
	at org.springframework.boot.type.classreading.ConcurrentReferenceCachingMetadataReaderFactory.getMetadataReader(ConcurrentReferenceCachingMetadataReaderFactory.java:85)
	at org.springframework.core.type.classreading.SimpleMetadataReaderFactory.getMetadataReader(SimpleMetadataReaderFactory.java:81)
	at org.springframework.boot.type.classreading.ConcurrentReferenceCachingMetadataReaderFactory.getMetadataReader(ConcurrentReferenceCachingMetadataReaderFactory.java:75)
	at org.springframework.context.annotation.ConfigurationClassParser.asSourceClass(ConfigurationClassParser.java:710)
	at org.springframework.context.annotation.ConfigurationClassParser$SourceClass.getInterfaces(ConfigurationClassParser.java:1059)
	at org.springframework.context.annotation.ConfigurationClassParser.processInterfaces(ConfigurationClassParser.java:440)
	at org.springframework.context.annotation.ConfigurationClassParser.doProcessConfigurationClass(ConfigurationClassParser.java:384)
	at org.springframework.context.annotation.ConfigurationClassParser.processConfigurationClass(ConfigurationClassParser.java:280)
	... 18 common frames omitted
2025-09-18 16:13:28 [background-preinit] INFO  o.h.validator.internal.util.Version - HV000001: Hibernate Validator 8.0.2.Final
2025-09-18 16:13:28 [main] INFO  c.m.MiddlewareApplicationTests - Starting MiddlewareApplicationTests using Java 23-valhalla with PID 13504 (started by omard in C:\Users\omard\Desktop\Work\back-end)
2025-09-18 16:13:28 [main] INFO  c.m.MiddlewareApplicationTests - No active profile set, falling back to 1 default profile: "default"
2025-09-18 16:13:29 [main] DEBUG o.s.w.c.s.GenericWebApplicationContext - Refreshing org.springframework.web.context.support.GenericWebApplicationContext@4a05d8ae
2025-09-18 16:13:36 [main] INFO  o.h.jpa.internal.util.LogHelper - HHH000204: Processing PersistenceUnitInfo [name: default]
2025-09-18 16:13:36 [main] INFO  org.hibernate.Version - HHH000412: Hibernate ORM core version 6.6.11.Final
2025-09-18 16:13:36 [main] INFO  o.h.c.i.RegionFactoryInitiator - HHH000026: Second-level cache disabled
2025-09-18 16:13:37 [main] WARN  org.hibernate.orm.deprecation - HHH90000025: PostgreSQLDialect does not need to be specified explicitly using 'hibernate.dialect' (remove the property setting and it will be selected by default)
2025-09-18 16:13:37 [main] INFO  o.hibernate.orm.connections.pooling - HHH10001005: Database info:
	Database JDBC URL [Connecting through datasource 'org.springframework.jdbc.datasource.DriverManagerDataSource@423762ae']
	Database driver: undefined/unknown
	Database version: 17.4
	Autocommit mode: undefined/unknown
	Isolation level: undefined/unknown
	Minimum pool size: undefined/unknown
	Maximum pool size: undefined/unknown
2025-09-18 16:13:40 [main] INFO  o.h.e.t.j.p.i.JtaPlatformInitiator - HHH000489: No JTA platform available (set 'hibernate.transaction.jta.platform' to enable JTA platform integration)
2025-09-18 16:13:42 [main] INFO  o.a.camel.util.concurrent.ThreadType - The type of thread detected is PLATFORM
2025-09-18 16:13:45 [main] INFO  org.quartz.impl.StdSchedulerFactory - Using default implementation for ThreadExecutor
2025-09-18 16:13:45 [main] INFO  o.quartz.core.SchedulerSignalerImpl - Initialized Scheduler Signaller of type: class org.quartz.core.SchedulerSignalerImpl
2025-09-18 16:13:45 [main] INFO  org.quartz.core.QuartzScheduler - Quartz Scheduler v.2.3.2 created.
2025-09-18 16:13:45 [main] INFO  org.quartz.simpl.RAMJobStore - RAMJobStore initialized.
2025-09-18 16:13:45 [main] INFO  org.quartz.core.QuartzScheduler - Scheduler meta-data: Quartz Scheduler (v2.3.2) 'quartzScheduler' with instanceId 'NON_CLUSTERED'
  Scheduler class: 'org.quartz.core.QuartzScheduler' - running locally.
  NOT STARTED.
  Currently in standby mode.
  Number of jobs executed: 0
  Using thread pool 'org.quartz.simpl.SimpleThreadPool' - with 10 threads.
  Using job-store 'org.quartz.simpl.RAMJobStore' - which does not support persistence. and is not clustered.

2025-09-18 16:13:45 [main] INFO  org.quartz.impl.StdSchedulerFactory - Quartz scheduler 'quartzScheduler' initialized from an externally provided properties instance.
2025-09-18 16:13:45 [main] INFO  org.quartz.impl.StdSchedulerFactory - Quartz scheduler version: 2.3.2
2025-09-18 16:13:45 [main] INFO  org.quartz.core.QuartzScheduler - JobFactory set to: org.springframework.scheduling.quartz.SpringBeanJobFactory@21ca5865
2025-09-18 16:13:46 [main] INFO  c.m.b.k.i.Dhis2HeaderFilterConfig - === Configuring DHIS2 Header Filter (Static Test) ===
2025-09-18 16:13:46 [main] INFO  c.m.b.k.i.Dhis2HeaderFilterConfig - DHIS2 Header Filter configured - allowing most headers for testing
2025-09-18 16:13:47 [main] DEBUG o.s.w.s.m.m.a.RequestMappingHandlerMapping - 123 mappings in 'requestMappingHandlerMapping'
2025-09-18 16:13:47 [main] DEBUG o.s.w.s.h.SimpleUrlHandlerMapping - Patterns [/webjars/**, /**, /swagger-ui*/*swagger-initializer.js, /swagger-ui*/**] in 'resourceHandlerMapping'
2025-09-18 16:13:48 [main] DEBUG o.s.w.s.m.m.a.RequestMappingHandlerAdapter - ControllerAdvice beans: 0 @ModelAttribute, 0 @InitBinder, 1 RequestBodyAdvice, 1 ResponseBodyAdvice
2025-09-18 16:13:48 [main] DEBUG o.s.w.s.m.m.a.ExceptionHandlerExceptionResolver - ControllerAdvice beans: 2 @ExceptionHandler, 1 ResponseBodyAdvice
2025-09-18 16:13:50 [main] INFO  org.quartz.core.QuartzScheduler - Scheduler quartzScheduler_$_NON_CLUSTERED started.
2025-09-18 16:13:50 [scheduling-1] INFO  c.m.b.k.service.DynamicRouteService - Starting route status sync with Camel context
2025-09-18 16:13:50 [main] INFO  o.a.c.i.engine.AbstractCamelContext - Apache Camel 4.4.0 (camel-1) is starting
2025-09-18 16:13:50 [main] INFO  o.a.c.i.engine.AbstractCamelContext - Routes startup (started:0)
2025-09-18 16:13:50 [main] INFO  o.a.c.i.engine.AbstractCamelContext - Apache Camel 4.4.0 (camel-1) started in 13ms (build:0ms init:0ms start:13ms)
2025-09-18 16:13:50 [main] INFO  c.m.MiddlewareApplicationTests - Started MiddlewareApplicationTests in 21.953 seconds (process running for 24.544)
2025-09-18 16:13:50 [main] INFO  c.m.b.k.service.SequenceFixService - Fixing sequence for integration_mapping.id ...
2025-09-18 16:13:50 [scheduling-1] INFO  com.middleware.dhis2.Dhis2Component - Dhis2Component initialized.
2025-09-18 16:13:50 [scheduling-1] INFO  com.middleware.dhis2.Dhis2Endpoint - Dhis2Endpoint created for URI: hakeem://process with operation: process
2025-09-18 16:13:50 [scheduling-1] ERROR com.middleware.dhis2.Dhis2Component - Dhis2Service not found in Camel registry. Please ensure it's defined as a Spring bean with ID: dhis2ComponentService
2025-09-18 16:13:50 [scheduling-1] ERROR c.m.b.k.service.DynamicRouteService - Error syncing status for route dhis2-hakeem-route: Failed to load route: Failed to create route dhis2-hakeem-route at: >>> To[hakeem:process] <<< in route: Route(dhis2-hakeem-route)[From[rest:post:/dhis2/dataset] -> ... because of Failed to resolve endpoint: hakeem://process due to: Dhis2Service is required but not found in Camel registry.
java.lang.RuntimeException: Failed to load route: Failed to create route dhis2-hakeem-route at: >>> To[hakeem:process] <<< in route: Route(dhis2-hakeem-route)[From[rest:post:/dhis2/dataset] -> ... because of Failed to resolve endpoint: hakeem://process due to: Dhis2Service is required but not found in Camel registry.
	at com.middleware.backend.kaotocamel.service.DynamicRouteService.loadRoute(DynamicRouteService.java:997)
	at com.middleware.backend.kaotocamel.service.DynamicRouteService.syncRouteStatuses(DynamicRouteService.java:1389)
	at java.base/jdk.internal.reflect.DirectMethodHandleAccessor.invoke(DirectMethodHandleAccessor.java:103)
	at java.base/java.lang.reflect.Method.invoke(Method.java:580)
	at org.springframework.aop.support.AopUtils.invokeJoinpointUsingReflection(AopUtils.java:359)
	at org.springframework.aop.framework.ReflectiveMethodInvocation.invokeJoinpoint(ReflectiveMethodInvocation.java:196)
	at org.springframework.aop.framework.ReflectiveMethodInvocation.proceed(ReflectiveMethodInvocation.java:163)
	at org.springframework.transaction.interceptor.TransactionAspectSupport.invokeWithinTransaction(TransactionAspectSupport.java:380)
	at org.springframework.transaction.interceptor.TransactionInterceptor.invoke(TransactionInterceptor.java:119)
	at org.springframework.aop.framework.ReflectiveMethodInvocation.proceed(ReflectiveMethodInvocation.java:184)
	at org.springframework.aop.framework.CglibAopProxy$DynamicAdvisedInterceptor.intercept(CglibAopProxy.java:727)
	at com.middleware.backend.kaotocamel.service.DynamicRouteService$$SpringCGLIB$$0.syncRouteStatuses(<generated>)
	at java.base/jdk.internal.reflect.DirectMethodHandleAccessor.invoke(DirectMethodHandleAccessor.java:103)
	at java.base/java.lang.reflect.Method.invoke(Method.java:580)
	at org.springframework.scheduling.support.ScheduledMethodRunnable.runInternal(ScheduledMethodRunnable.java:130)
	at org.springframework.scheduling.support.ScheduledMethodRunnable.lambda$run$2(ScheduledMethodRunnable.java:124)
	at io.micrometer.observation.Observation.observe(Observation.java:498)
	at org.springframework.scheduling.support.ScheduledMethodRunnable.run(ScheduledMethodRunnable.java:124)
	at org.springframework.scheduling.config.Task$OutcomeTrackingRunnable.run(Task.java:85)
	at org.springframework.scheduling.support.DelegatingErrorHandlingRunnable.run(DelegatingErrorHandlingRunnable.java:54)
	at java.base/java.util.concurrent.Executors$RunnableAdapter.call(Executors.java:572)
	at java.base/java.util.concurrent.FutureTask.runAndReset(FutureTask.java:358)
	at java.base/java.util.concurrent.ScheduledThreadPoolExecutor$ScheduledFutureTask.run(ScheduledThreadPoolExecutor.java:305)
	at java.base/java.util.concurrent.ThreadPoolExecutor.runWorker(ThreadPoolExecutor.java:1144)
	at java.base/java.util.concurrent.ThreadPoolExecutor$Worker.run(ThreadPoolExecutor.java:642)
	at java.base/java.lang.Thread.run(Thread.java:1575)
Caused by: org.apache.camel.FailedToCreateRouteException: Failed to create route dhis2-hakeem-route at: >>> To[hakeem:process] <<< in route: Route(dhis2-hakeem-route)[From[rest:post:/dhis2/dataset] -> ... because of Failed to resolve endpoint: hakeem://process due to: Dhis2Service is required but not found in Camel registry.
	at org.apache.camel.reifier.RouteReifier.doCreateRoute(RouteReifier.java:228)
	at org.apache.camel.reifier.RouteReifier.createRoute(RouteReifier.java:79)
	at org.apache.camel.impl.DefaultModelReifierFactory.createRoute(DefaultModelReifierFactory.java:49)
	at org.apache.camel.impl.DefaultCamelContext.startRouteDefinitions(DefaultCamelContext.java:728)
	at org.apache.camel.impl.DefaultModel.addRouteDefinitions(DefaultModel.java:249)
	at org.apache.camel.impl.DefaultCamelContext.addRouteDefinitions(DefaultCamelContext.java:287)
	at org.apache.camel.builder.RouteBuilder.populateRoutes(RouteBuilder.java:851)
	at org.apache.camel.builder.RouteBuilder.addRoutesToCamelContext(RouteBuilder.java:669)
	at org.apache.camel.impl.engine.AbstractCamelContext.addRoutes(AbstractCamelContext.java:983)
	at com.middleware.backend.kaotocamel.service.DynamicRouteService.loadRoute(DynamicRouteService.java:995)
	... 25 common frames omitted
Caused by: org.apache.camel.ResolveEndpointFailedException: Failed to resolve endpoint: hakeem://process due to: Dhis2Service is required but not found in Camel registry.
	at org.apache.camel.impl.engine.AbstractCamelContext.doGetEndpoint(AbstractCamelContext.java:830)
	at org.apache.camel.impl.engine.AbstractCamelContext.getEndpoint(AbstractCamelContext.java:730)
	at org.apache.camel.support.CamelContextHelper.resolveEndpoint(CamelContextHelper.java:123)
	at org.apache.camel.reifier.SendReifier.resolveEndpoint(SendReifier.java:47)
	at org.apache.camel.reifier.SendReifier.createProcessor(SendReifier.java:37)
	at org.apache.camel.reifier.ProcessorReifier.makeProcessor(ProcessorReifier.java:879)
	at org.apache.camel.reifier.ProcessorReifier.addRoutes(ProcessorReifier.java:619)
	at org.apache.camel.reifier.RouteReifier.doCreateRoute(RouteReifier.java:224)
	... 34 common frames omitted
Caused by: java.lang.IllegalStateException: Dhis2Service is required but not found in Camel registry.
	at com.middleware.dhis2.Dhis2Component.createEndpoint(Dhis2Component.java:47)
	at org.apache.camel.support.DefaultComponent.createEndpoint(DefaultComponent.java:170)
	at org.apache.camel.impl.engine.AbstractCamelContext.doGetEndpoint(AbstractCamelContext.java:796)
	... 41 common frames omitted
2025-09-18 16:13:50 [scheduling-1] INFO  c.m.b.k.service.DynamicRouteService - Completed route status sync
2025-09-18 16:13:50 [main] INFO  c.m.b.k.service.SequenceFixService - Sequence public.integration_mapping_id_seq initialized. setval returned 1
2025-09-18 16:13:50 [main] INFO  c.m.b.k.service.SequenceFixService - Sequence fix done.
2025-09-18 16:13:51 [SpringApplicationShutdownHook] DEBUG o.s.w.c.s.GenericWebApplicationContext - Closing org.springframework.web.context.support.GenericWebApplicationContext@4a05d8ae, started on Thu Sep 18 16:13:29 EEST 2025
2025-09-18 16:13:51 [SpringApplicationShutdownHook] INFO  org.quartz.core.QuartzScheduler - Scheduler quartzScheduler_$_NON_CLUSTERED paused.
2025-09-18 16:13:51 [SpringApplicationShutdownHook] INFO  o.a.c.i.engine.AbstractCamelContext - Apache Camel 4.4.0 (camel-1) is shutting down (timeout:45s)
2025-09-18 16:13:51 [SpringApplicationShutdownHook] INFO  o.a.c.i.engine.AbstractCamelContext - Routes stopped (stopped:0)
2025-09-18 16:13:51 [SpringApplicationShutdownHook] INFO  o.a.c.i.engine.AbstractCamelContext - Apache Camel 4.4.0 (camel-1) shutdown in 9ms (uptime:1s)
2025-09-18 16:13:51 [SpringApplicationShutdownHook] INFO  org.quartz.core.QuartzScheduler - Scheduler quartzScheduler_$_NON_CLUSTERED shutting down.
2025-09-18 16:13:51 [SpringApplicationShutdownHook] INFO  org.quartz.core.QuartzScheduler - Scheduler quartzScheduler_$_NON_CLUSTERED paused.
2025-09-18 16:13:51 [SpringApplicationShutdownHook] INFO  org.quartz.core.QuartzScheduler - Scheduler quartzScheduler_$_NON_CLUSTERED shutdown complete.
2025-09-18 16:19:08 [background-preinit] INFO  o.h.validator.internal.util.Version - HV000001: Hibernate Validator 8.0.2.Final
2025-09-18 16:19:08 [main] INFO  c.m.MiddlewareApplicationTests - Starting MiddlewareApplicationTests using Java 23-valhalla with PID 31716 (started by omard in C:\Users\omard\Desktop\Work\back-end)
2025-09-18 16:19:08 [main] INFO  c.m.MiddlewareApplicationTests - No active profile set, falling back to 1 default profile: "default"
2025-09-18 16:19:09 [main] DEBUG o.s.w.c.s.GenericWebApplicationContext - Refreshing org.springframework.web.context.support.GenericWebApplicationContext@4a05d8ae
2025-09-18 16:19:13 [main] INFO  o.h.jpa.internal.util.LogHelper - HHH000204: Processing PersistenceUnitInfo [name: default]
2025-09-18 16:19:13 [main] INFO  org.hibernate.Version - HHH000412: Hibernate ORM core version 6.6.11.Final
2025-09-18 16:19:13 [main] INFO  o.h.c.i.RegionFactoryInitiator - HHH000026: Second-level cache disabled
2025-09-18 16:19:13 [main] WARN  org.hibernate.orm.deprecation - HHH90000025: PostgreSQLDialect does not need to be specified explicitly using 'hibernate.dialect' (remove the property setting and it will be selected by default)
2025-09-18 16:19:13 [main] INFO  o.hibernate.orm.connections.pooling - HHH10001005: Database info:
	Database JDBC URL [Connecting through datasource 'org.springframework.jdbc.datasource.DriverManagerDataSource@4c579b5b']
	Database driver: undefined/unknown
	Database version: 17.4
	Autocommit mode: undefined/unknown
	Isolation level: undefined/unknown
	Minimum pool size: undefined/unknown
	Maximum pool size: undefined/unknown
2025-09-18 16:19:15 [main] INFO  o.h.e.t.j.p.i.JtaPlatformInitiator - HHH000489: No JTA platform available (set 'hibernate.transaction.jta.platform' to enable JTA platform integration)
2025-09-18 16:19:17 [main] INFO  o.a.camel.util.concurrent.ThreadType - The type of thread detected is PLATFORM
2025-09-18 16:19:20 [main] INFO  org.quartz.impl.StdSchedulerFactory - Using default implementation for ThreadExecutor
2025-09-18 16:19:20 [main] INFO  o.quartz.core.SchedulerSignalerImpl - Initialized Scheduler Signaller of type: class org.quartz.core.SchedulerSignalerImpl
2025-09-18 16:19:20 [main] INFO  org.quartz.core.QuartzScheduler - Quartz Scheduler v.2.3.2 created.
2025-09-18 16:19:20 [main] INFO  org.quartz.simpl.RAMJobStore - RAMJobStore initialized.
2025-09-18 16:19:20 [main] INFO  org.quartz.core.QuartzScheduler - Scheduler meta-data: Quartz Scheduler (v2.3.2) 'quartzScheduler' with instanceId 'NON_CLUSTERED'
  Scheduler class: 'org.quartz.core.QuartzScheduler' - running locally.
  NOT STARTED.
  Currently in standby mode.
  Number of jobs executed: 0
  Using thread pool 'org.quartz.simpl.SimpleThreadPool' - with 10 threads.
  Using job-store 'org.quartz.simpl.RAMJobStore' - which does not support persistence. and is not clustered.

2025-09-18 16:19:20 [main] INFO  org.quartz.impl.StdSchedulerFactory - Quartz scheduler 'quartzScheduler' initialized from an externally provided properties instance.
2025-09-18 16:19:20 [main] INFO  org.quartz.impl.StdSchedulerFactory - Quartz scheduler version: 2.3.2
2025-09-18 16:19:20 [main] INFO  org.quartz.core.QuartzScheduler - JobFactory set to: org.springframework.scheduling.quartz.SpringBeanJobFactory@122984d1
2025-09-18 16:19:20 [main] INFO  c.m.b.k.i.Dhis2HeaderFilterConfig - === Configuring DHIS2 Header Filter (Static Test) ===
2025-09-18 16:19:20 [main] INFO  c.m.b.k.i.Dhis2HeaderFilterConfig - DHIS2 Header Filter configured - allowing most headers for testing
2025-09-18 16:19:21 [main] DEBUG o.s.w.s.m.m.a.RequestMappingHandlerMapping - 123 mappings in 'requestMappingHandlerMapping'
2025-09-18 16:19:21 [main] DEBUG o.s.w.s.h.SimpleUrlHandlerMapping - Patterns [/webjars/**, /**, /swagger-ui*/*swagger-initializer.js, /swagger-ui*/**] in 'resourceHandlerMapping'
2025-09-18 16:19:22 [main] DEBUG o.s.w.s.m.m.a.RequestMappingHandlerAdapter - ControllerAdvice beans: 0 @ModelAttribute, 0 @InitBinder, 1 RequestBodyAdvice, 1 ResponseBodyAdvice
2025-09-18 16:19:22 [main] DEBUG o.s.w.s.m.m.a.ExceptionHandlerExceptionResolver - ControllerAdvice beans: 2 @ExceptionHandler, 1 ResponseBodyAdvice
2025-09-18 16:19:23 [main] INFO  org.quartz.core.QuartzScheduler - Scheduler quartzScheduler_$_NON_CLUSTERED started.
2025-09-18 16:19:23 [scheduling-1] INFO  c.m.b.k.service.DynamicRouteService - Starting route status sync with Camel context
2025-09-18 16:19:23 [main] INFO  o.a.c.i.engine.AbstractCamelContext - Apache Camel 4.4.0 (camel-1) is starting
2025-09-18 16:19:23 [main] INFO  o.a.c.i.engine.AbstractCamelContext - Routes startup (started:0)
2025-09-18 16:19:23 [main] INFO  o.a.c.i.engine.AbstractCamelContext - Apache Camel 4.4.0 (camel-1) started in 24ms (build:0ms init:0ms start:24ms)
2025-09-18 16:19:23 [main] INFO  c.m.MiddlewareApplicationTests - Started MiddlewareApplicationTests in 15.478 seconds (process running for 19.45)
2025-09-18 16:19:23 [main] INFO  c.m.b.k.service.SequenceFixService - Fixing sequence for integration_mapping.id ...
2025-09-18 16:19:23 [scheduling-1] INFO  com.middleware.dhis2.Dhis2Component - Dhis2Component initialized.
2025-09-18 16:19:23 [scheduling-1] INFO  com.middleware.dhis2.Dhis2Endpoint - Dhis2Endpoint created for URI: hakeem://process with operation: process
2025-09-18 16:19:23 [scheduling-1] INFO  com.middleware.dhis2.Dhis2Component - Dhis2Service successfully looked up from Camel registry.
2025-09-18 16:19:23 [scheduling-1] INFO  com.middleware.dhis2.Dhis2Component - Created Dhis2Endpoint: hakeem://process
2025-09-18 16:19:23 [scheduling-1] INFO  com.middleware.dhis2.Dhis2Endpoint - Creating Dhis2Producer for endpoint: hakeem://process with operation: process
2025-09-18 16:19:23 [main] INFO  c.m.b.k.service.SequenceFixService - Sequence public.integration_mapping_id_seq initialized. setval returned 1
2025-09-18 16:19:23 [main] INFO  c.m.b.k.service.SequenceFixService - Sequence fix done.
2025-09-18 16:19:23 [scheduling-1] INFO  c.m.b.k.service.DynamicRouteService - Re-added route dhis2-hakeem-route to context (DB says active)
2025-09-18 16:19:23 [scheduling-1] INFO  c.m.b.k.service.DynamicRouteService - Completed route status sync
2025-09-18 16:19:24 [SpringApplicationShutdownHook] DEBUG o.s.w.c.s.GenericWebApplicationContext - Closing org.springframework.web.context.support.GenericWebApplicationContext@4a05d8ae, started on Thu Sep 18 16:19:09 EEST 2025
2025-09-18 16:19:24 [SpringApplicationShutdownHook] INFO  org.quartz.core.QuartzScheduler - Scheduler quartzScheduler_$_NON_CLUSTERED paused.
2025-09-18 16:19:24 [SpringApplicationShutdownHook] INFO  o.a.c.i.engine.AbstractCamelContext - Apache Camel 4.4.0 (camel-1) is shutting down (timeout:45s)
2025-09-18 16:19:24 [SpringApplicationShutdownHook] INFO  o.a.c.i.engine.AbstractCamelContext - Routes stopped (stopped:1)
2025-09-18 16:19:24 [SpringApplicationShutdownHook] INFO  o.a.c.i.engine.AbstractCamelContext -     Stopped dhis2-hakeem-route (rest://post:/dhis2/dataset)
2025-09-18 16:19:24 [SpringApplicationShutdownHook] INFO  o.a.c.i.engine.AbstractCamelContext - Apache Camel 4.4.0 (camel-1) shutdown in 15ms (uptime:1s)
2025-09-18 16:19:24 [SpringApplicationShutdownHook] INFO  org.quartz.core.QuartzScheduler - Scheduler quartzScheduler_$_NON_CLUSTERED shutting down.
2025-09-18 16:19:24 [SpringApplicationShutdownHook] INFO  org.quartz.core.QuartzScheduler - Scheduler quartzScheduler_$_NON_CLUSTERED paused.
2025-09-18 16:19:24 [SpringApplicationShutdownHook] INFO  org.quartz.core.QuartzScheduler - Scheduler quartzScheduler_$_NON_CLUSTERED shutdown complete.
2025-09-18 16:20:29 [background-preinit] INFO  o.h.validator.internal.util.Version - HV000001: Hibernate Validator 8.0.2.Final
2025-09-18 16:20:29 [main] INFO  c.middleware.MiddlewareApplication - Starting MiddlewareApplication using Java 23-valhalla with PID 14344 (C:\Users\omard\Desktop\Work\back-end\target\classes started by omard in C:\Users\omard\Desktop\Work\back-end)
2025-09-18 16:20:29 [main] INFO  c.middleware.MiddlewareApplication - No active profile set, falling back to 1 default profile: "default"
2025-09-18 16:20:31 [main] INFO  o.a.coyote.http11.Http11NioProtocol - Initializing ProtocolHandler ["http-nio-8081"]
2025-09-18 16:20:31 [main] INFO  o.a.catalina.core.StandardService - Starting service [Tomcat]
2025-09-18 16:20:31 [main] INFO  o.a.catalina.core.StandardEngine - Starting Servlet engine: [Apache Tomcat/10.1.39]
2025-09-18 16:20:31 [main] INFO  o.a.c.c.C.[Tomcat].[localhost].[/] - Initializing Spring embedded WebApplicationContext
2025-09-18 16:20:32 [main] INFO  o.h.jpa.internal.util.LogHelper - HHH000204: Processing PersistenceUnitInfo [name: default]
2025-09-18 16:20:32 [main] INFO  org.hibernate.Version - HHH000412: Hibernate ORM core version 6.6.11.Final
2025-09-18 16:20:32 [main] INFO  o.h.c.i.RegionFactoryInitiator - HHH000026: Second-level cache disabled
2025-09-18 16:20:32 [main] WARN  org.hibernate.orm.deprecation - HHH90000025: PostgreSQLDialect does not need to be specified explicitly using 'hibernate.dialect' (remove the property setting and it will be selected by default)
2025-09-18 16:20:32 [main] INFO  o.hibernate.orm.connections.pooling - HHH10001005: Database info:
	Database JDBC URL [Connecting through datasource 'org.springframework.jdbc.datasource.DriverManagerDataSource@4e933cf1']
	Database driver: undefined/unknown
	Database version: 17.4
	Autocommit mode: undefined/unknown
	Isolation level: undefined/unknown
	Minimum pool size: undefined/unknown
	Maximum pool size: undefined/unknown
2025-09-18 16:20:34 [main] INFO  o.h.e.t.j.p.i.JtaPlatformInitiator - HHH000489: No JTA platform available (set 'hibernate.transaction.jta.platform' to enable JTA platform integration)
2025-09-18 16:20:36 [main] INFO  o.a.camel.util.concurrent.ThreadType - The type of thread detected is PLATFORM
2025-09-18 16:20:38 [main] DEBUG o.s.w.f.ServerHttpObservationFilter - Filter 'webMvcObservationFilter' configured for use
2025-09-18 16:20:38 [main] DEBUG o.s.w.f.CommonsRequestLoggingFilter - Filter 'logFilter' configured for use
2025-09-18 16:20:38 [main] DEBUG c.m.b.users.config.JwtRequestFilter - Filter 'jwtRequestFilter' configured for use
2025-09-18 16:20:39 [main] INFO  org.quartz.impl.StdSchedulerFactory - Using default implementation for ThreadExecutor
2025-09-18 16:20:39 [main] INFO  o.quartz.core.SchedulerSignalerImpl - Initialized Scheduler Signaller of type: class org.quartz.core.SchedulerSignalerImpl
2025-09-18 16:20:39 [main] INFO  org.quartz.core.QuartzScheduler - Quartz Scheduler v.2.3.2 created.
2025-09-18 16:20:39 [main] INFO  org.quartz.simpl.RAMJobStore - RAMJobStore initialized.
2025-09-18 16:20:39 [main] INFO  org.quartz.core.QuartzScheduler - Scheduler meta-data: Quartz Scheduler (v2.3.2) 'quartzScheduler' with instanceId 'NON_CLUSTERED'
  Scheduler class: 'org.quartz.core.QuartzScheduler' - running locally.
  NOT STARTED.
  Currently in standby mode.
  Number of jobs executed: 0
  Using thread pool 'org.quartz.simpl.SimpleThreadPool' - with 10 threads.
  Using job-store 'org.quartz.simpl.RAMJobStore' - which does not support persistence. and is not clustered.

2025-09-18 16:20:39 [main] INFO  org.quartz.impl.StdSchedulerFactory - Quartz scheduler 'quartzScheduler' initialized from an externally provided properties instance.
2025-09-18 16:20:39 [main] INFO  org.quartz.impl.StdSchedulerFactory - Quartz scheduler version: 2.3.2
2025-09-18 16:20:39 [main] INFO  org.quartz.core.QuartzScheduler - JobFactory set to: org.springframework.scheduling.quartz.SpringBeanJobFactory@6726245e
2025-09-18 16:20:39 [main] INFO  c.m.b.k.i.Dhis2HeaderFilterConfig - === Configuring DHIS2 Header Filter (Static Test) ===
2025-09-18 16:20:39 [main] INFO  c.m.b.k.i.Dhis2HeaderFilterConfig - DHIS2 Header Filter configured - allowing most headers for testing
2025-09-18 16:20:40 [main] DEBUG o.s.w.s.m.m.a.RequestMappingHandlerMapping - 123 mappings in 'requestMappingHandlerMapping'
2025-09-18 16:20:40 [main] DEBUG o.s.w.s.h.SimpleUrlHandlerMapping - Patterns [/webjars/**, /**, /swagger-ui*/*swagger-initializer.js, /swagger-ui*/**] in 'resourceHandlerMapping'
2025-09-18 16:20:41 [main] DEBUG o.s.w.s.m.m.a.RequestMappingHandlerAdapter - ControllerAdvice beans: 0 @ModelAttribute, 0 @InitBinder, 1 RequestBodyAdvice, 1 ResponseBodyAdvice
2025-09-18 16:20:41 [main] DEBUG o.s.w.s.m.m.a.ExceptionHandlerExceptionResolver - ControllerAdvice beans: 2 @ExceptionHandler, 1 ResponseBodyAdvice
2025-09-18 16:20:42 [main] INFO  o.a.coyote.http11.Http11NioProtocol - Starting ProtocolHandler ["http-nio-8081"]
2025-09-18 16:20:42 [main] INFO  o.a.c.c.s.CamelHttpTransportServlet - Initialized CamelHttpTransportServlet[name=CamelServlet, contextPath=]
2025-09-18 16:20:42 [main] INFO  org.quartz.core.QuartzScheduler - Scheduler quartzScheduler_$_NON_CLUSTERED started.
2025-09-18 16:20:42 [main] INFO  o.a.c.i.engine.AbstractCamelContext - Apache Camel 4.4.0 (camel-1) is starting
2025-09-18 16:20:42 [main] INFO  o.a.c.i.engine.AbstractCamelContext - Routes startup (started:0)
2025-09-18 16:20:42 [main] INFO  o.a.c.i.engine.AbstractCamelContext - Apache Camel 4.4.0 (camel-1) started in 9ms (build:0ms init:0ms start:9ms)
2025-09-18 16:20:42 [main] INFO  c.middleware.MiddlewareApplication - Started MiddlewareApplication in 13.973 seconds (process running for 15.136)
2025-09-18 16:20:42 [main] INFO  c.m.b.k.service.SequenceFixService - Fixing sequence for integration_mapping.id ...
2025-09-18 16:20:42 [scheduling-1] INFO  c.m.b.k.service.DynamicRouteService - Starting route status sync with Camel context
2025-09-18 16:20:43 [main] INFO  c.m.b.k.service.SequenceFixService - Sequence public.integration_mapping_id_seq initialized. setval returned 1
2025-09-18 16:20:43 [main] INFO  c.m.b.k.service.SequenceFixService - Sequence fix done.
2025-09-18 16:20:43 [RMI TCP Connection(2)-192.168.88.6] INFO  o.a.c.c.C.[Tomcat].[localhost].[/] - Initializing Spring DispatcherServlet 'dispatcherServlet'
2025-09-18 16:20:43 [RMI TCP Connection(2)-192.168.88.6] INFO  o.s.web.servlet.DispatcherServlet - Initializing Servlet 'dispatcherServlet'
2025-09-18 16:20:43 [RMI TCP Connection(2)-192.168.88.6] DEBUG o.s.web.servlet.DispatcherServlet - Detected StandardServletMultipartResolver
2025-09-18 16:20:43 [RMI TCP Connection(2)-192.168.88.6] DEBUG o.s.web.servlet.DispatcherServlet - Detected AcceptHeaderLocaleResolver
2025-09-18 16:20:43 [RMI TCP Connection(2)-192.168.88.6] DEBUG o.s.web.servlet.DispatcherServlet - Detected FixedThemeResolver
2025-09-18 16:20:43 [RMI TCP Connection(2)-192.168.88.6] DEBUG o.s.web.servlet.DispatcherServlet - Detected org.springframework.web.servlet.view.DefaultRequestToViewNameTranslator@62405ebc
2025-09-18 16:20:43 [RMI TCP Connection(2)-192.168.88.6] DEBUG o.s.web.servlet.DispatcherServlet - Detected org.springframework.web.servlet.support.SessionFlashMapManager@1006738a
2025-09-18 16:20:43 [RMI TCP Connection(2)-192.168.88.6] DEBUG o.s.web.servlet.DispatcherServlet - enableLoggingRequestDetails='false': request parameters and headers will be masked to prevent unsafe logging of potentially sensitive data
2025-09-18 16:20:43 [RMI TCP Connection(2)-192.168.88.6] INFO  o.s.web.servlet.DispatcherServlet - Completed initialization in 5 ms
2025-09-18 16:20:43 [scheduling-1] INFO  com.middleware.dhis2.Dhis2Component - Dhis2Component initialized.
2025-09-18 16:20:43 [scheduling-1] INFO  com.middleware.dhis2.Dhis2Endpoint - Dhis2Endpoint created for URI: hakeem://process with operation: process
2025-09-18 16:20:43 [scheduling-1] INFO  com.middleware.dhis2.Dhis2Component - Dhis2Service successfully looked up from Camel registry.
2025-09-18 16:20:43 [scheduling-1] INFO  com.middleware.dhis2.Dhis2Component - Created Dhis2Endpoint: hakeem://process
2025-09-18 16:20:43 [scheduling-1] INFO  com.middleware.dhis2.Dhis2Endpoint - Creating Dhis2Producer for endpoint: hakeem://process with operation: process
2025-09-18 16:20:43 [scheduling-1] INFO  c.m.b.k.service.DynamicRouteService - Re-added route dhis2-hakeem-route to context (DB says active)
2025-09-18 16:20:43 [scheduling-1] INFO  c.m.b.k.service.DynamicRouteService - Completed route status sync
2025-09-18 16:21:12 [scheduling-1] INFO  c.m.b.k.service.DynamicRouteService - Starting route status sync with Camel context
2025-09-18 16:21:12 [scheduling-1] INFO  c.m.b.k.service.DynamicRouteService - Completed route status sync
2025-09-18 16:21:42 [scheduling-1] INFO  c.m.b.k.service.DynamicRouteService - Starting route status sync with Camel context
2025-09-18 16:21:42 [scheduling-1] INFO  c.m.b.k.service.DynamicRouteService - Completed route status sync
2025-09-18 16:22:11 [http-nio-8081-exec-1] INFO  c.m.b.k.service.DynamicRouteService - Fetching active routes with pagination
2025-09-18 16:22:12 [http-nio-8081-exec-1] INFO  c.m.b.k.service.DynamicRouteService - Fetching active routes with pagination
2025-09-18 16:22:12 [http-nio-8081-exec-1] DEBUG o.s.w.f.CommonsRequestLoggingFilter - Before request [POST /camel/dhis2/dataset?transactionUUID=b50ac3b6-c74f-469d-bc43-5e8031e4615d&dry-run=false, client=0:0:0:0:0:0:0:1, user=hakeem@mail.com]
2025-09-18 16:22:12 [http-nio-8081-exec-1] INFO  c.m.b.policy.LoggingRoutePolicy - LoggingRoutePolicy.onExchangeBegin: Route [dhis2-hakeem-route] - Incoming exchange: DE8AD232736C72D-0000000000000000
2025-09-18 16:22:12 [http-nio-8081-exec-1] DEBUG c.m.b.l.s.MiddlewareApiCallLogService - createTransactionSync... creating log for Route [dhis2-hakeem-route] - Exchange content: {CamelCharsetName=UTF-8}
2025-09-18 16:22:12 [http-nio-8081-exec-1] DEBUG c.m.b.l.s.MiddlewareApiCallLogService - UUID validation passed for: b50ac3b6-c74f-469d-bc43-5e8031e4615d
2025-09-18 16:22:12 [http-nio-8081-exec-1] DEBUG c.m.b.l.s.MiddlewareApiCallLogService - First attempt for new UUID: b50ac3b6-c74f-469d-bc43-5e8031e4615d
2025-09-18 16:22:12 [http-nio-8081-exec-1] INFO  c.m.b.policy.LoggingRoutePolicy - LoggingRoutePolicy.onExchangeBegin: Route [dhis2-hakeem-route] - call log created with ID 10
2025-09-18 16:22:12 [http-nio-8081-exec-1] INFO  com.middleware.dhis2.Dhis2Producer - Processing DHIS2 operation: process
2025-09-18 16:22:12 [http-nio-8081-exec-1] INFO  com.middleware.dhis2.Dhis2Producer - Built request - scheme=CODE, strategy=NEW_AND_UPDATES, dryRun=false
2025-09-18 16:22:12 [http-nio-8081-exec-1] INFO  c.m.b.c.Dhis2ComponentConfiguration - Starting complete DHIS2 processing pipeline
2025-09-18 16:22:12 [http-nio-8081-exec-1] INFO  c.m.b.c.Dhis2ComponentConfiguration - Executing CSV Guard validation with actual logic
2025-09-18 16:22:12 [http-nio-8081-exec-1] INFO  c.m.b.k.integrationBeans.CsvGuard - === CSV Guard Processing ===
2025-09-18 16:22:12 [http-nio-8081-exec-1] INFO  c.m.b.k.integrationBeans.CsvGuard - CSV Guard OK — bytes=3687, scheme=CODE, strategy=NEW_AND_UPDATES, dryRun=false, qBase=async=false&preheatCache=false&skipAudit=false&skipExistingCheck=false&firstRowIsHeader=true&strategy=NEW_AND_UPDATES&dataElementIdScheme=CODE&orgUnitIdScheme=CODE&categoryOptionComboIdScheme=CODE&attributeOptionComboIdScheme=CODE&idScheme=CODE
2025-09-18 16:22:12 [http-nio-8081-exec-1] INFO  c.m.b.k.integrationBeans.CsvGuard - === CSV Guard Processing ===
2025-09-18 16:22:12 [http-nio-8081-exec-1] INFO  c.m.b.k.integrationBeans.CsvGuard - CSV Guard OK — bytes=3687, scheme=CODE, strategy=NEW_AND_UPDATES, dryRun=false, qBase=async=false&preheatCache=false&skipAudit=false&skipExistingCheck=false&firstRowIsHeader=true&strategy=NEW_AND_UPDATES&dataElementIdScheme=CODE&orgUnitIdScheme=CODE&categoryOptionComboIdScheme=CODE&attributeOptionComboIdScheme=CODE&idScheme=CODE
2025-09-18 16:22:12 [http-nio-8081-exec-1] INFO  c.m.b.c.Dhis2ComponentConfiguration - Executing CSV upload with actual DHIS2 logic
2025-09-18 16:22:12 [http-nio-8081-exec-1] INFO  c.m.b.k.i.Dhis2CsvDryRunThenCommit - === DHIS2 CSV Upload Starting ===
2025-09-18 16:22:12 [http-nio-8081-exec-1] INFO  c.m.b.k.i.Dhis2CsvDryRunThenCommit - CSV size=3687 bytes, dryRunMode=false
2025-09-18 16:22:12 [http-nio-8081-exec-1] INFO  c.m.b.k.i.Dhis2CsvDryRunThenCommit - Calling DHIS2 https://play.im.dhis2.org/stable-2-41-5/api/dataValueSets?dryRun=false&async=false&preheatCache=false&skipAudit=false&skipExistingCheck=false&firstRowIsHeader=true&strategy=NEW_AND_UPDATES&dataElementIdScheme=CODE&orgUnitIdScheme=CODE&categoryOptionComboIdScheme=CODE&attributeOptionComboIdScheme=CODE&idScheme=CODE
2025-09-18 16:22:12 [scheduling-1] INFO  c.m.b.k.service.DynamicRouteService - Starting route status sync with Camel context
2025-09-18 16:22:12 [scheduling-1] INFO  c.m.b.k.service.DynamicRouteService - Completed route status sync
2025-09-18 16:22:13 [http-nio-8081-exec-1] INFO  c.m.b.k.i.Dhis2CsvDryRunThenCommit - Direct import httpCode=409, bodyPreview={"httpStatus":"Conflict","httpStatusCode":409,"status":"WARNING","message":"One more conflicts encountered, please check import summary.","response":{"responseType":"ImportSummary","status":"WARNING",
2025-09-18 16:22:13 [http-nio-8081-exec-1] DEBUG o.s.w.f.CommonsRequestLoggingFilter - After request [POST /camel/dhis2/dataset?transactionUUID=b50ac3b6-c74f-469d-bc43-5e8031e4615d&dry-run=false, client=0:0:0:0:0:0:0:1, user=hakeem@mail.com, payload=dataelement,period,orgunit,categoryoptioncombo,attributeoptioncombo,value
DE_19,202505,OU_559,COC_289,default,4
DE_19,202505,OU_559,COC_290,default,4
DE_19,2505,OU_559,COC_291,default,4
DE_20,202505,OU_559,COC_289,default,4
DE_20,202505,OU_559,COC_290,default,4
DE_20,202505,OU_559,COC_291,default,4
DE_21,202505,OU_559,COC_289,default,4
DE_21,202505,OU_559,COC_290,default,4
DE_21,202505,OU_559,COC_292,default,4
DE_22,202505,OU_559,COC_292,default,4
DE_23,202505,OU_559,CO_289,default,4
DE_23,202505,OU_559,COC_290,default,4
DE_23,202505,OU_559,COC_292,default,4
DE_24,202505,OU_559,COC_289,default,4
DE_24,202505,OU_559,COC_290,default,4
DE_24,20255,OU_559,COC_292,default,4
DE_25,202505,OU_559,COC_9,default,4
DE_25,202505,OU_559,COC_290,default,4
DE_25,202505,OU_559,COC_292,default,4
DE_33,202505,OU_559,COC_290,default,4
DE_33,202505,OU_559,COC_292,default,4
DE_34,202505,OU_559,COC_289,default,4
DE_34,202505,OU_559,COC_291,default,4
DE_34,202505,OU_559,COC_292,defaul]
2025-09-18 16:22:13 [task-1] DEBUG c.m.b.l.s.MiddlewareApiCallLogService - updateTransaction... updating Route [servlet:/dhis2/dataset?httpMethodRestrict=POST] - Exchange content: {transactionUUID=b50ac3b6-c74f-469d-bc43-5e8031e4615d, CamelCharsetName=UTF-8, CamelToEndpoint=hakeem://process, apiLogId=10}
2025-09-18 16:22:13 [task-1] INFO  c.m.b.l.s.MiddlewareApiCallLogService - Transaction a66c055f-d6d3-4d78-95ee-76ef8eaea68d for routeId: dhis2-hakeem-route updated successfully: status=COMPLETED, responseCode=409
2025-09-18 16:22:16 [SpringApplicationShutdownHook] INFO  org.quartz.core.QuartzScheduler - Scheduler quartzScheduler_$_NON_CLUSTERED paused.
2025-09-18 16:22:16 [SpringApplicationShutdownHook] INFO  o.a.c.i.engine.AbstractCamelContext - Apache Camel 4.4.0 (camel-1) is shutting down (timeout:45s)
2025-09-18 16:22:16 [SpringApplicationShutdownHook] INFO  o.a.c.i.engine.AbstractCamelContext - Routes stopped (stopped:1)
2025-09-18 16:22:16 [SpringApplicationShutdownHook] INFO  o.a.c.i.engine.AbstractCamelContext -     Stopped dhis2-hakeem-route (rest://post:/dhis2/dataset)
2025-09-18 16:22:16 [SpringApplicationShutdownHook] INFO  o.a.c.i.engine.AbstractCamelContext - Apache Camel 4.4.0 (camel-1) shutdown in 12ms (uptime:1m34s)
2025-09-18 16:22:16 [SpringApplicationShutdownHook] INFO  org.quartz.core.QuartzScheduler - Scheduler quartzScheduler_$_NON_CLUSTERED shutting down.
2025-09-18 16:22:16 [SpringApplicationShutdownHook] INFO  org.quartz.core.QuartzScheduler - Scheduler quartzScheduler_$_NON_CLUSTERED paused.
2025-09-18 16:22:16 [SpringApplicationShutdownHook] INFO  org.quartz.core.QuartzScheduler - Scheduler quartzScheduler_$_NON_CLUSTERED shutdown complete.
2025-09-18 16:22:16 [SpringApplicationShutdownHook] INFO  o.a.c.c.s.CamelHttpTransportServlet - Destroyed CamelHttpTransportServlet[CamelServlet]
2025-09-18 17:10:54 [background-preinit] INFO  o.h.validator.internal.util.Version - HV000001: Hibernate Validator 8.0.2.Final
2025-09-18 17:10:54 [main] INFO  c.middleware.MiddlewareApplication - Starting MiddlewareApplication using Java 23-valhalla with PID 1632 (C:\Users\omard\Desktop\Work\back-end\target\classes started by omard in C:\Users\omard\Desktop\Work\back-end)
2025-09-18 17:10:54 [main] INFO  c.middleware.MiddlewareApplication - No active profile set, falling back to 1 default profile: "default"
2025-09-18 17:10:58 [main] INFO  o.a.coyote.http11.Http11NioProtocol - Initializing ProtocolHandler ["http-nio-8081"]
2025-09-18 17:10:58 [main] INFO  o.a.catalina.core.StandardService - Starting service [Tomcat]
2025-09-18 17:10:58 [main] INFO  o.a.catalina.core.StandardEngine - Starting Servlet engine: [Apache Tomcat/10.1.39]
2025-09-18 17:10:58 [main] INFO  o.a.c.c.C.[Tomcat].[localhost].[/] - Initializing Spring embedded WebApplicationContext
2025-09-18 17:10:59 [main] INFO  o.h.jpa.internal.util.LogHelper - HHH000204: Processing PersistenceUnitInfo [name: default]
2025-09-18 17:10:59 [main] INFO  org.hibernate.Version - HHH000412: Hibernate ORM core version 6.6.11.Final
2025-09-18 17:10:59 [main] INFO  o.h.c.i.RegionFactoryInitiator - HHH000026: Second-level cache disabled
2025-09-18 17:11:00 [main] WARN  org.hibernate.orm.deprecation - HHH90000025: PostgreSQLDialect does not need to be specified explicitly using 'hibernate.dialect' (remove the property setting and it will be selected by default)
2025-09-18 17:11:00 [main] INFO  o.hibernate.orm.connections.pooling - HHH10001005: Database info:
	Database JDBC URL [Connecting through datasource 'org.springframework.jdbc.datasource.DriverManagerDataSource@63ed5dae']
	Database driver: undefined/unknown
	Database version: 17.4
	Autocommit mode: undefined/unknown
	Isolation level: undefined/unknown
	Minimum pool size: undefined/unknown
	Maximum pool size: undefined/unknown
2025-09-18 17:11:02 [main] INFO  o.h.e.t.j.p.i.JtaPlatformInitiator - HHH000489: No JTA platform available (set 'hibernate.transaction.jta.platform' to enable JTA platform integration)
2025-09-18 17:11:04 [main] INFO  o.a.camel.util.concurrent.ThreadType - The type of thread detected is PLATFORM
2025-09-18 17:11:06 [main] DEBUG o.s.w.f.ServerHttpObservationFilter - Filter 'webMvcObservationFilter' configured for use
2025-09-18 17:11:06 [main] DEBUG o.s.w.f.CommonsRequestLoggingFilter - Filter 'logFilter' configured for use
2025-09-18 17:11:06 [main] DEBUG c.m.b.users.config.JwtRequestFilter - Filter 'jwtRequestFilter' configured for use
2025-09-18 17:11:07 [main] INFO  org.quartz.impl.StdSchedulerFactory - Using default implementation for ThreadExecutor
2025-09-18 17:11:07 [main] INFO  o.quartz.core.SchedulerSignalerImpl - Initialized Scheduler Signaller of type: class org.quartz.core.SchedulerSignalerImpl
2025-09-18 17:11:07 [main] INFO  org.quartz.core.QuartzScheduler - Quartz Scheduler v.2.3.2 created.
2025-09-18 17:11:07 [main] INFO  org.quartz.simpl.RAMJobStore - RAMJobStore initialized.
2025-09-18 17:11:07 [main] INFO  org.quartz.core.QuartzScheduler - Scheduler meta-data: Quartz Scheduler (v2.3.2) 'quartzScheduler' with instanceId 'NON_CLUSTERED'
  Scheduler class: 'org.quartz.core.QuartzScheduler' - running locally.
  NOT STARTED.
  Currently in standby mode.
  Number of jobs executed: 0
  Using thread pool 'org.quartz.simpl.SimpleThreadPool' - with 10 threads.
  Using job-store 'org.quartz.simpl.RAMJobStore' - which does not support persistence. and is not clustered.

2025-09-18 17:11:07 [main] INFO  org.quartz.impl.StdSchedulerFactory - Quartz scheduler 'quartzScheduler' initialized from an externally provided properties instance.
2025-09-18 17:11:07 [main] INFO  org.quartz.impl.StdSchedulerFactory - Quartz scheduler version: 2.3.2
2025-09-18 17:11:07 [main] INFO  org.quartz.core.QuartzScheduler - JobFactory set to: org.springframework.scheduling.quartz.SpringBeanJobFactory@556733e4
2025-09-18 17:11:08 [main] INFO  c.m.b.k.i.Dhis2HeaderFilterConfig - === Configuring DHIS2 Header Filter (Static Test) ===
2025-09-18 17:11:08 [main] INFO  c.m.b.k.i.Dhis2HeaderFilterConfig - DHIS2 Header Filter configured - allowing most headers for testing
2025-09-18 17:11:08 [main] DEBUG o.s.w.s.m.m.a.RequestMappingHandlerMapping - 123 mappings in 'requestMappingHandlerMapping'
2025-09-18 17:11:09 [main] DEBUG o.s.w.s.h.SimpleUrlHandlerMapping - Patterns [/webjars/**, /**, /swagger-ui*/*swagger-initializer.js, /swagger-ui*/**] in 'resourceHandlerMapping'
2025-09-18 17:11:09 [main] DEBUG o.s.w.s.m.m.a.RequestMappingHandlerAdapter - ControllerAdvice beans: 0 @ModelAttribute, 0 @InitBinder, 1 RequestBodyAdvice, 1 ResponseBodyAdvice
2025-09-18 17:11:09 [main] DEBUG o.s.w.s.m.m.a.ExceptionHandlerExceptionResolver - ControllerAdvice beans: 2 @ExceptionHandler, 1 ResponseBodyAdvice
2025-09-18 17:11:11 [main] INFO  o.a.coyote.http11.Http11NioProtocol - Starting ProtocolHandler ["http-nio-8081"]
2025-09-18 17:11:11 [main] INFO  o.a.c.c.s.CamelHttpTransportServlet - Initialized CamelHttpTransportServlet[name=CamelServlet, contextPath=]
2025-09-18 17:11:11 [main] INFO  org.quartz.core.QuartzScheduler - Scheduler quartzScheduler_$_NON_CLUSTERED started.
2025-09-18 17:11:11 [main] INFO  o.a.c.i.engine.AbstractCamelContext - Apache Camel 4.4.0 (camel-1) is starting
2025-09-18 17:11:11 [main] INFO  o.a.c.i.engine.AbstractCamelContext - Routes startup (started:0)
2025-09-18 17:11:11 [main] INFO  o.a.c.i.engine.AbstractCamelContext - Apache Camel 4.4.0 (camel-1) started in 17ms (build:0ms init:0ms start:17ms)
2025-09-18 17:11:11 [main] INFO  c.middleware.MiddlewareApplication - Started MiddlewareApplication in 18.436 seconds (process running for 20.306)
2025-09-18 17:11:11 [scheduling-1] INFO  c.m.b.k.service.DynamicRouteService - Starting route status sync with Camel context
2025-09-18 17:11:11 [main] INFO  c.m.b.k.service.SequenceFixService - Fixing sequence for integration_mapping.id ...
2025-09-18 17:11:12 [main] INFO  c.m.b.k.service.SequenceFixService - Sequence public.integration_mapping_id_seq initialized. setval returned 1
2025-09-18 17:11:12 [main] INFO  c.m.b.k.service.SequenceFixService - Sequence fix done.
2025-09-18 17:11:12 [RMI TCP Connection(2)-192.168.88.6] INFO  o.a.c.c.C.[Tomcat].[localhost].[/] - Initializing Spring DispatcherServlet 'dispatcherServlet'
2025-09-18 17:11:12 [RMI TCP Connection(2)-192.168.88.6] INFO  o.s.web.servlet.DispatcherServlet - Initializing Servlet 'dispatcherServlet'
2025-09-18 17:11:12 [RMI TCP Connection(2)-192.168.88.6] DEBUG o.s.web.servlet.DispatcherServlet - Detected StandardServletMultipartResolver
2025-09-18 17:11:12 [RMI TCP Connection(2)-192.168.88.6] DEBUG o.s.web.servlet.DispatcherServlet - Detected AcceptHeaderLocaleResolver
2025-09-18 17:11:12 [RMI TCP Connection(2)-192.168.88.6] DEBUG o.s.web.servlet.DispatcherServlet - Detected FixedThemeResolver
2025-09-18 17:11:12 [RMI TCP Connection(2)-192.168.88.6] DEBUG o.s.web.servlet.DispatcherServlet - Detected org.springframework.web.servlet.view.DefaultRequestToViewNameTranslator@70f1ebff
2025-09-18 17:11:12 [RMI TCP Connection(2)-192.168.88.6] DEBUG o.s.web.servlet.DispatcherServlet - Detected org.springframework.web.servlet.support.SessionFlashMapManager@ca160e0
2025-09-18 17:11:12 [RMI TCP Connection(2)-192.168.88.6] DEBUG o.s.web.servlet.DispatcherServlet - enableLoggingRequestDetails='false': request parameters and headers will be masked to prevent unsafe logging of potentially sensitive data
2025-09-18 17:11:12 [RMI TCP Connection(2)-192.168.88.6] INFO  o.s.web.servlet.DispatcherServlet - Completed initialization in 7 ms
2025-09-18 17:11:12 [scheduling-1] INFO  com.middleware.dhis2.Dhis2Component - Dhis2Component initialized.
2025-09-18 17:11:12 [scheduling-1] INFO  com.middleware.dhis2.Dhis2Endpoint - Dhis2Endpoint created for URI: hakeem://process with operation: process
2025-09-18 17:11:12 [scheduling-1] INFO  com.middleware.dhis2.Dhis2Component - Dhis2Service successfully looked up from Camel registry.
2025-09-18 17:11:12 [scheduling-1] INFO  com.middleware.dhis2.Dhis2Component - Created Dhis2Endpoint: hakeem://process
2025-09-18 17:11:12 [scheduling-1] INFO  com.middleware.dhis2.Dhis2Endpoint - Creating Dhis2Producer for endpoint: hakeem://process with operation: process
2025-09-18 17:11:12 [scheduling-1] INFO  c.m.b.k.service.DynamicRouteService - Re-added route dhis2-hakeem-route to context (DB says active)
2025-09-18 17:11:12 [scheduling-1] INFO  c.m.b.k.service.DynamicRouteService - Completed route status sync
2025-09-18 17:11:16 [http-nio-8081-exec-2] INFO  c.m.b.k.service.DynamicRouteService - Fetching active routes with pagination
2025-09-18 17:11:16 [http-nio-8081-exec-2] DEBUG o.s.w.f.CommonsRequestLoggingFilter - Before request [POST /api/templates, client=0:0:0:0:0:0:0:1, user=admin@mail.com]
2025-09-18 17:11:16 [http-nio-8081-exec-2] DEBUG o.s.web.servlet.DispatcherServlet - POST "/api/templates", parameters={}
2025-09-18 17:11:16 [http-nio-8081-exec-2] DEBUG o.s.w.s.m.m.a.RequestMappingHandlerMapping - Mapped to com.middleware.backend.notification.controller.TemplateController#create(NotificationTemplateDto)
2025-09-18 17:11:16 [http-nio-8081-exec-2] DEBUG o.s.w.s.m.m.a.RequestResponseBodyMethodProcessor - Read "application/json;charset=UTF-8" to [NotificationTemplateDto(id=null, name=test, type=EMAIL, subject=Job {{ job_name }} failed, body=Deta (truncated)...]
2025-09-18 17:11:17 [http-nio-8081-exec-2] DEBUG o.s.w.s.m.m.a.HttpEntityMethodProcessor - Using 'application/json', given [*/*] and supported [application/json, application/*+json, application/yaml]
2025-09-18 17:11:17 [http-nio-8081-exec-2] DEBUG o.s.w.s.m.m.a.HttpEntityMethodProcessor - Writing [NotificationTemplateDto(id=1, name=test, type=EMAIL, subject=Job {{ job_name }} failed, body=Details (truncated)...]
2025-09-18 17:11:17 [http-nio-8081-exec-2] DEBUG o.s.web.servlet.DispatcherServlet - Completed 200 OK
2025-09-18 17:11:17 [http-nio-8081-exec-2] DEBUG o.s.w.f.CommonsRequestLoggingFilter - After request [POST /api/templates, client=0:0:0:0:0:0:0:1, user=admin@mail.com, payload={"name":"test","type":"EMAIL","subject":"Job {{ job_name }} failed","body":"Details: {{ details }}"}]
2025-09-18 17:11:17 [http-nio-8081-exec-4] INFO  c.m.b.k.service.DynamicRouteService - Fetching active routes with pagination
2025-09-18 17:11:17 [http-nio-8081-exec-4] DEBUG o.s.w.f.CommonsRequestLoggingFilter - Before request [GET /api/templates?page=0&size=10&sortedBy=updatedAt&sortDirection=desc, client=0:0:0:0:0:0:0:1, user=admin@mail.com]
2025-09-18 17:11:17 [http-nio-8081-exec-4] DEBUG o.s.web.servlet.DispatcherServlet - GET "/api/templates?page=0&size=10&sortedBy=updatedAt&sortDirection=desc", parameters={masked}
2025-09-18 17:11:17 [http-nio-8081-exec-4] DEBUG o.s.w.s.m.m.a.RequestMappingHandlerMapping - Mapped to com.middleware.backend.notification.controller.TemplateController#getAll(int, int, String, String)
2025-09-18 17:11:17 [http-nio-8081-exec-4] WARN  o.s.d.w.c.SpringDataJacksonConfiguration$PageModule$WarningLoggingModifier - Serializing PageImpl instances as-is is not supported, meaning that there is no guarantee about the stability of the resulting JSON structure!
	For a stable JSON structure, please use Spring Data's PagedModel (globally via @EnableSpringDataWebSupport(pageSerializationMode = VIA_DTO))
	or Spring HATEOAS and Spring Data's PagedResourcesAssembler as documented in https://docs.spring.io/spring-data/commons/reference/repositories/core-extensions.html#core.web.pageables.

2025-09-18 17:11:17 [http-nio-8081-exec-4] DEBUG o.s.w.s.m.m.a.HttpEntityMethodProcessor - Using 'application/json', given [*/*] and supported [application/json, application/*+json, application/yaml]
2025-09-18 17:11:17 [http-nio-8081-exec-4] DEBUG o.s.w.s.m.m.a.HttpEntityMethodProcessor - Writing [Page 1 of 1 containing com.middleware.backend.notification.dto.NotificationTemplateDto instances]
2025-09-18 17:11:17 [http-nio-8081-exec-4] DEBUG o.s.web.servlet.DispatcherServlet - Completed 200 OK
2025-09-18 17:11:17 [http-nio-8081-exec-4] DEBUG o.s.w.f.CommonsRequestLoggingFilter - After request [GET /api/templates?page=0&size=10&sortedBy=updatedAt&sortDirection=desc, client=0:0:0:0:0:0:0:1, user=admin@mail.com]
2025-09-18 17:11:42 [scheduling-1] INFO  c.m.b.k.service.DynamicRouteService - Starting route status sync with Camel context
2025-09-18 17:11:42 [scheduling-1] INFO  c.m.b.k.service.DynamicRouteService - Completed route status sync
2025-09-18 17:12:11 [scheduling-1] INFO  c.m.b.k.service.DynamicRouteService - Starting route status sync with Camel context
2025-09-18 17:12:11 [scheduling-1] INFO  c.m.b.k.service.DynamicRouteService - Completed route status sync
2025-09-18 17:12:41 [scheduling-1] INFO  c.m.b.k.service.DynamicRouteService - Starting route status sync with Camel context
2025-09-18 17:12:41 [scheduling-1] INFO  c.m.b.k.service.DynamicRouteService - Completed route status sync
2025-09-18 17:13:12 [scheduling-1] INFO  c.m.b.k.service.DynamicRouteService - Starting route status sync with Camel context
2025-09-18 17:13:12 [scheduling-1] INFO  c.m.b.k.service.DynamicRouteService - Completed route status sync
2025-09-18 17:13:41 [scheduling-1] INFO  c.m.b.k.service.DynamicRouteService - Starting route status sync with Camel context
2025-09-18 17:13:41 [scheduling-1] INFO  c.m.b.k.service.DynamicRouteService - Completed route status sync
2025-09-18 17:14:12 [scheduling-1] INFO  c.m.b.k.service.DynamicRouteService - Starting route status sync with Camel context
2025-09-18 17:14:12 [scheduling-1] INFO  c.m.b.k.service.DynamicRouteService - Completed route status sync
2025-09-18 17:14:41 [scheduling-1] INFO  c.m.b.k.service.DynamicRouteService - Starting route status sync with Camel context
2025-09-18 17:14:41 [scheduling-1] INFO  c.m.b.k.service.DynamicRouteService - Completed route status sync
2025-09-18 17:15:11 [scheduling-1] INFO  c.m.b.k.service.DynamicRouteService - Starting route status sync with Camel context
2025-09-18 17:15:12 [scheduling-1] INFO  c.m.b.k.service.DynamicRouteService - Completed route status sync
2025-09-18 17:15:41 [scheduling-1] INFO  c.m.b.k.service.DynamicRouteService - Starting route status sync with Camel context
2025-09-18 17:15:41 [scheduling-1] INFO  c.m.b.k.service.DynamicRouteService - Completed route status sync
2025-09-18 17:16:11 [scheduling-1] INFO  c.m.b.k.service.DynamicRouteService - Starting route status sync with Camel context
2025-09-18 17:16:12 [scheduling-1] INFO  c.m.b.k.service.DynamicRouteService - Completed route status sync
2025-09-18 17:16:41 [scheduling-1] INFO  c.m.b.k.service.DynamicRouteService - Starting route status sync with Camel context
2025-09-18 17:16:41 [scheduling-1] INFO  c.m.b.k.service.DynamicRouteService - Completed route status sync
2025-09-18 17:17:12 [scheduling-1] INFO  c.m.b.k.service.DynamicRouteService - Starting route status sync with Camel context
2025-09-18 17:17:12 [scheduling-1] INFO  c.m.b.k.service.DynamicRouteService - Completed route status sync
2025-09-18 17:17:42 [scheduling-1] INFO  c.m.b.k.service.DynamicRouteService - Starting route status sync with Camel context
2025-09-18 17:17:42 [scheduling-1] INFO  c.m.b.k.service.DynamicRouteService - Completed route status sync
2025-09-18 17:18:11 [scheduling-1] INFO  c.m.b.k.service.DynamicRouteService - Starting route status sync with Camel context
2025-09-18 17:18:11 [scheduling-1] INFO  c.m.b.k.service.DynamicRouteService - Completed route status sync
2025-09-18 17:18:41 [scheduling-1] INFO  c.m.b.k.service.DynamicRouteService - Starting route status sync with Camel context
2025-09-18 17:18:41 [scheduling-1] INFO  c.m.b.k.service.DynamicRouteService - Completed route status sync
2025-09-18 17:19:11 [scheduling-1] INFO  c.m.b.k.service.DynamicRouteService - Starting route status sync with Camel context
2025-09-18 17:19:11 [scheduling-1] INFO  c.m.b.k.service.DynamicRouteService - Completed route status sync
2025-09-18 17:19:42 [scheduling-1] INFO  c.m.b.k.service.DynamicRouteService - Starting route status sync with Camel context
2025-09-18 17:19:42 [scheduling-1] INFO  c.m.b.k.service.DynamicRouteService - Completed route status sync
2025-09-18 17:20:12 [scheduling-1] INFO  c.m.b.k.service.DynamicRouteService - Starting route status sync with Camel context
2025-09-18 17:20:12 [scheduling-1] INFO  c.m.b.k.service.DynamicRouteService - Completed route status sync
2025-09-18 17:20:18 [SpringApplicationShutdownHook] INFO  org.quartz.core.QuartzScheduler - Scheduler quartzScheduler_$_NON_CLUSTERED paused.
2025-09-18 17:20:18 [SpringApplicationShutdownHook] INFO  o.a.c.i.engine.AbstractCamelContext - Apache Camel 4.4.0 (camel-1) is shutting down (timeout:45s)
2025-09-18 17:20:18 [SpringApplicationShutdownHook] INFO  o.a.c.i.engine.AbstractCamelContext - Routes stopped (stopped:1)
2025-09-18 17:20:18 [SpringApplicationShutdownHook] INFO  o.a.c.i.engine.AbstractCamelContext -     Stopped dhis2-hakeem-route (rest://post:/dhis2/dataset)
2025-09-18 17:20:18 [SpringApplicationShutdownHook] INFO  o.a.c.i.engine.AbstractCamelContext - Apache Camel 4.4.0 (camel-1) shutdown in 26ms (uptime:9m6s)
2025-09-18 17:20:18 [SpringApplicationShutdownHook] INFO  org.quartz.core.QuartzScheduler - Scheduler quartzScheduler_$_NON_CLUSTERED shutting down.
2025-09-18 17:20:18 [SpringApplicationShutdownHook] INFO  org.quartz.core.QuartzScheduler - Scheduler quartzScheduler_$_NON_CLUSTERED paused.
2025-09-18 17:20:18 [SpringApplicationShutdownHook] INFO  org.quartz.core.QuartzScheduler - Scheduler quartzScheduler_$_NON_CLUSTERED shutdown complete.
2025-09-18 17:20:18 [SpringApplicationShutdownHook] INFO  o.a.c.c.s.CamelHttpTransportServlet - Destroyed CamelHttpTransportServlet[CamelServlet]
2025-09-18 17:20:28 [background-preinit] INFO  o.h.validator.internal.util.Version - HV000001: Hibernate Validator 8.0.2.Final
2025-09-18 17:20:28 [main] INFO  c.middleware.MiddlewareApplication - Starting MiddlewareApplication using Java 23-valhalla with PID 20492 (C:\Users\omard\Desktop\Work\back-end\target\classes started by omard in C:\Users\omard\Desktop\Work\back-end)
2025-09-18 17:20:28 [main] INFO  c.middleware.MiddlewareApplication - No active profile set, falling back to 1 default profile: "default"
2025-09-18 17:20:29 [main] WARN  o.s.b.w.s.c.AnnotationConfigServletWebServerApplicationContext - Exception encountered during context initialization - cancelling refresh attempt: org.springframework.beans.factory.BeanDefinitionStoreException: Failed to parse configuration class [com.middleware.MiddlewareApplication]
2025-09-18 17:20:29 [main] ERROR o.s.boot.SpringApplication - Application run failed
org.springframework.beans.factory.BeanDefinitionStoreException: Failed to parse configuration class [com.middleware.MiddlewareApplication]
	at org.springframework.context.annotation.ConfigurationClassParser.parse(ConfigurationClassParser.java:193)
	at org.springframework.context.annotation.ConfigurationClassPostProcessor.processConfigBeanDefinitions(ConfigurationClassPostProcessor.java:418)
	at org.springframework.context.annotation.ConfigurationClassPostProcessor.postProcessBeanDefinitionRegistry(ConfigurationClassPostProcessor.java:290)
	at org.springframework.context.support.PostProcessorRegistrationDelegate.invokeBeanDefinitionRegistryPostProcessors(PostProcessorRegistrationDelegate.java:349)
	at org.springframework.context.support.PostProcessorRegistrationDelegate.invokeBeanFactoryPostProcessors(PostProcessorRegistrationDelegate.java:118)
	at org.springframework.context.support.AbstractApplicationContext.invokeBeanFactoryPostProcessors(AbstractApplicationContext.java:791)
	at org.springframework.context.support.AbstractApplicationContext.refresh(AbstractApplicationContext.java:609)
	at org.springframework.boot.web.servlet.context.ServletWebServerApplicationContext.refresh(ServletWebServerApplicationContext.java:146)
	at org.springframework.boot.SpringApplication.refresh(SpringApplication.java:752)
	at org.springframework.boot.SpringApplication.refreshContext(SpringApplication.java:439)
	at org.springframework.boot.SpringApplication.run(SpringApplication.java:318)
	at org.springframework.boot.SpringApplication.run(SpringApplication.java:1361)
	at org.springframework.boot.SpringApplication.run(SpringApplication.java:1350)
	at com.middleware.MiddlewareApplication.main(MiddlewareApplication.java:14)
Caused by: org.springframework.context.annotation.ConflictingBeanDefinitionException: Annotation-specified bean name 'globalExceptionHandler' for bean class [com.middleware.backend.notification.exception.GlobalExceptionHandler] conflicts with existing, non-compatible bean definition of same name and class [com.middleware.backend.exception.GlobalExceptionHandler]
	at org.springframework.context.annotation.ClassPathBeanDefinitionScanner.checkCandidate(ClassPathBeanDefinitionScanner.java:361)
	at org.springframework.context.annotation.ClassPathBeanDefinitionScanner.doScan(ClassPathBeanDefinitionScanner.java:288)
	at org.springframework.context.annotation.ComponentScanAnnotationParser.parse(ComponentScanAnnotationParser.java:128)
	at org.springframework.context.annotation.ConfigurationClassParser.doProcessConfigurationClass(ConfigurationClassParser.java:345)
	at org.springframework.context.annotation.ConfigurationClassParser.processConfigurationClass(ConfigurationClassParser.java:280)
	at org.springframework.context.annotation.ConfigurationClassParser.parse(ConfigurationClassParser.java:203)
	at org.springframework.context.annotation.ConfigurationClassParser.parse(ConfigurationClassParser.java:172)
	... 13 common frames omitted
2025-09-18 17:20:46 [background-preinit] INFO  o.h.validator.internal.util.Version - HV000001: Hibernate Validator 8.0.2.Final
2025-09-18 17:20:46 [main] INFO  c.middleware.MiddlewareApplication - Starting MiddlewareApplication using Java 23-valhalla with PID 6212 (C:\Users\omard\Desktop\Work\back-end\target\classes started by omard in C:\Users\omard\Desktop\Work\back-end)
2025-09-18 17:20:46 [main] INFO  c.middleware.MiddlewareApplication - No active profile set, falling back to 1 default profile: "default"
2025-09-18 17:20:47 [main] WARN  o.s.b.w.s.c.AnnotationConfigServletWebServerApplicationContext - Exception encountered during context initialization - cancelling refresh attempt: org.springframework.beans.factory.BeanDefinitionStoreException: Failed to parse configuration class [com.middleware.MiddlewareApplication]
2025-09-18 17:20:47 [main] ERROR o.s.boot.SpringApplication - Application run failed
org.springframework.beans.factory.BeanDefinitionStoreException: Failed to parse configuration class [com.middleware.MiddlewareApplication]
	at org.springframework.context.annotation.ConfigurationClassParser.parse(ConfigurationClassParser.java:193)
	at org.springframework.context.annotation.ConfigurationClassPostProcessor.processConfigBeanDefinitions(ConfigurationClassPostProcessor.java:418)
	at org.springframework.context.annotation.ConfigurationClassPostProcessor.postProcessBeanDefinitionRegistry(ConfigurationClassPostProcessor.java:290)
	at org.springframework.context.support.PostProcessorRegistrationDelegate.invokeBeanDefinitionRegistryPostProcessors(PostProcessorRegistrationDelegate.java:349)
	at org.springframework.context.support.PostProcessorRegistrationDelegate.invokeBeanFactoryPostProcessors(PostProcessorRegistrationDelegate.java:118)
	at org.springframework.context.support.AbstractApplicationContext.invokeBeanFactoryPostProcessors(AbstractApplicationContext.java:791)
	at org.springframework.context.support.AbstractApplicationContext.refresh(AbstractApplicationContext.java:609)
	at org.springframework.boot.web.servlet.context.ServletWebServerApplicationContext.refresh(ServletWebServerApplicationContext.java:146)
	at org.springframework.boot.SpringApplication.refresh(SpringApplication.java:752)
	at org.springframework.boot.SpringApplication.refreshContext(SpringApplication.java:439)
	at org.springframework.boot.SpringApplication.run(SpringApplication.java:318)
	at org.springframework.boot.SpringApplication.run(SpringApplication.java:1361)
	at org.springframework.boot.SpringApplication.run(SpringApplication.java:1350)
	at com.middleware.MiddlewareApplication.main(MiddlewareApplication.java:14)
Caused by: org.springframework.context.annotation.ConflictingBeanDefinitionException: Annotation-specified bean name 'globalExceptionHandler' for bean class [com.middleware.backend.notification.exception.GlobalExceptionHandler] conflicts with existing, non-compatible bean definition of same name and class [com.middleware.backend.exception.GlobalExceptionHandler]
	at org.springframework.context.annotation.ClassPathBeanDefinitionScanner.checkCandidate(ClassPathBeanDefinitionScanner.java:361)
	at org.springframework.context.annotation.ClassPathBeanDefinitionScanner.doScan(ClassPathBeanDefinitionScanner.java:288)
	at org.springframework.context.annotation.ComponentScanAnnotationParser.parse(ComponentScanAnnotationParser.java:128)
	at org.springframework.context.annotation.ConfigurationClassParser.doProcessConfigurationClass(ConfigurationClassParser.java:345)
	at org.springframework.context.annotation.ConfigurationClassParser.processConfigurationClass(ConfigurationClassParser.java:280)
	at org.springframework.context.annotation.ConfigurationClassParser.parse(ConfigurationClassParser.java:203)
	at org.springframework.context.annotation.ConfigurationClassParser.parse(ConfigurationClassParser.java:172)
	... 13 common frames omitted
2025-09-18 17:23:01 [background-preinit] INFO  o.h.validator.internal.util.Version - HV000001: Hibernate Validator 8.0.2.Final
2025-09-18 17:23:02 [main] INFO  c.m.MiddlewareApplicationTests - Starting MiddlewareApplicationTests using Java 23-valhalla with PID 25868 (started by omard in C:\Users\omard\Desktop\Work\back-end)
2025-09-18 17:23:02 [main] INFO  c.m.MiddlewareApplicationTests - No active profile set, falling back to 1 default profile: "default"
2025-09-18 17:23:02 [main] DEBUG o.s.w.c.s.GenericWebApplicationContext - Refreshing org.springframework.web.context.support.GenericWebApplicationContext@4a05d8ae
2025-09-18 17:23:02 [main] WARN  o.s.w.c.s.GenericWebApplicationContext - Exception encountered during context initialization - cancelling refresh attempt: org.springframework.beans.factory.BeanDefinitionStoreException: Failed to parse configuration class [com.middleware.MiddlewareApplication]
2025-09-18 17:23:02 [main] ERROR o.s.boot.SpringApplication - Application run failed
org.springframework.beans.factory.BeanDefinitionStoreException: Failed to parse configuration class [com.middleware.MiddlewareApplication]
	at org.springframework.context.annotation.ConfigurationClassParser.parse(ConfigurationClassParser.java:193)
	at org.springframework.context.annotation.ConfigurationClassPostProcessor.processConfigBeanDefinitions(ConfigurationClassPostProcessor.java:418)
	at org.springframework.context.annotation.ConfigurationClassPostProcessor.postProcessBeanDefinitionRegistry(ConfigurationClassPostProcessor.java:290)
	at org.springframework.context.support.PostProcessorRegistrationDelegate.invokeBeanDefinitionRegistryPostProcessors(PostProcessorRegistrationDelegate.java:349)
	at org.springframework.context.support.PostProcessorRegistrationDelegate.invokeBeanFactoryPostProcessors(PostProcessorRegistrationDelegate.java:118)
	at org.springframework.context.support.AbstractApplicationContext.invokeBeanFactoryPostProcessors(AbstractApplicationContext.java:791)
	at org.springframework.context.support.AbstractApplicationContext.refresh(AbstractApplicationContext.java:609)
	at org.springframework.boot.SpringApplication.refresh(SpringApplication.java:752)
	at org.springframework.boot.SpringApplication.refreshContext(SpringApplication.java:439)
	at org.springframework.boot.SpringApplication.run(SpringApplication.java:318)
	at org.springframework.boot.test.context.SpringBootContextLoader.lambda$loadContext$3(SpringBootContextLoader.java:144)
	at org.springframework.util.function.ThrowingSupplier.get(ThrowingSupplier.java:58)
	at org.springframework.util.function.ThrowingSupplier.get(ThrowingSupplier.java:46)
	at org.springframework.boot.SpringApplication.withHook(SpringApplication.java:1461)
	at org.springframework.boot.test.context.SpringBootContextLoader$ContextLoaderHook.run(SpringBootContextLoader.java:563)
	at org.springframework.boot.test.context.SpringBootContextLoader.loadContext(SpringBootContextLoader.java:144)
	at org.springframework.boot.test.context.SpringBootContextLoader.loadContext(SpringBootContextLoader.java:110)
	at org.springframework.test.context.cache.DefaultCacheAwareContextLoaderDelegate.loadContextInternal(DefaultCacheAwareContextLoaderDelegate.java:225)
	at org.springframework.test.context.cache.DefaultCacheAwareContextLoaderDelegate.loadContext(DefaultCacheAwareContextLoaderDelegate.java:152)
	at org.springframework.test.context.support.DefaultTestContext.getApplicationContext(DefaultTestContext.java:130)
	at org.springframework.test.context.web.ServletTestExecutionListener.setUpRequestContextIfNecessary(ServletTestExecutionListener.java:200)
	at org.springframework.test.context.web.ServletTestExecutionListener.prepareTestInstance(ServletTestExecutionListener.java:139)
	at org.springframework.test.context.TestContextManager.prepareTestInstance(TestContextManager.java:260)
	at org.springframework.test.context.junit.jupiter.SpringExtension.postProcessTestInstance(SpringExtension.java:160)
	at org.junit.jupiter.engine.descriptor.ClassBasedTestDescriptor.lambda$invokeTestInstancePostProcessors$11(ClassBasedTestDescriptor.java:378)
	at org.junit.jupiter.engine.descriptor.ClassBasedTestDescriptor.executeAndMaskThrowable(ClassBasedTestDescriptor.java:383)
	at org.junit.jupiter.engine.descriptor.ClassBasedTestDescriptor.lambda$invokeTestInstancePostProcessors$12(ClassBasedTestDescriptor.java:378)
	at java.base/java.util.stream.ForEachOps$ForEachOp$OfRef.accept(ForEachOps.java:184)
	at java.base/java.util.stream.ReferencePipeline$3$1.accept(ReferencePipeline.java:212)
	at java.base/java.util.stream.ReferencePipeline$2$1.accept(ReferencePipeline.java:194)
	at java.base/java.util.stream.ReferencePipeline$3$1.accept(ReferencePipeline.java:212)
	at java.base/java.util.ArrayList$ArrayListSpliterator.forEachRemaining(ArrayList.java:1709)
	at java.base/java.util.stream.AbstractPipeline.copyInto(AbstractPipeline.java:556)
	at java.base/java.util.stream.AbstractPipeline.wrapAndCopyInto(AbstractPipeline.java:546)
	at java.base/java.util.stream.ForEachOps$ForEachOp.evaluateSequential(ForEachOps.java:151)
	at java.base/java.util.stream.ForEachOps$ForEachOp$OfRef.evaluateSequential(ForEachOps.java:174)
	at java.base/java.util.stream.AbstractPipeline.evaluate(AbstractPipeline.java:265)
	at java.base/java.util.stream.ReferencePipeline.forEach(ReferencePipeline.java:611)
	at org.junit.jupiter.engine.descriptor.ClassBasedTestDescriptor.invokeTestInstancePostProcessors(ClassBasedTestDescriptor.java:377)
	at org.junit.jupiter.engine.descriptor.ClassBasedTestDescriptor.lambda$instantiateAndPostProcessTestInstance$7(ClassBasedTestDescriptor.java:290)
	at org.junit.platform.engine.support.hierarchical.ThrowableCollector.execute(ThrowableCollector.java:73)
	at org.junit.jupiter.engine.descriptor.ClassBasedTestDescriptor.instantiateAndPostProcessTestInstance(ClassBasedTestDescriptor.java:289)
	at org.junit.jupiter.engine.descriptor.ClassBasedTestDescriptor.lambda$testInstancesProvider$5(ClassBasedTestDescriptor.java:279)
	at java.base/java.util.Optional.orElseGet(Optional.java:365)
	at org.junit.jupiter.engine.descriptor.ClassBasedTestDescriptor.lambda$testInstancesProvider$6(ClassBasedTestDescriptor.java:278)
	at org.junit.jupiter.engine.execution.TestInstancesProvider.getTestInstances(TestInstancesProvider.java:31)
	at org.junit.jupiter.engine.descriptor.TestMethodTestDescriptor.lambda$prepare$1(TestMethodTestDescriptor.java:105)
	at org.junit.platform.engine.support.hierarchical.ThrowableCollector.execute(ThrowableCollector.java:73)
	at org.junit.jupiter.engine.descriptor.TestMethodTestDescriptor.prepare(TestMethodTestDescriptor.java:104)
	at org.junit.jupiter.engine.descriptor.TestMethodTestDescriptor.prepare(TestMethodTestDescriptor.java:68)
	at org.junit.platform.engine.support.hierarchical.NodeTestTask.lambda$prepare$2(NodeTestTask.java:128)
	at org.junit.platform.engine.support.hierarchical.ThrowableCollector.execute(ThrowableCollector.java:73)
	at org.junit.platform.engine.support.hierarchical.NodeTestTask.prepare(NodeTestTask.java:128)
	at org.junit.platform.engine.support.hierarchical.NodeTestTask.execute(NodeTestTask.java:95)
	at java.base/java.util.ArrayList.forEach(ArrayList.java:1597)
	at org.junit.platform.engine.support.hierarchical.SameThreadHierarchicalTestExecutorService.invokeAll(SameThreadHierarchicalTestExecutorService.java:41)
	at org.junit.platform.engine.support.hierarchical.NodeTestTask.lambda$executeRecursively$6(NodeTestTask.java:160)
	at org.junit.platform.engine.support.hierarchical.ThrowableCollector.execute(ThrowableCollector.java:73)
	at org.junit.platform.engine.support.hierarchical.NodeTestTask.lambda$executeRecursively$8(NodeTestTask.java:146)
	at org.junit.platform.engine.support.hierarchical.Node.around(Node.java:137)
	at org.junit.platform.engine.support.hierarchical.NodeTestTask.lambda$executeRecursively$9(NodeTestTask.java:144)
	at org.junit.platform.engine.support.hierarchical.ThrowableCollector.execute(ThrowableCollector.java:73)
	at org.junit.platform.engine.support.hierarchical.NodeTestTask.executeRecursively(NodeTestTask.java:143)
	at org.junit.platform.engine.support.hierarchical.NodeTestTask.execute(NodeTestTask.java:100)
	at java.base/java.util.ArrayList.forEach(ArrayList.java:1597)
	at org.junit.platform.engine.support.hierarchical.SameThreadHierarchicalTestExecutorService.invokeAll(SameThreadHierarchicalTestExecutorService.java:41)
	at org.junit.platform.engine.support.hierarchical.NodeTestTask.lambda$executeRecursively$6(NodeTestTask.java:160)
	at org.junit.platform.engine.support.hierarchical.ThrowableCollector.execute(ThrowableCollector.java:73)
	at org.junit.platform.engine.support.hierarchical.NodeTestTask.lambda$executeRecursively$8(NodeTestTask.java:146)
	at org.junit.platform.engine.support.hierarchical.Node.around(Node.java:137)
	at org.junit.platform.engine.support.hierarchical.NodeTestTask.lambda$executeRecursively$9(NodeTestTask.java:144)
	at org.junit.platform.engine.support.hierarchical.ThrowableCollector.execute(ThrowableCollector.java:73)
	at org.junit.platform.engine.support.hierarchical.NodeTestTask.executeRecursively(NodeTestTask.java:143)
	at org.junit.platform.engine.support.hierarchical.NodeTestTask.execute(NodeTestTask.java:100)
	at org.junit.platform.engine.support.hierarchical.SameThreadHierarchicalTestExecutorService.submit(SameThreadHierarchicalTestExecutorService.java:35)
	at org.junit.platform.engine.support.hierarchical.HierarchicalTestExecutor.execute(HierarchicalTestExecutor.java:57)
	at org.junit.platform.engine.support.hierarchical.HierarchicalTestEngine.execute(HierarchicalTestEngine.java:54)
	at org.junit.platform.launcher.core.EngineExecutionOrchestrator.execute(EngineExecutionOrchestrator.java:198)
	at org.junit.platform.launcher.core.EngineExecutionOrchestrator.execute(EngineExecutionOrchestrator.java:169)
	at org.junit.platform.launcher.core.EngineExecutionOrchestrator.execute(EngineExecutionOrchestrator.java:93)
	at org.junit.platform.launcher.core.EngineExecutionOrchestrator.lambda$execute$0(EngineExecutionOrchestrator.java:58)
	at org.junit.platform.launcher.core.EngineExecutionOrchestrator.withInterceptedStreams(EngineExecutionOrchestrator.java:141)
	at org.junit.platform.launcher.core.EngineExecutionOrchestrator.execute(EngineExecutionOrchestrator.java:57)
	at org.junit.platform.launcher.core.DefaultLauncher.execute(DefaultLauncher.java:103)
	at org.junit.platform.launcher.core.DefaultLauncher.execute(DefaultLauncher.java:85)
	at org.junit.platform.launcher.core.DelegatingLauncher.execute(DelegatingLauncher.java:47)
	at org.apache.maven.surefire.junitplatform.LazyLauncher.execute(LazyLauncher.java:56)
	at org.apache.maven.surefire.junitplatform.JUnitPlatformProvider.execute(JUnitPlatformProvider.java:184)
	at org.apache.maven.surefire.junitplatform.JUnitPlatformProvider.invokeAllTests(JUnitPlatformProvider.java:148)
	at org.apache.maven.surefire.junitplatform.JUnitPlatformProvider.invoke(JUnitPlatformProvider.java:122)
	at org.apache.maven.surefire.booter.ForkedBooter.runSuitesInProcess(ForkedBooter.java:385)
	at org.apache.maven.surefire.booter.ForkedBooter.execute(ForkedBooter.java:162)
	at org.apache.maven.surefire.booter.ForkedBooter.run(ForkedBooter.java:507)
	at org.apache.maven.surefire.booter.ForkedBooter.main(ForkedBooter.java:495)
Caused by: org.springframework.context.annotation.ConflictingBeanDefinitionException: Annotation-specified bean name 'globalExceptionHandler' for bean class [com.middleware.backend.notification.exception.GlobalExceptionHandler] conflicts with existing, non-compatible bean definition of same name and class [com.middleware.backend.exception.GlobalExceptionHandler]
	at org.springframework.context.annotation.ClassPathBeanDefinitionScanner.checkCandidate(ClassPathBeanDefinitionScanner.java:361)
	at org.springframework.context.annotation.ClassPathBeanDefinitionScanner.doScan(ClassPathBeanDefinitionScanner.java:288)
	at org.springframework.context.annotation.ComponentScanAnnotationParser.parse(ComponentScanAnnotationParser.java:128)
	at org.springframework.context.annotation.ConfigurationClassParser.doProcessConfigurationClass(ConfigurationClassParser.java:345)
	at org.springframework.context.annotation.ConfigurationClassParser.processConfigurationClass(ConfigurationClassParser.java:280)
	at org.springframework.context.annotation.ConfigurationClassParser.parse(ConfigurationClassParser.java:203)
	at org.springframework.context.annotation.ConfigurationClassParser.parse(ConfigurationClassParser.java:172)
	... 93 common frames omitted
2025-09-18 17:23:02 [main] WARN  o.s.test.context.TestContextManager - Caught exception while allowing TestExecutionListener [org.springframework.test.context.web.ServletTestExecutionListener] to prepare test instance [com.middleware.MiddlewareApplicationTests@29b40b3]
java.lang.IllegalStateException: Failed to load ApplicationContext for [WebMergedContextConfiguration@3003827c testClass = com.middleware.MiddlewareApplicationTests, locations = [], classes = [com.middleware.MiddlewareApplication], contextInitializerClasses = [], activeProfiles = [], propertySourceDescriptors = [], propertySourceProperties = ["org.springframework.boot.test.context.SpringBootTestContextBootstrapper=true"], contextCustomizers = [org.springframework.boot.test.context.filter.ExcludeFilterContextCustomizer@c5ee75e, org.springframework.boot.test.json.DuplicateJsonObjectContextCustomizerFactory$DuplicateJsonObjectContextCustomizer@4a11eb84, org.springframework.boot.test.mock.mockito.MockitoContextCustomizer@0, org.springframework.boot.test.web.client.TestRestTemplateContextCustomizer@3f07b12c, org.springframework.boot.test.web.reactor.netty.DisableReactorResourceFactoryGlobalResourcesContextCustomizerFactory$DisableReactorResourceFactoryGlobalResourcesContextCustomizerCustomizer@765f05af, org.springframework.boot.test.autoconfigure.OnFailureConditionReportContextCustomizerFactory$OnFailureConditionReportContextCustomizer@13f17eb4, org.springframework.boot.test.autoconfigure.actuate.observability.ObservabilityContextCustomizerFactory$DisableObservabilityContextCustomizer@1f, org.springframework.boot.test.autoconfigure.properties.PropertyMappingContextCustomizer@0, org.springframework.boot.test.autoconfigure.web.servlet.WebDriverContextCustomizer@20a14b55, org.springframework.test.context.support.DynamicPropertiesContextCustomizer@0, org.springframework.boot.test.context.SpringBootTestAnnotation@e6f8bd63], resourceBasePath = "src/main/webapp", contextLoader = org.springframework.boot.test.context.SpringBootContextLoader, parent = null]
	at org.springframework.test.context.cache.DefaultCacheAwareContextLoaderDelegate.loadContext(DefaultCacheAwareContextLoaderDelegate.java:180)
	at org.springframework.test.context.support.DefaultTestContext.getApplicationContext(DefaultTestContext.java:130)
	at org.springframework.test.context.web.ServletTestExecutionListener.setUpRequestContextIfNecessary(ServletTestExecutionListener.java:200)
	at org.springframework.test.context.web.ServletTestExecutionListener.prepareTestInstance(ServletTestExecutionListener.java:139)
	at org.springframework.test.context.TestContextManager.prepareTestInstance(TestContextManager.java:260)
	at org.springframework.test.context.junit.jupiter.SpringExtension.postProcessTestInstance(SpringExtension.java:160)
	at org.junit.jupiter.engine.descriptor.ClassBasedTestDescriptor.lambda$invokeTestInstancePostProcessors$11(ClassBasedTestDescriptor.java:378)
	at org.junit.jupiter.engine.descriptor.ClassBasedTestDescriptor.executeAndMaskThrowable(ClassBasedTestDescriptor.java:383)
	at org.junit.jupiter.engine.descriptor.ClassBasedTestDescriptor.lambda$invokeTestInstancePostProcessors$12(ClassBasedTestDescriptor.java:378)
	at java.base/java.util.stream.ForEachOps$ForEachOp$OfRef.accept(ForEachOps.java:184)
	at java.base/java.util.stream.ReferencePipeline$3$1.accept(ReferencePipeline.java:212)
	at java.base/java.util.stream.ReferencePipeline$2$1.accept(ReferencePipeline.java:194)
	at java.base/java.util.stream.ReferencePipeline$3$1.accept(ReferencePipeline.java:212)
	at java.base/java.util.ArrayList$ArrayListSpliterator.forEachRemaining(ArrayList.java:1709)
	at java.base/java.util.stream.AbstractPipeline.copyInto(AbstractPipeline.java:556)
	at java.base/java.util.stream.AbstractPipeline.wrapAndCopyInto(AbstractPipeline.java:546)
	at java.base/java.util.stream.ForEachOps$ForEachOp.evaluateSequential(ForEachOps.java:151)
	at java.base/java.util.stream.ForEachOps$ForEachOp$OfRef.evaluateSequential(ForEachOps.java:174)
	at java.base/java.util.stream.AbstractPipeline.evaluate(AbstractPipeline.java:265)
	at java.base/java.util.stream.ReferencePipeline.forEach(ReferencePipeline.java:611)
	at org.junit.jupiter.engine.descriptor.ClassBasedTestDescriptor.invokeTestInstancePostProcessors(ClassBasedTestDescriptor.java:377)
	at org.junit.jupiter.engine.descriptor.ClassBasedTestDescriptor.lambda$instantiateAndPostProcessTestInstance$7(ClassBasedTestDescriptor.java:290)
	at org.junit.platform.engine.support.hierarchical.ThrowableCollector.execute(ThrowableCollector.java:73)
	at org.junit.jupiter.engine.descriptor.ClassBasedTestDescriptor.instantiateAndPostProcessTestInstance(ClassBasedTestDescriptor.java:289)
	at org.junit.jupiter.engine.descriptor.ClassBasedTestDescriptor.lambda$testInstancesProvider$5(ClassBasedTestDescriptor.java:279)
	at java.base/java.util.Optional.orElseGet(Optional.java:365)
	at org.junit.jupiter.engine.descriptor.ClassBasedTestDescriptor.lambda$testInstancesProvider$6(ClassBasedTestDescriptor.java:278)
	at org.junit.jupiter.engine.execution.TestInstancesProvider.getTestInstances(TestInstancesProvider.java:31)
	at org.junit.jupiter.engine.descriptor.TestMethodTestDescriptor.lambda$prepare$1(TestMethodTestDescriptor.java:105)
	at org.junit.platform.engine.support.hierarchical.ThrowableCollector.execute(ThrowableCollector.java:73)
	at org.junit.jupiter.engine.descriptor.TestMethodTestDescriptor.prepare(TestMethodTestDescriptor.java:104)
	at org.junit.jupiter.engine.descriptor.TestMethodTestDescriptor.prepare(TestMethodTestDescriptor.java:68)
	at org.junit.platform.engine.support.hierarchical.NodeTestTask.lambda$prepare$2(NodeTestTask.java:128)
	at org.junit.platform.engine.support.hierarchical.ThrowableCollector.execute(ThrowableCollector.java:73)
	at org.junit.platform.engine.support.hierarchical.NodeTestTask.prepare(NodeTestTask.java:128)
	at org.junit.platform.engine.support.hierarchical.NodeTestTask.execute(NodeTestTask.java:95)
	at java.base/java.util.ArrayList.forEach(ArrayList.java:1597)
	at org.junit.platform.engine.support.hierarchical.SameThreadHierarchicalTestExecutorService.invokeAll(SameThreadHierarchicalTestExecutorService.java:41)
	at org.junit.platform.engine.support.hierarchical.NodeTestTask.lambda$executeRecursively$6(NodeTestTask.java:160)
	at org.junit.platform.engine.support.hierarchical.ThrowableCollector.execute(ThrowableCollector.java:73)
	at org.junit.platform.engine.support.hierarchical.NodeTestTask.lambda$executeRecursively$8(NodeTestTask.java:146)
	at org.junit.platform.engine.support.hierarchical.Node.around(Node.java:137)
	at org.junit.platform.engine.support.hierarchical.NodeTestTask.lambda$executeRecursively$9(NodeTestTask.java:144)
	at org.junit.platform.engine.support.hierarchical.ThrowableCollector.execute(ThrowableCollector.java:73)
	at org.junit.platform.engine.support.hierarchical.NodeTestTask.executeRecursively(NodeTestTask.java:143)
	at org.junit.platform.engine.support.hierarchical.NodeTestTask.execute(NodeTestTask.java:100)
	at java.base/java.util.ArrayList.forEach(ArrayList.java:1597)
	at org.junit.platform.engine.support.hierarchical.SameThreadHierarchicalTestExecutorService.invokeAll(SameThreadHierarchicalTestExecutorService.java:41)
	at org.junit.platform.engine.support.hierarchical.NodeTestTask.lambda$executeRecursively$6(NodeTestTask.java:160)
	at org.junit.platform.engine.support.hierarchical.ThrowableCollector.execute(ThrowableCollector.java:73)
	at org.junit.platform.engine.support.hierarchical.NodeTestTask.lambda$executeRecursively$8(NodeTestTask.java:146)
	at org.junit.platform.engine.support.hierarchical.Node.around(Node.java:137)
	at org.junit.platform.engine.support.hierarchical.NodeTestTask.lambda$executeRecursively$9(NodeTestTask.java:144)
	at org.junit.platform.engine.support.hierarchical.ThrowableCollector.execute(ThrowableCollector.java:73)
	at org.junit.platform.engine.support.hierarchical.NodeTestTask.executeRecursively(NodeTestTask.java:143)
	at org.junit.platform.engine.support.hierarchical.NodeTestTask.execute(NodeTestTask.java:100)
	at org.junit.platform.engine.support.hierarchical.SameThreadHierarchicalTestExecutorService.submit(SameThreadHierarchicalTestExecutorService.java:35)
	at org.junit.platform.engine.support.hierarchical.HierarchicalTestExecutor.execute(HierarchicalTestExecutor.java:57)
	at org.junit.platform.engine.support.hierarchical.HierarchicalTestEngine.execute(HierarchicalTestEngine.java:54)
	at org.junit.platform.launcher.core.EngineExecutionOrchestrator.execute(EngineExecutionOrchestrator.java:198)
	at org.junit.platform.launcher.core.EngineExecutionOrchestrator.execute(EngineExecutionOrchestrator.java:169)
	at org.junit.platform.launcher.core.EngineExecutionOrchestrator.execute(EngineExecutionOrchestrator.java:93)
	at org.junit.platform.launcher.core.EngineExecutionOrchestrator.lambda$execute$0(EngineExecutionOrchestrator.java:58)
	at org.junit.platform.launcher.core.EngineExecutionOrchestrator.withInterceptedStreams(EngineExecutionOrchestrator.java:141)
	at org.junit.platform.launcher.core.EngineExecutionOrchestrator.execute(EngineExecutionOrchestrator.java:57)
	at org.junit.platform.launcher.core.DefaultLauncher.execute(DefaultLauncher.java:103)
	at org.junit.platform.launcher.core.DefaultLauncher.execute(DefaultLauncher.java:85)
	at org.junit.platform.launcher.core.DelegatingLauncher.execute(DelegatingLauncher.java:47)
	at org.apache.maven.surefire.junitplatform.LazyLauncher.execute(LazyLauncher.java:56)
	at org.apache.maven.surefire.junitplatform.JUnitPlatformProvider.execute(JUnitPlatformProvider.java:184)
	at org.apache.maven.surefire.junitplatform.JUnitPlatformProvider.invokeAllTests(JUnitPlatformProvider.java:148)
	at org.apache.maven.surefire.junitplatform.JUnitPlatformProvider.invoke(JUnitPlatformProvider.java:122)
	at org.apache.maven.surefire.booter.ForkedBooter.runSuitesInProcess(ForkedBooter.java:385)
	at org.apache.maven.surefire.booter.ForkedBooter.execute(ForkedBooter.java:162)
	at org.apache.maven.surefire.booter.ForkedBooter.run(ForkedBooter.java:507)
	at org.apache.maven.surefire.booter.ForkedBooter.main(ForkedBooter.java:495)
Caused by: org.springframework.beans.factory.BeanDefinitionStoreException: Failed to parse configuration class [com.middleware.MiddlewareApplication]
	at org.springframework.context.annotation.ConfigurationClassParser.parse(ConfigurationClassParser.java:193)
	at org.springframework.context.annotation.ConfigurationClassPostProcessor.processConfigBeanDefinitions(ConfigurationClassPostProcessor.java:418)
	at org.springframework.context.annotation.ConfigurationClassPostProcessor.postProcessBeanDefinitionRegistry(ConfigurationClassPostProcessor.java:290)
	at org.springframework.context.support.PostProcessorRegistrationDelegate.invokeBeanDefinitionRegistryPostProcessors(PostProcessorRegistrationDelegate.java:349)
	at org.springframework.context.support.PostProcessorRegistrationDelegate.invokeBeanFactoryPostProcessors(PostProcessorRegistrationDelegate.java:118)
	at org.springframework.context.support.AbstractApplicationContext.invokeBeanFactoryPostProcessors(AbstractApplicationContext.java:791)
	at org.springframework.context.support.AbstractApplicationContext.refresh(AbstractApplicationContext.java:609)
	at org.springframework.boot.SpringApplication.refresh(SpringApplication.java:752)
	at org.springframework.boot.SpringApplication.refreshContext(SpringApplication.java:439)
	at org.springframework.boot.SpringApplication.run(SpringApplication.java:318)
	at org.springframework.boot.test.context.SpringBootContextLoader.lambda$loadContext$3(SpringBootContextLoader.java:144)
	at org.springframework.util.function.ThrowingSupplier.get(ThrowingSupplier.java:58)
	at org.springframework.util.function.ThrowingSupplier.get(ThrowingSupplier.java:46)
	at org.springframework.boot.SpringApplication.withHook(SpringApplication.java:1461)
	at org.springframework.boot.test.context.SpringBootContextLoader$ContextLoaderHook.run(SpringBootContextLoader.java:563)
	at org.springframework.boot.test.context.SpringBootContextLoader.loadContext(SpringBootContextLoader.java:144)
	at org.springframework.boot.test.context.SpringBootContextLoader.loadContext(SpringBootContextLoader.java:110)
	at org.springframework.test.context.cache.DefaultCacheAwareContextLoaderDelegate.loadContextInternal(DefaultCacheAwareContextLoaderDelegate.java:225)
	at org.springframework.test.context.cache.DefaultCacheAwareContextLoaderDelegate.loadContext(DefaultCacheAwareContextLoaderDelegate.java:152)
	... 75 common frames omitted
Caused by: org.springframework.context.annotation.ConflictingBeanDefinitionException: Annotation-specified bean name 'globalExceptionHandler' for bean class [com.middleware.backend.notification.exception.GlobalExceptionHandler] conflicts with existing, non-compatible bean definition of same name and class [com.middleware.backend.exception.GlobalExceptionHandler]
	at org.springframework.context.annotation.ClassPathBeanDefinitionScanner.checkCandidate(ClassPathBeanDefinitionScanner.java:361)
	at org.springframework.context.annotation.ClassPathBeanDefinitionScanner.doScan(ClassPathBeanDefinitionScanner.java:288)
	at org.springframework.context.annotation.ComponentScanAnnotationParser.parse(ComponentScanAnnotationParser.java:128)
	at org.springframework.context.annotation.ConfigurationClassParser.doProcessConfigurationClass(ConfigurationClassParser.java:345)
	at org.springframework.context.annotation.ConfigurationClassParser.processConfigurationClass(ConfigurationClassParser.java:280)
	at org.springframework.context.annotation.ConfigurationClassParser.parse(ConfigurationClassParser.java:203)
	at org.springframework.context.annotation.ConfigurationClassParser.parse(ConfigurationClassParser.java:172)
	... 93 common frames omitted
2025-09-18 17:24:27 [background-preinit] INFO  o.h.validator.internal.util.Version - HV000001: Hibernate Validator 8.0.2.Final
2025-09-18 17:24:27 [main] INFO  c.m.MiddlewareApplicationTests - Starting MiddlewareApplicationTests using Java 23-valhalla with PID 24124 (started by omard in C:\Users\omard\Desktop\Work\back-end)
2025-09-18 17:24:27 [main] INFO  c.m.MiddlewareApplicationTests - No active profile set, falling back to 1 default profile: "default"
2025-09-18 17:24:28 [main] DEBUG o.s.w.c.s.GenericWebApplicationContext - Refreshing org.springframework.web.context.support.GenericWebApplicationContext@4eb30d44
2025-09-18 17:24:28 [main] WARN  o.s.w.c.s.GenericWebApplicationContext - Exception encountered during context initialization - cancelling refresh attempt: org.springframework.beans.factory.BeanDefinitionStoreException: Failed to parse configuration class [com.middleware.MiddlewareApplication]
2025-09-18 17:24:28 [main] ERROR o.s.boot.SpringApplication - Application run failed
org.springframework.beans.factory.BeanDefinitionStoreException: Failed to parse configuration class [com.middleware.MiddlewareApplication]
	at org.springframework.context.annotation.ConfigurationClassParser.parse(ConfigurationClassParser.java:193)
	at org.springframework.context.annotation.ConfigurationClassPostProcessor.processConfigBeanDefinitions(ConfigurationClassPostProcessor.java:418)
	at org.springframework.context.annotation.ConfigurationClassPostProcessor.postProcessBeanDefinitionRegistry(ConfigurationClassPostProcessor.java:290)
	at org.springframework.context.support.PostProcessorRegistrationDelegate.invokeBeanDefinitionRegistryPostProcessors(PostProcessorRegistrationDelegate.java:349)
	at org.springframework.context.support.PostProcessorRegistrationDelegate.invokeBeanFactoryPostProcessors(PostProcessorRegistrationDelegate.java:118)
	at org.springframework.context.support.AbstractApplicationContext.invokeBeanFactoryPostProcessors(AbstractApplicationContext.java:791)
	at org.springframework.context.support.AbstractApplicationContext.refresh(AbstractApplicationContext.java:609)
	at org.springframework.boot.SpringApplication.refresh(SpringApplication.java:752)
	at org.springframework.boot.SpringApplication.refreshContext(SpringApplication.java:439)
	at org.springframework.boot.SpringApplication.run(SpringApplication.java:318)
	at org.springframework.boot.test.context.SpringBootContextLoader.lambda$loadContext$3(SpringBootContextLoader.java:144)
	at org.springframework.util.function.ThrowingSupplier.get(ThrowingSupplier.java:58)
	at org.springframework.util.function.ThrowingSupplier.get(ThrowingSupplier.java:46)
	at org.springframework.boot.SpringApplication.withHook(SpringApplication.java:1461)
	at org.springframework.boot.test.context.SpringBootContextLoader$ContextLoaderHook.run(SpringBootContextLoader.java:563)
	at org.springframework.boot.test.context.SpringBootContextLoader.loadContext(SpringBootContextLoader.java:144)
	at org.springframework.boot.test.context.SpringBootContextLoader.loadContext(SpringBootContextLoader.java:110)
	at org.springframework.test.context.cache.DefaultCacheAwareContextLoaderDelegate.loadContextInternal(DefaultCacheAwareContextLoaderDelegate.java:225)
	at org.springframework.test.context.cache.DefaultCacheAwareContextLoaderDelegate.loadContext(DefaultCacheAwareContextLoaderDelegate.java:152)
	at org.springframework.test.context.support.DefaultTestContext.getApplicationContext(DefaultTestContext.java:130)
	at org.springframework.test.context.web.ServletTestExecutionListener.setUpRequestContextIfNecessary(ServletTestExecutionListener.java:200)
	at org.springframework.test.context.web.ServletTestExecutionListener.prepareTestInstance(ServletTestExecutionListener.java:139)
	at org.springframework.test.context.TestContextManager.prepareTestInstance(TestContextManager.java:260)
	at org.springframework.test.context.junit.jupiter.SpringExtension.postProcessTestInstance(SpringExtension.java:160)
	at org.junit.jupiter.engine.descriptor.ClassBasedTestDescriptor.lambda$invokeTestInstancePostProcessors$11(ClassBasedTestDescriptor.java:378)
	at org.junit.jupiter.engine.descriptor.ClassBasedTestDescriptor.executeAndMaskThrowable(ClassBasedTestDescriptor.java:383)
	at org.junit.jupiter.engine.descriptor.ClassBasedTestDescriptor.lambda$invokeTestInstancePostProcessors$12(ClassBasedTestDescriptor.java:378)
	at java.base/java.util.stream.ForEachOps$ForEachOp$OfRef.accept(ForEachOps.java:184)
	at java.base/java.util.stream.ReferencePipeline$3$1.accept(ReferencePipeline.java:212)
	at java.base/java.util.stream.ReferencePipeline$2$1.accept(ReferencePipeline.java:194)
	at java.base/java.util.stream.ReferencePipeline$3$1.accept(ReferencePipeline.java:212)
	at java.base/java.util.ArrayList$ArrayListSpliterator.forEachRemaining(ArrayList.java:1709)
	at java.base/java.util.stream.AbstractPipeline.copyInto(AbstractPipeline.java:556)
	at java.base/java.util.stream.AbstractPipeline.wrapAndCopyInto(AbstractPipeline.java:546)
	at java.base/java.util.stream.ForEachOps$ForEachOp.evaluateSequential(ForEachOps.java:151)
	at java.base/java.util.stream.ForEachOps$ForEachOp$OfRef.evaluateSequential(ForEachOps.java:174)
	at java.base/java.util.stream.AbstractPipeline.evaluate(AbstractPipeline.java:265)
	at java.base/java.util.stream.ReferencePipeline.forEach(ReferencePipeline.java:611)
	at org.junit.jupiter.engine.descriptor.ClassBasedTestDescriptor.invokeTestInstancePostProcessors(ClassBasedTestDescriptor.java:377)
	at org.junit.jupiter.engine.descriptor.ClassBasedTestDescriptor.lambda$instantiateAndPostProcessTestInstance$7(ClassBasedTestDescriptor.java:290)
	at org.junit.platform.engine.support.hierarchical.ThrowableCollector.execute(ThrowableCollector.java:73)
	at org.junit.jupiter.engine.descriptor.ClassBasedTestDescriptor.instantiateAndPostProcessTestInstance(ClassBasedTestDescriptor.java:289)
	at org.junit.jupiter.engine.descriptor.ClassBasedTestDescriptor.lambda$testInstancesProvider$5(ClassBasedTestDescriptor.java:279)
	at java.base/java.util.Optional.orElseGet(Optional.java:365)
	at org.junit.jupiter.engine.descriptor.ClassBasedTestDescriptor.lambda$testInstancesProvider$6(ClassBasedTestDescriptor.java:278)
	at org.junit.jupiter.engine.execution.TestInstancesProvider.getTestInstances(TestInstancesProvider.java:31)
	at org.junit.jupiter.engine.descriptor.TestMethodTestDescriptor.lambda$prepare$1(TestMethodTestDescriptor.java:105)
	at org.junit.platform.engine.support.hierarchical.ThrowableCollector.execute(ThrowableCollector.java:73)
	at org.junit.jupiter.engine.descriptor.TestMethodTestDescriptor.prepare(TestMethodTestDescriptor.java:104)
	at org.junit.jupiter.engine.descriptor.TestMethodTestDescriptor.prepare(TestMethodTestDescriptor.java:68)
	at org.junit.platform.engine.support.hierarchical.NodeTestTask.lambda$prepare$2(NodeTestTask.java:128)
	at org.junit.platform.engine.support.hierarchical.ThrowableCollector.execute(ThrowableCollector.java:73)
	at org.junit.platform.engine.support.hierarchical.NodeTestTask.prepare(NodeTestTask.java:128)
	at org.junit.platform.engine.support.hierarchical.NodeTestTask.execute(NodeTestTask.java:95)
	at java.base/java.util.ArrayList.forEach(ArrayList.java:1597)
	at org.junit.platform.engine.support.hierarchical.SameThreadHierarchicalTestExecutorService.invokeAll(SameThreadHierarchicalTestExecutorService.java:41)
	at org.junit.platform.engine.support.hierarchical.NodeTestTask.lambda$executeRecursively$6(NodeTestTask.java:160)
	at org.junit.platform.engine.support.hierarchical.ThrowableCollector.execute(ThrowableCollector.java:73)
	at org.junit.platform.engine.support.hierarchical.NodeTestTask.lambda$executeRecursively$8(NodeTestTask.java:146)
	at org.junit.platform.engine.support.hierarchical.Node.around(Node.java:137)
	at org.junit.platform.engine.support.hierarchical.NodeTestTask.lambda$executeRecursively$9(NodeTestTask.java:144)
	at org.junit.platform.engine.support.hierarchical.ThrowableCollector.execute(ThrowableCollector.java:73)
	at org.junit.platform.engine.support.hierarchical.NodeTestTask.executeRecursively(NodeTestTask.java:143)
	at org.junit.platform.engine.support.hierarchical.NodeTestTask.execute(NodeTestTask.java:100)
	at java.base/java.util.ArrayList.forEach(ArrayList.java:1597)
	at org.junit.platform.engine.support.hierarchical.SameThreadHierarchicalTestExecutorService.invokeAll(SameThreadHierarchicalTestExecutorService.java:41)
	at org.junit.platform.engine.support.hierarchical.NodeTestTask.lambda$executeRecursively$6(NodeTestTask.java:160)
	at org.junit.platform.engine.support.hierarchical.ThrowableCollector.execute(ThrowableCollector.java:73)
	at org.junit.platform.engine.support.hierarchical.NodeTestTask.lambda$executeRecursively$8(NodeTestTask.java:146)
	at org.junit.platform.engine.support.hierarchical.Node.around(Node.java:137)
	at org.junit.platform.engine.support.hierarchical.NodeTestTask.lambda$executeRecursively$9(NodeTestTask.java:144)
	at org.junit.platform.engine.support.hierarchical.ThrowableCollector.execute(ThrowableCollector.java:73)
	at org.junit.platform.engine.support.hierarchical.NodeTestTask.executeRecursively(NodeTestTask.java:143)
	at org.junit.platform.engine.support.hierarchical.NodeTestTask.execute(NodeTestTask.java:100)
	at org.junit.platform.engine.support.hierarchical.SameThreadHierarchicalTestExecutorService.submit(SameThreadHierarchicalTestExecutorService.java:35)
	at org.junit.platform.engine.support.hierarchical.HierarchicalTestExecutor.execute(HierarchicalTestExecutor.java:57)
	at org.junit.platform.engine.support.hierarchical.HierarchicalTestEngine.execute(HierarchicalTestEngine.java:54)
	at org.junit.platform.launcher.core.EngineExecutionOrchestrator.execute(EngineExecutionOrchestrator.java:198)
	at org.junit.platform.launcher.core.EngineExecutionOrchestrator.execute(EngineExecutionOrchestrator.java:169)
	at org.junit.platform.launcher.core.EngineExecutionOrchestrator.execute(EngineExecutionOrchestrator.java:93)
	at org.junit.platform.launcher.core.EngineExecutionOrchestrator.lambda$execute$0(EngineExecutionOrchestrator.java:58)
	at org.junit.platform.launcher.core.EngineExecutionOrchestrator.withInterceptedStreams(EngineExecutionOrchestrator.java:141)
	at org.junit.platform.launcher.core.EngineExecutionOrchestrator.execute(EngineExecutionOrchestrator.java:57)
	at org.junit.platform.launcher.core.DefaultLauncher.execute(DefaultLauncher.java:103)
	at org.junit.platform.launcher.core.DefaultLauncher.execute(DefaultLauncher.java:85)
	at org.junit.platform.launcher.core.DelegatingLauncher.execute(DelegatingLauncher.java:47)
	at org.apache.maven.surefire.junitplatform.LazyLauncher.execute(LazyLauncher.java:56)
	at org.apache.maven.surefire.junitplatform.JUnitPlatformProvider.execute(JUnitPlatformProvider.java:184)
	at org.apache.maven.surefire.junitplatform.JUnitPlatformProvider.invokeAllTests(JUnitPlatformProvider.java:148)
	at org.apache.maven.surefire.junitplatform.JUnitPlatformProvider.invoke(JUnitPlatformProvider.java:122)
	at org.apache.maven.surefire.booter.ForkedBooter.runSuitesInProcess(ForkedBooter.java:385)
	at org.apache.maven.surefire.booter.ForkedBooter.execute(ForkedBooter.java:162)
	at org.apache.maven.surefire.booter.ForkedBooter.run(ForkedBooter.java:507)
	at org.apache.maven.surefire.booter.ForkedBooter.main(ForkedBooter.java:495)
Caused by: org.springframework.context.annotation.ConflictingBeanDefinitionException: Annotation-specified bean name 'globalExceptionHandler' for bean class [com.middleware.backend.notification.exception.GlobalExceptionHandler] conflicts with existing, non-compatible bean definition of same name and class [com.middleware.backend.exception.GlobalExceptionHandler]
	at org.springframework.context.annotation.ClassPathBeanDefinitionScanner.checkCandidate(ClassPathBeanDefinitionScanner.java:361)
	at org.springframework.context.annotation.ClassPathBeanDefinitionScanner.doScan(ClassPathBeanDefinitionScanner.java:288)
	at org.springframework.context.annotation.ComponentScanAnnotationParser.parse(ComponentScanAnnotationParser.java:128)
	at org.springframework.context.annotation.ConfigurationClassParser.doProcessConfigurationClass(ConfigurationClassParser.java:345)
	at org.springframework.context.annotation.ConfigurationClassParser.processConfigurationClass(ConfigurationClassParser.java:280)
	at org.springframework.context.annotation.ConfigurationClassParser.parse(ConfigurationClassParser.java:203)
	at org.springframework.context.annotation.ConfigurationClassParser.parse(ConfigurationClassParser.java:172)
	... 93 common frames omitted
2025-09-18 17:24:28 [main] WARN  o.s.test.context.TestContextManager - Caught exception while allowing TestExecutionListener [org.springframework.test.context.web.ServletTestExecutionListener] to prepare test instance [com.middleware.MiddlewareApplicationTests@656f62dc]
java.lang.IllegalStateException: Failed to load ApplicationContext for [WebMergedContextConfiguration@7d247660 testClass = com.middleware.MiddlewareApplicationTests, locations = [], classes = [com.middleware.MiddlewareApplication], contextInitializerClasses = [], activeProfiles = [], propertySourceDescriptors = [], propertySourceProperties = ["org.springframework.boot.test.context.SpringBootTestContextBootstrapper=true"], contextCustomizers = [org.springframework.boot.test.context.filter.ExcludeFilterContextCustomizer@c5ee75e, org.springframework.boot.test.json.DuplicateJsonObjectContextCustomizerFactory$DuplicateJsonObjectContextCustomizer@4a11eb84, org.springframework.boot.test.mock.mockito.MockitoContextCustomizer@0, org.springframework.boot.test.web.client.TestRestTemplateContextCustomizer@3f07b12c, org.springframework.boot.test.web.reactor.netty.DisableReactorResourceFactoryGlobalResourcesContextCustomizerFactory$DisableReactorResourceFactoryGlobalResourcesContextCustomizerCustomizer@765f05af, org.springframework.boot.test.autoconfigure.OnFailureConditionReportContextCustomizerFactory$OnFailureConditionReportContextCustomizer@13f17eb4, org.springframework.boot.test.autoconfigure.actuate.observability.ObservabilityContextCustomizerFactory$DisableObservabilityContextCustomizer@1f, org.springframework.boot.test.autoconfigure.properties.PropertyMappingContextCustomizer@0, org.springframework.boot.test.autoconfigure.web.servlet.WebDriverContextCustomizer@20a14b55, org.springframework.test.context.support.DynamicPropertiesContextCustomizer@0, org.springframework.boot.test.context.SpringBootTestAnnotation@e6f8bd63], resourceBasePath = "src/main/webapp", contextLoader = org.springframework.boot.test.context.SpringBootContextLoader, parent = null]
	at org.springframework.test.context.cache.DefaultCacheAwareContextLoaderDelegate.loadContext(DefaultCacheAwareContextLoaderDelegate.java:180)
	at org.springframework.test.context.support.DefaultTestContext.getApplicationContext(DefaultTestContext.java:130)
	at org.springframework.test.context.web.ServletTestExecutionListener.setUpRequestContextIfNecessary(ServletTestExecutionListener.java:200)
	at org.springframework.test.context.web.ServletTestExecutionListener.prepareTestInstance(ServletTestExecutionListener.java:139)
	at org.springframework.test.context.TestContextManager.prepareTestInstance(TestContextManager.java:260)
	at org.springframework.test.context.junit.jupiter.SpringExtension.postProcessTestInstance(SpringExtension.java:160)
	at org.junit.jupiter.engine.descriptor.ClassBasedTestDescriptor.lambda$invokeTestInstancePostProcessors$11(ClassBasedTestDescriptor.java:378)
	at org.junit.jupiter.engine.descriptor.ClassBasedTestDescriptor.executeAndMaskThrowable(ClassBasedTestDescriptor.java:383)
	at org.junit.jupiter.engine.descriptor.ClassBasedTestDescriptor.lambda$invokeTestInstancePostProcessors$12(ClassBasedTestDescriptor.java:378)
	at java.base/java.util.stream.ForEachOps$ForEachOp$OfRef.accept(ForEachOps.java:184)
	at java.base/java.util.stream.ReferencePipeline$3$1.accept(ReferencePipeline.java:212)
	at java.base/java.util.stream.ReferencePipeline$2$1.accept(ReferencePipeline.java:194)
	at java.base/java.util.stream.ReferencePipeline$3$1.accept(ReferencePipeline.java:212)
	at java.base/java.util.ArrayList$ArrayListSpliterator.forEachRemaining(ArrayList.java:1709)
	at java.base/java.util.stream.AbstractPipeline.copyInto(AbstractPipeline.java:556)
	at java.base/java.util.stream.AbstractPipeline.wrapAndCopyInto(AbstractPipeline.java:546)
	at java.base/java.util.stream.ForEachOps$ForEachOp.evaluateSequential(ForEachOps.java:151)
	at java.base/java.util.stream.ForEachOps$ForEachOp$OfRef.evaluateSequential(ForEachOps.java:174)
	at java.base/java.util.stream.AbstractPipeline.evaluate(AbstractPipeline.java:265)
	at java.base/java.util.stream.ReferencePipeline.forEach(ReferencePipeline.java:611)
	at org.junit.jupiter.engine.descriptor.ClassBasedTestDescriptor.invokeTestInstancePostProcessors(ClassBasedTestDescriptor.java:377)
	at org.junit.jupiter.engine.descriptor.ClassBasedTestDescriptor.lambda$instantiateAndPostProcessTestInstance$7(ClassBasedTestDescriptor.java:290)
	at org.junit.platform.engine.support.hierarchical.ThrowableCollector.execute(ThrowableCollector.java:73)
	at org.junit.jupiter.engine.descriptor.ClassBasedTestDescriptor.instantiateAndPostProcessTestInstance(ClassBasedTestDescriptor.java:289)
	at org.junit.jupiter.engine.descriptor.ClassBasedTestDescriptor.lambda$testInstancesProvider$5(ClassBasedTestDescriptor.java:279)
	at java.base/java.util.Optional.orElseGet(Optional.java:365)
	at org.junit.jupiter.engine.descriptor.ClassBasedTestDescriptor.lambda$testInstancesProvider$6(ClassBasedTestDescriptor.java:278)
	at org.junit.jupiter.engine.execution.TestInstancesProvider.getTestInstances(TestInstancesProvider.java:31)
	at org.junit.jupiter.engine.descriptor.TestMethodTestDescriptor.lambda$prepare$1(TestMethodTestDescriptor.java:105)
	at org.junit.platform.engine.support.hierarchical.ThrowableCollector.execute(ThrowableCollector.java:73)
	at org.junit.jupiter.engine.descriptor.TestMethodTestDescriptor.prepare(TestMethodTestDescriptor.java:104)
	at org.junit.jupiter.engine.descriptor.TestMethodTestDescriptor.prepare(TestMethodTestDescriptor.java:68)
	at org.junit.platform.engine.support.hierarchical.NodeTestTask.lambda$prepare$2(NodeTestTask.java:128)
	at org.junit.platform.engine.support.hierarchical.ThrowableCollector.execute(ThrowableCollector.java:73)
	at org.junit.platform.engine.support.hierarchical.NodeTestTask.prepare(NodeTestTask.java:128)
	at org.junit.platform.engine.support.hierarchical.NodeTestTask.execute(NodeTestTask.java:95)
	at java.base/java.util.ArrayList.forEach(ArrayList.java:1597)
	at org.junit.platform.engine.support.hierarchical.SameThreadHierarchicalTestExecutorService.invokeAll(SameThreadHierarchicalTestExecutorService.java:41)
	at org.junit.platform.engine.support.hierarchical.NodeTestTask.lambda$executeRecursively$6(NodeTestTask.java:160)
	at org.junit.platform.engine.support.hierarchical.ThrowableCollector.execute(ThrowableCollector.java:73)
	at org.junit.platform.engine.support.hierarchical.NodeTestTask.lambda$executeRecursively$8(NodeTestTask.java:146)
	at org.junit.platform.engine.support.hierarchical.Node.around(Node.java:137)
	at org.junit.platform.engine.support.hierarchical.NodeTestTask.lambda$executeRecursively$9(NodeTestTask.java:144)
	at org.junit.platform.engine.support.hierarchical.ThrowableCollector.execute(ThrowableCollector.java:73)
	at org.junit.platform.engine.support.hierarchical.NodeTestTask.executeRecursively(NodeTestTask.java:143)
	at org.junit.platform.engine.support.hierarchical.NodeTestTask.execute(NodeTestTask.java:100)
	at java.base/java.util.ArrayList.forEach(ArrayList.java:1597)
	at org.junit.platform.engine.support.hierarchical.SameThreadHierarchicalTestExecutorService.invokeAll(SameThreadHierarchicalTestExecutorService.java:41)
	at org.junit.platform.engine.support.hierarchical.NodeTestTask.lambda$executeRecursively$6(NodeTestTask.java:160)
	at org.junit.platform.engine.support.hierarchical.ThrowableCollector.execute(ThrowableCollector.java:73)
	at org.junit.platform.engine.support.hierarchical.NodeTestTask.lambda$executeRecursively$8(NodeTestTask.java:146)
	at org.junit.platform.engine.support.hierarchical.Node.around(Node.java:137)
	at org.junit.platform.engine.support.hierarchical.NodeTestTask.lambda$executeRecursively$9(NodeTestTask.java:144)
	at org.junit.platform.engine.support.hierarchical.ThrowableCollector.execute(ThrowableCollector.java:73)
	at org.junit.platform.engine.support.hierarchical.NodeTestTask.executeRecursively(NodeTestTask.java:143)
	at org.junit.platform.engine.support.hierarchical.NodeTestTask.execute(NodeTestTask.java:100)
	at org.junit.platform.engine.support.hierarchical.SameThreadHierarchicalTestExecutorService.submit(SameThreadHierarchicalTestExecutorService.java:35)
	at org.junit.platform.engine.support.hierarchical.HierarchicalTestExecutor.execute(HierarchicalTestExecutor.java:57)
	at org.junit.platform.engine.support.hierarchical.HierarchicalTestEngine.execute(HierarchicalTestEngine.java:54)
	at org.junit.platform.launcher.core.EngineExecutionOrchestrator.execute(EngineExecutionOrchestrator.java:198)
	at org.junit.platform.launcher.core.EngineExecutionOrchestrator.execute(EngineExecutionOrchestrator.java:169)
	at org.junit.platform.launcher.core.EngineExecutionOrchestrator.execute(EngineExecutionOrchestrator.java:93)
	at org.junit.platform.launcher.core.EngineExecutionOrchestrator.lambda$execute$0(EngineExecutionOrchestrator.java:58)
	at org.junit.platform.launcher.core.EngineExecutionOrchestrator.withInterceptedStreams(EngineExecutionOrchestrator.java:141)
	at org.junit.platform.launcher.core.EngineExecutionOrchestrator.execute(EngineExecutionOrchestrator.java:57)
	at org.junit.platform.launcher.core.DefaultLauncher.execute(DefaultLauncher.java:103)
	at org.junit.platform.launcher.core.DefaultLauncher.execute(DefaultLauncher.java:85)
	at org.junit.platform.launcher.core.DelegatingLauncher.execute(DelegatingLauncher.java:47)
	at org.apache.maven.surefire.junitplatform.LazyLauncher.execute(LazyLauncher.java:56)
	at org.apache.maven.surefire.junitplatform.JUnitPlatformProvider.execute(JUnitPlatformProvider.java:184)
	at org.apache.maven.surefire.junitplatform.JUnitPlatformProvider.invokeAllTests(JUnitPlatformProvider.java:148)
	at org.apache.maven.surefire.junitplatform.JUnitPlatformProvider.invoke(JUnitPlatformProvider.java:122)
	at org.apache.maven.surefire.booter.ForkedBooter.runSuitesInProcess(ForkedBooter.java:385)
	at org.apache.maven.surefire.booter.ForkedBooter.execute(ForkedBooter.java:162)
	at org.apache.maven.surefire.booter.ForkedBooter.run(ForkedBooter.java:507)
	at org.apache.maven.surefire.booter.ForkedBooter.main(ForkedBooter.java:495)
Caused by: org.springframework.beans.factory.BeanDefinitionStoreException: Failed to parse configuration class [com.middleware.MiddlewareApplication]
	at org.springframework.context.annotation.ConfigurationClassParser.parse(ConfigurationClassParser.java:193)
	at org.springframework.context.annotation.ConfigurationClassPostProcessor.processConfigBeanDefinitions(ConfigurationClassPostProcessor.java:418)
	at org.springframework.context.annotation.ConfigurationClassPostProcessor.postProcessBeanDefinitionRegistry(ConfigurationClassPostProcessor.java:290)
	at org.springframework.context.support.PostProcessorRegistrationDelegate.invokeBeanDefinitionRegistryPostProcessors(PostProcessorRegistrationDelegate.java:349)
	at org.springframework.context.support.PostProcessorRegistrationDelegate.invokeBeanFactoryPostProcessors(PostProcessorRegistrationDelegate.java:118)
	at org.springframework.context.support.AbstractApplicationContext.invokeBeanFactoryPostProcessors(AbstractApplicationContext.java:791)
	at org.springframework.context.support.AbstractApplicationContext.refresh(AbstractApplicationContext.java:609)
	at org.springframework.boot.SpringApplication.refresh(SpringApplication.java:752)
	at org.springframework.boot.SpringApplication.refreshContext(SpringApplication.java:439)
	at org.springframework.boot.SpringApplication.run(SpringApplication.java:318)
	at org.springframework.boot.test.context.SpringBootContextLoader.lambda$loadContext$3(SpringBootContextLoader.java:144)
	at org.springframework.util.function.ThrowingSupplier.get(ThrowingSupplier.java:58)
	at org.springframework.util.function.ThrowingSupplier.get(ThrowingSupplier.java:46)
	at org.springframework.boot.SpringApplication.withHook(SpringApplication.java:1461)
	at org.springframework.boot.test.context.SpringBootContextLoader$ContextLoaderHook.run(SpringBootContextLoader.java:563)
	at org.springframework.boot.test.context.SpringBootContextLoader.loadContext(SpringBootContextLoader.java:144)
	at org.springframework.boot.test.context.SpringBootContextLoader.loadContext(SpringBootContextLoader.java:110)
	at org.springframework.test.context.cache.DefaultCacheAwareContextLoaderDelegate.loadContextInternal(DefaultCacheAwareContextLoaderDelegate.java:225)
	at org.springframework.test.context.cache.DefaultCacheAwareContextLoaderDelegate.loadContext(DefaultCacheAwareContextLoaderDelegate.java:152)
	... 75 common frames omitted
Caused by: org.springframework.context.annotation.ConflictingBeanDefinitionException: Annotation-specified bean name 'globalExceptionHandler' for bean class [com.middleware.backend.notification.exception.GlobalExceptionHandler] conflicts with existing, non-compatible bean definition of same name and class [com.middleware.backend.exception.GlobalExceptionHandler]
	at org.springframework.context.annotation.ClassPathBeanDefinitionScanner.checkCandidate(ClassPathBeanDefinitionScanner.java:361)
	at org.springframework.context.annotation.ClassPathBeanDefinitionScanner.doScan(ClassPathBeanDefinitionScanner.java:288)
	at org.springframework.context.annotation.ComponentScanAnnotationParser.parse(ComponentScanAnnotationParser.java:128)
	at org.springframework.context.annotation.ConfigurationClassParser.doProcessConfigurationClass(ConfigurationClassParser.java:345)
	at org.springframework.context.annotation.ConfigurationClassParser.processConfigurationClass(ConfigurationClassParser.java:280)
	at org.springframework.context.annotation.ConfigurationClassParser.parse(ConfigurationClassParser.java:203)
	at org.springframework.context.annotation.ConfigurationClassParser.parse(ConfigurationClassParser.java:172)
	... 93 common frames omitted
2025-09-18 17:25:07 [background-preinit] INFO  o.h.validator.internal.util.Version - HV000001: Hibernate Validator 8.0.2.Final
2025-09-18 17:25:08 [main] INFO  c.m.MiddlewareApplicationTests - Starting MiddlewareApplicationTests using Java 23-valhalla with PID 16068 (started by omard in C:\Users\omard\Desktop\Work\back-end)
2025-09-18 17:25:08 [main] INFO  c.m.MiddlewareApplicationTests - No active profile set, falling back to 1 default profile: "default"
2025-09-18 17:25:08 [main] DEBUG o.s.w.c.s.GenericWebApplicationContext - Refreshing org.springframework.web.context.support.GenericWebApplicationContext@4a05d8ae
2025-09-18 17:25:08 [main] WARN  o.s.w.c.s.GenericWebApplicationContext - Exception encountered during context initialization - cancelling refresh attempt: org.springframework.beans.factory.BeanDefinitionStoreException: Failed to parse configuration class [com.middleware.MiddlewareApplication]
2025-09-18 17:25:08 [main] ERROR o.s.boot.SpringApplication - Application run failed
org.springframework.beans.factory.BeanDefinitionStoreException: Failed to parse configuration class [com.middleware.MiddlewareApplication]
	at org.springframework.context.annotation.ConfigurationClassParser.parse(ConfigurationClassParser.java:193)
	at org.springframework.context.annotation.ConfigurationClassPostProcessor.processConfigBeanDefinitions(ConfigurationClassPostProcessor.java:418)
	at org.springframework.context.annotation.ConfigurationClassPostProcessor.postProcessBeanDefinitionRegistry(ConfigurationClassPostProcessor.java:290)
	at org.springframework.context.support.PostProcessorRegistrationDelegate.invokeBeanDefinitionRegistryPostProcessors(PostProcessorRegistrationDelegate.java:349)
	at org.springframework.context.support.PostProcessorRegistrationDelegate.invokeBeanFactoryPostProcessors(PostProcessorRegistrationDelegate.java:118)
	at org.springframework.context.support.AbstractApplicationContext.invokeBeanFactoryPostProcessors(AbstractApplicationContext.java:791)
	at org.springframework.context.support.AbstractApplicationContext.refresh(AbstractApplicationContext.java:609)
	at org.springframework.boot.SpringApplication.refresh(SpringApplication.java:752)
	at org.springframework.boot.SpringApplication.refreshContext(SpringApplication.java:439)
	at org.springframework.boot.SpringApplication.run(SpringApplication.java:318)
	at org.springframework.boot.test.context.SpringBootContextLoader.lambda$loadContext$3(SpringBootContextLoader.java:144)
	at org.springframework.util.function.ThrowingSupplier.get(ThrowingSupplier.java:58)
	at org.springframework.util.function.ThrowingSupplier.get(ThrowingSupplier.java:46)
	at org.springframework.boot.SpringApplication.withHook(SpringApplication.java:1461)
	at org.springframework.boot.test.context.SpringBootContextLoader$ContextLoaderHook.run(SpringBootContextLoader.java:563)
	at org.springframework.boot.test.context.SpringBootContextLoader.loadContext(SpringBootContextLoader.java:144)
	at org.springframework.boot.test.context.SpringBootContextLoader.loadContext(SpringBootContextLoader.java:110)
	at org.springframework.test.context.cache.DefaultCacheAwareContextLoaderDelegate.loadContextInternal(DefaultCacheAwareContextLoaderDelegate.java:225)
	at org.springframework.test.context.cache.DefaultCacheAwareContextLoaderDelegate.loadContext(DefaultCacheAwareContextLoaderDelegate.java:152)
	at org.springframework.test.context.support.DefaultTestContext.getApplicationContext(DefaultTestContext.java:130)
	at org.springframework.test.context.web.ServletTestExecutionListener.setUpRequestContextIfNecessary(ServletTestExecutionListener.java:200)
	at org.springframework.test.context.web.ServletTestExecutionListener.prepareTestInstance(ServletTestExecutionListener.java:139)
	at org.springframework.test.context.TestContextManager.prepareTestInstance(TestContextManager.java:260)
	at org.springframework.test.context.junit.jupiter.SpringExtension.postProcessTestInstance(SpringExtension.java:160)
	at org.junit.jupiter.engine.descriptor.ClassBasedTestDescriptor.lambda$invokeTestInstancePostProcessors$11(ClassBasedTestDescriptor.java:378)
	at org.junit.jupiter.engine.descriptor.ClassBasedTestDescriptor.executeAndMaskThrowable(ClassBasedTestDescriptor.java:383)
	at org.junit.jupiter.engine.descriptor.ClassBasedTestDescriptor.lambda$invokeTestInstancePostProcessors$12(ClassBasedTestDescriptor.java:378)
	at java.base/java.util.stream.ForEachOps$ForEachOp$OfRef.accept(ForEachOps.java:184)
	at java.base/java.util.stream.ReferencePipeline$3$1.accept(ReferencePipeline.java:212)
	at java.base/java.util.stream.ReferencePipeline$2$1.accept(ReferencePipeline.java:194)
	at java.base/java.util.stream.ReferencePipeline$3$1.accept(ReferencePipeline.java:212)
	at java.base/java.util.ArrayList$ArrayListSpliterator.forEachRemaining(ArrayList.java:1709)
	at java.base/java.util.stream.AbstractPipeline.copyInto(AbstractPipeline.java:556)
	at java.base/java.util.stream.AbstractPipeline.wrapAndCopyInto(AbstractPipeline.java:546)
	at java.base/java.util.stream.ForEachOps$ForEachOp.evaluateSequential(ForEachOps.java:151)
	at java.base/java.util.stream.ForEachOps$ForEachOp$OfRef.evaluateSequential(ForEachOps.java:174)
	at java.base/java.util.stream.AbstractPipeline.evaluate(AbstractPipeline.java:265)
	at java.base/java.util.stream.ReferencePipeline.forEach(ReferencePipeline.java:611)
	at org.junit.jupiter.engine.descriptor.ClassBasedTestDescriptor.invokeTestInstancePostProcessors(ClassBasedTestDescriptor.java:377)
	at org.junit.jupiter.engine.descriptor.ClassBasedTestDescriptor.lambda$instantiateAndPostProcessTestInstance$7(ClassBasedTestDescriptor.java:290)
	at org.junit.platform.engine.support.hierarchical.ThrowableCollector.execute(ThrowableCollector.java:73)
	at org.junit.jupiter.engine.descriptor.ClassBasedTestDescriptor.instantiateAndPostProcessTestInstance(ClassBasedTestDescriptor.java:289)
	at org.junit.jupiter.engine.descriptor.ClassBasedTestDescriptor.lambda$testInstancesProvider$5(ClassBasedTestDescriptor.java:279)
	at java.base/java.util.Optional.orElseGet(Optional.java:365)
	at org.junit.jupiter.engine.descriptor.ClassBasedTestDescriptor.lambda$testInstancesProvider$6(ClassBasedTestDescriptor.java:278)
	at org.junit.jupiter.engine.execution.TestInstancesProvider.getTestInstances(TestInstancesProvider.java:31)
	at org.junit.jupiter.engine.descriptor.TestMethodTestDescriptor.lambda$prepare$1(TestMethodTestDescriptor.java:105)
	at org.junit.platform.engine.support.hierarchical.ThrowableCollector.execute(ThrowableCollector.java:73)
	at org.junit.jupiter.engine.descriptor.TestMethodTestDescriptor.prepare(TestMethodTestDescriptor.java:104)
	at org.junit.jupiter.engine.descriptor.TestMethodTestDescriptor.prepare(TestMethodTestDescriptor.java:68)
	at org.junit.platform.engine.support.hierarchical.NodeTestTask.lambda$prepare$2(NodeTestTask.java:128)
	at org.junit.platform.engine.support.hierarchical.ThrowableCollector.execute(ThrowableCollector.java:73)
	at org.junit.platform.engine.support.hierarchical.NodeTestTask.prepare(NodeTestTask.java:128)
	at org.junit.platform.engine.support.hierarchical.NodeTestTask.execute(NodeTestTask.java:95)
	at java.base/java.util.ArrayList.forEach(ArrayList.java:1597)
	at org.junit.platform.engine.support.hierarchical.SameThreadHierarchicalTestExecutorService.invokeAll(SameThreadHierarchicalTestExecutorService.java:41)
	at org.junit.platform.engine.support.hierarchical.NodeTestTask.lambda$executeRecursively$6(NodeTestTask.java:160)
	at org.junit.platform.engine.support.hierarchical.ThrowableCollector.execute(ThrowableCollector.java:73)
	at org.junit.platform.engine.support.hierarchical.NodeTestTask.lambda$executeRecursively$8(NodeTestTask.java:146)
	at org.junit.platform.engine.support.hierarchical.Node.around(Node.java:137)
	at org.junit.platform.engine.support.hierarchical.NodeTestTask.lambda$executeRecursively$9(NodeTestTask.java:144)
	at org.junit.platform.engine.support.hierarchical.ThrowableCollector.execute(ThrowableCollector.java:73)
	at org.junit.platform.engine.support.hierarchical.NodeTestTask.executeRecursively(NodeTestTask.java:143)
	at org.junit.platform.engine.support.hierarchical.NodeTestTask.execute(NodeTestTask.java:100)
	at java.base/java.util.ArrayList.forEach(ArrayList.java:1597)
	at org.junit.platform.engine.support.hierarchical.SameThreadHierarchicalTestExecutorService.invokeAll(SameThreadHierarchicalTestExecutorService.java:41)
	at org.junit.platform.engine.support.hierarchical.NodeTestTask.lambda$executeRecursively$6(NodeTestTask.java:160)
	at org.junit.platform.engine.support.hierarchical.ThrowableCollector.execute(ThrowableCollector.java:73)
	at org.junit.platform.engine.support.hierarchical.NodeTestTask.lambda$executeRecursively$8(NodeTestTask.java:146)
	at org.junit.platform.engine.support.hierarchical.Node.around(Node.java:137)
	at org.junit.platform.engine.support.hierarchical.NodeTestTask.lambda$executeRecursively$9(NodeTestTask.java:144)
	at org.junit.platform.engine.support.hierarchical.ThrowableCollector.execute(ThrowableCollector.java:73)
	at org.junit.platform.engine.support.hierarchical.NodeTestTask.executeRecursively(NodeTestTask.java:143)
	at org.junit.platform.engine.support.hierarchical.NodeTestTask.execute(NodeTestTask.java:100)
	at org.junit.platform.engine.support.hierarchical.SameThreadHierarchicalTestExecutorService.submit(SameThreadHierarchicalTestExecutorService.java:35)
	at org.junit.platform.engine.support.hierarchical.HierarchicalTestExecutor.execute(HierarchicalTestExecutor.java:57)
	at org.junit.platform.engine.support.hierarchical.HierarchicalTestEngine.execute(HierarchicalTestEngine.java:54)
	at org.junit.platform.launcher.core.EngineExecutionOrchestrator.execute(EngineExecutionOrchestrator.java:198)
	at org.junit.platform.launcher.core.EngineExecutionOrchestrator.execute(EngineExecutionOrchestrator.java:169)
	at org.junit.platform.launcher.core.EngineExecutionOrchestrator.execute(EngineExecutionOrchestrator.java:93)
	at org.junit.platform.launcher.core.EngineExecutionOrchestrator.lambda$execute$0(EngineExecutionOrchestrator.java:58)
	at org.junit.platform.launcher.core.EngineExecutionOrchestrator.withInterceptedStreams(EngineExecutionOrchestrator.java:141)
	at org.junit.platform.launcher.core.EngineExecutionOrchestrator.execute(EngineExecutionOrchestrator.java:57)
	at org.junit.platform.launcher.core.DefaultLauncher.execute(DefaultLauncher.java:103)
	at org.junit.platform.launcher.core.DefaultLauncher.execute(DefaultLauncher.java:85)
	at org.junit.platform.launcher.core.DelegatingLauncher.execute(DelegatingLauncher.java:47)
	at org.apache.maven.surefire.junitplatform.LazyLauncher.execute(LazyLauncher.java:56)
	at org.apache.maven.surefire.junitplatform.JUnitPlatformProvider.execute(JUnitPlatformProvider.java:184)
	at org.apache.maven.surefire.junitplatform.JUnitPlatformProvider.invokeAllTests(JUnitPlatformProvider.java:148)
	at org.apache.maven.surefire.junitplatform.JUnitPlatformProvider.invoke(JUnitPlatformProvider.java:122)
	at org.apache.maven.surefire.booter.ForkedBooter.runSuitesInProcess(ForkedBooter.java:385)
	at org.apache.maven.surefire.booter.ForkedBooter.execute(ForkedBooter.java:162)
	at org.apache.maven.surefire.booter.ForkedBooter.run(ForkedBooter.java:507)
	at org.apache.maven.surefire.booter.ForkedBooter.main(ForkedBooter.java:495)
Caused by: org.springframework.context.annotation.ConflictingBeanDefinitionException: Annotation-specified bean name 'globalExceptionHandler' for bean class [com.middleware.backend.notification.exception.GlobalExceptionHandler] conflicts with existing, non-compatible bean definition of same name and class [com.middleware.backend.exception.GlobalExceptionHandler]
	at org.springframework.context.annotation.ClassPathBeanDefinitionScanner.checkCandidate(ClassPathBeanDefinitionScanner.java:361)
	at org.springframework.context.annotation.ClassPathBeanDefinitionScanner.doScan(ClassPathBeanDefinitionScanner.java:288)
	at org.springframework.context.annotation.ComponentScanAnnotationParser.parse(ComponentScanAnnotationParser.java:128)
	at org.springframework.context.annotation.ConfigurationClassParser.doProcessConfigurationClass(ConfigurationClassParser.java:345)
	at org.springframework.context.annotation.ConfigurationClassParser.processConfigurationClass(ConfigurationClassParser.java:280)
	at org.springframework.context.annotation.ConfigurationClassParser.parse(ConfigurationClassParser.java:203)
	at org.springframework.context.annotation.ConfigurationClassParser.parse(ConfigurationClassParser.java:172)
	... 93 common frames omitted
2025-09-18 17:25:08 [main] WARN  o.s.test.context.TestContextManager - Caught exception while allowing TestExecutionListener [org.springframework.test.context.web.ServletTestExecutionListener] to prepare test instance [com.middleware.MiddlewareApplicationTests@29b40b3]
java.lang.IllegalStateException: Failed to load ApplicationContext for [WebMergedContextConfiguration@3003827c testClass = com.middleware.MiddlewareApplicationTests, locations = [], classes = [com.middleware.MiddlewareApplication], contextInitializerClasses = [], activeProfiles = [], propertySourceDescriptors = [], propertySourceProperties = ["org.springframework.boot.test.context.SpringBootTestContextBootstrapper=true"], contextCustomizers = [org.springframework.boot.test.context.filter.ExcludeFilterContextCustomizer@c5ee75e, org.springframework.boot.test.json.DuplicateJsonObjectContextCustomizerFactory$DuplicateJsonObjectContextCustomizer@4a11eb84, org.springframework.boot.test.mock.mockito.MockitoContextCustomizer@0, org.springframework.boot.test.web.client.TestRestTemplateContextCustomizer@3f07b12c, org.springframework.boot.test.web.reactor.netty.DisableReactorResourceFactoryGlobalResourcesContextCustomizerFactory$DisableReactorResourceFactoryGlobalResourcesContextCustomizerCustomizer@765f05af, org.springframework.boot.test.autoconfigure.OnFailureConditionReportContextCustomizerFactory$OnFailureConditionReportContextCustomizer@13f17eb4, org.springframework.boot.test.autoconfigure.actuate.observability.ObservabilityContextCustomizerFactory$DisableObservabilityContextCustomizer@1f, org.springframework.boot.test.autoconfigure.properties.PropertyMappingContextCustomizer@0, org.springframework.boot.test.autoconfigure.web.servlet.WebDriverContextCustomizer@20a14b55, org.springframework.test.context.support.DynamicPropertiesContextCustomizer@0, org.springframework.boot.test.context.SpringBootTestAnnotation@e6f8bd63], resourceBasePath = "src/main/webapp", contextLoader = org.springframework.boot.test.context.SpringBootContextLoader, parent = null]
	at org.springframework.test.context.cache.DefaultCacheAwareContextLoaderDelegate.loadContext(DefaultCacheAwareContextLoaderDelegate.java:180)
	at org.springframework.test.context.support.DefaultTestContext.getApplicationContext(DefaultTestContext.java:130)
	at org.springframework.test.context.web.ServletTestExecutionListener.setUpRequestContextIfNecessary(ServletTestExecutionListener.java:200)
	at org.springframework.test.context.web.ServletTestExecutionListener.prepareTestInstance(ServletTestExecutionListener.java:139)
	at org.springframework.test.context.TestContextManager.prepareTestInstance(TestContextManager.java:260)
	at org.springframework.test.context.junit.jupiter.SpringExtension.postProcessTestInstance(SpringExtension.java:160)
	at org.junit.jupiter.engine.descriptor.ClassBasedTestDescriptor.lambda$invokeTestInstancePostProcessors$11(ClassBasedTestDescriptor.java:378)
	at org.junit.jupiter.engine.descriptor.ClassBasedTestDescriptor.executeAndMaskThrowable(ClassBasedTestDescriptor.java:383)
	at org.junit.jupiter.engine.descriptor.ClassBasedTestDescriptor.lambda$invokeTestInstancePostProcessors$12(ClassBasedTestDescriptor.java:378)
	at java.base/java.util.stream.ForEachOps$ForEachOp$OfRef.accept(ForEachOps.java:184)
	at java.base/java.util.stream.ReferencePipeline$3$1.accept(ReferencePipeline.java:212)
	at java.base/java.util.stream.ReferencePipeline$2$1.accept(ReferencePipeline.java:194)
	at java.base/java.util.stream.ReferencePipeline$3$1.accept(ReferencePipeline.java:212)
	at java.base/java.util.ArrayList$ArrayListSpliterator.forEachRemaining(ArrayList.java:1709)
	at java.base/java.util.stream.AbstractPipeline.copyInto(AbstractPipeline.java:556)
	at java.base/java.util.stream.AbstractPipeline.wrapAndCopyInto(AbstractPipeline.java:546)
	at java.base/java.util.stream.ForEachOps$ForEachOp.evaluateSequential(ForEachOps.java:151)
	at java.base/java.util.stream.ForEachOps$ForEachOp$OfRef.evaluateSequential(ForEachOps.java:174)
	at java.base/java.util.stream.AbstractPipeline.evaluate(AbstractPipeline.java:265)
	at java.base/java.util.stream.ReferencePipeline.forEach(ReferencePipeline.java:611)
	at org.junit.jupiter.engine.descriptor.ClassBasedTestDescriptor.invokeTestInstancePostProcessors(ClassBasedTestDescriptor.java:377)
	at org.junit.jupiter.engine.descriptor.ClassBasedTestDescriptor.lambda$instantiateAndPostProcessTestInstance$7(ClassBasedTestDescriptor.java:290)
	at org.junit.platform.engine.support.hierarchical.ThrowableCollector.execute(ThrowableCollector.java:73)
	at org.junit.jupiter.engine.descriptor.ClassBasedTestDescriptor.instantiateAndPostProcessTestInstance(ClassBasedTestDescriptor.java:289)
	at org.junit.jupiter.engine.descriptor.ClassBasedTestDescriptor.lambda$testInstancesProvider$5(ClassBasedTestDescriptor.java:279)
	at java.base/java.util.Optional.orElseGet(Optional.java:365)
	at org.junit.jupiter.engine.descriptor.ClassBasedTestDescriptor.lambda$testInstancesProvider$6(ClassBasedTestDescriptor.java:278)
	at org.junit.jupiter.engine.execution.TestInstancesProvider.getTestInstances(TestInstancesProvider.java:31)
	at org.junit.jupiter.engine.descriptor.TestMethodTestDescriptor.lambda$prepare$1(TestMethodTestDescriptor.java:105)
	at org.junit.platform.engine.support.hierarchical.ThrowableCollector.execute(ThrowableCollector.java:73)
	at org.junit.jupiter.engine.descriptor.TestMethodTestDescriptor.prepare(TestMethodTestDescriptor.java:104)
	at org.junit.jupiter.engine.descriptor.TestMethodTestDescriptor.prepare(TestMethodTestDescriptor.java:68)
	at org.junit.platform.engine.support.hierarchical.NodeTestTask.lambda$prepare$2(NodeTestTask.java:128)
	at org.junit.platform.engine.support.hierarchical.ThrowableCollector.execute(ThrowableCollector.java:73)
	at org.junit.platform.engine.support.hierarchical.NodeTestTask.prepare(NodeTestTask.java:128)
	at org.junit.platform.engine.support.hierarchical.NodeTestTask.execute(NodeTestTask.java:95)
	at java.base/java.util.ArrayList.forEach(ArrayList.java:1597)
	at org.junit.platform.engine.support.hierarchical.SameThreadHierarchicalTestExecutorService.invokeAll(SameThreadHierarchicalTestExecutorService.java:41)
	at org.junit.platform.engine.support.hierarchical.NodeTestTask.lambda$executeRecursively$6(NodeTestTask.java:160)
	at org.junit.platform.engine.support.hierarchical.ThrowableCollector.execute(ThrowableCollector.java:73)
	at org.junit.platform.engine.support.hierarchical.NodeTestTask.lambda$executeRecursively$8(NodeTestTask.java:146)
	at org.junit.platform.engine.support.hierarchical.Node.around(Node.java:137)
	at org.junit.platform.engine.support.hierarchical.NodeTestTask.lambda$executeRecursively$9(NodeTestTask.java:144)
	at org.junit.platform.engine.support.hierarchical.ThrowableCollector.execute(ThrowableCollector.java:73)
	at org.junit.platform.engine.support.hierarchical.NodeTestTask.executeRecursively(NodeTestTask.java:143)
	at org.junit.platform.engine.support.hierarchical.NodeTestTask.execute(NodeTestTask.java:100)
	at java.base/java.util.ArrayList.forEach(ArrayList.java:1597)
	at org.junit.platform.engine.support.hierarchical.SameThreadHierarchicalTestExecutorService.invokeAll(SameThreadHierarchicalTestExecutorService.java:41)
	at org.junit.platform.engine.support.hierarchical.NodeTestTask.lambda$executeRecursively$6(NodeTestTask.java:160)
	at org.junit.platform.engine.support.hierarchical.ThrowableCollector.execute(ThrowableCollector.java:73)
	at org.junit.platform.engine.support.hierarchical.NodeTestTask.lambda$executeRecursively$8(NodeTestTask.java:146)
	at org.junit.platform.engine.support.hierarchical.Node.around(Node.java:137)
	at org.junit.platform.engine.support.hierarchical.NodeTestTask.lambda$executeRecursively$9(NodeTestTask.java:144)
	at org.junit.platform.engine.support.hierarchical.ThrowableCollector.execute(ThrowableCollector.java:73)
	at org.junit.platform.engine.support.hierarchical.NodeTestTask.executeRecursively(NodeTestTask.java:143)
	at org.junit.platform.engine.support.hierarchical.NodeTestTask.execute(NodeTestTask.java:100)
	at org.junit.platform.engine.support.hierarchical.SameThreadHierarchicalTestExecutorService.submit(SameThreadHierarchicalTestExecutorService.java:35)
	at org.junit.platform.engine.support.hierarchical.HierarchicalTestExecutor.execute(HierarchicalTestExecutor.java:57)
	at org.junit.platform.engine.support.hierarchical.HierarchicalTestEngine.execute(HierarchicalTestEngine.java:54)
	at org.junit.platform.launcher.core.EngineExecutionOrchestrator.execute(EngineExecutionOrchestrator.java:198)
	at org.junit.platform.launcher.core.EngineExecutionOrchestrator.execute(EngineExecutionOrchestrator.java:169)
	at org.junit.platform.launcher.core.EngineExecutionOrchestrator.execute(EngineExecutionOrchestrator.java:93)
	at org.junit.platform.launcher.core.EngineExecutionOrchestrator.lambda$execute$0(EngineExecutionOrchestrator.java:58)
	at org.junit.platform.launcher.core.EngineExecutionOrchestrator.withInterceptedStreams(EngineExecutionOrchestrator.java:141)
	at org.junit.platform.launcher.core.EngineExecutionOrchestrator.execute(EngineExecutionOrchestrator.java:57)
	at org.junit.platform.launcher.core.DefaultLauncher.execute(DefaultLauncher.java:103)
	at org.junit.platform.launcher.core.DefaultLauncher.execute(DefaultLauncher.java:85)
	at org.junit.platform.launcher.core.DelegatingLauncher.execute(DelegatingLauncher.java:47)
	at org.apache.maven.surefire.junitplatform.LazyLauncher.execute(LazyLauncher.java:56)
	at org.apache.maven.surefire.junitplatform.JUnitPlatformProvider.execute(JUnitPlatformProvider.java:184)
	at org.apache.maven.surefire.junitplatform.JUnitPlatformProvider.invokeAllTests(JUnitPlatformProvider.java:148)
	at org.apache.maven.surefire.junitplatform.JUnitPlatformProvider.invoke(JUnitPlatformProvider.java:122)
	at org.apache.maven.surefire.booter.ForkedBooter.runSuitesInProcess(ForkedBooter.java:385)
	at org.apache.maven.surefire.booter.ForkedBooter.execute(ForkedBooter.java:162)
	at org.apache.maven.surefire.booter.ForkedBooter.run(ForkedBooter.java:507)
	at org.apache.maven.surefire.booter.ForkedBooter.main(ForkedBooter.java:495)
Caused by: org.springframework.beans.factory.BeanDefinitionStoreException: Failed to parse configuration class [com.middleware.MiddlewareApplication]
	at org.springframework.context.annotation.ConfigurationClassParser.parse(ConfigurationClassParser.java:193)
	at org.springframework.context.annotation.ConfigurationClassPostProcessor.processConfigBeanDefinitions(ConfigurationClassPostProcessor.java:418)
	at org.springframework.context.annotation.ConfigurationClassPostProcessor.postProcessBeanDefinitionRegistry(ConfigurationClassPostProcessor.java:290)
	at org.springframework.context.support.PostProcessorRegistrationDelegate.invokeBeanDefinitionRegistryPostProcessors(PostProcessorRegistrationDelegate.java:349)
	at org.springframework.context.support.PostProcessorRegistrationDelegate.invokeBeanFactoryPostProcessors(PostProcessorRegistrationDelegate.java:118)
	at org.springframework.context.support.AbstractApplicationContext.invokeBeanFactoryPostProcessors(AbstractApplicationContext.java:791)
	at org.springframework.context.support.AbstractApplicationContext.refresh(AbstractApplicationContext.java:609)
	at org.springframework.boot.SpringApplication.refresh(SpringApplication.java:752)
	at org.springframework.boot.SpringApplication.refreshContext(SpringApplication.java:439)
	at org.springframework.boot.SpringApplication.run(SpringApplication.java:318)
	at org.springframework.boot.test.context.SpringBootContextLoader.lambda$loadContext$3(SpringBootContextLoader.java:144)
	at org.springframework.util.function.ThrowingSupplier.get(ThrowingSupplier.java:58)
	at org.springframework.util.function.ThrowingSupplier.get(ThrowingSupplier.java:46)
	at org.springframework.boot.SpringApplication.withHook(SpringApplication.java:1461)
	at org.springframework.boot.test.context.SpringBootContextLoader$ContextLoaderHook.run(SpringBootContextLoader.java:563)
	at org.springframework.boot.test.context.SpringBootContextLoader.loadContext(SpringBootContextLoader.java:144)
	at org.springframework.boot.test.context.SpringBootContextLoader.loadContext(SpringBootContextLoader.java:110)
	at org.springframework.test.context.cache.DefaultCacheAwareContextLoaderDelegate.loadContextInternal(DefaultCacheAwareContextLoaderDelegate.java:225)
	at org.springframework.test.context.cache.DefaultCacheAwareContextLoaderDelegate.loadContext(DefaultCacheAwareContextLoaderDelegate.java:152)
	... 75 common frames omitted
Caused by: org.springframework.context.annotation.ConflictingBeanDefinitionException: Annotation-specified bean name 'globalExceptionHandler' for bean class [com.middleware.backend.notification.exception.GlobalExceptionHandler] conflicts with existing, non-compatible bean definition of same name and class [com.middleware.backend.exception.GlobalExceptionHandler]
	at org.springframework.context.annotation.ClassPathBeanDefinitionScanner.checkCandidate(ClassPathBeanDefinitionScanner.java:361)
	at org.springframework.context.annotation.ClassPathBeanDefinitionScanner.doScan(ClassPathBeanDefinitionScanner.java:288)
	at org.springframework.context.annotation.ComponentScanAnnotationParser.parse(ComponentScanAnnotationParser.java:128)
	at org.springframework.context.annotation.ConfigurationClassParser.doProcessConfigurationClass(ConfigurationClassParser.java:345)
	at org.springframework.context.annotation.ConfigurationClassParser.processConfigurationClass(ConfigurationClassParser.java:280)
	at org.springframework.context.annotation.ConfigurationClassParser.parse(ConfigurationClassParser.java:203)
	at org.springframework.context.annotation.ConfigurationClassParser.parse(ConfigurationClassParser.java:172)
	... 93 common frames omitted
2025-09-18 17:25:59 [background-preinit] INFO  o.h.validator.internal.util.Version - HV000001: Hibernate Validator 8.0.2.Final
2025-09-18 17:25:59 [main] INFO  c.middleware.MiddlewareApplication - Starting MiddlewareApplication using Java 23-valhalla with PID 32456 (C:\Users\omard\Desktop\Work\back-end\target\classes started by omard in C:\Users\omard\Desktop\Work\back-end)
2025-09-18 17:25:59 [main] INFO  c.middleware.MiddlewareApplication - No active profile set, falling back to 1 default profile: "default"
2025-09-18 17:26:04 [main] INFO  o.a.coyote.http11.Http11NioProtocol - Initializing ProtocolHandler ["http-nio-8081"]
2025-09-18 17:26:04 [main] INFO  o.a.catalina.core.StandardService - Starting service [Tomcat]
2025-09-18 17:26:04 [main] INFO  o.a.catalina.core.StandardEngine - Starting Servlet engine: [Apache Tomcat/10.1.39]
2025-09-18 17:26:04 [main] INFO  o.a.c.c.C.[Tomcat].[localhost].[/] - Initializing Spring embedded WebApplicationContext
2025-09-18 17:26:05 [main] INFO  o.h.jpa.internal.util.LogHelper - HHH000204: Processing PersistenceUnitInfo [name: default]
2025-09-18 17:26:05 [main] INFO  org.hibernate.Version - HHH000412: Hibernate ORM core version 6.6.11.Final
2025-09-18 17:26:05 [main] INFO  o.h.c.i.RegionFactoryInitiator - HHH000026: Second-level cache disabled
2025-09-18 17:26:05 [main] WARN  org.hibernate.orm.deprecation - HHH90000025: PostgreSQLDialect does not need to be specified explicitly using 'hibernate.dialect' (remove the property setting and it will be selected by default)
2025-09-18 17:26:06 [main] INFO  o.hibernate.orm.connections.pooling - HHH10001005: Database info:
	Database JDBC URL [Connecting through datasource 'org.springframework.jdbc.datasource.DriverManagerDataSource@44da745f']
	Database driver: undefined/unknown
	Database version: 17.4
	Autocommit mode: undefined/unknown
	Isolation level: undefined/unknown
	Minimum pool size: undefined/unknown
	Maximum pool size: undefined/unknown
2025-09-18 17:26:08 [main] INFO  o.h.e.t.j.p.i.JtaPlatformInitiator - HHH000489: No JTA platform available (set 'hibernate.transaction.jta.platform' to enable JTA platform integration)
2025-09-18 17:26:11 [main] INFO  o.a.camel.util.concurrent.ThreadType - The type of thread detected is PLATFORM
2025-09-18 17:26:13 [main] DEBUG o.s.w.f.ServerHttpObservationFilter - Filter 'webMvcObservationFilter' configured for use
2025-09-18 17:26:13 [main] DEBUG o.s.w.f.CommonsRequestLoggingFilter - Filter 'logFilter' configured for use
2025-09-18 17:26:13 [main] DEBUG c.m.b.users.config.JwtRequestFilter - Filter 'jwtRequestFilter' configured for use
2025-09-18 17:26:14 [main] INFO  org.quartz.impl.StdSchedulerFactory - Using default implementation for ThreadExecutor
2025-09-18 17:26:14 [main] INFO  o.quartz.core.SchedulerSignalerImpl - Initialized Scheduler Signaller of type: class org.quartz.core.SchedulerSignalerImpl
2025-09-18 17:26:14 [main] INFO  org.quartz.core.QuartzScheduler - Quartz Scheduler v.2.3.2 created.
2025-09-18 17:26:14 [main] INFO  org.quartz.simpl.RAMJobStore - RAMJobStore initialized.
2025-09-18 17:26:14 [main] INFO  org.quartz.core.QuartzScheduler - Scheduler meta-data: Quartz Scheduler (v2.3.2) 'quartzScheduler' with instanceId 'NON_CLUSTERED'
  Scheduler class: 'org.quartz.core.QuartzScheduler' - running locally.
  NOT STARTED.
  Currently in standby mode.
  Number of jobs executed: 0
  Using thread pool 'org.quartz.simpl.SimpleThreadPool' - with 10 threads.
  Using job-store 'org.quartz.simpl.RAMJobStore' - which does not support persistence. and is not clustered.

2025-09-18 17:26:14 [main] INFO  org.quartz.impl.StdSchedulerFactory - Quartz scheduler 'quartzScheduler' initialized from an externally provided properties instance.
2025-09-18 17:26:14 [main] INFO  org.quartz.impl.StdSchedulerFactory - Quartz scheduler version: 2.3.2
2025-09-18 17:26:14 [main] INFO  org.quartz.core.QuartzScheduler - JobFactory set to: org.springframework.scheduling.quartz.SpringBeanJobFactory@26c700ff
2025-09-18 17:26:15 [main] INFO  c.m.b.k.i.Dhis2HeaderFilterConfig - === Configuring DHIS2 Header Filter (Static Test) ===
2025-09-18 17:26:15 [main] INFO  c.m.b.k.i.Dhis2HeaderFilterConfig - DHIS2 Header Filter configured - allowing most headers for testing
2025-09-18 17:26:15 [main] DEBUG o.s.w.s.m.m.a.RequestMappingHandlerMapping - 124 mappings in 'requestMappingHandlerMapping'
2025-09-18 17:26:15 [main] DEBUG o.s.w.s.h.SimpleUrlHandlerMapping - Patterns [/webjars/**, /**, /swagger-ui*/*swagger-initializer.js, /swagger-ui*/**] in 'resourceHandlerMapping'
2025-09-18 17:26:16 [main] DEBUG o.s.w.s.m.m.a.RequestMappingHandlerAdapter - ControllerAdvice beans: 0 @ModelAttribute, 0 @InitBinder, 1 RequestBodyAdvice, 1 ResponseBodyAdvice
2025-09-18 17:26:16 [main] DEBUG o.s.w.s.m.m.a.ExceptionHandlerExceptionResolver - ControllerAdvice beans: 2 @ExceptionHandler, 1 ResponseBodyAdvice
2025-09-18 17:26:18 [main] INFO  o.a.coyote.http11.Http11NioProtocol - Starting ProtocolHandler ["http-nio-8081"]
2025-09-18 17:26:18 [main] INFO  o.a.c.c.s.CamelHttpTransportServlet - Initialized CamelHttpTransportServlet[name=CamelServlet, contextPath=]
2025-09-18 17:26:18 [main] INFO  org.quartz.core.QuartzScheduler - Scheduler quartzScheduler_$_NON_CLUSTERED started.
2025-09-18 17:26:18 [main] INFO  o.a.c.i.engine.AbstractCamelContext - Apache Camel 4.4.0 (camel-1) is starting
2025-09-18 17:26:18 [main] INFO  o.a.c.i.engine.AbstractCamelContext - Routes startup (started:0)
2025-09-18 17:26:18 [main] INFO  o.a.c.i.engine.AbstractCamelContext - Apache Camel 4.4.0 (camel-1) started in 9ms (build:0ms init:0ms start:9ms)
2025-09-18 17:26:18 [main] INFO  c.middleware.MiddlewareApplication - Started MiddlewareApplication in 19.99 seconds (process running for 21.54)
2025-09-18 17:26:18 [scheduling-1] INFO  c.m.b.k.service.DynamicRouteService - Starting route status sync with Camel context
2025-09-18 17:26:18 [main] INFO  c.m.b.k.service.SequenceFixService - Fixing sequence for integration_mapping.id ...
2025-09-18 17:26:19 [scheduling-1] INFO  com.middleware.dhis2.Dhis2Component - Dhis2Component initialized.
2025-09-18 17:26:19 [scheduling-1] INFO  com.middleware.dhis2.Dhis2Endpoint - Dhis2Endpoint created for URI: hakeem://process with operation: process
2025-09-18 17:26:19 [scheduling-1] INFO  com.middleware.dhis2.Dhis2Component - Dhis2Service successfully looked up from Camel registry.
2025-09-18 17:26:19 [scheduling-1] INFO  com.middleware.dhis2.Dhis2Component - Created Dhis2Endpoint: hakeem://process
2025-09-18 17:26:19 [main] INFO  c.m.b.k.service.SequenceFixService - Sequence public.integration_mapping_id_seq initialized. setval returned 1
2025-09-18 17:26:19 [main] INFO  c.m.b.k.service.SequenceFixService - Sequence fix done.
2025-09-18 17:26:19 [scheduling-1] INFO  com.middleware.dhis2.Dhis2Endpoint - Creating Dhis2Producer for endpoint: hakeem://process with operation: process
2025-09-18 17:26:19 [scheduling-1] INFO  c.m.b.k.service.DynamicRouteService - Re-added route dhis2-hakeem-route to context (DB says active)
2025-09-18 17:26:19 [scheduling-1] INFO  c.m.b.k.service.DynamicRouteService - Completed route status sync
2025-09-18 17:26:19 [RMI TCP Connection(3)-192.168.88.6] INFO  o.a.c.c.C.[Tomcat].[localhost].[/] - Initializing Spring DispatcherServlet 'dispatcherServlet'
2025-09-18 17:26:19 [RMI TCP Connection(3)-192.168.88.6] INFO  o.s.web.servlet.DispatcherServlet - Initializing Servlet 'dispatcherServlet'
2025-09-18 17:26:19 [RMI TCP Connection(3)-192.168.88.6] DEBUG o.s.web.servlet.DispatcherServlet - Detected StandardServletMultipartResolver
2025-09-18 17:26:19 [RMI TCP Connection(3)-192.168.88.6] DEBUG o.s.web.servlet.DispatcherServlet - Detected AcceptHeaderLocaleResolver
2025-09-18 17:26:19 [RMI TCP Connection(3)-192.168.88.6] DEBUG o.s.web.servlet.DispatcherServlet - Detected FixedThemeResolver
2025-09-18 17:26:19 [RMI TCP Connection(3)-192.168.88.6] DEBUG o.s.web.servlet.DispatcherServlet - Detected org.springframework.web.servlet.view.DefaultRequestToViewNameTranslator@48c7f0d9
2025-09-18 17:26:19 [RMI TCP Connection(3)-192.168.88.6] DEBUG o.s.web.servlet.DispatcherServlet - Detected org.springframework.web.servlet.support.SessionFlashMapManager@7d4c8606
2025-09-18 17:26:19 [RMI TCP Connection(3)-192.168.88.6] DEBUG o.s.web.servlet.DispatcherServlet - enableLoggingRequestDetails='false': request parameters and headers will be masked to prevent unsafe logging of potentially sensitive data
2025-09-18 17:26:19 [RMI TCP Connection(3)-192.168.88.6] INFO  o.s.web.servlet.DispatcherServlet - Completed initialization in 6 ms
2025-09-18 17:26:48 [scheduling-1] INFO  c.m.b.k.service.DynamicRouteService - Starting route status sync with Camel context
2025-09-18 17:26:48 [scheduling-1] INFO  c.m.b.k.service.DynamicRouteService - Completed route status sync
2025-09-18 17:27:18 [scheduling-1] INFO  c.m.b.k.service.DynamicRouteService - Starting route status sync with Camel context
2025-09-18 17:27:18 [scheduling-1] INFO  c.m.b.k.service.DynamicRouteService - Completed route status sync
2025-09-18 17:27:48 [scheduling-1] INFO  c.m.b.k.service.DynamicRouteService - Starting route status sync with Camel context
2025-09-18 17:27:48 [scheduling-1] INFO  c.m.b.k.service.DynamicRouteService - Completed route status sync
2025-09-18 17:28:18 [scheduling-1] INFO  c.m.b.k.service.DynamicRouteService - Starting route status sync with Camel context
2025-09-18 17:28:18 [scheduling-1] INFO  c.m.b.k.service.DynamicRouteService - Completed route status sync
2025-09-18 17:28:48 [scheduling-1] INFO  c.m.b.k.service.DynamicRouteService - Starting route status sync with Camel context
2025-09-18 17:28:48 [scheduling-1] INFO  c.m.b.k.service.DynamicRouteService - Completed route status sync
2025-09-18 17:29:18 [scheduling-1] INFO  c.m.b.k.service.DynamicRouteService - Starting route status sync with Camel context
2025-09-18 17:29:18 [scheduling-1] INFO  c.m.b.k.service.DynamicRouteService - Completed route status sync
2025-09-18 17:29:48 [scheduling-1] INFO  c.m.b.k.service.DynamicRouteService - Starting route status sync with Camel context
2025-09-18 17:29:48 [scheduling-1] INFO  c.m.b.k.service.DynamicRouteService - Completed route status sync
2025-09-18 17:30:02 [http-nio-8081-exec-1] INFO  c.m.b.k.service.DynamicRouteService - Fetching active routes with pagination
2025-09-18 17:30:02 [http-nio-8081-exec-1] DEBUG o.s.w.f.CommonsRequestLoggingFilter - Before request [GET /api/templates?page=0&size=10&sortedBy=updatedAt&sortDirection=desc, client=0:0:0:0:0:0:0:1, user=admin@mail.com]
2025-09-18 17:30:02 [http-nio-8081-exec-1] DEBUG o.s.web.servlet.DispatcherServlet - GET "/api/templates?page=0&size=10&sortedBy=updatedAt&sortDirection=desc", parameters={masked}
2025-09-18 17:30:02 [http-nio-8081-exec-1] DEBUG o.s.w.s.m.m.a.RequestMappingHandlerMapping - Mapped to com.middleware.backend.notification.controller.TemplateController#getAll(int, int, String, String)
2025-09-18 17:30:02 [http-nio-8081-exec-1] WARN  o.s.d.w.c.SpringDataJacksonConfiguration$PageModule$WarningLoggingModifier - Serializing PageImpl instances as-is is not supported, meaning that there is no guarantee about the stability of the resulting JSON structure!
	For a stable JSON structure, please use Spring Data's PagedModel (globally via @EnableSpringDataWebSupport(pageSerializationMode = VIA_DTO))
	or Spring HATEOAS and Spring Data's PagedResourcesAssembler as documented in https://docs.spring.io/spring-data/commons/reference/repositories/core-extensions.html#core.web.pageables.

2025-09-18 17:30:02 [http-nio-8081-exec-1] DEBUG o.s.w.s.m.m.a.HttpEntityMethodProcessor - Using 'application/json', given [*/*] and supported [application/json, application/*+json, application/yaml]
2025-09-18 17:30:02 [http-nio-8081-exec-1] DEBUG o.s.w.s.m.m.a.HttpEntityMethodProcessor - Writing [Page 1 of 1 containing com.middleware.backend.notification.dto.NotificationTemplateDto instances]
2025-09-18 17:30:02 [http-nio-8081-exec-1] DEBUG o.s.web.servlet.DispatcherServlet - Completed 200 OK
2025-09-18 17:30:02 [http-nio-8081-exec-1] DEBUG o.s.w.f.CommonsRequestLoggingFilter - After request [GET /api/templates?page=0&size=10&sortedBy=updatedAt&sortDirection=desc, client=0:0:0:0:0:0:0:1, user=admin@mail.com]
2025-09-18 17:30:06 [http-nio-8081-exec-4] INFO  c.m.b.k.service.DynamicRouteService - Fetching active routes with pagination
2025-09-18 17:30:07 [http-nio-8081-exec-4] DEBUG o.s.w.f.CommonsRequestLoggingFilter - Before request [GET /api/templates?page=0&size=10&sortedBy=updatedAt&sortDirection=desc, client=0:0:0:0:0:0:0:1, user=admin@mail.com]
2025-09-18 17:30:07 [http-nio-8081-exec-4] DEBUG o.s.web.servlet.DispatcherServlet - GET "/api/templates?page=0&size=10&sortedBy=updatedAt&sortDirection=desc", parameters={masked}
2025-09-18 17:30:07 [http-nio-8081-exec-4] DEBUG o.s.w.s.m.m.a.RequestMappingHandlerMapping - Mapped to com.middleware.backend.notification.controller.TemplateController#getAll(int, int, String, String)
2025-09-18 17:30:07 [http-nio-8081-exec-4] DEBUG o.s.w.s.m.m.a.HttpEntityMethodProcessor - Using 'application/json', given [*/*] and supported [application/json, application/*+json, application/yaml]
2025-09-18 17:30:07 [http-nio-8081-exec-4] DEBUG o.s.w.s.m.m.a.HttpEntityMethodProcessor - Writing [Page 1 of 1 containing com.middleware.backend.notification.dto.NotificationTemplateDto instances]
2025-09-18 17:30:07 [http-nio-8081-exec-4] DEBUG o.s.web.servlet.DispatcherServlet - Completed 200 OK
2025-09-18 17:30:07 [http-nio-8081-exec-4] DEBUG o.s.w.f.CommonsRequestLoggingFilter - After request [GET /api/templates?page=0&size=10&sortedBy=updatedAt&sortDirection=desc, client=0:0:0:0:0:0:0:1, user=admin@mail.com]
2025-09-18 17:30:18 [scheduling-1] INFO  c.m.b.k.service.DynamicRouteService - Starting route status sync with Camel context
2025-09-18 17:30:18 [scheduling-1] INFO  c.m.b.k.service.DynamicRouteService - Completed route status sync
2025-09-18 17:30:28 [http-nio-8081-exec-2] INFO  c.m.b.k.service.DynamicRouteService - Fetching active routes with pagination
2025-09-18 17:30:29 [http-nio-8081-exec-2] DEBUG o.s.w.f.CommonsRequestLoggingFilter - Before request [POST /api/templates/validate-json, client=0:0:0:0:0:0:0:1, user=admin@mail.com]
2025-09-18 17:30:29 [http-nio-8081-exec-2] DEBUG o.s.web.servlet.DispatcherServlet - POST "/api/templates/validate-json", parameters={}
2025-09-18 17:30:29 [http-nio-8081-exec-2] DEBUG o.s.w.s.m.m.a.RequestMappingHandlerMapping - Mapped to com.middleware.backend.notification.controller.TemplateController#validateJsonStructure(String)
2025-09-18 17:30:29 [http-nio-8081-exec-2] DEBUG o.s.w.s.m.m.a.RequestResponseBodyMethodProcessor - Read "application/json;charset=UTF-8" to ["{<EOL>  "subject": "Job {{ job_name }} failed",<EOL>  "body": "Details: {{ details }}"<EOL>}"]
2025-09-18 17:30:29 [http-nio-8081-exec-2] DEBUG o.s.w.s.m.m.a.HttpEntityMethodProcessor - Using 'application/json', given [*/*] and supported [application/json, application/*+json, application/yaml]
2025-09-18 17:30:29 [http-nio-8081-exec-2] DEBUG o.s.w.s.m.m.a.HttpEntityMethodProcessor - Writing [{valid=true, subject=Job {{ job_name }} failed, message=JSON is valid and contains required fields,  (truncated)...]
2025-09-18 17:30:29 [http-nio-8081-exec-2] DEBUG o.s.web.servlet.DispatcherServlet - Completed 200 OK
2025-09-18 17:30:29 [http-nio-8081-exec-2] DEBUG o.s.w.f.CommonsRequestLoggingFilter - After request [POST /api/templates/validate-json, client=0:0:0:0:0:0:0:1, user=admin@mail.com, payload={
  "subject": "Job {{ job_name }} failed",
  "body": "Details: {{ details }}"
}]
2025-09-18 17:30:29 [http-nio-8081-exec-9] INFO  c.m.b.k.service.DynamicRouteService - Fetching active routes with pagination
2025-09-18 17:30:30 [http-nio-8081-exec-9] DEBUG o.s.w.f.CommonsRequestLoggingFilter - Before request [POST /api/templates, client=0:0:0:0:0:0:0:1, user=admin@mail.com]
2025-09-18 17:30:30 [http-nio-8081-exec-9] DEBUG o.s.web.servlet.DispatcherServlet - POST "/api/templates", parameters={}
2025-09-18 17:30:30 [http-nio-8081-exec-9] DEBUG o.s.w.s.m.m.a.RequestMappingHandlerMapping - Mapped to com.middleware.backend.notification.controller.TemplateController#create(NotificationTemplateDto)
2025-09-18 17:30:30 [http-nio-8081-exec-9] DEBUG o.s.w.s.m.m.a.RequestResponseBodyMethodProcessor - Read "application/json;charset=UTF-8" to [NotificationTemplateDto(id=null, name=س, type=EMAIL, subject=Job {{ job_name }} failed, body=Details (truncated)...]
2025-09-18 17:30:30 [http-nio-8081-exec-9] DEBUG o.s.w.s.m.m.a.HttpEntityMethodProcessor - Using 'application/json', given [*/*] and supported [application/json, application/*+json, application/yaml]
2025-09-18 17:30:30 [http-nio-8081-exec-9] DEBUG o.s.w.s.m.m.a.HttpEntityMethodProcessor - Writing [NotificationTemplateDto(id=2, name=س, type=EMAIL, subject=Job {{ job_name }} failed, body=Details: { (truncated)...]
2025-09-18 17:30:30 [http-nio-8081-exec-9] DEBUG o.s.web.servlet.DispatcherServlet - Completed 200 OK
2025-09-18 17:30:30 [http-nio-8081-exec-9] DEBUG o.s.w.f.CommonsRequestLoggingFilter - After request [POST /api/templates, client=0:0:0:0:0:0:0:1, user=admin@mail.com, payload={"name":"س","type":"EMAIL","subject":"Job {{ job_name }} failed","body":"Details: {{ details }}"}]
2025-09-18 17:30:31 [http-nio-8081-exec-7] INFO  c.m.b.k.service.DynamicRouteService - Fetching active routes with pagination
2025-09-18 17:30:31 [http-nio-8081-exec-7] DEBUG o.s.w.f.CommonsRequestLoggingFilter - Before request [GET /api/templates?page=0&size=10&sortedBy=updatedAt&sortDirection=desc, client=0:0:0:0:0:0:0:1, user=admin@mail.com]
2025-09-18 17:30:31 [http-nio-8081-exec-7] DEBUG o.s.web.servlet.DispatcherServlet - GET "/api/templates?page=0&size=10&sortedBy=updatedAt&sortDirection=desc", parameters={masked}
2025-09-18 17:30:31 [http-nio-8081-exec-7] DEBUG o.s.w.s.m.m.a.RequestMappingHandlerMapping - Mapped to com.middleware.backend.notification.controller.TemplateController#getAll(int, int, String, String)
2025-09-18 17:30:31 [http-nio-8081-exec-7] DEBUG o.s.w.s.m.m.a.HttpEntityMethodProcessor - Using 'application/json', given [*/*] and supported [application/json, application/*+json, application/yaml]
2025-09-18 17:30:31 [http-nio-8081-exec-7] DEBUG o.s.w.s.m.m.a.HttpEntityMethodProcessor - Writing [Page 1 of 1 containing com.middleware.backend.notification.dto.NotificationTemplateDto instances]
2025-09-18 17:30:31 [http-nio-8081-exec-7] DEBUG o.s.web.servlet.DispatcherServlet - Completed 200 OK
2025-09-18 17:30:31 [http-nio-8081-exec-7] DEBUG o.s.w.f.CommonsRequestLoggingFilter - After request [GET /api/templates?page=0&size=10&sortedBy=updatedAt&sortDirection=desc, client=0:0:0:0:0:0:0:1, user=admin@mail.com]
2025-09-18 17:30:48 [scheduling-1] INFO  c.m.b.k.service.DynamicRouteService - Starting route status sync with Camel context
2025-09-18 17:30:48 [scheduling-1] INFO  c.m.b.k.service.DynamicRouteService - Completed route status sync
2025-09-18 17:31:18 [scheduling-1] INFO  c.m.b.k.service.DynamicRouteService - Starting route status sync with Camel context
2025-09-18 17:31:18 [scheduling-1] INFO  c.m.b.k.service.DynamicRouteService - Completed route status sync
2025-09-18 17:31:37 [http-nio-8081-exec-5] INFO  c.m.b.k.service.DynamicRouteService - Fetching active routes with pagination
2025-09-18 17:31:37 [http-nio-8081-exec-5] DEBUG o.s.w.f.CommonsRequestLoggingFilter - Before request [GET /api/templates?page=0&size=10&sortedBy=updatedAt&sortDirection=desc, client=0:0:0:0:0:0:0:1, user=admin@mail.com]
2025-09-18 17:31:37 [http-nio-8081-exec-5] DEBUG o.s.web.servlet.DispatcherServlet - GET "/api/templates?page=0&size=10&sortedBy=updatedAt&sortDirection=desc", parameters={masked}
2025-09-18 17:31:37 [http-nio-8081-exec-5] DEBUG o.s.w.s.m.m.a.RequestMappingHandlerMapping - Mapped to com.middleware.backend.notification.controller.TemplateController#getAll(int, int, String, String)
2025-09-18 17:31:37 [http-nio-8081-exec-5] DEBUG o.s.w.s.m.m.a.HttpEntityMethodProcessor - Using 'application/json', given [*/*] and supported [application/json, application/*+json, application/yaml]
2025-09-18 17:31:37 [http-nio-8081-exec-5] DEBUG o.s.w.s.m.m.a.HttpEntityMethodProcessor - Writing [Page 1 of 1 containing com.middleware.backend.notification.dto.NotificationTemplateDto instances]
2025-09-18 17:31:37 [http-nio-8081-exec-5] DEBUG o.s.web.servlet.DispatcherServlet - Completed 200 OK
2025-09-18 17:31:37 [http-nio-8081-exec-5] DEBUG o.s.w.f.CommonsRequestLoggingFilter - After request [GET /api/templates?page=0&size=10&sortedBy=updatedAt&sortDirection=desc, client=0:0:0:0:0:0:0:1, user=admin@mail.com]
2025-09-18 17:31:38 [http-nio-8081-exec-6] INFO  c.m.b.k.service.DynamicRouteService - Fetching active routes with pagination
2025-09-18 17:31:39 [http-nio-8081-exec-6] DEBUG o.s.w.f.CommonsRequestLoggingFilter - Before request [GET /api/templates?page=0&size=10&sortedBy=updatedAt&sortDirection=desc, client=0:0:0:0:0:0:0:1, user=admin@mail.com]
2025-09-18 17:31:39 [http-nio-8081-exec-6] DEBUG o.s.web.servlet.DispatcherServlet - GET "/api/templates?page=0&size=10&sortedBy=updatedAt&sortDirection=desc", parameters={masked}
2025-09-18 17:31:39 [http-nio-8081-exec-6] DEBUG o.s.w.s.m.m.a.RequestMappingHandlerMapping - Mapped to com.middleware.backend.notification.controller.TemplateController#getAll(int, int, String, String)
2025-09-18 17:31:39 [http-nio-8081-exec-6] DEBUG o.s.w.s.m.m.a.HttpEntityMethodProcessor - Using 'application/json', given [*/*] and supported [application/json, application/*+json, application/yaml]
2025-09-18 17:31:39 [http-nio-8081-exec-6] DEBUG o.s.w.s.m.m.a.HttpEntityMethodProcessor - Writing [Page 1 of 1 containing com.middleware.backend.notification.dto.NotificationTemplateDto instances]
2025-09-18 17:31:39 [http-nio-8081-exec-6] DEBUG o.s.web.servlet.DispatcherServlet - Completed 200 OK
2025-09-18 17:31:39 [http-nio-8081-exec-6] DEBUG o.s.w.f.CommonsRequestLoggingFilter - After request [GET /api/templates?page=0&size=10&sortedBy=updatedAt&sortDirection=desc, client=0:0:0:0:0:0:0:1, user=admin@mail.com]
2025-09-18 17:31:48 [scheduling-1] INFO  c.m.b.k.service.DynamicRouteService - Starting route status sync with Camel context
2025-09-18 17:31:48 [scheduling-1] INFO  c.m.b.k.service.DynamicRouteService - Completed route status sync
2025-09-18 17:32:18 [scheduling-1] INFO  c.m.b.k.service.DynamicRouteService - Starting route status sync with Camel context
2025-09-18 17:32:18 [scheduling-1] INFO  c.m.b.k.service.DynamicRouteService - Completed route status sync
2025-09-18 17:32:48 [scheduling-1] INFO  c.m.b.k.service.DynamicRouteService - Starting route status sync with Camel context
2025-09-18 17:32:48 [scheduling-1] INFO  c.m.b.k.service.DynamicRouteService - Completed route status sync
2025-09-18 17:33:18 [scheduling-1] INFO  c.m.b.k.service.DynamicRouteService - Starting route status sync with Camel context
2025-09-18 17:33:18 [scheduling-1] INFO  c.m.b.k.service.DynamicRouteService - Completed route status sync
2025-09-18 17:33:39 [http-nio-8081-exec-1] INFO  c.m.b.k.service.DynamicRouteService - Fetching active routes with pagination
2025-09-18 17:33:39 [http-nio-8081-exec-1] DEBUG o.s.w.f.CommonsRequestLoggingFilter - Before request [GET /api/templates?page=0&size=10&sortedBy=updatedAt&sortDirection=desc, client=0:0:0:0:0:0:0:1, user=admin@mail.com]
2025-09-18 17:33:39 [http-nio-8081-exec-1] DEBUG o.s.web.servlet.DispatcherServlet - GET "/api/templates?page=0&size=10&sortedBy=updatedAt&sortDirection=desc", parameters={masked}
2025-09-18 17:33:39 [http-nio-8081-exec-1] DEBUG o.s.w.s.m.m.a.RequestMappingHandlerMapping - Mapped to com.middleware.backend.notification.controller.TemplateController#getAll(int, int, String, String)
2025-09-18 17:33:39 [http-nio-8081-exec-1] DEBUG o.s.w.s.m.m.a.HttpEntityMethodProcessor - Using 'application/json', given [*/*] and supported [application/json, application/*+json, application/yaml]
2025-09-18 17:33:39 [http-nio-8081-exec-1] DEBUG o.s.w.s.m.m.a.HttpEntityMethodProcessor - Writing [Page 1 of 1 containing com.middleware.backend.notification.dto.NotificationTemplateDto instances]
2025-09-18 17:33:39 [http-nio-8081-exec-1] DEBUG o.s.web.servlet.DispatcherServlet - Completed 200 OK
2025-09-18 17:33:39 [http-nio-8081-exec-1] DEBUG o.s.w.f.CommonsRequestLoggingFilter - After request [GET /api/templates?page=0&size=10&sortedBy=updatedAt&sortDirection=desc, client=0:0:0:0:0:0:0:1, user=admin@mail.com]
2025-09-18 17:33:48 [scheduling-1] INFO  c.m.b.k.service.DynamicRouteService - Starting route status sync with Camel context
2025-09-18 17:33:48 [scheduling-1] INFO  c.m.b.k.service.DynamicRouteService - Completed route status sync
2025-09-18 17:33:54 [http-nio-8081-exec-4] INFO  c.m.b.k.service.DynamicRouteService - Fetching active routes with pagination
2025-09-18 17:33:55 [http-nio-8081-exec-4] DEBUG o.s.w.f.CommonsRequestLoggingFilter - Before request [GET /api/templates?page=0&size=10&sortedBy=updatedAt&sortDirection=desc, client=0:0:0:0:0:0:0:1, user=admin@mail.com]
2025-09-18 17:33:55 [http-nio-8081-exec-4] DEBUG o.s.web.servlet.DispatcherServlet - GET "/api/templates?page=0&size=10&sortedBy=updatedAt&sortDirection=desc", parameters={masked}
2025-09-18 17:33:55 [http-nio-8081-exec-4] DEBUG o.s.w.s.m.m.a.RequestMappingHandlerMapping - Mapped to com.middleware.backend.notification.controller.TemplateController#getAll(int, int, String, String)
2025-09-18 17:33:55 [http-nio-8081-exec-4] DEBUG o.s.w.s.m.m.a.HttpEntityMethodProcessor - Using 'application/json', given [*/*] and supported [application/json, application/*+json, application/yaml]
2025-09-18 17:33:55 [http-nio-8081-exec-4] DEBUG o.s.w.s.m.m.a.HttpEntityMethodProcessor - Writing [Page 1 of 1 containing com.middleware.backend.notification.dto.NotificationTemplateDto instances]
2025-09-18 17:33:55 [http-nio-8081-exec-4] DEBUG o.s.web.servlet.DispatcherServlet - Completed 200 OK
2025-09-18 17:33:55 [http-nio-8081-exec-4] DEBUG o.s.w.f.CommonsRequestLoggingFilter - After request [GET /api/templates?page=0&size=10&sortedBy=updatedAt&sortDirection=desc, client=0:0:0:0:0:0:0:1, user=admin@mail.com]
2025-09-18 17:34:01 [http-nio-8081-exec-3] INFO  c.m.b.k.service.DynamicRouteService - Fetching active routes with pagination
2025-09-18 17:34:02 [http-nio-8081-exec-3] DEBUG o.s.w.f.CommonsRequestLoggingFilter - Before request [GET /api/templates?page=0&size=10&sortedBy=updatedAt&sortDirection=desc, client=0:0:0:0:0:0:0:1, user=admin@mail.com]
2025-09-18 17:34:02 [http-nio-8081-exec-3] DEBUG o.s.web.servlet.DispatcherServlet - GET "/api/templates?page=0&size=10&sortedBy=updatedAt&sortDirection=desc", parameters={masked}
2025-09-18 17:34:02 [http-nio-8081-exec-3] DEBUG o.s.w.s.m.m.a.RequestMappingHandlerMapping - Mapped to com.middleware.backend.notification.controller.TemplateController#getAll(int, int, String, String)
2025-09-18 17:34:02 [http-nio-8081-exec-3] DEBUG o.s.w.s.m.m.a.HttpEntityMethodProcessor - Using 'application/json', given [*/*] and supported [application/json, application/*+json, application/yaml]
2025-09-18 17:34:02 [http-nio-8081-exec-3] DEBUG o.s.w.s.m.m.a.HttpEntityMethodProcessor - Writing [Page 1 of 1 containing com.middleware.backend.notification.dto.NotificationTemplateDto instances]
2025-09-18 17:34:02 [http-nio-8081-exec-3] DEBUG o.s.web.servlet.DispatcherServlet - Completed 200 OK
2025-09-18 17:34:02 [http-nio-8081-exec-3] DEBUG o.s.w.f.CommonsRequestLoggingFilter - After request [GET /api/templates?page=0&size=10&sortedBy=updatedAt&sortDirection=desc, client=0:0:0:0:0:0:0:1, user=admin@mail.com]
2025-09-18 17:34:09 [http-nio-8081-exec-2] INFO  c.m.b.k.service.DynamicRouteService - Fetching active routes with pagination
2025-09-18 17:34:09 [http-nio-8081-exec-2] DEBUG o.s.w.f.CommonsRequestLoggingFilter - Before request [GET /api/templates?page=0&size=10&sortedBy=updatedAt&sortDirection=desc, client=0:0:0:0:0:0:0:1, user=admin@mail.com]
2025-09-18 17:34:09 [http-nio-8081-exec-2] DEBUG o.s.web.servlet.DispatcherServlet - GET "/api/templates?page=0&size=10&sortedBy=updatedAt&sortDirection=desc", parameters={masked}
2025-09-18 17:34:09 [http-nio-8081-exec-2] DEBUG o.s.w.s.m.m.a.RequestMappingHandlerMapping - Mapped to com.middleware.backend.notification.controller.TemplateController#getAll(int, int, String, String)
2025-09-18 17:34:10 [http-nio-8081-exec-2] DEBUG o.s.w.s.m.m.a.HttpEntityMethodProcessor - Using 'application/json', given [*/*] and supported [application/json, application/*+json, application/yaml]
2025-09-18 17:34:10 [http-nio-8081-exec-2] DEBUG o.s.w.s.m.m.a.HttpEntityMethodProcessor - Writing [Page 1 of 1 containing com.middleware.backend.notification.dto.NotificationTemplateDto instances]
2025-09-18 17:34:10 [http-nio-8081-exec-2] DEBUG o.s.web.servlet.DispatcherServlet - Completed 200 OK
2025-09-18 17:34:10 [http-nio-8081-exec-2] DEBUG o.s.w.f.CommonsRequestLoggingFilter - After request [GET /api/templates?page=0&size=10&sortedBy=updatedAt&sortDirection=desc, client=0:0:0:0:0:0:0:1, user=admin@mail.com]
2025-09-18 17:34:15 [http-nio-8081-exec-9] INFO  c.m.b.k.service.DynamicRouteService - Fetching active routes with pagination
2025-09-18 17:34:15 [http-nio-8081-exec-9] DEBUG o.s.w.f.CommonsRequestLoggingFilter - Before request [GET /api/templates?page=0&size=10&sortedBy=updatedAt&sortDirection=desc, client=0:0:0:0:0:0:0:1, user=admin@mail.com]
2025-09-18 17:34:15 [http-nio-8081-exec-9] DEBUG o.s.web.servlet.DispatcherServlet - GET "/api/templates?page=0&size=10&sortedBy=updatedAt&sortDirection=desc", parameters={masked}
2025-09-18 17:34:15 [http-nio-8081-exec-9] DEBUG o.s.w.s.m.m.a.RequestMappingHandlerMapping - Mapped to com.middleware.backend.notification.controller.TemplateController#getAll(int, int, String, String)
2025-09-18 17:34:15 [http-nio-8081-exec-9] DEBUG o.s.w.s.m.m.a.HttpEntityMethodProcessor - Using 'application/json', given [*/*] and supported [application/json, application/*+json, application/yaml]
2025-09-18 17:34:15 [http-nio-8081-exec-9] DEBUG o.s.w.s.m.m.a.HttpEntityMethodProcessor - Writing [Page 1 of 1 containing com.middleware.backend.notification.dto.NotificationTemplateDto instances]
2025-09-18 17:34:15 [http-nio-8081-exec-9] DEBUG o.s.web.servlet.DispatcherServlet - Completed 200 OK
2025-09-18 17:34:15 [http-nio-8081-exec-9] DEBUG o.s.w.f.CommonsRequestLoggingFilter - After request [GET /api/templates?page=0&size=10&sortedBy=updatedAt&sortDirection=desc, client=0:0:0:0:0:0:0:1, user=admin@mail.com]
2025-09-18 17:34:18 [scheduling-1] INFO  c.m.b.k.service.DynamicRouteService - Starting route status sync with Camel context
2025-09-18 17:34:18 [scheduling-1] INFO  c.m.b.k.service.DynamicRouteService - Completed route status sync
2025-09-18 17:34:21 [http-nio-8081-exec-7] INFO  c.m.b.k.service.DynamicRouteService - Fetching active routes with pagination
2025-09-18 17:34:21 [http-nio-8081-exec-7] DEBUG o.s.w.f.CommonsRequestLoggingFilter - Before request [GET /api/templates?page=0&size=10&sortedBy=updatedAt&sortDirection=desc, client=0:0:0:0:0:0:0:1, user=admin@mail.com]
2025-09-18 17:34:21 [http-nio-8081-exec-7] DEBUG o.s.web.servlet.DispatcherServlet - GET "/api/templates?page=0&size=10&sortedBy=updatedAt&sortDirection=desc", parameters={masked}
2025-09-18 17:34:21 [http-nio-8081-exec-7] DEBUG o.s.w.s.m.m.a.RequestMappingHandlerMapping - Mapped to com.middleware.backend.notification.controller.TemplateController#getAll(int, int, String, String)
2025-09-18 17:34:22 [http-nio-8081-exec-7] DEBUG o.s.w.s.m.m.a.HttpEntityMethodProcessor - Using 'application/json', given [*/*] and supported [application/json, application/*+json, application/yaml]
2025-09-18 17:34:22 [http-nio-8081-exec-7] DEBUG o.s.w.s.m.m.a.HttpEntityMethodProcessor - Writing [Page 1 of 1 containing com.middleware.backend.notification.dto.NotificationTemplateDto instances]
2025-09-18 17:34:22 [http-nio-8081-exec-7] DEBUG o.s.web.servlet.DispatcherServlet - Completed 200 OK
2025-09-18 17:34:22 [http-nio-8081-exec-7] DEBUG o.s.w.f.CommonsRequestLoggingFilter - After request [GET /api/templates?page=0&size=10&sortedBy=updatedAt&sortDirection=desc, client=0:0:0:0:0:0:0:1, user=admin@mail.com]
2025-09-18 17:34:27 [http-nio-8081-exec-8] INFO  c.m.b.k.service.DynamicRouteService - Fetching active routes with pagination
2025-09-18 17:34:27 [http-nio-8081-exec-8] DEBUG o.s.w.f.CommonsRequestLoggingFilter - Before request [GET /api/templates?page=0&size=10&sortedBy=updatedAt&sortDirection=desc, client=0:0:0:0:0:0:0:1, user=admin@mail.com]
2025-09-18 17:34:27 [http-nio-8081-exec-8] DEBUG o.s.web.servlet.DispatcherServlet - GET "/api/templates?page=0&size=10&sortedBy=updatedAt&sortDirection=desc", parameters={masked}
2025-09-18 17:34:27 [http-nio-8081-exec-8] DEBUG o.s.w.s.m.m.a.RequestMappingHandlerMapping - Mapped to com.middleware.backend.notification.controller.TemplateController#getAll(int, int, String, String)
2025-09-18 17:34:28 [http-nio-8081-exec-8] DEBUG o.s.w.s.m.m.a.HttpEntityMethodProcessor - Using 'application/json', given [*/*] and supported [application/json, application/*+json, application/yaml]
2025-09-18 17:34:28 [http-nio-8081-exec-8] DEBUG o.s.w.s.m.m.a.HttpEntityMethodProcessor - Writing [Page 1 of 1 containing com.middleware.backend.notification.dto.NotificationTemplateDto instances]
2025-09-18 17:34:28 [http-nio-8081-exec-8] DEBUG o.s.web.servlet.DispatcherServlet - Completed 200 OK
2025-09-18 17:34:28 [http-nio-8081-exec-8] DEBUG o.s.w.f.CommonsRequestLoggingFilter - After request [GET /api/templates?page=0&size=10&sortedBy=updatedAt&sortDirection=desc, client=0:0:0:0:0:0:0:1, user=admin@mail.com]
2025-09-18 17:34:37 [http-nio-8081-exec-5] INFO  c.m.b.k.service.DynamicRouteService - Fetching active routes with pagination
2025-09-18 17:34:38 [http-nio-8081-exec-5] DEBUG o.s.w.f.CommonsRequestLoggingFilter - Before request [GET /api/templates?page=0&size=10&sortedBy=updatedAt&sortDirection=desc, client=0:0:0:0:0:0:0:1, user=admin@mail.com]
2025-09-18 17:34:38 [http-nio-8081-exec-5] DEBUG o.s.web.servlet.DispatcherServlet - GET "/api/templates?page=0&size=10&sortedBy=updatedAt&sortDirection=desc", parameters={masked}
2025-09-18 17:34:38 [http-nio-8081-exec-5] DEBUG o.s.w.s.m.m.a.RequestMappingHandlerMapping - Mapped to com.middleware.backend.notification.controller.TemplateController#getAll(int, int, String, String)
2025-09-18 17:34:38 [http-nio-8081-exec-5] DEBUG o.s.w.s.m.m.a.HttpEntityMethodProcessor - Using 'application/json', given [*/*] and supported [application/json, application/*+json, application/yaml]
2025-09-18 17:34:38 [http-nio-8081-exec-5] DEBUG o.s.w.s.m.m.a.HttpEntityMethodProcessor - Writing [Page 1 of 1 containing com.middleware.backend.notification.dto.NotificationTemplateDto instances]
2025-09-18 17:34:38 [http-nio-8081-exec-5] DEBUG o.s.web.servlet.DispatcherServlet - Completed 200 OK
2025-09-18 17:34:38 [http-nio-8081-exec-5] DEBUG o.s.w.f.CommonsRequestLoggingFilter - After request [GET /api/templates?page=0&size=10&sortedBy=updatedAt&sortDirection=desc, client=0:0:0:0:0:0:0:1, user=admin@mail.com]
2025-09-18 17:34:44 [http-nio-8081-exec-6] INFO  c.m.b.k.service.DynamicRouteService - Fetching active routes with pagination
2025-09-18 17:34:44 [http-nio-8081-exec-6] DEBUG o.s.w.f.CommonsRequestLoggingFilter - Before request [GET /api/templates?page=0&size=10&sortedBy=updatedAt&sortDirection=desc, client=0:0:0:0:0:0:0:1, user=admin@mail.com]
2025-09-18 17:34:44 [http-nio-8081-exec-6] DEBUG o.s.web.servlet.DispatcherServlet - GET "/api/templates?page=0&size=10&sortedBy=updatedAt&sortDirection=desc", parameters={masked}
2025-09-18 17:34:44 [http-nio-8081-exec-6] DEBUG o.s.w.s.m.m.a.RequestMappingHandlerMapping - Mapped to com.middleware.backend.notification.controller.TemplateController#getAll(int, int, String, String)
2025-09-18 17:34:44 [http-nio-8081-exec-6] DEBUG o.s.w.s.m.m.a.HttpEntityMethodProcessor - Using 'application/json', given [*/*] and supported [application/json, application/*+json, application/yaml]
2025-09-18 17:34:44 [http-nio-8081-exec-6] DEBUG o.s.w.s.m.m.a.HttpEntityMethodProcessor - Writing [Page 1 of 1 containing com.middleware.backend.notification.dto.NotificationTemplateDto instances]
2025-09-18 17:34:44 [http-nio-8081-exec-6] DEBUG o.s.web.servlet.DispatcherServlet - Completed 200 OK
2025-09-18 17:34:44 [http-nio-8081-exec-6] DEBUG o.s.w.f.CommonsRequestLoggingFilter - After request [GET /api/templates?page=0&size=10&sortedBy=updatedAt&sortDirection=desc, client=0:0:0:0:0:0:0:1, user=admin@mail.com]
2025-09-18 17:34:48 [scheduling-1] INFO  c.m.b.k.service.DynamicRouteService - Starting route status sync with Camel context
2025-09-18 17:34:48 [scheduling-1] INFO  c.m.b.k.service.DynamicRouteService - Completed route status sync
2025-09-18 17:34:51 [http-nio-8081-exec-10] INFO  c.m.b.k.service.DynamicRouteService - Fetching active routes with pagination
2025-09-18 17:34:51 [http-nio-8081-exec-10] DEBUG o.s.w.f.CommonsRequestLoggingFilter - Before request [GET /api/templates?page=0&size=10&sortedBy=updatedAt&sortDirection=desc, client=0:0:0:0:0:0:0:1, user=admin@mail.com]
2025-09-18 17:34:51 [http-nio-8081-exec-10] DEBUG o.s.web.servlet.DispatcherServlet - GET "/api/templates?page=0&size=10&sortedBy=updatedAt&sortDirection=desc", parameters={masked}
2025-09-18 17:34:51 [http-nio-8081-exec-10] DEBUG o.s.w.s.m.m.a.RequestMappingHandlerMapping - Mapped to com.middleware.backend.notification.controller.TemplateController#getAll(int, int, String, String)
2025-09-18 17:34:51 [http-nio-8081-exec-10] DEBUG o.s.w.s.m.m.a.HttpEntityMethodProcessor - Using 'application/json', given [*/*] and supported [application/json, application/*+json, application/yaml]
2025-09-18 17:34:51 [http-nio-8081-exec-10] DEBUG o.s.w.s.m.m.a.HttpEntityMethodProcessor - Writing [Page 1 of 1 containing com.middleware.backend.notification.dto.NotificationTemplateDto instances]
2025-09-18 17:34:51 [http-nio-8081-exec-10] DEBUG o.s.web.servlet.DispatcherServlet - Completed 200 OK
2025-09-18 17:34:51 [http-nio-8081-exec-10] DEBUG o.s.w.f.CommonsRequestLoggingFilter - After request [GET /api/templates?page=0&size=10&sortedBy=updatedAt&sortDirection=desc, client=0:0:0:0:0:0:0:1, user=admin@mail.com]
2025-09-18 17:35:09 [http-nio-8081-exec-1] INFO  c.m.b.k.service.DynamicRouteService - Fetching active routes with pagination
2025-09-18 17:35:10 [http-nio-8081-exec-1] DEBUG o.s.w.f.CommonsRequestLoggingFilter - Before request [GET /api/templates?page=0&size=10&sortedBy=updatedAt&sortDirection=desc, client=0:0:0:0:0:0:0:1, user=admin@mail.com]
2025-09-18 17:35:10 [http-nio-8081-exec-1] DEBUG o.s.web.servlet.DispatcherServlet - GET "/api/templates?page=0&size=10&sortedBy=updatedAt&sortDirection=desc", parameters={masked}
2025-09-18 17:35:10 [http-nio-8081-exec-1] DEBUG o.s.w.s.m.m.a.RequestMappingHandlerMapping - Mapped to com.middleware.backend.notification.controller.TemplateController#getAll(int, int, String, String)
2025-09-18 17:35:10 [http-nio-8081-exec-1] DEBUG o.s.w.s.m.m.a.HttpEntityMethodProcessor - Using 'application/json', given [*/*] and supported [application/json, application/*+json, application/yaml]
2025-09-18 17:35:10 [http-nio-8081-exec-1] DEBUG o.s.w.s.m.m.a.HttpEntityMethodProcessor - Writing [Page 1 of 1 containing com.middleware.backend.notification.dto.NotificationTemplateDto instances]
2025-09-18 17:35:10 [http-nio-8081-exec-1] DEBUG o.s.web.servlet.DispatcherServlet - Completed 200 OK
2025-09-18 17:35:10 [http-nio-8081-exec-1] DEBUG o.s.w.f.CommonsRequestLoggingFilter - After request [GET /api/templates?page=0&size=10&sortedBy=updatedAt&sortDirection=desc, client=0:0:0:0:0:0:0:1, user=admin@mail.com]
2025-09-18 17:35:18 [http-nio-8081-exec-4] INFO  c.m.b.k.service.DynamicRouteService - Fetching active routes with pagination
2025-09-18 17:35:18 [scheduling-1] INFO  c.m.b.k.service.DynamicRouteService - Starting route status sync with Camel context
2025-09-18 17:35:18 [scheduling-1] INFO  c.m.b.k.service.DynamicRouteService - Completed route status sync
2025-09-18 17:35:18 [http-nio-8081-exec-4] DEBUG o.s.w.f.CommonsRequestLoggingFilter - Before request [GET /api/templates?page=0&size=10&sortedBy=updatedAt&sortDirection=desc, client=0:0:0:0:0:0:0:1, user=admin@mail.com]
2025-09-18 17:35:18 [http-nio-8081-exec-4] DEBUG o.s.web.servlet.DispatcherServlet - GET "/api/templates?page=0&size=10&sortedBy=updatedAt&sortDirection=desc", parameters={masked}
2025-09-18 17:35:18 [http-nio-8081-exec-4] DEBUG o.s.w.s.m.m.a.RequestMappingHandlerMapping - Mapped to com.middleware.backend.notification.controller.TemplateController#getAll(int, int, String, String)
2025-09-18 17:35:19 [http-nio-8081-exec-4] DEBUG o.s.w.s.m.m.a.HttpEntityMethodProcessor - Using 'application/json', given [*/*] and supported [application/json, application/*+json, application/yaml]
2025-09-18 17:35:19 [http-nio-8081-exec-4] DEBUG o.s.w.s.m.m.a.HttpEntityMethodProcessor - Writing [Page 1 of 1 containing com.middleware.backend.notification.dto.NotificationTemplateDto instances]
2025-09-18 17:35:19 [http-nio-8081-exec-4] DEBUG o.s.web.servlet.DispatcherServlet - Completed 200 OK
2025-09-18 17:35:19 [http-nio-8081-exec-4] DEBUG o.s.w.f.CommonsRequestLoggingFilter - After request [GET /api/templates?page=0&size=10&sortedBy=updatedAt&sortDirection=desc, client=0:0:0:0:0:0:0:1, user=admin@mail.com]
2025-09-18 17:35:34 [http-nio-8081-exec-3] INFO  c.m.b.k.service.DynamicRouteService - Fetching active routes with pagination
2025-09-18 17:35:34 [http-nio-8081-exec-3] DEBUG o.s.w.f.CommonsRequestLoggingFilter - Before request [GET /api/templates?page=0&size=10&sortedBy=updatedAt&sortDirection=desc, client=0:0:0:0:0:0:0:1, user=admin@mail.com]
2025-09-18 17:35:34 [http-nio-8081-exec-3] DEBUG o.s.web.servlet.DispatcherServlet - GET "/api/templates?page=0&size=10&sortedBy=updatedAt&sortDirection=desc", parameters={masked}
2025-09-18 17:35:34 [http-nio-8081-exec-3] DEBUG o.s.w.s.m.m.a.RequestMappingHandlerMapping - Mapped to com.middleware.backend.notification.controller.TemplateController#getAll(int, int, String, String)
2025-09-18 17:35:34 [http-nio-8081-exec-3] DEBUG o.s.w.s.m.m.a.HttpEntityMethodProcessor - Using 'application/json', given [*/*] and supported [application/json, application/*+json, application/yaml]
2025-09-18 17:35:34 [http-nio-8081-exec-3] DEBUG o.s.w.s.m.m.a.HttpEntityMethodProcessor - Writing [Page 1 of 1 containing com.middleware.backend.notification.dto.NotificationTemplateDto instances]
2025-09-18 17:35:34 [http-nio-8081-exec-3] DEBUG o.s.web.servlet.DispatcherServlet - Completed 200 OK
2025-09-18 17:35:34 [http-nio-8081-exec-3] DEBUG o.s.w.f.CommonsRequestLoggingFilter - After request [GET /api/templates?page=0&size=10&sortedBy=updatedAt&sortDirection=desc, client=0:0:0:0:0:0:0:1, user=admin@mail.com]
2025-09-18 17:35:45 [http-nio-8081-exec-2] INFO  c.m.b.k.service.DynamicRouteService - Fetching active routes with pagination
2025-09-18 17:35:45 [http-nio-8081-exec-2] DEBUG o.s.w.f.CommonsRequestLoggingFilter - Before request [POST /api/templates, client=0:0:0:0:0:0:0:1, user=admin@mail.com]
2025-09-18 17:35:45 [http-nio-8081-exec-2] DEBUG o.s.web.servlet.DispatcherServlet - POST "/api/templates", parameters={}
2025-09-18 17:35:45 [http-nio-8081-exec-2] DEBUG o.s.w.s.m.m.a.RequestMappingHandlerMapping - Mapped to com.middleware.backend.notification.controller.TemplateController#create(NotificationTemplateDto)
2025-09-18 17:35:45 [http-nio-8081-exec-2] DEBUG o.s.w.s.m.m.a.RequestResponseBodyMethodProcessor - Read "application/json;charset=UTF-8" to [NotificationTemplateDto(id=null, name=, type=EMAIL, subject=Job {{ job_name }} failed, body=Details: (truncated)...]
2025-09-18 17:35:45 [http-nio-8081-exec-2] DEBUG o.s.w.s.m.m.a.ExceptionHandlerExceptionResolver - Using @ExceptionHandler com.middleware.backend.exception.GlobalExceptionHandler#handleGenericException(Exception)
2025-09-18 17:35:45 [http-nio-8081-exec-2] DEBUG o.s.w.s.m.m.a.HttpEntityMethodProcessor - Using 'application/json', given [*/*] and supported [application/json, application/*+json, application/yaml]
2025-09-18 17:35:45 [http-nio-8081-exec-2] DEBUG o.s.w.s.m.m.a.HttpEntityMethodProcessor - Writing [{message=An unexpected error occurred, error=Validation failed for argument [0] in public org.spring (truncated)...]
2025-09-18 17:35:45 [http-nio-8081-exec-2] DEBUG o.s.w.s.m.m.a.ExceptionHandlerExceptionResolver - Resolved [org.springframework.web.bind.MethodArgumentNotValidException: Validation failed for argument [0] in public org.springframework.http.ResponseEntity<?> com.middleware.backend.notification.controller.TemplateController.create(com.middleware.backend.notification.dto.NotificationTemplateDto): [Field error in object 'notificationTemplateDto' on field 'name': rejected value []; codes [NotBlank.notificationTemplateDto.name,NotBlank.name,NotBlank.java.lang.String,NotBlank]; arguments [org.springframework.context.support.DefaultMessageSourceResolvable: codes [notificationTemplateDto.name,name]; arguments []; default message [name]]; default message [Name is required]] ]
2025-09-18 17:35:45 [http-nio-8081-exec-2] DEBUG o.s.web.servlet.DispatcherServlet - Completed 500 INTERNAL_SERVER_ERROR
2025-09-18 17:35:45 [http-nio-8081-exec-2] DEBUG o.s.w.f.CommonsRequestLoggingFilter - After request [POST /api/templates, client=0:0:0:0:0:0:0:1, user=admin@mail.com, payload={"name":"","type":"EMAIL","subject":"Job {{ job_name }} failed","body":"Details: {{ details }}"}]
2025-09-18 17:35:48 [http-nio-8081-exec-9] INFO  c.m.b.k.service.DynamicRouteService - Fetching active routes with pagination
2025-09-18 17:35:48 [scheduling-1] INFO  c.m.b.k.service.DynamicRouteService - Starting route status sync with Camel context
2025-09-18 17:35:48 [scheduling-1] INFO  c.m.b.k.service.DynamicRouteService - Completed route status sync
2025-09-18 17:35:48 [http-nio-8081-exec-9] DEBUG o.s.w.f.CommonsRequestLoggingFilter - Before request [GET /api/templates?page=0&size=10&sortedBy=updatedAt&sortDirection=desc, client=0:0:0:0:0:0:0:1, user=admin@mail.com]
2025-09-18 17:35:48 [http-nio-8081-exec-9] DEBUG o.s.web.servlet.DispatcherServlet - GET "/api/templates?page=0&size=10&sortedBy=updatedAt&sortDirection=desc", parameters={masked}
2025-09-18 17:35:48 [http-nio-8081-exec-9] DEBUG o.s.w.s.m.m.a.RequestMappingHandlerMapping - Mapped to com.middleware.backend.notification.controller.TemplateController#getAll(int, int, String, String)
2025-09-18 17:35:49 [http-nio-8081-exec-9] DEBUG o.s.w.s.m.m.a.HttpEntityMethodProcessor - Using 'application/json', given [*/*] and supported [application/json, application/*+json, application/yaml]
2025-09-18 17:35:49 [http-nio-8081-exec-9] DEBUG o.s.w.s.m.m.a.HttpEntityMethodProcessor - Writing [Page 1 of 1 containing com.middleware.backend.notification.dto.NotificationTemplateDto instances]
2025-09-18 17:35:49 [http-nio-8081-exec-9] DEBUG o.s.web.servlet.DispatcherServlet - Completed 200 OK
2025-09-18 17:35:49 [http-nio-8081-exec-9] DEBUG o.s.w.f.CommonsRequestLoggingFilter - After request [GET /api/templates?page=0&size=10&sortedBy=updatedAt&sortDirection=desc, client=0:0:0:0:0:0:0:1, user=admin@mail.com]
2025-09-18 17:36:18 [scheduling-1] INFO  c.m.b.k.service.DynamicRouteService - Starting route status sync with Camel context
2025-09-18 17:36:18 [scheduling-1] INFO  c.m.b.k.service.DynamicRouteService - Completed route status sync
2025-09-18 17:36:48 [scheduling-1] INFO  c.m.b.k.service.DynamicRouteService - Starting route status sync with Camel context
2025-09-18 17:36:48 [scheduling-1] INFO  c.m.b.k.service.DynamicRouteService - Completed route status sync
2025-09-18 17:37:18 [scheduling-1] INFO  c.m.b.k.service.DynamicRouteService - Starting route status sync with Camel context
2025-09-18 17:37:18 [scheduling-1] INFO  c.m.b.k.service.DynamicRouteService - Completed route status sync
2025-09-18 17:37:48 [scheduling-1] INFO  c.m.b.k.service.DynamicRouteService - Starting route status sync with Camel context
2025-09-18 17:37:48 [scheduling-1] INFO  c.m.b.k.service.DynamicRouteService - Completed route status sync
2025-09-18 17:38:18 [scheduling-1] INFO  c.m.b.k.service.DynamicRouteService - Starting route status sync with Camel context
2025-09-18 17:38:18 [scheduling-1] INFO  c.m.b.k.service.DynamicRouteService - Completed route status sync
2025-09-18 17:38:22 [http-nio-8081-exec-8] INFO  c.m.b.k.service.DynamicRouteService - Fetching active routes with pagination
2025-09-18 17:38:23 [http-nio-8081-exec-8] DEBUG o.s.w.f.CommonsRequestLoggingFilter - Before request [GET /api/templates?page=0&size=10&sortedBy=updatedAt&sortDirection=desc, client=0:0:0:0:0:0:0:1, user=admin@mail.com]
2025-09-18 17:38:23 [http-nio-8081-exec-8] DEBUG o.s.web.servlet.DispatcherServlet - GET "/api/templates?page=0&size=10&sortedBy=updatedAt&sortDirection=desc", parameters={masked}
2025-09-18 17:38:23 [http-nio-8081-exec-8] DEBUG o.s.w.s.m.m.a.RequestMappingHandlerMapping - Mapped to com.middleware.backend.notification.controller.TemplateController#getAll(int, int, String, String)
2025-09-18 17:38:23 [http-nio-8081-exec-8] DEBUG o.s.w.s.m.m.a.HttpEntityMethodProcessor - Using 'application/json', given [*/*] and supported [application/json, application/*+json, application/yaml]
2025-09-18 17:38:23 [http-nio-8081-exec-8] DEBUG o.s.w.s.m.m.a.HttpEntityMethodProcessor - Writing [Page 1 of 1 containing com.middleware.backend.notification.dto.NotificationTemplateDto instances]
2025-09-18 17:38:23 [http-nio-8081-exec-8] DEBUG o.s.web.servlet.DispatcherServlet - Completed 200 OK
2025-09-18 17:38:23 [http-nio-8081-exec-8] DEBUG o.s.w.f.CommonsRequestLoggingFilter - After request [GET /api/templates?page=0&size=10&sortedBy=updatedAt&sortDirection=desc, client=0:0:0:0:0:0:0:1, user=admin@mail.com]
2025-09-18 17:38:33 [http-nio-8081-exec-5] INFO  c.m.b.k.service.DynamicRouteService - Fetching active routes with pagination
2025-09-18 17:38:33 [http-nio-8081-exec-5] DEBUG o.s.w.f.CommonsRequestLoggingFilter - Before request [GET /api/templates?page=0&size=10&sortedBy=updatedAt&sortDirection=desc, client=0:0:0:0:0:0:0:1, user=admin@mail.com]
2025-09-18 17:38:33 [http-nio-8081-exec-5] DEBUG o.s.web.servlet.DispatcherServlet - GET "/api/templates?page=0&size=10&sortedBy=updatedAt&sortDirection=desc", parameters={masked}
2025-09-18 17:38:33 [http-nio-8081-exec-5] DEBUG o.s.w.s.m.m.a.RequestMappingHandlerMapping - Mapped to com.middleware.backend.notification.controller.TemplateController#getAll(int, int, String, String)
2025-09-18 17:38:33 [http-nio-8081-exec-5] DEBUG o.s.w.s.m.m.a.HttpEntityMethodProcessor - Using 'application/json', given [*/*] and supported [application/json, application/*+json, application/yaml]
2025-09-18 17:38:33 [http-nio-8081-exec-5] DEBUG o.s.w.s.m.m.a.HttpEntityMethodProcessor - Writing [Page 1 of 1 containing com.middleware.backend.notification.dto.NotificationTemplateDto instances]
2025-09-18 17:38:33 [http-nio-8081-exec-5] DEBUG o.s.web.servlet.DispatcherServlet - Completed 200 OK
2025-09-18 17:38:33 [http-nio-8081-exec-5] DEBUG o.s.w.f.CommonsRequestLoggingFilter - After request [GET /api/templates?page=0&size=10&sortedBy=updatedAt&sortDirection=desc, client=0:0:0:0:0:0:0:1, user=admin@mail.com]
2025-09-18 17:38:43 [http-nio-8081-exec-6] INFO  c.m.b.k.service.DynamicRouteService - Fetching active routes with pagination
2025-09-18 17:38:43 [http-nio-8081-exec-6] DEBUG o.s.w.f.CommonsRequestLoggingFilter - Before request [GET /api/templates?page=0&size=10&sortedBy=updatedAt&sortDirection=desc, client=0:0:0:0:0:0:0:1, user=admin@mail.com]
2025-09-18 17:38:43 [http-nio-8081-exec-6] DEBUG o.s.web.servlet.DispatcherServlet - GET "/api/templates?page=0&size=10&sortedBy=updatedAt&sortDirection=desc", parameters={masked}
2025-09-18 17:38:43 [http-nio-8081-exec-6] DEBUG o.s.w.s.m.m.a.RequestMappingHandlerMapping - Mapped to com.middleware.backend.notification.controller.TemplateController#getAll(int, int, String, String)
2025-09-18 17:38:44 [http-nio-8081-exec-6] DEBUG o.s.w.s.m.m.a.HttpEntityMethodProcessor - Using 'application/json', given [*/*] and supported [application/json, application/*+json, application/yaml]
2025-09-18 17:38:44 [http-nio-8081-exec-6] DEBUG o.s.w.s.m.m.a.HttpEntityMethodProcessor - Writing [Page 1 of 1 containing com.middleware.backend.notification.dto.NotificationTemplateDto instances]
2025-09-18 17:38:44 [http-nio-8081-exec-6] DEBUG o.s.web.servlet.DispatcherServlet - Completed 200 OK
2025-09-18 17:38:44 [http-nio-8081-exec-6] DEBUG o.s.w.f.CommonsRequestLoggingFilter - After request [GET /api/templates?page=0&size=10&sortedBy=updatedAt&sortDirection=desc, client=0:0:0:0:0:0:0:1, user=admin@mail.com]
2025-09-18 17:38:47 [http-nio-8081-exec-10] INFO  c.m.b.k.service.DynamicRouteService - Fetching active routes with pagination
2025-09-18 17:38:47 [http-nio-8081-exec-10] DEBUG o.s.w.f.CommonsRequestLoggingFilter - Before request [GET /api/templates?page=0&size=10&sortedBy=updatedAt&sortDirection=desc, client=0:0:0:0:0:0:0:1, user=admin@mail.com]
2025-09-18 17:38:47 [http-nio-8081-exec-10] DEBUG o.s.web.servlet.DispatcherServlet - GET "/api/templates?page=0&size=10&sortedBy=updatedAt&sortDirection=desc", parameters={masked}
2025-09-18 17:38:47 [http-nio-8081-exec-10] DEBUG o.s.w.s.m.m.a.RequestMappingHandlerMapping - Mapped to com.middleware.backend.notification.controller.TemplateController#getAll(int, int, String, String)
2025-09-18 17:38:47 [http-nio-8081-exec-10] DEBUG o.s.w.s.m.m.a.HttpEntityMethodProcessor - Using 'application/json', given [*/*] and supported [application/json, application/*+json, application/yaml]
2025-09-18 17:38:47 [http-nio-8081-exec-10] DEBUG o.s.w.s.m.m.a.HttpEntityMethodProcessor - Writing [Page 1 of 1 containing com.middleware.backend.notification.dto.NotificationTemplateDto instances]
2025-09-18 17:38:47 [http-nio-8081-exec-10] DEBUG o.s.web.servlet.DispatcherServlet - Completed 200 OK
2025-09-18 17:38:47 [http-nio-8081-exec-10] DEBUG o.s.w.f.CommonsRequestLoggingFilter - After request [GET /api/templates?page=0&size=10&sortedBy=updatedAt&sortDirection=desc, client=0:0:0:0:0:0:0:1, user=admin@mail.com]
2025-09-18 17:38:48 [scheduling-1] INFO  c.m.b.k.service.DynamicRouteService - Starting route status sync with Camel context
2025-09-18 17:38:48 [scheduling-1] INFO  c.m.b.k.service.DynamicRouteService - Completed route status sync
2025-09-18 17:38:50 [http-nio-8081-exec-1] INFO  c.m.b.k.service.DynamicRouteService - Fetching active routes with pagination
2025-09-18 17:38:50 [http-nio-8081-exec-1] DEBUG o.s.w.f.CommonsRequestLoggingFilter - Before request [POST /api/templates, client=0:0:0:0:0:0:0:1, user=admin@mail.com]
2025-09-18 17:38:50 [http-nio-8081-exec-1] DEBUG o.s.web.servlet.DispatcherServlet - POST "/api/templates", parameters={}
2025-09-18 17:38:50 [http-nio-8081-exec-1] DEBUG o.s.w.s.m.m.a.RequestMappingHandlerMapping - Mapped to com.middleware.backend.notification.controller.TemplateController#create(NotificationTemplateDto)
2025-09-18 17:38:50 [http-nio-8081-exec-1] DEBUG o.s.w.s.m.m.a.RequestResponseBodyMethodProcessor - Read "application/json;charset=UTF-8" to [NotificationTemplateDto(id=null, name=, type=EMAIL, subject=Job {{ job_name }} failed, body=Details: (truncated)...]
2025-09-18 17:38:50 [http-nio-8081-exec-1] DEBUG o.s.w.s.m.m.a.ExceptionHandlerExceptionResolver - Using @ExceptionHandler com.middleware.backend.exception.GlobalExceptionHandler#handleGenericException(Exception)
2025-09-18 17:38:50 [http-nio-8081-exec-1] DEBUG o.s.w.s.m.m.a.HttpEntityMethodProcessor - Using 'application/json', given [*/*] and supported [application/json, application/*+json, application/yaml]
2025-09-18 17:38:50 [http-nio-8081-exec-1] DEBUG o.s.w.s.m.m.a.HttpEntityMethodProcessor - Writing [{message=An unexpected error occurred, error=Validation failed for argument [0] in public org.spring (truncated)...]
2025-09-18 17:38:50 [http-nio-8081-exec-1] DEBUG o.s.w.s.m.m.a.ExceptionHandlerExceptionResolver - Resolved [org.springframework.web.bind.MethodArgumentNotValidException: Validation failed for argument [0] in public org.springframework.http.ResponseEntity<?> com.middleware.backend.notification.controller.TemplateController.create(com.middleware.backend.notification.dto.NotificationTemplateDto): [Field error in object 'notificationTemplateDto' on field 'name': rejected value []; codes [NotBlank.notificationTemplateDto.name,NotBlank.name,NotBlank.java.lang.String,NotBlank]; arguments [org.springframework.context.support.DefaultMessageSourceResolvable: codes [notificationTemplateDto.name,name]; arguments []; default message [name]]; default message [Name is required]] ]
2025-09-18 17:38:50 [http-nio-8081-exec-1] DEBUG o.s.web.servlet.DispatcherServlet - Completed 500 INTERNAL_SERVER_ERROR
2025-09-18 17:38:50 [http-nio-8081-exec-1] DEBUG o.s.w.f.CommonsRequestLoggingFilter - After request [POST /api/templates, client=0:0:0:0:0:0:0:1, user=admin@mail.com, payload={"name":"","type":"EMAIL","subject":"Job {{ job_name }} failed","body":"Details: {{ details }}"}]
2025-09-18 17:39:18 [scheduling-1] INFO  c.m.b.k.service.DynamicRouteService - Starting route status sync with Camel context
2025-09-18 17:39:18 [scheduling-1] INFO  c.m.b.k.service.DynamicRouteService - Completed route status sync
2025-09-18 17:39:42 [http-nio-8081-exec-4] INFO  c.m.b.k.service.DynamicRouteService - Fetching active routes with pagination
2025-09-18 17:39:42 [http-nio-8081-exec-4] DEBUG o.s.w.f.CommonsRequestLoggingFilter - Before request [GET /api/templates?page=0&size=10&sortedBy=updatedAt&sortDirection=desc, client=0:0:0:0:0:0:0:1, user=admin@mail.com]
2025-09-18 17:39:42 [http-nio-8081-exec-4] DEBUG o.s.web.servlet.DispatcherServlet - GET "/api/templates?page=0&size=10&sortedBy=updatedAt&sortDirection=desc", parameters={masked}
2025-09-18 17:39:42 [http-nio-8081-exec-4] DEBUG o.s.w.s.m.m.a.RequestMappingHandlerMapping - Mapped to com.middleware.backend.notification.controller.TemplateController#getAll(int, int, String, String)
2025-09-18 17:39:42 [http-nio-8081-exec-4] DEBUG o.s.w.s.m.m.a.HttpEntityMethodProcessor - Using 'application/json', given [*/*] and supported [application/json, application/*+json, application/yaml]
2025-09-18 17:39:42 [http-nio-8081-exec-4] DEBUG o.s.w.s.m.m.a.HttpEntityMethodProcessor - Writing [Page 1 of 1 containing com.middleware.backend.notification.dto.NotificationTemplateDto instances]
2025-09-18 17:39:42 [http-nio-8081-exec-4] DEBUG o.s.web.servlet.DispatcherServlet - Completed 200 OK
2025-09-18 17:39:42 [http-nio-8081-exec-4] DEBUG o.s.w.f.CommonsRequestLoggingFilter - After request [GET /api/templates?page=0&size=10&sortedBy=updatedAt&sortDirection=desc, client=0:0:0:0:0:0:0:1, user=admin@mail.com]
2025-09-18 17:39:48 [scheduling-1] INFO  c.m.b.k.service.DynamicRouteService - Starting route status sync with Camel context
2025-09-18 17:39:48 [scheduling-1] INFO  c.m.b.k.service.DynamicRouteService - Completed route status sync
2025-09-18 17:40:18 [scheduling-1] INFO  c.m.b.k.service.DynamicRouteService - Starting route status sync with Camel context
2025-09-18 17:40:18 [scheduling-1] INFO  c.m.b.k.service.DynamicRouteService - Completed route status sync
2025-09-18 17:40:20 [http-nio-8081-exec-3] INFO  c.m.b.k.service.DynamicRouteService - Fetching active routes with pagination
2025-09-18 17:40:20 [http-nio-8081-exec-3] DEBUG o.s.w.f.CommonsRequestLoggingFilter - Before request [GET /api/templates?page=0&size=10&sortedBy=updatedAt&sortDirection=desc, client=0:0:0:0:0:0:0:1, user=admin@mail.com]
2025-09-18 17:40:20 [http-nio-8081-exec-3] DEBUG o.s.web.servlet.DispatcherServlet - GET "/api/templates?page=0&size=10&sortedBy=updatedAt&sortDirection=desc", parameters={masked}
2025-09-18 17:40:20 [http-nio-8081-exec-3] DEBUG o.s.w.s.m.m.a.RequestMappingHandlerMapping - Mapped to com.middleware.backend.notification.controller.TemplateController#getAll(int, int, String, String)
2025-09-18 17:40:20 [http-nio-8081-exec-3] DEBUG o.s.w.s.m.m.a.HttpEntityMethodProcessor - Using 'application/json', given [*/*] and supported [application/json, application/*+json, application/yaml]
2025-09-18 17:40:20 [http-nio-8081-exec-3] DEBUG o.s.w.s.m.m.a.HttpEntityMethodProcessor - Writing [Page 1 of 1 containing com.middleware.backend.notification.dto.NotificationTemplateDto instances]
2025-09-18 17:40:20 [http-nio-8081-exec-3] DEBUG o.s.web.servlet.DispatcherServlet - Completed 200 OK
2025-09-18 17:40:20 [http-nio-8081-exec-3] DEBUG o.s.w.f.CommonsRequestLoggingFilter - After request [GET /api/templates?page=0&size=10&sortedBy=updatedAt&sortDirection=desc, client=0:0:0:0:0:0:0:1, user=admin@mail.com]
2025-09-18 17:40:29 [http-nio-8081-exec-2] INFO  c.m.b.k.service.DynamicRouteService - Fetching active routes with pagination
2025-09-18 17:40:30 [http-nio-8081-exec-2] DEBUG o.s.w.f.CommonsRequestLoggingFilter - Before request [GET /api/templates?page=0&size=10&sortedBy=updatedAt&sortDirection=desc, client=0:0:0:0:0:0:0:1, user=admin@mail.com]
2025-09-18 17:40:30 [http-nio-8081-exec-2] DEBUG o.s.web.servlet.DispatcherServlet - GET "/api/templates?page=0&size=10&sortedBy=updatedAt&sortDirection=desc", parameters={masked}
2025-09-18 17:40:30 [http-nio-8081-exec-2] DEBUG o.s.w.s.m.m.a.RequestMappingHandlerMapping - Mapped to com.middleware.backend.notification.controller.TemplateController#getAll(int, int, String, String)
2025-09-18 17:40:30 [http-nio-8081-exec-2] DEBUG o.s.w.s.m.m.a.HttpEntityMethodProcessor - Using 'application/json', given [*/*] and supported [application/json, application/*+json, application/yaml]
2025-09-18 17:40:30 [http-nio-8081-exec-2] DEBUG o.s.w.s.m.m.a.HttpEntityMethodProcessor - Writing [Page 1 of 1 containing com.middleware.backend.notification.dto.NotificationTemplateDto instances]
2025-09-18 17:40:30 [http-nio-8081-exec-2] DEBUG o.s.web.servlet.DispatcherServlet - Completed 200 OK
2025-09-18 17:40:30 [http-nio-8081-exec-2] DEBUG o.s.w.f.CommonsRequestLoggingFilter - After request [GET /api/templates?page=0&size=10&sortedBy=updatedAt&sortDirection=desc, client=0:0:0:0:0:0:0:1, user=admin@mail.com]
2025-09-18 17:40:41 [http-nio-8081-exec-9] INFO  c.m.b.k.service.DynamicRouteService - Fetching active routes with pagination
2025-09-18 17:40:41 [http-nio-8081-exec-9] DEBUG o.s.w.f.CommonsRequestLoggingFilter - Before request [GET /api/templates?page=0&size=10&sortedBy=updatedAt&sortDirection=desc, client=0:0:0:0:0:0:0:1, user=admin@mail.com]
2025-09-18 17:40:41 [http-nio-8081-exec-9] DEBUG o.s.web.servlet.DispatcherServlet - GET "/api/templates?page=0&size=10&sortedBy=updatedAt&sortDirection=desc", parameters={masked}
2025-09-18 17:40:41 [http-nio-8081-exec-9] DEBUG o.s.w.s.m.m.a.RequestMappingHandlerMapping - Mapped to com.middleware.backend.notification.controller.TemplateController#getAll(int, int, String, String)
2025-09-18 17:40:41 [http-nio-8081-exec-9] DEBUG o.s.w.s.m.m.a.HttpEntityMethodProcessor - Using 'application/json', given [*/*] and supported [application/json, application/*+json, application/yaml]
2025-09-18 17:40:41 [http-nio-8081-exec-9] DEBUG o.s.w.s.m.m.a.HttpEntityMethodProcessor - Writing [Page 1 of 1 containing com.middleware.backend.notification.dto.NotificationTemplateDto instances]
2025-09-18 17:40:41 [http-nio-8081-exec-9] DEBUG o.s.web.servlet.DispatcherServlet - Completed 200 OK
2025-09-18 17:40:41 [http-nio-8081-exec-9] DEBUG o.s.w.f.CommonsRequestLoggingFilter - After request [GET /api/templates?page=0&size=10&sortedBy=updatedAt&sortDirection=desc, client=0:0:0:0:0:0:0:1, user=admin@mail.com]
2025-09-18 17:40:48 [scheduling-1] INFO  c.m.b.k.service.DynamicRouteService - Starting route status sync with Camel context
2025-09-18 17:40:48 [scheduling-1] INFO  c.m.b.k.service.DynamicRouteService - Completed route status sync
2025-09-18 17:40:49 [http-nio-8081-exec-7] INFO  c.m.b.k.service.DynamicRouteService - Fetching active routes with pagination
2025-09-18 17:40:49 [http-nio-8081-exec-7] DEBUG o.s.w.f.CommonsRequestLoggingFilter - Before request [GET /api/templates?page=0&size=10&sortedBy=updatedAt&sortDirection=desc, client=0:0:0:0:0:0:0:1, user=admin@mail.com]
2025-09-18 17:40:49 [http-nio-8081-exec-7] DEBUG o.s.web.servlet.DispatcherServlet - GET "/api/templates?page=0&size=10&sortedBy=updatedAt&sortDirection=desc", parameters={masked}
2025-09-18 17:40:49 [http-nio-8081-exec-7] DEBUG o.s.w.s.m.m.a.RequestMappingHandlerMapping - Mapped to com.middleware.backend.notification.controller.TemplateController#getAll(int, int, String, String)
2025-09-18 17:40:49 [http-nio-8081-exec-7] DEBUG o.s.w.s.m.m.a.HttpEntityMethodProcessor - Using 'application/json', given [*/*] and supported [application/json, application/*+json, application/yaml]
2025-09-18 17:40:49 [http-nio-8081-exec-7] DEBUG o.s.w.s.m.m.a.HttpEntityMethodProcessor - Writing [Page 1 of 1 containing com.middleware.backend.notification.dto.NotificationTemplateDto instances]
2025-09-18 17:40:49 [http-nio-8081-exec-7] DEBUG o.s.web.servlet.DispatcherServlet - Completed 200 OK
2025-09-18 17:40:49 [http-nio-8081-exec-7] DEBUG o.s.w.f.CommonsRequestLoggingFilter - After request [GET /api/templates?page=0&size=10&sortedBy=updatedAt&sortDirection=desc, client=0:0:0:0:0:0:0:1, user=admin@mail.com]
2025-09-18 17:41:03 [http-nio-8081-exec-8] INFO  c.m.b.k.service.DynamicRouteService - Fetching active routes with pagination
2025-09-18 17:41:03 [http-nio-8081-exec-8] DEBUG o.s.w.f.CommonsRequestLoggingFilter - Before request [GET /api/templates?page=0&size=10&sortedBy=updatedAt&sortDirection=desc, client=0:0:0:0:0:0:0:1, user=admin@mail.com]
2025-09-18 17:41:03 [http-nio-8081-exec-8] DEBUG o.s.web.servlet.DispatcherServlet - GET "/api/templates?page=0&size=10&sortedBy=updatedAt&sortDirection=desc", parameters={masked}
2025-09-18 17:41:03 [http-nio-8081-exec-8] DEBUG o.s.w.s.m.m.a.RequestMappingHandlerMapping - Mapped to com.middleware.backend.notification.controller.TemplateController#getAll(int, int, String, String)
2025-09-18 17:41:03 [http-nio-8081-exec-8] DEBUG o.s.w.s.m.m.a.HttpEntityMethodProcessor - Using 'application/json', given [*/*] and supported [application/json, application/*+json, application/yaml]
2025-09-18 17:41:03 [http-nio-8081-exec-8] DEBUG o.s.w.s.m.m.a.HttpEntityMethodProcessor - Writing [Page 1 of 1 containing com.middleware.backend.notification.dto.NotificationTemplateDto instances]
2025-09-18 17:41:03 [http-nio-8081-exec-8] DEBUG o.s.web.servlet.DispatcherServlet - Completed 200 OK
2025-09-18 17:41:03 [http-nio-8081-exec-8] DEBUG o.s.w.f.CommonsRequestLoggingFilter - After request [GET /api/templates?page=0&size=10&sortedBy=updatedAt&sortDirection=desc, client=0:0:0:0:0:0:0:1, user=admin@mail.com]
2025-09-18 17:41:13 [http-nio-8081-exec-5] INFO  c.m.b.k.service.DynamicRouteService - Fetching active routes with pagination
2025-09-18 17:41:13 [http-nio-8081-exec-5] DEBUG o.s.w.f.CommonsRequestLoggingFilter - Before request [GET /api/templates?page=0&size=10&sortedBy=updatedAt&sortDirection=desc, client=0:0:0:0:0:0:0:1, user=admin@mail.com]
2025-09-18 17:41:13 [http-nio-8081-exec-5] DEBUG o.s.web.servlet.DispatcherServlet - GET "/api/templates?page=0&size=10&sortedBy=updatedAt&sortDirection=desc", parameters={masked}
2025-09-18 17:41:13 [http-nio-8081-exec-5] DEBUG o.s.w.s.m.m.a.RequestMappingHandlerMapping - Mapped to com.middleware.backend.notification.controller.TemplateController#getAll(int, int, String, String)
2025-09-18 17:41:13 [http-nio-8081-exec-5] DEBUG o.s.w.s.m.m.a.HttpEntityMethodProcessor - Using 'application/json', given [*/*] and supported [application/json, application/*+json, application/yaml]
2025-09-18 17:41:13 [http-nio-8081-exec-5] DEBUG o.s.w.s.m.m.a.HttpEntityMethodProcessor - Writing [Page 1 of 1 containing com.middleware.backend.notification.dto.NotificationTemplateDto instances]
2025-09-18 17:41:13 [http-nio-8081-exec-5] DEBUG o.s.web.servlet.DispatcherServlet - Completed 200 OK
2025-09-18 17:41:13 [http-nio-8081-exec-5] DEBUG o.s.w.f.CommonsRequestLoggingFilter - After request [GET /api/templates?page=0&size=10&sortedBy=updatedAt&sortDirection=desc, client=0:0:0:0:0:0:0:1, user=admin@mail.com]
2025-09-18 17:41:18 [scheduling-1] INFO  c.m.b.k.service.DynamicRouteService - Starting route status sync with Camel context
2025-09-18 17:41:18 [scheduling-1] INFO  c.m.b.k.service.DynamicRouteService - Completed route status sync
2025-09-18 17:41:25 [http-nio-8081-exec-6] INFO  c.m.b.k.service.DynamicRouteService - Fetching active routes with pagination
2025-09-18 17:41:25 [http-nio-8081-exec-6] DEBUG o.s.w.f.CommonsRequestLoggingFilter - Before request [GET /api/templates?page=0&size=10&sortedBy=updatedAt&sortDirection=desc, client=0:0:0:0:0:0:0:1, user=admin@mail.com]
2025-09-18 17:41:25 [http-nio-8081-exec-6] DEBUG o.s.web.servlet.DispatcherServlet - GET "/api/templates?page=0&size=10&sortedBy=updatedAt&sortDirection=desc", parameters={masked}
2025-09-18 17:41:25 [http-nio-8081-exec-6] DEBUG o.s.w.s.m.m.a.RequestMappingHandlerMapping - Mapped to com.middleware.backend.notification.controller.TemplateController#getAll(int, int, String, String)
2025-09-18 17:41:25 [http-nio-8081-exec-6] DEBUG o.s.w.s.m.m.a.HttpEntityMethodProcessor - Using 'application/json', given [*/*] and supported [application/json, application/*+json, application/yaml]
2025-09-18 17:41:25 [http-nio-8081-exec-6] DEBUG o.s.w.s.m.m.a.HttpEntityMethodProcessor - Writing [Page 1 of 1 containing com.middleware.backend.notification.dto.NotificationTemplateDto instances]
2025-09-18 17:41:25 [http-nio-8081-exec-6] DEBUG o.s.web.servlet.DispatcherServlet - Completed 200 OK
2025-09-18 17:41:25 [http-nio-8081-exec-6] DEBUG o.s.w.f.CommonsRequestLoggingFilter - After request [GET /api/templates?page=0&size=10&sortedBy=updatedAt&sortDirection=desc, client=0:0:0:0:0:0:0:1, user=admin@mail.com]
2025-09-18 17:41:34 [http-nio-8081-exec-10] INFO  c.m.b.k.service.DynamicRouteService - Fetching active routes with pagination
2025-09-18 17:41:34 [http-nio-8081-exec-10] DEBUG o.s.w.f.CommonsRequestLoggingFilter - Before request [GET /api/templates?page=0&size=10&sortedBy=updatedAt&sortDirection=desc, client=0:0:0:0:0:0:0:1, user=admin@mail.com]
2025-09-18 17:41:34 [http-nio-8081-exec-10] DEBUG o.s.web.servlet.DispatcherServlet - GET "/api/templates?page=0&size=10&sortedBy=updatedAt&sortDirection=desc", parameters={masked}
2025-09-18 17:41:34 [http-nio-8081-exec-10] DEBUG o.s.w.s.m.m.a.RequestMappingHandlerMapping - Mapped to com.middleware.backend.notification.controller.TemplateController#getAll(int, int, String, String)
2025-09-18 17:41:34 [http-nio-8081-exec-10] DEBUG o.s.w.s.m.m.a.HttpEntityMethodProcessor - Using 'application/json', given [*/*] and supported [application/json, application/*+json, application/yaml]
2025-09-18 17:41:34 [http-nio-8081-exec-10] DEBUG o.s.w.s.m.m.a.HttpEntityMethodProcessor - Writing [Page 1 of 1 containing com.middleware.backend.notification.dto.NotificationTemplateDto instances]
2025-09-18 17:41:34 [http-nio-8081-exec-10] DEBUG o.s.web.servlet.DispatcherServlet - Completed 200 OK
2025-09-18 17:41:34 [http-nio-8081-exec-10] DEBUG o.s.w.f.CommonsRequestLoggingFilter - After request [GET /api/templates?page=0&size=10&sortedBy=updatedAt&sortDirection=desc, client=0:0:0:0:0:0:0:1, user=admin@mail.com]
2025-09-18 17:41:42 [http-nio-8081-exec-1] INFO  c.m.b.k.service.DynamicRouteService - Fetching active routes with pagination
2025-09-18 17:41:43 [http-nio-8081-exec-1] DEBUG o.s.w.f.CommonsRequestLoggingFilter - Before request [GET /api/templates?page=0&size=10&sortedBy=updatedAt&sortDirection=desc, client=0:0:0:0:0:0:0:1, user=admin@mail.com]
2025-09-18 17:41:43 [http-nio-8081-exec-1] DEBUG o.s.web.servlet.DispatcherServlet - GET "/api/templates?page=0&size=10&sortedBy=updatedAt&sortDirection=desc", parameters={masked}
2025-09-18 17:41:43 [http-nio-8081-exec-1] DEBUG o.s.w.s.m.m.a.RequestMappingHandlerMapping - Mapped to com.middleware.backend.notification.controller.TemplateController#getAll(int, int, String, String)
2025-09-18 17:41:43 [http-nio-8081-exec-1] DEBUG o.s.w.s.m.m.a.HttpEntityMethodProcessor - Using 'application/json', given [*/*] and supported [application/json, application/*+json, application/yaml]
2025-09-18 17:41:43 [http-nio-8081-exec-1] DEBUG o.s.w.s.m.m.a.HttpEntityMethodProcessor - Writing [Page 1 of 1 containing com.middleware.backend.notification.dto.NotificationTemplateDto instances]
2025-09-18 17:41:43 [http-nio-8081-exec-1] DEBUG o.s.web.servlet.DispatcherServlet - Completed 200 OK
2025-09-18 17:41:43 [http-nio-8081-exec-1] DEBUG o.s.w.f.CommonsRequestLoggingFilter - After request [GET /api/templates?page=0&size=10&sortedBy=updatedAt&sortDirection=desc, client=0:0:0:0:0:0:0:1, user=admin@mail.com]
2025-09-18 17:41:48 [scheduling-1] INFO  c.m.b.k.service.DynamicRouteService - Starting route status sync with Camel context
2025-09-18 17:41:48 [scheduling-1] INFO  c.m.b.k.service.DynamicRouteService - Completed route status sync
2025-09-18 17:42:18 [http-nio-8081-exec-4] INFO  c.m.b.k.service.DynamicRouteService - Fetching active routes with pagination
2025-09-18 17:42:18 [http-nio-8081-exec-4] DEBUG o.s.w.f.CommonsRequestLoggingFilter - Before request [POST /api/templates, client=0:0:0:0:0:0:0:1, user=admin@mail.com]
2025-09-18 17:42:18 [http-nio-8081-exec-4] DEBUG o.s.web.servlet.DispatcherServlet - POST "/api/templates", parameters={}
2025-09-18 17:42:18 [http-nio-8081-exec-4] DEBUG o.s.w.s.m.m.a.RequestMappingHandlerMapping - Mapped to com.middleware.backend.notification.controller.TemplateController#create(NotificationTemplateDto)
2025-09-18 17:42:18 [http-nio-8081-exec-4] DEBUG o.s.w.s.m.m.a.RequestResponseBodyMethodProcessor - Read "application/json;charset=UTF-8" to [NotificationTemplateDto(id=null, name=ءئؤ, type=EMAIL, subject=Job {{ job_name }} failed, body=Detai (truncated)...]
2025-09-18 17:42:18 [http-nio-8081-exec-4] DEBUG o.s.w.s.m.m.a.HttpEntityMethodProcessor - Using 'application/json', given [*/*] and supported [application/json, application/*+json, application/yaml]
2025-09-18 17:42:18 [http-nio-8081-exec-4] DEBUG o.s.w.s.m.m.a.HttpEntityMethodProcessor - Writing [NotificationTemplateDto(id=3, name=ءئؤ, type=EMAIL, subject=Job {{ job_name }} failed, body=Details: (truncated)...]
2025-09-18 17:42:18 [http-nio-8081-exec-4] DEBUG o.s.web.servlet.DispatcherServlet - Completed 200 OK
2025-09-18 17:42:18 [http-nio-8081-exec-4] DEBUG o.s.w.f.CommonsRequestLoggingFilter - After request [POST /api/templates, client=0:0:0:0:0:0:0:1, user=admin@mail.com, payload={"name":"ءئؤ","type":"EMAIL","subject":"Job {{ job_name }} failed","body":"Details: {{ details }}"}]
2025-09-18 17:42:18 [http-nio-8081-exec-3] INFO  c.m.b.k.service.DynamicRouteService - Fetching active routes with pagination
2025-09-18 17:42:18 [scheduling-1] INFO  c.m.b.k.service.DynamicRouteService - Starting route status sync with Camel context
2025-09-18 17:42:18 [scheduling-1] INFO  c.m.b.k.service.DynamicRouteService - Completed route status sync
2025-09-18 17:42:18 [http-nio-8081-exec-3] DEBUG o.s.w.f.CommonsRequestLoggingFilter - Before request [GET /api/templates?page=0&size=10&sortedBy=updatedAt&sortDirection=desc, client=0:0:0:0:0:0:0:1, user=admin@mail.com]
2025-09-18 17:42:18 [http-nio-8081-exec-3] DEBUG o.s.web.servlet.DispatcherServlet - GET "/api/templates?page=0&size=10&sortedBy=updatedAt&sortDirection=desc", parameters={masked}
2025-09-18 17:42:18 [http-nio-8081-exec-3] DEBUG o.s.w.s.m.m.a.RequestMappingHandlerMapping - Mapped to com.middleware.backend.notification.controller.TemplateController#getAll(int, int, String, String)
2025-09-18 17:42:18 [http-nio-8081-exec-3] DEBUG o.s.w.s.m.m.a.HttpEntityMethodProcessor - Using 'application/json', given [*/*] and supported [application/json, application/*+json, application/yaml]
2025-09-18 17:42:18 [http-nio-8081-exec-3] DEBUG o.s.w.s.m.m.a.HttpEntityMethodProcessor - Writing [Page 1 of 1 containing com.middleware.backend.notification.dto.NotificationTemplateDto instances]
2025-09-18 17:42:18 [http-nio-8081-exec-3] DEBUG o.s.web.servlet.DispatcherServlet - Completed 200 OK
2025-09-18 17:42:18 [http-nio-8081-exec-3] DEBUG o.s.w.f.CommonsRequestLoggingFilter - After request [GET /api/templates?page=0&size=10&sortedBy=updatedAt&sortDirection=desc, client=0:0:0:0:0:0:0:1, user=admin@mail.com]
2025-09-18 17:42:23 [http-nio-8081-exec-2] INFO  c.m.b.k.service.DynamicRouteService - Fetching active routes with pagination
2025-09-18 17:42:23 [http-nio-8081-exec-2] DEBUG o.s.w.f.CommonsRequestLoggingFilter - Before request [GET /api/templates?page=0&size=10&sortedBy=updatedAt&sortDirection=desc, client=0:0:0:0:0:0:0:1, user=admin@mail.com]
2025-09-18 17:42:23 [http-nio-8081-exec-2] DEBUG o.s.web.servlet.DispatcherServlet - GET "/api/templates?page=0&size=10&sortedBy=updatedAt&sortDirection=desc", parameters={masked}
2025-09-18 17:42:23 [http-nio-8081-exec-2] DEBUG o.s.w.s.m.m.a.RequestMappingHandlerMapping - Mapped to com.middleware.backend.notification.controller.TemplateController#getAll(int, int, String, String)
2025-09-18 17:42:23 [http-nio-8081-exec-2] DEBUG o.s.w.s.m.m.a.HttpEntityMethodProcessor - Using 'application/json', given [*/*] and supported [application/json, application/*+json, application/yaml]
2025-09-18 17:42:23 [http-nio-8081-exec-2] DEBUG o.s.w.s.m.m.a.HttpEntityMethodProcessor - Writing [Page 1 of 1 containing com.middleware.backend.notification.dto.NotificationTemplateDto instances]
2025-09-18 17:42:23 [http-nio-8081-exec-2] DEBUG o.s.web.servlet.DispatcherServlet - Completed 200 OK
2025-09-18 17:42:23 [http-nio-8081-exec-2] DEBUG o.s.w.f.CommonsRequestLoggingFilter - After request [GET /api/templates?page=0&size=10&sortedBy=updatedAt&sortDirection=desc, client=0:0:0:0:0:0:0:1, user=admin@mail.com]
2025-09-18 17:42:48 [scheduling-1] INFO  c.m.b.k.service.DynamicRouteService - Starting route status sync with Camel context
2025-09-18 17:42:48 [scheduling-1] INFO  c.m.b.k.service.DynamicRouteService - Completed route status sync
2025-09-18 17:43:04 [http-nio-8081-exec-9] INFO  c.m.b.k.service.DynamicRouteService - Fetching active routes with pagination
2025-09-18 17:43:04 [http-nio-8081-exec-9] DEBUG o.s.w.f.CommonsRequestLoggingFilter - Before request [GET /api/templates?page=0&size=10&sortedBy=updatedAt&sortDirection=desc, client=0:0:0:0:0:0:0:1, user=admin@mail.com]
2025-09-18 17:43:04 [http-nio-8081-exec-9] DEBUG o.s.web.servlet.DispatcherServlet - GET "/api/templates?page=0&size=10&sortedBy=updatedAt&sortDirection=desc", parameters={masked}
2025-09-18 17:43:04 [http-nio-8081-exec-9] DEBUG o.s.w.s.m.m.a.RequestMappingHandlerMapping - Mapped to com.middleware.backend.notification.controller.TemplateController#getAll(int, int, String, String)
2025-09-18 17:43:05 [http-nio-8081-exec-9] DEBUG o.s.w.s.m.m.a.HttpEntityMethodProcessor - Using 'application/json', given [*/*] and supported [application/json, application/*+json, application/yaml]
2025-09-18 17:43:05 [http-nio-8081-exec-9] DEBUG o.s.w.s.m.m.a.HttpEntityMethodProcessor - Writing [Page 1 of 1 containing com.middleware.backend.notification.dto.NotificationTemplateDto instances]
2025-09-18 17:43:05 [http-nio-8081-exec-9] DEBUG o.s.web.servlet.DispatcherServlet - Completed 200 OK
2025-09-18 17:43:05 [http-nio-8081-exec-9] DEBUG o.s.w.f.CommonsRequestLoggingFilter - After request [GET /api/templates?page=0&size=10&sortedBy=updatedAt&sortDirection=desc, client=0:0:0:0:0:0:0:1, user=admin@mail.com]
2025-09-18 17:43:07 [http-nio-8081-exec-7] INFO  c.m.b.k.service.DynamicRouteService - Fetching active routes with pagination
2025-09-18 17:43:07 [http-nio-8081-exec-7] DEBUG o.s.w.f.CommonsRequestLoggingFilter - Before request [GET /api/templates?page=0&size=10&sortedBy=updatedAt&sortDirection=desc, client=0:0:0:0:0:0:0:1, user=admin@mail.com]
2025-09-18 17:43:07 [http-nio-8081-exec-7] DEBUG o.s.web.servlet.DispatcherServlet - GET "/api/templates?page=0&size=10&sortedBy=updatedAt&sortDirection=desc", parameters={masked}
2025-09-18 17:43:07 [http-nio-8081-exec-7] DEBUG o.s.w.s.m.m.a.RequestMappingHandlerMapping - Mapped to com.middleware.backend.notification.controller.TemplateController#getAll(int, int, String, String)
2025-09-18 17:43:07 [http-nio-8081-exec-7] DEBUG o.s.w.s.m.m.a.HttpEntityMethodProcessor - Using 'application/json', given [*/*] and supported [application/json, application/*+json, application/yaml]
2025-09-18 17:43:07 [http-nio-8081-exec-7] DEBUG o.s.w.s.m.m.a.HttpEntityMethodProcessor - Writing [Page 1 of 1 containing com.middleware.backend.notification.dto.NotificationTemplateDto instances]
2025-09-18 17:43:07 [http-nio-8081-exec-7] DEBUG o.s.web.servlet.DispatcherServlet - Completed 200 OK
2025-09-18 17:43:07 [http-nio-8081-exec-7] DEBUG o.s.w.f.CommonsRequestLoggingFilter - After request [GET /api/templates?page=0&size=10&sortedBy=updatedAt&sortDirection=desc, client=0:0:0:0:0:0:0:1, user=admin@mail.com]
2025-09-18 17:43:18 [scheduling-1] INFO  c.m.b.k.service.DynamicRouteService - Starting route status sync with Camel context
2025-09-18 17:43:18 [scheduling-1] INFO  c.m.b.k.service.DynamicRouteService - Completed route status sync
2025-09-18 17:43:32 [http-nio-8081-exec-8] INFO  c.m.b.k.service.DynamicRouteService - Fetching active routes with pagination
2025-09-18 17:43:32 [http-nio-8081-exec-8] DEBUG o.s.w.f.CommonsRequestLoggingFilter - Before request [POST /api/templates, client=0:0:0:0:0:0:0:1, user=admin@mail.com]
2025-09-18 17:43:32 [http-nio-8081-exec-8] DEBUG o.s.web.servlet.DispatcherServlet - POST "/api/templates", parameters={}
2025-09-18 17:43:32 [http-nio-8081-exec-8] DEBUG o.s.w.s.m.m.a.RequestMappingHandlerMapping - Mapped to com.middleware.backend.notification.controller.TemplateController#create(NotificationTemplateDto)
2025-09-18 17:43:32 [http-nio-8081-exec-8] DEBUG o.s.w.s.m.m.a.RequestResponseBodyMethodProcessor - Read "application/json;charset=UTF-8" to [NotificationTemplateDto(id=null, name=test, type=SMS, subject=Job {{ job_name }} failed, body=Detail (truncated)...]
2025-09-18 17:43:32 [http-nio-8081-exec-8] DEBUG o.s.w.s.m.m.a.ExceptionHandlerExceptionResolver - Using @ExceptionHandler com.middleware.backend.exception.GlobalExceptionHandler#handleRuntimeException(RuntimeException)
2025-09-18 17:43:32 [http-nio-8081-exec-8] DEBUG o.s.w.s.m.m.a.HttpEntityMethodProcessor - Using 'application/json', given [*/*] and supported [application/json, application/*+json, application/yaml]
2025-09-18 17:43:32 [http-nio-8081-exec-8] DEBUG o.s.w.s.m.m.a.HttpEntityMethodProcessor - Writing [{message=Template already exists, timestamp=2025-09-18T17:43:32.920409600}]
2025-09-18 17:43:32 [http-nio-8081-exec-8] DEBUG o.s.w.s.m.m.a.ExceptionHandlerExceptionResolver - Resolved [java.lang.RuntimeException: Template already exists]
2025-09-18 17:43:32 [http-nio-8081-exec-8] DEBUG o.s.web.servlet.DispatcherServlet - Completed 400 BAD_REQUEST
2025-09-18 17:43:32 [http-nio-8081-exec-8] DEBUG o.s.w.f.CommonsRequestLoggingFilter - After request [POST /api/templates, client=0:0:0:0:0:0:0:1, user=admin@mail.com, payload={"name":"test","type":"SMS","subject":"Job {{ job_name }} failed","body":"Details: {{ details }}"}]
2025-09-18 17:43:45 [http-nio-8081-exec-5] INFO  c.m.b.k.service.DynamicRouteService - Fetching active routes with pagination
2025-09-18 17:43:46 [http-nio-8081-exec-5] DEBUG o.s.w.f.CommonsRequestLoggingFilter - Before request [POST /api/templates, client=0:0:0:0:0:0:0:1, user=admin@mail.com]
2025-09-18 17:43:46 [http-nio-8081-exec-5] DEBUG o.s.web.servlet.DispatcherServlet - POST "/api/templates", parameters={}
2025-09-18 17:43:46 [http-nio-8081-exec-5] DEBUG o.s.w.s.m.m.a.RequestMappingHandlerMapping - Mapped to com.middleware.backend.notification.controller.TemplateController#create(NotificationTemplateDto)
2025-09-18 17:43:46 [http-nio-8081-exec-5] DEBUG o.s.w.s.m.m.a.RequestResponseBodyMethodProcessor - Read "application/json;charset=UTF-8" to [NotificationTemplateDto(id=null, name=test, type=EMAIL, subject=Job {{ job_name }} failed, body=Deta (truncated)...]
2025-09-18 17:43:46 [http-nio-8081-exec-5] DEBUG o.s.w.s.m.m.a.ExceptionHandlerExceptionResolver - Using @ExceptionHandler com.middleware.backend.exception.GlobalExceptionHandler#handleRuntimeException(RuntimeException)
2025-09-18 17:43:46 [http-nio-8081-exec-5] DEBUG o.s.w.s.m.m.a.HttpEntityMethodProcessor - Using 'application/json', given [*/*] and supported [application/json, application/*+json, application/yaml]
2025-09-18 17:43:46 [http-nio-8081-exec-5] DEBUG o.s.w.s.m.m.a.HttpEntityMethodProcessor - Writing [{message=Template already exists, timestamp=2025-09-18T17:43:46.141173600}]
2025-09-18 17:43:46 [http-nio-8081-exec-5] DEBUG o.s.w.s.m.m.a.ExceptionHandlerExceptionResolver - Resolved [java.lang.RuntimeException: Template already exists]
2025-09-18 17:43:46 [http-nio-8081-exec-5] DEBUG o.s.web.servlet.DispatcherServlet - Completed 400 BAD_REQUEST
2025-09-18 17:43:46 [http-nio-8081-exec-5] DEBUG o.s.w.f.CommonsRequestLoggingFilter - After request [POST /api/templates, client=0:0:0:0:0:0:0:1, user=admin@mail.com, payload={"name":"test","type":"EMAIL","subject":"Job {{ job_name }} failed","body":"Details: {{ details }}"}]
2025-09-18 17:43:48 [scheduling-1] INFO  c.m.b.k.service.DynamicRouteService - Starting route status sync with Camel context
2025-09-18 17:43:48 [scheduling-1] INFO  c.m.b.k.service.DynamicRouteService - Completed route status sync
2025-09-18 17:43:55 [http-nio-8081-exec-6] INFO  c.m.b.k.service.DynamicRouteService - Fetching active routes with pagination
2025-09-18 17:43:55 [http-nio-8081-exec-6] DEBUG o.s.w.f.CommonsRequestLoggingFilter - Before request [POST /api/templates, client=0:0:0:0:0:0:0:1, user=admin@mail.com]
2025-09-18 17:43:55 [http-nio-8081-exec-6] DEBUG o.s.web.servlet.DispatcherServlet - POST "/api/templates", parameters={}
2025-09-18 17:43:55 [http-nio-8081-exec-6] DEBUG o.s.w.s.m.m.a.RequestMappingHandlerMapping - Mapped to com.middleware.backend.notification.controller.TemplateController#create(NotificationTemplateDto)
2025-09-18 17:43:55 [http-nio-8081-exec-6] DEBUG o.s.w.s.m.m.a.RequestResponseBodyMethodProcessor - Read "application/json;charset=UTF-8" to [NotificationTemplateDto(id=null, name=test, type=EMAIL, subject=Job {{ job_name }} failed, body=Deta (truncated)...]
2025-09-18 17:43:55 [http-nio-8081-exec-6] DEBUG o.s.w.s.m.m.a.ExceptionHandlerExceptionResolver - Using @ExceptionHandler com.middleware.backend.exception.GlobalExceptionHandler#handleRuntimeException(RuntimeException)
2025-09-18 17:43:55 [http-nio-8081-exec-6] DEBUG o.s.w.s.m.m.a.HttpEntityMethodProcessor - Using 'application/json', given [*/*] and supported [application/json, application/*+json, application/yaml]
2025-09-18 17:43:55 [http-nio-8081-exec-6] DEBUG o.s.w.s.m.m.a.HttpEntityMethodProcessor - Writing [{message=Template already exists, timestamp=2025-09-18T17:43:55.894868800}]
2025-09-18 17:43:55 [http-nio-8081-exec-6] DEBUG o.s.w.s.m.m.a.ExceptionHandlerExceptionResolver - Resolved [java.lang.RuntimeException: Template already exists]
2025-09-18 17:43:55 [http-nio-8081-exec-6] DEBUG o.s.web.servlet.DispatcherServlet - Completed 400 BAD_REQUEST
2025-09-18 17:43:55 [http-nio-8081-exec-6] DEBUG o.s.w.f.CommonsRequestLoggingFilter - After request [POST /api/templates, client=0:0:0:0:0:0:0:1, user=admin@mail.com, payload={"name":"test","type":"EMAIL","subject":"Job {{ job_name }} failed","body":"Details: {{ details }}"}]
2025-09-18 17:44:13 [http-nio-8081-exec-10] INFO  c.m.b.k.service.DynamicRouteService - Fetching active routes with pagination
2025-09-18 17:44:14 [http-nio-8081-exec-10] DEBUG o.s.w.f.CommonsRequestLoggingFilter - Before request [POST /api/templates, client=0:0:0:0:0:0:0:1, user=admin@mail.com]
2025-09-18 17:44:14 [http-nio-8081-exec-10] DEBUG o.s.web.servlet.DispatcherServlet - POST "/api/templates", parameters={}
2025-09-18 17:44:14 [http-nio-8081-exec-10] DEBUG o.s.w.s.m.m.a.RequestMappingHandlerMapping - Mapped to com.middleware.backend.notification.controller.TemplateController#create(NotificationTemplateDto)
2025-09-18 17:44:14 [http-nio-8081-exec-10] DEBUG o.s.w.s.m.m.a.RequestResponseBodyMethodProcessor - Read "application/json;charset=UTF-8" to [NotificationTemplateDto(id=null, name=test, type=EMAIL, subject=Job {{ job_name }} failed, body=Deta (truncated)...]
2025-09-18 17:44:14 [http-nio-8081-exec-10] DEBUG o.s.w.s.m.m.a.ExceptionHandlerExceptionResolver - Using @ExceptionHandler com.middleware.backend.exception.GlobalExceptionHandler#handleRuntimeException(RuntimeException)
2025-09-18 17:44:14 [http-nio-8081-exec-10] DEBUG o.s.w.s.m.m.a.HttpEntityMethodProcessor - Using 'application/json', given [*/*] and supported [application/json, application/*+json, application/yaml]
2025-09-18 17:44:14 [http-nio-8081-exec-10] DEBUG o.s.w.s.m.m.a.HttpEntityMethodProcessor - Writing [{message=Template already exists, timestamp=2025-09-18T17:44:14.163251100}]
2025-09-18 17:44:14 [http-nio-8081-exec-10] DEBUG o.s.w.s.m.m.a.ExceptionHandlerExceptionResolver - Resolved [java.lang.RuntimeException: Template already exists]
2025-09-18 17:44:14 [http-nio-8081-exec-10] DEBUG o.s.web.servlet.DispatcherServlet - Completed 400 BAD_REQUEST
2025-09-18 17:44:14 [http-nio-8081-exec-10] DEBUG o.s.w.f.CommonsRequestLoggingFilter - After request [POST /api/templates, client=0:0:0:0:0:0:0:1, user=admin@mail.com, payload={"name":"test","type":"EMAIL","subject":"Job {{ job_name }} failed","body":"Details: {{ details }}"}]
2025-09-18 17:44:18 [scheduling-1] INFO  c.m.b.k.service.DynamicRouteService - Starting route status sync with Camel context
2025-09-18 17:44:18 [scheduling-1] INFO  c.m.b.k.service.DynamicRouteService - Completed route status sync
2025-09-18 17:44:18 [http-nio-8081-exec-1] INFO  c.m.b.k.service.DynamicRouteService - Fetching active routes with pagination
2025-09-18 17:44:19 [http-nio-8081-exec-1] DEBUG o.s.w.f.CommonsRequestLoggingFilter - Before request [POST /api/templates/validate-json, client=0:0:0:0:0:0:0:1, user=admin@mail.com]
2025-09-18 17:44:19 [http-nio-8081-exec-1] DEBUG o.s.web.servlet.DispatcherServlet - POST "/api/templates/validate-json", parameters={}
2025-09-18 17:44:19 [http-nio-8081-exec-1] DEBUG o.s.w.s.m.m.a.RequestMappingHandlerMapping - Mapped to com.middleware.backend.notification.controller.TemplateController#validateJsonStructure(String)
2025-09-18 17:44:19 [http-nio-8081-exec-1] DEBUG o.s.w.s.m.m.a.RequestResponseBodyMethodProcessor - Read "application/json;charset=UTF-8" to ["{<EOL>  "subject":"Job {{ job_name }} failed",<EOL>  "body":"Details: {{ details }}"<EOL>}"]
2025-09-18 17:44:19 [http-nio-8081-exec-1] DEBUG o.s.w.s.m.m.a.HttpEntityMethodProcessor - Using 'application/json', given [*/*] and supported [application/json, application/*+json, application/yaml]
2025-09-18 17:44:19 [http-nio-8081-exec-1] DEBUG o.s.w.s.m.m.a.HttpEntityMethodProcessor - Writing [{valid=true, subject=Job {{ job_name }} failed, message=JSON is valid and contains required fields,  (truncated)...]
2025-09-18 17:44:19 [http-nio-8081-exec-1] DEBUG o.s.web.servlet.DispatcherServlet - Completed 200 OK
2025-09-18 17:44:19 [http-nio-8081-exec-1] DEBUG o.s.w.f.CommonsRequestLoggingFilter - After request [POST /api/templates/validate-json, client=0:0:0:0:0:0:0:1, user=admin@mail.com, payload={
  "subject":"Job {{ job_name }} failed",
  "body":"Details: {{ details }}"
}]
2025-09-18 17:44:23 [http-nio-8081-exec-4] INFO  c.m.b.k.service.DynamicRouteService - Fetching active routes with pagination
2025-09-18 17:44:23 [http-nio-8081-exec-4] DEBUG o.s.w.f.CommonsRequestLoggingFilter - Before request [POST /api/templates/validate-json, client=0:0:0:0:0:0:0:1, user=admin@mail.com]
2025-09-18 17:44:23 [http-nio-8081-exec-4] DEBUG o.s.web.servlet.DispatcherServlet - POST "/api/templates/validate-json", parameters={}
2025-09-18 17:44:23 [http-nio-8081-exec-4] DEBUG o.s.w.s.m.m.a.RequestMappingHandlerMapping - Mapped to com.middleware.backend.notification.controller.TemplateController#validateJsonStructure(String)
2025-09-18 17:44:23 [http-nio-8081-exec-4] DEBUG o.s.w.s.m.m.a.RequestResponseBodyMethodProcessor - Read "application/json;charset=UTF-8" to ["{<EOL>  "subject":"Job {{ job_name }} failed",<EOL>  "body":"Details: {{ details }}<EOL>}"]
2025-09-18 17:44:23 [http-nio-8081-exec-4] DEBUG o.s.w.s.m.m.a.HttpEntityMethodProcessor - Using 'application/json', given [*/*] and supported [application/json, application/*+json, application/yaml]
2025-09-18 17:44:23 [http-nio-8081-exec-4] DEBUG o.s.w.s.m.m.a.HttpEntityMethodProcessor - Writing [{valid=false, errorType=JSON Parse Error, message=Invalid JSON syntax: Illegal unquoted character (( (truncated)...]
2025-09-18 17:44:23 [http-nio-8081-exec-4] DEBUG o.s.web.servlet.DispatcherServlet - Completed 200 OK
2025-09-18 17:44:23 [http-nio-8081-exec-4] DEBUG o.s.w.f.CommonsRequestLoggingFilter - After request [POST /api/templates/validate-json, client=0:0:0:0:0:0:0:1, user=admin@mail.com, payload={
  "subject":"Job {{ job_name }} failed",
  "body":"Details: {{ details }}
}]
2025-09-18 17:44:27 [http-nio-8081-exec-3] INFO  c.m.b.k.service.DynamicRouteService - Fetching active routes with pagination
2025-09-18 17:44:27 [http-nio-8081-exec-3] DEBUG o.s.w.f.CommonsRequestLoggingFilter - Before request [POST /api/templates/validate-json, client=0:0:0:0:0:0:0:1, user=admin@mail.com]
2025-09-18 17:44:27 [http-nio-8081-exec-3] DEBUG o.s.web.servlet.DispatcherServlet - POST "/api/templates/validate-json", parameters={}
2025-09-18 17:44:27 [http-nio-8081-exec-3] DEBUG o.s.w.s.m.m.a.RequestMappingHandlerMapping - Mapped to com.middleware.backend.notification.controller.TemplateController#validateJsonStructure(String)
2025-09-18 17:44:27 [http-nio-8081-exec-3] DEBUG o.s.w.s.m.m.a.RequestResponseBodyMethodProcessor - Read "application/json;charset=UTF-8" to ["{<EOL>  "subject":"Job {{ job_name }} failed",<EOL>  "body":"Details: {{ details }}"<EOL>}"]
2025-09-18 17:44:27 [http-nio-8081-exec-3] DEBUG o.s.w.s.m.m.a.HttpEntityMethodProcessor - Using 'application/json', given [*/*] and supported [application/json, application/*+json, application/yaml]
2025-09-18 17:44:27 [http-nio-8081-exec-3] DEBUG o.s.w.s.m.m.a.HttpEntityMethodProcessor - Writing [{valid=true, subject=Job {{ job_name }} failed, message=JSON is valid and contains required fields,  (truncated)...]
2025-09-18 17:44:27 [http-nio-8081-exec-3] DEBUG o.s.web.servlet.DispatcherServlet - Completed 200 OK
2025-09-18 17:44:27 [http-nio-8081-exec-3] DEBUG o.s.w.f.CommonsRequestLoggingFilter - After request [POST /api/templates/validate-json, client=0:0:0:0:0:0:0:1, user=admin@mail.com, payload={
  "subject":"Job {{ job_name }} failed",
  "body":"Details: {{ details }}"
}]
2025-09-18 17:44:30 [http-nio-8081-exec-2] INFO  c.m.b.k.service.DynamicRouteService - Fetching active routes with pagination
2025-09-18 17:44:30 [http-nio-8081-exec-2] DEBUG o.s.w.f.CommonsRequestLoggingFilter - Before request [GET /api/templates?page=0&size=10&sortedBy=updatedAt&sortDirection=desc, client=0:0:0:0:0:0:0:1, user=admin@mail.com]
2025-09-18 17:44:30 [http-nio-8081-exec-2] DEBUG o.s.web.servlet.DispatcherServlet - GET "/api/templates?page=0&size=10&sortedBy=updatedAt&sortDirection=desc", parameters={masked}
2025-09-18 17:44:30 [http-nio-8081-exec-2] DEBUG o.s.w.s.m.m.a.RequestMappingHandlerMapping - Mapped to com.middleware.backend.notification.controller.TemplateController#getAll(int, int, String, String)
2025-09-18 17:44:30 [http-nio-8081-exec-2] DEBUG o.s.w.s.m.m.a.HttpEntityMethodProcessor - Using 'application/json', given [*/*] and supported [application/json, application/*+json, application/yaml]
2025-09-18 17:44:30 [http-nio-8081-exec-2] DEBUG o.s.w.s.m.m.a.HttpEntityMethodProcessor - Writing [Page 1 of 1 containing com.middleware.backend.notification.dto.NotificationTemplateDto instances]
2025-09-18 17:44:30 [http-nio-8081-exec-2] DEBUG o.s.web.servlet.DispatcherServlet - Completed 200 OK
2025-09-18 17:44:30 [http-nio-8081-exec-2] DEBUG o.s.w.f.CommonsRequestLoggingFilter - After request [GET /api/templates?page=0&size=10&sortedBy=updatedAt&sortDirection=desc, client=0:0:0:0:0:0:0:1, user=admin@mail.com]
2025-09-18 17:44:48 [scheduling-1] INFO  c.m.b.k.service.DynamicRouteService - Starting route status sync with Camel context
2025-09-18 17:44:48 [scheduling-1] INFO  c.m.b.k.service.DynamicRouteService - Completed route status sync
2025-09-18 17:45:18 [scheduling-1] INFO  c.m.b.k.service.DynamicRouteService - Starting route status sync with Camel context
2025-09-18 17:45:18 [scheduling-1] INFO  c.m.b.k.service.DynamicRouteService - Completed route status sync
2025-09-18 17:45:48 [scheduling-1] INFO  c.m.b.k.service.DynamicRouteService - Starting route status sync with Camel context
2025-09-18 17:45:48 [scheduling-1] INFO  c.m.b.k.service.DynamicRouteService - Completed route status sync
2025-09-18 17:46:18 [scheduling-1] INFO  c.m.b.k.service.DynamicRouteService - Starting route status sync with Camel context
2025-09-18 17:46:18 [scheduling-1] INFO  c.m.b.k.service.DynamicRouteService - Completed route status sync
2025-09-18 17:46:27 [http-nio-8081-exec-7] INFO  c.m.b.k.service.DynamicRouteService - Fetching active routes with pagination
2025-09-18 17:46:27 [http-nio-8081-exec-7] DEBUG o.s.w.f.CommonsRequestLoggingFilter - Before request [POST /api/templates/validate-json, client=0:0:0:0:0:0:0:1, user=admin@mail.com]
2025-09-18 17:46:27 [http-nio-8081-exec-7] DEBUG o.s.web.servlet.DispatcherServlet - POST "/api/templates/validate-json", parameters={}
2025-09-18 17:46:27 [http-nio-8081-exec-7] DEBUG o.s.w.s.m.m.a.RequestMappingHandlerMapping - Mapped to com.middleware.backend.notification.controller.TemplateController#validateJsonStructure(String)
2025-09-18 17:46:27 [http-nio-8081-exec-7] DEBUG o.s.w.s.m.m.a.RequestResponseBodyMethodProcessor - Read "application/json;charset=UTF-8" to ["{<EOL>  "subject":"Job {{ job_name }} failed",<EOL>  "body":"Details: {{ details }}"<EOL>}"]
2025-09-18 17:46:27 [http-nio-8081-exec-7] DEBUG o.s.w.s.m.m.a.HttpEntityMethodProcessor - Using 'application/json', given [*/*] and supported [application/json, application/*+json, application/yaml]
2025-09-18 17:46:27 [http-nio-8081-exec-7] DEBUG o.s.w.s.m.m.a.HttpEntityMethodProcessor - Writing [{valid=true, subject=Job {{ job_name }} failed, message=JSON is valid and contains required fields,  (truncated)...]
2025-09-18 17:46:27 [http-nio-8081-exec-7] DEBUG o.s.web.servlet.DispatcherServlet - Completed 200 OK
2025-09-18 17:46:27 [http-nio-8081-exec-7] DEBUG o.s.w.f.CommonsRequestLoggingFilter - After request [POST /api/templates/validate-json, client=0:0:0:0:0:0:0:1, user=admin@mail.com, payload={
  "subject":"Job {{ job_name }} failed",
  "body":"Details: {{ details }}"
}]
2025-09-18 17:46:35 [http-nio-8081-exec-8] INFO  c.m.b.k.service.DynamicRouteService - Fetching active routes with pagination
2025-09-18 17:46:35 [http-nio-8081-exec-8] DEBUG o.s.w.f.CommonsRequestLoggingFilter - Before request [POST /api/templates, client=0:0:0:0:0:0:0:1, user=admin@mail.com]
2025-09-18 17:46:35 [http-nio-8081-exec-8] DEBUG o.s.web.servlet.DispatcherServlet - POST "/api/templates", parameters={}
2025-09-18 17:46:35 [http-nio-8081-exec-8] DEBUG o.s.w.s.m.m.a.RequestMappingHandlerMapping - Mapped to com.middleware.backend.notification.controller.TemplateController#create(NotificationTemplateDto)
2025-09-18 17:46:35 [http-nio-8081-exec-8] DEBUG o.s.w.s.m.m.a.RequestResponseBodyMethodProcessor - Read "application/json;charset=UTF-8" to [NotificationTemplateDto(id=null, name=س, type=EMAIL, subject=Job {{ job_name }} failed, body=Details (truncated)...]
2025-09-18 17:46:35 [http-nio-8081-exec-8] DEBUG o.s.w.s.m.m.a.ExceptionHandlerExceptionResolver - Using @ExceptionHandler com.middleware.backend.exception.GlobalExceptionHandler#handleRuntimeException(RuntimeException)
2025-09-18 17:46:35 [http-nio-8081-exec-8] DEBUG o.s.w.s.m.m.a.HttpEntityMethodProcessor - Using 'application/json', given [*/*] and supported [application/json, application/*+json, application/yaml]
2025-09-18 17:46:35 [http-nio-8081-exec-8] DEBUG o.s.w.s.m.m.a.HttpEntityMethodProcessor - Writing [{message=Template already exists, timestamp=2025-09-18T17:46:35.852639100}]
2025-09-18 17:46:35 [http-nio-8081-exec-8] DEBUG o.s.w.s.m.m.a.ExceptionHandlerExceptionResolver - Resolved [java.lang.RuntimeException: Template already exists]
2025-09-18 17:46:35 [http-nio-8081-exec-8] DEBUG o.s.web.servlet.DispatcherServlet - Completed 400 BAD_REQUEST
2025-09-18 17:46:35 [http-nio-8081-exec-8] DEBUG o.s.w.f.CommonsRequestLoggingFilter - After request [POST /api/templates, client=0:0:0:0:0:0:0:1, user=admin@mail.com, payload={"name":"س","type":"EMAIL","subject":"Job {{ job_name }} failed","body":"Details: {{ details }}"}]
2025-09-18 17:46:48 [scheduling-1] INFO  c.m.b.k.service.DynamicRouteService - Starting route status sync with Camel context
2025-09-18 17:46:48 [scheduling-1] INFO  c.m.b.k.service.DynamicRouteService - Completed route status sync
2025-09-18 17:47:18 [scheduling-1] INFO  c.m.b.k.service.DynamicRouteService - Starting route status sync with Camel context
2025-09-18 17:47:18 [scheduling-1] INFO  c.m.b.k.service.DynamicRouteService - Completed route status sync
2025-09-18 17:47:37 [http-nio-8081-exec-5] INFO  c.m.b.k.service.DynamicRouteService - Fetching active routes with pagination
2025-09-18 17:47:37 [http-nio-8081-exec-5] DEBUG o.s.w.f.CommonsRequestLoggingFilter - Before request [POST /api/templates, client=0:0:0:0:0:0:0:1, user=admin@mail.com]
2025-09-18 17:47:37 [http-nio-8081-exec-5] DEBUG o.s.web.servlet.DispatcherServlet - POST "/api/templates", parameters={}
2025-09-18 17:47:37 [http-nio-8081-exec-5] DEBUG o.s.w.s.m.m.a.RequestMappingHandlerMapping - Mapped to com.middleware.backend.notification.controller.TemplateController#create(NotificationTemplateDto)
2025-09-18 17:47:37 [http-nio-8081-exec-5] DEBUG o.s.w.s.m.m.a.RequestResponseBodyMethodProcessor - Read "application/json;charset=UTF-8" to [NotificationTemplateDto(id=null, name=sdfsdfsdfsdfsdfsd, type=EMAIL, subject=Job {{ job_name }} fail (truncated)...]
2025-09-18 17:47:38 [http-nio-8081-exec-5] DEBUG o.s.w.s.m.m.a.HttpEntityMethodProcessor - Using 'application/json', given [*/*] and supported [application/json, application/*+json, application/yaml]
2025-09-18 17:47:38 [http-nio-8081-exec-5] DEBUG o.s.w.s.m.m.a.HttpEntityMethodProcessor - Writing [NotificationTemplateDto(id=4, name=sdfsdfsdfsdfsdfsd, type=EMAIL, subject=Job {{ job_name }} failed, (truncated)...]
2025-09-18 17:47:38 [http-nio-8081-exec-5] DEBUG o.s.web.servlet.DispatcherServlet - Completed 200 OK
2025-09-18 17:47:38 [http-nio-8081-exec-5] DEBUG o.s.w.f.CommonsRequestLoggingFilter - After request [POST /api/templates, client=0:0:0:0:0:0:0:1, user=admin@mail.com, payload={"name":"sdfsdfsdfsdfsdfsd","type":"EMAIL","subject":"Job {{ job_name }} failed","body":"Details: {{ details }}"}]
2025-09-18 17:47:38 [http-nio-8081-exec-6] INFO  c.m.b.k.service.DynamicRouteService - Fetching active routes with pagination
2025-09-18 17:47:38 [http-nio-8081-exec-6] DEBUG o.s.w.f.CommonsRequestLoggingFilter - Before request [GET /api/templates?page=0&size=10&sortedBy=updatedAt&sortDirection=desc, client=0:0:0:0:0:0:0:1, user=admin@mail.com]
2025-09-18 17:47:38 [http-nio-8081-exec-6] DEBUG o.s.web.servlet.DispatcherServlet - GET "/api/templates?page=0&size=10&sortedBy=updatedAt&sortDirection=desc", parameters={masked}
2025-09-18 17:47:38 [http-nio-8081-exec-6] DEBUG o.s.w.s.m.m.a.RequestMappingHandlerMapping - Mapped to com.middleware.backend.notification.controller.TemplateController#getAll(int, int, String, String)
2025-09-18 17:47:38 [http-nio-8081-exec-6] DEBUG o.s.w.s.m.m.a.HttpEntityMethodProcessor - Using 'application/json', given [*/*] and supported [application/json, application/*+json, application/yaml]
2025-09-18 17:47:38 [http-nio-8081-exec-6] DEBUG o.s.w.s.m.m.a.HttpEntityMethodProcessor - Writing [Page 1 of 1 containing com.middleware.backend.notification.dto.NotificationTemplateDto instances]
2025-09-18 17:47:38 [http-nio-8081-exec-6] DEBUG o.s.web.servlet.DispatcherServlet - Completed 200 OK
2025-09-18 17:47:38 [http-nio-8081-exec-6] DEBUG o.s.w.f.CommonsRequestLoggingFilter - After request [GET /api/templates?page=0&size=10&sortedBy=updatedAt&sortDirection=desc, client=0:0:0:0:0:0:0:1, user=admin@mail.com]
2025-09-18 17:47:48 [scheduling-1] INFO  c.m.b.k.service.DynamicRouteService - Starting route status sync with Camel context
2025-09-18 17:47:48 [scheduling-1] INFO  c.m.b.k.service.DynamicRouteService - Completed route status sync
2025-09-18 17:48:11 [http-nio-8081-exec-10] INFO  c.m.b.k.service.DynamicRouteService - Fetching active routes with pagination
2025-09-18 17:48:12 [http-nio-8081-exec-10] DEBUG o.s.w.f.CommonsRequestLoggingFilter - Before request [GET /api/templates?page=0&size=10&sortedBy=updatedAt&sortDirection=desc, client=0:0:0:0:0:0:0:1, user=admin@mail.com]
2025-09-18 17:48:12 [http-nio-8081-exec-10] DEBUG o.s.web.servlet.DispatcherServlet - GET "/api/templates?page=0&size=10&sortedBy=updatedAt&sortDirection=desc", parameters={masked}
2025-09-18 17:48:12 [http-nio-8081-exec-10] DEBUG o.s.w.s.m.m.a.RequestMappingHandlerMapping - Mapped to com.middleware.backend.notification.controller.TemplateController#getAll(int, int, String, String)
2025-09-18 17:48:12 [http-nio-8081-exec-10] DEBUG o.s.w.s.m.m.a.HttpEntityMethodProcessor - Using 'application/json', given [*/*] and supported [application/json, application/*+json, application/yaml]
2025-09-18 17:48:12 [http-nio-8081-exec-10] DEBUG o.s.w.s.m.m.a.HttpEntityMethodProcessor - Writing [Page 1 of 1 containing com.middleware.backend.notification.dto.NotificationTemplateDto instances]
2025-09-18 17:48:12 [http-nio-8081-exec-10] DEBUG o.s.web.servlet.DispatcherServlet - Completed 200 OK
2025-09-18 17:48:12 [http-nio-8081-exec-10] DEBUG o.s.w.f.CommonsRequestLoggingFilter - After request [GET /api/templates?page=0&size=10&sortedBy=updatedAt&sortDirection=desc, client=0:0:0:0:0:0:0:1, user=admin@mail.com]
2025-09-18 17:48:18 [scheduling-1] INFO  c.m.b.k.service.DynamicRouteService - Starting route status sync with Camel context
2025-09-18 17:48:18 [scheduling-1] INFO  c.m.b.k.service.DynamicRouteService - Completed route status sync
2025-09-18 17:48:20 [http-nio-8081-exec-1] INFO  c.m.b.k.service.DynamicRouteService - Fetching active routes with pagination
2025-09-18 17:48:20 [http-nio-8081-exec-1] DEBUG o.s.w.f.CommonsRequestLoggingFilter - Before request [POST /api/templates/validate-json, client=0:0:0:0:0:0:0:1, user=admin@mail.com]
2025-09-18 17:48:20 [http-nio-8081-exec-1] DEBUG o.s.web.servlet.DispatcherServlet - POST "/api/templates/validate-json", parameters={}
2025-09-18 17:48:20 [http-nio-8081-exec-1] DEBUG o.s.w.s.m.m.a.RequestMappingHandlerMapping - Mapped to com.middleware.backend.notification.controller.TemplateController#validateJsonStructure(String)
2025-09-18 17:48:20 [http-nio-8081-exec-1] DEBUG o.s.w.s.m.m.a.RequestResponseBodyMethodProcessor - Read "application/json;charset=UTF-8" to ["{<EOL>  "subject":"Job {{ job_name }} failed",<EOL>  "body":"Details: {{ details }}"<EOL>}"]
2025-09-18 17:48:20 [http-nio-8081-exec-1] DEBUG o.s.w.s.m.m.a.HttpEntityMethodProcessor - Using 'application/json', given [*/*] and supported [application/json, application/*+json, application/yaml]
2025-09-18 17:48:20 [http-nio-8081-exec-1] DEBUG o.s.w.s.m.m.a.HttpEntityMethodProcessor - Writing [{valid=true, subject=Job {{ job_name }} failed, message=JSON is valid and contains required fields,  (truncated)...]
2025-09-18 17:48:20 [http-nio-8081-exec-1] DEBUG o.s.web.servlet.DispatcherServlet - Completed 200 OK
2025-09-18 17:48:20 [http-nio-8081-exec-1] DEBUG o.s.w.f.CommonsRequestLoggingFilter - After request [POST /api/templates/validate-json, client=0:0:0:0:0:0:0:1, user=admin@mail.com, payload={
  "subject":"Job {{ job_name }} failed",
  "body":"Details: {{ details }}"
}]
2025-09-18 17:48:25 [http-nio-8081-exec-4] INFO  c.m.b.k.service.DynamicRouteService - Fetching active routes with pagination
2025-09-18 17:48:25 [http-nio-8081-exec-4] DEBUG o.s.w.f.CommonsRequestLoggingFilter - Before request [POST /api/templates, client=0:0:0:0:0:0:0:1, user=admin@mail.com]
2025-09-18 17:48:25 [http-nio-8081-exec-4] DEBUG o.s.web.servlet.DispatcherServlet - POST "/api/templates", parameters={}
2025-09-18 17:48:25 [http-nio-8081-exec-4] DEBUG o.s.w.s.m.m.a.RequestMappingHandlerMapping - Mapped to com.middleware.backend.notification.controller.TemplateController#create(NotificationTemplateDto)
2025-09-18 17:48:25 [http-nio-8081-exec-4] DEBUG o.s.w.s.m.m.a.RequestResponseBodyMethodProcessor - Read "application/json;charset=UTF-8" to [NotificationTemplateDto(id=null, name=س, type=EMAIL, subject=Job {{ job_name }} failed, body=Details (truncated)...]
2025-09-18 17:48:25 [http-nio-8081-exec-4] DEBUG o.s.w.s.m.m.a.ExceptionHandlerExceptionResolver - Using @ExceptionHandler com.middleware.backend.exception.GlobalExceptionHandler#handleRuntimeException(RuntimeException)
2025-09-18 17:48:25 [http-nio-8081-exec-4] DEBUG o.s.w.s.m.m.a.HttpEntityMethodProcessor - Using 'application/json', given [*/*] and supported [application/json, application/*+json, application/yaml]
2025-09-18 17:48:25 [http-nio-8081-exec-4] DEBUG o.s.w.s.m.m.a.HttpEntityMethodProcessor - Writing [{message=Template already exists, timestamp=2025-09-18T17:48:25.834086600}]
2025-09-18 17:48:25 [http-nio-8081-exec-4] DEBUG o.s.w.s.m.m.a.ExceptionHandlerExceptionResolver - Resolved [java.lang.RuntimeException: Template already exists]
2025-09-18 17:48:25 [http-nio-8081-exec-4] DEBUG o.s.web.servlet.DispatcherServlet - Completed 400 BAD_REQUEST
2025-09-18 17:48:25 [http-nio-8081-exec-4] DEBUG o.s.w.f.CommonsRequestLoggingFilter - After request [POST /api/templates, client=0:0:0:0:0:0:0:1, user=admin@mail.com, payload={"name":"س","type":"EMAIL","subject":"Job {{ job_name }} failed","body":"Details: {{ details }}"}]
2025-09-18 17:48:36 [http-nio-8081-exec-3] INFO  c.m.b.k.service.DynamicRouteService - Fetching active routes with pagination
2025-09-18 17:48:36 [http-nio-8081-exec-3] DEBUG o.s.w.f.CommonsRequestLoggingFilter - Before request [POST /api/templates/validate-json, client=0:0:0:0:0:0:0:1, user=admin@mail.com]
2025-09-18 17:48:36 [http-nio-8081-exec-3] DEBUG o.s.web.servlet.DispatcherServlet - POST "/api/templates/validate-json", parameters={}
2025-09-18 17:48:36 [http-nio-8081-exec-3] DEBUG o.s.w.s.m.m.a.RequestMappingHandlerMapping - Mapped to com.middleware.backend.notification.controller.TemplateController#validateJsonStructure(String)
2025-09-18 17:48:36 [http-nio-8081-exec-3] DEBUG o.s.w.s.m.m.a.RequestResponseBodyMethodProcessor - Read "application/json;charset=UTF-8" to ["{<EOL>  "subject":"Job {{ job_name }} failed",<EOL>  "body":"Details: {{ details }}"<EOL>}"]
2025-09-18 17:48:36 [http-nio-8081-exec-3] DEBUG o.s.w.s.m.m.a.HttpEntityMethodProcessor - Using 'application/json', given [*/*] and supported [application/json, application/*+json, application/yaml]
2025-09-18 17:48:36 [http-nio-8081-exec-3] DEBUG o.s.w.s.m.m.a.HttpEntityMethodProcessor - Writing [{valid=true, subject=Job {{ job_name }} failed, message=JSON is valid and contains required fields,  (truncated)...]
2025-09-18 17:48:36 [http-nio-8081-exec-3] DEBUG o.s.web.servlet.DispatcherServlet - Completed 200 OK
2025-09-18 17:48:36 [http-nio-8081-exec-3] DEBUG o.s.w.f.CommonsRequestLoggingFilter - After request [POST /api/templates/validate-json, client=0:0:0:0:0:0:0:1, user=admin@mail.com, payload={
  "subject":"Job {{ job_name }} failed",
  "body":"Details: {{ details }}"
}]
2025-09-18 17:48:46 [http-nio-8081-exec-2] INFO  c.m.b.k.service.DynamicRouteService - Fetching active routes with pagination
2025-09-18 17:48:46 [http-nio-8081-exec-2] DEBUG o.s.w.f.CommonsRequestLoggingFilter - Before request [POST /api/templates/validate-json, client=0:0:0:0:0:0:0:1, user=admin@mail.com]
2025-09-18 17:48:46 [http-nio-8081-exec-2] DEBUG o.s.web.servlet.DispatcherServlet - POST "/api/templates/validate-json", parameters={}
2025-09-18 17:48:46 [http-nio-8081-exec-2] DEBUG o.s.w.s.m.m.a.RequestMappingHandlerMapping - Mapped to com.middleware.backend.notification.controller.TemplateController#validateJsonStructure(String)
2025-09-18 17:48:46 [http-nio-8081-exec-2] DEBUG o.s.w.s.m.m.a.RequestResponseBodyMethodProcessor - Read "application/json;charset=UTF-8" to ["{<EOL>  "subject":"Job {{ job_name }} failed",<EOL>  "body":"Details: {{ details }}"<EOL>}"]
2025-09-18 17:48:46 [http-nio-8081-exec-2] DEBUG o.s.w.s.m.m.a.HttpEntityMethodProcessor - Using 'application/json', given [*/*] and supported [application/json, application/*+json, application/yaml]
2025-09-18 17:48:46 [http-nio-8081-exec-2] DEBUG o.s.w.s.m.m.a.HttpEntityMethodProcessor - Writing [{valid=true, subject=Job {{ job_name }} failed, message=JSON is valid and contains required fields,  (truncated)...]
2025-09-18 17:48:46 [http-nio-8081-exec-2] DEBUG o.s.web.servlet.DispatcherServlet - Completed 200 OK
2025-09-18 17:48:46 [http-nio-8081-exec-2] DEBUG o.s.w.f.CommonsRequestLoggingFilter - After request [POST /api/templates/validate-json, client=0:0:0:0:0:0:0:1, user=admin@mail.com, payload={
  "subject":"Job {{ job_name }} failed",
  "body":"Details: {{ details }}"
}]
2025-09-18 17:48:48 [scheduling-1] INFO  c.m.b.k.service.DynamicRouteService - Starting route status sync with Camel context
2025-09-18 17:48:48 [scheduling-1] INFO  c.m.b.k.service.DynamicRouteService - Completed route status sync
2025-09-18 17:49:01 [http-nio-8081-exec-9] INFO  c.m.b.k.service.DynamicRouteService - Fetching active routes with pagination
2025-09-18 17:49:02 [http-nio-8081-exec-9] DEBUG o.s.w.f.CommonsRequestLoggingFilter - Before request [POST /api/templates/validate-json, client=0:0:0:0:0:0:0:1, user=admin@mail.com]
2025-09-18 17:49:02 [http-nio-8081-exec-9] DEBUG o.s.web.servlet.DispatcherServlet - POST "/api/templates/validate-json", parameters={}
2025-09-18 17:49:02 [http-nio-8081-exec-9] DEBUG o.s.w.s.m.m.a.RequestMappingHandlerMapping - Mapped to com.middleware.backend.notification.controller.TemplateController#validateJsonStructure(String)
2025-09-18 17:49:02 [http-nio-8081-exec-9] DEBUG o.s.w.s.m.m.a.RequestResponseBodyMethodProcessor - Read "application/json;charset=UTF-8" to ["{<EOL>  "subject":"Job {{ job_name }} failed",<EOL>  "body":"Details: {{ details }}"<EOL>}"]
2025-09-18 17:49:02 [http-nio-8081-exec-9] DEBUG o.s.w.s.m.m.a.HttpEntityMethodProcessor - Using 'application/json', given [*/*] and supported [application/json, application/*+json, application/yaml]
2025-09-18 17:49:02 [http-nio-8081-exec-9] DEBUG o.s.w.s.m.m.a.HttpEntityMethodProcessor - Writing [{valid=true, subject=Job {{ job_name }} failed, message=JSON is valid and contains required fields,  (truncated)...]
2025-09-18 17:49:02 [http-nio-8081-exec-9] DEBUG o.s.web.servlet.DispatcherServlet - Completed 200 OK
2025-09-18 17:49:02 [http-nio-8081-exec-9] DEBUG o.s.w.f.CommonsRequestLoggingFilter - After request [POST /api/templates/validate-json, client=0:0:0:0:0:0:0:1, user=admin@mail.com, payload={
  "subject":"Job {{ job_name }} failed",
  "body":"Details: {{ details }}"
}]
2025-09-18 17:49:11 [http-nio-8081-exec-7] INFO  c.m.b.k.service.DynamicRouteService - Fetching active routes with pagination
2025-09-18 17:49:11 [http-nio-8081-exec-7] DEBUG o.s.w.f.CommonsRequestLoggingFilter - Before request [POST /api/templates/validate-json, client=0:0:0:0:0:0:0:1, user=admin@mail.com]
2025-09-18 17:49:11 [http-nio-8081-exec-7] DEBUG o.s.web.servlet.DispatcherServlet - POST "/api/templates/validate-json", parameters={}
2025-09-18 17:49:11 [http-nio-8081-exec-7] DEBUG o.s.w.s.m.m.a.RequestMappingHandlerMapping - Mapped to com.middleware.backend.notification.controller.TemplateController#validateJsonStructure(String)
2025-09-18 17:49:11 [http-nio-8081-exec-7] DEBUG o.s.w.s.m.m.a.RequestResponseBodyMethodProcessor - Read "application/json;charset=UTF-8" to ["{<EOL>  "subject":"Job {{ job_name }} failed",<EOL>  "body":"Details: {{ details }}"<EOL>}"]
2025-09-18 17:49:11 [http-nio-8081-exec-7] DEBUG o.s.w.s.m.m.a.HttpEntityMethodProcessor - Using 'application/json', given [*/*] and supported [application/json, application/*+json, application/yaml]
2025-09-18 17:49:11 [http-nio-8081-exec-7] DEBUG o.s.w.s.m.m.a.HttpEntityMethodProcessor - Writing [{valid=true, subject=Job {{ job_name }} failed, message=JSON is valid and contains required fields,  (truncated)...]
2025-09-18 17:49:11 [http-nio-8081-exec-7] DEBUG o.s.web.servlet.DispatcherServlet - Completed 200 OK
2025-09-18 17:49:11 [http-nio-8081-exec-7] DEBUG o.s.w.f.CommonsRequestLoggingFilter - After request [POST /api/templates/validate-json, client=0:0:0:0:0:0:0:1, user=admin@mail.com, payload={
  "subject":"Job {{ job_name }} failed",
  "body":"Details: {{ details }}"
}]
2025-09-18 17:49:18 [scheduling-1] INFO  c.m.b.k.service.DynamicRouteService - Starting route status sync with Camel context
2025-09-18 17:49:18 [scheduling-1] INFO  c.m.b.k.service.DynamicRouteService - Completed route status sync
2025-09-18 17:49:35 [http-nio-8081-exec-8] INFO  c.m.b.k.service.DynamicRouteService - Fetching active routes with pagination
2025-09-18 17:49:35 [http-nio-8081-exec-8] DEBUG o.s.w.f.CommonsRequestLoggingFilter - Before request [POST /api/templates/validate-json, client=0:0:0:0:0:0:0:1, user=admin@mail.com]
2025-09-18 17:49:35 [http-nio-8081-exec-8] DEBUG o.s.web.servlet.DispatcherServlet - POST "/api/templates/validate-json", parameters={}
2025-09-18 17:49:35 [http-nio-8081-exec-8] DEBUG o.s.w.s.m.m.a.RequestMappingHandlerMapping - Mapped to com.middleware.backend.notification.controller.TemplateController#validateJsonStructure(String)
2025-09-18 17:49:35 [http-nio-8081-exec-8] DEBUG o.s.w.s.m.m.a.RequestResponseBodyMethodProcessor - Read "application/json;charset=UTF-8" to ["{<EOL>  "subject":"Job {{ job_name }} failed",<EOL>  "body":"Details: {{ details }}"<EOL>}"]
2025-09-18 17:49:35 [http-nio-8081-exec-8] DEBUG o.s.w.s.m.m.a.HttpEntityMethodProcessor - Using 'application/json', given [*/*] and supported [application/json, application/*+json, application/yaml]
2025-09-18 17:49:35 [http-nio-8081-exec-8] DEBUG o.s.w.s.m.m.a.HttpEntityMethodProcessor - Writing [{valid=true, subject=Job {{ job_name }} failed, message=JSON is valid and contains required fields,  (truncated)...]
2025-09-18 17:49:35 [http-nio-8081-exec-8] DEBUG o.s.web.servlet.DispatcherServlet - Completed 200 OK
2025-09-18 17:49:35 [http-nio-8081-exec-8] DEBUG o.s.w.f.CommonsRequestLoggingFilter - After request [POST /api/templates/validate-json, client=0:0:0:0:0:0:0:1, user=admin@mail.com, payload={
  "subject":"Job {{ job_name }} failed",
  "body":"Details: {{ details }}"
}]
2025-09-18 17:49:48 [http-nio-8081-exec-5] INFO  c.m.b.k.service.DynamicRouteService - Fetching active routes with pagination
2025-09-18 17:49:48 [http-nio-8081-exec-5] DEBUG o.s.w.f.CommonsRequestLoggingFilter - Before request [POST /api/templates/validate-json, client=0:0:0:0:0:0:0:1, user=admin@mail.com]
2025-09-18 17:49:48 [http-nio-8081-exec-5] DEBUG o.s.web.servlet.DispatcherServlet - POST "/api/templates/validate-json", parameters={}
2025-09-18 17:49:48 [http-nio-8081-exec-5] DEBUG o.s.w.s.m.m.a.RequestMappingHandlerMapping - Mapped to com.middleware.backend.notification.controller.TemplateController#validateJsonStructure(String)
2025-09-18 17:49:48 [http-nio-8081-exec-5] DEBUG o.s.w.s.m.m.a.RequestResponseBodyMethodProcessor - Read "application/json;charset=UTF-8" to ["{<EOL>  "subject":"Job {{ job_name }} failed",<EOL>  "body":"Details: {{ details }}"<EOL>}"]
2025-09-18 17:49:48 [http-nio-8081-exec-5] DEBUG o.s.w.s.m.m.a.HttpEntityMethodProcessor - Using 'application/json', given [*/*] and supported [application/json, application/*+json, application/yaml]
2025-09-18 17:49:48 [http-nio-8081-exec-5] DEBUG o.s.w.s.m.m.a.HttpEntityMethodProcessor - Writing [{valid=true, subject=Job {{ job_name }} failed, message=JSON is valid and contains required fields,  (truncated)...]
2025-09-18 17:49:48 [http-nio-8081-exec-5] DEBUG o.s.web.servlet.DispatcherServlet - Completed 200 OK
2025-09-18 17:49:48 [http-nio-8081-exec-5] DEBUG o.s.w.f.CommonsRequestLoggingFilter - After request [POST /api/templates/validate-json, client=0:0:0:0:0:0:0:1, user=admin@mail.com, payload={
  "subject":"Job {{ job_name }} failed",
  "body":"Details: {{ details }}"
}]
2025-09-18 17:49:48 [scheduling-1] INFO  c.m.b.k.service.DynamicRouteService - Starting route status sync with Camel context
2025-09-18 17:49:48 [scheduling-1] INFO  c.m.b.k.service.DynamicRouteService - Completed route status sync
2025-09-18 17:49:54 [http-nio-8081-exec-6] INFO  c.m.b.k.service.DynamicRouteService - Fetching active routes with pagination
2025-09-18 17:49:54 [http-nio-8081-exec-6] DEBUG o.s.w.f.CommonsRequestLoggingFilter - Before request [POST /api/templates, client=0:0:0:0:0:0:0:1, user=admin@mail.com]
2025-09-18 17:49:54 [http-nio-8081-exec-6] DEBUG o.s.web.servlet.DispatcherServlet - POST "/api/templates", parameters={}
2025-09-18 17:49:54 [http-nio-8081-exec-6] DEBUG o.s.w.s.m.m.a.RequestMappingHandlerMapping - Mapped to com.middleware.backend.notification.controller.TemplateController#create(NotificationTemplateDto)
2025-09-18 17:49:54 [http-nio-8081-exec-6] DEBUG o.s.w.s.m.m.a.RequestResponseBodyMethodProcessor - Read "application/json;charset=UTF-8" to [NotificationTemplateDto(id=null, name=تم, type=SMS, subject=Job {{ job_name }} failed, body=Details: (truncated)...]
2025-09-18 17:49:54 [http-nio-8081-exec-6] DEBUG o.s.w.s.m.m.a.HttpEntityMethodProcessor - Using 'application/json', given [*/*] and supported [application/json, application/*+json, application/yaml]
2025-09-18 17:49:54 [http-nio-8081-exec-6] DEBUG o.s.w.s.m.m.a.HttpEntityMethodProcessor - Writing [NotificationTemplateDto(id=5, name=تم, type=SMS, subject=Job {{ job_name }} failed, body=Details: {{ (truncated)...]
2025-09-18 17:49:54 [http-nio-8081-exec-6] DEBUG o.s.web.servlet.DispatcherServlet - Completed 200 OK
2025-09-18 17:49:54 [http-nio-8081-exec-6] DEBUG o.s.w.f.CommonsRequestLoggingFilter - After request [POST /api/templates, client=0:0:0:0:0:0:0:1, user=admin@mail.com, payload={"name":"تم","type":"SMS","subject":"Job {{ job_name }} failed","body":"Details: {{ details }}"}]
2025-09-18 17:49:55 [http-nio-8081-exec-10] INFO  c.m.b.k.service.DynamicRouteService - Fetching active routes with pagination
2025-09-18 17:49:55 [http-nio-8081-exec-10] DEBUG o.s.w.f.CommonsRequestLoggingFilter - Before request [GET /api/templates?page=0&size=10&sortedBy=updatedAt&sortDirection=desc, client=0:0:0:0:0:0:0:1, user=admin@mail.com]
2025-09-18 17:49:55 [http-nio-8081-exec-10] DEBUG o.s.web.servlet.DispatcherServlet - GET "/api/templates?page=0&size=10&sortedBy=updatedAt&sortDirection=desc", parameters={masked}
2025-09-18 17:49:55 [http-nio-8081-exec-10] DEBUG o.s.w.s.m.m.a.RequestMappingHandlerMapping - Mapped to com.middleware.backend.notification.controller.TemplateController#getAll(int, int, String, String)
2025-09-18 17:49:55 [http-nio-8081-exec-10] DEBUG o.s.w.s.m.m.a.HttpEntityMethodProcessor - Using 'application/json', given [*/*] and supported [application/json, application/*+json, application/yaml]
2025-09-18 17:49:55 [http-nio-8081-exec-10] DEBUG o.s.w.s.m.m.a.HttpEntityMethodProcessor - Writing [Page 1 of 1 containing com.middleware.backend.notification.dto.NotificationTemplateDto instances]
2025-09-18 17:49:55 [http-nio-8081-exec-10] DEBUG o.s.web.servlet.DispatcherServlet - Completed 200 OK
2025-09-18 17:49:55 [http-nio-8081-exec-10] DEBUG o.s.w.f.CommonsRequestLoggingFilter - After request [GET /api/templates?page=0&size=10&sortedBy=updatedAt&sortDirection=desc, client=0:0:0:0:0:0:0:1, user=admin@mail.com]
2025-09-18 17:50:18 [http-nio-8081-exec-1] INFO  c.m.b.k.service.DynamicRouteService - Fetching active routes with pagination
2025-09-18 17:50:18 [http-nio-8081-exec-1] DEBUG o.s.w.f.CommonsRequestLoggingFilter - Before request [POST /api/templates/validate-json, client=0:0:0:0:0:0:0:1, user=admin@mail.com]
2025-09-18 17:50:18 [http-nio-8081-exec-1] DEBUG o.s.web.servlet.DispatcherServlet - POST "/api/templates/validate-json", parameters={}
2025-09-18 17:50:18 [http-nio-8081-exec-1] DEBUG o.s.w.s.m.m.a.RequestMappingHandlerMapping - Mapped to com.middleware.backend.notification.controller.TemplateController#validateJsonStructure(String)
2025-09-18 17:50:18 [http-nio-8081-exec-1] DEBUG o.s.w.s.m.m.a.RequestResponseBodyMethodProcessor - Read "application/json;charset=UTF-8" to ["{<EOL>  "subject":"Job {{ job_name }} failed",<EOL>  "body":"Details: {{ details }}"<EOL>}"]
2025-09-18 17:50:18 [http-nio-8081-exec-1] DEBUG o.s.w.s.m.m.a.HttpEntityMethodProcessor - Using 'application/json', given [*/*] and supported [application/json, application/*+json, application/yaml]
2025-09-18 17:50:18 [http-nio-8081-exec-1] DEBUG o.s.w.s.m.m.a.HttpEntityMethodProcessor - Writing [{valid=true, subject=Job {{ job_name }} failed, message=JSON is valid and contains required fields,  (truncated)...]
2025-09-18 17:50:18 [http-nio-8081-exec-1] DEBUG o.s.web.servlet.DispatcherServlet - Completed 200 OK
2025-09-18 17:50:18 [http-nio-8081-exec-1] DEBUG o.s.w.f.CommonsRequestLoggingFilter - After request [POST /api/templates/validate-json, client=0:0:0:0:0:0:0:1, user=admin@mail.com, payload={
  "subject":"Job {{ job_name }} failed",
  "body":"Details: {{ details }}"
}]
2025-09-18 17:50:18 [scheduling-1] INFO  c.m.b.k.service.DynamicRouteService - Starting route status sync with Camel context
2025-09-18 17:50:18 [scheduling-1] INFO  c.m.b.k.service.DynamicRouteService - Completed route status sync
2025-09-18 17:50:38 [http-nio-8081-exec-4] INFO  c.m.b.k.service.DynamicRouteService - Fetching active routes with pagination
2025-09-18 17:50:38 [http-nio-8081-exec-4] DEBUG o.s.w.f.CommonsRequestLoggingFilter - Before request [GET /api/templates?page=0&size=10&sortedBy=updatedAt&sortDirection=desc, client=0:0:0:0:0:0:0:1, user=admin@mail.com]
2025-09-18 17:50:38 [http-nio-8081-exec-4] DEBUG o.s.web.servlet.DispatcherServlet - GET "/api/templates?page=0&size=10&sortedBy=updatedAt&sortDirection=desc", parameters={masked}
2025-09-18 17:50:38 [http-nio-8081-exec-4] DEBUG o.s.w.s.m.m.a.RequestMappingHandlerMapping - Mapped to com.middleware.backend.notification.controller.TemplateController#getAll(int, int, String, String)
2025-09-18 17:50:38 [http-nio-8081-exec-4] DEBUG o.s.w.s.m.m.a.HttpEntityMethodProcessor - Using 'application/json', given [*/*] and supported [application/json, application/*+json, application/yaml]
2025-09-18 17:50:38 [http-nio-8081-exec-4] DEBUG o.s.w.s.m.m.a.HttpEntityMethodProcessor - Writing [Page 1 of 1 containing com.middleware.backend.notification.dto.NotificationTemplateDto instances]
2025-09-18 17:50:38 [http-nio-8081-exec-4] DEBUG o.s.web.servlet.DispatcherServlet - Completed 200 OK
2025-09-18 17:50:38 [http-nio-8081-exec-4] DEBUG o.s.w.f.CommonsRequestLoggingFilter - After request [GET /api/templates?page=0&size=10&sortedBy=updatedAt&sortDirection=desc, client=0:0:0:0:0:0:0:1, user=admin@mail.com]
2025-09-18 17:50:45 [http-nio-8081-exec-3] INFO  c.m.b.k.service.DynamicRouteService - Fetching active routes with pagination
2025-09-18 17:50:45 [http-nio-8081-exec-3] DEBUG o.s.w.f.CommonsRequestLoggingFilter - Before request [POST /api/templates/validate-json, client=0:0:0:0:0:0:0:1, user=admin@mail.com]
2025-09-18 17:50:45 [http-nio-8081-exec-3] DEBUG o.s.web.servlet.DispatcherServlet - POST "/api/templates/validate-json", parameters={}
2025-09-18 17:50:45 [http-nio-8081-exec-3] DEBUG o.s.w.s.m.m.a.RequestMappingHandlerMapping - Mapped to com.middleware.backend.notification.controller.TemplateController#validateJsonStructure(String)
2025-09-18 17:50:45 [http-nio-8081-exec-3] DEBUG o.s.w.s.m.m.a.RequestResponseBodyMethodProcessor - Read "application/json;charset=UTF-8" to ["{<EOL>  "subject":"Job {{ job_name }} failed",<EOL>  "body":"Details: {{ details }}"<EOL>}"]
2025-09-18 17:50:45 [http-nio-8081-exec-3] DEBUG o.s.w.s.m.m.a.HttpEntityMethodProcessor - Using 'application/json', given [*/*] and supported [application/json, application/*+json, application/yaml]
2025-09-18 17:50:45 [http-nio-8081-exec-3] DEBUG o.s.w.s.m.m.a.HttpEntityMethodProcessor - Writing [{valid=true, subject=Job {{ job_name }} failed, message=JSON is valid and contains required fields,  (truncated)...]
2025-09-18 17:50:45 [http-nio-8081-exec-3] DEBUG o.s.web.servlet.DispatcherServlet - Completed 200 OK
2025-09-18 17:50:45 [http-nio-8081-exec-3] DEBUG o.s.w.f.CommonsRequestLoggingFilter - After request [POST /api/templates/validate-json, client=0:0:0:0:0:0:0:1, user=admin@mail.com, payload={
  "subject":"Job {{ job_name }} failed",
  "body":"Details: {{ details }}"
}]
2025-09-18 17:50:47 [http-nio-8081-exec-2] INFO  c.m.b.k.service.DynamicRouteService - Fetching active routes with pagination
2025-09-18 17:50:47 [http-nio-8081-exec-2] DEBUG o.s.w.f.CommonsRequestLoggingFilter - Before request [POST /api/templates, client=0:0:0:0:0:0:0:1, user=admin@mail.com]
2025-09-18 17:50:47 [http-nio-8081-exec-2] DEBUG o.s.web.servlet.DispatcherServlet - POST "/api/templates", parameters={}
2025-09-18 17:50:47 [http-nio-8081-exec-2] DEBUG o.s.w.s.m.m.a.RequestMappingHandlerMapping - Mapped to com.middleware.backend.notification.controller.TemplateController#create(NotificationTemplateDto)
2025-09-18 17:50:47 [http-nio-8081-exec-2] DEBUG o.s.w.s.m.m.a.RequestResponseBodyMethodProcessor - Read "application/json;charset=UTF-8" to [NotificationTemplateDto(id=null, name=ي, type=SMS, subject=Job {{ job_name }} failed, body=Details:  (truncated)...]
2025-09-18 17:50:47 [http-nio-8081-exec-2] DEBUG o.s.w.s.m.m.a.HttpEntityMethodProcessor - Using 'application/json', given [*/*] and supported [application/json, application/*+json, application/yaml]
2025-09-18 17:50:47 [http-nio-8081-exec-2] DEBUG o.s.w.s.m.m.a.HttpEntityMethodProcessor - Writing [NotificationTemplateDto(id=6, name=ي, type=SMS, subject=Job {{ job_name }} failed, body=Details: {{  (truncated)...]
2025-09-18 17:50:47 [http-nio-8081-exec-2] DEBUG o.s.web.servlet.DispatcherServlet - Completed 200 OK
2025-09-18 17:50:47 [http-nio-8081-exec-2] DEBUG o.s.w.f.CommonsRequestLoggingFilter - After request [POST /api/templates, client=0:0:0:0:0:0:0:1, user=admin@mail.com, payload={"name":"ي","type":"SMS","subject":"Job {{ job_name }} failed","body":"Details: {{ details }}"}]
2025-09-18 17:50:47 [http-nio-8081-exec-9] INFO  c.m.b.k.service.DynamicRouteService - Fetching active routes with pagination
2025-09-18 17:50:48 [http-nio-8081-exec-9] DEBUG o.s.w.f.CommonsRequestLoggingFilter - Before request [GET /api/templates?page=0&size=10&sortedBy=updatedAt&sortDirection=desc, client=0:0:0:0:0:0:0:1, user=admin@mail.com]
2025-09-18 17:50:48 [http-nio-8081-exec-9] DEBUG o.s.web.servlet.DispatcherServlet - GET "/api/templates?page=0&size=10&sortedBy=updatedAt&sortDirection=desc", parameters={masked}
2025-09-18 17:50:48 [http-nio-8081-exec-9] DEBUG o.s.w.s.m.m.a.RequestMappingHandlerMapping - Mapped to com.middleware.backend.notification.controller.TemplateController#getAll(int, int, String, String)
2025-09-18 17:50:48 [http-nio-8081-exec-9] DEBUG o.s.w.s.m.m.a.HttpEntityMethodProcessor - Using 'application/json', given [*/*] and supported [application/json, application/*+json, application/yaml]
2025-09-18 17:50:48 [http-nio-8081-exec-9] DEBUG o.s.w.s.m.m.a.HttpEntityMethodProcessor - Writing [Page 1 of 1 containing com.middleware.backend.notification.dto.NotificationTemplateDto instances]
2025-09-18 17:50:48 [http-nio-8081-exec-9] DEBUG o.s.web.servlet.DispatcherServlet - Completed 200 OK
2025-09-18 17:50:48 [http-nio-8081-exec-9] DEBUG o.s.w.f.CommonsRequestLoggingFilter - After request [GET /api/templates?page=0&size=10&sortedBy=updatedAt&sortDirection=desc, client=0:0:0:0:0:0:0:1, user=admin@mail.com]
2025-09-18 17:50:48 [scheduling-1] INFO  c.m.b.k.service.DynamicRouteService - Starting route status sync with Camel context
2025-09-18 17:50:48 [scheduling-1] INFO  c.m.b.k.service.DynamicRouteService - Completed route status sync
2025-09-18 17:51:18 [scheduling-1] INFO  c.m.b.k.service.DynamicRouteService - Starting route status sync with Camel context
2025-09-18 17:51:18 [scheduling-1] INFO  c.m.b.k.service.DynamicRouteService - Completed route status sync
2025-09-18 17:51:20 [http-nio-8081-exec-7] INFO  c.m.b.k.service.DynamicRouteService - Fetching active routes with pagination
2025-09-18 17:51:21 [http-nio-8081-exec-7] DEBUG o.s.w.f.CommonsRequestLoggingFilter - Before request [POST /api/templates/validate-json, client=0:0:0:0:0:0:0:1, user=admin@mail.com]
2025-09-18 17:51:21 [http-nio-8081-exec-7] DEBUG o.s.web.servlet.DispatcherServlet - POST "/api/templates/validate-json", parameters={}
2025-09-18 17:51:21 [http-nio-8081-exec-7] DEBUG o.s.w.s.m.m.a.RequestMappingHandlerMapping - Mapped to com.middleware.backend.notification.controller.TemplateController#validateJsonStructure(String)
2025-09-18 17:51:21 [http-nio-8081-exec-7] DEBUG o.s.w.s.m.m.a.RequestResponseBodyMethodProcessor - Read "application/json;charset=UTF-8" to ["{<EOL>  "subject":"Job {{ job_name }} failed"<EOL>}"]
2025-09-18 17:51:21 [http-nio-8081-exec-7] DEBUG o.s.w.s.m.m.a.HttpEntityMethodProcessor - Using 'application/json', given [*/*] and supported [application/json, application/*+json, application/yaml]
2025-09-18 17:51:21 [http-nio-8081-exec-7] DEBUG o.s.w.s.m.m.a.HttpEntityMethodProcessor - Writing [{valid=false, message=JSON must contain 'body' field}]
2025-09-18 17:51:21 [http-nio-8081-exec-7] DEBUG o.s.web.servlet.DispatcherServlet - Completed 200 OK
2025-09-18 17:51:21 [http-nio-8081-exec-7] DEBUG o.s.w.f.CommonsRequestLoggingFilter - After request [POST /api/templates/validate-json, client=0:0:0:0:0:0:0:1, user=admin@mail.com, payload={
  "subject":"Job {{ job_name }} failed"
}]
2025-09-18 17:51:42 [http-nio-8081-exec-5] INFO  c.m.b.k.service.DynamicRouteService - Fetching active routes with pagination
2025-09-18 17:51:43 [http-nio-8081-exec-5] DEBUG o.s.w.f.CommonsRequestLoggingFilter - Before request [GET /api/templates/6, client=0:0:0:0:0:0:0:1, user=admin@mail.com]
2025-09-18 17:51:43 [http-nio-8081-exec-5] DEBUG o.s.web.servlet.DispatcherServlet - GET "/api/templates/6", parameters={}
2025-09-18 17:51:43 [http-nio-8081-exec-5] DEBUG o.s.w.s.m.m.a.RequestMappingHandlerMapping - Mapped to com.middleware.backend.notification.controller.TemplateController#get(Long)
2025-09-18 17:51:43 [http-nio-8081-exec-5] DEBUG o.s.w.s.m.m.a.HttpEntityMethodProcessor - Using 'application/json', given [*/*] and supported [application/json, application/*+json, application/yaml]
2025-09-18 17:51:43 [http-nio-8081-exec-5] DEBUG o.s.w.s.m.m.a.HttpEntityMethodProcessor - Writing [NotificationTemplateDto(id=6, name=ي, type=SMS, subject=Job {{ job_name }} failed, body=Details: {{  (truncated)...]
2025-09-18 17:51:43 [http-nio-8081-exec-5] DEBUG o.s.web.servlet.DispatcherServlet - Completed 200 OK
2025-09-18 17:51:43 [http-nio-8081-exec-5] DEBUG o.s.w.f.CommonsRequestLoggingFilter - After request [GET /api/templates/6, client=0:0:0:0:0:0:0:1, user=admin@mail.com]
2025-09-18 17:51:44 [http-nio-8081-exec-6] INFO  c.m.b.k.service.DynamicRouteService - Fetching active routes with pagination
2025-09-18 17:51:45 [http-nio-8081-exec-6] DEBUG o.s.w.f.CommonsRequestLoggingFilter - Before request [POST /api/templates/validate-json, client=0:0:0:0:0:0:0:1, user=admin@mail.com]
2025-09-18 17:51:45 [http-nio-8081-exec-6] DEBUG o.s.web.servlet.DispatcherServlet - POST "/api/templates/validate-json", parameters={}
2025-09-18 17:51:45 [http-nio-8081-exec-6] DEBUG o.s.w.s.m.m.a.RequestMappingHandlerMapping - Mapped to com.middleware.backend.notification.controller.TemplateController#validateJsonStructure(String)
2025-09-18 17:51:45 [http-nio-8081-exec-6] DEBUG o.s.w.s.m.m.a.RequestResponseBodyMethodProcessor - Read "application/json;charset=UTF-8" to ["{<EOL>  "subject": "Job {{ job_name }} failed",<EOL>  "body": "Details: {{ details }}"<EOL>}"]
2025-09-18 17:51:45 [http-nio-8081-exec-6] DEBUG o.s.w.s.m.m.a.HttpEntityMethodProcessor - Using 'application/json', given [*/*] and supported [application/json, application/*+json, application/yaml]
2025-09-18 17:51:45 [http-nio-8081-exec-6] DEBUG o.s.w.s.m.m.a.HttpEntityMethodProcessor - Writing [{valid=true, subject=Job {{ job_name }} failed, message=JSON is valid and contains required fields,  (truncated)...]
2025-09-18 17:51:45 [http-nio-8081-exec-6] DEBUG o.s.web.servlet.DispatcherServlet - Completed 200 OK
2025-09-18 17:51:45 [http-nio-8081-exec-6] DEBUG o.s.w.f.CommonsRequestLoggingFilter - After request [POST /api/templates/validate-json, client=0:0:0:0:0:0:0:1, user=admin@mail.com, payload={
  "subject": "Job {{ job_name }} failed",
  "body": "Details: {{ details }}"
}]
2025-09-18 17:51:48 [scheduling-1] INFO  c.m.b.k.service.DynamicRouteService - Starting route status sync with Camel context
2025-09-18 17:51:48 [scheduling-1] INFO  c.m.b.k.service.DynamicRouteService - Completed route status sync
2025-09-18 17:51:50 [http-nio-8081-exec-1] INFO  c.m.b.k.service.DynamicRouteService - Fetching active routes with pagination
2025-09-18 17:51:50 [http-nio-8081-exec-1] DEBUG o.s.w.f.CommonsRequestLoggingFilter - Before request [PUT /api/templates, client=0:0:0:0:0:0:0:1, user=admin@mail.com]
2025-09-18 17:51:50 [http-nio-8081-exec-1] DEBUG o.s.web.servlet.DispatcherServlet - PUT "/api/templates", parameters={}
2025-09-18 17:51:50 [http-nio-8081-exec-1] DEBUG o.s.w.s.m.m.a.RequestMappingHandlerMapping - Mapped to com.middleware.backend.notification.controller.TemplateController#update(NotificationTemplateDto)
2025-09-18 17:51:50 [http-nio-8081-exec-1] DEBUG o.s.w.s.m.m.a.RequestResponseBodyMethodProcessor - Read "application/json;charset=UTF-8" to [NotificationTemplateDto(id=6, name=44, type=SMS, subject=Job {{ job_name }} failed, body=Details: {{ (truncated)...]
2025-09-18 17:51:50 [http-nio-8081-exec-1] DEBUG o.s.w.s.m.m.a.HttpEntityMethodProcessor - Using 'application/json', given [*/*] and supported [application/json, application/*+json, application/yaml]
2025-09-18 17:51:50 [http-nio-8081-exec-1] DEBUG o.s.w.s.m.m.a.HttpEntityMethodProcessor - Writing [NotificationTemplateDto(id=6, name=ي, type=SMS, subject=Job {{ job_name }} failed, body=Details: {{  (truncated)...]
2025-09-18 17:51:50 [http-nio-8081-exec-1] DEBUG o.s.web.servlet.DispatcherServlet - Completed 200 OK
2025-09-18 17:51:50 [http-nio-8081-exec-1] DEBUG o.s.w.f.CommonsRequestLoggingFilter - After request [PUT /api/templates, client=0:0:0:0:0:0:0:1, user=admin@mail.com, payload={"id":"6","name":"44","type":"SMS","subject":"Job {{ job_name }} failed","body":"Details: {{ details }}"}]
2025-09-18 17:51:50 [http-nio-8081-exec-4] INFO  c.m.b.k.service.DynamicRouteService - Fetching active routes with pagination
2025-09-18 17:51:51 [http-nio-8081-exec-4] DEBUG o.s.w.f.CommonsRequestLoggingFilter - Before request [GET /api/templates?page=0&size=10&sortedBy=updatedAt&sortDirection=desc, client=0:0:0:0:0:0:0:1, user=admin@mail.com]
2025-09-18 17:51:51 [http-nio-8081-exec-4] DEBUG o.s.web.servlet.DispatcherServlet - GET "/api/templates?page=0&size=10&sortedBy=updatedAt&sortDirection=desc", parameters={masked}
2025-09-18 17:51:51 [http-nio-8081-exec-4] DEBUG o.s.w.s.m.m.a.RequestMappingHandlerMapping - Mapped to com.middleware.backend.notification.controller.TemplateController#getAll(int, int, String, String)
2025-09-18 17:51:51 [http-nio-8081-exec-4] DEBUG o.s.w.s.m.m.a.HttpEntityMethodProcessor - Using 'application/json', given [*/*] and supported [application/json, application/*+json, application/yaml]
2025-09-18 17:51:51 [http-nio-8081-exec-4] DEBUG o.s.w.s.m.m.a.HttpEntityMethodProcessor - Writing [Page 1 of 1 containing com.middleware.backend.notification.dto.NotificationTemplateDto instances]
2025-09-18 17:51:51 [http-nio-8081-exec-4] DEBUG o.s.web.servlet.DispatcherServlet - Completed 200 OK
2025-09-18 17:51:51 [http-nio-8081-exec-4] DEBUG o.s.w.f.CommonsRequestLoggingFilter - After request [GET /api/templates?page=0&size=10&sortedBy=updatedAt&sortDirection=desc, client=0:0:0:0:0:0:0:1, user=admin@mail.com]
2025-09-18 17:51:54 [http-nio-8081-exec-2] INFO  c.m.b.k.service.DynamicRouteService - Fetching active routes with pagination
2025-09-18 17:51:55 [http-nio-8081-exec-2] DEBUG o.s.w.f.CommonsRequestLoggingFilter - Before request [DELETE /api/templates/4, client=0:0:0:0:0:0:0:1, user=admin@mail.com]
2025-09-18 17:51:55 [http-nio-8081-exec-2] DEBUG o.s.web.servlet.DispatcherServlet - DELETE "/api/templates/4", parameters={}
2025-09-18 17:51:55 [http-nio-8081-exec-2] DEBUG o.s.w.s.m.m.a.RequestMappingHandlerMapping - Mapped to com.middleware.backend.notification.controller.TemplateController#delete(long)
2025-09-18 17:51:55 [http-nio-8081-exec-2] DEBUG o.s.w.s.m.m.a.HttpEntityMethodProcessor - Using 'application/octet-stream', given [*/*] and supported [*/*]
2025-09-18 17:51:55 [http-nio-8081-exec-2] DEBUG o.s.web.servlet.DispatcherServlet - Completed 204 NO_CONTENT
2025-09-18 17:51:55 [http-nio-8081-exec-2] DEBUG o.s.w.f.CommonsRequestLoggingFilter - After request [DELETE /api/templates/4, client=0:0:0:0:0:0:0:1, user=admin@mail.com]
2025-09-18 17:51:55 [http-nio-8081-exec-9] INFO  c.m.b.k.service.DynamicRouteService - Fetching active routes with pagination
2025-09-18 17:51:56 [http-nio-8081-exec-9] DEBUG o.s.w.f.CommonsRequestLoggingFilter - Before request [GET /api/templates?page=0&size=10&sortedBy=updatedAt&sortDirection=desc, client=0:0:0:0:0:0:0:1, user=admin@mail.com]
2025-09-18 17:51:56 [http-nio-8081-exec-9] DEBUG o.s.web.servlet.DispatcherServlet - GET "/api/templates?page=0&size=10&sortedBy=updatedAt&sortDirection=desc", parameters={masked}
2025-09-18 17:51:56 [http-nio-8081-exec-9] DEBUG o.s.w.s.m.m.a.RequestMappingHandlerMapping - Mapped to com.middleware.backend.notification.controller.TemplateController#getAll(int, int, String, String)
2025-09-18 17:51:56 [http-nio-8081-exec-9] DEBUG o.s.w.s.m.m.a.HttpEntityMethodProcessor - Using 'application/json', given [*/*] and supported [application/json, application/*+json, application/yaml]
2025-09-18 17:51:56 [http-nio-8081-exec-9] DEBUG o.s.w.s.m.m.a.HttpEntityMethodProcessor - Writing [Page 1 of 1 containing com.middleware.backend.notification.dto.NotificationTemplateDto instances]
2025-09-18 17:51:56 [http-nio-8081-exec-9] DEBUG o.s.web.servlet.DispatcherServlet - Completed 200 OK
2025-09-18 17:51:56 [http-nio-8081-exec-9] DEBUG o.s.w.f.CommonsRequestLoggingFilter - After request [GET /api/templates?page=0&size=10&sortedBy=updatedAt&sortDirection=desc, client=0:0:0:0:0:0:0:1, user=admin@mail.com]
2025-09-18 17:52:03 [http-nio-8081-exec-8] INFO  c.m.b.k.service.DynamicRouteService - Fetching active routes with pagination
2025-09-18 17:52:03 [http-nio-8081-exec-8] DEBUG o.s.w.f.CommonsRequestLoggingFilter - Before request [GET /api/templates/5, client=0:0:0:0:0:0:0:1, user=admin@mail.com]
2025-09-18 17:52:03 [http-nio-8081-exec-8] DEBUG o.s.web.servlet.DispatcherServlet - GET "/api/templates/5", parameters={}
2025-09-18 17:52:03 [http-nio-8081-exec-8] DEBUG o.s.w.s.m.m.a.RequestMappingHandlerMapping - Mapped to com.middleware.backend.notification.controller.TemplateController#get(Long)
2025-09-18 17:52:04 [http-nio-8081-exec-8] DEBUG o.s.w.s.m.m.a.HttpEntityMethodProcessor - Using 'application/json', given [*/*] and supported [application/json, application/*+json, application/yaml]
2025-09-18 17:52:04 [http-nio-8081-exec-8] DEBUG o.s.w.s.m.m.a.HttpEntityMethodProcessor - Writing [NotificationTemplateDto(id=5, name=تم, type=SMS, subject=Job {{ job_name }} failed, body=Details: {{ (truncated)...]
2025-09-18 17:52:04 [http-nio-8081-exec-8] DEBUG o.s.web.servlet.DispatcherServlet - Completed 200 OK
2025-09-18 17:52:04 [http-nio-8081-exec-8] DEBUG o.s.w.f.CommonsRequestLoggingFilter - After request [GET /api/templates/5, client=0:0:0:0:0:0:0:1, user=admin@mail.com]
2025-09-18 17:52:18 [scheduling-1] INFO  c.m.b.k.service.DynamicRouteService - Starting route status sync with Camel context
2025-09-18 17:52:18 [scheduling-1] INFO  c.m.b.k.service.DynamicRouteService - Completed route status sync
2025-09-18 17:52:19 [http-nio-8081-exec-6] INFO  c.m.b.k.service.DynamicRouteService - Fetching active routes with pagination
2025-09-18 17:52:19 [http-nio-8081-exec-6] DEBUG o.s.w.f.CommonsRequestLoggingFilter - Before request [GET /api/receivers?page=0&size=10&sortedBy=updatedAt&sortDirection=desc, client=0:0:0:0:0:0:0:1, user=admin@mail.com]
2025-09-18 17:52:19 [http-nio-8081-exec-6] DEBUG o.s.web.servlet.DispatcherServlet - GET "/api/receivers?page=0&size=10&sortedBy=updatedAt&sortDirection=desc", parameters={masked}
2025-09-18 17:52:19 [http-nio-8081-exec-6] DEBUG o.s.w.s.m.m.a.RequestMappingHandlerMapping - Mapped to com.middleware.backend.notification.controller.ReceiverController#getAll(int, int, String, String)
2025-09-18 17:52:19 [http-nio-8081-exec-6] DEBUG o.s.w.s.m.m.a.HttpEntityMethodProcessor - Using 'application/json', given [*/*] and supported [application/json, application/*+json, application/yaml]
2025-09-18 17:52:19 [http-nio-8081-exec-6] DEBUG o.s.w.s.m.m.a.HttpEntityMethodProcessor - Writing [Page 1 of 0 containing UNKNOWN instances]
2025-09-18 17:52:19 [http-nio-8081-exec-6] DEBUG o.s.web.servlet.DispatcherServlet - Completed 200 OK
2025-09-18 17:52:19 [http-nio-8081-exec-6] DEBUG o.s.w.f.CommonsRequestLoggingFilter - After request [GET /api/receivers?page=0&size=10&sortedBy=updatedAt&sortDirection=desc, client=0:0:0:0:0:0:0:1, user=admin@mail.com]
2025-09-18 17:52:21 [http-nio-8081-exec-10] INFO  c.m.b.k.service.DynamicRouteService - Fetching active routes with pagination
2025-09-18 17:52:21 [http-nio-8081-exec-10] DEBUG o.s.w.f.CommonsRequestLoggingFilter - Before request [GET /api/templates?page=0&size=10&sortedBy=updatedAt&sortDirection=desc, client=0:0:0:0:0:0:0:1, user=admin@mail.com]
2025-09-18 17:52:21 [http-nio-8081-exec-10] DEBUG o.s.web.servlet.DispatcherServlet - GET "/api/templates?page=0&size=10&sortedBy=updatedAt&sortDirection=desc", parameters={masked}
2025-09-18 17:52:21 [http-nio-8081-exec-10] DEBUG o.s.w.s.m.m.a.RequestMappingHandlerMapping - Mapped to com.middleware.backend.notification.controller.TemplateController#getAll(int, int, String, String)
2025-09-18 17:52:22 [http-nio-8081-exec-10] DEBUG o.s.w.s.m.m.a.HttpEntityMethodProcessor - Using 'application/json', given [*/*] and supported [application/json, application/*+json, application/yaml]
2025-09-18 17:52:22 [http-nio-8081-exec-10] DEBUG o.s.w.s.m.m.a.HttpEntityMethodProcessor - Writing [Page 1 of 1 containing com.middleware.backend.notification.dto.NotificationTemplateDto instances]
2025-09-18 17:52:22 [http-nio-8081-exec-10] DEBUG o.s.web.servlet.DispatcherServlet - Completed 200 OK
2025-09-18 17:52:22 [http-nio-8081-exec-10] DEBUG o.s.w.f.CommonsRequestLoggingFilter - After request [GET /api/templates?page=0&size=10&sortedBy=updatedAt&sortDirection=desc, client=0:0:0:0:0:0:0:1, user=admin@mail.com]
2025-09-18 17:52:22 [http-nio-8081-exec-4] INFO  c.m.b.k.service.DynamicRouteService - Fetching active routes with pagination
2025-09-18 17:52:23 [http-nio-8081-exec-4] DEBUG o.s.w.f.CommonsRequestLoggingFilter - Before request [GET /api/templates?page=0&size=10&sortedBy=created-at&sortDirection=asc, client=0:0:0:0:0:0:0:1, user=admin@mail.com]
2025-09-18 17:52:23 [http-nio-8081-exec-4] DEBUG o.s.web.servlet.DispatcherServlet - GET "/api/templates?page=0&size=10&sortedBy=created-at&sortDirection=asc", parameters={masked}
2025-09-18 17:52:23 [http-nio-8081-exec-4] DEBUG o.s.w.s.m.m.a.RequestMappingHandlerMapping - Mapped to com.middleware.backend.notification.controller.TemplateController#getAll(int, int, String, String)
2025-09-18 17:52:23 [http-nio-8081-exec-4] DEBUG o.s.w.s.m.m.a.ExceptionHandlerExceptionResolver - Using @ExceptionHandler com.middleware.backend.exception.GlobalExceptionHandler#handleRuntimeException(RuntimeException)
2025-09-18 17:52:23 [http-nio-8081-exec-4] DEBUG o.s.w.s.m.m.a.HttpEntityMethodProcessor - Using 'application/json', given [*/*] and supported [application/json, application/*+json, application/yaml]
2025-09-18 17:52:23 [http-nio-8081-exec-4] DEBUG o.s.w.s.m.m.a.HttpEntityMethodProcessor - Writing [{message=No property 'created-at' found for type 'NotificationTemplate'; Did you mean 'createdAt', t (truncated)...]
2025-09-18 17:52:23 [http-nio-8081-exec-4] DEBUG o.s.w.s.m.m.a.ExceptionHandlerExceptionResolver - Resolved [org.springframework.data.mapping.PropertyReferenceException: No property 'created-at' found for type 'NotificationTemplate'; Did you mean 'createdAt']
2025-09-18 17:52:23 [http-nio-8081-exec-4] DEBUG o.s.web.servlet.DispatcherServlet - Completed 400 BAD_REQUEST
2025-09-18 17:52:23 [http-nio-8081-exec-4] DEBUG o.s.w.f.CommonsRequestLoggingFilter - After request [GET /api/templates?page=0&size=10&sortedBy=created-at&sortDirection=asc, client=0:0:0:0:0:0:0:1, user=admin@mail.com]
2025-09-18 17:52:24 [http-nio-8081-exec-2] INFO  c.m.b.k.service.DynamicRouteService - Fetching active routes with pagination
2025-09-18 17:52:24 [http-nio-8081-exec-2] DEBUG o.s.w.f.CommonsRequestLoggingFilter - Before request [GET /api/templates?page=0&size=10&sortedBy=created-at&sortDirection=desc, client=0:0:0:0:0:0:0:1, user=admin@mail.com]
2025-09-18 17:52:24 [http-nio-8081-exec-2] DEBUG o.s.web.servlet.DispatcherServlet - GET "/api/templates?page=0&size=10&sortedBy=created-at&sortDirection=desc", parameters={masked}
2025-09-18 17:52:24 [http-nio-8081-exec-2] DEBUG o.s.w.s.m.m.a.RequestMappingHandlerMapping - Mapped to com.middleware.backend.notification.controller.TemplateController#getAll(int, int, String, String)
2025-09-18 17:52:24 [http-nio-8081-exec-2] DEBUG o.s.w.s.m.m.a.ExceptionHandlerExceptionResolver - Using @ExceptionHandler com.middleware.backend.exception.GlobalExceptionHandler#handleRuntimeException(RuntimeException)
2025-09-18 17:52:24 [http-nio-8081-exec-2] DEBUG o.s.w.s.m.m.a.HttpEntityMethodProcessor - Using 'application/json', given [*/*] and supported [application/json, application/*+json, application/yaml]
2025-09-18 17:52:24 [http-nio-8081-exec-2] DEBUG o.s.w.s.m.m.a.HttpEntityMethodProcessor - Writing [{message=No property 'created-at' found for type 'NotificationTemplate'; Did you mean 'createdAt', t (truncated)...]
2025-09-18 17:52:24 [http-nio-8081-exec-2] DEBUG o.s.w.s.m.m.a.ExceptionHandlerExceptionResolver - Resolved [org.springframework.data.mapping.PropertyReferenceException: No property 'created-at' found for type 'NotificationTemplate'; Did you mean 'createdAt']
2025-09-18 17:52:24 [http-nio-8081-exec-2] DEBUG o.s.web.servlet.DispatcherServlet - Completed 400 BAD_REQUEST
2025-09-18 17:52:24 [http-nio-8081-exec-2] DEBUG o.s.w.f.CommonsRequestLoggingFilter - After request [GET /api/templates?page=0&size=10&sortedBy=created-at&sortDirection=desc, client=0:0:0:0:0:0:0:1, user=admin@mail.com]
2025-09-18 17:52:28 [http-nio-8081-exec-7] INFO  c.m.b.k.service.DynamicRouteService - Fetching active routes with pagination
2025-09-18 17:52:28 [http-nio-8081-exec-7] DEBUG o.s.w.f.CommonsRequestLoggingFilter - Before request [GET /api/templates?page=0&size=10&sortedBy=channel&sortDirection=asc, client=0:0:0:0:0:0:0:1, user=admin@mail.com]
2025-09-18 17:52:28 [http-nio-8081-exec-7] DEBUG o.s.web.servlet.DispatcherServlet - GET "/api/templates?page=0&size=10&sortedBy=channel&sortDirection=asc", parameters={masked}
2025-09-18 17:52:28 [http-nio-8081-exec-7] DEBUG o.s.w.s.m.m.a.RequestMappingHandlerMapping - Mapped to com.middleware.backend.notification.controller.TemplateController#getAll(int, int, String, String)
2025-09-18 17:52:28 [http-nio-8081-exec-7] DEBUG o.s.w.s.m.m.a.ExceptionHandlerExceptionResolver - Using @ExceptionHandler com.middleware.backend.exception.GlobalExceptionHandler#handleRuntimeException(RuntimeException)
2025-09-18 17:52:28 [http-nio-8081-exec-7] DEBUG o.s.w.s.m.m.a.HttpEntityMethodProcessor - Using 'application/json', given [*/*] and supported [application/json, application/*+json, application/yaml]
2025-09-18 17:52:28 [http-nio-8081-exec-7] DEBUG o.s.w.s.m.m.a.HttpEntityMethodProcessor - Writing [{message=No property 'channel' found for type 'NotificationTemplate', timestamp=2025-09-18T17:52:28. (truncated)...]
2025-09-18 17:52:28 [http-nio-8081-exec-7] DEBUG o.s.w.s.m.m.a.ExceptionHandlerExceptionResolver - Resolved [org.springframework.data.mapping.PropertyReferenceException: No property 'channel' found for type 'NotificationTemplate']
2025-09-18 17:52:28 [http-nio-8081-exec-7] DEBUG o.s.web.servlet.DispatcherServlet - Completed 400 BAD_REQUEST
2025-09-18 17:52:28 [http-nio-8081-exec-7] DEBUG o.s.w.f.CommonsRequestLoggingFilter - After request [GET /api/templates?page=0&size=10&sortedBy=channel&sortDirection=asc, client=0:0:0:0:0:0:0:1, user=admin@mail.com]
2025-09-18 17:52:35 [http-nio-8081-exec-5] INFO  c.m.b.k.service.DynamicRouteService - Fetching active routes with pagination
2025-09-18 17:52:35 [http-nio-8081-exec-5] DEBUG o.s.w.f.CommonsRequestLoggingFilter - Before request [GET /api/templates?page=0&size=10&sortedBy=channel&sortDirection=desc, client=0:0:0:0:0:0:0:1, user=admin@mail.com]
2025-09-18 17:52:35 [http-nio-8081-exec-5] DEBUG o.s.web.servlet.DispatcherServlet - GET "/api/templates?page=0&size=10&sortedBy=channel&sortDirection=desc", parameters={masked}
2025-09-18 17:52:35 [http-nio-8081-exec-5] DEBUG o.s.w.s.m.m.a.RequestMappingHandlerMapping - Mapped to com.middleware.backend.notification.controller.TemplateController#getAll(int, int, String, String)
2025-09-18 17:52:36 [http-nio-8081-exec-5] DEBUG o.s.w.s.m.m.a.ExceptionHandlerExceptionResolver - Using @ExceptionHandler com.middleware.backend.exception.GlobalExceptionHandler#handleRuntimeException(RuntimeException)
2025-09-18 17:52:36 [http-nio-8081-exec-5] DEBUG o.s.w.s.m.m.a.HttpEntityMethodProcessor - Using 'application/json', given [*/*] and supported [application/json, application/*+json, application/yaml]
2025-09-18 17:52:36 [http-nio-8081-exec-5] DEBUG o.s.w.s.m.m.a.HttpEntityMethodProcessor - Writing [{message=No property 'channel' found for type 'NotificationTemplate', timestamp=2025-09-18T17:52:36. (truncated)...]
2025-09-18 17:52:36 [http-nio-8081-exec-5] DEBUG o.s.w.s.m.m.a.ExceptionHandlerExceptionResolver - Resolved [org.springframework.data.mapping.PropertyReferenceException: No property 'channel' found for type 'NotificationTemplate']
2025-09-18 17:52:36 [http-nio-8081-exec-5] DEBUG o.s.web.servlet.DispatcherServlet - Completed 400 BAD_REQUEST
2025-09-18 17:52:36 [http-nio-8081-exec-5] DEBUG o.s.w.f.CommonsRequestLoggingFilter - After request [GET /api/templates?page=0&size=10&sortedBy=channel&sortDirection=desc, client=0:0:0:0:0:0:0:1, user=admin@mail.com]
2025-09-18 17:52:37 [http-nio-8081-exec-6] INFO  c.m.b.k.service.DynamicRouteService - Fetching active routes with pagination
2025-09-18 17:52:37 [http-nio-8081-exec-6] DEBUG o.s.w.f.CommonsRequestLoggingFilter - Before request [GET /api/templates?page=0&size=10&sortedBy=channel&sortDirection=asc, client=0:0:0:0:0:0:0:1, user=admin@mail.com]
2025-09-18 17:52:37 [http-nio-8081-exec-6] DEBUG o.s.web.servlet.DispatcherServlet - GET "/api/templates?page=0&size=10&sortedBy=channel&sortDirection=asc", parameters={masked}
2025-09-18 17:52:37 [http-nio-8081-exec-6] DEBUG o.s.w.s.m.m.a.RequestMappingHandlerMapping - Mapped to com.middleware.backend.notification.controller.TemplateController#getAll(int, int, String, String)
2025-09-18 17:52:37 [http-nio-8081-exec-6] DEBUG o.s.w.s.m.m.a.ExceptionHandlerExceptionResolver - Using @ExceptionHandler com.middleware.backend.exception.GlobalExceptionHandler#handleRuntimeException(RuntimeException)
2025-09-18 17:52:37 [http-nio-8081-exec-6] DEBUG o.s.w.s.m.m.a.HttpEntityMethodProcessor - Using 'application/json', given [*/*] and supported [application/json, application/*+json, application/yaml]
2025-09-18 17:52:37 [http-nio-8081-exec-6] DEBUG o.s.w.s.m.m.a.HttpEntityMethodProcessor - Writing [{message=No property 'channel' found for type 'NotificationTemplate', timestamp=2025-09-18T17:52:37. (truncated)...]
2025-09-18 17:52:37 [http-nio-8081-exec-6] DEBUG o.s.w.s.m.m.a.ExceptionHandlerExceptionResolver - Resolved [org.springframework.data.mapping.PropertyReferenceException: No property 'channel' found for type 'NotificationTemplate']
2025-09-18 17:52:37 [http-nio-8081-exec-6] DEBUG o.s.web.servlet.DispatcherServlet - Completed 400 BAD_REQUEST
2025-09-18 17:52:37 [http-nio-8081-exec-6] DEBUG o.s.w.f.CommonsRequestLoggingFilter - After request [GET /api/templates?page=0&size=10&sortedBy=channel&sortDirection=asc, client=0:0:0:0:0:0:0:1, user=admin@mail.com]
2025-09-18 17:52:39 [http-nio-8081-exec-10] INFO  c.m.b.k.service.DynamicRouteService - Fetching active routes with pagination
2025-09-18 17:52:39 [http-nio-8081-exec-10] DEBUG o.s.w.f.CommonsRequestLoggingFilter - Before request [GET /api/templates?page=0&size=10&sortedBy=channel&sortDirection=desc, client=0:0:0:0:0:0:0:1, user=admin@mail.com]
2025-09-18 17:52:39 [http-nio-8081-exec-10] DEBUG o.s.web.servlet.DispatcherServlet - GET "/api/templates?page=0&size=10&sortedBy=channel&sortDirection=desc", parameters={masked}
2025-09-18 17:52:39 [http-nio-8081-exec-10] DEBUG o.s.w.s.m.m.a.RequestMappingHandlerMapping - Mapped to com.middleware.backend.notification.controller.TemplateController#getAll(int, int, String, String)
2025-09-18 17:52:39 [http-nio-8081-exec-10] DEBUG o.s.w.s.m.m.a.ExceptionHandlerExceptionResolver - Using @ExceptionHandler com.middleware.backend.exception.GlobalExceptionHandler#handleRuntimeException(RuntimeException)
2025-09-18 17:52:39 [http-nio-8081-exec-10] DEBUG o.s.w.s.m.m.a.HttpEntityMethodProcessor - Using 'application/json', given [*/*] and supported [application/json, application/*+json, application/yaml]
2025-09-18 17:52:39 [http-nio-8081-exec-10] DEBUG o.s.w.s.m.m.a.HttpEntityMethodProcessor - Writing [{message=No property 'channel' found for type 'NotificationTemplate', timestamp=2025-09-18T17:52:39. (truncated)...]
2025-09-18 17:52:39 [http-nio-8081-exec-10] DEBUG o.s.w.s.m.m.a.ExceptionHandlerExceptionResolver - Resolved [org.springframework.data.mapping.PropertyReferenceException: No property 'channel' found for type 'NotificationTemplate']
2025-09-18 17:52:39 [http-nio-8081-exec-10] DEBUG o.s.web.servlet.DispatcherServlet - Completed 400 BAD_REQUEST
2025-09-18 17:52:39 [http-nio-8081-exec-10] DEBUG o.s.w.f.CommonsRequestLoggingFilter - After request [GET /api/templates?page=0&size=10&sortedBy=channel&sortDirection=desc, client=0:0:0:0:0:0:0:1, user=admin@mail.com]
2025-09-18 17:52:42 [http-nio-8081-exec-4] INFO  c.m.b.k.service.DynamicRouteService - Fetching active routes with pagination
2025-09-18 17:52:42 [http-nio-8081-exec-4] DEBUG o.s.w.f.CommonsRequestLoggingFilter - Before request [GET /api/templates?page=0&size=10&sortedBy=id&sortDirection=asc, client=0:0:0:0:0:0:0:1, user=admin@mail.com]
2025-09-18 17:52:42 [http-nio-8081-exec-4] DEBUG o.s.web.servlet.DispatcherServlet - GET "/api/templates?page=0&size=10&sortedBy=id&sortDirection=asc", parameters={masked}
2025-09-18 17:52:42 [http-nio-8081-exec-4] DEBUG o.s.w.s.m.m.a.RequestMappingHandlerMapping - Mapped to com.middleware.backend.notification.controller.TemplateController#getAll(int, int, String, String)
2025-09-18 17:52:42 [http-nio-8081-exec-4] DEBUG o.s.w.s.m.m.a.HttpEntityMethodProcessor - Using 'application/json', given [*/*] and supported [application/json, application/*+json, application/yaml]
2025-09-18 17:52:42 [http-nio-8081-exec-4] DEBUG o.s.w.s.m.m.a.HttpEntityMethodProcessor - Writing [Page 1 of 1 containing com.middleware.backend.notification.dto.NotificationTemplateDto instances]
2025-09-18 17:52:42 [http-nio-8081-exec-4] DEBUG o.s.web.servlet.DispatcherServlet - Completed 200 OK
2025-09-18 17:52:42 [http-nio-8081-exec-4] DEBUG o.s.w.f.CommonsRequestLoggingFilter - After request [GET /api/templates?page=0&size=10&sortedBy=id&sortDirection=asc, client=0:0:0:0:0:0:0:1, user=admin@mail.com]
2025-09-18 17:52:44 [http-nio-8081-exec-2] INFO  c.m.b.k.service.DynamicRouteService - Fetching active routes with pagination
2025-09-18 17:52:44 [http-nio-8081-exec-2] DEBUG o.s.w.f.CommonsRequestLoggingFilter - Before request [GET /api/templates?page=0&size=10&sortedBy=id&sortDirection=desc, client=0:0:0:0:0:0:0:1, user=admin@mail.com]
2025-09-18 17:52:44 [http-nio-8081-exec-2] DEBUG o.s.web.servlet.DispatcherServlet - GET "/api/templates?page=0&size=10&sortedBy=id&sortDirection=desc", parameters={masked}
2025-09-18 17:52:44 [http-nio-8081-exec-2] DEBUG o.s.w.s.m.m.a.RequestMappingHandlerMapping - Mapped to com.middleware.backend.notification.controller.TemplateController#getAll(int, int, String, String)
2025-09-18 17:52:44 [http-nio-8081-exec-2] DEBUG o.s.w.s.m.m.a.HttpEntityMethodProcessor - Using 'application/json', given [*/*] and supported [application/json, application/*+json, application/yaml]
2025-09-18 17:52:44 [http-nio-8081-exec-2] DEBUG o.s.w.s.m.m.a.HttpEntityMethodProcessor - Writing [Page 1 of 1 containing com.middleware.backend.notification.dto.NotificationTemplateDto instances]
2025-09-18 17:52:44 [http-nio-8081-exec-2] DEBUG o.s.web.servlet.DispatcherServlet - Completed 200 OK
2025-09-18 17:52:44 [http-nio-8081-exec-2] DEBUG o.s.w.f.CommonsRequestLoggingFilter - After request [GET /api/templates?page=0&size=10&sortedBy=id&sortDirection=desc, client=0:0:0:0:0:0:0:1, user=admin@mail.com]
2025-09-18 17:52:45 [http-nio-8081-exec-9] INFO  c.m.b.k.service.DynamicRouteService - Fetching active routes with pagination
2025-09-18 17:52:45 [http-nio-8081-exec-9] DEBUG o.s.w.f.CommonsRequestLoggingFilter - Before request [GET /api/templates?page=0&size=10&sortedBy=id&sortDirection=asc, client=0:0:0:0:0:0:0:1, user=admin@mail.com]
2025-09-18 17:52:45 [http-nio-8081-exec-9] DEBUG o.s.web.servlet.DispatcherServlet - GET "/api/templates?page=0&size=10&sortedBy=id&sortDirection=asc", parameters={masked}
2025-09-18 17:52:45 [http-nio-8081-exec-9] DEBUG o.s.w.s.m.m.a.RequestMappingHandlerMapping - Mapped to com.middleware.backend.notification.controller.TemplateController#getAll(int, int, String, String)
2025-09-18 17:52:45 [http-nio-8081-exec-9] DEBUG o.s.w.s.m.m.a.HttpEntityMethodProcessor - Using 'application/json', given [*/*] and supported [application/json, application/*+json, application/yaml]
2025-09-18 17:52:45 [http-nio-8081-exec-9] DEBUG o.s.w.s.m.m.a.HttpEntityMethodProcessor - Writing [Page 1 of 1 containing com.middleware.backend.notification.dto.NotificationTemplateDto instances]
2025-09-18 17:52:45 [http-nio-8081-exec-9] DEBUG o.s.web.servlet.DispatcherServlet - Completed 200 OK
2025-09-18 17:52:45 [http-nio-8081-exec-9] DEBUG o.s.w.f.CommonsRequestLoggingFilter - After request [GET /api/templates?page=0&size=10&sortedBy=id&sortDirection=asc, client=0:0:0:0:0:0:0:1, user=admin@mail.com]
2025-09-18 17:52:47 [http-nio-8081-exec-7] INFO  c.m.b.k.service.DynamicRouteService - Fetching active routes with pagination
2025-09-18 17:52:47 [http-nio-8081-exec-7] DEBUG o.s.w.f.CommonsRequestLoggingFilter - Before request [GET /api/templates?page=0&size=10&sortedBy=id&sortDirection=desc, client=0:0:0:0:0:0:0:1, user=admin@mail.com]
2025-09-18 17:52:47 [http-nio-8081-exec-7] DEBUG o.s.web.servlet.DispatcherServlet - GET "/api/templates?page=0&size=10&sortedBy=id&sortDirection=desc", parameters={masked}
2025-09-18 17:52:47 [http-nio-8081-exec-7] DEBUG o.s.w.s.m.m.a.RequestMappingHandlerMapping - Mapped to com.middleware.backend.notification.controller.TemplateController#getAll(int, int, String, String)
2025-09-18 17:52:48 [http-nio-8081-exec-7] DEBUG o.s.w.s.m.m.a.HttpEntityMethodProcessor - Using 'application/json', given [*/*] and supported [application/json, application/*+json, application/yaml]
2025-09-18 17:52:48 [http-nio-8081-exec-7] DEBUG o.s.w.s.m.m.a.HttpEntityMethodProcessor - Writing [Page 1 of 1 containing com.middleware.backend.notification.dto.NotificationTemplateDto instances]
2025-09-18 17:52:48 [http-nio-8081-exec-7] DEBUG o.s.web.servlet.DispatcherServlet - Completed 200 OK
2025-09-18 17:52:48 [http-nio-8081-exec-7] DEBUG o.s.w.f.CommonsRequestLoggingFilter - After request [GET /api/templates?page=0&size=10&sortedBy=id&sortDirection=desc, client=0:0:0:0:0:0:0:1, user=admin@mail.com]
2025-09-18 17:52:48 [scheduling-1] INFO  c.m.b.k.service.DynamicRouteService - Starting route status sync with Camel context
2025-09-18 17:52:48 [scheduling-1] INFO  c.m.b.k.service.DynamicRouteService - Completed route status sync
2025-09-18 17:52:58 [http-nio-8081-exec-5] INFO  c.m.b.k.service.DynamicRouteService - Fetching active routes with pagination
2025-09-18 17:52:58 [http-nio-8081-exec-5] DEBUG o.s.w.f.CommonsRequestLoggingFilter - Before request [GET /api/templates?page=0&size=10&sortedBy=name&sortDirection=asc, client=0:0:0:0:0:0:0:1, user=admin@mail.com]
2025-09-18 17:52:58 [http-nio-8081-exec-5] DEBUG o.s.web.servlet.DispatcherServlet - GET "/api/templates?page=0&size=10&sortedBy=name&sortDirection=asc", parameters={masked}
2025-09-18 17:52:58 [http-nio-8081-exec-5] DEBUG o.s.w.s.m.m.a.RequestMappingHandlerMapping - Mapped to com.middleware.backend.notification.controller.TemplateController#getAll(int, int, String, String)
2025-09-18 17:52:58 [http-nio-8081-exec-5] DEBUG o.s.w.s.m.m.a.HttpEntityMethodProcessor - Using 'application/json', given [*/*] and supported [application/json, application/*+json, application/yaml]
2025-09-18 17:52:58 [http-nio-8081-exec-5] DEBUG o.s.w.s.m.m.a.HttpEntityMethodProcessor - Writing [Page 1 of 1 containing com.middleware.backend.notification.dto.NotificationTemplateDto instances]
2025-09-18 17:52:58 [http-nio-8081-exec-5] DEBUG o.s.web.servlet.DispatcherServlet - Completed 200 OK
2025-09-18 17:52:58 [http-nio-8081-exec-5] DEBUG o.s.w.f.CommonsRequestLoggingFilter - After request [GET /api/templates?page=0&size=10&sortedBy=name&sortDirection=asc, client=0:0:0:0:0:0:0:1, user=admin@mail.com]
2025-09-18 17:53:00 [http-nio-8081-exec-10] INFO  c.m.b.k.service.DynamicRouteService - Fetching active routes with pagination
2025-09-18 17:53:00 [http-nio-8081-exec-10] DEBUG o.s.w.f.CommonsRequestLoggingFilter - Before request [GET /api/templates?page=0&size=10&sortedBy=name&sortDirection=desc, client=0:0:0:0:0:0:0:1, user=admin@mail.com]
2025-09-18 17:53:00 [http-nio-8081-exec-10] DEBUG o.s.web.servlet.DispatcherServlet - GET "/api/templates?page=0&size=10&sortedBy=name&sortDirection=desc", parameters={masked}
2025-09-18 17:53:00 [http-nio-8081-exec-10] DEBUG o.s.w.s.m.m.a.RequestMappingHandlerMapping - Mapped to com.middleware.backend.notification.controller.TemplateController#getAll(int, int, String, String)
2025-09-18 17:53:00 [http-nio-8081-exec-10] DEBUG o.s.w.s.m.m.a.HttpEntityMethodProcessor - Using 'application/json', given [*/*] and supported [application/json, application/*+json, application/yaml]
2025-09-18 17:53:00 [http-nio-8081-exec-10] DEBUG o.s.w.s.m.m.a.HttpEntityMethodProcessor - Writing [Page 1 of 1 containing com.middleware.backend.notification.dto.NotificationTemplateDto instances]
2025-09-18 17:53:00 [http-nio-8081-exec-10] DEBUG o.s.web.servlet.DispatcherServlet - Completed 200 OK
2025-09-18 17:53:00 [http-nio-8081-exec-10] DEBUG o.s.w.f.CommonsRequestLoggingFilter - After request [GET /api/templates?page=0&size=10&sortedBy=name&sortDirection=desc, client=0:0:0:0:0:0:0:1, user=admin@mail.com]
2025-09-18 17:53:01 [http-nio-8081-exec-1] INFO  c.m.b.k.service.DynamicRouteService - Fetching active routes with pagination
2025-09-18 17:53:01 [http-nio-8081-exec-1] DEBUG o.s.w.f.CommonsRequestLoggingFilter - Before request [GET /api/templates?page=0&size=10&sortedBy=channel&sortDirection=asc, client=0:0:0:0:0:0:0:1, user=admin@mail.com]
2025-09-18 17:53:01 [http-nio-8081-exec-1] DEBUG o.s.web.servlet.DispatcherServlet - GET "/api/templates?page=0&size=10&sortedBy=channel&sortDirection=asc", parameters={masked}
2025-09-18 17:53:01 [http-nio-8081-exec-1] DEBUG o.s.w.s.m.m.a.RequestMappingHandlerMapping - Mapped to com.middleware.backend.notification.controller.TemplateController#getAll(int, int, String, String)
2025-09-18 17:53:01 [http-nio-8081-exec-1] DEBUG o.s.w.s.m.m.a.ExceptionHandlerExceptionResolver - Using @ExceptionHandler com.middleware.backend.exception.GlobalExceptionHandler#handleRuntimeException(RuntimeException)
2025-09-18 17:53:01 [http-nio-8081-exec-1] DEBUG o.s.w.s.m.m.a.HttpEntityMethodProcessor - Using 'application/json', given [*/*] and supported [application/json, application/*+json, application/yaml]
2025-09-18 17:53:01 [http-nio-8081-exec-1] DEBUG o.s.w.s.m.m.a.HttpEntityMethodProcessor - Writing [{message=No property 'channel' found for type 'NotificationTemplate', timestamp=2025-09-18T17:53:01. (truncated)...]
2025-09-18 17:53:01 [http-nio-8081-exec-1] DEBUG o.s.w.s.m.m.a.ExceptionHandlerExceptionResolver - Resolved [org.springframework.data.mapping.PropertyReferenceException: No property 'channel' found for type 'NotificationTemplate']
2025-09-18 17:53:01 [http-nio-8081-exec-1] DEBUG o.s.web.servlet.DispatcherServlet - Completed 400 BAD_REQUEST
2025-09-18 17:53:01 [http-nio-8081-exec-1] DEBUG o.s.w.f.CommonsRequestLoggingFilter - After request [GET /api/templates?page=0&size=10&sortedBy=channel&sortDirection=asc, client=0:0:0:0:0:0:0:1, user=admin@mail.com]
2025-09-18 17:53:03 [http-nio-8081-exec-4] INFO  c.m.b.k.service.DynamicRouteService - Fetching active routes with pagination
2025-09-18 17:53:04 [http-nio-8081-exec-4] DEBUG o.s.w.f.CommonsRequestLoggingFilter - Before request [GET /api/templates?page=0&size=10&sortedBy=created-at&sortDirection=asc, client=0:0:0:0:0:0:0:1, user=admin@mail.com]
2025-09-18 17:53:04 [http-nio-8081-exec-4] DEBUG o.s.web.servlet.DispatcherServlet - GET "/api/templates?page=0&size=10&sortedBy=created-at&sortDirection=asc", parameters={masked}
2025-09-18 17:53:04 [http-nio-8081-exec-4] DEBUG o.s.w.s.m.m.a.RequestMappingHandlerMapping - Mapped to com.middleware.backend.notification.controller.TemplateController#getAll(int, int, String, String)
2025-09-18 17:53:04 [http-nio-8081-exec-4] DEBUG o.s.w.s.m.m.a.ExceptionHandlerExceptionResolver - Using @ExceptionHandler com.middleware.backend.exception.GlobalExceptionHandler#handleRuntimeException(RuntimeException)
2025-09-18 17:53:04 [http-nio-8081-exec-4] DEBUG o.s.w.s.m.m.a.HttpEntityMethodProcessor - Using 'application/json', given [*/*] and supported [application/json, application/*+json, application/yaml]
2025-09-18 17:53:04 [http-nio-8081-exec-4] DEBUG o.s.w.s.m.m.a.HttpEntityMethodProcessor - Writing [{message=No property 'created-at' found for type 'NotificationTemplate'; Did you mean 'createdAt', t (truncated)...]
2025-09-18 17:53:04 [http-nio-8081-exec-4] DEBUG o.s.w.s.m.m.a.ExceptionHandlerExceptionResolver - Resolved [org.springframework.data.mapping.PropertyReferenceException: No property 'created-at' found for type 'NotificationTemplate'; Did you mean 'createdAt']
2025-09-18 17:53:04 [http-nio-8081-exec-4] DEBUG o.s.web.servlet.DispatcherServlet - Completed 400 BAD_REQUEST
2025-09-18 17:53:04 [http-nio-8081-exec-4] DEBUG o.s.w.f.CommonsRequestLoggingFilter - After request [GET /api/templates?page=0&size=10&sortedBy=created-at&sortDirection=asc, client=0:0:0:0:0:0:0:1, user=admin@mail.com]
2025-09-18 17:53:18 [scheduling-1] INFO  c.m.b.k.service.DynamicRouteService - Starting route status sync with Camel context
2025-09-18 17:53:18 [scheduling-1] INFO  c.m.b.k.service.DynamicRouteService - Completed route status sync
2025-09-18 17:53:48 [scheduling-1] INFO  c.m.b.k.service.DynamicRouteService - Starting route status sync with Camel context
2025-09-18 17:53:48 [scheduling-1] INFO  c.m.b.k.service.DynamicRouteService - Completed route status sync
2025-09-18 17:54:01 [http-nio-8081-exec-3] INFO  c.m.b.k.service.DynamicRouteService - Fetching active routes with pagination
2025-09-18 17:54:02 [http-nio-8081-exec-3] DEBUG o.s.w.f.CommonsRequestLoggingFilter - Before request [GET /api/receivers?page=0&size=10&sortedBy=updatedAt&sortDirection=desc, client=0:0:0:0:0:0:0:1, user=admin@mail.com]
2025-09-18 17:54:02 [http-nio-8081-exec-3] DEBUG o.s.web.servlet.DispatcherServlet - GET "/api/receivers?page=0&size=10&sortedBy=updatedAt&sortDirection=desc", parameters={masked}
2025-09-18 17:54:02 [http-nio-8081-exec-3] DEBUG o.s.w.s.m.m.a.RequestMappingHandlerMapping - Mapped to com.middleware.backend.notification.controller.ReceiverController#getAll(int, int, String, String)
2025-09-18 17:54:02 [http-nio-8081-exec-3] DEBUG o.s.w.s.m.m.a.HttpEntityMethodProcessor - Using 'application/json', given [*/*] and supported [application/json, application/*+json, application/yaml]
2025-09-18 17:54:02 [http-nio-8081-exec-3] DEBUG o.s.w.s.m.m.a.HttpEntityMethodProcessor - Writing [Page 1 of 0 containing UNKNOWN instances]
2025-09-18 17:54:02 [http-nio-8081-exec-3] DEBUG o.s.web.servlet.DispatcherServlet - Completed 200 OK
2025-09-18 17:54:02 [http-nio-8081-exec-3] DEBUG o.s.w.f.CommonsRequestLoggingFilter - After request [GET /api/receivers?page=0&size=10&sortedBy=updatedAt&sortDirection=desc, client=0:0:0:0:0:0:0:1, user=admin@mail.com]
2025-09-18 17:54:18 [scheduling-1] INFO  c.m.b.k.service.DynamicRouteService - Starting route status sync with Camel context
2025-09-18 17:54:18 [scheduling-1] INFO  c.m.b.k.service.DynamicRouteService - Completed route status sync
2025-09-18 17:54:45 [http-nio-8081-exec-9] INFO  c.m.b.k.service.DynamicRouteService - Fetching active routes with pagination
2025-09-18 17:54:45 [http-nio-8081-exec-9] DEBUG o.s.w.f.CommonsRequestLoggingFilter - Before request [GET /api/groups?page=0&size=10&sortedBy=updatedAt&sortDirection=desc, client=0:0:0:0:0:0:0:1, user=admin@mail.com]
2025-09-18 17:54:45 [http-nio-8081-exec-9] DEBUG o.s.web.servlet.DispatcherServlet - GET "/api/groups?page=0&size=10&sortedBy=updatedAt&sortDirection=desc", parameters={masked}
2025-09-18 17:54:45 [http-nio-8081-exec-9] DEBUG o.s.w.s.m.m.a.RequestMappingHandlerMapping - Mapped to com.middleware.backend.notification.controller.NotificationGroupController#getAll(int, int, String, String)
2025-09-18 17:54:45 [http-nio-8081-exec-9] DEBUG o.s.w.s.m.m.a.HttpEntityMethodProcessor - Using 'application/json', given [*/*] and supported [application/json, application/*+json, application/yaml]
2025-09-18 17:54:45 [http-nio-8081-exec-9] DEBUG o.s.w.s.m.m.a.HttpEntityMethodProcessor - Writing [Page 1 of 0 containing UNKNOWN instances]
2025-09-18 17:54:45 [http-nio-8081-exec-9] DEBUG o.s.web.servlet.DispatcherServlet - Completed 200 OK
2025-09-18 17:54:45 [http-nio-8081-exec-9] DEBUG o.s.w.f.CommonsRequestLoggingFilter - After request [GET /api/groups?page=0&size=10&sortedBy=updatedAt&sortDirection=desc, client=0:0:0:0:0:0:0:1, user=admin@mail.com]
2025-09-18 17:54:47 [http-nio-8081-exec-5] INFO  c.m.b.k.service.DynamicRouteService - Fetching active routes with pagination
2025-09-18 17:54:47 [http-nio-8081-exec-1] INFO  c.m.b.k.service.DynamicRouteService - Fetching active routes with pagination
2025-09-18 17:54:47 [http-nio-8081-exec-10] INFO  c.m.b.k.service.DynamicRouteService - Fetching active routes with pagination
2025-09-18 17:54:47 [http-nio-8081-exec-1] DEBUG o.s.w.f.CommonsRequestLoggingFilter - Before request [GET /api/groups-receivers/all?search=, client=0:0:0:0:0:0:0:1, user=admin@mail.com]
2025-09-18 17:54:47 [http-nio-8081-exec-1] DEBUG o.s.web.servlet.DispatcherServlet - GET "/api/groups-receivers/all?search=", parameters={masked}
2025-09-18 17:54:47 [http-nio-8081-exec-1] DEBUG o.s.w.s.m.m.a.RequestMappingHandlerMapping - Mapped to com.middleware.backend.notification.controller.groupReceiverController#getAllReceivers(String)
2025-09-18 17:54:47 [http-nio-8081-exec-5] DEBUG o.s.w.f.CommonsRequestLoggingFilter - Before request [GET /api/groups-receivers/table?page=0&size=10&sortedBy=updatedAt&sortDirection=desc, client=0:0:0:0:0:0:0:1, user=admin@mail.com]
2025-09-18 17:54:47 [http-nio-8081-exec-5] DEBUG o.s.web.servlet.DispatcherServlet - GET "/api/groups-receivers/table?page=0&size=10&sortedBy=updatedAt&sortDirection=desc", parameters={masked}
2025-09-18 17:54:47 [http-nio-8081-exec-5] DEBUG o.s.w.s.m.m.a.RequestMappingHandlerMapping - Mapped to com.middleware.backend.notification.controller.groupReceiverController#getGroupReceivers(int, int, String, String)
2025-09-18 17:54:47 [http-nio-8081-exec-10] DEBUG o.s.w.f.CommonsRequestLoggingFilter - Before request [GET /api/groups-receivers, client=0:0:0:0:0:0:0:1, user=admin@mail.com]
2025-09-18 17:54:47 [http-nio-8081-exec-10] DEBUG o.s.web.servlet.DispatcherServlet - GET "/api/groups-receivers", parameters={}
2025-09-18 17:54:47 [http-nio-8081-exec-10] DEBUG o.s.w.s.m.m.a.RequestMappingHandlerMapping - Mapped to com.middleware.backend.notification.controller.groupReceiverController#getUnlinkedGroups()
2025-09-18 17:54:47 [http-nio-8081-exec-1] DEBUG o.s.w.s.m.m.a.HttpEntityMethodProcessor - Using 'application/json', given [*/*] and supported [application/json, application/*+json, application/yaml]
2025-09-18 17:54:47 [http-nio-8081-exec-1] DEBUG o.s.w.s.m.m.a.HttpEntityMethodProcessor - Writing [[]]
2025-09-18 17:54:47 [http-nio-8081-exec-1] DEBUG o.s.web.servlet.DispatcherServlet - Completed 200 OK
2025-09-18 17:54:47 [http-nio-8081-exec-1] DEBUG o.s.w.f.CommonsRequestLoggingFilter - After request [GET /api/groups-receivers/all?search=, client=0:0:0:0:0:0:0:1, user=admin@mail.com]
2025-09-18 17:54:47 [http-nio-8081-exec-5] DEBUG o.s.w.s.m.m.a.HttpEntityMethodProcessor - Using 'application/json', given [*/*] and supported [application/json, application/*+json, application/yaml]
2025-09-18 17:54:47 [http-nio-8081-exec-5] DEBUG o.s.w.s.m.m.a.HttpEntityMethodProcessor - Writing [Page 1 of 0 containing UNKNOWN instances]
2025-09-18 17:54:47 [http-nio-8081-exec-10] DEBUG o.s.w.s.m.m.a.HttpEntityMethodProcessor - Using 'application/json', given [*/*] and supported [application/json, application/*+json, application/yaml]
2025-09-18 17:54:47 [http-nio-8081-exec-10] DEBUG o.s.w.s.m.m.a.HttpEntityMethodProcessor - Writing [[]]
2025-09-18 17:54:47 [http-nio-8081-exec-10] DEBUG o.s.web.servlet.DispatcherServlet - Completed 200 OK
2025-09-18 17:54:47 [http-nio-8081-exec-10] DEBUG o.s.w.f.CommonsRequestLoggingFilter - After request [GET /api/groups-receivers, client=0:0:0:0:0:0:0:1, user=admin@mail.com]
2025-09-18 17:54:47 [http-nio-8081-exec-5] DEBUG o.s.web.servlet.DispatcherServlet - Completed 200 OK
2025-09-18 17:54:47 [http-nio-8081-exec-5] DEBUG o.s.w.f.CommonsRequestLoggingFilter - After request [GET /api/groups-receivers/table?page=0&size=10&sortedBy=updatedAt&sortDirection=desc, client=0:0:0:0:0:0:0:1, user=admin@mail.com]
2025-09-18 17:54:48 [http-nio-8081-exec-4] INFO  c.m.b.k.service.DynamicRouteService - Fetching active routes with pagination
2025-09-18 17:54:48 [http-nio-8081-exec-4] DEBUG o.s.w.f.CommonsRequestLoggingFilter - Before request [GET /api/groups-receivers, client=0:0:0:0:0:0:0:1, user=admin@mail.com]
2025-09-18 17:54:48 [http-nio-8081-exec-4] DEBUG o.s.web.servlet.DispatcherServlet - GET "/api/groups-receivers", parameters={}
2025-09-18 17:54:48 [http-nio-8081-exec-4] DEBUG o.s.w.s.m.m.a.RequestMappingHandlerMapping - Mapped to com.middleware.backend.notification.controller.groupReceiverController#getUnlinkedGroups()
2025-09-18 17:54:48 [http-nio-8081-exec-4] DEBUG o.s.w.s.m.m.a.HttpEntityMethodProcessor - Using 'application/json', given [*/*] and supported [application/json, application/*+json, application/yaml]
2025-09-18 17:54:48 [http-nio-8081-exec-4] DEBUG o.s.w.s.m.m.a.HttpEntityMethodProcessor - Writing [[]]
2025-09-18 17:54:48 [http-nio-8081-exec-4] DEBUG o.s.web.servlet.DispatcherServlet - Completed 200 OK
2025-09-18 17:54:48 [http-nio-8081-exec-4] DEBUG o.s.w.f.CommonsRequestLoggingFilter - After request [GET /api/groups-receivers, client=0:0:0:0:0:0:0:1, user=admin@mail.com]
2025-09-18 17:54:48 [scheduling-1] INFO  c.m.b.k.service.DynamicRouteService - Starting route status sync with Camel context
2025-09-18 17:54:48 [scheduling-1] INFO  c.m.b.k.service.DynamicRouteService - Completed route status sync
2025-09-18 17:54:59 [http-nio-8081-exec-3] INFO  c.m.b.k.service.DynamicRouteService - Fetching active routes with pagination
2025-09-18 17:55:00 [http-nio-8081-exec-3] DEBUG o.s.w.f.CommonsRequestLoggingFilter - Before request [GET /api/groups?page=0&size=10&sortedBy=updatedAt&sortDirection=desc, client=0:0:0:0:0:0:0:1, user=admin@mail.com]
2025-09-18 17:55:00 [http-nio-8081-exec-3] DEBUG o.s.web.servlet.DispatcherServlet - GET "/api/groups?page=0&size=10&sortedBy=updatedAt&sortDirection=desc", parameters={masked}
2025-09-18 17:55:00 [http-nio-8081-exec-3] DEBUG o.s.w.s.m.m.a.RequestMappingHandlerMapping - Mapped to com.middleware.backend.notification.controller.NotificationGroupController#getAll(int, int, String, String)
2025-09-18 17:55:00 [http-nio-8081-exec-3] DEBUG o.s.w.s.m.m.a.HttpEntityMethodProcessor - Using 'application/json', given [*/*] and supported [application/json, application/*+json, application/yaml]
2025-09-18 17:55:00 [http-nio-8081-exec-3] DEBUG o.s.w.s.m.m.a.HttpEntityMethodProcessor - Writing [Page 1 of 0 containing UNKNOWN instances]
2025-09-18 17:55:00 [http-nio-8081-exec-3] DEBUG o.s.web.servlet.DispatcherServlet - Completed 200 OK
2025-09-18 17:55:00 [http-nio-8081-exec-3] DEBUG o.s.w.f.CommonsRequestLoggingFilter - After request [GET /api/groups?page=0&size=10&sortedBy=updatedAt&sortDirection=desc, client=0:0:0:0:0:0:0:1, user=admin@mail.com]
2025-09-18 17:55:05 [http-nio-8081-exec-2] INFO  c.m.b.k.service.DynamicRouteService - Fetching active routes with pagination
2025-09-18 17:55:05 [http-nio-8081-exec-2] DEBUG o.s.w.f.CommonsRequestLoggingFilter - Before request [GET /api/receivers?page=0&size=10&sortedBy=updatedAt&sortDirection=desc, client=0:0:0:0:0:0:0:1, user=admin@mail.com]
2025-09-18 17:55:05 [http-nio-8081-exec-2] DEBUG o.s.web.servlet.DispatcherServlet - GET "/api/receivers?page=0&size=10&sortedBy=updatedAt&sortDirection=desc", parameters={masked}
2025-09-18 17:55:05 [http-nio-8081-exec-2] DEBUG o.s.w.s.m.m.a.RequestMappingHandlerMapping - Mapped to com.middleware.backend.notification.controller.ReceiverController#getAll(int, int, String, String)
2025-09-18 17:55:05 [http-nio-8081-exec-2] DEBUG o.s.w.s.m.m.a.HttpEntityMethodProcessor - Using 'application/json', given [*/*] and supported [application/json, application/*+json, application/yaml]
2025-09-18 17:55:05 [http-nio-8081-exec-2] DEBUG o.s.w.s.m.m.a.HttpEntityMethodProcessor - Writing [Page 1 of 0 containing UNKNOWN instances]
2025-09-18 17:55:05 [http-nio-8081-exec-2] DEBUG o.s.web.servlet.DispatcherServlet - Completed 200 OK
2025-09-18 17:55:05 [http-nio-8081-exec-2] DEBUG o.s.w.f.CommonsRequestLoggingFilter - After request [GET /api/receivers?page=0&size=10&sortedBy=updatedAt&sortDirection=desc, client=0:0:0:0:0:0:0:1, user=admin@mail.com]
2025-09-18 17:55:18 [scheduling-1] INFO  c.m.b.k.service.DynamicRouteService - Starting route status sync with Camel context
2025-09-18 17:55:18 [scheduling-1] INFO  c.m.b.k.service.DynamicRouteService - Completed route status sync
2025-09-18 17:55:48 [scheduling-1] INFO  c.m.b.k.service.DynamicRouteService - Starting route status sync with Camel context
2025-09-18 17:55:48 [scheduling-1] INFO  c.m.b.k.service.DynamicRouteService - Completed route status sync
2025-09-18 17:56:18 [scheduling-1] INFO  c.m.b.k.service.DynamicRouteService - Starting route status sync with Camel context
2025-09-18 17:56:18 [scheduling-1] INFO  c.m.b.k.service.DynamicRouteService - Completed route status sync
2025-09-18 17:56:48 [scheduling-1] INFO  c.m.b.k.service.DynamicRouteService - Starting route status sync with Camel context
2025-09-18 17:56:48 [scheduling-1] INFO  c.m.b.k.service.DynamicRouteService - Completed route status sync
2025-09-18 17:57:18 [scheduling-1] INFO  c.m.b.k.service.DynamicRouteService - Starting route status sync with Camel context
2025-09-18 17:57:18 [scheduling-1] INFO  c.m.b.k.service.DynamicRouteService - Completed route status sync
2025-09-18 17:57:48 [scheduling-1] INFO  c.m.b.k.service.DynamicRouteService - Starting route status sync with Camel context
2025-09-18 17:57:48 [scheduling-1] INFO  c.m.b.k.service.DynamicRouteService - Completed route status sync
2025-09-18 17:58:18 [scheduling-1] INFO  c.m.b.k.service.DynamicRouteService - Starting route status sync with Camel context
2025-09-18 17:58:18 [scheduling-1] INFO  c.m.b.k.service.DynamicRouteService - Completed route status sync
2025-09-18 17:58:28 [http-nio-8081-exec-6] INFO  c.m.b.k.service.DynamicRouteService - Fetching active routes with pagination
2025-09-18 17:58:28 [http-nio-8081-exec-6] DEBUG o.s.w.f.CommonsRequestLoggingFilter - Before request [GET /api/receivers?page=0&size=10&sortedBy=updatedAt&sortDirection=desc, client=0:0:0:0:0:0:0:1, user=admin@mail.com]
2025-09-18 17:58:28 [http-nio-8081-exec-6] DEBUG o.s.web.servlet.DispatcherServlet - GET "/api/receivers?page=0&size=10&sortedBy=updatedAt&sortDirection=desc", parameters={masked}
2025-09-18 17:58:28 [http-nio-8081-exec-6] DEBUG o.s.w.s.m.m.a.RequestMappingHandlerMapping - Mapped to com.middleware.backend.notification.controller.ReceiverController#getAll(int, int, String, String)
2025-09-18 17:58:29 [http-nio-8081-exec-6] DEBUG o.s.w.s.m.m.a.HttpEntityMethodProcessor - Using 'application/json', given [*/*] and supported [application/json, application/*+json, application/yaml]
2025-09-18 17:58:29 [http-nio-8081-exec-6] DEBUG o.s.w.s.m.m.a.HttpEntityMethodProcessor - Writing [Page 1 of 0 containing UNKNOWN instances]
2025-09-18 17:58:29 [http-nio-8081-exec-6] DEBUG o.s.web.servlet.DispatcherServlet - Completed 200 OK
2025-09-18 17:58:29 [http-nio-8081-exec-6] DEBUG o.s.w.f.CommonsRequestLoggingFilter - After request [GET /api/receivers?page=0&size=10&sortedBy=updatedAt&sortDirection=desc, client=0:0:0:0:0:0:0:1, user=admin@mail.com]
2025-09-18 17:58:36 [http-nio-8081-exec-1] INFO  c.m.b.k.service.DynamicRouteService - Fetching active routes with pagination
2025-09-18 17:58:36 [http-nio-8081-exec-1] DEBUG o.s.w.f.CommonsRequestLoggingFilter - Before request [GET /api/receivers?page=0&size=10&sortedBy=updatedAt&sortDirection=desc, client=0:0:0:0:0:0:0:1, user=admin@mail.com]
2025-09-18 17:58:36 [http-nio-8081-exec-1] DEBUG o.s.web.servlet.DispatcherServlet - GET "/api/receivers?page=0&size=10&sortedBy=updatedAt&sortDirection=desc", parameters={masked}
2025-09-18 17:58:36 [http-nio-8081-exec-1] DEBUG o.s.w.s.m.m.a.RequestMappingHandlerMapping - Mapped to com.middleware.backend.notification.controller.ReceiverController#getAll(int, int, String, String)
2025-09-18 17:58:36 [http-nio-8081-exec-1] DEBUG o.s.w.s.m.m.a.HttpEntityMethodProcessor - Using 'application/json', given [*/*] and supported [application/json, application/*+json, application/yaml]
2025-09-18 17:58:36 [http-nio-8081-exec-1] DEBUG o.s.w.s.m.m.a.HttpEntityMethodProcessor - Writing [Page 1 of 0 containing UNKNOWN instances]
2025-09-18 17:58:36 [http-nio-8081-exec-1] DEBUG o.s.web.servlet.DispatcherServlet - Completed 200 OK
2025-09-18 17:58:36 [http-nio-8081-exec-1] DEBUG o.s.w.f.CommonsRequestLoggingFilter - After request [GET /api/receivers?page=0&size=10&sortedBy=updatedAt&sortDirection=desc, client=0:0:0:0:0:0:0:1, user=admin@mail.com]
2025-09-18 17:58:48 [scheduling-1] INFO  c.m.b.k.service.DynamicRouteService - Starting route status sync with Camel context
2025-09-18 17:58:48 [scheduling-1] INFO  c.m.b.k.service.DynamicRouteService - Completed route status sync
2025-09-18 17:58:51 [http-nio-8081-exec-5] INFO  c.m.b.k.service.DynamicRouteService - Fetching active routes with pagination
2025-09-18 17:58:51 [http-nio-8081-exec-5] DEBUG o.s.w.f.CommonsRequestLoggingFilter - Before request [GET /api/receivers?page=0&size=10&sortedBy=updatedAt&sortDirection=desc, client=0:0:0:0:0:0:0:1, user=admin@mail.com]
2025-09-18 17:58:51 [http-nio-8081-exec-5] DEBUG o.s.web.servlet.DispatcherServlet - GET "/api/receivers?page=0&size=10&sortedBy=updatedAt&sortDirection=desc", parameters={masked}
2025-09-18 17:58:51 [http-nio-8081-exec-5] DEBUG o.s.w.s.m.m.a.RequestMappingHandlerMapping - Mapped to com.middleware.backend.notification.controller.ReceiverController#getAll(int, int, String, String)
2025-09-18 17:58:51 [http-nio-8081-exec-5] DEBUG o.s.w.s.m.m.a.HttpEntityMethodProcessor - Using 'application/json', given [*/*] and supported [application/json, application/*+json, application/yaml]
2025-09-18 17:58:51 [http-nio-8081-exec-5] DEBUG o.s.w.s.m.m.a.HttpEntityMethodProcessor - Writing [Page 1 of 0 containing UNKNOWN instances]
2025-09-18 17:58:51 [http-nio-8081-exec-5] DEBUG o.s.web.servlet.DispatcherServlet - Completed 200 OK
2025-09-18 17:58:51 [http-nio-8081-exec-5] DEBUG o.s.w.f.CommonsRequestLoggingFilter - After request [GET /api/receivers?page=0&size=10&sortedBy=updatedAt&sortDirection=desc, client=0:0:0:0:0:0:0:1, user=admin@mail.com]
2025-09-18 17:59:01 [http-nio-8081-exec-10] INFO  c.m.b.k.service.DynamicRouteService - Fetching active routes with pagination
2025-09-18 17:59:02 [http-nio-8081-exec-10] DEBUG o.s.w.f.CommonsRequestLoggingFilter - Before request [GET /api/receivers?page=0&size=10&sortedBy=updatedAt&sortDirection=desc, client=0:0:0:0:0:0:0:1, user=admin@mail.com]
2025-09-18 17:59:02 [http-nio-8081-exec-10] DEBUG o.s.web.servlet.DispatcherServlet - GET "/api/receivers?page=0&size=10&sortedBy=updatedAt&sortDirection=desc", parameters={masked}
2025-09-18 17:59:02 [http-nio-8081-exec-10] DEBUG o.s.w.s.m.m.a.RequestMappingHandlerMapping - Mapped to com.middleware.backend.notification.controller.ReceiverController#getAll(int, int, String, String)
2025-09-18 17:59:02 [http-nio-8081-exec-10] DEBUG o.s.w.s.m.m.a.HttpEntityMethodProcessor - Using 'application/json', given [*/*] and supported [application/json, application/*+json, application/yaml]
2025-09-18 17:59:02 [http-nio-8081-exec-10] DEBUG o.s.w.s.m.m.a.HttpEntityMethodProcessor - Writing [Page 1 of 0 containing UNKNOWN instances]
2025-09-18 17:59:02 [http-nio-8081-exec-10] DEBUG o.s.web.servlet.DispatcherServlet - Completed 200 OK
2025-09-18 17:59:02 [http-nio-8081-exec-10] DEBUG o.s.w.f.CommonsRequestLoggingFilter - After request [GET /api/receivers?page=0&size=10&sortedBy=updatedAt&sortDirection=desc, client=0:0:0:0:0:0:0:1, user=admin@mail.com]
2025-09-18 17:59:18 [scheduling-1] INFO  c.m.b.k.service.DynamicRouteService - Starting route status sync with Camel context
2025-09-18 17:59:18 [scheduling-1] INFO  c.m.b.k.service.DynamicRouteService - Completed route status sync
2025-09-18 17:59:48 [scheduling-1] INFO  c.m.b.k.service.DynamicRouteService - Starting route status sync with Camel context
2025-09-18 17:59:48 [scheduling-1] INFO  c.m.b.k.service.DynamicRouteService - Completed route status sync
2025-09-18 18:00:11 [http-nio-8081-exec-3] INFO  c.m.b.k.service.DynamicRouteService - Fetching active routes with pagination
2025-09-18 18:00:11 [http-nio-8081-exec-3] DEBUG o.s.w.f.CommonsRequestLoggingFilter - Before request [GET /api/receivers?page=0&size=10&sortedBy=updatedAt&sortDirection=desc, client=0:0:0:0:0:0:0:1, user=admin@mail.com]
2025-09-18 18:00:11 [http-nio-8081-exec-3] DEBUG o.s.web.servlet.DispatcherServlet - GET "/api/receivers?page=0&size=10&sortedBy=updatedAt&sortDirection=desc", parameters={masked}
2025-09-18 18:00:11 [http-nio-8081-exec-3] DEBUG o.s.w.s.m.m.a.RequestMappingHandlerMapping - Mapped to com.middleware.backend.notification.controller.ReceiverController#getAll(int, int, String, String)
2025-09-18 18:00:11 [http-nio-8081-exec-3] DEBUG o.s.w.s.m.m.a.HttpEntityMethodProcessor - Using 'application/json', given [*/*] and supported [application/json, application/*+json, application/yaml]
2025-09-18 18:00:11 [http-nio-8081-exec-3] DEBUG o.s.w.s.m.m.a.HttpEntityMethodProcessor - Writing [Page 1 of 0 containing UNKNOWN instances]
2025-09-18 18:00:11 [http-nio-8081-exec-3] DEBUG o.s.web.servlet.DispatcherServlet - Completed 200 OK
2025-09-18 18:00:11 [http-nio-8081-exec-3] DEBUG o.s.w.f.CommonsRequestLoggingFilter - After request [GET /api/receivers?page=0&size=10&sortedBy=updatedAt&sortDirection=desc, client=0:0:0:0:0:0:0:1, user=admin@mail.com]
2025-09-18 18:00:18 [scheduling-1] INFO  c.m.b.k.service.DynamicRouteService - Starting route status sync with Camel context
2025-09-18 18:00:18 [scheduling-1] INFO  c.m.b.k.service.DynamicRouteService - Completed route status sync
2025-09-18 18:00:19 [http-nio-8081-exec-2] INFO  c.m.b.k.service.DynamicRouteService - Fetching active routes with pagination
2025-09-18 18:00:19 [http-nio-8081-exec-2] DEBUG o.s.w.f.CommonsRequestLoggingFilter - Before request [GET /api/receivers?page=0&size=10&sortedBy=updatedAt&sortDirection=desc, client=0:0:0:0:0:0:0:1, user=admin@mail.com]
2025-09-18 18:00:19 [http-nio-8081-exec-2] DEBUG o.s.web.servlet.DispatcherServlet - GET "/api/receivers?page=0&size=10&sortedBy=updatedAt&sortDirection=desc", parameters={masked}
2025-09-18 18:00:19 [http-nio-8081-exec-2] DEBUG o.s.w.s.m.m.a.RequestMappingHandlerMapping - Mapped to com.middleware.backend.notification.controller.ReceiverController#getAll(int, int, String, String)
2025-09-18 18:00:19 [http-nio-8081-exec-2] DEBUG o.s.w.s.m.m.a.HttpEntityMethodProcessor - Using 'application/json', given [*/*] and supported [application/json, application/*+json, application/yaml]
2025-09-18 18:00:19 [http-nio-8081-exec-2] DEBUG o.s.w.s.m.m.a.HttpEntityMethodProcessor - Writing [Page 1 of 0 containing UNKNOWN instances]
2025-09-18 18:00:19 [http-nio-8081-exec-2] DEBUG o.s.web.servlet.DispatcherServlet - Completed 200 OK
2025-09-18 18:00:19 [http-nio-8081-exec-2] DEBUG o.s.w.f.CommonsRequestLoggingFilter - After request [GET /api/receivers?page=0&size=10&sortedBy=updatedAt&sortDirection=desc, client=0:0:0:0:0:0:0:1, user=admin@mail.com]
2025-09-18 18:00:25 [http-nio-8081-exec-9] INFO  c.m.b.k.service.DynamicRouteService - Fetching active routes with pagination
2025-09-18 18:00:25 [http-nio-8081-exec-9] DEBUG o.s.w.f.CommonsRequestLoggingFilter - Before request [GET /api/receivers?page=0&size=10&sortedBy=updatedAt&sortDirection=desc, client=0:0:0:0:0:0:0:1, user=admin@mail.com]
2025-09-18 18:00:25 [http-nio-8081-exec-9] DEBUG o.s.web.servlet.DispatcherServlet - GET "/api/receivers?page=0&size=10&sortedBy=updatedAt&sortDirection=desc", parameters={masked}
2025-09-18 18:00:25 [http-nio-8081-exec-9] DEBUG o.s.w.s.m.m.a.RequestMappingHandlerMapping - Mapped to com.middleware.backend.notification.controller.ReceiverController#getAll(int, int, String, String)
2025-09-18 18:00:26 [http-nio-8081-exec-9] DEBUG o.s.w.s.m.m.a.HttpEntityMethodProcessor - Using 'application/json', given [*/*] and supported [application/json, application/*+json, application/yaml]
2025-09-18 18:00:26 [http-nio-8081-exec-9] DEBUG o.s.w.s.m.m.a.HttpEntityMethodProcessor - Writing [Page 1 of 0 containing UNKNOWN instances]
2025-09-18 18:00:26 [http-nio-8081-exec-9] DEBUG o.s.web.servlet.DispatcherServlet - Completed 200 OK
2025-09-18 18:00:26 [http-nio-8081-exec-9] DEBUG o.s.w.f.CommonsRequestLoggingFilter - After request [GET /api/receivers?page=0&size=10&sortedBy=updatedAt&sortDirection=desc, client=0:0:0:0:0:0:0:1, user=admin@mail.com]
2025-09-18 18:00:33 [http-nio-8081-exec-7] INFO  c.m.b.k.service.DynamicRouteService - Fetching active routes with pagination
2025-09-18 18:00:33 [http-nio-8081-exec-7] DEBUG o.s.w.f.CommonsRequestLoggingFilter - Before request [GET /api/receivers?page=0&size=10&sortedBy=updatedAt&sortDirection=desc, client=0:0:0:0:0:0:0:1, user=admin@mail.com]
2025-09-18 18:00:33 [http-nio-8081-exec-7] DEBUG o.s.web.servlet.DispatcherServlet - GET "/api/receivers?page=0&size=10&sortedBy=updatedAt&sortDirection=desc", parameters={masked}
2025-09-18 18:00:33 [http-nio-8081-exec-7] DEBUG o.s.w.s.m.m.a.RequestMappingHandlerMapping - Mapped to com.middleware.backend.notification.controller.ReceiverController#getAll(int, int, String, String)
2025-09-18 18:00:33 [http-nio-8081-exec-7] DEBUG o.s.w.s.m.m.a.HttpEntityMethodProcessor - Using 'application/json', given [*/*] and supported [application/json, application/*+json, application/yaml]
2025-09-18 18:00:33 [http-nio-8081-exec-7] DEBUG o.s.w.s.m.m.a.HttpEntityMethodProcessor - Writing [Page 1 of 0 containing UNKNOWN instances]
2025-09-18 18:00:33 [http-nio-8081-exec-7] DEBUG o.s.web.servlet.DispatcherServlet - Completed 200 OK
2025-09-18 18:00:33 [http-nio-8081-exec-7] DEBUG o.s.w.f.CommonsRequestLoggingFilter - After request [GET /api/receivers?page=0&size=10&sortedBy=updatedAt&sortDirection=desc, client=0:0:0:0:0:0:0:1, user=admin@mail.com]
2025-09-18 18:00:40 [http-nio-8081-exec-8] INFO  c.m.b.k.service.DynamicRouteService - Fetching active routes with pagination
2025-09-18 18:00:40 [http-nio-8081-exec-8] DEBUG o.s.w.f.CommonsRequestLoggingFilter - Before request [GET /api/receivers?page=0&size=10&sortedBy=updatedAt&sortDirection=desc, client=0:0:0:0:0:0:0:1, user=admin@mail.com]
2025-09-18 18:00:40 [http-nio-8081-exec-8] DEBUG o.s.web.servlet.DispatcherServlet - GET "/api/receivers?page=0&size=10&sortedBy=updatedAt&sortDirection=desc", parameters={masked}
2025-09-18 18:00:40 [http-nio-8081-exec-8] DEBUG o.s.w.s.m.m.a.RequestMappingHandlerMapping - Mapped to com.middleware.backend.notification.controller.ReceiverController#getAll(int, int, String, String)
2025-09-18 18:00:40 [http-nio-8081-exec-8] DEBUG o.s.w.s.m.m.a.HttpEntityMethodProcessor - Using 'application/json', given [*/*] and supported [application/json, application/*+json, application/yaml]
2025-09-18 18:00:40 [http-nio-8081-exec-8] DEBUG o.s.w.s.m.m.a.HttpEntityMethodProcessor - Writing [Page 1 of 0 containing UNKNOWN instances]
2025-09-18 18:00:40 [http-nio-8081-exec-8] DEBUG o.s.web.servlet.DispatcherServlet - Completed 200 OK
2025-09-18 18:00:40 [http-nio-8081-exec-8] DEBUG o.s.w.f.CommonsRequestLoggingFilter - After request [GET /api/receivers?page=0&size=10&sortedBy=updatedAt&sortDirection=desc, client=0:0:0:0:0:0:0:1, user=admin@mail.com]
2025-09-18 18:00:48 [scheduling-1] INFO  c.m.b.k.service.DynamicRouteService - Starting route status sync with Camel context
2025-09-18 18:00:48 [scheduling-1] INFO  c.m.b.k.service.DynamicRouteService - Completed route status sync
2025-09-18 18:00:51 [http-nio-8081-exec-6] INFO  c.m.b.k.service.DynamicRouteService - Fetching active routes with pagination
2025-09-18 18:00:51 [http-nio-8081-exec-6] DEBUG o.s.w.f.CommonsRequestLoggingFilter - Before request [GET /api/receivers?page=0&size=10&sortedBy=updatedAt&sortDirection=desc, client=0:0:0:0:0:0:0:1, user=admin@mail.com]
2025-09-18 18:00:51 [http-nio-8081-exec-6] DEBUG o.s.web.servlet.DispatcherServlet - GET "/api/receivers?page=0&size=10&sortedBy=updatedAt&sortDirection=desc", parameters={masked}
2025-09-18 18:00:51 [http-nio-8081-exec-6] DEBUG o.s.w.s.m.m.a.RequestMappingHandlerMapping - Mapped to com.middleware.backend.notification.controller.ReceiverController#getAll(int, int, String, String)
2025-09-18 18:00:51 [http-nio-8081-exec-6] DEBUG o.s.w.s.m.m.a.HttpEntityMethodProcessor - Using 'application/json', given [*/*] and supported [application/json, application/*+json, application/yaml]
2025-09-18 18:00:51 [http-nio-8081-exec-6] DEBUG o.s.w.s.m.m.a.HttpEntityMethodProcessor - Writing [Page 1 of 0 containing UNKNOWN instances]
2025-09-18 18:00:51 [http-nio-8081-exec-6] DEBUG o.s.web.servlet.DispatcherServlet - Completed 200 OK
2025-09-18 18:00:51 [http-nio-8081-exec-6] DEBUG o.s.w.f.CommonsRequestLoggingFilter - After request [GET /api/receivers?page=0&size=10&sortedBy=updatedAt&sortDirection=desc, client=0:0:0:0:0:0:0:1, user=admin@mail.com]
2025-09-18 18:01:18 [scheduling-1] INFO  c.m.b.k.service.DynamicRouteService - Starting route status sync with Camel context
2025-09-18 18:01:18 [scheduling-1] INFO  c.m.b.k.service.DynamicRouteService - Completed route status sync
2025-09-18 18:01:19 [http-nio-8081-exec-1] INFO  c.m.b.k.service.DynamicRouteService - Fetching active routes with pagination
2025-09-18 18:01:19 [http-nio-8081-exec-1] DEBUG o.s.w.f.CommonsRequestLoggingFilter - Before request [GET /api/receivers?page=0&size=10&sortedBy=updatedAt&sortDirection=desc, client=0:0:0:0:0:0:0:1, user=admin@mail.com]
2025-09-18 18:01:19 [http-nio-8081-exec-1] DEBUG o.s.web.servlet.DispatcherServlet - GET "/api/receivers?page=0&size=10&sortedBy=updatedAt&sortDirection=desc", parameters={masked}
2025-09-18 18:01:19 [http-nio-8081-exec-1] DEBUG o.s.w.s.m.m.a.RequestMappingHandlerMapping - Mapped to com.middleware.backend.notification.controller.ReceiverController#getAll(int, int, String, String)
2025-09-18 18:01:19 [http-nio-8081-exec-1] DEBUG o.s.w.s.m.m.a.HttpEntityMethodProcessor - Using 'application/json', given [*/*] and supported [application/json, application/*+json, application/yaml]
2025-09-18 18:01:19 [http-nio-8081-exec-1] DEBUG o.s.w.s.m.m.a.HttpEntityMethodProcessor - Writing [Page 1 of 0 containing UNKNOWN instances]
2025-09-18 18:01:19 [http-nio-8081-exec-1] DEBUG o.s.web.servlet.DispatcherServlet - Completed 200 OK
2025-09-18 18:01:19 [http-nio-8081-exec-1] DEBUG o.s.w.f.CommonsRequestLoggingFilter - After request [GET /api/receivers?page=0&size=10&sortedBy=updatedAt&sortDirection=desc, client=0:0:0:0:0:0:0:1, user=admin@mail.com]
2025-09-18 18:01:31 [http-nio-8081-exec-5] INFO  c.m.b.k.service.DynamicRouteService - Fetching active routes with pagination
2025-09-18 18:01:31 [http-nio-8081-exec-5] DEBUG o.s.w.f.CommonsRequestLoggingFilter - Before request [GET /api/receivers?page=0&size=10&sortedBy=updatedAt&sortDirection=desc, client=0:0:0:0:0:0:0:1, user=admin@mail.com]
2025-09-18 18:01:31 [http-nio-8081-exec-5] DEBUG o.s.web.servlet.DispatcherServlet - GET "/api/receivers?page=0&size=10&sortedBy=updatedAt&sortDirection=desc", parameters={masked}
2025-09-18 18:01:31 [http-nio-8081-exec-5] DEBUG o.s.w.s.m.m.a.RequestMappingHandlerMapping - Mapped to com.middleware.backend.notification.controller.ReceiverController#getAll(int, int, String, String)
2025-09-18 18:01:31 [http-nio-8081-exec-5] DEBUG o.s.w.s.m.m.a.HttpEntityMethodProcessor - Using 'application/json', given [*/*] and supported [application/json, application/*+json, application/yaml]
2025-09-18 18:01:31 [http-nio-8081-exec-5] DEBUG o.s.w.s.m.m.a.HttpEntityMethodProcessor - Writing [Page 1 of 0 containing UNKNOWN instances]
2025-09-18 18:01:31 [http-nio-8081-exec-5] DEBUG o.s.web.servlet.DispatcherServlet - Completed 200 OK
2025-09-18 18:01:31 [http-nio-8081-exec-5] DEBUG o.s.w.f.CommonsRequestLoggingFilter - After request [GET /api/receivers?page=0&size=10&sortedBy=updatedAt&sortDirection=desc, client=0:0:0:0:0:0:0:1, user=admin@mail.com]
2025-09-18 18:01:48 [http-nio-8081-exec-10] INFO  c.m.b.k.service.DynamicRouteService - Fetching active routes with pagination
2025-09-18 18:01:48 [scheduling-1] INFO  c.m.b.k.service.DynamicRouteService - Starting route status sync with Camel context
2025-09-18 18:01:48 [scheduling-1] INFO  c.m.b.k.service.DynamicRouteService - Completed route status sync
2025-09-18 18:01:48 [http-nio-8081-exec-10] DEBUG o.s.w.f.CommonsRequestLoggingFilter - Before request [GET /api/receivers?page=0&size=10&sortedBy=updatedAt&sortDirection=desc, client=0:0:0:0:0:0:0:1, user=admin@mail.com]
2025-09-18 18:01:48 [http-nio-8081-exec-10] DEBUG o.s.web.servlet.DispatcherServlet - GET "/api/receivers?page=0&size=10&sortedBy=updatedAt&sortDirection=desc", parameters={masked}
2025-09-18 18:01:48 [http-nio-8081-exec-10] DEBUG o.s.w.s.m.m.a.RequestMappingHandlerMapping - Mapped to com.middleware.backend.notification.controller.ReceiverController#getAll(int, int, String, String)
2025-09-18 18:01:49 [http-nio-8081-exec-10] DEBUG o.s.w.s.m.m.a.HttpEntityMethodProcessor - Using 'application/json', given [*/*] and supported [application/json, application/*+json, application/yaml]
2025-09-18 18:01:49 [http-nio-8081-exec-10] DEBUG o.s.w.s.m.m.a.HttpEntityMethodProcessor - Writing [Page 1 of 0 containing UNKNOWN instances]
2025-09-18 18:01:49 [http-nio-8081-exec-10] DEBUG o.s.web.servlet.DispatcherServlet - Completed 200 OK
2025-09-18 18:01:49 [http-nio-8081-exec-10] DEBUG o.s.w.f.CommonsRequestLoggingFilter - After request [GET /api/receivers?page=0&size=10&sortedBy=updatedAt&sortDirection=desc, client=0:0:0:0:0:0:0:1, user=admin@mail.com]
2025-09-18 18:01:59 [http-nio-8081-exec-4] INFO  c.m.b.k.service.DynamicRouteService - Fetching active routes with pagination
2025-09-18 18:02:00 [http-nio-8081-exec-4] DEBUG o.s.w.f.CommonsRequestLoggingFilter - Before request [GET /api/receivers?page=0&size=10&sortedBy=updatedAt&sortDirection=desc, client=0:0:0:0:0:0:0:1, user=admin@mail.com]
2025-09-18 18:02:00 [http-nio-8081-exec-4] DEBUG o.s.web.servlet.DispatcherServlet - GET "/api/receivers?page=0&size=10&sortedBy=updatedAt&sortDirection=desc", parameters={masked}
2025-09-18 18:02:00 [http-nio-8081-exec-4] DEBUG o.s.w.s.m.m.a.RequestMappingHandlerMapping - Mapped to com.middleware.backend.notification.controller.ReceiverController#getAll(int, int, String, String)
2025-09-18 18:02:00 [http-nio-8081-exec-4] DEBUG o.s.w.s.m.m.a.HttpEntityMethodProcessor - Using 'application/json', given [*/*] and supported [application/json, application/*+json, application/yaml]
2025-09-18 18:02:00 [http-nio-8081-exec-4] DEBUG o.s.w.s.m.m.a.HttpEntityMethodProcessor - Writing [Page 1 of 0 containing UNKNOWN instances]
2025-09-18 18:02:00 [http-nio-8081-exec-4] DEBUG o.s.web.servlet.DispatcherServlet - Completed 200 OK
2025-09-18 18:02:00 [http-nio-8081-exec-4] DEBUG o.s.w.f.CommonsRequestLoggingFilter - After request [GET /api/receivers?page=0&size=10&sortedBy=updatedAt&sortDirection=desc, client=0:0:0:0:0:0:0:1, user=admin@mail.com]
2025-09-18 18:02:06 [http-nio-8081-exec-3] INFO  c.m.b.k.service.DynamicRouteService - Fetching active routes with pagination
2025-09-18 18:02:06 [http-nio-8081-exec-3] DEBUG o.s.w.f.CommonsRequestLoggingFilter - Before request [GET /api/receivers?page=0&size=10&sortedBy=updatedAt&sortDirection=desc, client=0:0:0:0:0:0:0:1, user=admin@mail.com]
2025-09-18 18:02:06 [http-nio-8081-exec-3] DEBUG o.s.web.servlet.DispatcherServlet - GET "/api/receivers?page=0&size=10&sortedBy=updatedAt&sortDirection=desc", parameters={masked}
2025-09-18 18:02:06 [http-nio-8081-exec-3] DEBUG o.s.w.s.m.m.a.RequestMappingHandlerMapping - Mapped to com.middleware.backend.notification.controller.ReceiverController#getAll(int, int, String, String)
2025-09-18 18:02:06 [http-nio-8081-exec-3] DEBUG o.s.w.s.m.m.a.HttpEntityMethodProcessor - Using 'application/json', given [*/*] and supported [application/json, application/*+json, application/yaml]
2025-09-18 18:02:06 [http-nio-8081-exec-3] DEBUG o.s.w.s.m.m.a.HttpEntityMethodProcessor - Writing [Page 1 of 0 containing UNKNOWN instances]
2025-09-18 18:02:06 [http-nio-8081-exec-3] DEBUG o.s.web.servlet.DispatcherServlet - Completed 200 OK
2025-09-18 18:02:06 [http-nio-8081-exec-3] DEBUG o.s.w.f.CommonsRequestLoggingFilter - After request [GET /api/receivers?page=0&size=10&sortedBy=updatedAt&sortDirection=desc, client=0:0:0:0:0:0:0:1, user=admin@mail.com]
2025-09-18 18:02:18 [http-nio-8081-exec-2] INFO  c.m.b.k.service.DynamicRouteService - Fetching active routes with pagination
2025-09-18 18:02:18 [http-nio-8081-exec-2] DEBUG o.s.w.f.CommonsRequestLoggingFilter - Before request [GET /api/receivers?page=0&size=10&sortedBy=updatedAt&sortDirection=desc, client=0:0:0:0:0:0:0:1, user=admin@mail.com]
2025-09-18 18:02:18 [http-nio-8081-exec-2] DEBUG o.s.web.servlet.DispatcherServlet - GET "/api/receivers?page=0&size=10&sortedBy=updatedAt&sortDirection=desc", parameters={masked}
2025-09-18 18:02:18 [http-nio-8081-exec-2] DEBUG o.s.w.s.m.m.a.RequestMappingHandlerMapping - Mapped to com.middleware.backend.notification.controller.ReceiverController#getAll(int, int, String, String)
2025-09-18 18:02:18 [http-nio-8081-exec-2] DEBUG o.s.w.s.m.m.a.HttpEntityMethodProcessor - Using 'application/json', given [*/*] and supported [application/json, application/*+json, application/yaml]
2025-09-18 18:02:18 [http-nio-8081-exec-2] DEBUG o.s.w.s.m.m.a.HttpEntityMethodProcessor - Writing [Page 1 of 0 containing UNKNOWN instances]
2025-09-18 18:02:18 [http-nio-8081-exec-2] DEBUG o.s.web.servlet.DispatcherServlet - Completed 200 OK
2025-09-18 18:02:18 [http-nio-8081-exec-2] DEBUG o.s.w.f.CommonsRequestLoggingFilter - After request [GET /api/receivers?page=0&size=10&sortedBy=updatedAt&sortDirection=desc, client=0:0:0:0:0:0:0:1, user=admin@mail.com]
2025-09-18 18:02:18 [scheduling-1] INFO  c.m.b.k.service.DynamicRouteService - Starting route status sync with Camel context
2025-09-18 18:02:18 [scheduling-1] INFO  c.m.b.k.service.DynamicRouteService - Completed route status sync
2025-09-18 18:02:25 [http-nio-8081-exec-9] INFO  c.m.b.k.service.DynamicRouteService - Fetching active routes with pagination
2025-09-18 18:02:25 [http-nio-8081-exec-9] DEBUG o.s.w.f.CommonsRequestLoggingFilter - Before request [GET /api/receivers?page=0&size=10&sortedBy=updatedAt&sortDirection=desc, client=0:0:0:0:0:0:0:1, user=admin@mail.com]
2025-09-18 18:02:25 [http-nio-8081-exec-9] DEBUG o.s.web.servlet.DispatcherServlet - GET "/api/receivers?page=0&size=10&sortedBy=updatedAt&sortDirection=desc", parameters={masked}
2025-09-18 18:02:25 [http-nio-8081-exec-9] DEBUG o.s.w.s.m.m.a.RequestMappingHandlerMapping - Mapped to com.middleware.backend.notification.controller.ReceiverController#getAll(int, int, String, String)
2025-09-18 18:02:25 [http-nio-8081-exec-9] DEBUG o.s.w.s.m.m.a.HttpEntityMethodProcessor - Using 'application/json', given [*/*] and supported [application/json, application/*+json, application/yaml]
2025-09-18 18:02:25 [http-nio-8081-exec-9] DEBUG o.s.w.s.m.m.a.HttpEntityMethodProcessor - Writing [Page 1 of 0 containing UNKNOWN instances]
2025-09-18 18:02:25 [http-nio-8081-exec-9] DEBUG o.s.web.servlet.DispatcherServlet - Completed 200 OK
2025-09-18 18:02:25 [http-nio-8081-exec-9] DEBUG o.s.w.f.CommonsRequestLoggingFilter - After request [GET /api/receivers?page=0&size=10&sortedBy=updatedAt&sortDirection=desc, client=0:0:0:0:0:0:0:1, user=admin@mail.com]
2025-09-18 18:02:32 [http-nio-8081-exec-7] INFO  c.m.b.k.service.DynamicRouteService - Fetching active routes with pagination
2025-09-18 18:02:32 [http-nio-8081-exec-7] DEBUG o.s.w.f.CommonsRequestLoggingFilter - Before request [GET /api/receivers?page=0&size=10&sortedBy=updatedAt&sortDirection=desc, client=0:0:0:0:0:0:0:1, user=admin@mail.com]
2025-09-18 18:02:32 [http-nio-8081-exec-7] DEBUG o.s.web.servlet.DispatcherServlet - GET "/api/receivers?page=0&size=10&sortedBy=updatedAt&sortDirection=desc", parameters={masked}
2025-09-18 18:02:32 [http-nio-8081-exec-7] DEBUG o.s.w.s.m.m.a.RequestMappingHandlerMapping - Mapped to com.middleware.backend.notification.controller.ReceiverController#getAll(int, int, String, String)
2025-09-18 18:02:32 [http-nio-8081-exec-7] DEBUG o.s.w.s.m.m.a.HttpEntityMethodProcessor - Using 'application/json', given [*/*] and supported [application/json, application/*+json, application/yaml]
2025-09-18 18:02:32 [http-nio-8081-exec-7] DEBUG o.s.w.s.m.m.a.HttpEntityMethodProcessor - Writing [Page 1 of 0 containing UNKNOWN instances]
2025-09-18 18:02:32 [http-nio-8081-exec-7] DEBUG o.s.web.servlet.DispatcherServlet - Completed 200 OK
2025-09-18 18:02:32 [http-nio-8081-exec-7] DEBUG o.s.w.f.CommonsRequestLoggingFilter - After request [GET /api/receivers?page=0&size=10&sortedBy=updatedAt&sortDirection=desc, client=0:0:0:0:0:0:0:1, user=admin@mail.com]
2025-09-18 18:02:41 [http-nio-8081-exec-8] INFO  c.m.b.k.service.DynamicRouteService - Fetching active routes with pagination
2025-09-18 18:02:42 [http-nio-8081-exec-8] DEBUG o.s.w.f.CommonsRequestLoggingFilter - Before request [GET /api/receivers?page=0&size=10&sortedBy=updatedAt&sortDirection=desc, client=0:0:0:0:0:0:0:1, user=admin@mail.com]
2025-09-18 18:02:42 [http-nio-8081-exec-8] DEBUG o.s.web.servlet.DispatcherServlet - GET "/api/receivers?page=0&size=10&sortedBy=updatedAt&sortDirection=desc", parameters={masked}
2025-09-18 18:02:42 [http-nio-8081-exec-8] DEBUG o.s.w.s.m.m.a.RequestMappingHandlerMapping - Mapped to com.middleware.backend.notification.controller.ReceiverController#getAll(int, int, String, String)
2025-09-18 18:02:42 [http-nio-8081-exec-8] DEBUG o.s.w.s.m.m.a.HttpEntityMethodProcessor - Using 'application/json', given [*/*] and supported [application/json, application/*+json, application/yaml]
2025-09-18 18:02:42 [http-nio-8081-exec-8] DEBUG o.s.w.s.m.m.a.HttpEntityMethodProcessor - Writing [Page 1 of 0 containing UNKNOWN instances]
2025-09-18 18:02:42 [http-nio-8081-exec-8] DEBUG o.s.web.servlet.DispatcherServlet - Completed 200 OK
2025-09-18 18:02:42 [http-nio-8081-exec-8] DEBUG o.s.w.f.CommonsRequestLoggingFilter - After request [GET /api/receivers?page=0&size=10&sortedBy=updatedAt&sortDirection=desc, client=0:0:0:0:0:0:0:1, user=admin@mail.com]
2025-09-18 18:02:48 [scheduling-1] INFO  c.m.b.k.service.DynamicRouteService - Starting route status sync with Camel context
2025-09-18 18:02:48 [scheduling-1] INFO  c.m.b.k.service.DynamicRouteService - Completed route status sync
2025-09-18 18:03:04 [http-nio-8081-exec-6] INFO  c.m.b.k.service.DynamicRouteService - Fetching active routes with pagination
2025-09-18 18:03:04 [http-nio-8081-exec-6] DEBUG o.s.w.f.CommonsRequestLoggingFilter - Before request [GET /api/receivers?page=0&size=10&sortedBy=updatedAt&sortDirection=desc, client=0:0:0:0:0:0:0:1, user=admin@mail.com]
2025-09-18 18:03:04 [http-nio-8081-exec-6] DEBUG o.s.web.servlet.DispatcherServlet - GET "/api/receivers?page=0&size=10&sortedBy=updatedAt&sortDirection=desc", parameters={masked}
2025-09-18 18:03:04 [http-nio-8081-exec-6] DEBUG o.s.w.s.m.m.a.RequestMappingHandlerMapping - Mapped to com.middleware.backend.notification.controller.ReceiverController#getAll(int, int, String, String)
2025-09-18 18:03:04 [http-nio-8081-exec-6] DEBUG o.s.w.s.m.m.a.HttpEntityMethodProcessor - Using 'application/json', given [*/*] and supported [application/json, application/*+json, application/yaml]
2025-09-18 18:03:04 [http-nio-8081-exec-6] DEBUG o.s.w.s.m.m.a.HttpEntityMethodProcessor - Writing [Page 1 of 0 containing UNKNOWN instances]
2025-09-18 18:03:04 [http-nio-8081-exec-6] DEBUG o.s.web.servlet.DispatcherServlet - Completed 200 OK
2025-09-18 18:03:04 [http-nio-8081-exec-6] DEBUG o.s.w.f.CommonsRequestLoggingFilter - After request [GET /api/receivers?page=0&size=10&sortedBy=updatedAt&sortDirection=desc, client=0:0:0:0:0:0:0:1, user=admin@mail.com]
2025-09-18 18:03:18 [scheduling-1] INFO  c.m.b.k.service.DynamicRouteService - Starting route status sync with Camel context
2025-09-18 18:03:18 [scheduling-1] INFO  c.m.b.k.service.DynamicRouteService - Completed route status sync
2025-09-18 18:03:26 [http-nio-8081-exec-1] INFO  c.m.b.k.service.DynamicRouteService - Fetching active routes with pagination
2025-09-18 18:03:26 [http-nio-8081-exec-1] DEBUG o.s.w.f.CommonsRequestLoggingFilter - Before request [GET /api/groups?page=0&size=10&sortedBy=updatedAt&sortDirection=desc, client=0:0:0:0:0:0:0:1, user=admin@mail.com]
2025-09-18 18:03:26 [http-nio-8081-exec-1] DEBUG o.s.web.servlet.DispatcherServlet - GET "/api/groups?page=0&size=10&sortedBy=updatedAt&sortDirection=desc", parameters={masked}
2025-09-18 18:03:26 [http-nio-8081-exec-1] DEBUG o.s.w.s.m.m.a.RequestMappingHandlerMapping - Mapped to com.middleware.backend.notification.controller.NotificationGroupController#getAll(int, int, String, String)
2025-09-18 18:03:27 [http-nio-8081-exec-1] DEBUG o.s.w.s.m.m.a.HttpEntityMethodProcessor - Using 'application/json', given [*/*] and supported [application/json, application/*+json, application/yaml]
2025-09-18 18:03:27 [http-nio-8081-exec-1] DEBUG o.s.w.s.m.m.a.HttpEntityMethodProcessor - Writing [Page 1 of 0 containing UNKNOWN instances]
2025-09-18 18:03:27 [http-nio-8081-exec-1] DEBUG o.s.web.servlet.DispatcherServlet - Completed 200 OK
2025-09-18 18:03:27 [http-nio-8081-exec-1] DEBUG o.s.w.f.CommonsRequestLoggingFilter - After request [GET /api/groups?page=0&size=10&sortedBy=updatedAt&sortDirection=desc, client=0:0:0:0:0:0:0:1, user=admin@mail.com]
2025-09-18 18:03:30 [http-nio-8081-exec-5] INFO  c.m.b.k.service.DynamicRouteService - Fetching active routes with pagination
2025-09-18 18:03:30 [http-nio-8081-exec-5] DEBUG o.s.w.f.CommonsRequestLoggingFilter - Before request [GET /api/receivers?page=0&size=10&sortedBy=updatedAt&sortDirection=desc, client=0:0:0:0:0:0:0:1, user=admin@mail.com]
2025-09-18 18:03:30 [http-nio-8081-exec-5] DEBUG o.s.web.servlet.DispatcherServlet - GET "/api/receivers?page=0&size=10&sortedBy=updatedAt&sortDirection=desc", parameters={masked}
2025-09-18 18:03:30 [http-nio-8081-exec-5] DEBUG o.s.w.s.m.m.a.RequestMappingHandlerMapping - Mapped to com.middleware.backend.notification.controller.ReceiverController#getAll(int, int, String, String)
2025-09-18 18:03:30 [http-nio-8081-exec-5] DEBUG o.s.w.s.m.m.a.HttpEntityMethodProcessor - Using 'application/json', given [*/*] and supported [application/json, application/*+json, application/yaml]
2025-09-18 18:03:30 [http-nio-8081-exec-5] DEBUG o.s.w.s.m.m.a.HttpEntityMethodProcessor - Writing [Page 1 of 0 containing UNKNOWN instances]
2025-09-18 18:03:30 [http-nio-8081-exec-5] DEBUG o.s.web.servlet.DispatcherServlet - Completed 200 OK
2025-09-18 18:03:30 [http-nio-8081-exec-5] DEBUG o.s.w.f.CommonsRequestLoggingFilter - After request [GET /api/receivers?page=0&size=10&sortedBy=updatedAt&sortDirection=desc, client=0:0:0:0:0:0:0:1, user=admin@mail.com]
2025-09-18 18:03:31 [http-nio-8081-exec-10] INFO  c.m.b.k.service.DynamicRouteService - Fetching active routes with pagination
2025-09-18 18:03:31 [http-nio-8081-exec-10] DEBUG o.s.w.f.CommonsRequestLoggingFilter - Before request [GET /api/groups?page=0&size=10&sortedBy=updatedAt&sortDirection=desc, client=0:0:0:0:0:0:0:1, user=admin@mail.com]
2025-09-18 18:03:31 [http-nio-8081-exec-10] DEBUG o.s.web.servlet.DispatcherServlet - GET "/api/groups?page=0&size=10&sortedBy=updatedAt&sortDirection=desc", parameters={masked}
2025-09-18 18:03:31 [http-nio-8081-exec-10] DEBUG o.s.w.s.m.m.a.RequestMappingHandlerMapping - Mapped to com.middleware.backend.notification.controller.NotificationGroupController#getAll(int, int, String, String)
2025-09-18 18:03:32 [http-nio-8081-exec-10] DEBUG o.s.w.s.m.m.a.HttpEntityMethodProcessor - Using 'application/json', given [*/*] and supported [application/json, application/*+json, application/yaml]
2025-09-18 18:03:32 [http-nio-8081-exec-10] DEBUG o.s.w.s.m.m.a.HttpEntityMethodProcessor - Writing [Page 1 of 0 containing UNKNOWN instances]
2025-09-18 18:03:32 [http-nio-8081-exec-10] DEBUG o.s.web.servlet.DispatcherServlet - Completed 200 OK
2025-09-18 18:03:32 [http-nio-8081-exec-10] DEBUG o.s.w.f.CommonsRequestLoggingFilter - After request [GET /api/groups?page=0&size=10&sortedBy=updatedAt&sortDirection=desc, client=0:0:0:0:0:0:0:1, user=admin@mail.com]
2025-09-18 18:03:45 [http-nio-8081-exec-4] INFO  c.m.b.k.service.DynamicRouteService - Fetching active routes with pagination
2025-09-18 18:03:45 [http-nio-8081-exec-4] DEBUG o.s.w.f.CommonsRequestLoggingFilter - Before request [GET /api/receivers?page=0&size=10&sortedBy=updatedAt&sortDirection=desc, client=0:0:0:0:0:0:0:1, user=admin@mail.com]
2025-09-18 18:03:45 [http-nio-8081-exec-3] INFO  c.m.b.k.service.DynamicRouteService - Fetching active routes with pagination
2025-09-18 18:03:45 [http-nio-8081-exec-4] DEBUG o.s.web.servlet.DispatcherServlet - GET "/api/receivers?page=0&size=10&sortedBy=updatedAt&sortDirection=desc", parameters={masked}
2025-09-18 18:03:45 [http-nio-8081-exec-4] DEBUG o.s.w.s.m.m.a.RequestMappingHandlerMapping - Mapped to com.middleware.backend.notification.controller.ReceiverController#getAll(int, int, String, String)
2025-09-18 18:03:46 [http-nio-8081-exec-4] DEBUG o.s.w.s.m.m.a.HttpEntityMethodProcessor - Using 'application/json', given [*/*] and supported [application/json, application/*+json, application/yaml]
2025-09-18 18:03:46 [http-nio-8081-exec-4] DEBUG o.s.w.s.m.m.a.HttpEntityMethodProcessor - Writing [Page 1 of 0 containing UNKNOWN instances]
2025-09-18 18:03:46 [http-nio-8081-exec-4] DEBUG o.s.web.servlet.DispatcherServlet - Completed 200 OK
2025-09-18 18:03:46 [http-nio-8081-exec-4] DEBUG o.s.w.f.CommonsRequestLoggingFilter - After request [GET /api/receivers?page=0&size=10&sortedBy=updatedAt&sortDirection=desc, client=0:0:0:0:0:0:0:1, user=admin@mail.com]
2025-09-18 18:03:46 [http-nio-8081-exec-3] DEBUG o.s.w.f.CommonsRequestLoggingFilter - Before request [GET /api/receivers?page=0&size=10&sortedBy=updatedAt&sortDirection=desc, client=0:0:0:0:0:0:0:1, user=admin@mail.com]
2025-09-18 18:03:46 [http-nio-8081-exec-3] DEBUG o.s.web.servlet.DispatcherServlet - GET "/api/receivers?page=0&size=10&sortedBy=updatedAt&sortDirection=desc", parameters={masked}
2025-09-18 18:03:46 [http-nio-8081-exec-3] DEBUG o.s.w.s.m.m.a.RequestMappingHandlerMapping - Mapped to com.middleware.backend.notification.controller.ReceiverController#getAll(int, int, String, String)
2025-09-18 18:03:46 [http-nio-8081-exec-3] DEBUG o.s.w.s.m.m.a.HttpEntityMethodProcessor - Using 'application/json', given [*/*] and supported [application/json, application/*+json, application/yaml]
2025-09-18 18:03:46 [http-nio-8081-exec-3] DEBUG o.s.w.s.m.m.a.HttpEntityMethodProcessor - Writing [Page 1 of 0 containing UNKNOWN instances]
2025-09-18 18:03:46 [http-nio-8081-exec-3] DEBUG o.s.web.servlet.DispatcherServlet - Completed 200 OK
2025-09-18 18:03:46 [http-nio-8081-exec-3] DEBUG o.s.w.f.CommonsRequestLoggingFilter - After request [GET /api/receivers?page=0&size=10&sortedBy=updatedAt&sortDirection=desc, client=0:0:0:0:0:0:0:1, user=admin@mail.com]
2025-09-18 18:03:48 [http-nio-8081-exec-2] INFO  c.m.b.k.service.DynamicRouteService - Fetching active routes with pagination
2025-09-18 18:03:48 [scheduling-1] INFO  c.m.b.k.service.DynamicRouteService - Starting route status sync with Camel context
2025-09-18 18:03:48 [scheduling-1] INFO  c.m.b.k.service.DynamicRouteService - Completed route status sync
2025-09-18 18:03:48 [http-nio-8081-exec-2] DEBUG o.s.w.f.CommonsRequestLoggingFilter - Before request [GET /api/receivers?page=0&size=10&sortedBy=updatedAt&sortDirection=desc, client=0:0:0:0:0:0:0:1, user=admin@mail.com]
2025-09-18 18:03:48 [http-nio-8081-exec-2] DEBUG o.s.web.servlet.DispatcherServlet - GET "/api/receivers?page=0&size=10&sortedBy=updatedAt&sortDirection=desc", parameters={masked}
2025-09-18 18:03:48 [http-nio-8081-exec-2] DEBUG o.s.w.s.m.m.a.RequestMappingHandlerMapping - Mapped to com.middleware.backend.notification.controller.ReceiverController#getAll(int, int, String, String)
2025-09-18 18:03:48 [http-nio-8081-exec-2] DEBUG o.s.w.s.m.m.a.HttpEntityMethodProcessor - Using 'application/json', given [*/*] and supported [application/json, application/*+json, application/yaml]
2025-09-18 18:03:48 [http-nio-8081-exec-2] DEBUG o.s.w.s.m.m.a.HttpEntityMethodProcessor - Writing [Page 1 of 0 containing UNKNOWN instances]
2025-09-18 18:03:48 [http-nio-8081-exec-2] DEBUG o.s.web.servlet.DispatcherServlet - Completed 200 OK
2025-09-18 18:03:48 [http-nio-8081-exec-2] DEBUG o.s.w.f.CommonsRequestLoggingFilter - After request [GET /api/receivers?page=0&size=10&sortedBy=updatedAt&sortDirection=desc, client=0:0:0:0:0:0:0:1, user=admin@mail.com]
2025-09-18 18:03:59 [http-nio-8081-exec-9] INFO  c.m.b.k.service.DynamicRouteService - Fetching active routes with pagination
2025-09-18 18:03:59 [http-nio-8081-exec-9] DEBUG o.s.w.f.CommonsRequestLoggingFilter - Before request [GET /api/receivers?page=0&size=10&sortedBy=updatedAt&sortDirection=desc, client=0:0:0:0:0:0:0:1, user=admin@mail.com]
2025-09-18 18:03:59 [http-nio-8081-exec-9] DEBUG o.s.web.servlet.DispatcherServlet - GET "/api/receivers?page=0&size=10&sortedBy=updatedAt&sortDirection=desc", parameters={masked}
2025-09-18 18:03:59 [http-nio-8081-exec-9] DEBUG o.s.w.s.m.m.a.RequestMappingHandlerMapping - Mapped to com.middleware.backend.notification.controller.ReceiverController#getAll(int, int, String, String)
2025-09-18 18:03:59 [http-nio-8081-exec-9] DEBUG o.s.w.s.m.m.a.HttpEntityMethodProcessor - Using 'application/json', given [*/*] and supported [application/json, application/*+json, application/yaml]
2025-09-18 18:03:59 [http-nio-8081-exec-9] DEBUG o.s.w.s.m.m.a.HttpEntityMethodProcessor - Writing [Page 1 of 0 containing UNKNOWN instances]
2025-09-18 18:03:59 [http-nio-8081-exec-9] DEBUG o.s.web.servlet.DispatcherServlet - Completed 200 OK
2025-09-18 18:03:59 [http-nio-8081-exec-9] DEBUG o.s.w.f.CommonsRequestLoggingFilter - After request [GET /api/receivers?page=0&size=10&sortedBy=updatedAt&sortDirection=desc, client=0:0:0:0:0:0:0:1, user=admin@mail.com]
2025-09-18 18:04:09 [http-nio-8081-exec-7] INFO  c.m.b.k.service.DynamicRouteService - Fetching active routes with pagination
2025-09-18 18:04:09 [http-nio-8081-exec-7] DEBUG o.s.w.f.CommonsRequestLoggingFilter - Before request [GET /api/receivers?page=0&size=10&sortedBy=updatedAt&sortDirection=desc, client=0:0:0:0:0:0:0:1, user=admin@mail.com]
2025-09-18 18:04:09 [http-nio-8081-exec-7] DEBUG o.s.web.servlet.DispatcherServlet - GET "/api/receivers?page=0&size=10&sortedBy=updatedAt&sortDirection=desc", parameters={masked}
2025-09-18 18:04:09 [http-nio-8081-exec-7] DEBUG o.s.w.s.m.m.a.RequestMappingHandlerMapping - Mapped to com.middleware.backend.notification.controller.ReceiverController#getAll(int, int, String, String)
2025-09-18 18:04:09 [http-nio-8081-exec-7] DEBUG o.s.w.s.m.m.a.HttpEntityMethodProcessor - Using 'application/json', given [*/*] and supported [application/json, application/*+json, application/yaml]
2025-09-18 18:04:09 [http-nio-8081-exec-7] DEBUG o.s.w.s.m.m.a.HttpEntityMethodProcessor - Writing [Page 1 of 0 containing UNKNOWN instances]
2025-09-18 18:04:09 [http-nio-8081-exec-7] DEBUG o.s.web.servlet.DispatcherServlet - Completed 200 OK
2025-09-18 18:04:09 [http-nio-8081-exec-7] DEBUG o.s.w.f.CommonsRequestLoggingFilter - After request [GET /api/receivers?page=0&size=10&sortedBy=updatedAt&sortDirection=desc, client=0:0:0:0:0:0:0:1, user=admin@mail.com]
2025-09-18 18:04:12 [http-nio-8081-exec-8] INFO  c.m.b.k.service.DynamicRouteService - Fetching active routes with pagination
2025-09-18 18:04:12 [http-nio-8081-exec-8] DEBUG o.s.w.f.CommonsRequestLoggingFilter - Before request [GET /api/receivers?page=0&size=10&sortedBy=updatedAt&sortDirection=desc, client=0:0:0:0:0:0:0:1, user=admin@mail.com]
2025-09-18 18:04:12 [http-nio-8081-exec-8] DEBUG o.s.web.servlet.DispatcherServlet - GET "/api/receivers?page=0&size=10&sortedBy=updatedAt&sortDirection=desc", parameters={masked}
2025-09-18 18:04:12 [http-nio-8081-exec-8] DEBUG o.s.w.s.m.m.a.RequestMappingHandlerMapping - Mapped to com.middleware.backend.notification.controller.ReceiverController#getAll(int, int, String, String)
2025-09-18 18:04:12 [http-nio-8081-exec-8] DEBUG o.s.w.s.m.m.a.HttpEntityMethodProcessor - Using 'application/json', given [*/*] and supported [application/json, application/*+json, application/yaml]
2025-09-18 18:04:12 [http-nio-8081-exec-8] DEBUG o.s.w.s.m.m.a.HttpEntityMethodProcessor - Writing [Page 1 of 0 containing UNKNOWN instances]
2025-09-18 18:04:12 [http-nio-8081-exec-8] DEBUG o.s.web.servlet.DispatcherServlet - Completed 200 OK
2025-09-18 18:04:12 [http-nio-8081-exec-8] DEBUG o.s.w.f.CommonsRequestLoggingFilter - After request [GET /api/receivers?page=0&size=10&sortedBy=updatedAt&sortDirection=desc, client=0:0:0:0:0:0:0:1, user=admin@mail.com]
2025-09-18 18:04:18 [scheduling-1] INFO  c.m.b.k.service.DynamicRouteService - Starting route status sync with Camel context
2025-09-18 18:04:18 [scheduling-1] INFO  c.m.b.k.service.DynamicRouteService - Completed route status sync
2025-09-18 18:04:48 [scheduling-1] INFO  c.m.b.k.service.DynamicRouteService - Starting route status sync with Camel context
2025-09-18 18:04:48 [scheduling-1] INFO  c.m.b.k.service.DynamicRouteService - Completed route status sync
2025-09-18 18:04:52 [http-nio-8081-exec-6] INFO  c.m.b.k.service.DynamicRouteService - Fetching active routes with pagination
2025-09-18 18:04:52 [http-nio-8081-exec-6] DEBUG o.s.w.f.CommonsRequestLoggingFilter - Before request [GET /api/receivers?page=0&size=10&sortedBy=updatedAt&sortDirection=desc, client=0:0:0:0:0:0:0:1, user=admin@mail.com]
2025-09-18 18:04:52 [http-nio-8081-exec-6] DEBUG o.s.web.servlet.DispatcherServlet - GET "/api/receivers?page=0&size=10&sortedBy=updatedAt&sortDirection=desc", parameters={masked}
2025-09-18 18:04:52 [http-nio-8081-exec-6] DEBUG o.s.w.s.m.m.a.RequestMappingHandlerMapping - Mapped to com.middleware.backend.notification.controller.ReceiverController#getAll(int, int, String, String)
2025-09-18 18:04:52 [http-nio-8081-exec-6] DEBUG o.s.w.s.m.m.a.HttpEntityMethodProcessor - Using 'application/json', given [*/*] and supported [application/json, application/*+json, application/yaml]
2025-09-18 18:04:52 [http-nio-8081-exec-6] DEBUG o.s.w.s.m.m.a.HttpEntityMethodProcessor - Writing [Page 1 of 0 containing UNKNOWN instances]
2025-09-18 18:04:52 [http-nio-8081-exec-6] DEBUG o.s.web.servlet.DispatcherServlet - Completed 200 OK
2025-09-18 18:04:52 [http-nio-8081-exec-6] DEBUG o.s.w.f.CommonsRequestLoggingFilter - After request [GET /api/receivers?page=0&size=10&sortedBy=updatedAt&sortDirection=desc, client=0:0:0:0:0:0:0:1, user=admin@mail.com]
2025-09-18 18:04:56 [http-nio-8081-exec-1] INFO  c.m.b.k.service.DynamicRouteService - Fetching active routes with pagination
2025-09-18 18:04:56 [http-nio-8081-exec-1] DEBUG o.s.w.f.CommonsRequestLoggingFilter - Before request [GET /api/receivers?page=0&size=10&sortedBy=updatedAt&sortDirection=desc, client=0:0:0:0:0:0:0:1, user=admin@mail.com]
2025-09-18 18:04:56 [http-nio-8081-exec-1] DEBUG o.s.web.servlet.DispatcherServlet - GET "/api/receivers?page=0&size=10&sortedBy=updatedAt&sortDirection=desc", parameters={masked}
2025-09-18 18:04:56 [http-nio-8081-exec-1] DEBUG o.s.w.s.m.m.a.RequestMappingHandlerMapping - Mapped to com.middleware.backend.notification.controller.ReceiverController#getAll(int, int, String, String)
2025-09-18 18:04:56 [http-nio-8081-exec-1] DEBUG o.s.w.s.m.m.a.HttpEntityMethodProcessor - Using 'application/json', given [*/*] and supported [application/json, application/*+json, application/yaml]
2025-09-18 18:04:56 [http-nio-8081-exec-1] DEBUG o.s.w.s.m.m.a.HttpEntityMethodProcessor - Writing [Page 1 of 0 containing UNKNOWN instances]
2025-09-18 18:04:56 [http-nio-8081-exec-1] DEBUG o.s.web.servlet.DispatcherServlet - Completed 200 OK
2025-09-18 18:04:56 [http-nio-8081-exec-1] DEBUG o.s.w.f.CommonsRequestLoggingFilter - After request [GET /api/receivers?page=0&size=10&sortedBy=updatedAt&sortDirection=desc, client=0:0:0:0:0:0:0:1, user=admin@mail.com]
2025-09-18 18:05:18 [scheduling-1] INFO  c.m.b.k.service.DynamicRouteService - Starting route status sync with Camel context
2025-09-18 18:05:18 [scheduling-1] INFO  c.m.b.k.service.DynamicRouteService - Completed route status sync
2025-09-18 18:05:48 [scheduling-1] INFO  c.m.b.k.service.DynamicRouteService - Starting route status sync with Camel context
2025-09-18 18:05:48 [scheduling-1] INFO  c.m.b.k.service.DynamicRouteService - Completed route status sync
2025-09-18 18:06:18 [scheduling-1] INFO  c.m.b.k.service.DynamicRouteService - Starting route status sync with Camel context
2025-09-18 18:06:18 [scheduling-1] INFO  c.m.b.k.service.DynamicRouteService - Completed route status sync
2025-09-18 18:06:48 [http-nio-8081-exec-10] INFO  c.m.b.k.service.DynamicRouteService - Fetching active routes with pagination
2025-09-18 18:06:48 [http-nio-8081-exec-10] DEBUG o.s.w.f.CommonsRequestLoggingFilter - Before request [GET /api/receivers?page=0&size=10&sortedBy=updatedAt&sortDirection=desc, client=0:0:0:0:0:0:0:1, user=admin@mail.com]
2025-09-18 18:06:48 [http-nio-8081-exec-10] DEBUG o.s.web.servlet.DispatcherServlet - GET "/api/receivers?page=0&size=10&sortedBy=updatedAt&sortDirection=desc", parameters={masked}
2025-09-18 18:06:48 [http-nio-8081-exec-10] DEBUG o.s.w.s.m.m.a.RequestMappingHandlerMapping - Mapped to com.middleware.backend.notification.controller.ReceiverController#getAll(int, int, String, String)
2025-09-18 18:06:48 [http-nio-8081-exec-10] DEBUG o.s.w.s.m.m.a.HttpEntityMethodProcessor - Using 'application/json', given [*/*] and supported [application/json, application/*+json, application/yaml]
2025-09-18 18:06:48 [http-nio-8081-exec-10] DEBUG o.s.w.s.m.m.a.HttpEntityMethodProcessor - Writing [Page 1 of 0 containing UNKNOWN instances]
2025-09-18 18:06:48 [http-nio-8081-exec-10] DEBUG o.s.web.servlet.DispatcherServlet - Completed 200 OK
2025-09-18 18:06:48 [http-nio-8081-exec-10] DEBUG o.s.w.f.CommonsRequestLoggingFilter - After request [GET /api/receivers?page=0&size=10&sortedBy=updatedAt&sortDirection=desc, client=0:0:0:0:0:0:0:1, user=admin@mail.com]
2025-09-18 18:06:48 [scheduling-1] INFO  c.m.b.k.service.DynamicRouteService - Starting route status sync with Camel context
2025-09-18 18:06:48 [scheduling-1] INFO  c.m.b.k.service.DynamicRouteService - Completed route status sync
2025-09-18 18:07:18 [scheduling-1] INFO  c.m.b.k.service.DynamicRouteService - Starting route status sync with Camel context
2025-09-18 18:07:18 [scheduling-1] INFO  c.m.b.k.service.DynamicRouteService - Completed route status sync
2025-09-18 18:07:48 [scheduling-1] INFO  c.m.b.k.service.DynamicRouteService - Starting route status sync with Camel context
2025-09-18 18:07:48 [scheduling-1] INFO  c.m.b.k.service.DynamicRouteService - Completed route status sync
2025-09-18 18:08:18 [scheduling-1] INFO  c.m.b.k.service.DynamicRouteService - Starting route status sync with Camel context
2025-09-18 18:08:18 [scheduling-1] INFO  c.m.b.k.service.DynamicRouteService - Completed route status sync
2025-09-18 18:08:48 [scheduling-1] INFO  c.m.b.k.service.DynamicRouteService - Starting route status sync with Camel context
2025-09-18 18:08:48 [scheduling-1] INFO  c.m.b.k.service.DynamicRouteService - Completed route status sync
2025-09-18 18:09:18 [scheduling-1] INFO  c.m.b.k.service.DynamicRouteService - Starting route status sync with Camel context
2025-09-18 18:09:18 [scheduling-1] INFO  c.m.b.k.service.DynamicRouteService - Completed route status sync
2025-09-18 18:09:43 [http-nio-8081-exec-3] INFO  c.m.b.k.service.DynamicRouteService - Fetching active routes with pagination
2025-09-18 18:09:43 [http-nio-8081-exec-3] DEBUG o.s.w.f.CommonsRequestLoggingFilter - Before request [GET /api/receivers?page=0&size=10&sortedBy=updatedAt&sortDirection=desc, client=0:0:0:0:0:0:0:1, user=admin@mail.com]
2025-09-18 18:09:43 [http-nio-8081-exec-3] DEBUG o.s.web.servlet.DispatcherServlet - GET "/api/receivers?page=0&size=10&sortedBy=updatedAt&sortDirection=desc", parameters={masked}
2025-09-18 18:09:43 [http-nio-8081-exec-3] DEBUG o.s.w.s.m.m.a.RequestMappingHandlerMapping - Mapped to com.middleware.backend.notification.controller.ReceiverController#getAll(int, int, String, String)
2025-09-18 18:09:43 [http-nio-8081-exec-3] DEBUG o.s.w.s.m.m.a.HttpEntityMethodProcessor - Using 'application/json', given [*/*] and supported [application/json, application/*+json, application/yaml]
2025-09-18 18:09:43 [http-nio-8081-exec-3] DEBUG o.s.w.s.m.m.a.HttpEntityMethodProcessor - Writing [Page 1 of 0 containing UNKNOWN instances]
2025-09-18 18:09:43 [http-nio-8081-exec-3] DEBUG o.s.web.servlet.DispatcherServlet - Completed 200 OK
2025-09-18 18:09:43 [http-nio-8081-exec-3] DEBUG o.s.w.f.CommonsRequestLoggingFilter - After request [GET /api/receivers?page=0&size=10&sortedBy=updatedAt&sortDirection=desc, client=0:0:0:0:0:0:0:1, user=admin@mail.com]
2025-09-18 18:09:48 [scheduling-1] INFO  c.m.b.k.service.DynamicRouteService - Starting route status sync with Camel context
2025-09-18 18:09:48 [scheduling-1] INFO  c.m.b.k.service.DynamicRouteService - Completed route status sync
2025-09-18 18:10:18 [scheduling-1] INFO  c.m.b.k.service.DynamicRouteService - Starting route status sync with Camel context
2025-09-18 18:10:18 [scheduling-1] INFO  c.m.b.k.service.DynamicRouteService - Completed route status sync
2025-09-18 18:10:48 [scheduling-1] INFO  c.m.b.k.service.DynamicRouteService - Starting route status sync with Camel context
2025-09-18 18:10:48 [scheduling-1] INFO  c.m.b.k.service.DynamicRouteService - Completed route status sync
2025-09-18 18:10:58 [http-nio-8081-exec-9] INFO  c.m.b.k.service.DynamicRouteService - Fetching active routes with pagination
2025-09-18 18:10:58 [http-nio-8081-exec-9] DEBUG o.s.w.f.CommonsRequestLoggingFilter - Before request [GET /api/receivers?page=0&size=10&sortedBy=updatedAt&sortDirection=desc, client=0:0:0:0:0:0:0:1, user=admin@mail.com]
2025-09-18 18:10:58 [http-nio-8081-exec-9] DEBUG o.s.web.servlet.DispatcherServlet - GET "/api/receivers?page=0&size=10&sortedBy=updatedAt&sortDirection=desc", parameters={masked}
2025-09-18 18:10:58 [http-nio-8081-exec-9] DEBUG o.s.w.s.m.m.a.RequestMappingHandlerMapping - Mapped to com.middleware.backend.notification.controller.ReceiverController#getAll(int, int, String, String)
2025-09-18 18:10:59 [http-nio-8081-exec-9] DEBUG o.s.w.s.m.m.a.HttpEntityMethodProcessor - Using 'application/json', given [*/*] and supported [application/json, application/*+json, application/yaml]
2025-09-18 18:10:59 [http-nio-8081-exec-9] DEBUG o.s.w.s.m.m.a.HttpEntityMethodProcessor - Writing [Page 1 of 0 containing UNKNOWN instances]
2025-09-18 18:10:59 [http-nio-8081-exec-9] DEBUG o.s.web.servlet.DispatcherServlet - Completed 200 OK
2025-09-18 18:10:59 [http-nio-8081-exec-9] DEBUG o.s.w.f.CommonsRequestLoggingFilter - After request [GET /api/receivers?page=0&size=10&sortedBy=updatedAt&sortDirection=desc, client=0:0:0:0:0:0:0:1, user=admin@mail.com]
2025-09-18 18:11:08 [http-nio-8081-exec-7] INFO  c.m.b.k.service.DynamicRouteService - Fetching active routes with pagination
2025-09-18 18:11:08 [http-nio-8081-exec-7] DEBUG o.s.w.f.CommonsRequestLoggingFilter - Before request [GET /api/receivers?page=0&size=10&sortedBy=updatedAt&sortDirection=desc, client=0:0:0:0:0:0:0:1, user=admin@mail.com]
2025-09-18 18:11:08 [http-nio-8081-exec-7] DEBUG o.s.web.servlet.DispatcherServlet - GET "/api/receivers?page=0&size=10&sortedBy=updatedAt&sortDirection=desc", parameters={masked}
2025-09-18 18:11:08 [http-nio-8081-exec-7] DEBUG o.s.w.s.m.m.a.RequestMappingHandlerMapping - Mapped to com.middleware.backend.notification.controller.ReceiverController#getAll(int, int, String, String)
2025-09-18 18:11:08 [http-nio-8081-exec-7] DEBUG o.s.w.s.m.m.a.HttpEntityMethodProcessor - Using 'application/json', given [*/*] and supported [application/json, application/*+json, application/yaml]
2025-09-18 18:11:08 [http-nio-8081-exec-7] DEBUG o.s.w.s.m.m.a.HttpEntityMethodProcessor - Writing [Page 1 of 0 containing UNKNOWN instances]
2025-09-18 18:11:08 [http-nio-8081-exec-7] DEBUG o.s.web.servlet.DispatcherServlet - Completed 200 OK
2025-09-18 18:11:08 [http-nio-8081-exec-7] DEBUG o.s.w.f.CommonsRequestLoggingFilter - After request [GET /api/receivers?page=0&size=10&sortedBy=updatedAt&sortDirection=desc, client=0:0:0:0:0:0:0:1, user=admin@mail.com]
2025-09-18 18:11:14 [http-nio-8081-exec-8] INFO  c.m.b.k.service.DynamicRouteService - Fetching active routes with pagination
2025-09-18 18:11:15 [http-nio-8081-exec-8] DEBUG o.s.w.f.CommonsRequestLoggingFilter - Before request [GET /api/receivers?page=0&size=10&sortedBy=updatedAt&sortDirection=desc, client=0:0:0:0:0:0:0:1, user=admin@mail.com]
2025-09-18 18:11:15 [http-nio-8081-exec-8] DEBUG o.s.web.servlet.DispatcherServlet - GET "/api/receivers?page=0&size=10&sortedBy=updatedAt&sortDirection=desc", parameters={masked}
2025-09-18 18:11:15 [http-nio-8081-exec-8] DEBUG o.s.w.s.m.m.a.RequestMappingHandlerMapping - Mapped to com.middleware.backend.notification.controller.ReceiverController#getAll(int, int, String, String)
2025-09-18 18:11:15 [http-nio-8081-exec-8] DEBUG o.s.w.s.m.m.a.HttpEntityMethodProcessor - Using 'application/json', given [*/*] and supported [application/json, application/*+json, application/yaml]
2025-09-18 18:11:15 [http-nio-8081-exec-8] DEBUG o.s.w.s.m.m.a.HttpEntityMethodProcessor - Writing [Page 1 of 0 containing UNKNOWN instances]
2025-09-18 18:11:15 [http-nio-8081-exec-8] DEBUG o.s.web.servlet.DispatcherServlet - Completed 200 OK
2025-09-18 18:11:15 [http-nio-8081-exec-8] DEBUG o.s.w.f.CommonsRequestLoggingFilter - After request [GET /api/receivers?page=0&size=10&sortedBy=updatedAt&sortDirection=desc, client=0:0:0:0:0:0:0:1, user=admin@mail.com]
2025-09-18 18:11:18 [scheduling-1] INFO  c.m.b.k.service.DynamicRouteService - Starting route status sync with Camel context
2025-09-18 18:11:18 [scheduling-1] INFO  c.m.b.k.service.DynamicRouteService - Completed route status sync
2025-09-18 18:11:29 [http-nio-8081-exec-6] INFO  c.m.b.k.service.DynamicRouteService - Fetching active routes with pagination
2025-09-18 18:11:30 [http-nio-8081-exec-6] DEBUG o.s.w.f.CommonsRequestLoggingFilter - Before request [GET /api/receivers?page=0&size=10&sortedBy=updatedAt&sortDirection=desc, client=0:0:0:0:0:0:0:1, user=admin@mail.com]
2025-09-18 18:11:30 [http-nio-8081-exec-6] DEBUG o.s.web.servlet.DispatcherServlet - GET "/api/receivers?page=0&size=10&sortedBy=updatedAt&sortDirection=desc", parameters={masked}
2025-09-18 18:11:30 [http-nio-8081-exec-6] DEBUG o.s.w.s.m.m.a.RequestMappingHandlerMapping - Mapped to com.middleware.backend.notification.controller.ReceiverController#getAll(int, int, String, String)
2025-09-18 18:11:30 [http-nio-8081-exec-6] DEBUG o.s.w.s.m.m.a.HttpEntityMethodProcessor - Using 'application/json', given [*/*] and supported [application/json, application/*+json, application/yaml]
2025-09-18 18:11:30 [http-nio-8081-exec-6] DEBUG o.s.w.s.m.m.a.HttpEntityMethodProcessor - Writing [Page 1 of 0 containing UNKNOWN instances]
2025-09-18 18:11:30 [http-nio-8081-exec-6] DEBUG o.s.web.servlet.DispatcherServlet - Completed 200 OK
2025-09-18 18:11:30 [http-nio-8081-exec-6] DEBUG o.s.w.f.CommonsRequestLoggingFilter - After request [GET /api/receivers?page=0&size=10&sortedBy=updatedAt&sortDirection=desc, client=0:0:0:0:0:0:0:1, user=admin@mail.com]
2025-09-18 18:11:36 [http-nio-8081-exec-1] INFO  c.m.b.k.service.DynamicRouteService - Fetching active routes with pagination
2025-09-18 18:11:37 [http-nio-8081-exec-1] DEBUG o.s.w.f.CommonsRequestLoggingFilter - Before request [GET /api/receivers?page=0&size=10&sortedBy=updatedAt&sortDirection=desc, client=0:0:0:0:0:0:0:1, user=admin@mail.com]
2025-09-18 18:11:37 [http-nio-8081-exec-1] DEBUG o.s.web.servlet.DispatcherServlet - GET "/api/receivers?page=0&size=10&sortedBy=updatedAt&sortDirection=desc", parameters={masked}
2025-09-18 18:11:37 [http-nio-8081-exec-1] DEBUG o.s.w.s.m.m.a.RequestMappingHandlerMapping - Mapped to com.middleware.backend.notification.controller.ReceiverController#getAll(int, int, String, String)
2025-09-18 18:11:37 [http-nio-8081-exec-1] DEBUG o.s.w.s.m.m.a.HttpEntityMethodProcessor - Using 'application/json', given [*/*] and supported [application/json, application/*+json, application/yaml]
2025-09-18 18:11:37 [http-nio-8081-exec-1] DEBUG o.s.w.s.m.m.a.HttpEntityMethodProcessor - Writing [Page 1 of 0 containing UNKNOWN instances]
2025-09-18 18:11:37 [http-nio-8081-exec-1] DEBUG o.s.web.servlet.DispatcherServlet - Completed 200 OK
2025-09-18 18:11:37 [http-nio-8081-exec-1] DEBUG o.s.w.f.CommonsRequestLoggingFilter - After request [GET /api/receivers?page=0&size=10&sortedBy=updatedAt&sortDirection=desc, client=0:0:0:0:0:0:0:1, user=admin@mail.com]
2025-09-18 18:11:48 [scheduling-1] INFO  c.m.b.k.service.DynamicRouteService - Starting route status sync with Camel context
2025-09-18 18:11:48 [scheduling-1] INFO  c.m.b.k.service.DynamicRouteService - Completed route status sync
2025-09-18 18:12:18 [scheduling-1] INFO  c.m.b.k.service.DynamicRouteService - Starting route status sync with Camel context
2025-09-18 18:12:18 [scheduling-1] INFO  c.m.b.k.service.DynamicRouteService - Completed route status sync
2025-09-18 18:12:48 [scheduling-1] INFO  c.m.b.k.service.DynamicRouteService - Starting route status sync with Camel context
2025-09-18 18:12:48 [scheduling-1] INFO  c.m.b.k.service.DynamicRouteService - Completed route status sync
2025-09-18 18:13:18 [scheduling-1] INFO  c.m.b.k.service.DynamicRouteService - Starting route status sync with Camel context
2025-09-18 18:13:18 [scheduling-1] INFO  c.m.b.k.service.DynamicRouteService - Completed route status sync
2025-09-18 18:13:42 [http-nio-8081-exec-10] INFO  c.m.b.k.service.DynamicRouteService - Fetching active routes with pagination
2025-09-18 18:13:42 [http-nio-8081-exec-10] DEBUG o.s.w.f.CommonsRequestLoggingFilter - Before request [GET /api/receivers?page=0&size=10&sortedBy=updatedAt&sortDirection=desc, client=0:0:0:0:0:0:0:1, user=admin@mail.com]
2025-09-18 18:13:42 [http-nio-8081-exec-10] DEBUG o.s.web.servlet.DispatcherServlet - GET "/api/receivers?page=0&size=10&sortedBy=updatedAt&sortDirection=desc", parameters={masked}
2025-09-18 18:13:42 [http-nio-8081-exec-10] DEBUG o.s.w.s.m.m.a.RequestMappingHandlerMapping - Mapped to com.middleware.backend.notification.controller.ReceiverController#getAll(int, int, String, String)
2025-09-18 18:13:42 [http-nio-8081-exec-10] DEBUG o.s.w.s.m.m.a.HttpEntityMethodProcessor - Using 'application/json', given [*/*] and supported [application/json, application/*+json, application/yaml]
2025-09-18 18:13:42 [http-nio-8081-exec-10] DEBUG o.s.w.s.m.m.a.HttpEntityMethodProcessor - Writing [Page 1 of 0 containing UNKNOWN instances]
2025-09-18 18:13:42 [http-nio-8081-exec-10] DEBUG o.s.web.servlet.DispatcherServlet - Completed 200 OK
2025-09-18 18:13:42 [http-nio-8081-exec-10] DEBUG o.s.w.f.CommonsRequestLoggingFilter - After request [GET /api/receivers?page=0&size=10&sortedBy=updatedAt&sortDirection=desc, client=0:0:0:0:0:0:0:1, user=admin@mail.com]
2025-09-18 18:13:48 [scheduling-1] INFO  c.m.b.k.service.DynamicRouteService - Starting route status sync with Camel context
2025-09-18 18:13:48 [scheduling-1] INFO  c.m.b.k.service.DynamicRouteService - Completed route status sync
2025-09-18 18:14:18 [scheduling-1] INFO  c.m.b.k.service.DynamicRouteService - Starting route status sync with Camel context
2025-09-18 18:14:18 [scheduling-1] INFO  c.m.b.k.service.DynamicRouteService - Completed route status sync
2025-09-18 18:14:33 [http-nio-8081-exec-3] INFO  c.m.b.k.service.DynamicRouteService - Fetching active routes with pagination
2025-09-18 18:14:33 [http-nio-8081-exec-3] DEBUG o.s.w.f.CommonsRequestLoggingFilter - Before request [POST /api/receivers, client=0:0:0:0:0:0:0:1, user=admin@mail.com]
2025-09-18 18:14:33 [http-nio-8081-exec-3] DEBUG o.s.web.servlet.DispatcherServlet - POST "/api/receivers", parameters={}
2025-09-18 18:14:33 [http-nio-8081-exec-3] DEBUG o.s.w.s.m.m.a.RequestMappingHandlerMapping - Mapped to com.middleware.backend.notification.controller.ReceiverController#create(ReceiverDto)
2025-09-18 18:14:33 [http-nio-8081-exec-3] DEBUG o.s.w.s.m.m.a.RequestResponseBodyMethodProcessor - Read "application/json;charset=UTF-8" to [ReceiverDto(id=null, name=34535443, email=test@mail.com, phone=sdfsdf, createdBy=null, createdAt=nul (truncated)...]
2025-09-18 18:14:34 [http-nio-8081-exec-3] DEBUG o.s.w.s.m.m.a.HttpEntityMethodProcessor - Using 'application/json', given [*/*] and supported [application/json, application/*+json, application/yaml]
2025-09-18 18:14:34 [http-nio-8081-exec-3] DEBUG o.s.w.s.m.m.a.HttpEntityMethodProcessor - Writing [ReceiverDto(id=1, name=34535443, email=test@mail.com, phone=sdfsdf, createdBy=admin@mail.com, create (truncated)...]
2025-09-18 18:14:34 [http-nio-8081-exec-3] DEBUG o.s.web.servlet.DispatcherServlet - Completed 200 OK
2025-09-18 18:14:34 [http-nio-8081-exec-3] DEBUG o.s.w.f.CommonsRequestLoggingFilter - After request [POST /api/receivers, client=0:0:0:0:0:0:0:1, user=admin@mail.com, payload={"name":"34535443","phone":"sdfsdf","email":"test@mail.com"}]
2025-09-18 18:14:34 [http-nio-8081-exec-2] INFO  c.m.b.k.service.DynamicRouteService - Fetching active routes with pagination
2025-09-18 18:14:34 [http-nio-8081-exec-2] DEBUG o.s.w.f.CommonsRequestLoggingFilter - Before request [GET /api/receivers?page=0&size=10&sortedBy=updatedAt&sortDirection=desc, client=0:0:0:0:0:0:0:1, user=admin@mail.com]
2025-09-18 18:14:34 [http-nio-8081-exec-2] DEBUG o.s.web.servlet.DispatcherServlet - GET "/api/receivers?page=0&size=10&sortedBy=updatedAt&sortDirection=desc", parameters={masked}
2025-09-18 18:14:34 [http-nio-8081-exec-2] DEBUG o.s.w.s.m.m.a.RequestMappingHandlerMapping - Mapped to com.middleware.backend.notification.controller.ReceiverController#getAll(int, int, String, String)
2025-09-18 18:14:34 [http-nio-8081-exec-2] DEBUG o.s.w.s.m.m.a.HttpEntityMethodProcessor - Using 'application/json', given [*/*] and supported [application/json, application/*+json, application/yaml]
2025-09-18 18:14:34 [http-nio-8081-exec-2] DEBUG o.s.w.s.m.m.a.HttpEntityMethodProcessor - Writing [Page 1 of 1 containing com.middleware.backend.notification.dto.ReceiverDto instances]
2025-09-18 18:14:34 [http-nio-8081-exec-2] DEBUG o.s.web.servlet.DispatcherServlet - Completed 200 OK
2025-09-18 18:14:34 [http-nio-8081-exec-2] DEBUG o.s.w.f.CommonsRequestLoggingFilter - After request [GET /api/receivers?page=0&size=10&sortedBy=updatedAt&sortDirection=desc, client=0:0:0:0:0:0:0:1, user=admin@mail.com]
2025-09-18 18:14:40 [http-nio-8081-exec-7] INFO  c.m.b.k.service.DynamicRouteService - Fetching active routes with pagination
2025-09-18 18:14:40 [http-nio-8081-exec-7] DEBUG o.s.w.f.CommonsRequestLoggingFilter - Before request [GET /api/receivers/1, client=0:0:0:0:0:0:0:1, user=admin@mail.com]
2025-09-18 18:14:40 [http-nio-8081-exec-7] DEBUG o.s.web.servlet.DispatcherServlet - GET "/api/receivers/1", parameters={}
2025-09-18 18:14:40 [http-nio-8081-exec-7] DEBUG o.s.w.s.m.m.a.RequestMappingHandlerMapping - Mapped to com.middleware.backend.notification.controller.ReceiverController#get(Long)
2025-09-18 18:14:40 [http-nio-8081-exec-7] DEBUG o.s.w.s.m.m.a.HttpEntityMethodProcessor - Using 'application/json', given [*/*] and supported [application/json, application/*+json, application/yaml]
2025-09-18 18:14:40 [http-nio-8081-exec-7] DEBUG o.s.w.s.m.m.a.HttpEntityMethodProcessor - Writing [ReceiverDto(id=1, name=34535443, email=test@mail.com, phone=sdfsdf, createdBy=admin@mail.com, create (truncated)...]
2025-09-18 18:14:40 [http-nio-8081-exec-7] DEBUG o.s.web.servlet.DispatcherServlet - Completed 200 OK
2025-09-18 18:14:40 [http-nio-8081-exec-7] DEBUG o.s.w.f.CommonsRequestLoggingFilter - After request [GET /api/receivers/1, client=0:0:0:0:0:0:0:1, user=admin@mail.com]
2025-09-18 18:14:45 [http-nio-8081-exec-6] INFO  c.m.b.k.service.DynamicRouteService - Fetching active routes with pagination
2025-09-18 18:14:45 [http-nio-8081-exec-6] DEBUG o.s.w.f.CommonsRequestLoggingFilter - Before request [PUT /api/receivers, client=0:0:0:0:0:0:0:1, user=admin@mail.com]
2025-09-18 18:14:45 [http-nio-8081-exec-6] DEBUG o.s.web.servlet.DispatcherServlet - PUT "/api/receivers", parameters={}
2025-09-18 18:14:45 [http-nio-8081-exec-6] DEBUG o.s.w.s.m.m.a.RequestMappingHandlerMapping - Mapped to com.middleware.backend.notification.controller.ReceiverController#update(ReceiverDto)
2025-09-18 18:14:45 [http-nio-8081-exec-6] DEBUG o.s.w.s.m.m.a.RequestResponseBodyMethodProcessor - Read "application/json;charset=UTF-8" to [ReceiverDto(id=1, name=Abood, email=test@mail.com, phone=sdfsdf, createdBy=null, createdAt=null, upd (truncated)...]
2025-09-18 18:14:45 [http-nio-8081-exec-6] DEBUG o.s.w.s.m.m.a.HttpEntityMethodProcessor - Using 'application/json', given [*/*] and supported [application/json, application/*+json, application/yaml]
2025-09-18 18:14:45 [http-nio-8081-exec-6] DEBUG o.s.w.s.m.m.a.HttpEntityMethodProcessor - Writing [ReceiverDto(id=1, name=Abood, email=test@mail.com, phone=sdfsdf, createdBy=admin@mail.com, createdAt (truncated)...]
2025-09-18 18:14:45 [http-nio-8081-exec-6] DEBUG o.s.web.servlet.DispatcherServlet - Completed 200 OK
2025-09-18 18:14:45 [http-nio-8081-exec-6] DEBUG o.s.w.f.CommonsRequestLoggingFilter - After request [PUT /api/receivers, client=0:0:0:0:0:0:0:1, user=admin@mail.com, payload={"id":"1","name":"Abood","phone":"sdfsdf","email":"test@mail.com"}]
2025-09-18 18:14:45 [http-nio-8081-exec-1] INFO  c.m.b.k.service.DynamicRouteService - Fetching active routes with pagination
2025-09-18 18:14:46 [http-nio-8081-exec-1] DEBUG o.s.w.f.CommonsRequestLoggingFilter - Before request [GET /api/receivers?page=0&size=10&sortedBy=updatedAt&sortDirection=desc, client=0:0:0:0:0:0:0:1, user=admin@mail.com]
2025-09-18 18:14:46 [http-nio-8081-exec-1] DEBUG o.s.web.servlet.DispatcherServlet - GET "/api/receivers?page=0&size=10&sortedBy=updatedAt&sortDirection=desc", parameters={masked}
2025-09-18 18:14:46 [http-nio-8081-exec-1] DEBUG o.s.w.s.m.m.a.RequestMappingHandlerMapping - Mapped to com.middleware.backend.notification.controller.ReceiverController#getAll(int, int, String, String)
2025-09-18 18:14:46 [http-nio-8081-exec-1] DEBUG o.s.w.s.m.m.a.HttpEntityMethodProcessor - Using 'application/json', given [*/*] and supported [application/json, application/*+json, application/yaml]
2025-09-18 18:14:46 [http-nio-8081-exec-1] DEBUG o.s.w.s.m.m.a.HttpEntityMethodProcessor - Writing [Page 1 of 1 containing com.middleware.backend.notification.dto.ReceiverDto instances]
2025-09-18 18:14:46 [http-nio-8081-exec-1] DEBUG o.s.web.servlet.DispatcherServlet - Completed 200 OK
2025-09-18 18:14:46 [http-nio-8081-exec-1] DEBUG o.s.w.f.CommonsRequestLoggingFilter - After request [GET /api/receivers?page=0&size=10&sortedBy=updatedAt&sortDirection=desc, client=0:0:0:0:0:0:0:1, user=admin@mail.com]
2025-09-18 18:14:48 [scheduling-1] INFO  c.m.b.k.service.DynamicRouteService - Starting route status sync with Camel context
2025-09-18 18:14:48 [scheduling-1] INFO  c.m.b.k.service.DynamicRouteService - Completed route status sync
2025-09-18 18:15:00 [http-nio-8081-exec-5] INFO  c.m.b.k.service.DynamicRouteService - Fetching active routes with pagination
2025-09-18 18:15:00 [http-nio-8081-exec-5] DEBUG o.s.w.f.CommonsRequestLoggingFilter - Before request [GET /api/groups?page=0&size=10&sortedBy=updatedAt&sortDirection=desc, client=0:0:0:0:0:0:0:1, user=admin@mail.com]
2025-09-18 18:15:00 [http-nio-8081-exec-5] DEBUG o.s.web.servlet.DispatcherServlet - GET "/api/groups?page=0&size=10&sortedBy=updatedAt&sortDirection=desc", parameters={masked}
2025-09-18 18:15:00 [http-nio-8081-exec-5] DEBUG o.s.w.s.m.m.a.RequestMappingHandlerMapping - Mapped to com.middleware.backend.notification.controller.NotificationGroupController#getAll(int, int, String, String)
2025-09-18 18:15:00 [http-nio-8081-exec-5] DEBUG o.s.w.s.m.m.a.HttpEntityMethodProcessor - Using 'application/json', given [*/*] and supported [application/json, application/*+json, application/yaml]
2025-09-18 18:15:00 [http-nio-8081-exec-5] DEBUG o.s.w.s.m.m.a.HttpEntityMethodProcessor - Writing [Page 1 of 0 containing UNKNOWN instances]
2025-09-18 18:15:00 [http-nio-8081-exec-5] DEBUG o.s.web.servlet.DispatcherServlet - Completed 200 OK
2025-09-18 18:15:00 [http-nio-8081-exec-5] DEBUG o.s.w.f.CommonsRequestLoggingFilter - After request [GET /api/groups?page=0&size=10&sortedBy=updatedAt&sortDirection=desc, client=0:0:0:0:0:0:0:1, user=admin@mail.com]
2025-09-18 18:15:03 [http-nio-8081-exec-10] INFO  c.m.b.k.service.DynamicRouteService - Fetching active routes with pagination
2025-09-18 18:15:03 [http-nio-8081-exec-10] DEBUG o.s.w.f.CommonsRequestLoggingFilter - Before request [GET /api/groups?page=0&size=10&sortedBy=updatedAt&sortDirection=desc, client=0:0:0:0:0:0:0:1, user=admin@mail.com]
2025-09-18 18:15:03 [http-nio-8081-exec-10] DEBUG o.s.web.servlet.DispatcherServlet - GET "/api/groups?page=0&size=10&sortedBy=updatedAt&sortDirection=desc", parameters={masked}
2025-09-18 18:15:03 [http-nio-8081-exec-10] DEBUG o.s.w.s.m.m.a.RequestMappingHandlerMapping - Mapped to com.middleware.backend.notification.controller.NotificationGroupController#getAll(int, int, String, String)
2025-09-18 18:15:03 [http-nio-8081-exec-4] INFO  c.m.b.k.service.DynamicRouteService - Fetching active routes with pagination
2025-09-18 18:15:03 [http-nio-8081-exec-10] DEBUG o.s.w.s.m.m.a.HttpEntityMethodProcessor - Using 'application/json', given [*/*] and supported [application/json, application/*+json, application/yaml]
2025-09-18 18:15:03 [http-nio-8081-exec-10] DEBUG o.s.w.s.m.m.a.HttpEntityMethodProcessor - Writing [Page 1 of 0 containing UNKNOWN instances]
2025-09-18 18:15:03 [http-nio-8081-exec-10] DEBUG o.s.web.servlet.DispatcherServlet - Completed 200 OK
2025-09-18 18:15:03 [http-nio-8081-exec-10] DEBUG o.s.w.f.CommonsRequestLoggingFilter - After request [GET /api/groups?page=0&size=10&sortedBy=updatedAt&sortDirection=desc, client=0:0:0:0:0:0:0:1, user=admin@mail.com]
2025-09-18 18:15:03 [http-nio-8081-exec-4] DEBUG o.s.w.f.CommonsRequestLoggingFilter - Before request [GET /api/groups?page=0&size=10&sortedBy=updatedAt&sortDirection=desc, client=0:0:0:0:0:0:0:1, user=admin@mail.com]
2025-09-18 18:15:03 [http-nio-8081-exec-4] DEBUG o.s.web.servlet.DispatcherServlet - GET "/api/groups?page=0&size=10&sortedBy=updatedAt&sortDirection=desc", parameters={masked}
2025-09-18 18:15:03 [http-nio-8081-exec-4] DEBUG o.s.w.s.m.m.a.RequestMappingHandlerMapping - Mapped to com.middleware.backend.notification.controller.NotificationGroupController#getAll(int, int, String, String)
2025-09-18 18:15:03 [http-nio-8081-exec-4] DEBUG o.s.w.s.m.m.a.HttpEntityMethodProcessor - Using 'application/json', given [*/*] and supported [application/json, application/*+json, application/yaml]
2025-09-18 18:15:03 [http-nio-8081-exec-4] DEBUG o.s.w.s.m.m.a.HttpEntityMethodProcessor - Writing [Page 1 of 0 containing UNKNOWN instances]
2025-09-18 18:15:03 [http-nio-8081-exec-4] DEBUG o.s.web.servlet.DispatcherServlet - Completed 200 OK
2025-09-18 18:15:03 [http-nio-8081-exec-4] DEBUG o.s.w.f.CommonsRequestLoggingFilter - After request [GET /api/groups?page=0&size=10&sortedBy=updatedAt&sortDirection=desc, client=0:0:0:0:0:0:0:1, user=admin@mail.com]
2025-09-18 18:15:18 [scheduling-1] INFO  c.m.b.k.service.DynamicRouteService - Starting route status sync with Camel context
2025-09-18 18:15:18 [scheduling-1] INFO  c.m.b.k.service.DynamicRouteService - Completed route status sync
2025-09-18 18:15:48 [scheduling-1] INFO  c.m.b.k.service.DynamicRouteService - Starting route status sync with Camel context
2025-09-18 18:15:48 [scheduling-1] INFO  c.m.b.k.service.DynamicRouteService - Completed route status sync
2025-09-18 18:16:18 [scheduling-1] INFO  c.m.b.k.service.DynamicRouteService - Starting route status sync with Camel context
2025-09-18 18:16:18 [scheduling-1] INFO  c.m.b.k.service.DynamicRouteService - Completed route status sync
2025-09-18 18:16:48 [scheduling-1] INFO  c.m.b.k.service.DynamicRouteService - Starting route status sync with Camel context
2025-09-18 18:16:48 [scheduling-1] INFO  c.m.b.k.service.DynamicRouteService - Completed route status sync
2025-09-18 18:17:18 [scheduling-1] INFO  c.m.b.k.service.DynamicRouteService - Starting route status sync with Camel context
2025-09-18 18:17:18 [scheduling-1] INFO  c.m.b.k.service.DynamicRouteService - Completed route status sync
2025-09-18 18:17:48 [scheduling-1] INFO  c.m.b.k.service.DynamicRouteService - Starting route status sync with Camel context
2025-09-18 18:17:48 [scheduling-1] INFO  c.m.b.k.service.DynamicRouteService - Completed route status sync
2025-09-18 18:18:18 [scheduling-1] INFO  c.m.b.k.service.DynamicRouteService - Starting route status sync with Camel context
2025-09-18 18:18:18 [scheduling-1] INFO  c.m.b.k.service.DynamicRouteService - Completed route status sync
2025-09-18 18:18:48 [scheduling-1] INFO  c.m.b.k.service.DynamicRouteService - Starting route status sync with Camel context
2025-09-18 18:18:48 [scheduling-1] INFO  c.m.b.k.service.DynamicRouteService - Completed route status sync
2025-09-18 18:19:01 [http-nio-8081-exec-2] INFO  c.m.b.k.service.DynamicRouteService - Fetching active routes with pagination
2025-09-18 18:19:01 [http-nio-8081-exec-2] DEBUG o.s.w.f.CommonsRequestLoggingFilter - Before request [GET /api/receivers?page=0&size=10&sortedBy=updatedAt&sortDirection=desc, client=0:0:0:0:0:0:0:1, user=admin@mail.com]
2025-09-18 18:19:01 [http-nio-8081-exec-2] DEBUG o.s.web.servlet.DispatcherServlet - GET "/api/receivers?page=0&size=10&sortedBy=updatedAt&sortDirection=desc", parameters={masked}
2025-09-18 18:19:01 [http-nio-8081-exec-2] DEBUG o.s.w.s.m.m.a.RequestMappingHandlerMapping - Mapped to com.middleware.backend.notification.controller.ReceiverController#getAll(int, int, String, String)
2025-09-18 18:19:02 [http-nio-8081-exec-2] DEBUG o.s.w.s.m.m.a.HttpEntityMethodProcessor - Using 'application/json', given [*/*] and supported [application/json, application/*+json, application/yaml]
2025-09-18 18:19:02 [http-nio-8081-exec-2] DEBUG o.s.w.s.m.m.a.HttpEntityMethodProcessor - Writing [Page 1 of 1 containing com.middleware.backend.notification.dto.ReceiverDto instances]
2025-09-18 18:19:02 [http-nio-8081-exec-2] DEBUG o.s.web.servlet.DispatcherServlet - Completed 200 OK
2025-09-18 18:19:02 [http-nio-8081-exec-2] DEBUG o.s.w.f.CommonsRequestLoggingFilter - After request [GET /api/receivers?page=0&size=10&sortedBy=updatedAt&sortDirection=desc, client=0:0:0:0:0:0:0:1, user=admin@mail.com]
2025-09-18 18:19:04 [http-nio-8081-exec-7] INFO  c.m.b.k.service.DynamicRouteService - Fetching active routes with pagination
2025-09-18 18:19:04 [http-nio-8081-exec-7] DEBUG o.s.w.f.CommonsRequestLoggingFilter - Before request [DELETE /api/receivers/1, client=0:0:0:0:0:0:0:1, user=admin@mail.com]
2025-09-18 18:19:04 [http-nio-8081-exec-7] DEBUG o.s.web.servlet.DispatcherServlet - DELETE "/api/receivers/1", parameters={}
2025-09-18 18:19:04 [http-nio-8081-exec-7] DEBUG o.s.w.s.m.m.a.RequestMappingHandlerMapping - Mapped to com.middleware.backend.notification.controller.ReceiverController#delete(Long)
2025-09-18 18:19:04 [http-nio-8081-exec-7] DEBUG o.s.w.s.m.m.a.HttpEntityMethodProcessor - Using 'application/octet-stream', given [*/*] and supported [*/*]
2025-09-18 18:19:04 [http-nio-8081-exec-7] DEBUG o.s.web.servlet.DispatcherServlet - Completed 204 NO_CONTENT
2025-09-18 18:19:04 [http-nio-8081-exec-7] DEBUG o.s.w.f.CommonsRequestLoggingFilter - After request [DELETE /api/receivers/1, client=0:0:0:0:0:0:0:1, user=admin@mail.com]
2025-09-18 18:19:05 [http-nio-8081-exec-8] INFO  c.m.b.k.service.DynamicRouteService - Fetching active routes with pagination
2025-09-18 18:19:05 [http-nio-8081-exec-8] DEBUG o.s.w.f.CommonsRequestLoggingFilter - Before request [GET /api/receivers?page=0&size=10&sortedBy=updatedAt&sortDirection=desc, client=0:0:0:0:0:0:0:1, user=admin@mail.com]
2025-09-18 18:19:05 [http-nio-8081-exec-8] DEBUG o.s.web.servlet.DispatcherServlet - GET "/api/receivers?page=0&size=10&sortedBy=updatedAt&sortDirection=desc", parameters={masked}
2025-09-18 18:19:05 [http-nio-8081-exec-8] DEBUG o.s.w.s.m.m.a.RequestMappingHandlerMapping - Mapped to com.middleware.backend.notification.controller.ReceiverController#getAll(int, int, String, String)
2025-09-18 18:19:05 [http-nio-8081-exec-8] DEBUG o.s.w.s.m.m.a.HttpEntityMethodProcessor - Using 'application/json', given [*/*] and supported [application/json, application/*+json, application/yaml]
2025-09-18 18:19:05 [http-nio-8081-exec-8] DEBUG o.s.w.s.m.m.a.HttpEntityMethodProcessor - Writing [Page 1 of 0 containing UNKNOWN instances]
2025-09-18 18:19:05 [http-nio-8081-exec-8] DEBUG o.s.web.servlet.DispatcherServlet - Completed 200 OK
2025-09-18 18:19:05 [http-nio-8081-exec-8] DEBUG o.s.w.f.CommonsRequestLoggingFilter - After request [GET /api/receivers?page=0&size=10&sortedBy=updatedAt&sortDirection=desc, client=0:0:0:0:0:0:0:1, user=admin@mail.com]
2025-09-18 18:19:15 [http-nio-8081-exec-6] INFO  c.m.b.k.service.DynamicRouteService - Fetching active routes with pagination
2025-09-18 18:19:15 [http-nio-8081-exec-6] DEBUG o.s.w.f.CommonsRequestLoggingFilter - Before request [GET /api/groups?page=0&size=10&sortedBy=updatedAt&sortDirection=desc, client=0:0:0:0:0:0:0:1, user=admin@mail.com]
2025-09-18 18:19:15 [http-nio-8081-exec-6] DEBUG o.s.web.servlet.DispatcherServlet - GET "/api/groups?page=0&size=10&sortedBy=updatedAt&sortDirection=desc", parameters={masked}
2025-09-18 18:19:15 [http-nio-8081-exec-6] DEBUG o.s.w.s.m.m.a.RequestMappingHandlerMapping - Mapped to com.middleware.backend.notification.controller.NotificationGroupController#getAll(int, int, String, String)
2025-09-18 18:19:15 [http-nio-8081-exec-6] DEBUG o.s.w.s.m.m.a.HttpEntityMethodProcessor - Using 'application/json', given [*/*] and supported [application/json, application/*+json, application/yaml]
2025-09-18 18:19:15 [http-nio-8081-exec-6] DEBUG o.s.w.s.m.m.a.HttpEntityMethodProcessor - Writing [Page 1 of 0 containing UNKNOWN instances]
2025-09-18 18:19:15 [http-nio-8081-exec-6] DEBUG o.s.web.servlet.DispatcherServlet - Completed 200 OK
2025-09-18 18:19:15 [http-nio-8081-exec-6] DEBUG o.s.w.f.CommonsRequestLoggingFilter - After request [GET /api/groups?page=0&size=10&sortedBy=updatedAt&sortDirection=desc, client=0:0:0:0:0:0:0:1, user=admin@mail.com]
2025-09-18 18:19:18 [scheduling-1] INFO  c.m.b.k.service.DynamicRouteService - Starting route status sync with Camel context
2025-09-18 18:19:18 [scheduling-1] INFO  c.m.b.k.service.DynamicRouteService - Completed route status sync
2025-09-18 18:19:24 [http-nio-8081-exec-1] INFO  c.m.b.k.service.DynamicRouteService - Fetching active routes with pagination
2025-09-18 18:19:24 [http-nio-8081-exec-1] DEBUG o.s.w.f.CommonsRequestLoggingFilter - Before request [GET /api/groups?page=0&size=10&sortedBy=updatedAt&sortDirection=desc, client=0:0:0:0:0:0:0:1, user=admin@mail.com]
2025-09-18 18:19:24 [http-nio-8081-exec-1] DEBUG o.s.web.servlet.DispatcherServlet - GET "/api/groups?page=0&size=10&sortedBy=updatedAt&sortDirection=desc", parameters={masked}
2025-09-18 18:19:24 [http-nio-8081-exec-1] DEBUG o.s.w.s.m.m.a.RequestMappingHandlerMapping - Mapped to com.middleware.backend.notification.controller.NotificationGroupController#getAll(int, int, String, String)
2025-09-18 18:19:24 [http-nio-8081-exec-1] DEBUG o.s.w.s.m.m.a.HttpEntityMethodProcessor - Using 'application/json', given [*/*] and supported [application/json, application/*+json, application/yaml]
2025-09-18 18:19:24 [http-nio-8081-exec-1] DEBUG o.s.w.s.m.m.a.HttpEntityMethodProcessor - Writing [Page 1 of 0 containing UNKNOWN instances]
2025-09-18 18:19:24 [http-nio-8081-exec-1] DEBUG o.s.web.servlet.DispatcherServlet - Completed 200 OK
2025-09-18 18:19:24 [http-nio-8081-exec-1] DEBUG o.s.w.f.CommonsRequestLoggingFilter - After request [GET /api/groups?page=0&size=10&sortedBy=updatedAt&sortDirection=desc, client=0:0:0:0:0:0:0:1, user=admin@mail.com]
2025-09-18 18:19:34 [http-nio-8081-exec-5] INFO  c.m.b.k.service.DynamicRouteService - Fetching active routes with pagination
2025-09-18 18:19:34 [http-nio-8081-exec-5] DEBUG o.s.w.f.CommonsRequestLoggingFilter - Before request [GET /api/groups?page=0&size=10&sortedBy=updatedAt&sortDirection=desc, client=0:0:0:0:0:0:0:1, user=admin@mail.com]
2025-09-18 18:19:34 [http-nio-8081-exec-5] DEBUG o.s.web.servlet.DispatcherServlet - GET "/api/groups?page=0&size=10&sortedBy=updatedAt&sortDirection=desc", parameters={masked}
2025-09-18 18:19:34 [http-nio-8081-exec-5] DEBUG o.s.w.s.m.m.a.RequestMappingHandlerMapping - Mapped to com.middleware.backend.notification.controller.NotificationGroupController#getAll(int, int, String, String)
2025-09-18 18:19:34 [http-nio-8081-exec-5] DEBUG o.s.w.s.m.m.a.HttpEntityMethodProcessor - Using 'application/json', given [*/*] and supported [application/json, application/*+json, application/yaml]
2025-09-18 18:19:34 [http-nio-8081-exec-5] DEBUG o.s.w.s.m.m.a.HttpEntityMethodProcessor - Writing [Page 1 of 0 containing UNKNOWN instances]
2025-09-18 18:19:34 [http-nio-8081-exec-5] DEBUG o.s.web.servlet.DispatcherServlet - Completed 200 OK
2025-09-18 18:19:34 [http-nio-8081-exec-5] DEBUG o.s.w.f.CommonsRequestLoggingFilter - After request [GET /api/groups?page=0&size=10&sortedBy=updatedAt&sortDirection=desc, client=0:0:0:0:0:0:0:1, user=admin@mail.com]
2025-09-18 18:19:48 [scheduling-1] INFO  c.m.b.k.service.DynamicRouteService - Starting route status sync with Camel context
2025-09-18 18:19:48 [scheduling-1] INFO  c.m.b.k.service.DynamicRouteService - Completed route status sync
2025-09-18 18:19:58 [http-nio-8081-exec-10] INFO  c.m.b.k.service.DynamicRouteService - Fetching active routes with pagination
2025-09-18 18:19:58 [http-nio-8081-exec-10] DEBUG o.s.w.f.CommonsRequestLoggingFilter - Before request [GET /api/groups?page=0&size=10&sortedBy=updatedAt&sortDirection=desc, client=0:0:0:0:0:0:0:1, user=admin@mail.com]
2025-09-18 18:19:58 [http-nio-8081-exec-10] DEBUG o.s.web.servlet.DispatcherServlet - GET "/api/groups?page=0&size=10&sortedBy=updatedAt&sortDirection=desc", parameters={masked}
2025-09-18 18:19:58 [http-nio-8081-exec-10] DEBUG o.s.w.s.m.m.a.RequestMappingHandlerMapping - Mapped to com.middleware.backend.notification.controller.NotificationGroupController#getAll(int, int, String, String)
2025-09-18 18:19:58 [http-nio-8081-exec-10] DEBUG o.s.w.s.m.m.a.HttpEntityMethodProcessor - Using 'application/json', given [*/*] and supported [application/json, application/*+json, application/yaml]
2025-09-18 18:19:58 [http-nio-8081-exec-10] DEBUG o.s.w.s.m.m.a.HttpEntityMethodProcessor - Writing [Page 1 of 0 containing UNKNOWN instances]
2025-09-18 18:19:58 [http-nio-8081-exec-10] DEBUG o.s.web.servlet.DispatcherServlet - Completed 200 OK
2025-09-18 18:19:58 [http-nio-8081-exec-10] DEBUG o.s.w.f.CommonsRequestLoggingFilter - After request [GET /api/groups?page=0&size=10&sortedBy=updatedAt&sortDirection=desc, client=0:0:0:0:0:0:0:1, user=admin@mail.com]
2025-09-18 18:20:09 [http-nio-8081-exec-4] INFO  c.m.b.k.service.DynamicRouteService - Fetching active routes with pagination
2025-09-18 18:20:09 [http-nio-8081-exec-4] DEBUG o.s.w.f.CommonsRequestLoggingFilter - Before request [GET /api/groups?page=0&size=10&sortedBy=updatedAt&sortDirection=desc, client=0:0:0:0:0:0:0:1, user=admin@mail.com]
2025-09-18 18:20:09 [http-nio-8081-exec-4] DEBUG o.s.web.servlet.DispatcherServlet - GET "/api/groups?page=0&size=10&sortedBy=updatedAt&sortDirection=desc", parameters={masked}
2025-09-18 18:20:09 [http-nio-8081-exec-4] DEBUG o.s.w.s.m.m.a.RequestMappingHandlerMapping - Mapped to com.middleware.backend.notification.controller.NotificationGroupController#getAll(int, int, String, String)
2025-09-18 18:20:09 [http-nio-8081-exec-4] DEBUG o.s.w.s.m.m.a.HttpEntityMethodProcessor - Using 'application/json', given [*/*] and supported [application/json, application/*+json, application/yaml]
2025-09-18 18:20:09 [http-nio-8081-exec-4] DEBUG o.s.w.s.m.m.a.HttpEntityMethodProcessor - Writing [Page 1 of 0 containing UNKNOWN instances]
2025-09-18 18:20:09 [http-nio-8081-exec-4] DEBUG o.s.web.servlet.DispatcherServlet - Completed 200 OK
2025-09-18 18:20:09 [http-nio-8081-exec-4] DEBUG o.s.w.f.CommonsRequestLoggingFilter - After request [GET /api/groups?page=0&size=10&sortedBy=updatedAt&sortDirection=desc, client=0:0:0:0:0:0:0:1, user=admin@mail.com]
2025-09-18 18:20:18 [scheduling-1] INFO  c.m.b.k.service.DynamicRouteService - Starting route status sync with Camel context
2025-09-18 18:20:18 [scheduling-1] INFO  c.m.b.k.service.DynamicRouteService - Completed route status sync
2025-09-18 18:20:35 [http-nio-8081-exec-3] INFO  c.m.b.k.service.DynamicRouteService - Fetching active routes with pagination
2025-09-18 18:20:36 [http-nio-8081-exec-3] DEBUG o.s.w.f.CommonsRequestLoggingFilter - Before request [GET /api/groups?page=0&size=10&sortedBy=updatedAt&sortDirection=desc, client=0:0:0:0:0:0:0:1, user=admin@mail.com]
2025-09-18 18:20:36 [http-nio-8081-exec-3] DEBUG o.s.web.servlet.DispatcherServlet - GET "/api/groups?page=0&size=10&sortedBy=updatedAt&sortDirection=desc", parameters={masked}
2025-09-18 18:20:36 [http-nio-8081-exec-3] DEBUG o.s.w.s.m.m.a.RequestMappingHandlerMapping - Mapped to com.middleware.backend.notification.controller.NotificationGroupController#getAll(int, int, String, String)
2025-09-18 18:20:36 [http-nio-8081-exec-3] DEBUG o.s.w.s.m.m.a.HttpEntityMethodProcessor - Using 'application/json', given [*/*] and supported [application/json, application/*+json, application/yaml]
2025-09-18 18:20:36 [http-nio-8081-exec-3] DEBUG o.s.w.s.m.m.a.HttpEntityMethodProcessor - Writing [Page 1 of 0 containing UNKNOWN instances]
2025-09-18 18:20:36 [http-nio-8081-exec-3] DEBUG o.s.web.servlet.DispatcherServlet - Completed 200 OK
2025-09-18 18:20:36 [http-nio-8081-exec-3] DEBUG o.s.w.f.CommonsRequestLoggingFilter - After request [GET /api/groups?page=0&size=10&sortedBy=updatedAt&sortDirection=desc, client=0:0:0:0:0:0:0:1, user=admin@mail.com]
2025-09-18 18:20:48 [scheduling-1] INFO  c.m.b.k.service.DynamicRouteService - Starting route status sync with Camel context
2025-09-18 18:20:48 [scheduling-1] INFO  c.m.b.k.service.DynamicRouteService - Completed route status sync
2025-09-18 18:20:58 [http-nio-8081-exec-2] INFO  c.m.b.k.service.DynamicRouteService - Fetching active routes with pagination
2025-09-18 18:20:58 [http-nio-8081-exec-2] DEBUG o.s.w.f.CommonsRequestLoggingFilter - Before request [GET /api/groups?page=0&size=10&sortedBy=updatedAt&sortDirection=desc, client=0:0:0:0:0:0:0:1, user=admin@mail.com]
2025-09-18 18:20:58 [http-nio-8081-exec-2] DEBUG o.s.web.servlet.DispatcherServlet - GET "/api/groups?page=0&size=10&sortedBy=updatedAt&sortDirection=desc", parameters={masked}
2025-09-18 18:20:58 [http-nio-8081-exec-2] DEBUG o.s.w.s.m.m.a.RequestMappingHandlerMapping - Mapped to com.middleware.backend.notification.controller.NotificationGroupController#getAll(int, int, String, String)
2025-09-18 18:20:58 [http-nio-8081-exec-2] DEBUG o.s.w.s.m.m.a.HttpEntityMethodProcessor - Using 'application/json', given [*/*] and supported [application/json, application/*+json, application/yaml]
2025-09-18 18:20:58 [http-nio-8081-exec-2] DEBUG o.s.w.s.m.m.a.HttpEntityMethodProcessor - Writing [Page 1 of 0 containing UNKNOWN instances]
2025-09-18 18:20:58 [http-nio-8081-exec-2] DEBUG o.s.web.servlet.DispatcherServlet - Completed 200 OK
2025-09-18 18:20:58 [http-nio-8081-exec-2] DEBUG o.s.w.f.CommonsRequestLoggingFilter - After request [GET /api/groups?page=0&size=10&sortedBy=updatedAt&sortDirection=desc, client=0:0:0:0:0:0:0:1, user=admin@mail.com]
2025-09-18 18:21:09 [http-nio-8081-exec-9] INFO  c.m.b.k.service.DynamicRouteService - Fetching active routes with pagination
2025-09-18 18:21:09 [http-nio-8081-exec-9] DEBUG o.s.w.f.CommonsRequestLoggingFilter - Before request [GET /api/groups?page=0&size=10&sortedBy=updatedAt&sortDirection=desc, client=0:0:0:0:0:0:0:1, user=admin@mail.com]
2025-09-18 18:21:09 [http-nio-8081-exec-9] DEBUG o.s.web.servlet.DispatcherServlet - GET "/api/groups?page=0&size=10&sortedBy=updatedAt&sortDirection=desc", parameters={masked}
2025-09-18 18:21:09 [http-nio-8081-exec-9] DEBUG o.s.w.s.m.m.a.RequestMappingHandlerMapping - Mapped to com.middleware.backend.notification.controller.NotificationGroupController#getAll(int, int, String, String)
2025-09-18 18:21:09 [http-nio-8081-exec-9] DEBUG o.s.w.s.m.m.a.HttpEntityMethodProcessor - Using 'application/json', given [*/*] and supported [application/json, application/*+json, application/yaml]
2025-09-18 18:21:09 [http-nio-8081-exec-9] DEBUG o.s.w.s.m.m.a.HttpEntityMethodProcessor - Writing [Page 1 of 0 containing UNKNOWN instances]
2025-09-18 18:21:10 [http-nio-8081-exec-9] DEBUG o.s.web.servlet.DispatcherServlet - Completed 200 OK
2025-09-18 18:21:10 [http-nio-8081-exec-9] DEBUG o.s.w.f.CommonsRequestLoggingFilter - After request [GET /api/groups?page=0&size=10&sortedBy=updatedAt&sortDirection=desc, client=0:0:0:0:0:0:0:1, user=admin@mail.com]
2025-09-18 18:21:18 [scheduling-1] INFO  c.m.b.k.service.DynamicRouteService - Starting route status sync with Camel context
2025-09-18 18:21:18 [scheduling-1] INFO  c.m.b.k.service.DynamicRouteService - Completed route status sync
2025-09-18 18:21:25 [http-nio-8081-exec-7] INFO  c.m.b.k.service.DynamicRouteService - Fetching active routes with pagination
2025-09-18 18:21:25 [http-nio-8081-exec-7] DEBUG o.s.w.f.CommonsRequestLoggingFilter - Before request [GET /api/groups?page=0&size=10&sortedBy=updatedAt&sortDirection=desc, client=0:0:0:0:0:0:0:1, user=admin@mail.com]
2025-09-18 18:21:25 [http-nio-8081-exec-7] DEBUG o.s.web.servlet.DispatcherServlet - GET "/api/groups?page=0&size=10&sortedBy=updatedAt&sortDirection=desc", parameters={masked}
2025-09-18 18:21:25 [http-nio-8081-exec-7] DEBUG o.s.w.s.m.m.a.RequestMappingHandlerMapping - Mapped to com.middleware.backend.notification.controller.NotificationGroupController#getAll(int, int, String, String)
2025-09-18 18:21:25 [http-nio-8081-exec-7] DEBUG o.s.w.s.m.m.a.HttpEntityMethodProcessor - Using 'application/json', given [*/*] and supported [application/json, application/*+json, application/yaml]
2025-09-18 18:21:25 [http-nio-8081-exec-7] DEBUG o.s.w.s.m.m.a.HttpEntityMethodProcessor - Writing [Page 1 of 0 containing UNKNOWN instances]
2025-09-18 18:21:25 [http-nio-8081-exec-7] DEBUG o.s.web.servlet.DispatcherServlet - Completed 200 OK
2025-09-18 18:21:25 [http-nio-8081-exec-7] DEBUG o.s.w.f.CommonsRequestLoggingFilter - After request [GET /api/groups?page=0&size=10&sortedBy=updatedAt&sortDirection=desc, client=0:0:0:0:0:0:0:1, user=admin@mail.com]
2025-09-18 18:21:37 [http-nio-8081-exec-8] INFO  c.m.b.k.service.DynamicRouteService - Fetching active routes with pagination
2025-09-18 18:21:38 [http-nio-8081-exec-8] DEBUG o.s.w.f.CommonsRequestLoggingFilter - Before request [GET /api/groups?page=0&size=10&sortedBy=updatedAt&sortDirection=desc, client=0:0:0:0:0:0:0:1, user=admin@mail.com]
2025-09-18 18:21:38 [http-nio-8081-exec-8] DEBUG o.s.web.servlet.DispatcherServlet - GET "/api/groups?page=0&size=10&sortedBy=updatedAt&sortDirection=desc", parameters={masked}
2025-09-18 18:21:38 [http-nio-8081-exec-8] DEBUG o.s.w.s.m.m.a.RequestMappingHandlerMapping - Mapped to com.middleware.backend.notification.controller.NotificationGroupController#getAll(int, int, String, String)
2025-09-18 18:21:38 [http-nio-8081-exec-8] DEBUG o.s.w.s.m.m.a.HttpEntityMethodProcessor - Using 'application/json', given [*/*] and supported [application/json, application/*+json, application/yaml]
2025-09-18 18:21:38 [http-nio-8081-exec-8] DEBUG o.s.w.s.m.m.a.HttpEntityMethodProcessor - Writing [Page 1 of 0 containing UNKNOWN instances]
2025-09-18 18:21:38 [http-nio-8081-exec-8] DEBUG o.s.web.servlet.DispatcherServlet - Completed 200 OK
2025-09-18 18:21:38 [http-nio-8081-exec-8] DEBUG o.s.w.f.CommonsRequestLoggingFilter - After request [GET /api/groups?page=0&size=10&sortedBy=updatedAt&sortDirection=desc, client=0:0:0:0:0:0:0:1, user=admin@mail.com]
2025-09-18 18:21:48 [scheduling-1] INFO  c.m.b.k.service.DynamicRouteService - Starting route status sync with Camel context
2025-09-18 18:21:48 [scheduling-1] INFO  c.m.b.k.service.DynamicRouteService - Completed route status sync
2025-09-18 18:22:06 [http-nio-8081-exec-6] INFO  c.m.b.k.service.DynamicRouteService - Fetching active routes with pagination
2025-09-18 18:22:06 [http-nio-8081-exec-6] DEBUG o.s.w.f.CommonsRequestLoggingFilter - Before request [GET /api/groups?page=0&size=10&sortedBy=updatedAt&sortDirection=desc, client=0:0:0:0:0:0:0:1, user=admin@mail.com]
2025-09-18 18:22:06 [http-nio-8081-exec-6] DEBUG o.s.web.servlet.DispatcherServlet - GET "/api/groups?page=0&size=10&sortedBy=updatedAt&sortDirection=desc", parameters={masked}
2025-09-18 18:22:06 [http-nio-8081-exec-6] DEBUG o.s.w.s.m.m.a.RequestMappingHandlerMapping - Mapped to com.middleware.backend.notification.controller.NotificationGroupController#getAll(int, int, String, String)
2025-09-18 18:22:06 [http-nio-8081-exec-6] DEBUG o.s.w.s.m.m.a.HttpEntityMethodProcessor - Using 'application/json', given [*/*] and supported [application/json, application/*+json, application/yaml]
2025-09-18 18:22:06 [http-nio-8081-exec-6] DEBUG o.s.w.s.m.m.a.HttpEntityMethodProcessor - Writing [Page 1 of 0 containing UNKNOWN instances]
2025-09-18 18:22:06 [http-nio-8081-exec-6] DEBUG o.s.web.servlet.DispatcherServlet - Completed 200 OK
2025-09-18 18:22:06 [http-nio-8081-exec-6] DEBUG o.s.w.f.CommonsRequestLoggingFilter - After request [GET /api/groups?page=0&size=10&sortedBy=updatedAt&sortDirection=desc, client=0:0:0:0:0:0:0:1, user=admin@mail.com]
2025-09-18 18:22:16 [http-nio-8081-exec-1] INFO  c.m.b.k.service.DynamicRouteService - Fetching active routes with pagination
2025-09-18 18:22:16 [http-nio-8081-exec-1] DEBUG o.s.w.f.CommonsRequestLoggingFilter - Before request [GET /api/groups?page=0&size=10&sortedBy=updatedAt&sortDirection=desc, client=0:0:0:0:0:0:0:1, user=admin@mail.com]
2025-09-18 18:22:16 [http-nio-8081-exec-1] DEBUG o.s.web.servlet.DispatcherServlet - GET "/api/groups?page=0&size=10&sortedBy=updatedAt&sortDirection=desc", parameters={masked}
2025-09-18 18:22:16 [http-nio-8081-exec-1] DEBUG o.s.w.s.m.m.a.RequestMappingHandlerMapping - Mapped to com.middleware.backend.notification.controller.NotificationGroupController#getAll(int, int, String, String)
2025-09-18 18:22:16 [http-nio-8081-exec-1] DEBUG o.s.w.s.m.m.a.HttpEntityMethodProcessor - Using 'application/json', given [*/*] and supported [application/json, application/*+json, application/yaml]
2025-09-18 18:22:16 [http-nio-8081-exec-1] DEBUG o.s.w.s.m.m.a.HttpEntityMethodProcessor - Writing [Page 1 of 0 containing UNKNOWN instances]
2025-09-18 18:22:16 [http-nio-8081-exec-1] DEBUG o.s.web.servlet.DispatcherServlet - Completed 200 OK
2025-09-18 18:22:16 [http-nio-8081-exec-1] DEBUG o.s.w.f.CommonsRequestLoggingFilter - After request [GET /api/groups?page=0&size=10&sortedBy=updatedAt&sortDirection=desc, client=0:0:0:0:0:0:0:1, user=admin@mail.com]
2025-09-18 18:22:18 [scheduling-1] INFO  c.m.b.k.service.DynamicRouteService - Starting route status sync with Camel context
2025-09-18 18:22:18 [scheduling-1] INFO  c.m.b.k.service.DynamicRouteService - Completed route status sync
2025-09-18 18:22:21 [http-nio-8081-exec-5] INFO  c.m.b.k.service.DynamicRouteService - Fetching active routes with pagination
2025-09-18 18:22:22 [http-nio-8081-exec-5] DEBUG o.s.w.f.CommonsRequestLoggingFilter - Before request [GET /api/groups?page=0&size=10&sortedBy=updatedAt&sortDirection=desc, client=0:0:0:0:0:0:0:1, user=admin@mail.com]
2025-09-18 18:22:22 [http-nio-8081-exec-5] DEBUG o.s.web.servlet.DispatcherServlet - GET "/api/groups?page=0&size=10&sortedBy=updatedAt&sortDirection=desc", parameters={masked}
2025-09-18 18:22:22 [http-nio-8081-exec-5] DEBUG o.s.w.s.m.m.a.RequestMappingHandlerMapping - Mapped to com.middleware.backend.notification.controller.NotificationGroupController#getAll(int, int, String, String)
2025-09-18 18:22:22 [http-nio-8081-exec-5] DEBUG o.s.w.s.m.m.a.HttpEntityMethodProcessor - Using 'application/json', given [*/*] and supported [application/json, application/*+json, application/yaml]
2025-09-18 18:22:22 [http-nio-8081-exec-5] DEBUG o.s.w.s.m.m.a.HttpEntityMethodProcessor - Writing [Page 1 of 0 containing UNKNOWN instances]
2025-09-18 18:22:22 [http-nio-8081-exec-5] DEBUG o.s.web.servlet.DispatcherServlet - Completed 200 OK
2025-09-18 18:22:22 [http-nio-8081-exec-5] DEBUG o.s.w.f.CommonsRequestLoggingFilter - After request [GET /api/groups?page=0&size=10&sortedBy=updatedAt&sortDirection=desc, client=0:0:0:0:0:0:0:1, user=admin@mail.com]
2025-09-18 18:22:31 [http-nio-8081-exec-10] INFO  c.m.b.k.service.DynamicRouteService - Fetching active routes with pagination
2025-09-18 18:22:31 [http-nio-8081-exec-10] DEBUG o.s.w.f.CommonsRequestLoggingFilter - Before request [GET /api/groups?page=0&size=10&sortedBy=updatedAt&sortDirection=desc, client=0:0:0:0:0:0:0:1, user=admin@mail.com]
2025-09-18 18:22:31 [http-nio-8081-exec-10] DEBUG o.s.web.servlet.DispatcherServlet - GET "/api/groups?page=0&size=10&sortedBy=updatedAt&sortDirection=desc", parameters={masked}
2025-09-18 18:22:31 [http-nio-8081-exec-10] DEBUG o.s.w.s.m.m.a.RequestMappingHandlerMapping - Mapped to com.middleware.backend.notification.controller.NotificationGroupController#getAll(int, int, String, String)
2025-09-18 18:22:31 [http-nio-8081-exec-10] DEBUG o.s.w.s.m.m.a.HttpEntityMethodProcessor - Using 'application/json', given [*/*] and supported [application/json, application/*+json, application/yaml]
2025-09-18 18:22:31 [http-nio-8081-exec-10] DEBUG o.s.w.s.m.m.a.HttpEntityMethodProcessor - Writing [Page 1 of 0 containing UNKNOWN instances]
2025-09-18 18:22:31 [http-nio-8081-exec-10] DEBUG o.s.web.servlet.DispatcherServlet - Completed 200 OK
2025-09-18 18:22:31 [http-nio-8081-exec-10] DEBUG o.s.w.f.CommonsRequestLoggingFilter - After request [GET /api/groups?page=0&size=10&sortedBy=updatedAt&sortDirection=desc, client=0:0:0:0:0:0:0:1, user=admin@mail.com]
2025-09-18 18:22:48 [scheduling-1] INFO  c.m.b.k.service.DynamicRouteService - Starting route status sync with Camel context
2025-09-18 18:22:48 [scheduling-1] INFO  c.m.b.k.service.DynamicRouteService - Completed route status sync
2025-09-18 18:22:55 [http-nio-8081-exec-3] INFO  c.m.b.k.service.DynamicRouteService - Fetching active routes with pagination
2025-09-18 18:22:55 [http-nio-8081-exec-3] DEBUG o.s.w.f.CommonsRequestLoggingFilter - Before request [POST /api/groups, client=0:0:0:0:0:0:0:1, user=admin@mail.com]
2025-09-18 18:22:55 [http-nio-8081-exec-3] DEBUG o.s.web.servlet.DispatcherServlet - POST "/api/groups", parameters={}
2025-09-18 18:22:55 [http-nio-8081-exec-3] DEBUG o.s.w.s.m.m.a.RequestMappingHandlerMapping - Mapped to com.middleware.backend.notification.controller.NotificationGroupController#create(NotificationGroupDto)
2025-09-18 18:22:55 [http-nio-8081-exec-3] DEBUG o.s.w.s.m.m.a.RequestResponseBodyMethodProcessor - Read "application/json;charset=UTF-8" to [NotificationGroupDto(id=null, name=سي, description=, receivers=null, createdBy=null, createdAt=null, (truncated)...]
2025-09-18 18:22:55 [http-nio-8081-exec-3] DEBUG o.s.w.s.m.m.a.HttpEntityMethodProcessor - Using 'application/json', given [*/*] and supported [application/json, application/*+json, application/yaml]
2025-09-18 18:22:55 [http-nio-8081-exec-3] DEBUG o.s.w.s.m.m.a.HttpEntityMethodProcessor - Writing [NotificationGroupDto(id=1, name=سي, description=, receivers=null, createdBy=admin@mail.com, createdA (truncated)...]
2025-09-18 18:22:55 [http-nio-8081-exec-3] DEBUG o.s.web.servlet.DispatcherServlet - Completed 200 OK
2025-09-18 18:22:55 [http-nio-8081-exec-3] DEBUG o.s.w.f.CommonsRequestLoggingFilter - After request [POST /api/groups, client=0:0:0:0:0:0:0:1, user=admin@mail.com, payload={"id":null,"name":"سي","description":""}]
2025-09-18 18:22:55 [http-nio-8081-exec-2] INFO  c.m.b.k.service.DynamicRouteService - Fetching active routes with pagination
2025-09-18 18:22:56 [http-nio-8081-exec-2] DEBUG o.s.w.f.CommonsRequestLoggingFilter - Before request [GET /api/groups?page=0&size=10&sortedBy=updatedAt&sortDirection=desc, client=0:0:0:0:0:0:0:1, user=admin@mail.com]
2025-09-18 18:22:56 [http-nio-8081-exec-2] DEBUG o.s.web.servlet.DispatcherServlet - GET "/api/groups?page=0&size=10&sortedBy=updatedAt&sortDirection=desc", parameters={masked}
2025-09-18 18:22:56 [http-nio-8081-exec-2] DEBUG o.s.w.s.m.m.a.RequestMappingHandlerMapping - Mapped to com.middleware.backend.notification.controller.NotificationGroupController#getAll(int, int, String, String)
2025-09-18 18:22:56 [http-nio-8081-exec-2] DEBUG o.s.w.s.m.m.a.HttpEntityMethodProcessor - Using 'application/json', given [*/*] and supported [application/json, application/*+json, application/yaml]
2025-09-18 18:22:56 [http-nio-8081-exec-2] DEBUG o.s.w.s.m.m.a.HttpEntityMethodProcessor - Writing [Page 1 of 1 containing com.middleware.backend.notification.dto.NotificationGroupDto instances]
2025-09-18 18:22:56 [http-nio-8081-exec-2] DEBUG o.s.web.servlet.DispatcherServlet - Completed 200 OK
2025-09-18 18:22:56 [http-nio-8081-exec-2] DEBUG o.s.w.f.CommonsRequestLoggingFilter - After request [GET /api/groups?page=0&size=10&sortedBy=updatedAt&sortDirection=desc, client=0:0:0:0:0:0:0:1, user=admin@mail.com]
2025-09-18 18:23:18 [scheduling-1] INFO  c.m.b.k.service.DynamicRouteService - Starting route status sync with Camel context
2025-09-18 18:23:18 [scheduling-1] INFO  c.m.b.k.service.DynamicRouteService - Completed route status sync
2025-09-18 18:23:20 [http-nio-8081-exec-7] INFO  c.m.b.k.service.DynamicRouteService - Fetching active routes with pagination
2025-09-18 18:23:20 [http-nio-8081-exec-7] DEBUG o.s.w.f.CommonsRequestLoggingFilter - Before request [GET /api/groups/1, client=0:0:0:0:0:0:0:1, user=admin@mail.com]
2025-09-18 18:23:20 [http-nio-8081-exec-7] DEBUG o.s.web.servlet.DispatcherServlet - GET "/api/groups/1", parameters={}
2025-09-18 18:23:20 [http-nio-8081-exec-7] DEBUG o.s.w.s.m.m.a.RequestMappingHandlerMapping - Mapped to com.middleware.backend.notification.controller.NotificationGroupController#get(Long)
2025-09-18 18:23:20 [http-nio-8081-exec-7] DEBUG o.s.w.s.m.m.a.HttpEntityMethodProcessor - Using 'application/json', given [*/*] and supported [application/json, application/*+json, application/yaml]
2025-09-18 18:23:20 [http-nio-8081-exec-7] DEBUG o.s.w.s.m.m.a.HttpEntityMethodProcessor - Writing [NotificationGroupDto(id=1, name=سي, description=, receivers=null, createdBy=admin@mail.com, createdA (truncated)...]
2025-09-18 18:23:20 [http-nio-8081-exec-7] DEBUG o.s.web.servlet.DispatcherServlet - Completed 200 OK
2025-09-18 18:23:20 [http-nio-8081-exec-7] DEBUG o.s.w.f.CommonsRequestLoggingFilter - After request [GET /api/groups/1, client=0:0:0:0:0:0:0:1, user=admin@mail.com]
2025-09-18 18:23:29 [http-nio-8081-exec-8] INFO  c.m.b.k.service.DynamicRouteService - Fetching active routes with pagination
2025-09-18 18:23:29 [http-nio-8081-exec-8] DEBUG o.s.w.f.CommonsRequestLoggingFilter - Before request [GET /api/receivers?page=0&size=10&sortedBy=updatedAt&sortDirection=desc, client=0:0:0:0:0:0:0:1, user=admin@mail.com]
2025-09-18 18:23:29 [http-nio-8081-exec-8] DEBUG o.s.web.servlet.DispatcherServlet - GET "/api/receivers?page=0&size=10&sortedBy=updatedAt&sortDirection=desc", parameters={masked}
2025-09-18 18:23:29 [http-nio-8081-exec-8] DEBUG o.s.w.s.m.m.a.RequestMappingHandlerMapping - Mapped to com.middleware.backend.notification.controller.ReceiverController#getAll(int, int, String, String)
2025-09-18 18:23:29 [http-nio-8081-exec-8] DEBUG o.s.w.s.m.m.a.HttpEntityMethodProcessor - Using 'application/json', given [*/*] and supported [application/json, application/*+json, application/yaml]
2025-09-18 18:23:29 [http-nio-8081-exec-8] DEBUG o.s.w.s.m.m.a.HttpEntityMethodProcessor - Writing [Page 1 of 0 containing UNKNOWN instances]
2025-09-18 18:23:29 [http-nio-8081-exec-8] DEBUG o.s.web.servlet.DispatcherServlet - Completed 200 OK
2025-09-18 18:23:29 [http-nio-8081-exec-8] DEBUG o.s.w.f.CommonsRequestLoggingFilter - After request [GET /api/receivers?page=0&size=10&sortedBy=updatedAt&sortDirection=desc, client=0:0:0:0:0:0:0:1, user=admin@mail.com]
2025-09-18 18:23:40 [http-nio-8081-exec-6] INFO  c.m.b.k.service.DynamicRouteService - Fetching active routes with pagination
2025-09-18 18:23:40 [http-nio-8081-exec-6] DEBUG o.s.w.f.CommonsRequestLoggingFilter - Before request [POST /api/receivers, client=0:0:0:0:0:0:0:1, user=admin@mail.com]
2025-09-18 18:23:40 [http-nio-8081-exec-6] DEBUG o.s.web.servlet.DispatcherServlet - POST "/api/receivers", parameters={}
2025-09-18 18:23:40 [http-nio-8081-exec-6] DEBUG o.s.w.s.m.m.a.RequestMappingHandlerMapping - Mapped to com.middleware.backend.notification.controller.ReceiverController#create(ReceiverDto)
2025-09-18 18:23:40 [http-nio-8081-exec-6] DEBUG o.s.w.s.m.m.a.RequestResponseBodyMethodProcessor - Read "application/json;charset=UTF-8" to [ReceiverDto(id=null, name=سيب, email=s@mial.com, phone=2342342, createdBy=null, createdAt=null, upda (truncated)...]
2025-09-18 18:23:41 [http-nio-8081-exec-6] DEBUG o.s.w.s.m.m.a.HttpEntityMethodProcessor - Using 'application/json', given [*/*] and supported [application/json, application/*+json, application/yaml]
2025-09-18 18:23:41 [http-nio-8081-exec-6] DEBUG o.s.w.s.m.m.a.HttpEntityMethodProcessor - Writing [ReceiverDto(id=2, name=سيب, email=s@mial.com, phone=2342342, createdBy=admin@mail.com, createdAt=202 (truncated)...]
2025-09-18 18:23:41 [http-nio-8081-exec-6] DEBUG o.s.web.servlet.DispatcherServlet - Completed 200 OK
2025-09-18 18:23:41 [http-nio-8081-exec-6] DEBUG o.s.w.f.CommonsRequestLoggingFilter - After request [POST /api/receivers, client=0:0:0:0:0:0:0:1, user=admin@mail.com, payload={"name":"سيب","phone":"2342342","email":"s@mial.com"}]
2025-09-18 18:23:41 [http-nio-8081-exec-1] INFO  c.m.b.k.service.DynamicRouteService - Fetching active routes with pagination
2025-09-18 18:23:41 [http-nio-8081-exec-1] DEBUG o.s.w.f.CommonsRequestLoggingFilter - Before request [GET /api/receivers?page=0&size=10&sortedBy=updatedAt&sortDirection=desc, client=0:0:0:0:0:0:0:1, user=admin@mail.com]
2025-09-18 18:23:41 [http-nio-8081-exec-1] DEBUG o.s.web.servlet.DispatcherServlet - GET "/api/receivers?page=0&size=10&sortedBy=updatedAt&sortDirection=desc", parameters={masked}
2025-09-18 18:23:41 [http-nio-8081-exec-1] DEBUG o.s.w.s.m.m.a.RequestMappingHandlerMapping - Mapped to com.middleware.backend.notification.controller.ReceiverController#getAll(int, int, String, String)
2025-09-18 18:23:41 [http-nio-8081-exec-1] DEBUG o.s.w.s.m.m.a.HttpEntityMethodProcessor - Using 'application/json', given [*/*] and supported [application/json, application/*+json, application/yaml]
2025-09-18 18:23:41 [http-nio-8081-exec-1] DEBUG o.s.w.s.m.m.a.HttpEntityMethodProcessor - Writing [Page 1 of 1 containing com.middleware.backend.notification.dto.ReceiverDto instances]
2025-09-18 18:23:41 [http-nio-8081-exec-1] DEBUG o.s.web.servlet.DispatcherServlet - Completed 200 OK
2025-09-18 18:23:41 [http-nio-8081-exec-1] DEBUG o.s.w.f.CommonsRequestLoggingFilter - After request [GET /api/receivers?page=0&size=10&sortedBy=updatedAt&sortDirection=desc, client=0:0:0:0:0:0:0:1, user=admin@mail.com]
2025-09-18 18:23:43 [http-nio-8081-exec-10] INFO  c.m.b.k.service.DynamicRouteService - Fetching active routes with pagination
2025-09-18 18:23:43 [http-nio-8081-exec-10] DEBUG o.s.w.f.CommonsRequestLoggingFilter - Before request [GET /api/receivers/2, client=0:0:0:0:0:0:0:1, user=admin@mail.com]
2025-09-18 18:23:43 [http-nio-8081-exec-10] DEBUG o.s.web.servlet.DispatcherServlet - GET "/api/receivers/2", parameters={}
2025-09-18 18:23:43 [http-nio-8081-exec-10] DEBUG o.s.w.s.m.m.a.RequestMappingHandlerMapping - Mapped to com.middleware.backend.notification.controller.ReceiverController#get(Long)
2025-09-18 18:23:43 [http-nio-8081-exec-10] DEBUG o.s.w.s.m.m.a.HttpEntityMethodProcessor - Using 'application/json', given [*/*] and supported [application/json, application/*+json, application/yaml]
2025-09-18 18:23:43 [http-nio-8081-exec-10] DEBUG o.s.w.s.m.m.a.HttpEntityMethodProcessor - Writing [ReceiverDto(id=2, name=سيب, email=s@mial.com, phone=2342342, createdBy=admin@mail.com, createdAt=202 (truncated)...]
2025-09-18 18:23:43 [http-nio-8081-exec-10] DEBUG o.s.web.servlet.DispatcherServlet - Completed 200 OK
2025-09-18 18:23:43 [http-nio-8081-exec-10] DEBUG o.s.w.f.CommonsRequestLoggingFilter - After request [GET /api/receivers/2, client=0:0:0:0:0:0:0:1, user=admin@mail.com]
2025-09-18 18:23:47 [http-nio-8081-exec-4] INFO  c.m.b.k.service.DynamicRouteService - Fetching active routes with pagination
2025-09-18 18:23:47 [http-nio-8081-exec-4] DEBUG o.s.w.f.CommonsRequestLoggingFilter - Before request [GET /api/groups?page=0&size=10&sortedBy=updatedAt&sortDirection=desc, client=0:0:0:0:0:0:0:1, user=admin@mail.com]
2025-09-18 18:23:47 [http-nio-8081-exec-4] DEBUG o.s.web.servlet.DispatcherServlet - GET "/api/groups?page=0&size=10&sortedBy=updatedAt&sortDirection=desc", parameters={masked}
2025-09-18 18:23:47 [http-nio-8081-exec-4] DEBUG o.s.w.s.m.m.a.RequestMappingHandlerMapping - Mapped to com.middleware.backend.notification.controller.NotificationGroupController#getAll(int, int, String, String)
2025-09-18 18:23:47 [http-nio-8081-exec-4] DEBUG o.s.w.s.m.m.a.HttpEntityMethodProcessor - Using 'application/json', given [*/*] and supported [application/json, application/*+json, application/yaml]
2025-09-18 18:23:47 [http-nio-8081-exec-4] DEBUG o.s.w.s.m.m.a.HttpEntityMethodProcessor - Writing [Page 1 of 1 containing com.middleware.backend.notification.dto.NotificationGroupDto instances]
2025-09-18 18:23:47 [http-nio-8081-exec-4] DEBUG o.s.web.servlet.DispatcherServlet - Completed 200 OK
2025-09-18 18:23:47 [http-nio-8081-exec-4] DEBUG o.s.w.f.CommonsRequestLoggingFilter - After request [GET /api/groups?page=0&size=10&sortedBy=updatedAt&sortDirection=desc, client=0:0:0:0:0:0:0:1, user=admin@mail.com]
2025-09-18 18:23:48 [scheduling-1] INFO  c.m.b.k.service.DynamicRouteService - Starting route status sync with Camel context
2025-09-18 18:23:48 [scheduling-1] INFO  c.m.b.k.service.DynamicRouteService - Completed route status sync
2025-09-18 18:23:50 [http-nio-8081-exec-3] INFO  c.m.b.k.service.DynamicRouteService - Fetching active routes with pagination
2025-09-18 18:23:50 [http-nio-8081-exec-3] DEBUG o.s.w.f.CommonsRequestLoggingFilter - Before request [GET /api/groups/1, client=0:0:0:0:0:0:0:1, user=admin@mail.com]
2025-09-18 18:23:50 [http-nio-8081-exec-3] DEBUG o.s.web.servlet.DispatcherServlet - GET "/api/groups/1", parameters={}
2025-09-18 18:23:50 [http-nio-8081-exec-3] DEBUG o.s.w.s.m.m.a.RequestMappingHandlerMapping - Mapped to com.middleware.backend.notification.controller.NotificationGroupController#get(Long)
2025-09-18 18:23:50 [http-nio-8081-exec-3] DEBUG o.s.w.s.m.m.a.HttpEntityMethodProcessor - Using 'application/json', given [*/*] and supported [application/json, application/*+json, application/yaml]
2025-09-18 18:23:50 [http-nio-8081-exec-3] DEBUG o.s.w.s.m.m.a.HttpEntityMethodProcessor - Writing [NotificationGroupDto(id=1, name=سي, description=, receivers=null, createdBy=admin@mail.com, createdA (truncated)...]
2025-09-18 18:23:50 [http-nio-8081-exec-3] DEBUG o.s.web.servlet.DispatcherServlet - Completed 200 OK
2025-09-18 18:23:50 [http-nio-8081-exec-3] DEBUG o.s.w.f.CommonsRequestLoggingFilter - After request [GET /api/groups/1, client=0:0:0:0:0:0:0:1, user=admin@mail.com]
2025-09-18 18:23:54 [http-nio-8081-exec-2] INFO  c.m.b.k.service.DynamicRouteService - Fetching active routes with pagination
2025-09-18 18:23:54 [http-nio-8081-exec-2] DEBUG o.s.w.f.CommonsRequestLoggingFilter - Before request [GET /api/receivers?page=0&size=10&sortedBy=updatedAt&sortDirection=desc, client=0:0:0:0:0:0:0:1, user=admin@mail.com]
2025-09-18 18:23:54 [http-nio-8081-exec-2] DEBUG o.s.web.servlet.DispatcherServlet - GET "/api/receivers?page=0&size=10&sortedBy=updatedAt&sortDirection=desc", parameters={masked}
2025-09-18 18:23:54 [http-nio-8081-exec-2] DEBUG o.s.w.s.m.m.a.RequestMappingHandlerMapping - Mapped to com.middleware.backend.notification.controller.ReceiverController#getAll(int, int, String, String)
2025-09-18 18:23:54 [http-nio-8081-exec-2] DEBUG o.s.w.s.m.m.a.HttpEntityMethodProcessor - Using 'application/json', given [*/*] and supported [application/json, application/*+json, application/yaml]
2025-09-18 18:23:54 [http-nio-8081-exec-2] DEBUG o.s.w.s.m.m.a.HttpEntityMethodProcessor - Writing [Page 1 of 1 containing com.middleware.backend.notification.dto.ReceiverDto instances]
2025-09-18 18:23:54 [http-nio-8081-exec-2] DEBUG o.s.web.servlet.DispatcherServlet - Completed 200 OK
2025-09-18 18:23:54 [http-nio-8081-exec-2] DEBUG o.s.w.f.CommonsRequestLoggingFilter - After request [GET /api/receivers?page=0&size=10&sortedBy=updatedAt&sortDirection=desc, client=0:0:0:0:0:0:0:1, user=admin@mail.com]
2025-09-18 18:23:56 [http-nio-8081-exec-7] INFO  c.m.b.k.service.DynamicRouteService - Fetching active routes with pagination
2025-09-18 18:23:56 [http-nio-8081-exec-7] DEBUG o.s.w.f.CommonsRequestLoggingFilter - Before request [GET /api/templates?page=0&size=10&sortedBy=updatedAt&sortDirection=desc, client=0:0:0:0:0:0:0:1, user=admin@mail.com]
2025-09-18 18:23:56 [http-nio-8081-exec-7] DEBUG o.s.web.servlet.DispatcherServlet - GET "/api/templates?page=0&size=10&sortedBy=updatedAt&sortDirection=desc", parameters={masked}
2025-09-18 18:23:56 [http-nio-8081-exec-7] DEBUG o.s.w.s.m.m.a.RequestMappingHandlerMapping - Mapped to com.middleware.backend.notification.controller.TemplateController#getAll(int, int, String, String)
2025-09-18 18:23:56 [http-nio-8081-exec-7] DEBUG o.s.w.s.m.m.a.HttpEntityMethodProcessor - Using 'application/json', given [*/*] and supported [application/json, application/*+json, application/yaml]
2025-09-18 18:23:56 [http-nio-8081-exec-7] DEBUG o.s.w.s.m.m.a.HttpEntityMethodProcessor - Writing [Page 1 of 1 containing com.middleware.backend.notification.dto.NotificationTemplateDto instances]
2025-09-18 18:23:56 [http-nio-8081-exec-7] DEBUG o.s.web.servlet.DispatcherServlet - Completed 200 OK
2025-09-18 18:23:56 [http-nio-8081-exec-7] DEBUG o.s.w.f.CommonsRequestLoggingFilter - After request [GET /api/templates?page=0&size=10&sortedBy=updatedAt&sortDirection=desc, client=0:0:0:0:0:0:0:1, user=admin@mail.com]
2025-09-18 18:23:58 [http-nio-8081-exec-8] INFO  c.m.b.k.service.DynamicRouteService - Fetching active routes with pagination
2025-09-18 18:23:58 [http-nio-8081-exec-8] DEBUG o.s.w.f.CommonsRequestLoggingFilter - Before request [GET /api/templates/6, client=0:0:0:0:0:0:0:1, user=admin@mail.com]
2025-09-18 18:23:58 [http-nio-8081-exec-8] DEBUG o.s.web.servlet.DispatcherServlet - GET "/api/templates/6", parameters={}
2025-09-18 18:23:58 [http-nio-8081-exec-8] DEBUG o.s.w.s.m.m.a.RequestMappingHandlerMapping - Mapped to com.middleware.backend.notification.controller.TemplateController#get(Long)
2025-09-18 18:23:58 [http-nio-8081-exec-8] DEBUG o.s.w.s.m.m.a.HttpEntityMethodProcessor - Using 'application/json', given [*/*] and supported [application/json, application/*+json, application/yaml]
2025-09-18 18:23:58 [http-nio-8081-exec-8] DEBUG o.s.w.s.m.m.a.HttpEntityMethodProcessor - Writing [NotificationTemplateDto(id=6, name=ي, type=SMS, subject=Job {{ job_name }} failed, body=Details: {{  (truncated)...]
2025-09-18 18:23:58 [http-nio-8081-exec-8] DEBUG o.s.web.servlet.DispatcherServlet - Completed 200 OK
2025-09-18 18:23:58 [http-nio-8081-exec-8] DEBUG o.s.w.f.CommonsRequestLoggingFilter - After request [GET /api/templates/6, client=0:0:0:0:0:0:0:1, user=admin@mail.com]
2025-09-18 18:24:06 [http-nio-8081-exec-6] INFO  c.m.b.k.service.DynamicRouteService - Fetching active routes with pagination
2025-09-18 18:24:06 [http-nio-8081-exec-6] DEBUG o.s.w.f.CommonsRequestLoggingFilter - Before request [GET /api/groups?page=0&size=10&sortedBy=updatedAt&sortDirection=desc, client=0:0:0:0:0:0:0:1, user=admin@mail.com]
2025-09-18 18:24:06 [http-nio-8081-exec-6] DEBUG o.s.web.servlet.DispatcherServlet - GET "/api/groups?page=0&size=10&sortedBy=updatedAt&sortDirection=desc", parameters={masked}
2025-09-18 18:24:06 [http-nio-8081-exec-6] DEBUG o.s.w.s.m.m.a.RequestMappingHandlerMapping - Mapped to com.middleware.backend.notification.controller.NotificationGroupController#getAll(int, int, String, String)
2025-09-18 18:24:06 [http-nio-8081-exec-6] DEBUG o.s.w.s.m.m.a.HttpEntityMethodProcessor - Using 'application/json', given [*/*] and supported [application/json, application/*+json, application/yaml]
2025-09-18 18:24:06 [http-nio-8081-exec-6] DEBUG o.s.w.s.m.m.a.HttpEntityMethodProcessor - Writing [Page 1 of 1 containing com.middleware.backend.notification.dto.NotificationGroupDto instances]
2025-09-18 18:24:06 [http-nio-8081-exec-6] DEBUG o.s.web.servlet.DispatcherServlet - Completed 200 OK
2025-09-18 18:24:06 [http-nio-8081-exec-6] DEBUG o.s.w.f.CommonsRequestLoggingFilter - After request [GET /api/groups?page=0&size=10&sortedBy=updatedAt&sortDirection=desc, client=0:0:0:0:0:0:0:1, user=admin@mail.com]
2025-09-18 18:24:07 [http-nio-8081-exec-1] INFO  c.m.b.k.service.DynamicRouteService - Fetching active routes with pagination
2025-09-18 18:24:08 [http-nio-8081-exec-1] DEBUG o.s.w.f.CommonsRequestLoggingFilter - Before request [GET /api/groups/1, client=0:0:0:0:0:0:0:1, user=admin@mail.com]
2025-09-18 18:24:08 [http-nio-8081-exec-1] DEBUG o.s.web.servlet.DispatcherServlet - GET "/api/groups/1", parameters={}
2025-09-18 18:24:08 [http-nio-8081-exec-1] DEBUG o.s.w.s.m.m.a.RequestMappingHandlerMapping - Mapped to com.middleware.backend.notification.controller.NotificationGroupController#get(Long)
2025-09-18 18:24:08 [http-nio-8081-exec-1] DEBUG o.s.w.s.m.m.a.HttpEntityMethodProcessor - Using 'application/json', given [*/*] and supported [application/json, application/*+json, application/yaml]
2025-09-18 18:24:08 [http-nio-8081-exec-1] DEBUG o.s.w.s.m.m.a.HttpEntityMethodProcessor - Writing [NotificationGroupDto(id=1, name=سي, description=, receivers=null, createdBy=admin@mail.com, createdA (truncated)...]
2025-09-18 18:24:08 [http-nio-8081-exec-1] DEBUG o.s.web.servlet.DispatcherServlet - Completed 200 OK
2025-09-18 18:24:08 [http-nio-8081-exec-1] DEBUG o.s.w.f.CommonsRequestLoggingFilter - After request [GET /api/groups/1, client=0:0:0:0:0:0:0:1, user=admin@mail.com]
2025-09-18 18:24:12 [http-nio-8081-exec-5] INFO  c.m.b.k.service.DynamicRouteService - Fetching active routes with pagination
2025-09-18 18:24:12 [http-nio-8081-exec-5] DEBUG o.s.w.f.CommonsRequestLoggingFilter - Before request [GET /api/groups/1, client=0:0:0:0:0:0:0:1, user=admin@mail.com]
2025-09-18 18:24:12 [http-nio-8081-exec-5] DEBUG o.s.web.servlet.DispatcherServlet - GET "/api/groups/1", parameters={}
2025-09-18 18:24:12 [http-nio-8081-exec-5] DEBUG o.s.w.s.m.m.a.RequestMappingHandlerMapping - Mapped to com.middleware.backend.notification.controller.NotificationGroupController#get(Long)
2025-09-18 18:24:12 [http-nio-8081-exec-5] DEBUG o.s.w.s.m.m.a.HttpEntityMethodProcessor - Using 'application/json', given [*/*] and supported [application/json, application/*+json, application/yaml]
2025-09-18 18:24:12 [http-nio-8081-exec-5] DEBUG o.s.w.s.m.m.a.HttpEntityMethodProcessor - Writing [NotificationGroupDto(id=1, name=سي, description=, receivers=null, createdBy=admin@mail.com, createdA (truncated)...]
2025-09-18 18:24:12 [http-nio-8081-exec-5] DEBUG o.s.web.servlet.DispatcherServlet - Completed 200 OK
2025-09-18 18:24:12 [http-nio-8081-exec-5] DEBUG o.s.w.f.CommonsRequestLoggingFilter - After request [GET /api/groups/1, client=0:0:0:0:0:0:0:1, user=admin@mail.com]
2025-09-18 18:24:18 [scheduling-1] INFO  c.m.b.k.service.DynamicRouteService - Starting route status sync with Camel context
2025-09-18 18:24:18 [scheduling-1] INFO  c.m.b.k.service.DynamicRouteService - Completed route status sync
2025-09-18 18:24:20 [http-nio-8081-exec-10] INFO  c.m.b.k.service.DynamicRouteService - Fetching active routes with pagination
2025-09-18 18:24:20 [http-nio-8081-exec-3] INFO  c.m.b.k.service.DynamicRouteService - Fetching active routes with pagination
2025-09-18 18:24:20 [http-nio-8081-exec-4] INFO  c.m.b.k.service.DynamicRouteService - Fetching active routes with pagination
2025-09-18 18:24:21 [http-nio-8081-exec-3] DEBUG o.s.w.f.CommonsRequestLoggingFilter - Before request [GET /api/groups-receivers/all?search=, client=0:0:0:0:0:0:0:1, user=admin@mail.com]
2025-09-18 18:24:21 [http-nio-8081-exec-3] DEBUG o.s.web.servlet.DispatcherServlet - GET "/api/groups-receivers/all?search=", parameters={masked}
2025-09-18 18:24:21 [http-nio-8081-exec-3] DEBUG o.s.w.s.m.m.a.RequestMappingHandlerMapping - Mapped to com.middleware.backend.notification.controller.groupReceiverController#getAllReceivers(String)
2025-09-18 18:24:21 [http-nio-8081-exec-10] DEBUG o.s.w.f.CommonsRequestLoggingFilter - Before request [GET /api/groups-receivers/table?page=0&size=10&sortedBy=updatedAt&sortDirection=desc, client=0:0:0:0:0:0:0:1, user=admin@mail.com]
2025-09-18 18:24:21 [http-nio-8081-exec-10] DEBUG o.s.web.servlet.DispatcherServlet - GET "/api/groups-receivers/table?page=0&size=10&sortedBy=updatedAt&sortDirection=desc", parameters={masked}
2025-09-18 18:24:21 [http-nio-8081-exec-10] DEBUG o.s.w.s.m.m.a.RequestMappingHandlerMapping - Mapped to com.middleware.backend.notification.controller.groupReceiverController#getGroupReceivers(int, int, String, String)
2025-09-18 18:24:21 [http-nio-8081-exec-4] DEBUG o.s.w.f.CommonsRequestLoggingFilter - Before request [GET /api/groups-receivers, client=0:0:0:0:0:0:0:1, user=admin@mail.com]
2025-09-18 18:24:21 [http-nio-8081-exec-4] DEBUG o.s.web.servlet.DispatcherServlet - GET "/api/groups-receivers", parameters={}
2025-09-18 18:24:21 [http-nio-8081-exec-4] DEBUG o.s.w.s.m.m.a.RequestMappingHandlerMapping - Mapped to com.middleware.backend.notification.controller.groupReceiverController#getUnlinkedGroups()
2025-09-18 18:24:21 [http-nio-8081-exec-3] DEBUG o.s.w.s.m.m.a.HttpEntityMethodProcessor - Using 'application/json', given [*/*] and supported [application/json, application/*+json, application/yaml]
2025-09-18 18:24:21 [http-nio-8081-exec-10] DEBUG o.s.w.s.m.m.a.HttpEntityMethodProcessor - Using 'application/json', given [*/*] and supported [application/json, application/*+json, application/yaml]
2025-09-18 18:24:21 [http-nio-8081-exec-3] DEBUG o.s.w.s.m.m.a.HttpEntityMethodProcessor - Writing [[ReceiverRequest(id=2, name=سيب)]]
2025-09-18 18:24:21 [http-nio-8081-exec-10] DEBUG o.s.w.s.m.m.a.HttpEntityMethodProcessor - Writing [Page 1 of 0 containing UNKNOWN instances]
2025-09-18 18:24:21 [http-nio-8081-exec-10] DEBUG o.s.web.servlet.DispatcherServlet - Completed 200 OK
2025-09-18 18:24:21 [http-nio-8081-exec-10] DEBUG o.s.w.f.CommonsRequestLoggingFilter - After request [GET /api/groups-receivers/table?page=0&size=10&sortedBy=updatedAt&sortDirection=desc, client=0:0:0:0:0:0:0:1, user=admin@mail.com]
2025-09-18 18:24:21 [http-nio-8081-exec-3] DEBUG o.s.web.servlet.DispatcherServlet - Completed 200 OK
2025-09-18 18:24:21 [http-nio-8081-exec-3] DEBUG o.s.w.f.CommonsRequestLoggingFilter - After request [GET /api/groups-receivers/all?search=, client=0:0:0:0:0:0:0:1, user=admin@mail.com]
2025-09-18 18:24:21 [http-nio-8081-exec-4] DEBUG o.s.w.s.m.m.a.HttpEntityMethodProcessor - Using 'application/json', given [*/*] and supported [application/json, application/*+json, application/yaml]
2025-09-18 18:24:21 [http-nio-8081-exec-4] DEBUG o.s.w.s.m.m.a.HttpEntityMethodProcessor - Writing [[GroupRequest(id=1, groupName=سي)]]
2025-09-18 18:24:21 [http-nio-8081-exec-4] DEBUG o.s.web.servlet.DispatcherServlet - Completed 200 OK
2025-09-18 18:24:21 [http-nio-8081-exec-4] DEBUG o.s.w.f.CommonsRequestLoggingFilter - After request [GET /api/groups-receivers, client=0:0:0:0:0:0:0:1, user=admin@mail.com]
2025-09-18 18:24:22 [http-nio-8081-exec-2] INFO  c.m.b.k.service.DynamicRouteService - Fetching active routes with pagination
2025-09-18 18:24:22 [http-nio-8081-exec-2] DEBUG o.s.w.f.CommonsRequestLoggingFilter - Before request [GET /api/groups-receivers, client=0:0:0:0:0:0:0:1, user=admin@mail.com]
2025-09-18 18:24:22 [http-nio-8081-exec-2] DEBUG o.s.web.servlet.DispatcherServlet - GET "/api/groups-receivers", parameters={}
2025-09-18 18:24:22 [http-nio-8081-exec-2] DEBUG o.s.w.s.m.m.a.RequestMappingHandlerMapping - Mapped to com.middleware.backend.notification.controller.groupReceiverController#getUnlinkedGroups()
2025-09-18 18:24:22 [http-nio-8081-exec-2] DEBUG o.s.w.s.m.m.a.HttpEntityMethodProcessor - Using 'application/json', given [*/*] and supported [application/json, application/*+json, application/yaml]
2025-09-18 18:24:22 [http-nio-8081-exec-2] DEBUG o.s.w.s.m.m.a.HttpEntityMethodProcessor - Writing [[GroupRequest(id=1, groupName=سي)]]
2025-09-18 18:24:22 [http-nio-8081-exec-2] DEBUG o.s.web.servlet.DispatcherServlet - Completed 200 OK
2025-09-18 18:24:22 [http-nio-8081-exec-2] DEBUG o.s.w.f.CommonsRequestLoggingFilter - After request [GET /api/groups-receivers, client=0:0:0:0:0:0:0:1, user=admin@mail.com]
2025-09-18 18:24:28 [http-nio-8081-exec-9] INFO  c.m.b.k.service.DynamicRouteService - Fetching active routes with pagination
2025-09-18 18:24:28 [http-nio-8081-exec-8] INFO  c.m.b.k.service.DynamicRouteService - Fetching active routes with pagination
2025-09-18 18:24:28 [http-nio-8081-exec-7] INFO  c.m.b.k.service.DynamicRouteService - Fetching active routes with pagination
2025-09-18 18:24:28 [http-nio-8081-exec-8] DEBUG o.s.w.f.CommonsRequestLoggingFilter - Before request [GET /api/groups-receivers/all?search=, client=0:0:0:0:0:0:0:1, user=admin@mail.com]
2025-09-18 18:24:28 [http-nio-8081-exec-8] DEBUG o.s.web.servlet.DispatcherServlet - GET "/api/groups-receivers/all?search=", parameters={masked}
2025-09-18 18:24:28 [http-nio-8081-exec-8] DEBUG o.s.w.s.m.m.a.RequestMappingHandlerMapping - Mapped to com.middleware.backend.notification.controller.groupReceiverController#getAllReceivers(String)
2025-09-18 18:24:28 [http-nio-8081-exec-7] DEBUG o.s.w.f.CommonsRequestLoggingFilter - Before request [GET /api/groups-receivers, client=0:0:0:0:0:0:0:1, user=admin@mail.com]
2025-09-18 18:24:28 [http-nio-8081-exec-7] DEBUG o.s.web.servlet.DispatcherServlet - GET "/api/groups-receivers", parameters={}
2025-09-18 18:24:28 [http-nio-8081-exec-7] DEBUG o.s.w.s.m.m.a.RequestMappingHandlerMapping - Mapped to com.middleware.backend.notification.controller.groupReceiverController#getUnlinkedGroups()
2025-09-18 18:24:28 [http-nio-8081-exec-7] DEBUG o.s.w.s.m.m.a.HttpEntityMethodProcessor - Using 'application/json', given [*/*] and supported [application/json, application/*+json, application/yaml]
2025-09-18 18:24:28 [http-nio-8081-exec-7] DEBUG o.s.w.s.m.m.a.HttpEntityMethodProcessor - Writing [[GroupRequest(id=1, groupName=سي)]]
2025-09-18 18:24:28 [http-nio-8081-exec-7] DEBUG o.s.web.servlet.DispatcherServlet - Completed 200 OK
2025-09-18 18:24:28 [http-nio-8081-exec-7] DEBUG o.s.w.f.CommonsRequestLoggingFilter - After request [GET /api/groups-receivers, client=0:0:0:0:0:0:0:1, user=admin@mail.com]
2025-09-18 18:24:28 [http-nio-8081-exec-8] DEBUG o.s.w.s.m.m.a.HttpEntityMethodProcessor - Using 'application/json', given [*/*] and supported [application/json, application/*+json, application/yaml]
2025-09-18 18:24:28 [http-nio-8081-exec-8] DEBUG o.s.w.s.m.m.a.HttpEntityMethodProcessor - Writing [[ReceiverRequest(id=2, name=سيب)]]
2025-09-18 18:24:28 [http-nio-8081-exec-8] DEBUG o.s.web.servlet.DispatcherServlet - Completed 200 OK
2025-09-18 18:24:28 [http-nio-8081-exec-8] DEBUG o.s.w.f.CommonsRequestLoggingFilter - After request [GET /api/groups-receivers/all?search=, client=0:0:0:0:0:0:0:1, user=admin@mail.com]
2025-09-18 18:24:28 [http-nio-8081-exec-9] DEBUG o.s.w.f.CommonsRequestLoggingFilter - Before request [GET /api/groups-receivers/table?page=0&size=10&sortedBy=updatedAt&sortDirection=desc, client=0:0:0:0:0:0:0:1, user=admin@mail.com]
2025-09-18 18:24:28 [http-nio-8081-exec-9] DEBUG o.s.web.servlet.DispatcherServlet - GET "/api/groups-receivers/table?page=0&size=10&sortedBy=updatedAt&sortDirection=desc", parameters={masked}
2025-09-18 18:24:28 [http-nio-8081-exec-9] DEBUG o.s.w.s.m.m.a.RequestMappingHandlerMapping - Mapped to com.middleware.backend.notification.controller.groupReceiverController#getGroupReceivers(int, int, String, String)
2025-09-18 18:24:29 [http-nio-8081-exec-9] DEBUG o.s.w.s.m.m.a.HttpEntityMethodProcessor - Using 'application/json', given [*/*] and supported [application/json, application/*+json, application/yaml]
2025-09-18 18:24:29 [http-nio-8081-exec-9] DEBUG o.s.w.s.m.m.a.HttpEntityMethodProcessor - Writing [Page 1 of 0 containing UNKNOWN instances]
2025-09-18 18:24:29 [http-nio-8081-exec-9] DEBUG o.s.web.servlet.DispatcherServlet - Completed 200 OK
2025-09-18 18:24:29 [http-nio-8081-exec-9] DEBUG o.s.w.f.CommonsRequestLoggingFilter - After request [GET /api/groups-receivers/table?page=0&size=10&sortedBy=updatedAt&sortDirection=desc, client=0:0:0:0:0:0:0:1, user=admin@mail.com]
2025-09-18 18:24:32 [http-nio-8081-exec-5] INFO  c.m.b.k.service.DynamicRouteService - Fetching active routes with pagination
2025-09-18 18:24:32 [http-nio-8081-exec-1] INFO  c.m.b.k.service.DynamicRouteService - Fetching active routes with pagination
2025-09-18 18:24:32 [http-nio-8081-exec-6] INFO  c.m.b.k.service.DynamicRouteService - Fetching active routes with pagination
2025-09-18 18:24:33 [http-nio-8081-exec-5] DEBUG o.s.w.f.CommonsRequestLoggingFilter - Before request [GET /api/groups-receivers/all?search=, client=0:0:0:0:0:0:0:1, user=admin@mail.com]
2025-09-18 18:24:33 [http-nio-8081-exec-5] DEBUG o.s.web.servlet.DispatcherServlet - GET "/api/groups-receivers/all?search=", parameters={masked}
2025-09-18 18:24:33 [http-nio-8081-exec-5] DEBUG o.s.w.s.m.m.a.RequestMappingHandlerMapping - Mapped to com.middleware.backend.notification.controller.groupReceiverController#getAllReceivers(String)
2025-09-18 18:24:33 [http-nio-8081-exec-6] DEBUG o.s.w.f.CommonsRequestLoggingFilter - Before request [GET /api/groups-receivers/table?page=0&size=10&sortedBy=updatedAt&sortDirection=desc, client=0:0:0:0:0:0:0:1, user=admin@mail.com]
2025-09-18 18:24:33 [http-nio-8081-exec-6] DEBUG o.s.web.servlet.DispatcherServlet - GET "/api/groups-receivers/table?page=0&size=10&sortedBy=updatedAt&sortDirection=desc", parameters={masked}
2025-09-18 18:24:33 [http-nio-8081-exec-6] DEBUG o.s.w.s.m.m.a.RequestMappingHandlerMapping - Mapped to com.middleware.backend.notification.controller.groupReceiverController#getGroupReceivers(int, int, String, String)
2025-09-18 18:24:33 [http-nio-8081-exec-5] DEBUG o.s.w.s.m.m.a.HttpEntityMethodProcessor - Using 'application/json', given [*/*] and supported [application/json, application/*+json, application/yaml]
2025-09-18 18:24:33 [http-nio-8081-exec-5] DEBUG o.s.w.s.m.m.a.HttpEntityMethodProcessor - Writing [[ReceiverRequest(id=2, name=سيب)]]
2025-09-18 18:24:33 [http-nio-8081-exec-5] DEBUG o.s.web.servlet.DispatcherServlet - Completed 200 OK
2025-09-18 18:24:33 [http-nio-8081-exec-5] DEBUG o.s.w.f.CommonsRequestLoggingFilter - After request [GET /api/groups-receivers/all?search=, client=0:0:0:0:0:0:0:1, user=admin@mail.com]
2025-09-18 18:24:33 [http-nio-8081-exec-6] DEBUG o.s.w.s.m.m.a.HttpEntityMethodProcessor - Using 'application/json', given [*/*] and supported [application/json, application/*+json, application/yaml]
2025-09-18 18:24:33 [http-nio-8081-exec-6] DEBUG o.s.w.s.m.m.a.HttpEntityMethodProcessor - Writing [Page 1 of 0 containing UNKNOWN instances]
2025-09-18 18:24:33 [http-nio-8081-exec-6] DEBUG o.s.web.servlet.DispatcherServlet - Completed 200 OK
2025-09-18 18:24:33 [http-nio-8081-exec-6] DEBUG o.s.w.f.CommonsRequestLoggingFilter - After request [GET /api/groups-receivers/table?page=0&size=10&sortedBy=updatedAt&sortDirection=desc, client=0:0:0:0:0:0:0:1, user=admin@mail.com]
2025-09-18 18:24:33 [http-nio-8081-exec-1] DEBUG o.s.w.f.CommonsRequestLoggingFilter - Before request [GET /api/groups-receivers, client=0:0:0:0:0:0:0:1, user=admin@mail.com]
2025-09-18 18:24:33 [http-nio-8081-exec-1] DEBUG o.s.web.servlet.DispatcherServlet - GET "/api/groups-receivers", parameters={}
2025-09-18 18:24:33 [http-nio-8081-exec-1] DEBUG o.s.w.s.m.m.a.RequestMappingHandlerMapping - Mapped to com.middleware.backend.notification.controller.groupReceiverController#getUnlinkedGroups()
2025-09-18 18:24:33 [http-nio-8081-exec-1] DEBUG o.s.w.s.m.m.a.HttpEntityMethodProcessor - Using 'application/json', given [*/*] and supported [application/json, application/*+json, application/yaml]
2025-09-18 18:24:33 [http-nio-8081-exec-1] DEBUG o.s.w.s.m.m.a.HttpEntityMethodProcessor - Writing [[GroupRequest(id=1, groupName=سي)]]
2025-09-18 18:24:33 [http-nio-8081-exec-1] DEBUG o.s.web.servlet.DispatcherServlet - Completed 200 OK
2025-09-18 18:24:33 [http-nio-8081-exec-1] DEBUG o.s.w.f.CommonsRequestLoggingFilter - After request [GET /api/groups-receivers, client=0:0:0:0:0:0:0:1, user=admin@mail.com]
2025-09-18 18:24:34 [http-nio-8081-exec-10] INFO  c.m.b.k.service.DynamicRouteService - Fetching active routes with pagination
2025-09-18 18:24:35 [http-nio-8081-exec-10] DEBUG o.s.w.f.CommonsRequestLoggingFilter - Before request [GET /api/groups-receivers, client=0:0:0:0:0:0:0:1, user=admin@mail.com]
2025-09-18 18:24:35 [http-nio-8081-exec-10] DEBUG o.s.web.servlet.DispatcherServlet - GET "/api/groups-receivers", parameters={}
2025-09-18 18:24:35 [http-nio-8081-exec-10] DEBUG o.s.w.s.m.m.a.RequestMappingHandlerMapping - Mapped to com.middleware.backend.notification.controller.groupReceiverController#getUnlinkedGroups()
2025-09-18 18:24:35 [http-nio-8081-exec-10] DEBUG o.s.w.s.m.m.a.HttpEntityMethodProcessor - Using 'application/json', given [*/*] and supported [application/json, application/*+json, application/yaml]
2025-09-18 18:24:35 [http-nio-8081-exec-10] DEBUG o.s.w.s.m.m.a.HttpEntityMethodProcessor - Writing [[GroupRequest(id=1, groupName=سي)]]
2025-09-18 18:24:35 [http-nio-8081-exec-10] DEBUG o.s.web.servlet.DispatcherServlet - Completed 200 OK
2025-09-18 18:24:35 [http-nio-8081-exec-10] DEBUG o.s.w.f.CommonsRequestLoggingFilter - After request [GET /api/groups-receivers, client=0:0:0:0:0:0:0:1, user=admin@mail.com]
2025-09-18 18:24:39 [http-nio-8081-exec-3] INFO  c.m.b.k.service.DynamicRouteService - Fetching active routes with pagination
2025-09-18 18:24:39 [http-nio-8081-exec-3] DEBUG o.s.w.f.CommonsRequestLoggingFilter - Before request [GET /api/groups-receivers/all?search=, client=0:0:0:0:0:0:0:1, user=admin@mail.com]
2025-09-18 18:24:39 [http-nio-8081-exec-3] DEBUG o.s.web.servlet.DispatcherServlet - GET "/api/groups-receivers/all?search=", parameters={masked}
2025-09-18 18:24:39 [http-nio-8081-exec-3] DEBUG o.s.w.s.m.m.a.RequestMappingHandlerMapping - Mapped to com.middleware.backend.notification.controller.groupReceiverController#getAllReceivers(String)
2025-09-18 18:24:39 [http-nio-8081-exec-3] DEBUG o.s.w.s.m.m.a.HttpEntityMethodProcessor - Using 'application/json', given [*/*] and supported [application/json, application/*+json, application/yaml]
2025-09-18 18:24:39 [http-nio-8081-exec-3] DEBUG o.s.w.s.m.m.a.HttpEntityMethodProcessor - Writing [[ReceiverRequest(id=2, name=سيب)]]
2025-09-18 18:24:39 [http-nio-8081-exec-3] DEBUG o.s.web.servlet.DispatcherServlet - Completed 200 OK
2025-09-18 18:24:39 [http-nio-8081-exec-3] DEBUG o.s.w.f.CommonsRequestLoggingFilter - After request [GET /api/groups-receivers/all?search=, client=0:0:0:0:0:0:0:1, user=admin@mail.com]
2025-09-18 18:24:48 [scheduling-1] INFO  c.m.b.k.service.DynamicRouteService - Starting route status sync with Camel context
2025-09-18 18:24:48 [scheduling-1] INFO  c.m.b.k.service.DynamicRouteService - Completed route status sync
2025-09-18 18:25:18 [scheduling-1] INFO  c.m.b.k.service.DynamicRouteService - Starting route status sync with Camel context
2025-09-18 18:25:18 [scheduling-1] INFO  c.m.b.k.service.DynamicRouteService - Completed route status sync
2025-09-18 18:25:48 [scheduling-1] INFO  c.m.b.k.service.DynamicRouteService - Starting route status sync with Camel context
2025-09-18 18:25:48 [scheduling-1] INFO  c.m.b.k.service.DynamicRouteService - Completed route status sync
2025-09-18 18:26:18 [scheduling-1] INFO  c.m.b.k.service.DynamicRouteService - Starting route status sync with Camel context
2025-09-18 18:26:18 [scheduling-1] INFO  c.m.b.k.service.DynamicRouteService - Completed route status sync
2025-09-18 18:26:48 [scheduling-1] INFO  c.m.b.k.service.DynamicRouteService - Starting route status sync with Camel context
2025-09-18 18:26:48 [scheduling-1] INFO  c.m.b.k.service.DynamicRouteService - Completed route status sync
2025-09-18 18:27:18 [scheduling-1] INFO  c.m.b.k.service.DynamicRouteService - Starting route status sync with Camel context
2025-09-18 18:27:18 [scheduling-1] INFO  c.m.b.k.service.DynamicRouteService - Completed route status sync
2025-09-18 18:27:48 [scheduling-1] INFO  c.m.b.k.service.DynamicRouteService - Starting route status sync with Camel context
2025-09-18 18:27:48 [scheduling-1] INFO  c.m.b.k.service.DynamicRouteService - Completed route status sync
2025-09-18 18:28:18 [scheduling-1] INFO  c.m.b.k.service.DynamicRouteService - Starting route status sync with Camel context
2025-09-18 18:28:18 [scheduling-1] INFO  c.m.b.k.service.DynamicRouteService - Completed route status sync
2025-09-18 18:28:48 [scheduling-1] INFO  c.m.b.k.service.DynamicRouteService - Starting route status sync with Camel context
2025-09-18 18:28:48 [scheduling-1] INFO  c.m.b.k.service.DynamicRouteService - Completed route status sync
2025-09-18 18:29:18 [scheduling-1] INFO  c.m.b.k.service.DynamicRouteService - Starting route status sync with Camel context
2025-09-18 18:29:18 [scheduling-1] INFO  c.m.b.k.service.DynamicRouteService - Completed route status sync
2025-09-18 18:29:48 [scheduling-1] INFO  c.m.b.k.service.DynamicRouteService - Starting route status sync with Camel context
2025-09-18 18:29:48 [scheduling-1] INFO  c.m.b.k.service.DynamicRouteService - Completed route status sync
2025-09-18 18:30:18 [scheduling-1] INFO  c.m.b.k.service.DynamicRouteService - Starting route status sync with Camel context
2025-09-18 18:30:18 [scheduling-1] INFO  c.m.b.k.service.DynamicRouteService - Completed route status sync
2025-09-18 18:30:48 [scheduling-1] INFO  c.m.b.k.service.DynamicRouteService - Starting route status sync with Camel context
2025-09-18 18:30:48 [scheduling-1] INFO  c.m.b.k.service.DynamicRouteService - Completed route status sync
2025-09-18 18:31:13 [http-nio-8081-exec-7] INFO  c.m.b.k.service.DynamicRouteService - Fetching active routes with pagination
2025-09-18 18:31:13 [http-nio-8081-exec-9] INFO  c.m.b.k.service.DynamicRouteService - Fetching active routes with pagination
2025-09-18 18:31:13 [http-nio-8081-exec-5] INFO  c.m.b.k.service.DynamicRouteService - Fetching active routes with pagination
2025-09-18 18:31:13 [http-nio-8081-exec-9] DEBUG o.s.w.f.CommonsRequestLoggingFilter - Before request [GET /api/groups-receivers, client=0:0:0:0:0:0:0:1, user=admin@mail.com]
2025-09-18 18:31:13 [http-nio-8081-exec-9] DEBUG o.s.web.servlet.DispatcherServlet - GET "/api/groups-receivers", parameters={}
2025-09-18 18:31:13 [http-nio-8081-exec-9] DEBUG o.s.w.s.m.m.a.RequestMappingHandlerMapping - Mapped to com.middleware.backend.notification.controller.groupReceiverController#getUnlinkedGroups()
2025-09-18 18:31:13 [http-nio-8081-exec-5] DEBUG o.s.w.f.CommonsRequestLoggingFilter - Before request [GET /api/groups-receivers/all?search=, client=0:0:0:0:0:0:0:1, user=admin@mail.com]
2025-09-18 18:31:13 [http-nio-8081-exec-5] DEBUG o.s.web.servlet.DispatcherServlet - GET "/api/groups-receivers/all?search=", parameters={masked}
2025-09-18 18:31:13 [http-nio-8081-exec-5] DEBUG o.s.w.s.m.m.a.RequestMappingHandlerMapping - Mapped to com.middleware.backend.notification.controller.groupReceiverController#getAllReceivers(String)
2025-09-18 18:31:14 [http-nio-8081-exec-9] DEBUG o.s.w.s.m.m.a.HttpEntityMethodProcessor - Using 'application/json', given [*/*] and supported [application/json, application/*+json, application/yaml]
2025-09-18 18:31:14 [http-nio-8081-exec-9] DEBUG o.s.w.s.m.m.a.HttpEntityMethodProcessor - Writing [[GroupRequest(id=1, groupName=سي)]]
2025-09-18 18:31:14 [http-nio-8081-exec-9] DEBUG o.s.web.servlet.DispatcherServlet - Completed 200 OK
2025-09-18 18:31:14 [http-nio-8081-exec-9] DEBUG o.s.w.f.CommonsRequestLoggingFilter - After request [GET /api/groups-receivers, client=0:0:0:0:0:0:0:1, user=admin@mail.com]
2025-09-18 18:31:14 [http-nio-8081-exec-5] DEBUG o.s.w.s.m.m.a.HttpEntityMethodProcessor - Using 'application/json', given [*/*] and supported [application/json, application/*+json, application/yaml]
2025-09-18 18:31:14 [http-nio-8081-exec-5] DEBUG o.s.w.s.m.m.a.HttpEntityMethodProcessor - Writing [[ReceiverRequest(id=2, name=سيب)]]
2025-09-18 18:31:14 [http-nio-8081-exec-5] DEBUG o.s.web.servlet.DispatcherServlet - Completed 200 OK
2025-09-18 18:31:14 [http-nio-8081-exec-5] DEBUG o.s.w.f.CommonsRequestLoggingFilter - After request [GET /api/groups-receivers/all?search=, client=0:0:0:0:0:0:0:1, user=admin@mail.com]
2025-09-18 18:31:14 [http-nio-8081-exec-7] DEBUG o.s.w.f.CommonsRequestLoggingFilter - Before request [GET /api/groups-receivers/table?page=0&size=10&sortedBy=updatedAt&sortDirection=desc, client=0:0:0:0:0:0:0:1, user=admin@mail.com]
2025-09-18 18:31:14 [http-nio-8081-exec-7] DEBUG o.s.web.servlet.DispatcherServlet - GET "/api/groups-receivers/table?page=0&size=10&sortedBy=updatedAt&sortDirection=desc", parameters={masked}
2025-09-18 18:31:14 [http-nio-8081-exec-7] DEBUG o.s.w.s.m.m.a.RequestMappingHandlerMapping - Mapped to com.middleware.backend.notification.controller.groupReceiverController#getGroupReceivers(int, int, String, String)
2025-09-18 18:31:14 [http-nio-8081-exec-7] DEBUG o.s.w.s.m.m.a.HttpEntityMethodProcessor - Using 'application/json', given [*/*] and supported [application/json, application/*+json, application/yaml]
2025-09-18 18:31:14 [http-nio-8081-exec-7] DEBUG o.s.w.s.m.m.a.HttpEntityMethodProcessor - Writing [Page 1 of 0 containing UNKNOWN instances]
2025-09-18 18:31:14 [http-nio-8081-exec-7] DEBUG o.s.web.servlet.DispatcherServlet - Completed 200 OK
2025-09-18 18:31:14 [http-nio-8081-exec-7] DEBUG o.s.w.f.CommonsRequestLoggingFilter - After request [GET /api/groups-receivers/table?page=0&size=10&sortedBy=updatedAt&sortDirection=desc, client=0:0:0:0:0:0:0:1, user=admin@mail.com]
2025-09-18 18:31:18 [scheduling-1] INFO  c.m.b.k.service.DynamicRouteService - Starting route status sync with Camel context
2025-09-18 18:31:18 [scheduling-1] INFO  c.m.b.k.service.DynamicRouteService - Completed route status sync
2025-09-18 18:31:21 [http-nio-8081-exec-6] INFO  c.m.b.k.service.DynamicRouteService - Fetching active routes with pagination
2025-09-18 18:31:21 [http-nio-8081-exec-10] INFO  c.m.b.k.service.DynamicRouteService - Fetching active routes with pagination
2025-09-18 18:31:21 [http-nio-8081-exec-1] INFO  c.m.b.k.service.DynamicRouteService - Fetching active routes with pagination
2025-09-18 18:31:21 [http-nio-8081-exec-6] DEBUG o.s.w.f.CommonsRequestLoggingFilter - Before request [GET /api/groups-receivers/table?page=0&size=10&sortedBy=updatedAt&sortDirection=desc, client=0:0:0:0:0:0:0:1, user=admin@mail.com]
2025-09-18 18:31:21 [http-nio-8081-exec-6] DEBUG o.s.web.servlet.DispatcherServlet - GET "/api/groups-receivers/table?page=0&size=10&sortedBy=updatedAt&sortDirection=desc", parameters={masked}
2025-09-18 18:31:21 [http-nio-8081-exec-6] DEBUG o.s.w.s.m.m.a.RequestMappingHandlerMapping - Mapped to com.middleware.backend.notification.controller.groupReceiverController#getGroupReceivers(int, int, String, String)
2025-09-18 18:31:21 [http-nio-8081-exec-10] DEBUG o.s.w.f.CommonsRequestLoggingFilter - Before request [GET /api/groups-receivers/all?search=, client=0:0:0:0:0:0:0:1, user=admin@mail.com]
2025-09-18 18:31:21 [http-nio-8081-exec-10] DEBUG o.s.web.servlet.DispatcherServlet - GET "/api/groups-receivers/all?search=", parameters={masked}
2025-09-18 18:31:21 [http-nio-8081-exec-10] DEBUG o.s.w.s.m.m.a.RequestMappingHandlerMapping - Mapped to com.middleware.backend.notification.controller.groupReceiverController#getAllReceivers(String)
2025-09-18 18:31:21 [http-nio-8081-exec-6] DEBUG o.s.w.s.m.m.a.HttpEntityMethodProcessor - Using 'application/json', given [*/*] and supported [application/json, application/*+json, application/yaml]
2025-09-18 18:31:21 [http-nio-8081-exec-6] DEBUG o.s.w.s.m.m.a.HttpEntityMethodProcessor - Writing [Page 1 of 0 containing UNKNOWN instances]
2025-09-18 18:31:21 [http-nio-8081-exec-6] DEBUG o.s.web.servlet.DispatcherServlet - Completed 200 OK
2025-09-18 18:31:21 [http-nio-8081-exec-6] DEBUG o.s.w.f.CommonsRequestLoggingFilter - After request [GET /api/groups-receivers/table?page=0&size=10&sortedBy=updatedAt&sortDirection=desc, client=0:0:0:0:0:0:0:1, user=admin@mail.com]
2025-09-18 18:31:21 [http-nio-8081-exec-10] DEBUG o.s.w.s.m.m.a.HttpEntityMethodProcessor - Using 'application/json', given [*/*] and supported [application/json, application/*+json, application/yaml]
2025-09-18 18:31:21 [http-nio-8081-exec-10] DEBUG o.s.w.s.m.m.a.HttpEntityMethodProcessor - Writing [[ReceiverRequest(id=2, name=سيب)]]
2025-09-18 18:31:21 [http-nio-8081-exec-10] DEBUG o.s.web.servlet.DispatcherServlet - Completed 200 OK
2025-09-18 18:31:21 [http-nio-8081-exec-10] DEBUG o.s.w.f.CommonsRequestLoggingFilter - After request [GET /api/groups-receivers/all?search=, client=0:0:0:0:0:0:0:1, user=admin@mail.com]
2025-09-18 18:31:21 [http-nio-8081-exec-1] DEBUG o.s.w.f.CommonsRequestLoggingFilter - Before request [GET /api/groups-receivers, client=0:0:0:0:0:0:0:1, user=admin@mail.com]
2025-09-18 18:31:21 [http-nio-8081-exec-1] DEBUG o.s.web.servlet.DispatcherServlet - GET "/api/groups-receivers", parameters={}
2025-09-18 18:31:21 [http-nio-8081-exec-1] DEBUG o.s.w.s.m.m.a.RequestMappingHandlerMapping - Mapped to com.middleware.backend.notification.controller.groupReceiverController#getUnlinkedGroups()
2025-09-18 18:31:22 [http-nio-8081-exec-1] DEBUG o.s.w.s.m.m.a.HttpEntityMethodProcessor - Using 'application/json', given [*/*] and supported [application/json, application/*+json, application/yaml]
2025-09-18 18:31:22 [http-nio-8081-exec-1] DEBUG o.s.w.s.m.m.a.HttpEntityMethodProcessor - Writing [[GroupRequest(id=1, groupName=سي)]]
2025-09-18 18:31:22 [http-nio-8081-exec-1] DEBUG o.s.web.servlet.DispatcherServlet - Completed 200 OK
2025-09-18 18:31:22 [http-nio-8081-exec-1] DEBUG o.s.w.f.CommonsRequestLoggingFilter - After request [GET /api/groups-receivers, client=0:0:0:0:0:0:0:1, user=admin@mail.com]
2025-09-18 18:31:32 [http-nio-8081-exec-4] INFO  c.m.b.k.service.DynamicRouteService - Fetching active routes with pagination
2025-09-18 18:31:32 [http-nio-8081-exec-3] INFO  c.m.b.k.service.DynamicRouteService - Fetching active routes with pagination
2025-09-18 18:31:32 [http-nio-8081-exec-2] INFO  c.m.b.k.service.DynamicRouteService - Fetching active routes with pagination
2025-09-18 18:31:32 [http-nio-8081-exec-4] DEBUG o.s.w.f.CommonsRequestLoggingFilter - Before request [GET /api/groups-receivers, client=0:0:0:0:0:0:0:1, user=admin@mail.com]
2025-09-18 18:31:32 [http-nio-8081-exec-4] DEBUG o.s.web.servlet.DispatcherServlet - GET "/api/groups-receivers", parameters={}
2025-09-18 18:31:32 [http-nio-8081-exec-4] DEBUG o.s.w.s.m.m.a.RequestMappingHandlerMapping - Mapped to com.middleware.backend.notification.controller.groupReceiverController#getUnlinkedGroups()
2025-09-18 18:31:32 [http-nio-8081-exec-3] DEBUG o.s.w.f.CommonsRequestLoggingFilter - Before request [GET /api/groups-receivers/table?page=0&size=10&sortedBy=updatedAt&sortDirection=desc, client=0:0:0:0:0:0:0:1, user=admin@mail.com]
2025-09-18 18:31:32 [http-nio-8081-exec-3] DEBUG o.s.web.servlet.DispatcherServlet - GET "/api/groups-receivers/table?page=0&size=10&sortedBy=updatedAt&sortDirection=desc", parameters={masked}
2025-09-18 18:31:32 [http-nio-8081-exec-3] DEBUG o.s.w.s.m.m.a.RequestMappingHandlerMapping - Mapped to com.middleware.backend.notification.controller.groupReceiverController#getGroupReceivers(int, int, String, String)
2025-09-18 18:31:32 [http-nio-8081-exec-2] DEBUG o.s.w.f.CommonsRequestLoggingFilter - Before request [GET /api/groups-receivers/all?search=, client=0:0:0:0:0:0:0:1, user=admin@mail.com]
2025-09-18 18:31:32 [http-nio-8081-exec-2] DEBUG o.s.web.servlet.DispatcherServlet - GET "/api/groups-receivers/all?search=", parameters={masked}
2025-09-18 18:31:32 [http-nio-8081-exec-2] DEBUG o.s.w.s.m.m.a.RequestMappingHandlerMapping - Mapped to com.middleware.backend.notification.controller.groupReceiverController#getAllReceivers(String)
2025-09-18 18:31:32 [http-nio-8081-exec-4] DEBUG o.s.w.s.m.m.a.HttpEntityMethodProcessor - Using 'application/json', given [*/*] and supported [application/json, application/*+json, application/yaml]
2025-09-18 18:31:32 [http-nio-8081-exec-4] DEBUG o.s.w.s.m.m.a.HttpEntityMethodProcessor - Writing [[GroupRequest(id=1, groupName=سي)]]
2025-09-18 18:31:32 [http-nio-8081-exec-4] DEBUG o.s.web.servlet.DispatcherServlet - Completed 200 OK
2025-09-18 18:31:32 [http-nio-8081-exec-4] DEBUG o.s.w.f.CommonsRequestLoggingFilter - After request [GET /api/groups-receivers, client=0:0:0:0:0:0:0:1, user=admin@mail.com]
2025-09-18 18:31:32 [http-nio-8081-exec-3] DEBUG o.s.w.s.m.m.a.HttpEntityMethodProcessor - Using 'application/json', given [*/*] and supported [application/json, application/*+json, application/yaml]
2025-09-18 18:31:32 [http-nio-8081-exec-3] DEBUG o.s.w.s.m.m.a.HttpEntityMethodProcessor - Writing [Page 1 of 0 containing UNKNOWN instances]
2025-09-18 18:31:32 [http-nio-8081-exec-3] DEBUG o.s.web.servlet.DispatcherServlet - Completed 200 OK
2025-09-18 18:31:32 [http-nio-8081-exec-3] DEBUG o.s.w.f.CommonsRequestLoggingFilter - After request [GET /api/groups-receivers/table?page=0&size=10&sortedBy=updatedAt&sortDirection=desc, client=0:0:0:0:0:0:0:1, user=admin@mail.com]
2025-09-18 18:31:32 [http-nio-8081-exec-2] DEBUG o.s.w.s.m.m.a.HttpEntityMethodProcessor - Using 'application/json', given [*/*] and supported [application/json, application/*+json, application/yaml]
2025-09-18 18:31:32 [http-nio-8081-exec-2] DEBUG o.s.w.s.m.m.a.HttpEntityMethodProcessor - Writing [[ReceiverRequest(id=2, name=سيب)]]
2025-09-18 18:31:32 [http-nio-8081-exec-2] DEBUG o.s.web.servlet.DispatcherServlet - Completed 200 OK
2025-09-18 18:31:32 [http-nio-8081-exec-2] DEBUG o.s.w.f.CommonsRequestLoggingFilter - After request [GET /api/groups-receivers/all?search=, client=0:0:0:0:0:0:0:1, user=admin@mail.com]
2025-09-18 18:31:48 [scheduling-1] INFO  c.m.b.k.service.DynamicRouteService - Starting route status sync with Camel context
2025-09-18 18:31:48 [scheduling-1] INFO  c.m.b.k.service.DynamicRouteService - Completed route status sync
2025-09-18 18:31:53 [http-nio-8081-exec-5] INFO  c.m.b.k.service.DynamicRouteService - Fetching active routes with pagination
2025-09-18 18:31:53 [http-nio-8081-exec-9] INFO  c.m.b.k.service.DynamicRouteService - Fetching active routes with pagination
2025-09-18 18:31:53 [http-nio-8081-exec-8] INFO  c.m.b.k.service.DynamicRouteService - Fetching active routes with pagination
2025-09-18 18:31:53 [http-nio-8081-exec-5] DEBUG o.s.w.f.CommonsRequestLoggingFilter - Before request [GET /api/groups-receivers/all?search=, client=0:0:0:0:0:0:0:1, user=admin@mail.com]
2025-09-18 18:31:53 [http-nio-8081-exec-5] DEBUG o.s.web.servlet.DispatcherServlet - GET "/api/groups-receivers/all?search=", parameters={masked}
2025-09-18 18:31:53 [http-nio-8081-exec-5] DEBUG o.s.w.s.m.m.a.RequestMappingHandlerMapping - Mapped to com.middleware.backend.notification.controller.groupReceiverController#getAllReceivers(String)
2025-09-18 18:31:54 [http-nio-8081-exec-9] DEBUG o.s.w.f.CommonsRequestLoggingFilter - Before request [GET /api/groups-receivers, client=0:0:0:0:0:0:0:1, user=admin@mail.com]
2025-09-18 18:31:54 [http-nio-8081-exec-9] DEBUG o.s.web.servlet.DispatcherServlet - GET "/api/groups-receivers", parameters={}
2025-09-18 18:31:54 [http-nio-8081-exec-9] DEBUG o.s.w.s.m.m.a.RequestMappingHandlerMapping - Mapped to com.middleware.backend.notification.controller.groupReceiverController#getUnlinkedGroups()
2025-09-18 18:31:54 [http-nio-8081-exec-8] DEBUG o.s.w.f.CommonsRequestLoggingFilter - Before request [GET /api/groups-receivers/table?page=0&size=10&sortedBy=updatedAt&sortDirection=desc, client=0:0:0:0:0:0:0:1, user=admin@mail.com]
2025-09-18 18:31:54 [http-nio-8081-exec-8] DEBUG o.s.web.servlet.DispatcherServlet - GET "/api/groups-receivers/table?page=0&size=10&sortedBy=updatedAt&sortDirection=desc", parameters={masked}
2025-09-18 18:31:54 [http-nio-8081-exec-8] DEBUG o.s.w.s.m.m.a.RequestMappingHandlerMapping - Mapped to com.middleware.backend.notification.controller.groupReceiverController#getGroupReceivers(int, int, String, String)
2025-09-18 18:31:54 [http-nio-8081-exec-5] DEBUG o.s.w.s.m.m.a.HttpEntityMethodProcessor - Using 'application/json', given [*/*] and supported [application/json, application/*+json, application/yaml]
2025-09-18 18:31:54 [http-nio-8081-exec-5] DEBUG o.s.w.s.m.m.a.HttpEntityMethodProcessor - Writing [[ReceiverRequest(id=2, name=سيب)]]
2025-09-18 18:31:54 [http-nio-8081-exec-5] DEBUG o.s.web.servlet.DispatcherServlet - Completed 200 OK
2025-09-18 18:31:54 [http-nio-8081-exec-5] DEBUG o.s.w.f.CommonsRequestLoggingFilter - After request [GET /api/groups-receivers/all?search=, client=0:0:0:0:0:0:0:1, user=admin@mail.com]
2025-09-18 18:31:54 [http-nio-8081-exec-9] DEBUG o.s.w.s.m.m.a.HttpEntityMethodProcessor - Using 'application/json', given [*/*] and supported [application/json, application/*+json, application/yaml]
2025-09-18 18:31:54 [http-nio-8081-exec-9] DEBUG o.s.w.s.m.m.a.HttpEntityMethodProcessor - Writing [[GroupRequest(id=1, groupName=سي)]]
2025-09-18 18:31:54 [http-nio-8081-exec-9] DEBUG o.s.web.servlet.DispatcherServlet - Completed 200 OK
2025-09-18 18:31:54 [http-nio-8081-exec-9] DEBUG o.s.w.f.CommonsRequestLoggingFilter - After request [GET /api/groups-receivers, client=0:0:0:0:0:0:0:1, user=admin@mail.com]
2025-09-18 18:31:54 [http-nio-8081-exec-8] DEBUG o.s.w.s.m.m.a.HttpEntityMethodProcessor - Using 'application/json', given [*/*] and supported [application/json, application/*+json, application/yaml]
2025-09-18 18:31:54 [http-nio-8081-exec-8] DEBUG o.s.w.s.m.m.a.HttpEntityMethodProcessor - Writing [Page 1 of 0 containing UNKNOWN instances]
2025-09-18 18:31:54 [http-nio-8081-exec-8] DEBUG o.s.web.servlet.DispatcherServlet - Completed 200 OK
2025-09-18 18:31:54 [http-nio-8081-exec-8] DEBUG o.s.w.f.CommonsRequestLoggingFilter - After request [GET /api/groups-receivers/table?page=0&size=10&sortedBy=updatedAt&sortDirection=desc, client=0:0:0:0:0:0:0:1, user=admin@mail.com]
2025-09-18 18:32:00 [http-nio-8081-exec-10] INFO  c.m.b.k.service.DynamicRouteService - Fetching active routes with pagination
2025-09-18 18:32:00 [http-nio-8081-exec-6] INFO  c.m.b.k.service.DynamicRouteService - Fetching active routes with pagination
2025-09-18 18:32:00 [http-nio-8081-exec-7] INFO  c.m.b.k.service.DynamicRouteService - Fetching active routes with pagination
2025-09-18 18:32:01 [http-nio-8081-exec-10] DEBUG o.s.w.f.CommonsRequestLoggingFilter - Before request [GET /api/groups-receivers/all?search=, client=0:0:0:0:0:0:0:1, user=admin@mail.com]
2025-09-18 18:32:01 [http-nio-8081-exec-10] DEBUG o.s.web.servlet.DispatcherServlet - GET "/api/groups-receivers/all?search=", parameters={masked}
2025-09-18 18:32:01 [http-nio-8081-exec-10] DEBUG o.s.w.s.m.m.a.RequestMappingHandlerMapping - Mapped to com.middleware.backend.notification.controller.groupReceiverController#getAllReceivers(String)
2025-09-18 18:32:01 [http-nio-8081-exec-6] DEBUG o.s.w.f.CommonsRequestLoggingFilter - Before request [GET /api/groups-receivers, client=0:0:0:0:0:0:0:1, user=admin@mail.com]
2025-09-18 18:32:01 [http-nio-8081-exec-7] DEBUG o.s.w.f.CommonsRequestLoggingFilter - Before request [GET /api/groups-receivers/table?page=0&size=10&sortedBy=updatedAt&sortDirection=desc, client=0:0:0:0:0:0:0:1, user=admin@mail.com]
2025-09-18 18:32:01 [http-nio-8081-exec-6] DEBUG o.s.web.servlet.DispatcherServlet - GET "/api/groups-receivers", parameters={}
2025-09-18 18:32:01 [http-nio-8081-exec-7] DEBUG o.s.web.servlet.DispatcherServlet - GET "/api/groups-receivers/table?page=0&size=10&sortedBy=updatedAt&sortDirection=desc", parameters={masked}
2025-09-18 18:32:01 [http-nio-8081-exec-7] DEBUG o.s.w.s.m.m.a.RequestMappingHandlerMapping - Mapped to com.middleware.backend.notification.controller.groupReceiverController#getGroupReceivers(int, int, String, String)
2025-09-18 18:32:01 [http-nio-8081-exec-6] DEBUG o.s.w.s.m.m.a.RequestMappingHandlerMapping - Mapped to com.middleware.backend.notification.controller.groupReceiverController#getUnlinkedGroups()
2025-09-18 18:32:01 [http-nio-8081-exec-10] DEBUG o.s.w.s.m.m.a.HttpEntityMethodProcessor - Using 'application/json', given [*/*] and supported [application/json, application/*+json, application/yaml]
2025-09-18 18:32:01 [http-nio-8081-exec-10] DEBUG o.s.w.s.m.m.a.HttpEntityMethodProcessor - Writing [[ReceiverRequest(id=2, name=سيب)]]
2025-09-18 18:32:01 [http-nio-8081-exec-10] DEBUG o.s.web.servlet.DispatcherServlet - Completed 200 OK
2025-09-18 18:32:01 [http-nio-8081-exec-10] DEBUG o.s.w.f.CommonsRequestLoggingFilter - After request [GET /api/groups-receivers/all?search=, client=0:0:0:0:0:0:0:1, user=admin@mail.com]
2025-09-18 18:32:01 [http-nio-8081-exec-6] DEBUG o.s.w.s.m.m.a.HttpEntityMethodProcessor - Using 'application/json', given [*/*] and supported [application/json, application/*+json, application/yaml]
2025-09-18 18:32:01 [http-nio-8081-exec-6] DEBUG o.s.w.s.m.m.a.HttpEntityMethodProcessor - Writing [[GroupRequest(id=1, groupName=سي)]]
2025-09-18 18:32:01 [http-nio-8081-exec-6] DEBUG o.s.web.servlet.DispatcherServlet - Completed 200 OK
2025-09-18 18:32:01 [http-nio-8081-exec-6] DEBUG o.s.w.f.CommonsRequestLoggingFilter - After request [GET /api/groups-receivers, client=0:0:0:0:0:0:0:1, user=admin@mail.com]
2025-09-18 18:32:01 [http-nio-8081-exec-7] DEBUG o.s.w.s.m.m.a.HttpEntityMethodProcessor - Using 'application/json', given [*/*] and supported [application/json, application/*+json, application/yaml]
2025-09-18 18:32:01 [http-nio-8081-exec-7] DEBUG o.s.w.s.m.m.a.HttpEntityMethodProcessor - Writing [Page 1 of 0 containing UNKNOWN instances]
2025-09-18 18:32:01 [http-nio-8081-exec-7] DEBUG o.s.web.servlet.DispatcherServlet - Completed 200 OK
2025-09-18 18:32:01 [http-nio-8081-exec-7] DEBUG o.s.w.f.CommonsRequestLoggingFilter - After request [GET /api/groups-receivers/table?page=0&size=10&sortedBy=updatedAt&sortDirection=desc, client=0:0:0:0:0:0:0:1, user=admin@mail.com]
2025-09-18 18:32:18 [scheduling-1] INFO  c.m.b.k.service.DynamicRouteService - Starting route status sync with Camel context
2025-09-18 18:32:18 [scheduling-1] INFO  c.m.b.k.service.DynamicRouteService - Completed route status sync
2025-09-18 18:32:31 [http-nio-8081-exec-4] INFO  c.m.b.k.service.DynamicRouteService - Fetching active routes with pagination
2025-09-18 18:32:31 [http-nio-8081-exec-3] INFO  c.m.b.k.service.DynamicRouteService - Fetching active routes with pagination
2025-09-18 18:32:31 [http-nio-8081-exec-1] INFO  c.m.b.k.service.DynamicRouteService - Fetching active routes with pagination
2025-09-18 18:32:31 [http-nio-8081-exec-4] DEBUG o.s.w.f.CommonsRequestLoggingFilter - Before request [GET /api/groups-receivers, client=0:0:0:0:0:0:0:1, user=admin@mail.com]
2025-09-18 18:32:31 [http-nio-8081-exec-4] DEBUG o.s.web.servlet.DispatcherServlet - GET "/api/groups-receivers", parameters={}
2025-09-18 18:32:31 [http-nio-8081-exec-4] DEBUG o.s.w.s.m.m.a.RequestMappingHandlerMapping - Mapped to com.middleware.backend.notification.controller.groupReceiverController#getUnlinkedGroups()
2025-09-18 18:32:31 [http-nio-8081-exec-3] DEBUG o.s.w.f.CommonsRequestLoggingFilter - Before request [GET /api/groups-receivers/all?search=, client=0:0:0:0:0:0:0:1, user=admin@mail.com]
2025-09-18 18:32:31 [http-nio-8081-exec-3] DEBUG o.s.web.servlet.DispatcherServlet - GET "/api/groups-receivers/all?search=", parameters={masked}
2025-09-18 18:32:31 [http-nio-8081-exec-3] DEBUG o.s.w.s.m.m.a.RequestMappingHandlerMapping - Mapped to com.middleware.backend.notification.controller.groupReceiverController#getAllReceivers(String)
2025-09-18 18:32:31 [http-nio-8081-exec-1] DEBUG o.s.w.f.CommonsRequestLoggingFilter - Before request [GET /api/groups-receivers/table?page=0&size=10&sortedBy=updatedAt&sortDirection=desc, client=0:0:0:0:0:0:0:1, user=admin@mail.com]
2025-09-18 18:32:31 [http-nio-8081-exec-1] DEBUG o.s.web.servlet.DispatcherServlet - GET "/api/groups-receivers/table?page=0&size=10&sortedBy=updatedAt&sortDirection=desc", parameters={masked}
2025-09-18 18:32:31 [http-nio-8081-exec-1] DEBUG o.s.w.s.m.m.a.RequestMappingHandlerMapping - Mapped to com.middleware.backend.notification.controller.groupReceiverController#getGroupReceivers(int, int, String, String)
2025-09-18 18:32:32 [http-nio-8081-exec-1] DEBUG o.s.w.s.m.m.a.HttpEntityMethodProcessor - Using 'application/json', given [*/*] and supported [application/json, application/*+json, application/yaml]
2025-09-18 18:32:32 [http-nio-8081-exec-1] DEBUG o.s.w.s.m.m.a.HttpEntityMethodProcessor - Writing [Page 1 of 0 containing UNKNOWN instances]
2025-09-18 18:32:32 [http-nio-8081-exec-1] DEBUG o.s.web.servlet.DispatcherServlet - Completed 200 OK
2025-09-18 18:32:32 [http-nio-8081-exec-1] DEBUG o.s.w.f.CommonsRequestLoggingFilter - After request [GET /api/groups-receivers/table?page=0&size=10&sortedBy=updatedAt&sortDirection=desc, client=0:0:0:0:0:0:0:1, user=admin@mail.com]
2025-09-18 18:32:32 [http-nio-8081-exec-4] DEBUG o.s.w.s.m.m.a.HttpEntityMethodProcessor - Using 'application/json', given [*/*] and supported [application/json, application/*+json, application/yaml]
2025-09-18 18:32:32 [http-nio-8081-exec-4] DEBUG o.s.w.s.m.m.a.HttpEntityMethodProcessor - Writing [[GroupRequest(id=1, groupName=سي)]]
2025-09-18 18:32:32 [http-nio-8081-exec-4] DEBUG o.s.web.servlet.DispatcherServlet - Completed 200 OK
2025-09-18 18:32:32 [http-nio-8081-exec-4] DEBUG o.s.w.f.CommonsRequestLoggingFilter - After request [GET /api/groups-receivers, client=0:0:0:0:0:0:0:1, user=admin@mail.com]
2025-09-18 18:32:32 [http-nio-8081-exec-3] DEBUG o.s.w.s.m.m.a.HttpEntityMethodProcessor - Using 'application/json', given [*/*] and supported [application/json, application/*+json, application/yaml]
2025-09-18 18:32:32 [http-nio-8081-exec-3] DEBUG o.s.w.s.m.m.a.HttpEntityMethodProcessor - Writing [[ReceiverRequest(id=2, name=سيب)]]
2025-09-18 18:32:32 [http-nio-8081-exec-3] DEBUG o.s.web.servlet.DispatcherServlet - Completed 200 OK
2025-09-18 18:32:32 [http-nio-8081-exec-3] DEBUG o.s.w.f.CommonsRequestLoggingFilter - After request [GET /api/groups-receivers/all?search=, client=0:0:0:0:0:0:0:1, user=admin@mail.com]
2025-09-18 18:32:48 [scheduling-1] INFO  c.m.b.k.service.DynamicRouteService - Starting route status sync with Camel context
2025-09-18 18:32:48 [scheduling-1] INFO  c.m.b.k.service.DynamicRouteService - Completed route status sync
2025-09-18 18:33:12 [http-nio-8081-exec-5] INFO  c.m.b.k.service.DynamicRouteService - Fetching active routes with pagination
2025-09-18 18:33:12 [http-nio-8081-exec-2] INFO  c.m.b.k.service.DynamicRouteService - Fetching active routes with pagination
2025-09-18 18:33:12 [http-nio-8081-exec-9] INFO  c.m.b.k.service.DynamicRouteService - Fetching active routes with pagination
2025-09-18 18:33:12 [http-nio-8081-exec-5] DEBUG o.s.w.f.CommonsRequestLoggingFilter - Before request [GET /api/groups-receivers, client=0:0:0:0:0:0:0:1, user=admin@mail.com]
2025-09-18 18:33:12 [http-nio-8081-exec-5] DEBUG o.s.web.servlet.DispatcherServlet - GET "/api/groups-receivers", parameters={}
2025-09-18 18:33:12 [http-nio-8081-exec-5] DEBUG o.s.w.s.m.m.a.RequestMappingHandlerMapping - Mapped to com.middleware.backend.notification.controller.groupReceiverController#getUnlinkedGroups()
2025-09-18 18:33:12 [http-nio-8081-exec-2] DEBUG o.s.w.f.CommonsRequestLoggingFilter - Before request [GET /api/groups-receivers/table?page=0&size=10&sortedBy=updatedAt&sortDirection=desc, client=0:0:0:0:0:0:0:1, user=admin@mail.com]
2025-09-18 18:33:12 [http-nio-8081-exec-9] DEBUG o.s.w.f.CommonsRequestLoggingFilter - Before request [GET /api/groups-receivers/all?search=, client=0:0:0:0:0:0:0:1, user=admin@mail.com]
2025-09-18 18:33:12 [http-nio-8081-exec-2] DEBUG o.s.web.servlet.DispatcherServlet - GET "/api/groups-receivers/table?page=0&size=10&sortedBy=updatedAt&sortDirection=desc", parameters={masked}
2025-09-18 18:33:12 [http-nio-8081-exec-9] DEBUG o.s.web.servlet.DispatcherServlet - GET "/api/groups-receivers/all?search=", parameters={masked}
2025-09-18 18:33:12 [http-nio-8081-exec-9] DEBUG o.s.w.s.m.m.a.RequestMappingHandlerMapping - Mapped to com.middleware.backend.notification.controller.groupReceiverController#getAllReceivers(String)
2025-09-18 18:33:12 [http-nio-8081-exec-2] DEBUG o.s.w.s.m.m.a.RequestMappingHandlerMapping - Mapped to com.middleware.backend.notification.controller.groupReceiverController#getGroupReceivers(int, int, String, String)
2025-09-18 18:33:12 [http-nio-8081-exec-5] DEBUG o.s.w.s.m.m.a.HttpEntityMethodProcessor - Using 'application/json', given [*/*] and supported [application/json, application/*+json, application/yaml]
2025-09-18 18:33:12 [http-nio-8081-exec-5] DEBUG o.s.w.s.m.m.a.HttpEntityMethodProcessor - Writing [[GroupRequest(id=1, groupName=سي)]]
2025-09-18 18:33:12 [http-nio-8081-exec-5] DEBUG o.s.web.servlet.DispatcherServlet - Completed 200 OK
2025-09-18 18:33:12 [http-nio-8081-exec-5] DEBUG o.s.w.f.CommonsRequestLoggingFilter - After request [GET /api/groups-receivers, client=0:0:0:0:0:0:0:1, user=admin@mail.com]
2025-09-18 18:33:12 [http-nio-8081-exec-9] DEBUG o.s.w.s.m.m.a.HttpEntityMethodProcessor - Using 'application/json', given [*/*] and supported [application/json, application/*+json, application/yaml]
2025-09-18 18:33:12 [http-nio-8081-exec-9] DEBUG o.s.w.s.m.m.a.HttpEntityMethodProcessor - Writing [[ReceiverRequest(id=2, name=سيب)]]
2025-09-18 18:33:12 [http-nio-8081-exec-9] DEBUG o.s.web.servlet.DispatcherServlet - Completed 200 OK
2025-09-18 18:33:12 [http-nio-8081-exec-9] DEBUG o.s.w.f.CommonsRequestLoggingFilter - After request [GET /api/groups-receivers/all?search=, client=0:0:0:0:0:0:0:1, user=admin@mail.com]
2025-09-18 18:33:12 [http-nio-8081-exec-2] DEBUG o.s.w.s.m.m.a.HttpEntityMethodProcessor - Using 'application/json', given [*/*] and supported [application/json, application/*+json, application/yaml]
2025-09-18 18:33:12 [http-nio-8081-exec-2] DEBUG o.s.w.s.m.m.a.HttpEntityMethodProcessor - Writing [Page 1 of 0 containing UNKNOWN instances]
2025-09-18 18:33:12 [http-nio-8081-exec-2] DEBUG o.s.web.servlet.DispatcherServlet - Completed 200 OK
2025-09-18 18:33:12 [http-nio-8081-exec-2] DEBUG o.s.w.f.CommonsRequestLoggingFilter - After request [GET /api/groups-receivers/table?page=0&size=10&sortedBy=updatedAt&sortDirection=desc, client=0:0:0:0:0:0:0:1, user=admin@mail.com]
2025-09-18 18:33:16 [http-nio-8081-exec-10] INFO  c.m.b.k.service.DynamicRouteService - Fetching active routes with pagination
2025-09-18 18:33:16 [http-nio-8081-exec-10] DEBUG o.s.w.f.CommonsRequestLoggingFilter - Before request [GET /api/groups-receivers/table?page=0&size=25&sortedBy=updatedAt&sortDirection=desc, client=0:0:0:0:0:0:0:1, user=admin@mail.com]
2025-09-18 18:33:16 [http-nio-8081-exec-10] DEBUG o.s.web.servlet.DispatcherServlet - GET "/api/groups-receivers/table?page=0&size=25&sortedBy=updatedAt&sortDirection=desc", parameters={masked}
2025-09-18 18:33:16 [http-nio-8081-exec-10] DEBUG o.s.w.s.m.m.a.RequestMappingHandlerMapping - Mapped to com.middleware.backend.notification.controller.groupReceiverController#getGroupReceivers(int, int, String, String)
2025-09-18 18:33:16 [http-nio-8081-exec-10] DEBUG o.s.w.s.m.m.a.HttpEntityMethodProcessor - Using 'application/json', given [*/*] and supported [application/json, application/*+json, application/yaml]
2025-09-18 18:33:16 [http-nio-8081-exec-10] DEBUG o.s.w.s.m.m.a.HttpEntityMethodProcessor - Writing [Page 1 of 0 containing UNKNOWN instances]
2025-09-18 18:33:16 [http-nio-8081-exec-10] DEBUG o.s.web.servlet.DispatcherServlet - Completed 200 OK
2025-09-18 18:33:16 [http-nio-8081-exec-10] DEBUG o.s.w.f.CommonsRequestLoggingFilter - After request [GET /api/groups-receivers/table?page=0&size=25&sortedBy=updatedAt&sortDirection=desc, client=0:0:0:0:0:0:0:1, user=admin@mail.com]
2025-09-18 18:33:18 [http-nio-8081-exec-6] INFO  c.m.b.k.service.DynamicRouteService - Fetching active routes with pagination
2025-09-18 18:33:18 [http-nio-8081-exec-6] DEBUG o.s.w.f.CommonsRequestLoggingFilter - Before request [GET /api/groups-receivers/table?page=0&size=10&sortedBy=updatedAt&sortDirection=desc, client=0:0:0:0:0:0:0:1, user=admin@mail.com]
2025-09-18 18:33:18 [http-nio-8081-exec-6] DEBUG o.s.web.servlet.DispatcherServlet - GET "/api/groups-receivers/table?page=0&size=10&sortedBy=updatedAt&sortDirection=desc", parameters={masked}
2025-09-18 18:33:18 [http-nio-8081-exec-6] DEBUG o.s.w.s.m.m.a.RequestMappingHandlerMapping - Mapped to com.middleware.backend.notification.controller.groupReceiverController#getGroupReceivers(int, int, String, String)
2025-09-18 18:33:18 [http-nio-8081-exec-6] DEBUG o.s.w.s.m.m.a.HttpEntityMethodProcessor - Using 'application/json', given [*/*] and supported [application/json, application/*+json, application/yaml]
2025-09-18 18:33:18 [http-nio-8081-exec-6] DEBUG o.s.w.s.m.m.a.HttpEntityMethodProcessor - Writing [Page 1 of 0 containing UNKNOWN instances]
2025-09-18 18:33:18 [http-nio-8081-exec-6] DEBUG o.s.web.servlet.DispatcherServlet - Completed 200 OK
2025-09-18 18:33:18 [http-nio-8081-exec-6] DEBUG o.s.w.f.CommonsRequestLoggingFilter - After request [GET /api/groups-receivers/table?page=0&size=10&sortedBy=updatedAt&sortDirection=desc, client=0:0:0:0:0:0:0:1, user=admin@mail.com]
2025-09-18 18:33:18 [scheduling-1] INFO  c.m.b.k.service.DynamicRouteService - Starting route status sync with Camel context
2025-09-18 18:33:18 [scheduling-1] INFO  c.m.b.k.service.DynamicRouteService - Completed route status sync
2025-09-18 18:33:23 [http-nio-8081-exec-4] INFO  c.m.b.k.service.DynamicRouteService - Fetching active routes with pagination
2025-09-18 18:33:23 [http-nio-8081-exec-7] INFO  c.m.b.k.service.DynamicRouteService - Fetching active routes with pagination
2025-09-18 18:33:23 [http-nio-8081-exec-1] INFO  c.m.b.k.service.DynamicRouteService - Fetching active routes with pagination
2025-09-18 18:33:23 [http-nio-8081-exec-4] DEBUG o.s.w.f.CommonsRequestLoggingFilter - Before request [GET /api/groups-receivers/all?search=, client=0:0:0:0:0:0:0:1, user=admin@mail.com]
2025-09-18 18:33:23 [http-nio-8081-exec-4] DEBUG o.s.web.servlet.DispatcherServlet - GET "/api/groups-receivers/all?search=", parameters={masked}
2025-09-18 18:33:23 [http-nio-8081-exec-4] DEBUG o.s.w.s.m.m.a.RequestMappingHandlerMapping - Mapped to com.middleware.backend.notification.controller.groupReceiverController#getAllReceivers(String)
2025-09-18 18:33:23 [http-nio-8081-exec-1] DEBUG o.s.w.f.CommonsRequestLoggingFilter - Before request [GET /api/groups-receivers, client=0:0:0:0:0:0:0:1, user=admin@mail.com]
2025-09-18 18:33:23 [http-nio-8081-exec-1] DEBUG o.s.web.servlet.DispatcherServlet - GET "/api/groups-receivers", parameters={}
2025-09-18 18:33:23 [http-nio-8081-exec-7] DEBUG o.s.w.f.CommonsRequestLoggingFilter - Before request [GET /api/groups-receivers/table?page=0&size=10&sortedBy=updatedAt&sortDirection=desc, client=0:0:0:0:0:0:0:1, user=admin@mail.com]
2025-09-18 18:33:23 [http-nio-8081-exec-1] DEBUG o.s.w.s.m.m.a.RequestMappingHandlerMapping - Mapped to com.middleware.backend.notification.controller.groupReceiverController#getUnlinkedGroups()
2025-09-18 18:33:23 [http-nio-8081-exec-7] DEBUG o.s.web.servlet.DispatcherServlet - GET "/api/groups-receivers/table?page=0&size=10&sortedBy=updatedAt&sortDirection=desc", parameters={masked}
2025-09-18 18:33:23 [http-nio-8081-exec-7] DEBUG o.s.w.s.m.m.a.RequestMappingHandlerMapping - Mapped to com.middleware.backend.notification.controller.groupReceiverController#getGroupReceivers(int, int, String, String)
2025-09-18 18:33:23 [http-nio-8081-exec-4] DEBUG o.s.w.s.m.m.a.HttpEntityMethodProcessor - Using 'application/json', given [*/*] and supported [application/json, application/*+json, application/yaml]
2025-09-18 18:33:23 [http-nio-8081-exec-4] DEBUG o.s.w.s.m.m.a.HttpEntityMethodProcessor - Writing [[ReceiverRequest(id=2, name=سيب)]]
2025-09-18 18:33:23 [http-nio-8081-exec-4] DEBUG o.s.web.servlet.DispatcherServlet - Completed 200 OK
2025-09-18 18:33:23 [http-nio-8081-exec-4] DEBUG o.s.w.f.CommonsRequestLoggingFilter - After request [GET /api/groups-receivers/all?search=, client=0:0:0:0:0:0:0:1, user=admin@mail.com]
2025-09-18 18:33:23 [http-nio-8081-exec-7] DEBUG o.s.w.s.m.m.a.HttpEntityMethodProcessor - Using 'application/json', given [*/*] and supported [application/json, application/*+json, application/yaml]
2025-09-18 18:33:23 [http-nio-8081-exec-7] DEBUG o.s.w.s.m.m.a.HttpEntityMethodProcessor - Writing [Page 1 of 0 containing UNKNOWN instances]
2025-09-18 18:33:23 [http-nio-8081-exec-1] DEBUG o.s.w.s.m.m.a.HttpEntityMethodProcessor - Using 'application/json', given [*/*] and supported [application/json, application/*+json, application/yaml]
2025-09-18 18:33:23 [http-nio-8081-exec-7] DEBUG o.s.web.servlet.DispatcherServlet - Completed 200 OK
2025-09-18 18:33:23 [http-nio-8081-exec-1] DEBUG o.s.w.s.m.m.a.HttpEntityMethodProcessor - Writing [[GroupRequest(id=1, groupName=سي)]]
2025-09-18 18:33:23 [http-nio-8081-exec-7] DEBUG o.s.w.f.CommonsRequestLoggingFilter - After request [GET /api/groups-receivers/table?page=0&size=10&sortedBy=updatedAt&sortDirection=desc, client=0:0:0:0:0:0:0:1, user=admin@mail.com]
2025-09-18 18:33:23 [http-nio-8081-exec-1] DEBUG o.s.web.servlet.DispatcherServlet - Completed 200 OK
2025-09-18 18:33:23 [http-nio-8081-exec-1] DEBUG o.s.w.f.CommonsRequestLoggingFilter - After request [GET /api/groups-receivers, client=0:0:0:0:0:0:0:1, user=admin@mail.com]
2025-09-18 18:33:30 [http-nio-8081-exec-5] INFO  c.m.b.k.service.DynamicRouteService - Fetching active routes with pagination
2025-09-18 18:33:30 [http-nio-8081-exec-9] INFO  c.m.b.k.service.DynamicRouteService - Fetching active routes with pagination
2025-09-18 18:33:30 [http-nio-8081-exec-3] INFO  c.m.b.k.service.DynamicRouteService - Fetching active routes with pagination
2025-09-18 18:33:30 [http-nio-8081-exec-5] DEBUG o.s.w.f.CommonsRequestLoggingFilter - Before request [GET /api/groups-receivers, client=0:0:0:0:0:0:0:1, user=admin@mail.com]
2025-09-18 18:33:30 [http-nio-8081-exec-5] DEBUG o.s.web.servlet.DispatcherServlet - GET "/api/groups-receivers", parameters={}
2025-09-18 18:33:30 [http-nio-8081-exec-5] DEBUG o.s.w.s.m.m.a.RequestMappingHandlerMapping - Mapped to com.middleware.backend.notification.controller.groupReceiverController#getUnlinkedGroups()
2025-09-18 18:33:30 [http-nio-8081-exec-9] DEBUG o.s.w.f.CommonsRequestLoggingFilter - Before request [GET /api/groups-receivers/all?search=, client=0:0:0:0:0:0:0:1, user=admin@mail.com]
2025-09-18 18:33:30 [http-nio-8081-exec-9] DEBUG o.s.web.servlet.DispatcherServlet - GET "/api/groups-receivers/all?search=", parameters={masked}
2025-09-18 18:33:30 [http-nio-8081-exec-9] DEBUG o.s.w.s.m.m.a.RequestMappingHandlerMapping - Mapped to com.middleware.backend.notification.controller.groupReceiverController#getAllReceivers(String)
2025-09-18 18:33:30 [http-nio-8081-exec-3] DEBUG o.s.w.f.CommonsRequestLoggingFilter - Before request [GET /api/groups-receivers/table?page=0&size=10&sortedBy=updatedAt&sortDirection=desc, client=0:0:0:0:0:0:0:1, user=admin@mail.com]
2025-09-18 18:33:30 [http-nio-8081-exec-3] DEBUG o.s.web.servlet.DispatcherServlet - GET "/api/groups-receivers/table?page=0&size=10&sortedBy=updatedAt&sortDirection=desc", parameters={masked}
2025-09-18 18:33:30 [http-nio-8081-exec-3] DEBUG o.s.w.s.m.m.a.RequestMappingHandlerMapping - Mapped to com.middleware.backend.notification.controller.groupReceiverController#getGroupReceivers(int, int, String, String)
2025-09-18 18:33:30 [http-nio-8081-exec-5] DEBUG o.s.w.s.m.m.a.HttpEntityMethodProcessor - Using 'application/json', given [*/*] and supported [application/json, application/*+json, application/yaml]
2025-09-18 18:33:30 [http-nio-8081-exec-5] DEBUG o.s.w.s.m.m.a.HttpEntityMethodProcessor - Writing [[GroupRequest(id=1, groupName=سي)]]
2025-09-18 18:33:30 [http-nio-8081-exec-5] DEBUG o.s.web.servlet.DispatcherServlet - Completed 200 OK
2025-09-18 18:33:30 [http-nio-8081-exec-5] DEBUG o.s.w.f.CommonsRequestLoggingFilter - After request [GET /api/groups-receivers, client=0:0:0:0:0:0:0:1, user=admin@mail.com]
2025-09-18 18:33:30 [http-nio-8081-exec-9] DEBUG o.s.w.s.m.m.a.HttpEntityMethodProcessor - Using 'application/json', given [*/*] and supported [application/json, application/*+json, application/yaml]
2025-09-18 18:33:30 [http-nio-8081-exec-9] DEBUG o.s.w.s.m.m.a.HttpEntityMethodProcessor - Writing [[ReceiverRequest(id=2, name=سيب)]]
2025-09-18 18:33:30 [http-nio-8081-exec-9] DEBUG o.s.web.servlet.DispatcherServlet - Completed 200 OK
2025-09-18 18:33:30 [http-nio-8081-exec-9] DEBUG o.s.w.f.CommonsRequestLoggingFilter - After request [GET /api/groups-receivers/all?search=, client=0:0:0:0:0:0:0:1, user=admin@mail.com]
2025-09-18 18:33:30 [http-nio-8081-exec-3] DEBUG o.s.w.s.m.m.a.HttpEntityMethodProcessor - Using 'application/json', given [*/*] and supported [application/json, application/*+json, application/yaml]
2025-09-18 18:33:30 [http-nio-8081-exec-3] DEBUG o.s.w.s.m.m.a.HttpEntityMethodProcessor - Writing [Page 1 of 0 containing UNKNOWN instances]
2025-09-18 18:33:30 [http-nio-8081-exec-3] DEBUG o.s.web.servlet.DispatcherServlet - Completed 200 OK
2025-09-18 18:33:30 [http-nio-8081-exec-3] DEBUG o.s.w.f.CommonsRequestLoggingFilter - After request [GET /api/groups-receivers/table?page=0&size=10&sortedBy=updatedAt&sortDirection=desc, client=0:0:0:0:0:0:0:1, user=admin@mail.com]
2025-09-18 18:33:46 [http-nio-8081-exec-2] INFO  c.m.b.k.service.DynamicRouteService - Fetching active routes with pagination
2025-09-18 18:33:46 [http-nio-8081-exec-8] INFO  c.m.b.k.service.DynamicRouteService - Fetching active routes with pagination
2025-09-18 18:33:46 [http-nio-8081-exec-10] INFO  c.m.b.k.service.DynamicRouteService - Fetching active routes with pagination
2025-09-18 18:33:46 [http-nio-8081-exec-2] DEBUG o.s.w.f.CommonsRequestLoggingFilter - Before request [GET /api/groups-receivers/table?page=0&size=10&sortedBy=updatedAt&sortDirection=desc, client=0:0:0:0:0:0:0:1, user=admin@mail.com]
2025-09-18 18:33:46 [http-nio-8081-exec-2] DEBUG o.s.web.servlet.DispatcherServlet - GET "/api/groups-receivers/table?page=0&size=10&sortedBy=updatedAt&sortDirection=desc", parameters={masked}
2025-09-18 18:33:46 [http-nio-8081-exec-2] DEBUG o.s.w.s.m.m.a.RequestMappingHandlerMapping - Mapped to com.middleware.backend.notification.controller.groupReceiverController#getGroupReceivers(int, int, String, String)
2025-09-18 18:33:46 [http-nio-8081-exec-10] DEBUG o.s.w.f.CommonsRequestLoggingFilter - Before request [GET /api/groups-receivers/all?search=, client=0:0:0:0:0:0:0:1, user=admin@mail.com]
2025-09-18 18:33:46 [http-nio-8081-exec-10] DEBUG o.s.web.servlet.DispatcherServlet - GET "/api/groups-receivers/all?search=", parameters={masked}
2025-09-18 18:33:46 [http-nio-8081-exec-8] DEBUG o.s.w.f.CommonsRequestLoggingFilter - Before request [GET /api/groups-receivers, client=0:0:0:0:0:0:0:1, user=admin@mail.com]
2025-09-18 18:33:46 [http-nio-8081-exec-10] DEBUG o.s.w.s.m.m.a.RequestMappingHandlerMapping - Mapped to com.middleware.backend.notification.controller.groupReceiverController#getAllReceivers(String)
2025-09-18 18:33:46 [http-nio-8081-exec-8] DEBUG o.s.web.servlet.DispatcherServlet - GET "/api/groups-receivers", parameters={}
2025-09-18 18:33:46 [http-nio-8081-exec-8] DEBUG o.s.w.s.m.m.a.RequestMappingHandlerMapping - Mapped to com.middleware.backend.notification.controller.groupReceiverController#getUnlinkedGroups()
2025-09-18 18:33:46 [http-nio-8081-exec-2] DEBUG o.s.w.s.m.m.a.HttpEntityMethodProcessor - Using 'application/json', given [*/*] and supported [application/json, application/*+json, application/yaml]
2025-09-18 18:33:46 [http-nio-8081-exec-2] DEBUG o.s.w.s.m.m.a.HttpEntityMethodProcessor - Writing [Page 1 of 0 containing UNKNOWN instances]
2025-09-18 18:33:46 [http-nio-8081-exec-2] DEBUG o.s.web.servlet.DispatcherServlet - Completed 200 OK
2025-09-18 18:33:46 [http-nio-8081-exec-2] DEBUG o.s.w.f.CommonsRequestLoggingFilter - After request [GET /api/groups-receivers/table?page=0&size=10&sortedBy=updatedAt&sortDirection=desc, client=0:0:0:0:0:0:0:1, user=admin@mail.com]
2025-09-18 18:33:46 [http-nio-8081-exec-10] DEBUG o.s.w.s.m.m.a.HttpEntityMethodProcessor - Using 'application/json', given [*/*] and supported [application/json, application/*+json, application/yaml]
2025-09-18 18:33:46 [http-nio-8081-exec-10] DEBUG o.s.w.s.m.m.a.HttpEntityMethodProcessor - Writing [[ReceiverRequest(id=2, name=سيب)]]
2025-09-18 18:33:46 [http-nio-8081-exec-10] DEBUG o.s.web.servlet.DispatcherServlet - Completed 200 OK
2025-09-18 18:33:46 [http-nio-8081-exec-10] DEBUG o.s.w.f.CommonsRequestLoggingFilter - After request [GET /api/groups-receivers/all?search=, client=0:0:0:0:0:0:0:1, user=admin@mail.com]
2025-09-18 18:33:46 [http-nio-8081-exec-8] DEBUG o.s.w.s.m.m.a.HttpEntityMethodProcessor - Using 'application/json', given [*/*] and supported [application/json, application/*+json, application/yaml]
2025-09-18 18:33:46 [http-nio-8081-exec-8] DEBUG o.s.w.s.m.m.a.HttpEntityMethodProcessor - Writing [[GroupRequest(id=1, groupName=سي)]]
2025-09-18 18:33:46 [http-nio-8081-exec-8] DEBUG o.s.web.servlet.DispatcherServlet - Completed 200 OK
2025-09-18 18:33:46 [http-nio-8081-exec-8] DEBUG o.s.w.f.CommonsRequestLoggingFilter - After request [GET /api/groups-receivers, client=0:0:0:0:0:0:0:1, user=admin@mail.com]
2025-09-18 18:33:48 [scheduling-1] INFO  c.m.b.k.service.DynamicRouteService - Starting route status sync with Camel context
2025-09-18 18:33:48 [scheduling-1] INFO  c.m.b.k.service.DynamicRouteService - Completed route status sync
2025-09-18 18:34:18 [scheduling-1] INFO  c.m.b.k.service.DynamicRouteService - Starting route status sync with Camel context
2025-09-18 18:34:18 [scheduling-1] INFO  c.m.b.k.service.DynamicRouteService - Completed route status sync
2025-09-18 18:34:36 [http-nio-8081-exec-6] INFO  c.m.b.k.service.DynamicRouteService - Fetching active routes with pagination
2025-09-18 18:34:37 [http-nio-8081-exec-1] INFO  c.m.b.k.service.DynamicRouteService - Fetching active routes with pagination
2025-09-18 18:34:37 [http-nio-8081-exec-4] INFO  c.m.b.k.service.DynamicRouteService - Fetching active routes with pagination
2025-09-18 18:34:37 [http-nio-8081-exec-6] DEBUG o.s.w.f.CommonsRequestLoggingFilter - Before request [GET /api/groups-receivers/table?page=0&size=10&sortedBy=updatedAt&sortDirection=desc, client=0:0:0:0:0:0:0:1, user=admin@mail.com]
2025-09-18 18:34:37 [http-nio-8081-exec-6] DEBUG o.s.web.servlet.DispatcherServlet - GET "/api/groups-receivers/table?page=0&size=10&sortedBy=updatedAt&sortDirection=desc", parameters={masked}
2025-09-18 18:34:37 [http-nio-8081-exec-6] DEBUG o.s.w.s.m.m.a.RequestMappingHandlerMapping - Mapped to com.middleware.backend.notification.controller.groupReceiverController#getGroupReceivers(int, int, String, String)
2025-09-18 18:34:37 [http-nio-8081-exec-1] DEBUG o.s.w.f.CommonsRequestLoggingFilter - Before request [GET /api/groups-receivers/all?search=, client=0:0:0:0:0:0:0:1, user=admin@mail.com]
2025-09-18 18:34:37 [http-nio-8081-exec-1] DEBUG o.s.web.servlet.DispatcherServlet - GET "/api/groups-receivers/all?search=", parameters={masked}
2025-09-18 18:34:37 [http-nio-8081-exec-1] DEBUG o.s.w.s.m.m.a.RequestMappingHandlerMapping - Mapped to com.middleware.backend.notification.controller.groupReceiverController#getAllReceivers(String)
2025-09-18 18:34:37 [http-nio-8081-exec-4] DEBUG o.s.w.f.CommonsRequestLoggingFilter - Before request [GET /api/groups-receivers, client=0:0:0:0:0:0:0:1, user=admin@mail.com]
2025-09-18 18:34:37 [http-nio-8081-exec-4] DEBUG o.s.web.servlet.DispatcherServlet - GET "/api/groups-receivers", parameters={}
2025-09-18 18:34:37 [http-nio-8081-exec-4] DEBUG o.s.w.s.m.m.a.RequestMappingHandlerMapping - Mapped to com.middleware.backend.notification.controller.groupReceiverController#getUnlinkedGroups()
2025-09-18 18:34:37 [http-nio-8081-exec-6] DEBUG o.s.w.s.m.m.a.HttpEntityMethodProcessor - Using 'application/json', given [*/*] and supported [application/json, application/*+json, application/yaml]
2025-09-18 18:34:37 [http-nio-8081-exec-6] DEBUG o.s.w.s.m.m.a.HttpEntityMethodProcessor - Writing [Page 1 of 0 containing UNKNOWN instances]
2025-09-18 18:34:37 [http-nio-8081-exec-6] DEBUG o.s.web.servlet.DispatcherServlet - Completed 200 OK
2025-09-18 18:34:37 [http-nio-8081-exec-6] DEBUG o.s.w.f.CommonsRequestLoggingFilter - After request [GET /api/groups-receivers/table?page=0&size=10&sortedBy=updatedAt&sortDirection=desc, client=0:0:0:0:0:0:0:1, user=admin@mail.com]
2025-09-18 18:34:37 [http-nio-8081-exec-1] DEBUG o.s.w.s.m.m.a.HttpEntityMethodProcessor - Using 'application/json', given [*/*] and supported [application/json, application/*+json, application/yaml]
2025-09-18 18:34:38 [http-nio-8081-exec-1] DEBUG o.s.w.s.m.m.a.HttpEntityMethodProcessor - Writing [[ReceiverRequest(id=2, name=سيب)]]
2025-09-18 18:34:38 [http-nio-8081-exec-1] DEBUG o.s.web.servlet.DispatcherServlet - Completed 200 OK
2025-09-18 18:34:38 [http-nio-8081-exec-1] DEBUG o.s.w.f.CommonsRequestLoggingFilter - After request [GET /api/groups-receivers/all?search=, client=0:0:0:0:0:0:0:1, user=admin@mail.com]
2025-09-18 18:34:38 [http-nio-8081-exec-4] DEBUG o.s.w.s.m.m.a.HttpEntityMethodProcessor - Using 'application/json', given [*/*] and supported [application/json, application/*+json, application/yaml]
2025-09-18 18:34:38 [http-nio-8081-exec-4] DEBUG o.s.w.s.m.m.a.HttpEntityMethodProcessor - Writing [[GroupRequest(id=1, groupName=سي)]]
2025-09-18 18:34:38 [http-nio-8081-exec-4] DEBUG o.s.web.servlet.DispatcherServlet - Completed 200 OK
2025-09-18 18:34:38 [http-nio-8081-exec-4] DEBUG o.s.w.f.CommonsRequestLoggingFilter - After request [GET /api/groups-receivers, client=0:0:0:0:0:0:0:1, user=admin@mail.com]
2025-09-18 18:34:42 [http-nio-8081-exec-5] INFO  c.m.b.k.service.DynamicRouteService - Fetching active routes with pagination
2025-09-18 18:34:42 [http-nio-8081-exec-3] INFO  c.m.b.k.service.DynamicRouteService - Fetching active routes with pagination
2025-09-18 18:34:42 [http-nio-8081-exec-7] INFO  c.m.b.k.service.DynamicRouteService - Fetching active routes with pagination
2025-09-18 18:34:42 [http-nio-8081-exec-5] DEBUG o.s.w.f.CommonsRequestLoggingFilter - Before request [GET /api/groups-receivers, client=0:0:0:0:0:0:0:1, user=admin@mail.com]
2025-09-18 18:34:42 [http-nio-8081-exec-5] DEBUG o.s.web.servlet.DispatcherServlet - GET "/api/groups-receivers", parameters={}
2025-09-18 18:34:42 [http-nio-8081-exec-5] DEBUG o.s.w.s.m.m.a.RequestMappingHandlerMapping - Mapped to com.middleware.backend.notification.controller.groupReceiverController#getUnlinkedGroups()
2025-09-18 18:34:42 [http-nio-8081-exec-3] DEBUG o.s.w.f.CommonsRequestLoggingFilter - Before request [GET /api/groups-receivers/all?search=, client=0:0:0:0:0:0:0:1, user=admin@mail.com]
2025-09-18 18:34:42 [http-nio-8081-exec-3] DEBUG o.s.web.servlet.DispatcherServlet - GET "/api/groups-receivers/all?search=", parameters={masked}
2025-09-18 18:34:42 [http-nio-8081-exec-3] DEBUG o.s.w.s.m.m.a.RequestMappingHandlerMapping - Mapped to com.middleware.backend.notification.controller.groupReceiverController#getAllReceivers(String)
2025-09-18 18:34:42 [http-nio-8081-exec-5] DEBUG o.s.w.s.m.m.a.HttpEntityMethodProcessor - Using 'application/json', given [*/*] and supported [application/json, application/*+json, application/yaml]
2025-09-18 18:34:42 [http-nio-8081-exec-5] DEBUG o.s.w.s.m.m.a.HttpEntityMethodProcessor - Writing [[GroupRequest(id=1, groupName=سي)]]
2025-09-18 18:34:42 [http-nio-8081-exec-5] DEBUG o.s.web.servlet.DispatcherServlet - Completed 200 OK
2025-09-18 18:34:42 [http-nio-8081-exec-5] DEBUG o.s.w.f.CommonsRequestLoggingFilter - After request [GET /api/groups-receivers, client=0:0:0:0:0:0:0:1, user=admin@mail.com]
2025-09-18 18:34:42 [http-nio-8081-exec-3] DEBUG o.s.w.s.m.m.a.HttpEntityMethodProcessor - Using 'application/json', given [*/*] and supported [application/json, application/*+json, application/yaml]
2025-09-18 18:34:42 [http-nio-8081-exec-3] DEBUG o.s.w.s.m.m.a.HttpEntityMethodProcessor - Writing [[ReceiverRequest(id=2, name=سيب)]]
2025-09-18 18:34:42 [http-nio-8081-exec-3] DEBUG o.s.web.servlet.DispatcherServlet - Completed 200 OK
2025-09-18 18:34:42 [http-nio-8081-exec-3] DEBUG o.s.w.f.CommonsRequestLoggingFilter - After request [GET /api/groups-receivers/all?search=, client=0:0:0:0:0:0:0:1, user=admin@mail.com]
2025-09-18 18:34:42 [http-nio-8081-exec-7] DEBUG o.s.w.f.CommonsRequestLoggingFilter - Before request [GET /api/groups-receivers/table?page=0&size=10&sortedBy=updatedAt&sortDirection=desc, client=0:0:0:0:0:0:0:1, user=admin@mail.com]
2025-09-18 18:34:42 [http-nio-8081-exec-7] DEBUG o.s.web.servlet.DispatcherServlet - GET "/api/groups-receivers/table?page=0&size=10&sortedBy=updatedAt&sortDirection=desc", parameters={masked}
2025-09-18 18:34:42 [http-nio-8081-exec-7] DEBUG o.s.w.s.m.m.a.RequestMappingHandlerMapping - Mapped to com.middleware.backend.notification.controller.groupReceiverController#getGroupReceivers(int, int, String, String)
2025-09-18 18:34:43 [http-nio-8081-exec-7] DEBUG o.s.w.s.m.m.a.HttpEntityMethodProcessor - Using 'application/json', given [*/*] and supported [application/json, application/*+json, application/yaml]
2025-09-18 18:34:43 [http-nio-8081-exec-7] DEBUG o.s.w.s.m.m.a.HttpEntityMethodProcessor - Writing [Page 1 of 0 containing UNKNOWN instances]
2025-09-18 18:34:43 [http-nio-8081-exec-7] DEBUG o.s.web.servlet.DispatcherServlet - Completed 200 OK
2025-09-18 18:34:43 [http-nio-8081-exec-7] DEBUG o.s.w.f.CommonsRequestLoggingFilter - After request [GET /api/groups-receivers/table?page=0&size=10&sortedBy=updatedAt&sortDirection=desc, client=0:0:0:0:0:0:0:1, user=admin@mail.com]
2025-09-18 18:34:48 [scheduling-1] INFO  c.m.b.k.service.DynamicRouteService - Starting route status sync with Camel context
2025-09-18 18:34:48 [scheduling-1] INFO  c.m.b.k.service.DynamicRouteService - Completed route status sync
2025-09-18 18:34:49 [http-nio-8081-exec-10] INFO  c.m.b.k.service.DynamicRouteService - Fetching active routes with pagination
2025-09-18 18:34:49 [http-nio-8081-exec-2] INFO  c.m.b.k.service.DynamicRouteService - Fetching active routes with pagination
2025-09-18 18:34:49 [http-nio-8081-exec-9] INFO  c.m.b.k.service.DynamicRouteService - Fetching active routes with pagination
2025-09-18 18:34:49 [http-nio-8081-exec-10] DEBUG o.s.w.f.CommonsRequestLoggingFilter - Before request [GET /api/groups-receivers/all?search=, client=0:0:0:0:0:0:0:1, user=admin@mail.com]
2025-09-18 18:34:49 [http-nio-8081-exec-2] DEBUG o.s.w.f.CommonsRequestLoggingFilter - Before request [GET /api/groups-receivers, client=0:0:0:0:0:0:0:1, user=admin@mail.com]
2025-09-18 18:34:49 [http-nio-8081-exec-2] DEBUG o.s.web.servlet.DispatcherServlet - GET "/api/groups-receivers", parameters={}
2025-09-18 18:34:49 [http-nio-8081-exec-10] DEBUG o.s.web.servlet.DispatcherServlet - GET "/api/groups-receivers/all?search=", parameters={masked}
2025-09-18 18:34:49 [http-nio-8081-exec-2] DEBUG o.s.w.s.m.m.a.RequestMappingHandlerMapping - Mapped to com.middleware.backend.notification.controller.groupReceiverController#getUnlinkedGroups()
2025-09-18 18:34:49 [http-nio-8081-exec-10] DEBUG o.s.w.s.m.m.a.RequestMappingHandlerMapping - Mapped to com.middleware.backend.notification.controller.groupReceiverController#getAllReceivers(String)
2025-09-18 18:34:49 [http-nio-8081-exec-2] DEBUG o.s.w.s.m.m.a.HttpEntityMethodProcessor - Using 'application/json', given [*/*] and supported [application/json, application/*+json, application/yaml]
2025-09-18 18:34:49 [http-nio-8081-exec-2] DEBUG o.s.w.s.m.m.a.HttpEntityMethodProcessor - Writing [[GroupRequest(id=1, groupName=سي)]]
2025-09-18 18:34:49 [http-nio-8081-exec-2] DEBUG o.s.web.servlet.DispatcherServlet - Completed 200 OK
2025-09-18 18:34:49 [http-nio-8081-exec-2] DEBUG o.s.w.f.CommonsRequestLoggingFilter - After request [GET /api/groups-receivers, client=0:0:0:0:0:0:0:1, user=admin@mail.com]
2025-09-18 18:34:49 [http-nio-8081-exec-10] DEBUG o.s.w.s.m.m.a.HttpEntityMethodProcessor - Using 'application/json', given [*/*] and supported [application/json, application/*+json, application/yaml]
2025-09-18 18:34:49 [http-nio-8081-exec-10] DEBUG o.s.w.s.m.m.a.HttpEntityMethodProcessor - Writing [[ReceiverRequest(id=2, name=سيب)]]
2025-09-18 18:34:49 [http-nio-8081-exec-10] DEBUG o.s.web.servlet.DispatcherServlet - Completed 200 OK
2025-09-18 18:34:49 [http-nio-8081-exec-10] DEBUG o.s.w.f.CommonsRequestLoggingFilter - After request [GET /api/groups-receivers/all?search=, client=0:0:0:0:0:0:0:1, user=admin@mail.com]
2025-09-18 18:34:49 [http-nio-8081-exec-9] DEBUG o.s.w.f.CommonsRequestLoggingFilter - Before request [GET /api/groups-receivers/table?page=0&size=10&sortedBy=updatedAt&sortDirection=desc, client=0:0:0:0:0:0:0:1, user=admin@mail.com]
2025-09-18 18:34:49 [http-nio-8081-exec-9] DEBUG o.s.web.servlet.DispatcherServlet - GET "/api/groups-receivers/table?page=0&size=10&sortedBy=updatedAt&sortDirection=desc", parameters={masked}
2025-09-18 18:34:49 [http-nio-8081-exec-9] DEBUG o.s.w.s.m.m.a.RequestMappingHandlerMapping - Mapped to com.middleware.backend.notification.controller.groupReceiverController#getGroupReceivers(int, int, String, String)
2025-09-18 18:34:49 [http-nio-8081-exec-9] DEBUG o.s.w.s.m.m.a.HttpEntityMethodProcessor - Using 'application/json', given [*/*] and supported [application/json, application/*+json, application/yaml]
2025-09-18 18:34:49 [http-nio-8081-exec-9] DEBUG o.s.w.s.m.m.a.HttpEntityMethodProcessor - Writing [Page 1 of 0 containing UNKNOWN instances]
2025-09-18 18:34:49 [http-nio-8081-exec-9] DEBUG o.s.web.servlet.DispatcherServlet - Completed 200 OK
2025-09-18 18:34:49 [http-nio-8081-exec-9] DEBUG o.s.w.f.CommonsRequestLoggingFilter - After request [GET /api/groups-receivers/table?page=0&size=10&sortedBy=updatedAt&sortDirection=desc, client=0:0:0:0:0:0:0:1, user=admin@mail.com]
2025-09-18 18:34:52 [http-nio-8081-exec-8] INFO  c.m.b.k.service.DynamicRouteService - Fetching active routes with pagination
2025-09-18 18:34:52 [http-nio-8081-exec-8] DEBUG o.s.w.f.CommonsRequestLoggingFilter - Before request [GET /api/groups-receivers, client=0:0:0:0:0:0:0:1, user=admin@mail.com]
2025-09-18 18:34:52 [http-nio-8081-exec-8] DEBUG o.s.web.servlet.DispatcherServlet - GET "/api/groups-receivers", parameters={}
2025-09-18 18:34:52 [http-nio-8081-exec-8] DEBUG o.s.w.s.m.m.a.RequestMappingHandlerMapping - Mapped to com.middleware.backend.notification.controller.groupReceiverController#getUnlinkedGroups()
2025-09-18 18:34:52 [http-nio-8081-exec-8] DEBUG o.s.w.s.m.m.a.HttpEntityMethodProcessor - Using 'application/json', given [*/*] and supported [application/json, application/*+json, application/yaml]
2025-09-18 18:34:52 [http-nio-8081-exec-8] DEBUG o.s.w.s.m.m.a.HttpEntityMethodProcessor - Writing [[GroupRequest(id=1, groupName=سي)]]
2025-09-18 18:34:52 [http-nio-8081-exec-8] DEBUG o.s.web.servlet.DispatcherServlet - Completed 200 OK
2025-09-18 18:34:52 [http-nio-8081-exec-8] DEBUG o.s.w.f.CommonsRequestLoggingFilter - After request [GET /api/groups-receivers, client=0:0:0:0:0:0:0:1, user=admin@mail.com]
2025-09-18 18:34:55 [http-nio-8081-exec-6] INFO  c.m.b.k.service.DynamicRouteService - Fetching active routes with pagination
2025-09-18 18:34:55 [http-nio-8081-exec-1] INFO  c.m.b.k.service.DynamicRouteService - Fetching active routes with pagination
2025-09-18 18:34:55 [http-nio-8081-exec-4] INFO  c.m.b.k.service.DynamicRouteService - Fetching active routes with pagination
2025-09-18 18:34:55 [http-nio-8081-exec-6] DEBUG o.s.w.f.CommonsRequestLoggingFilter - Before request [GET /api/groups-receivers/table?page=0&size=10&sortedBy=updatedAt&sortDirection=desc, client=0:0:0:0:0:0:0:1, user=admin@mail.com]
2025-09-18 18:34:55 [http-nio-8081-exec-6] DEBUG o.s.web.servlet.DispatcherServlet - GET "/api/groups-receivers/table?page=0&size=10&sortedBy=updatedAt&sortDirection=desc", parameters={masked}
2025-09-18 18:34:55 [http-nio-8081-exec-6] DEBUG o.s.w.s.m.m.a.RequestMappingHandlerMapping - Mapped to com.middleware.backend.notification.controller.groupReceiverController#getGroupReceivers(int, int, String, String)
2025-09-18 18:34:55 [http-nio-8081-exec-1] DEBUG o.s.w.f.CommonsRequestLoggingFilter - Before request [GET /api/groups-receivers, client=0:0:0:0:0:0:0:1, user=admin@mail.com]
2025-09-18 18:34:55 [http-nio-8081-exec-1] DEBUG o.s.web.servlet.DispatcherServlet - GET "/api/groups-receivers", parameters={}
2025-09-18 18:34:55 [http-nio-8081-exec-1] DEBUG o.s.w.s.m.m.a.RequestMappingHandlerMapping - Mapped to com.middleware.backend.notification.controller.groupReceiverController#getUnlinkedGroups()
2025-09-18 18:34:55 [http-nio-8081-exec-4] DEBUG o.s.w.f.CommonsRequestLoggingFilter - Before request [GET /api/groups-receivers/all?search=, client=0:0:0:0:0:0:0:1, user=admin@mail.com]
2025-09-18 18:34:55 [http-nio-8081-exec-4] DEBUG o.s.web.servlet.DispatcherServlet - GET "/api/groups-receivers/all?search=", parameters={masked}
2025-09-18 18:34:55 [http-nio-8081-exec-4] DEBUG o.s.w.s.m.m.a.RequestMappingHandlerMapping - Mapped to com.middleware.backend.notification.controller.groupReceiverController#getAllReceivers(String)
2025-09-18 18:34:55 [http-nio-8081-exec-6] DEBUG o.s.w.s.m.m.a.HttpEntityMethodProcessor - Using 'application/json', given [*/*] and supported [application/json, application/*+json, application/yaml]
2025-09-18 18:34:55 [http-nio-8081-exec-6] DEBUG o.s.w.s.m.m.a.HttpEntityMethodProcessor - Writing [Page 1 of 0 containing UNKNOWN instances]
2025-09-18 18:34:55 [http-nio-8081-exec-6] DEBUG o.s.web.servlet.DispatcherServlet - Completed 200 OK
2025-09-18 18:34:55 [http-nio-8081-exec-6] DEBUG o.s.w.f.CommonsRequestLoggingFilter - After request [GET /api/groups-receivers/table?page=0&size=10&sortedBy=updatedAt&sortDirection=desc, client=0:0:0:0:0:0:0:1, user=admin@mail.com]
2025-09-18 18:34:55 [http-nio-8081-exec-1] DEBUG o.s.w.s.m.m.a.HttpEntityMethodProcessor - Using 'application/json', given [*/*] and supported [application/json, application/*+json, application/yaml]
2025-09-18 18:34:55 [http-nio-8081-exec-1] DEBUG o.s.w.s.m.m.a.HttpEntityMethodProcessor - Writing [[GroupRequest(id=1, groupName=سي)]]
2025-09-18 18:34:55 [http-nio-8081-exec-1] DEBUG o.s.web.servlet.DispatcherServlet - Completed 200 OK
2025-09-18 18:34:55 [http-nio-8081-exec-1] DEBUG o.s.w.f.CommonsRequestLoggingFilter - After request [GET /api/groups-receivers, client=0:0:0:0:0:0:0:1, user=admin@mail.com]
2025-09-18 18:34:55 [http-nio-8081-exec-4] DEBUG o.s.w.s.m.m.a.HttpEntityMethodProcessor - Using 'application/json', given [*/*] and supported [application/json, application/*+json, application/yaml]
2025-09-18 18:34:55 [http-nio-8081-exec-4] DEBUG o.s.w.s.m.m.a.HttpEntityMethodProcessor - Writing [[ReceiverRequest(id=2, name=سيب)]]
2025-09-18 18:34:55 [http-nio-8081-exec-4] DEBUG o.s.web.servlet.DispatcherServlet - Completed 200 OK
2025-09-18 18:34:55 [http-nio-8081-exec-4] DEBUG o.s.w.f.CommonsRequestLoggingFilter - After request [GET /api/groups-receivers/all?search=, client=0:0:0:0:0:0:0:1, user=admin@mail.com]
2025-09-18 18:34:57 [http-nio-8081-exec-5] INFO  c.m.b.k.service.DynamicRouteService - Fetching active routes with pagination
2025-09-18 18:34:57 [http-nio-8081-exec-5] DEBUG o.s.w.f.CommonsRequestLoggingFilter - Before request [GET /api/groups-receivers, client=0:0:0:0:0:0:0:1, user=admin@mail.com]
2025-09-18 18:34:57 [http-nio-8081-exec-5] DEBUG o.s.web.servlet.DispatcherServlet - GET "/api/groups-receivers", parameters={}
2025-09-18 18:34:57 [http-nio-8081-exec-5] DEBUG o.s.w.s.m.m.a.RequestMappingHandlerMapping - Mapped to com.middleware.backend.notification.controller.groupReceiverController#getUnlinkedGroups()
2025-09-18 18:34:57 [http-nio-8081-exec-5] DEBUG o.s.w.s.m.m.a.HttpEntityMethodProcessor - Using 'application/json', given [*/*] and supported [application/json, application/*+json, application/yaml]
2025-09-18 18:34:57 [http-nio-8081-exec-5] DEBUG o.s.w.s.m.m.a.HttpEntityMethodProcessor - Writing [[GroupRequest(id=1, groupName=سي)]]
2025-09-18 18:34:57 [http-nio-8081-exec-5] DEBUG o.s.web.servlet.DispatcherServlet - Completed 200 OK
2025-09-18 18:34:57 [http-nio-8081-exec-5] DEBUG o.s.w.f.CommonsRequestLoggingFilter - After request [GET /api/groups-receivers, client=0:0:0:0:0:0:0:1, user=admin@mail.com]
2025-09-18 18:35:00 [http-nio-8081-exec-3] INFO  c.m.b.k.service.DynamicRouteService - Fetching active routes with pagination
2025-09-18 18:35:00 [http-nio-8081-exec-2] INFO  c.m.b.k.service.DynamicRouteService - Fetching active routes with pagination
2025-09-18 18:35:00 [http-nio-8081-exec-7] INFO  c.m.b.k.service.DynamicRouteService - Fetching active routes with pagination
2025-09-18 18:35:01 [http-nio-8081-exec-2] DEBUG o.s.w.f.CommonsRequestLoggingFilter - Before request [GET /api/groups-receivers/all?search=, client=0:0:0:0:0:0:0:1, user=admin@mail.com]
2025-09-18 18:35:01 [http-nio-8081-exec-2] DEBUG o.s.web.servlet.DispatcherServlet - GET "/api/groups-receivers/all?search=", parameters={masked}
2025-09-18 18:35:01 [http-nio-8081-exec-2] DEBUG o.s.w.s.m.m.a.RequestMappingHandlerMapping - Mapped to com.middleware.backend.notification.controller.groupReceiverController#getAllReceivers(String)
2025-09-18 18:35:01 [http-nio-8081-exec-3] DEBUG o.s.w.f.CommonsRequestLoggingFilter - Before request [GET /api/groups-receivers/table?page=0&size=10&sortedBy=updatedAt&sortDirection=desc, client=0:0:0:0:0:0:0:1, user=admin@mail.com]
2025-09-18 18:35:01 [http-nio-8081-exec-3] DEBUG o.s.web.servlet.DispatcherServlet - GET "/api/groups-receivers/table?page=0&size=10&sortedBy=updatedAt&sortDirection=desc", parameters={masked}
2025-09-18 18:35:01 [http-nio-8081-exec-3] DEBUG o.s.w.s.m.m.a.RequestMappingHandlerMapping - Mapped to com.middleware.backend.notification.controller.groupReceiverController#getGroupReceivers(int, int, String, String)
2025-09-18 18:35:01 [http-nio-8081-exec-7] DEBUG o.s.w.f.CommonsRequestLoggingFilter - Before request [GET /api/groups-receivers, client=0:0:0:0:0:0:0:1, user=admin@mail.com]
2025-09-18 18:35:01 [http-nio-8081-exec-7] DEBUG o.s.web.servlet.DispatcherServlet - GET "/api/groups-receivers", parameters={}
2025-09-18 18:35:01 [http-nio-8081-exec-7] DEBUG o.s.w.s.m.m.a.RequestMappingHandlerMapping - Mapped to com.middleware.backend.notification.controller.groupReceiverController#getUnlinkedGroups()
2025-09-18 18:35:01 [http-nio-8081-exec-2] DEBUG o.s.w.s.m.m.a.HttpEntityMethodProcessor - Using 'application/json', given [*/*] and supported [application/json, application/*+json, application/yaml]
2025-09-18 18:35:01 [http-nio-8081-exec-2] DEBUG o.s.w.s.m.m.a.HttpEntityMethodProcessor - Writing [[ReceiverRequest(id=2, name=سيب)]]
2025-09-18 18:35:01 [http-nio-8081-exec-2] DEBUG o.s.web.servlet.DispatcherServlet - Completed 200 OK
2025-09-18 18:35:01 [http-nio-8081-exec-2] DEBUG o.s.w.f.CommonsRequestLoggingFilter - After request [GET /api/groups-receivers/all?search=, client=0:0:0:0:0:0:0:1, user=admin@mail.com]
2025-09-18 18:35:01 [http-nio-8081-exec-3] DEBUG o.s.w.s.m.m.a.HttpEntityMethodProcessor - Using 'application/json', given [*/*] and supported [application/json, application/*+json, application/yaml]
2025-09-18 18:35:01 [http-nio-8081-exec-3] DEBUG o.s.w.s.m.m.a.HttpEntityMethodProcessor - Writing [Page 1 of 0 containing UNKNOWN instances]
2025-09-18 18:35:01 [http-nio-8081-exec-3] DEBUG o.s.web.servlet.DispatcherServlet - Completed 200 OK
2025-09-18 18:35:01 [http-nio-8081-exec-7] DEBUG o.s.w.s.m.m.a.HttpEntityMethodProcessor - Using 'application/json', given [*/*] and supported [application/json, application/*+json, application/yaml]
2025-09-18 18:35:01 [http-nio-8081-exec-3] DEBUG o.s.w.f.CommonsRequestLoggingFilter - After request [GET /api/groups-receivers/table?page=0&size=10&sortedBy=updatedAt&sortDirection=desc, client=0:0:0:0:0:0:0:1, user=admin@mail.com]
2025-09-18 18:35:01 [http-nio-8081-exec-7] DEBUG o.s.w.s.m.m.a.HttpEntityMethodProcessor - Writing [[GroupRequest(id=1, groupName=سي)]]
2025-09-18 18:35:01 [http-nio-8081-exec-7] DEBUG o.s.web.servlet.DispatcherServlet - Completed 200 OK
2025-09-18 18:35:01 [http-nio-8081-exec-7] DEBUG o.s.w.f.CommonsRequestLoggingFilter - After request [GET /api/groups-receivers, client=0:0:0:0:0:0:0:1, user=admin@mail.com]
2025-09-18 18:35:06 [http-nio-8081-exec-10] INFO  c.m.b.k.service.DynamicRouteService - Fetching active routes with pagination
2025-09-18 18:35:06 [http-nio-8081-exec-9] INFO  c.m.b.k.service.DynamicRouteService - Fetching active routes with pagination
2025-09-18 18:35:06 [http-nio-8081-exec-8] INFO  c.m.b.k.service.DynamicRouteService - Fetching active routes with pagination
2025-09-18 18:35:06 [http-nio-8081-exec-10] DEBUG o.s.w.f.CommonsRequestLoggingFilter - Before request [GET /api/groups-receivers/table?page=0&size=10&sortedBy=updatedAt&sortDirection=desc, client=0:0:0:0:0:0:0:1, user=admin@mail.com]
2025-09-18 18:35:06 [http-nio-8081-exec-10] DEBUG o.s.web.servlet.DispatcherServlet - GET "/api/groups-receivers/table?page=0&size=10&sortedBy=updatedAt&sortDirection=desc", parameters={masked}
2025-09-18 18:35:06 [http-nio-8081-exec-10] DEBUG o.s.w.s.m.m.a.RequestMappingHandlerMapping - Mapped to com.middleware.backend.notification.controller.groupReceiverController#getGroupReceivers(int, int, String, String)
2025-09-18 18:35:06 [http-nio-8081-exec-9] DEBUG o.s.w.f.CommonsRequestLoggingFilter - Before request [GET /api/groups-receivers, client=0:0:0:0:0:0:0:1, user=admin@mail.com]
2025-09-18 18:35:06 [http-nio-8081-exec-9] DEBUG o.s.web.servlet.DispatcherServlet - GET "/api/groups-receivers", parameters={}
2025-09-18 18:35:06 [http-nio-8081-exec-9] DEBUG o.s.w.s.m.m.a.RequestMappingHandlerMapping - Mapped to com.middleware.backend.notification.controller.groupReceiverController#getUnlinkedGroups()
2025-09-18 18:35:06 [http-nio-8081-exec-8] DEBUG o.s.w.f.CommonsRequestLoggingFilter - Before request [GET /api/groups-receivers/all?search=, client=0:0:0:0:0:0:0:1, user=admin@mail.com]
2025-09-18 18:35:06 [http-nio-8081-exec-8] DEBUG o.s.web.servlet.DispatcherServlet - GET "/api/groups-receivers/all?search=", parameters={masked}
2025-09-18 18:35:06 [http-nio-8081-exec-8] DEBUG o.s.w.s.m.m.a.RequestMappingHandlerMapping - Mapped to com.middleware.backend.notification.controller.groupReceiverController#getAllReceivers(String)
2025-09-18 18:35:06 [http-nio-8081-exec-10] DEBUG o.s.w.s.m.m.a.HttpEntityMethodProcessor - Using 'application/json', given [*/*] and supported [application/json, application/*+json, application/yaml]
2025-09-18 18:35:06 [http-nio-8081-exec-10] DEBUG o.s.w.s.m.m.a.HttpEntityMethodProcessor - Writing [Page 1 of 0 containing UNKNOWN instances]
2025-09-18 18:35:06 [http-nio-8081-exec-10] DEBUG o.s.web.servlet.DispatcherServlet - Completed 200 OK
2025-09-18 18:35:06 [http-nio-8081-exec-10] DEBUG o.s.w.f.CommonsRequestLoggingFilter - After request [GET /api/groups-receivers/table?page=0&size=10&sortedBy=updatedAt&sortDirection=desc, client=0:0:0:0:0:0:0:1, user=admin@mail.com]
2025-09-18 18:35:07 [http-nio-8081-exec-9] DEBUG o.s.w.s.m.m.a.HttpEntityMethodProcessor - Using 'application/json', given [*/*] and supported [application/json, application/*+json, application/yaml]
2025-09-18 18:35:07 [http-nio-8081-exec-9] DEBUG o.s.w.s.m.m.a.HttpEntityMethodProcessor - Writing [[GroupRequest(id=1, groupName=سي)]]
2025-09-18 18:35:07 [http-nio-8081-exec-9] DEBUG o.s.web.servlet.DispatcherServlet - Completed 200 OK
2025-09-18 18:35:07 [http-nio-8081-exec-9] DEBUG o.s.w.f.CommonsRequestLoggingFilter - After request [GET /api/groups-receivers, client=0:0:0:0:0:0:0:1, user=admin@mail.com]
2025-09-18 18:35:07 [http-nio-8081-exec-8] DEBUG o.s.w.s.m.m.a.HttpEntityMethodProcessor - Using 'application/json', given [*/*] and supported [application/json, application/*+json, application/yaml]
2025-09-18 18:35:07 [http-nio-8081-exec-8] DEBUG o.s.w.s.m.m.a.HttpEntityMethodProcessor - Writing [[ReceiverRequest(id=2, name=سيب)]]
2025-09-18 18:35:07 [http-nio-8081-exec-8] DEBUG o.s.web.servlet.DispatcherServlet - Completed 200 OK
2025-09-18 18:35:07 [http-nio-8081-exec-8] DEBUG o.s.w.f.CommonsRequestLoggingFilter - After request [GET /api/groups-receivers/all?search=, client=0:0:0:0:0:0:0:1, user=admin@mail.com]
2025-09-18 18:35:18 [scheduling-1] INFO  c.m.b.k.service.DynamicRouteService - Starting route status sync with Camel context
2025-09-18 18:35:18 [scheduling-1] INFO  c.m.b.k.service.DynamicRouteService - Completed route status sync
2025-09-18 18:35:24 [http-nio-8081-exec-6] INFO  c.m.b.k.service.DynamicRouteService - Fetching active routes with pagination
2025-09-18 18:35:24 [http-nio-8081-exec-6] DEBUG o.s.w.f.CommonsRequestLoggingFilter - Before request [GET /api/groups-receivers, client=0:0:0:0:0:0:0:1, user=admin@mail.com]
2025-09-18 18:35:24 [http-nio-8081-exec-6] DEBUG o.s.web.servlet.DispatcherServlet - GET "/api/groups-receivers", parameters={}
2025-09-18 18:35:24 [http-nio-8081-exec-6] DEBUG o.s.w.s.m.m.a.RequestMappingHandlerMapping - Mapped to com.middleware.backend.notification.controller.groupReceiverController#getUnlinkedGroups()
2025-09-18 18:35:24 [http-nio-8081-exec-6] DEBUG o.s.w.s.m.m.a.HttpEntityMethodProcessor - Using 'application/json', given [*/*] and supported [application/json, application/*+json, application/yaml]
2025-09-18 18:35:24 [http-nio-8081-exec-6] DEBUG o.s.w.s.m.m.a.HttpEntityMethodProcessor - Writing [[GroupRequest(id=1, groupName=سي)]]
2025-09-18 18:35:24 [http-nio-8081-exec-6] DEBUG o.s.web.servlet.DispatcherServlet - Completed 200 OK
2025-09-18 18:35:24 [http-nio-8081-exec-6] DEBUG o.s.w.f.CommonsRequestLoggingFilter - After request [GET /api/groups-receivers, client=0:0:0:0:0:0:0:1, user=admin@mail.com]
2025-09-18 18:35:26 [http-nio-8081-exec-1] INFO  c.m.b.k.service.DynamicRouteService - Fetching active routes with pagination
2025-09-18 18:35:26 [http-nio-8081-exec-1] DEBUG o.s.w.f.CommonsRequestLoggingFilter - Before request [GET /api/groups-receivers/all?search=, client=0:0:0:0:0:0:0:1, user=admin@mail.com]
2025-09-18 18:35:26 [http-nio-8081-exec-1] DEBUG o.s.web.servlet.DispatcherServlet - GET "/api/groups-receivers/all?search=", parameters={masked}
2025-09-18 18:35:26 [http-nio-8081-exec-1] DEBUG o.s.w.s.m.m.a.RequestMappingHandlerMapping - Mapped to com.middleware.backend.notification.controller.groupReceiverController#getAllReceivers(String)
2025-09-18 18:35:27 [http-nio-8081-exec-1] DEBUG o.s.w.s.m.m.a.HttpEntityMethodProcessor - Using 'application/json', given [*/*] and supported [application/json, application/*+json, application/yaml]
2025-09-18 18:35:27 [http-nio-8081-exec-1] DEBUG o.s.w.s.m.m.a.HttpEntityMethodProcessor - Writing [[ReceiverRequest(id=2, name=سيب)]]
2025-09-18 18:35:27 [http-nio-8081-exec-1] DEBUG o.s.web.servlet.DispatcherServlet - Completed 200 OK
2025-09-18 18:35:27 [http-nio-8081-exec-1] DEBUG o.s.w.f.CommonsRequestLoggingFilter - After request [GET /api/groups-receivers/all?search=, client=0:0:0:0:0:0:0:1, user=admin@mail.com]
2025-09-18 18:35:28 [http-nio-8081-exec-5] INFO  c.m.b.k.service.DynamicRouteService - Fetching active routes with pagination
2025-09-18 18:35:28 [http-nio-8081-exec-5] DEBUG o.s.w.f.CommonsRequestLoggingFilter - Before request [GET /api/groups-receivers/all?search=%D8%B3, client=0:0:0:0:0:0:0:1, user=admin@mail.com]
2025-09-18 18:35:28 [http-nio-8081-exec-5] DEBUG o.s.web.servlet.DispatcherServlet - GET "/api/groups-receivers/all?search=%D8%B3", parameters={masked}
2025-09-18 18:35:28 [http-nio-8081-exec-5] DEBUG o.s.w.s.m.m.a.RequestMappingHandlerMapping - Mapped to com.middleware.backend.notification.controller.groupReceiverController#getAllReceivers(String)
2025-09-18 18:35:28 [http-nio-8081-exec-5] DEBUG o.s.w.s.m.m.a.HttpEntityMethodProcessor - Using 'application/json', given [*/*] and supported [application/json, application/*+json, application/yaml]
2025-09-18 18:35:28 [http-nio-8081-exec-5] DEBUG o.s.w.s.m.m.a.HttpEntityMethodProcessor - Writing [[ReceiverRequest(id=2, name=سيب)]]
2025-09-18 18:35:28 [http-nio-8081-exec-5] DEBUG o.s.web.servlet.DispatcherServlet - Completed 200 OK
2025-09-18 18:35:28 [http-nio-8081-exec-5] DEBUG o.s.w.f.CommonsRequestLoggingFilter - After request [GET /api/groups-receivers/all?search=%D8%B3, client=0:0:0:0:0:0:0:1, user=admin@mail.com]
2025-09-18 18:35:29 [http-nio-8081-exec-2] INFO  c.m.b.k.service.DynamicRouteService - Fetching active routes with pagination
2025-09-18 18:35:29 [http-nio-8081-exec-2] DEBUG o.s.w.f.CommonsRequestLoggingFilter - Before request [GET /api/groups-receivers/all?search=%D8%B3, client=0:0:0:0:0:0:0:1, user=admin@mail.com]
2025-09-18 18:35:29 [http-nio-8081-exec-2] DEBUG o.s.web.servlet.DispatcherServlet - GET "/api/groups-receivers/all?search=%D8%B3", parameters={masked}
2025-09-18 18:35:29 [http-nio-8081-exec-2] DEBUG o.s.w.s.m.m.a.RequestMappingHandlerMapping - Mapped to com.middleware.backend.notification.controller.groupReceiverController#getAllReceivers(String)
2025-09-18 18:35:29 [http-nio-8081-exec-2] DEBUG o.s.w.s.m.m.a.HttpEntityMethodProcessor - Using 'application/json', given [*/*] and supported [application/json, application/*+json, application/yaml]
2025-09-18 18:35:29 [http-nio-8081-exec-2] DEBUG o.s.w.s.m.m.a.HttpEntityMethodProcessor - Writing [[ReceiverRequest(id=2, name=سيب)]]
2025-09-18 18:35:29 [http-nio-8081-exec-2] DEBUG o.s.web.servlet.DispatcherServlet - Completed 200 OK
2025-09-18 18:35:29 [http-nio-8081-exec-2] DEBUG o.s.w.f.CommonsRequestLoggingFilter - After request [GET /api/groups-receivers/all?search=%D8%B3, client=0:0:0:0:0:0:0:1, user=admin@mail.com]
2025-09-18 18:35:48 [scheduling-1] INFO  c.m.b.k.service.DynamicRouteService - Starting route status sync with Camel context
2025-09-18 18:35:48 [scheduling-1] INFO  c.m.b.k.service.DynamicRouteService - Completed route status sync
2025-09-18 18:36:18 [scheduling-1] INFO  c.m.b.k.service.DynamicRouteService - Starting route status sync with Camel context
2025-09-18 18:36:18 [scheduling-1] INFO  c.m.b.k.service.DynamicRouteService - Completed route status sync
2025-09-18 18:36:48 [scheduling-1] INFO  c.m.b.k.service.DynamicRouteService - Starting route status sync with Camel context
2025-09-18 18:36:48 [scheduling-1] INFO  c.m.b.k.service.DynamicRouteService - Completed route status sync
2025-09-18 18:36:50 [http-nio-8081-exec-9] INFO  c.m.b.k.service.DynamicRouteService - Fetching active routes with pagination
2025-09-18 18:36:50 [http-nio-8081-exec-6] INFO  c.m.b.k.service.DynamicRouteService - Fetching active routes with pagination
2025-09-18 18:36:50 [http-nio-8081-exec-8] INFO  c.m.b.k.service.DynamicRouteService - Fetching active routes with pagination
2025-09-18 18:36:50 [http-nio-8081-exec-9] DEBUG o.s.w.f.CommonsRequestLoggingFilter - Before request [GET /api/groups-receivers/table?page=0&size=10&sortedBy=updatedAt&sortDirection=desc, client=0:0:0:0:0:0:0:1, user=admin@mail.com]
2025-09-18 18:36:50 [http-nio-8081-exec-9] DEBUG o.s.web.servlet.DispatcherServlet - GET "/api/groups-receivers/table?page=0&size=10&sortedBy=updatedAt&sortDirection=desc", parameters={masked}
2025-09-18 18:36:50 [http-nio-8081-exec-9] DEBUG o.s.w.s.m.m.a.RequestMappingHandlerMapping - Mapped to com.middleware.backend.notification.controller.groupReceiverController#getGroupReceivers(int, int, String, String)
2025-09-18 18:36:50 [http-nio-8081-exec-6] DEBUG o.s.w.f.CommonsRequestLoggingFilter - Before request [GET /api/groups-receivers/all?search=, client=0:0:0:0:0:0:0:1, user=admin@mail.com]
2025-09-18 18:36:50 [http-nio-8081-exec-6] DEBUG o.s.web.servlet.DispatcherServlet - GET "/api/groups-receivers/all?search=", parameters={masked}
2025-09-18 18:36:50 [http-nio-8081-exec-6] DEBUG o.s.w.s.m.m.a.RequestMappingHandlerMapping - Mapped to com.middleware.backend.notification.controller.groupReceiverController#getAllReceivers(String)
2025-09-18 18:36:50 [http-nio-8081-exec-8] DEBUG o.s.w.f.CommonsRequestLoggingFilter - Before request [GET /api/groups-receivers, client=0:0:0:0:0:0:0:1, user=admin@mail.com]
2025-09-18 18:36:50 [http-nio-8081-exec-8] DEBUG o.s.web.servlet.DispatcherServlet - GET "/api/groups-receivers", parameters={}
2025-09-18 18:36:50 [http-nio-8081-exec-8] DEBUG o.s.w.s.m.m.a.RequestMappingHandlerMapping - Mapped to com.middleware.backend.notification.controller.groupReceiverController#getUnlinkedGroups()
2025-09-18 18:36:50 [http-nio-8081-exec-9] DEBUG o.s.w.s.m.m.a.HttpEntityMethodProcessor - Using 'application/json', given [*/*] and supported [application/json, application/*+json, application/yaml]
2025-09-18 18:36:50 [http-nio-8081-exec-9] DEBUG o.s.w.s.m.m.a.HttpEntityMethodProcessor - Writing [Page 1 of 0 containing UNKNOWN instances]
2025-09-18 18:36:50 [http-nio-8081-exec-9] DEBUG o.s.web.servlet.DispatcherServlet - Completed 200 OK
2025-09-18 18:36:50 [http-nio-8081-exec-9] DEBUG o.s.w.f.CommonsRequestLoggingFilter - After request [GET /api/groups-receivers/table?page=0&size=10&sortedBy=updatedAt&sortDirection=desc, client=0:0:0:0:0:0:0:1, user=admin@mail.com]
2025-09-18 18:36:50 [http-nio-8081-exec-6] DEBUG o.s.w.s.m.m.a.HttpEntityMethodProcessor - Using 'application/json', given [*/*] and supported [application/json, application/*+json, application/yaml]
2025-09-18 18:36:50 [http-nio-8081-exec-6] DEBUG o.s.w.s.m.m.a.HttpEntityMethodProcessor - Writing [[ReceiverRequest(id=2, name=سيب)]]
2025-09-18 18:36:50 [http-nio-8081-exec-6] DEBUG o.s.web.servlet.DispatcherServlet - Completed 200 OK
2025-09-18 18:36:50 [http-nio-8081-exec-6] DEBUG o.s.w.f.CommonsRequestLoggingFilter - After request [GET /api/groups-receivers/all?search=, client=0:0:0:0:0:0:0:1, user=admin@mail.com]
2025-09-18 18:36:50 [http-nio-8081-exec-8] DEBUG o.s.w.s.m.m.a.HttpEntityMethodProcessor - Using 'application/json', given [*/*] and supported [application/json, application/*+json, application/yaml]
2025-09-18 18:36:50 [http-nio-8081-exec-8] DEBUG o.s.w.s.m.m.a.HttpEntityMethodProcessor - Writing [[GroupRequest(id=1, groupName=سي)]]
2025-09-18 18:36:50 [http-nio-8081-exec-8] DEBUG o.s.web.servlet.DispatcherServlet - Completed 200 OK
2025-09-18 18:36:50 [http-nio-8081-exec-8] DEBUG o.s.w.f.CommonsRequestLoggingFilter - After request [GET /api/groups-receivers, client=0:0:0:0:0:0:0:1, user=admin@mail.com]
2025-09-18 18:36:59 [http-nio-8081-exec-5] INFO  c.m.b.k.service.DynamicRouteService - Fetching active routes with pagination
2025-09-18 18:36:59 [http-nio-8081-exec-1] INFO  c.m.b.k.service.DynamicRouteService - Fetching active routes with pagination
2025-09-18 18:36:59 [http-nio-8081-exec-4] INFO  c.m.b.k.service.DynamicRouteService - Fetching active routes with pagination
2025-09-18 18:36:59 [http-nio-8081-exec-1] DEBUG o.s.w.f.CommonsRequestLoggingFilter - Before request [GET /api/groups-receivers/table?page=0&size=10&sortedBy=updatedAt&sortDirection=desc, client=0:0:0:0:0:0:0:1, user=admin@mail.com]
2025-09-18 18:36:59 [http-nio-8081-exec-1] DEBUG o.s.web.servlet.DispatcherServlet - GET "/api/groups-receivers/table?page=0&size=10&sortedBy=updatedAt&sortDirection=desc", parameters={masked}
2025-09-18 18:36:59 [http-nio-8081-exec-1] DEBUG o.s.w.s.m.m.a.RequestMappingHandlerMapping - Mapped to com.middleware.backend.notification.controller.groupReceiverController#getGroupReceivers(int, int, String, String)
2025-09-18 18:36:59 [http-nio-8081-exec-4] DEBUG o.s.w.f.CommonsRequestLoggingFilter - Before request [GET /api/groups-receivers, client=0:0:0:0:0:0:0:1, user=admin@mail.com]
2025-09-18 18:36:59 [http-nio-8081-exec-4] DEBUG o.s.web.servlet.DispatcherServlet - GET "/api/groups-receivers", parameters={}
2025-09-18 18:36:59 [http-nio-8081-exec-4] DEBUG o.s.w.s.m.m.a.RequestMappingHandlerMapping - Mapped to com.middleware.backend.notification.controller.groupReceiverController#getUnlinkedGroups()
2025-09-18 18:36:59 [http-nio-8081-exec-1] DEBUG o.s.w.s.m.m.a.HttpEntityMethodProcessor - Using 'application/json', given [*/*] and supported [application/json, application/*+json, application/yaml]
2025-09-18 18:36:59 [http-nio-8081-exec-1] DEBUG o.s.w.s.m.m.a.HttpEntityMethodProcessor - Writing [Page 1 of 0 containing UNKNOWN instances]
2025-09-18 18:36:59 [http-nio-8081-exec-1] DEBUG o.s.web.servlet.DispatcherServlet - Completed 200 OK
2025-09-18 18:36:59 [http-nio-8081-exec-1] DEBUG o.s.w.f.CommonsRequestLoggingFilter - After request [GET /api/groups-receivers/table?page=0&size=10&sortedBy=updatedAt&sortDirection=desc, client=0:0:0:0:0:0:0:1, user=admin@mail.com]
2025-09-18 18:36:59 [http-nio-8081-exec-4] DEBUG o.s.w.s.m.m.a.HttpEntityMethodProcessor - Using 'application/json', given [*/*] and supported [application/json, application/*+json, application/yaml]
2025-09-18 18:36:59 [http-nio-8081-exec-4] DEBUG o.s.w.s.m.m.a.HttpEntityMethodProcessor - Writing [[GroupRequest(id=1, groupName=سي)]]
2025-09-18 18:36:59 [http-nio-8081-exec-4] DEBUG o.s.web.servlet.DispatcherServlet - Completed 200 OK
2025-09-18 18:36:59 [http-nio-8081-exec-4] DEBUG o.s.w.f.CommonsRequestLoggingFilter - After request [GET /api/groups-receivers, client=0:0:0:0:0:0:0:1, user=admin@mail.com]
2025-09-18 18:36:59 [http-nio-8081-exec-5] DEBUG o.s.w.f.CommonsRequestLoggingFilter - Before request [GET /api/groups-receivers/all?search=, client=0:0:0:0:0:0:0:1, user=admin@mail.com]
2025-09-18 18:36:59 [http-nio-8081-exec-5] DEBUG o.s.web.servlet.DispatcherServlet - GET "/api/groups-receivers/all?search=", parameters={masked}
2025-09-18 18:36:59 [http-nio-8081-exec-5] DEBUG o.s.w.s.m.m.a.RequestMappingHandlerMapping - Mapped to com.middleware.backend.notification.controller.groupReceiverController#getAllReceivers(String)
2025-09-18 18:36:59 [http-nio-8081-exec-5] DEBUG o.s.w.s.m.m.a.HttpEntityMethodProcessor - Using 'application/json', given [*/*] and supported [application/json, application/*+json, application/yaml]
2025-09-18 18:36:59 [http-nio-8081-exec-5] DEBUG o.s.w.s.m.m.a.HttpEntityMethodProcessor - Writing [[ReceiverRequest(id=2, name=سيب)]]
2025-09-18 18:36:59 [http-nio-8081-exec-5] DEBUG o.s.web.servlet.DispatcherServlet - Completed 200 OK
2025-09-18 18:36:59 [http-nio-8081-exec-5] DEBUG o.s.w.f.CommonsRequestLoggingFilter - After request [GET /api/groups-receivers/all?search=, client=0:0:0:0:0:0:0:1, user=admin@mail.com]
2025-09-18 18:37:08 [http-nio-8081-exec-3] INFO  c.m.b.k.service.DynamicRouteService - Fetching active routes with pagination
2025-09-18 18:37:08 [http-nio-8081-exec-7] INFO  c.m.b.k.service.DynamicRouteService - Fetching active routes with pagination
2025-09-18 18:37:08 [http-nio-8081-exec-2] INFO  c.m.b.k.service.DynamicRouteService - Fetching active routes with pagination
2025-09-18 18:37:08 [http-nio-8081-exec-3] DEBUG o.s.w.f.CommonsRequestLoggingFilter - Before request [GET /api/groups-receivers, client=0:0:0:0:0:0:0:1, user=admin@mail.com]
2025-09-18 18:37:08 [http-nio-8081-exec-3] DEBUG o.s.web.servlet.DispatcherServlet - GET "/api/groups-receivers", parameters={}
2025-09-18 18:37:08 [http-nio-8081-exec-3] DEBUG o.s.w.s.m.m.a.RequestMappingHandlerMapping - Mapped to com.middleware.backend.notification.controller.groupReceiverController#getUnlinkedGroups()
2025-09-18 18:37:08 [http-nio-8081-exec-7] DEBUG o.s.w.f.CommonsRequestLoggingFilter - Before request [GET /api/groups-receivers/all?search=, client=0:0:0:0:0:0:0:1, user=admin@mail.com]
2025-09-18 18:37:08 [http-nio-8081-exec-7] DEBUG o.s.web.servlet.DispatcherServlet - GET "/api/groups-receivers/all?search=", parameters={masked}
2025-09-18 18:37:08 [http-nio-8081-exec-7] DEBUG o.s.w.s.m.m.a.RequestMappingHandlerMapping - Mapped to com.middleware.backend.notification.controller.groupReceiverController#getAllReceivers(String)
2025-09-18 18:37:08 [http-nio-8081-exec-2] DEBUG o.s.w.f.CommonsRequestLoggingFilter - Before request [GET /api/groups-receivers/table?page=0&size=10&sortedBy=updatedAt&sortDirection=desc, client=0:0:0:0:0:0:0:1, user=admin@mail.com]
2025-09-18 18:37:08 [http-nio-8081-exec-2] DEBUG o.s.web.servlet.DispatcherServlet - GET "/api/groups-receivers/table?page=0&size=10&sortedBy=updatedAt&sortDirection=desc", parameters={masked}
2025-09-18 18:37:08 [http-nio-8081-exec-2] DEBUG o.s.w.s.m.m.a.RequestMappingHandlerMapping - Mapped to com.middleware.backend.notification.controller.groupReceiverController#getGroupReceivers(int, int, String, String)
2025-09-18 18:37:08 [http-nio-8081-exec-3] DEBUG o.s.w.s.m.m.a.HttpEntityMethodProcessor - Using 'application/json', given [*/*] and supported [application/json, application/*+json, application/yaml]
2025-09-18 18:37:08 [http-nio-8081-exec-3] DEBUG o.s.w.s.m.m.a.HttpEntityMethodProcessor - Writing [[GroupRequest(id=1, groupName=سي)]]
2025-09-18 18:37:08 [http-nio-8081-exec-3] DEBUG o.s.web.servlet.DispatcherServlet - Completed 200 OK
2025-09-18 18:37:08 [http-nio-8081-exec-3] DEBUG o.s.w.f.CommonsRequestLoggingFilter - After request [GET /api/groups-receivers, client=0:0:0:0:0:0:0:1, user=admin@mail.com]
2025-09-18 18:37:08 [http-nio-8081-exec-7] DEBUG o.s.w.s.m.m.a.HttpEntityMethodProcessor - Using 'application/json', given [*/*] and supported [application/json, application/*+json, application/yaml]
2025-09-18 18:37:08 [http-nio-8081-exec-7] DEBUG o.s.w.s.m.m.a.HttpEntityMethodProcessor - Writing [[ReceiverRequest(id=2, name=سيب)]]
2025-09-18 18:37:08 [http-nio-8081-exec-7] DEBUG o.s.web.servlet.DispatcherServlet - Completed 200 OK
2025-09-18 18:37:08 [http-nio-8081-exec-7] DEBUG o.s.w.f.CommonsRequestLoggingFilter - After request [GET /api/groups-receivers/all?search=, client=0:0:0:0:0:0:0:1, user=admin@mail.com]
2025-09-18 18:37:08 [http-nio-8081-exec-2] DEBUG o.s.w.s.m.m.a.HttpEntityMethodProcessor - Using 'application/json', given [*/*] and supported [application/json, application/*+json, application/yaml]
2025-09-18 18:37:08 [http-nio-8081-exec-2] DEBUG o.s.w.s.m.m.a.HttpEntityMethodProcessor - Writing [Page 1 of 0 containing UNKNOWN instances]
2025-09-18 18:37:08 [http-nio-8081-exec-2] DEBUG o.s.web.servlet.DispatcherServlet - Completed 200 OK
2025-09-18 18:37:08 [http-nio-8081-exec-2] DEBUG o.s.w.f.CommonsRequestLoggingFilter - After request [GET /api/groups-receivers/table?page=0&size=10&sortedBy=updatedAt&sortDirection=desc, client=0:0:0:0:0:0:0:1, user=admin@mail.com]
2025-09-18 18:37:18 [scheduling-1] INFO  c.m.b.k.service.DynamicRouteService - Starting route status sync with Camel context
2025-09-18 18:37:18 [scheduling-1] INFO  c.m.b.k.service.DynamicRouteService - Completed route status sync
2025-09-18 18:37:28 [http-nio-8081-exec-9] INFO  c.m.b.k.service.DynamicRouteService - Fetching active routes with pagination
2025-09-18 18:37:28 [http-nio-8081-exec-10] INFO  c.m.b.k.service.DynamicRouteService - Fetching active routes with pagination
2025-09-18 18:37:28 [http-nio-8081-exec-6] INFO  c.m.b.k.service.DynamicRouteService - Fetching active routes with pagination
2025-09-18 18:37:28 [http-nio-8081-exec-9] DEBUG o.s.w.f.CommonsRequestLoggingFilter - Before request [GET /api/groups-receivers, client=0:0:0:0:0:0:0:1, user=admin@mail.com]
2025-09-18 18:37:28 [http-nio-8081-exec-9] DEBUG o.s.web.servlet.DispatcherServlet - GET "/api/groups-receivers", parameters={}
2025-09-18 18:37:28 [http-nio-8081-exec-9] DEBUG o.s.w.s.m.m.a.RequestMappingHandlerMapping - Mapped to com.middleware.backend.notification.controller.groupReceiverController#getUnlinkedGroups()
2025-09-18 18:37:28 [http-nio-8081-exec-6] DEBUG o.s.w.f.CommonsRequestLoggingFilter - Before request [GET /api/groups-receivers/all?search=, client=0:0:0:0:0:0:0:1, user=admin@mail.com]
2025-09-18 18:37:28 [http-nio-8081-exec-10] DEBUG o.s.w.f.CommonsRequestLoggingFilter - Before request [GET /api/groups-receivers/table?page=0&size=10&sortedBy=updatedAt&sortDirection=desc, client=0:0:0:0:0:0:0:1, user=admin@mail.com]
2025-09-18 18:37:28 [http-nio-8081-exec-6] DEBUG o.s.web.servlet.DispatcherServlet - GET "/api/groups-receivers/all?search=", parameters={masked}
2025-09-18 18:37:28 [http-nio-8081-exec-10] DEBUG o.s.web.servlet.DispatcherServlet - GET "/api/groups-receivers/table?page=0&size=10&sortedBy=updatedAt&sortDirection=desc", parameters={masked}
2025-09-18 18:37:28 [http-nio-8081-exec-10] DEBUG o.s.w.s.m.m.a.RequestMappingHandlerMapping - Mapped to com.middleware.backend.notification.controller.groupReceiverController#getGroupReceivers(int, int, String, String)
2025-09-18 18:37:28 [http-nio-8081-exec-6] DEBUG o.s.w.s.m.m.a.RequestMappingHandlerMapping - Mapped to com.middleware.backend.notification.controller.groupReceiverController#getAllReceivers(String)
2025-09-18 18:37:28 [http-nio-8081-exec-9] DEBUG o.s.w.s.m.m.a.HttpEntityMethodProcessor - Using 'application/json', given [*/*] and supported [application/json, application/*+json, application/yaml]
2025-09-18 18:37:28 [http-nio-8081-exec-9] DEBUG o.s.w.s.m.m.a.HttpEntityMethodProcessor - Writing [[GroupRequest(id=1, groupName=سي)]]
2025-09-18 18:37:28 [http-nio-8081-exec-9] DEBUG o.s.web.servlet.DispatcherServlet - Completed 200 OK
2025-09-18 18:37:28 [http-nio-8081-exec-9] DEBUG o.s.w.f.CommonsRequestLoggingFilter - After request [GET /api/groups-receivers, client=0:0:0:0:0:0:0:1, user=admin@mail.com]
2025-09-18 18:37:28 [http-nio-8081-exec-6] DEBUG o.s.w.s.m.m.a.HttpEntityMethodProcessor - Using 'application/json', given [*/*] and supported [application/json, application/*+json, application/yaml]
2025-09-18 18:37:28 [http-nio-8081-exec-6] DEBUG o.s.w.s.m.m.a.HttpEntityMethodProcessor - Writing [[ReceiverRequest(id=2, name=سيب)]]
2025-09-18 18:37:28 [http-nio-8081-exec-6] DEBUG o.s.web.servlet.DispatcherServlet - Completed 200 OK
2025-09-18 18:37:28 [http-nio-8081-exec-6] DEBUG o.s.w.f.CommonsRequestLoggingFilter - After request [GET /api/groups-receivers/all?search=, client=0:0:0:0:0:0:0:1, user=admin@mail.com]
2025-09-18 18:37:28 [http-nio-8081-exec-10] DEBUG o.s.w.s.m.m.a.HttpEntityMethodProcessor - Using 'application/json', given [*/*] and supported [application/json, application/*+json, application/yaml]
2025-09-18 18:37:28 [http-nio-8081-exec-10] DEBUG o.s.w.s.m.m.a.HttpEntityMethodProcessor - Writing [Page 1 of 0 containing UNKNOWN instances]
2025-09-18 18:37:28 [http-nio-8081-exec-10] DEBUG o.s.web.servlet.DispatcherServlet - Completed 200 OK
2025-09-18 18:37:28 [http-nio-8081-exec-10] DEBUG o.s.w.f.CommonsRequestLoggingFilter - After request [GET /api/groups-receivers/table?page=0&size=10&sortedBy=updatedAt&sortDirection=desc, client=0:0:0:0:0:0:0:1, user=admin@mail.com]
2025-09-18 18:37:48 [scheduling-1] INFO  c.m.b.k.service.DynamicRouteService - Starting route status sync with Camel context
2025-09-18 18:37:48 [scheduling-1] INFO  c.m.b.k.service.DynamicRouteService - Completed route status sync
2025-09-18 18:37:55 [http-nio-8081-exec-8] INFO  c.m.b.k.service.DynamicRouteService - Fetching active routes with pagination
2025-09-18 18:37:55 [http-nio-8081-exec-4] INFO  c.m.b.k.service.DynamicRouteService - Fetching active routes with pagination
2025-09-18 18:37:55 [http-nio-8081-exec-1] INFO  c.m.b.k.service.DynamicRouteService - Fetching active routes with pagination
2025-09-18 18:37:55 [http-nio-8081-exec-8] DEBUG o.s.w.f.CommonsRequestLoggingFilter - Before request [GET /api/groups-receivers/table?page=0&size=10&sortedBy=updatedAt&sortDirection=desc, client=0:0:0:0:0:0:0:1, user=admin@mail.com]
2025-09-18 18:37:55 [http-nio-8081-exec-8] DEBUG o.s.web.servlet.DispatcherServlet - GET "/api/groups-receivers/table?page=0&size=10&sortedBy=updatedAt&sortDirection=desc", parameters={masked}
2025-09-18 18:37:55 [http-nio-8081-exec-8] DEBUG o.s.w.s.m.m.a.RequestMappingHandlerMapping - Mapped to com.middleware.backend.notification.controller.groupReceiverController#getGroupReceivers(int, int, String, String)
2025-09-18 18:37:55 [http-nio-8081-exec-1] DEBUG o.s.w.f.CommonsRequestLoggingFilter - Before request [GET /api/groups-receivers, client=0:0:0:0:0:0:0:1, user=admin@mail.com]
2025-09-18 18:37:55 [http-nio-8081-exec-4] DEBUG o.s.w.f.CommonsRequestLoggingFilter - Before request [GET /api/groups-receivers/all?search=, client=0:0:0:0:0:0:0:1, user=admin@mail.com]
2025-09-18 18:37:55 [http-nio-8081-exec-1] DEBUG o.s.web.servlet.DispatcherServlet - GET "/api/groups-receivers", parameters={}
2025-09-18 18:37:55 [http-nio-8081-exec-4] DEBUG o.s.web.servlet.DispatcherServlet - GET "/api/groups-receivers/all?search=", parameters={masked}
2025-09-18 18:37:55 [http-nio-8081-exec-1] DEBUG o.s.w.s.m.m.a.RequestMappingHandlerMapping - Mapped to com.middleware.backend.notification.controller.groupReceiverController#getUnlinkedGroups()
2025-09-18 18:37:55 [http-nio-8081-exec-4] DEBUG o.s.w.s.m.m.a.RequestMappingHandlerMapping - Mapped to com.middleware.backend.notification.controller.groupReceiverController#getAllReceivers(String)
2025-09-18 18:37:55 [http-nio-8081-exec-8] DEBUG o.s.w.s.m.m.a.HttpEntityMethodProcessor - Using 'application/json', given [*/*] and supported [application/json, application/*+json, application/yaml]
2025-09-18 18:37:55 [http-nio-8081-exec-8] DEBUG o.s.w.s.m.m.a.HttpEntityMethodProcessor - Writing [Page 1 of 0 containing UNKNOWN instances]
2025-09-18 18:37:55 [http-nio-8081-exec-8] DEBUG o.s.web.servlet.DispatcherServlet - Completed 200 OK
2025-09-18 18:37:55 [http-nio-8081-exec-8] DEBUG o.s.w.f.CommonsRequestLoggingFilter - After request [GET /api/groups-receivers/table?page=0&size=10&sortedBy=updatedAt&sortDirection=desc, client=0:0:0:0:0:0:0:1, user=admin@mail.com]
2025-09-18 18:37:55 [http-nio-8081-exec-1] DEBUG o.s.w.s.m.m.a.HttpEntityMethodProcessor - Using 'application/json', given [*/*] and supported [application/json, application/*+json, application/yaml]
2025-09-18 18:37:55 [http-nio-8081-exec-1] DEBUG o.s.w.s.m.m.a.HttpEntityMethodProcessor - Writing [[GroupRequest(id=1, groupName=سي)]]
2025-09-18 18:37:55 [http-nio-8081-exec-1] DEBUG o.s.web.servlet.DispatcherServlet - Completed 200 OK
2025-09-18 18:37:55 [http-nio-8081-exec-1] DEBUG o.s.w.f.CommonsRequestLoggingFilter - After request [GET /api/groups-receivers, client=0:0:0:0:0:0:0:1, user=admin@mail.com]
2025-09-18 18:37:55 [http-nio-8081-exec-4] DEBUG o.s.w.s.m.m.a.HttpEntityMethodProcessor - Using 'application/json', given [*/*] and supported [application/json, application/*+json, application/yaml]
2025-09-18 18:37:55 [http-nio-8081-exec-4] DEBUG o.s.w.s.m.m.a.HttpEntityMethodProcessor - Writing [[ReceiverRequest(id=2, name=سيب)]]
2025-09-18 18:37:55 [http-nio-8081-exec-4] DEBUG o.s.web.servlet.DispatcherServlet - Completed 200 OK
2025-09-18 18:37:55 [http-nio-8081-exec-4] DEBUG o.s.w.f.CommonsRequestLoggingFilter - After request [GET /api/groups-receivers/all?search=, client=0:0:0:0:0:0:0:1, user=admin@mail.com]
2025-09-18 18:38:06 [http-nio-8081-exec-5] INFO  c.m.b.k.service.DynamicRouteService - Fetching active routes with pagination
2025-09-18 18:38:06 [http-nio-8081-exec-5] DEBUG o.s.w.f.CommonsRequestLoggingFilter - Before request [GET /api/groups-receivers, client=0:0:0:0:0:0:0:1, user=admin@mail.com]
2025-09-18 18:38:06 [http-nio-8081-exec-5] DEBUG o.s.web.servlet.DispatcherServlet - GET "/api/groups-receivers", parameters={}
2025-09-18 18:38:06 [http-nio-8081-exec-5] DEBUG o.s.w.s.m.m.a.RequestMappingHandlerMapping - Mapped to com.middleware.backend.notification.controller.groupReceiverController#getUnlinkedGroups()
2025-09-18 18:38:06 [http-nio-8081-exec-5] DEBUG o.s.w.s.m.m.a.HttpEntityMethodProcessor - Using 'application/json', given [*/*] and supported [application/json, application/*+json, application/yaml]
2025-09-18 18:38:06 [http-nio-8081-exec-5] DEBUG o.s.w.s.m.m.a.HttpEntityMethodProcessor - Writing [[GroupRequest(id=1, groupName=سي)]]
2025-09-18 18:38:06 [http-nio-8081-exec-5] DEBUG o.s.web.servlet.DispatcherServlet - Completed 200 OK
2025-09-18 18:38:06 [http-nio-8081-exec-5] DEBUG o.s.w.f.CommonsRequestLoggingFilter - After request [GET /api/groups-receivers, client=0:0:0:0:0:0:0:1, user=admin@mail.com]
2025-09-18 18:38:07 [http-nio-8081-exec-3] INFO  c.m.b.k.service.DynamicRouteService - Fetching active routes with pagination
2025-09-18 18:38:07 [http-nio-8081-exec-3] DEBUG o.s.w.f.CommonsRequestLoggingFilter - Before request [GET /api/groups-receivers/all?search=, client=0:0:0:0:0:0:0:1, user=admin@mail.com]
2025-09-18 18:38:07 [http-nio-8081-exec-3] DEBUG o.s.web.servlet.DispatcherServlet - GET "/api/groups-receivers/all?search=", parameters={masked}
2025-09-18 18:38:07 [http-nio-8081-exec-3] DEBUG o.s.w.s.m.m.a.RequestMappingHandlerMapping - Mapped to com.middleware.backend.notification.controller.groupReceiverController#getAllReceivers(String)
2025-09-18 18:38:07 [http-nio-8081-exec-3] DEBUG o.s.w.s.m.m.a.HttpEntityMethodProcessor - Using 'application/json', given [*/*] and supported [application/json, application/*+json, application/yaml]
2025-09-18 18:38:07 [http-nio-8081-exec-3] DEBUG o.s.w.s.m.m.a.HttpEntityMethodProcessor - Writing [[ReceiverRequest(id=2, name=سيب)]]
2025-09-18 18:38:07 [http-nio-8081-exec-3] DEBUG o.s.web.servlet.DispatcherServlet - Completed 200 OK
2025-09-18 18:38:07 [http-nio-8081-exec-3] DEBUG o.s.w.f.CommonsRequestLoggingFilter - After request [GET /api/groups-receivers/all?search=, client=0:0:0:0:0:0:0:1, user=admin@mail.com]
2025-09-18 18:38:09 [http-nio-8081-exec-2] INFO  c.m.b.k.service.DynamicRouteService - Fetching active routes with pagination
2025-09-18 18:38:09 [http-nio-8081-exec-6] INFO  c.m.b.k.service.DynamicRouteService - Fetching active routes with pagination
2025-09-18 18:38:09 [http-nio-8081-exec-8] INFO  c.m.b.k.service.DynamicRouteService - Fetching active routes with pagination
2025-09-18 18:38:09 [http-nio-8081-exec-2] DEBUG o.s.w.f.CommonsRequestLoggingFilter - Before request [GET /api/groups-receivers/all?search=%D8%A1, client=0:0:0:0:0:0:0:1, user=admin@mail.com]
2025-09-18 18:38:09 [http-nio-8081-exec-2] DEBUG o.s.web.servlet.DispatcherServlet - GET "/api/groups-receivers/all?search=%D8%A1", parameters={masked}
2025-09-18 18:38:09 [http-nio-8081-exec-2] DEBUG o.s.w.s.m.m.a.RequestMappingHandlerMapping - Mapped to com.middleware.backend.notification.controller.groupReceiverController#getAllReceivers(String)
2025-09-18 18:38:09 [http-nio-8081-exec-6] DEBUG o.s.w.f.CommonsRequestLoggingFilter - Before request [GET /api/groups-receivers/all?search=%D8%A1%D8%A4, client=0:0:0:0:0:0:0:1, user=admin@mail.com]
2025-09-18 18:38:09 [http-nio-8081-exec-6] DEBUG o.s.web.servlet.DispatcherServlet - GET "/api/groups-receivers/all?search=%D8%A1%D8%A4", parameters={masked}
2025-09-18 18:38:09 [http-nio-8081-exec-6] DEBUG o.s.w.s.m.m.a.RequestMappingHandlerMapping - Mapped to com.middleware.backend.notification.controller.groupReceiverController#getAllReceivers(String)
2025-09-18 18:38:09 [http-nio-8081-exec-2] DEBUG o.s.w.s.m.m.a.HttpEntityMethodProcessor - Using 'application/json', given [*/*] and supported [application/json, application/*+json, application/yaml]
2025-09-18 18:38:09 [http-nio-8081-exec-2] DEBUG o.s.w.s.m.m.a.HttpEntityMethodProcessor - Writing [[]]
2025-09-18 18:38:09 [http-nio-8081-exec-2] DEBUG o.s.web.servlet.DispatcherServlet - Completed 200 OK
2025-09-18 18:38:09 [http-nio-8081-exec-2] DEBUG o.s.w.f.CommonsRequestLoggingFilter - After request [GET /api/groups-receivers/all?search=%D8%A1, client=0:0:0:0:0:0:0:1, user=admin@mail.com]
2025-09-18 18:38:09 [http-nio-8081-exec-8] DEBUG o.s.w.f.CommonsRequestLoggingFilter - Before request [GET /api/groups-receivers/all?search=%D8%A1%D8%A4%D8%B1, client=0:0:0:0:0:0:0:1, user=admin@mail.com]
2025-09-18 18:38:09 [http-nio-8081-exec-8] DEBUG o.s.web.servlet.DispatcherServlet - GET "/api/groups-receivers/all?search=%D8%A1%D8%A4%D8%B1", parameters={masked}
2025-09-18 18:38:09 [http-nio-8081-exec-8] DEBUG o.s.w.s.m.m.a.RequestMappingHandlerMapping - Mapped to com.middleware.backend.notification.controller.groupReceiverController#getAllReceivers(String)
2025-09-18 18:38:09 [http-nio-8081-exec-6] DEBUG o.s.w.s.m.m.a.HttpEntityMethodProcessor - Using 'application/json', given [*/*] and supported [application/json, application/*+json, application/yaml]
2025-09-18 18:38:09 [http-nio-8081-exec-6] DEBUG o.s.w.s.m.m.a.HttpEntityMethodProcessor - Writing [[]]
2025-09-18 18:38:09 [http-nio-8081-exec-6] DEBUG o.s.web.servlet.DispatcherServlet - Completed 200 OK
2025-09-18 18:38:09 [http-nio-8081-exec-6] DEBUG o.s.w.f.CommonsRequestLoggingFilter - After request [GET /api/groups-receivers/all?search=%D8%A1%D8%A4, client=0:0:0:0:0:0:0:1, user=admin@mail.com]
2025-09-18 18:38:09 [http-nio-8081-exec-8] DEBUG o.s.w.s.m.m.a.HttpEntityMethodProcessor - Using 'application/json', given [*/*] and supported [application/json, application/*+json, application/yaml]
2025-09-18 18:38:09 [http-nio-8081-exec-8] DEBUG o.s.w.s.m.m.a.HttpEntityMethodProcessor - Writing [[]]
2025-09-18 18:38:09 [http-nio-8081-exec-8] DEBUG o.s.web.servlet.DispatcherServlet - Completed 200 OK
2025-09-18 18:38:09 [http-nio-8081-exec-8] DEBUG o.s.w.f.CommonsRequestLoggingFilter - After request [GET /api/groups-receivers/all?search=%D8%A1%D8%A4%D8%B1, client=0:0:0:0:0:0:0:1, user=admin@mail.com]
2025-09-18 18:38:13 [http-nio-8081-exec-4] INFO  c.m.b.k.service.DynamicRouteService - Fetching active routes with pagination
2025-09-18 18:38:13 [http-nio-8081-exec-4] DEBUG o.s.w.f.CommonsRequestLoggingFilter - Before request [GET /api/receivers?page=0&size=10&sortedBy=updatedAt&sortDirection=desc, client=0:0:0:0:0:0:0:1, user=admin@mail.com]
2025-09-18 18:38:13 [http-nio-8081-exec-4] DEBUG o.s.web.servlet.DispatcherServlet - GET "/api/receivers?page=0&size=10&sortedBy=updatedAt&sortDirection=desc", parameters={masked}
2025-09-18 18:38:13 [http-nio-8081-exec-4] DEBUG o.s.w.s.m.m.a.RequestMappingHandlerMapping - Mapped to com.middleware.backend.notification.controller.ReceiverController#getAll(int, int, String, String)
2025-09-18 18:38:13 [http-nio-8081-exec-4] DEBUG o.s.w.s.m.m.a.HttpEntityMethodProcessor - Using 'application/json', given [*/*] and supported [application/json, application/*+json, application/yaml]
2025-09-18 18:38:13 [http-nio-8081-exec-4] DEBUG o.s.w.s.m.m.a.HttpEntityMethodProcessor - Writing [Page 1 of 1 containing com.middleware.backend.notification.dto.ReceiverDto instances]
2025-09-18 18:38:13 [http-nio-8081-exec-4] DEBUG o.s.web.servlet.DispatcherServlet - Completed 200 OK
2025-09-18 18:38:13 [http-nio-8081-exec-4] DEBUG o.s.w.f.CommonsRequestLoggingFilter - After request [GET /api/receivers?page=0&size=10&sortedBy=updatedAt&sortDirection=desc, client=0:0:0:0:0:0:0:1, user=admin@mail.com]
2025-09-18 18:38:18 [scheduling-1] INFO  c.m.b.k.service.DynamicRouteService - Starting route status sync with Camel context
2025-09-18 18:38:18 [scheduling-1] INFO  c.m.b.k.service.DynamicRouteService - Completed route status sync
2025-09-18 18:38:35 [http-nio-8081-exec-1] INFO  c.m.b.k.service.DynamicRouteService - Fetching active routes with pagination
2025-09-18 18:38:35 [http-nio-8081-exec-1] DEBUG o.s.w.f.CommonsRequestLoggingFilter - Before request [POST /api/receivers, client=0:0:0:0:0:0:0:1, user=admin@mail.com]
2025-09-18 18:38:35 [http-nio-8081-exec-1] DEBUG o.s.web.servlet.DispatcherServlet - POST "/api/receivers", parameters={}
2025-09-18 18:38:35 [http-nio-8081-exec-1] DEBUG o.s.w.s.m.m.a.RequestMappingHandlerMapping - Mapped to com.middleware.backend.notification.controller.ReceiverController#create(ReceiverDto)
2025-09-18 18:38:35 [http-nio-8081-exec-1] DEBUG o.s.w.s.m.m.a.RequestResponseBodyMethodProcessor - Read "application/json;charset=UTF-8" to [ReceiverDto(id=null, name=D@mail.com, email=D@mail.com, phone=D@mail.com, createdBy=null, createdAt= (truncated)...]
2025-09-18 18:38:35 [http-nio-8081-exec-1] DEBUG o.s.w.s.m.m.a.HttpEntityMethodProcessor - Using 'application/json', given [*/*] and supported [application/json, application/*+json, application/yaml]
2025-09-18 18:38:35 [http-nio-8081-exec-1] DEBUG o.s.w.s.m.m.a.HttpEntityMethodProcessor - Writing [ReceiverDto(id=3, name=D@mail.com, email=D@mail.com, phone=D@mail.com, createdBy=admin@mail.com, cre (truncated)...]
2025-09-18 18:38:35 [http-nio-8081-exec-1] DEBUG o.s.web.servlet.DispatcherServlet - Completed 200 OK
2025-09-18 18:38:35 [http-nio-8081-exec-1] DEBUG o.s.w.f.CommonsRequestLoggingFilter - After request [POST /api/receivers, client=0:0:0:0:0:0:0:1, user=admin@mail.com, payload={"name":"D@mail.com","phone":"D@mail.com","email":"D@mail.com"}]
2025-09-18 18:38:36 [http-nio-8081-exec-5] INFO  c.m.b.k.service.DynamicRouteService - Fetching active routes with pagination
2025-09-18 18:38:36 [http-nio-8081-exec-5] DEBUG o.s.w.f.CommonsRequestLoggingFilter - Before request [GET /api/receivers?page=0&size=10&sortedBy=updatedAt&sortDirection=desc, client=0:0:0:0:0:0:0:1, user=admin@mail.com]
2025-09-18 18:38:36 [http-nio-8081-exec-5] DEBUG o.s.web.servlet.DispatcherServlet - GET "/api/receivers?page=0&size=10&sortedBy=updatedAt&sortDirection=desc", parameters={masked}
2025-09-18 18:38:36 [http-nio-8081-exec-5] DEBUG o.s.w.s.m.m.a.RequestMappingHandlerMapping - Mapped to com.middleware.backend.notification.controller.ReceiverController#getAll(int, int, String, String)
2025-09-18 18:38:36 [http-nio-8081-exec-5] DEBUG o.s.w.s.m.m.a.HttpEntityMethodProcessor - Using 'application/json', given [*/*] and supported [application/json, application/*+json, application/yaml]
2025-09-18 18:38:36 [http-nio-8081-exec-5] DEBUG o.s.w.s.m.m.a.HttpEntityMethodProcessor - Writing [Page 1 of 1 containing com.middleware.backend.notification.dto.ReceiverDto instances]
2025-09-18 18:38:36 [http-nio-8081-exec-5] DEBUG o.s.web.servlet.DispatcherServlet - Completed 200 OK
2025-09-18 18:38:36 [http-nio-8081-exec-5] DEBUG o.s.w.f.CommonsRequestLoggingFilter - After request [GET /api/receivers?page=0&size=10&sortedBy=updatedAt&sortDirection=desc, client=0:0:0:0:0:0:0:1, user=admin@mail.com]
2025-09-18 18:38:48 [scheduling-1] INFO  c.m.b.k.service.DynamicRouteService - Starting route status sync with Camel context
2025-09-18 18:38:48 [scheduling-1] INFO  c.m.b.k.service.DynamicRouteService - Completed route status sync
2025-09-18 18:38:48 [http-nio-8081-exec-3] INFO  c.m.b.k.service.DynamicRouteService - Fetching active routes with pagination
2025-09-18 18:38:49 [http-nio-8081-exec-3] DEBUG o.s.w.f.CommonsRequestLoggingFilter - Before request [POST /api/receivers, client=0:0:0:0:0:0:0:1, user=admin@mail.com]
2025-09-18 18:38:49 [http-nio-8081-exec-3] DEBUG o.s.web.servlet.DispatcherServlet - POST "/api/receivers", parameters={}
2025-09-18 18:38:49 [http-nio-8081-exec-3] DEBUG o.s.w.s.m.m.a.RequestMappingHandlerMapping - Mapped to com.middleware.backend.notification.controller.ReceiverController#create(ReceiverDto)
2025-09-18 18:38:49 [http-nio-8081-exec-3] DEBUG o.s.w.s.m.m.a.RequestResponseBodyMethodProcessor - Read "application/json;charset=UTF-8" to [ReceiverDto(id=null, name=zsdas@mail.com, email=zsdas@mail.com, phone=zsdas@mail.com, createdBy=null (truncated)...]
2025-09-18 18:38:49 [http-nio-8081-exec-3] DEBUG o.s.w.s.m.m.a.HttpEntityMethodProcessor - Using 'application/json', given [*/*] and supported [application/json, application/*+json, application/yaml]
2025-09-18 18:38:49 [http-nio-8081-exec-3] DEBUG o.s.w.s.m.m.a.HttpEntityMethodProcessor - Writing [ReceiverDto(id=4, name=zsdas@mail.com, email=zsdas@mail.com, phone=zsdas@mail.com, createdBy=admin@m (truncated)...]
2025-09-18 18:38:49 [http-nio-8081-exec-3] DEBUG o.s.web.servlet.DispatcherServlet - Completed 200 OK
2025-09-18 18:38:49 [http-nio-8081-exec-3] DEBUG o.s.w.f.CommonsRequestLoggingFilter - After request [POST /api/receivers, client=0:0:0:0:0:0:0:1, user=admin@mail.com, payload={"name":"zsdas@mail.com","phone":"zsdas@mail.com","email":"zsdas@mail.com"}]
2025-09-18 18:38:49 [http-nio-8081-exec-7] INFO  c.m.b.k.service.DynamicRouteService - Fetching active routes with pagination
2025-09-18 18:38:49 [http-nio-8081-exec-7] DEBUG o.s.w.f.CommonsRequestLoggingFilter - Before request [GET /api/receivers?page=0&size=10&sortedBy=updatedAt&sortDirection=desc, client=0:0:0:0:0:0:0:1, user=admin@mail.com]
2025-09-18 18:38:49 [http-nio-8081-exec-7] DEBUG o.s.web.servlet.DispatcherServlet - GET "/api/receivers?page=0&size=10&sortedBy=updatedAt&sortDirection=desc", parameters={masked}
2025-09-18 18:38:49 [http-nio-8081-exec-7] DEBUG o.s.w.s.m.m.a.RequestMappingHandlerMapping - Mapped to com.middleware.backend.notification.controller.ReceiverController#getAll(int, int, String, String)
2025-09-18 18:38:49 [http-nio-8081-exec-7] DEBUG o.s.w.s.m.m.a.HttpEntityMethodProcessor - Using 'application/json', given [*/*] and supported [application/json, application/*+json, application/yaml]
2025-09-18 18:38:49 [http-nio-8081-exec-7] DEBUG o.s.w.s.m.m.a.HttpEntityMethodProcessor - Writing [Page 1 of 1 containing com.middleware.backend.notification.dto.ReceiverDto instances]
2025-09-18 18:38:49 [http-nio-8081-exec-7] DEBUG o.s.web.servlet.DispatcherServlet - Completed 200 OK
2025-09-18 18:38:49 [http-nio-8081-exec-7] DEBUG o.s.w.f.CommonsRequestLoggingFilter - After request [GET /api/receivers?page=0&size=10&sortedBy=updatedAt&sortDirection=desc, client=0:0:0:0:0:0:0:1, user=admin@mail.com]
2025-09-18 18:38:53 [http-nio-8081-exec-10] INFO  c.m.b.k.service.DynamicRouteService - Fetching active routes with pagination
2025-09-18 18:38:53 [http-nio-8081-exec-2] INFO  c.m.b.k.service.DynamicRouteService - Fetching active routes with pagination
2025-09-18 18:38:53 [http-nio-8081-exec-9] INFO  c.m.b.k.service.DynamicRouteService - Fetching active routes with pagination
2025-09-18 18:38:53 [http-nio-8081-exec-9] DEBUG o.s.w.f.CommonsRequestLoggingFilter - Before request [GET /api/groups-receivers/table?page=0&size=10&sortedBy=updatedAt&sortDirection=desc, client=0:0:0:0:0:0:0:1, user=admin@mail.com]
2025-09-18 18:38:53 [http-nio-8081-exec-9] DEBUG o.s.web.servlet.DispatcherServlet - GET "/api/groups-receivers/table?page=0&size=10&sortedBy=updatedAt&sortDirection=desc", parameters={masked}
2025-09-18 18:38:53 [http-nio-8081-exec-9] DEBUG o.s.w.s.m.m.a.RequestMappingHandlerMapping - Mapped to com.middleware.backend.notification.controller.groupReceiverController#getGroupReceivers(int, int, String, String)
2025-09-18 18:38:53 [http-nio-8081-exec-2] DEBUG o.s.w.f.CommonsRequestLoggingFilter - Before request [GET /api/groups-receivers/all?search=, client=0:0:0:0:0:0:0:1, user=admin@mail.com]
2025-09-18 18:38:53 [http-nio-8081-exec-2] DEBUG o.s.web.servlet.DispatcherServlet - GET "/api/groups-receivers/all?search=", parameters={masked}
2025-09-18 18:38:53 [http-nio-8081-exec-2] DEBUG o.s.w.s.m.m.a.RequestMappingHandlerMapping - Mapped to com.middleware.backend.notification.controller.groupReceiverController#getAllReceivers(String)
2025-09-18 18:38:53 [http-nio-8081-exec-9] DEBUG o.s.w.s.m.m.a.HttpEntityMethodProcessor - Using 'application/json', given [*/*] and supported [application/json, application/*+json, application/yaml]
2025-09-18 18:38:53 [http-nio-8081-exec-9] DEBUG o.s.w.s.m.m.a.HttpEntityMethodProcessor - Writing [Page 1 of 0 containing UNKNOWN instances]
2025-09-18 18:38:53 [http-nio-8081-exec-10] DEBUG o.s.w.f.CommonsRequestLoggingFilter - Before request [GET /api/groups-receivers, client=0:0:0:0:0:0:0:1, user=admin@mail.com]
2025-09-18 18:38:53 [http-nio-8081-exec-9] DEBUG o.s.web.servlet.DispatcherServlet - Completed 200 OK
2025-09-18 18:38:53 [http-nio-8081-exec-10] DEBUG o.s.web.servlet.DispatcherServlet - GET "/api/groups-receivers", parameters={}
2025-09-18 18:38:53 [http-nio-8081-exec-9] DEBUG o.s.w.f.CommonsRequestLoggingFilter - After request [GET /api/groups-receivers/table?page=0&size=10&sortedBy=updatedAt&sortDirection=desc, client=0:0:0:0:0:0:0:1, user=admin@mail.com]
2025-09-18 18:38:53 [http-nio-8081-exec-10] DEBUG o.s.w.s.m.m.a.RequestMappingHandlerMapping - Mapped to com.middleware.backend.notification.controller.groupReceiverController#getUnlinkedGroups()
2025-09-18 18:38:53 [http-nio-8081-exec-2] DEBUG o.s.w.s.m.m.a.HttpEntityMethodProcessor - Using 'application/json', given [*/*] and supported [application/json, application/*+json, application/yaml]
2025-09-18 18:38:53 [http-nio-8081-exec-2] DEBUG o.s.w.s.m.m.a.HttpEntityMethodProcessor - Writing [[ReceiverRequest(id=2, name=سيب), ReceiverRequest(id=3, name=D@mail.com), ReceiverRequest(id=4, name (truncated)...]
2025-09-18 18:38:53 [http-nio-8081-exec-2] DEBUG o.s.web.servlet.DispatcherServlet - Completed 200 OK
2025-09-18 18:38:53 [http-nio-8081-exec-2] DEBUG o.s.w.f.CommonsRequestLoggingFilter - After request [GET /api/groups-receivers/all?search=, client=0:0:0:0:0:0:0:1, user=admin@mail.com]
2025-09-18 18:38:53 [http-nio-8081-exec-10] DEBUG o.s.w.s.m.m.a.HttpEntityMethodProcessor - Using 'application/json', given [*/*] and supported [application/json, application/*+json, application/yaml]
2025-09-18 18:38:53 [http-nio-8081-exec-10] DEBUG o.s.w.s.m.m.a.HttpEntityMethodProcessor - Writing [[GroupRequest(id=1, groupName=سي)]]
2025-09-18 18:38:53 [http-nio-8081-exec-10] DEBUG o.s.web.servlet.DispatcherServlet - Completed 200 OK
2025-09-18 18:38:53 [http-nio-8081-exec-10] DEBUG o.s.w.f.CommonsRequestLoggingFilter - After request [GET /api/groups-receivers, client=0:0:0:0:0:0:0:1, user=admin@mail.com]
2025-09-18 18:38:54 [http-nio-8081-exec-6] INFO  c.m.b.k.service.DynamicRouteService - Fetching active routes with pagination
2025-09-18 18:38:54 [http-nio-8081-exec-6] DEBUG o.s.w.f.CommonsRequestLoggingFilter - Before request [GET /api/groups-receivers, client=0:0:0:0:0:0:0:1, user=admin@mail.com]
2025-09-18 18:38:54 [http-nio-8081-exec-6] DEBUG o.s.web.servlet.DispatcherServlet - GET "/api/groups-receivers", parameters={}
2025-09-18 18:38:54 [http-nio-8081-exec-6] DEBUG o.s.w.s.m.m.a.RequestMappingHandlerMapping - Mapped to com.middleware.backend.notification.controller.groupReceiverController#getUnlinkedGroups()
2025-09-18 18:38:54 [http-nio-8081-exec-6] DEBUG o.s.w.s.m.m.a.HttpEntityMethodProcessor - Using 'application/json', given [*/*] and supported [application/json, application/*+json, application/yaml]
2025-09-18 18:38:54 [http-nio-8081-exec-6] DEBUG o.s.w.s.m.m.a.HttpEntityMethodProcessor - Writing [[GroupRequest(id=1, groupName=سي)]]
2025-09-18 18:38:54 [http-nio-8081-exec-6] DEBUG o.s.web.servlet.DispatcherServlet - Completed 200 OK
2025-09-18 18:38:54 [http-nio-8081-exec-6] DEBUG o.s.w.f.CommonsRequestLoggingFilter - After request [GET /api/groups-receivers, client=0:0:0:0:0:0:0:1, user=admin@mail.com]
2025-09-18 18:38:58 [http-nio-8081-exec-8] INFO  c.m.b.k.service.DynamicRouteService - Fetching active routes with pagination
2025-09-18 18:38:58 [http-nio-8081-exec-8] DEBUG o.s.w.f.CommonsRequestLoggingFilter - Before request [GET /api/groups-receivers/all?search=, client=0:0:0:0:0:0:0:1, user=admin@mail.com]
2025-09-18 18:38:58 [http-nio-8081-exec-8] DEBUG o.s.web.servlet.DispatcherServlet - GET "/api/groups-receivers/all?search=", parameters={masked}
2025-09-18 18:38:58 [http-nio-8081-exec-8] DEBUG o.s.w.s.m.m.a.RequestMappingHandlerMapping - Mapped to com.middleware.backend.notification.controller.groupReceiverController#getAllReceivers(String)
2025-09-18 18:38:58 [http-nio-8081-exec-8] DEBUG o.s.w.s.m.m.a.HttpEntityMethodProcessor - Using 'application/json', given [*/*] and supported [application/json, application/*+json, application/yaml]
2025-09-18 18:38:58 [http-nio-8081-exec-8] DEBUG o.s.w.s.m.m.a.HttpEntityMethodProcessor - Writing [[ReceiverRequest(id=2, name=سيب), ReceiverRequest(id=3, name=D@mail.com), ReceiverRequest(id=4, name (truncated)...]
2025-09-18 18:38:58 [http-nio-8081-exec-8] DEBUG o.s.web.servlet.DispatcherServlet - Completed 200 OK
2025-09-18 18:38:58 [http-nio-8081-exec-8] DEBUG o.s.w.f.CommonsRequestLoggingFilter - After request [GET /api/groups-receivers/all?search=, client=0:0:0:0:0:0:0:1, user=admin@mail.com]
2025-09-18 18:38:59 [http-nio-8081-exec-4] INFO  c.m.b.k.service.DynamicRouteService - Fetching active routes with pagination
2025-09-18 18:39:00 [http-nio-8081-exec-4] DEBUG o.s.w.f.CommonsRequestLoggingFilter - Before request [GET /api/groups-receivers/all?search=, client=0:0:0:0:0:0:0:1, user=admin@mail.com]
2025-09-18 18:39:00 [http-nio-8081-exec-4] DEBUG o.s.web.servlet.DispatcherServlet - GET "/api/groups-receivers/all?search=", parameters={masked}
2025-09-18 18:39:00 [http-nio-8081-exec-4] DEBUG o.s.w.s.m.m.a.RequestMappingHandlerMapping - Mapped to com.middleware.backend.notification.controller.groupReceiverController#getAllReceivers(String)
2025-09-18 18:39:00 [http-nio-8081-exec-4] DEBUG o.s.w.s.m.m.a.HttpEntityMethodProcessor - Using 'application/json', given [*/*] and supported [application/json, application/*+json, application/yaml]
2025-09-18 18:39:00 [http-nio-8081-exec-4] DEBUG o.s.w.s.m.m.a.HttpEntityMethodProcessor - Writing [[ReceiverRequest(id=2, name=سيب), ReceiverRequest(id=3, name=D@mail.com), ReceiverRequest(id=4, name (truncated)...]
2025-09-18 18:39:00 [http-nio-8081-exec-4] DEBUG o.s.web.servlet.DispatcherServlet - Completed 200 OK
2025-09-18 18:39:00 [http-nio-8081-exec-4] DEBUG o.s.w.f.CommonsRequestLoggingFilter - After request [GET /api/groups-receivers/all?search=, client=0:0:0:0:0:0:0:1, user=admin@mail.com]
2025-09-18 18:39:01 [http-nio-8081-exec-1] INFO  c.m.b.k.service.DynamicRouteService - Fetching active routes with pagination
2025-09-18 18:39:01 [http-nio-8081-exec-1] DEBUG o.s.w.f.CommonsRequestLoggingFilter - Before request [GET /api/groups-receivers/all?search=, client=0:0:0:0:0:0:0:1, user=admin@mail.com]
2025-09-18 18:39:01 [http-nio-8081-exec-1] DEBUG o.s.web.servlet.DispatcherServlet - GET "/api/groups-receivers/all?search=", parameters={masked}
2025-09-18 18:39:01 [http-nio-8081-exec-1] DEBUG o.s.w.s.m.m.a.RequestMappingHandlerMapping - Mapped to com.middleware.backend.notification.controller.groupReceiverController#getAllReceivers(String)
2025-09-18 18:39:01 [http-nio-8081-exec-1] DEBUG o.s.w.s.m.m.a.HttpEntityMethodProcessor - Using 'application/json', given [*/*] and supported [application/json, application/*+json, application/yaml]
2025-09-18 18:39:01 [http-nio-8081-exec-1] DEBUG o.s.w.s.m.m.a.HttpEntityMethodProcessor - Writing [[ReceiverRequest(id=2, name=سيب), ReceiverRequest(id=3, name=D@mail.com), ReceiverRequest(id=4, name (truncated)...]
2025-09-18 18:39:01 [http-nio-8081-exec-1] DEBUG o.s.web.servlet.DispatcherServlet - Completed 200 OK
2025-09-18 18:39:01 [http-nio-8081-exec-1] DEBUG o.s.w.f.CommonsRequestLoggingFilter - After request [GET /api/groups-receivers/all?search=, client=0:0:0:0:0:0:0:1, user=admin@mail.com]
2025-09-18 18:39:11 [http-nio-8081-exec-5] INFO  c.m.b.k.service.DynamicRouteService - Fetching active routes with pagination
2025-09-18 18:39:11 [http-nio-8081-exec-5] DEBUG o.s.w.f.CommonsRequestLoggingFilter - Before request [POST /api/groups-receivers, client=0:0:0:0:0:0:0:1, user=admin@mail.com]
2025-09-18 18:39:11 [http-nio-8081-exec-5] DEBUG o.s.web.servlet.DispatcherServlet - POST "/api/groups-receivers", parameters={}
2025-09-18 18:39:11 [http-nio-8081-exec-5] DEBUG o.s.w.s.m.m.a.RequestMappingHandlerMapping - Mapped to com.middleware.backend.notification.controller.groupReceiverController#addReceivers(GroupReceiversDto)
2025-09-18 18:39:11 [http-nio-8081-exec-5] DEBUG o.s.w.s.m.m.a.RequestResponseBodyMethodProcessor - Read "application/json;charset=UTF-8" to [GroupReceiversDto(id=1, receivers=[2, 3, 4])]
2025-09-18 18:39:11 [http-nio-8081-exec-5] DEBUG o.s.w.s.m.m.a.HttpEntityMethodProcessor - Using 'application/json', given [*/*] and supported [application/json, application/*+json, application/yaml]
2025-09-18 18:39:11 [http-nio-8081-exec-5] DEBUG o.s.w.s.m.m.a.HttpEntityMethodProcessor - Writing [NotificationGroupDto(id=1, name=سي, description=, receivers=null, createdBy=admin@mail.com, createdA (truncated)...]
2025-09-18 18:39:11 [http-nio-8081-exec-5] DEBUG o.s.web.servlet.DispatcherServlet - Completed 200 OK
2025-09-18 18:39:11 [http-nio-8081-exec-5] DEBUG o.s.w.f.CommonsRequestLoggingFilter - After request [POST /api/groups-receivers, client=0:0:0:0:0:0:0:1, user=admin@mail.com, payload={"id":1,"receivers":[2,3,4]}]
2025-09-18 18:39:12 [http-nio-8081-exec-3] INFO  c.m.b.k.service.DynamicRouteService - Fetching active routes with pagination
2025-09-18 18:39:12 [http-nio-8081-exec-3] DEBUG o.s.w.f.CommonsRequestLoggingFilter - Before request [GET /api/groups-receivers/table?page=0&size=10&sortedBy=updatedAt&sortDirection=desc, client=0:0:0:0:0:0:0:1, user=admin@mail.com]
2025-09-18 18:39:12 [http-nio-8081-exec-3] DEBUG o.s.web.servlet.DispatcherServlet - GET "/api/groups-receivers/table?page=0&size=10&sortedBy=updatedAt&sortDirection=desc", parameters={masked}
2025-09-18 18:39:12 [http-nio-8081-exec-3] DEBUG o.s.w.s.m.m.a.RequestMappingHandlerMapping - Mapped to com.middleware.backend.notification.controller.groupReceiverController#getGroupReceivers(int, int, String, String)
2025-09-18 18:39:12 [http-nio-8081-exec-3] DEBUG o.s.w.s.m.m.a.HttpEntityMethodProcessor - Using 'application/json', given [*/*] and supported [application/json, application/*+json, application/yaml]
2025-09-18 18:39:12 [http-nio-8081-exec-3] DEBUG o.s.w.s.m.m.a.HttpEntityMethodProcessor - Writing [Page 1 of 1 containing com.middleware.backend.notification.dto.GroupReceiversDto2 instances]
2025-09-18 18:39:12 [http-nio-8081-exec-3] DEBUG o.s.web.servlet.DispatcherServlet - Completed 200 OK
2025-09-18 18:39:12 [http-nio-8081-exec-3] DEBUG o.s.w.f.CommonsRequestLoggingFilter - After request [GET /api/groups-receivers/table?page=0&size=10&sortedBy=updatedAt&sortDirection=desc, client=0:0:0:0:0:0:0:1, user=admin@mail.com]
2025-09-18 18:39:18 [scheduling-1] INFO  c.m.b.k.service.DynamicRouteService - Starting route status sync with Camel context
2025-09-18 18:39:18 [scheduling-1] INFO  c.m.b.k.service.DynamicRouteService - Completed route status sync
2025-09-18 18:39:19 [http-nio-8081-exec-2] INFO  c.m.b.k.service.DynamicRouteService - Fetching active routes with pagination
2025-09-18 18:39:19 [http-nio-8081-exec-9] INFO  c.m.b.k.service.DynamicRouteService - Fetching active routes with pagination
2025-09-18 18:39:19 [http-nio-8081-exec-7] INFO  c.m.b.k.service.DynamicRouteService - Fetching active routes with pagination
2025-09-18 18:39:19 [http-nio-8081-exec-9] DEBUG o.s.w.f.CommonsRequestLoggingFilter - Before request [GET /api/groups-receivers, client=0:0:0:0:0:0:0:1, user=admin@mail.com]
2025-09-18 18:39:19 [http-nio-8081-exec-9] DEBUG o.s.web.servlet.DispatcherServlet - GET "/api/groups-receivers", parameters={}
2025-09-18 18:39:19 [http-nio-8081-exec-9] DEBUG o.s.w.s.m.m.a.RequestMappingHandlerMapping - Mapped to com.middleware.backend.notification.controller.groupReceiverController#getUnlinkedGroups()
2025-09-18 18:39:19 [http-nio-8081-exec-7] DEBUG o.s.w.f.CommonsRequestLoggingFilter - Before request [GET /api/groups-receivers/table?page=0&size=10&sortedBy=updatedAt&sortDirection=desc, client=0:0:0:0:0:0:0:1, user=admin@mail.com]
2025-09-18 18:39:19 [http-nio-8081-exec-7] DEBUG o.s.web.servlet.DispatcherServlet - GET "/api/groups-receivers/table?page=0&size=10&sortedBy=updatedAt&sortDirection=desc", parameters={masked}
2025-09-18 18:39:19 [http-nio-8081-exec-7] DEBUG o.s.w.s.m.m.a.RequestMappingHandlerMapping - Mapped to com.middleware.backend.notification.controller.groupReceiverController#getGroupReceivers(int, int, String, String)
2025-09-18 18:39:19 [http-nio-8081-exec-2] DEBUG o.s.w.f.CommonsRequestLoggingFilter - Before request [GET /api/groups-receivers/all?search=, client=0:0:0:0:0:0:0:1, user=admin@mail.com]
2025-09-18 18:39:19 [http-nio-8081-exec-2] DEBUG o.s.web.servlet.DispatcherServlet - GET "/api/groups-receivers/all?search=", parameters={masked}
2025-09-18 18:39:19 [http-nio-8081-exec-2] DEBUG o.s.w.s.m.m.a.RequestMappingHandlerMapping - Mapped to com.middleware.backend.notification.controller.groupReceiverController#getAllReceivers(String)
2025-09-18 18:39:19 [http-nio-8081-exec-9] DEBUG o.s.w.s.m.m.a.HttpEntityMethodProcessor - Using 'application/json', given [*/*] and supported [application/json, application/*+json, application/yaml]
2025-09-18 18:39:19 [http-nio-8081-exec-9] DEBUG o.s.w.s.m.m.a.HttpEntityMethodProcessor - Writing [[]]
2025-09-18 18:39:19 [http-nio-8081-exec-9] DEBUG o.s.web.servlet.DispatcherServlet - Completed 200 OK
2025-09-18 18:39:19 [http-nio-8081-exec-9] DEBUG o.s.w.f.CommonsRequestLoggingFilter - After request [GET /api/groups-receivers, client=0:0:0:0:0:0:0:1, user=admin@mail.com]
2025-09-18 18:39:19 [http-nio-8081-exec-7] DEBUG o.s.w.s.m.m.a.HttpEntityMethodProcessor - Using 'application/json', given [*/*] and supported [application/json, application/*+json, application/yaml]
2025-09-18 18:39:19 [http-nio-8081-exec-7] DEBUG o.s.w.s.m.m.a.HttpEntityMethodProcessor - Writing [Page 1 of 1 containing com.middleware.backend.notification.dto.GroupReceiversDto2 instances]
2025-09-18 18:39:19 [http-nio-8081-exec-7] DEBUG o.s.web.servlet.DispatcherServlet - Completed 200 OK
2025-09-18 18:39:19 [http-nio-8081-exec-7] DEBUG o.s.w.f.CommonsRequestLoggingFilter - After request [GET /api/groups-receivers/table?page=0&size=10&sortedBy=updatedAt&sortDirection=desc, client=0:0:0:0:0:0:0:1, user=admin@mail.com]
2025-09-18 18:39:19 [http-nio-8081-exec-2] DEBUG o.s.w.s.m.m.a.HttpEntityMethodProcessor - Using 'application/json', given [*/*] and supported [application/json, application/*+json, application/yaml]
2025-09-18 18:39:19 [http-nio-8081-exec-2] DEBUG o.s.w.s.m.m.a.HttpEntityMethodProcessor - Writing [[ReceiverRequest(id=2, name=سيب), ReceiverRequest(id=3, name=D@mail.com), ReceiverRequest(id=4, name (truncated)...]
2025-09-18 18:39:19 [http-nio-8081-exec-2] DEBUG o.s.web.servlet.DispatcherServlet - Completed 200 OK
2025-09-18 18:39:19 [http-nio-8081-exec-2] DEBUG o.s.w.f.CommonsRequestLoggingFilter - After request [GET /api/groups-receivers/all?search=, client=0:0:0:0:0:0:0:1, user=admin@mail.com]
2025-09-18 18:39:23 [http-nio-8081-exec-6] INFO  c.m.b.k.service.DynamicRouteService - Fetching active routes with pagination
2025-09-18 18:39:23 [http-nio-8081-exec-6] DEBUG o.s.w.f.CommonsRequestLoggingFilter - Before request [PUT /api/groups-receivers/specific, client=0:0:0:0:0:0:0:1, user=admin@mail.com]
2025-09-18 18:39:23 [http-nio-8081-exec-6] DEBUG o.s.web.servlet.DispatcherServlet - PUT "/api/groups-receivers/specific", parameters={}
2025-09-18 18:39:23 [http-nio-8081-exec-6] DEBUG o.s.w.s.m.m.a.RequestMappingHandlerMapping - Mapped to com.middleware.backend.notification.controller.groupReceiverController#updateSpecificGroupReceivers(GroupReceiversDto)
2025-09-18 18:39:23 [http-nio-8081-exec-6] DEBUG o.s.w.s.m.m.a.RequestResponseBodyMethodProcessor - Read "application/json;charset=UTF-8" to [GroupReceiversDto(id=null, receivers=[])]
2025-09-18 18:39:23 [http-nio-8081-exec-6] DEBUG o.s.w.s.m.m.a.ExceptionHandlerExceptionResolver - Using @ExceptionHandler com.middleware.backend.exception.GlobalExceptionHandler#handleRuntimeException(RuntimeException)
2025-09-18 18:39:23 [http-nio-8081-exec-6] DEBUG o.s.w.s.m.m.a.HttpEntityMethodProcessor - Using 'application/json', given [*/*] and supported [application/json, application/*+json, application/yaml]
2025-09-18 18:39:23 [http-nio-8081-exec-6] DEBUG o.s.w.s.m.m.a.HttpEntityMethodProcessor - Writing [{message=The given id must not be null, timestamp=2025-09-18T18:39:23.860618}]
2025-09-18 18:39:23 [http-nio-8081-exec-6] DEBUG o.s.w.s.m.m.a.ExceptionHandlerExceptionResolver - Resolved [org.springframework.dao.InvalidDataAccessApiUsageException: The given id must not be null]
2025-09-18 18:39:23 [http-nio-8081-exec-6] DEBUG o.s.web.servlet.DispatcherServlet - Completed 400 BAD_REQUEST
2025-09-18 18:39:23 [http-nio-8081-exec-6] DEBUG o.s.w.f.CommonsRequestLoggingFilter - After request [PUT /api/groups-receivers/specific, client=0:0:0:0:0:0:0:1, user=admin@mail.com, payload={"id":null,"receivers":[]}]
2025-09-18 18:39:36 [http-nio-8081-exec-8] INFO  c.m.b.k.service.DynamicRouteService - Fetching active routes with pagination
2025-09-18 18:39:36 [http-nio-8081-exec-8] DEBUG o.s.w.f.CommonsRequestLoggingFilter - Before request [PUT /api/groups-receivers/specific, client=0:0:0:0:0:0:0:1, user=admin@mail.com]
2025-09-18 18:39:36 [http-nio-8081-exec-8] DEBUG o.s.web.servlet.DispatcherServlet - PUT "/api/groups-receivers/specific", parameters={}
2025-09-18 18:39:36 [http-nio-8081-exec-8] DEBUG o.s.w.s.m.m.a.RequestMappingHandlerMapping - Mapped to com.middleware.backend.notification.controller.groupReceiverController#updateSpecificGroupReceivers(GroupReceiversDto)
2025-09-18 18:39:36 [http-nio-8081-exec-8] DEBUG o.s.w.s.m.m.a.RequestResponseBodyMethodProcessor - Read "application/json;charset=UTF-8" to [GroupReceiversDto(id=null, receivers=[])]
2025-09-18 18:39:36 [http-nio-8081-exec-8] DEBUG o.s.w.s.m.m.a.ExceptionHandlerExceptionResolver - Using @ExceptionHandler com.middleware.backend.exception.GlobalExceptionHandler#handleRuntimeException(RuntimeException)
2025-09-18 18:39:36 [http-nio-8081-exec-8] DEBUG o.s.w.s.m.m.a.HttpEntityMethodProcessor - Using 'application/json', given [*/*] and supported [application/json, application/*+json, application/yaml]
2025-09-18 18:39:36 [http-nio-8081-exec-8] DEBUG o.s.w.s.m.m.a.HttpEntityMethodProcessor - Writing [{message=The given id must not be null, timestamp=2025-09-18T18:39:36.635788500}]
2025-09-18 18:39:36 [http-nio-8081-exec-8] DEBUG o.s.w.s.m.m.a.ExceptionHandlerExceptionResolver - Resolved [org.springframework.dao.InvalidDataAccessApiUsageException: The given id must not be null]
2025-09-18 18:39:36 [http-nio-8081-exec-8] DEBUG o.s.web.servlet.DispatcherServlet - Completed 400 BAD_REQUEST
2025-09-18 18:39:36 [http-nio-8081-exec-8] DEBUG o.s.w.f.CommonsRequestLoggingFilter - After request [PUT /api/groups-receivers/specific, client=0:0:0:0:0:0:0:1, user=admin@mail.com, payload={"id":null,"receivers":[]}]
2025-09-18 18:39:48 [scheduling-1] INFO  c.m.b.k.service.DynamicRouteService - Starting route status sync with Camel context
2025-09-18 18:39:48 [scheduling-1] INFO  c.m.b.k.service.DynamicRouteService - Completed route status sync
2025-09-18 18:40:18 [scheduling-1] INFO  c.m.b.k.service.DynamicRouteService - Starting route status sync with Camel context
2025-09-18 18:40:18 [scheduling-1] INFO  c.m.b.k.service.DynamicRouteService - Completed route status sync
2025-09-18 18:40:48 [scheduling-1] INFO  c.m.b.k.service.DynamicRouteService - Starting route status sync with Camel context
2025-09-18 18:40:48 [scheduling-1] INFO  c.m.b.k.service.DynamicRouteService - Completed route status sync
2025-09-18 18:41:18 [scheduling-1] INFO  c.m.b.k.service.DynamicRouteService - Starting route status sync with Camel context
2025-09-18 18:41:18 [scheduling-1] INFO  c.m.b.k.service.DynamicRouteService - Completed route status sync
2025-09-18 18:41:48 [scheduling-1] INFO  c.m.b.k.service.DynamicRouteService - Starting route status sync with Camel context
2025-09-18 18:41:48 [scheduling-1] INFO  c.m.b.k.service.DynamicRouteService - Completed route status sync
2025-09-18 18:42:18 [scheduling-1] INFO  c.m.b.k.service.DynamicRouteService - Starting route status sync with Camel context
2025-09-18 18:42:18 [scheduling-1] INFO  c.m.b.k.service.DynamicRouteService - Completed route status sync
2025-09-18 18:42:48 [scheduling-1] INFO  c.m.b.k.service.DynamicRouteService - Starting route status sync with Camel context
2025-09-18 18:42:48 [scheduling-1] INFO  c.m.b.k.service.DynamicRouteService - Completed route status sync
2025-09-18 18:43:18 [scheduling-1] INFO  c.m.b.k.service.DynamicRouteService - Starting route status sync with Camel context
2025-09-18 18:43:18 [scheduling-1] INFO  c.m.b.k.service.DynamicRouteService - Completed route status sync
2025-09-18 18:43:48 [scheduling-1] INFO  c.m.b.k.service.DynamicRouteService - Starting route status sync with Camel context
2025-09-18 18:43:48 [scheduling-1] INFO  c.m.b.k.service.DynamicRouteService - Completed route status sync
2025-09-18 18:44:18 [scheduling-1] INFO  c.m.b.k.service.DynamicRouteService - Starting route status sync with Camel context
2025-09-18 18:44:18 [scheduling-1] INFO  c.m.b.k.service.DynamicRouteService - Completed route status sync
2025-09-18 18:44:48 [scheduling-1] INFO  c.m.b.k.service.DynamicRouteService - Starting route status sync with Camel context
2025-09-18 18:44:48 [scheduling-1] INFO  c.m.b.k.service.DynamicRouteService - Completed route status sync
2025-09-18 18:45:18 [scheduling-1] INFO  c.m.b.k.service.DynamicRouteService - Starting route status sync with Camel context
2025-09-18 18:45:18 [scheduling-1] INFO  c.m.b.k.service.DynamicRouteService - Completed route status sync
2025-09-18 18:45:48 [scheduling-1] INFO  c.m.b.k.service.DynamicRouteService - Starting route status sync with Camel context
2025-09-18 18:45:48 [scheduling-1] INFO  c.m.b.k.service.DynamicRouteService - Completed route status sync
2025-09-18 18:45:52 [http-nio-8081-exec-5] INFO  c.m.b.k.service.DynamicRouteService - Fetching active routes with pagination
2025-09-18 18:45:52 [http-nio-8081-exec-5] DEBUG o.s.w.f.CommonsRequestLoggingFilter - Before request [GET /api/groups-receivers/specific/%D8%B3%D9%8A, client=0:0:0:0:0:0:0:1, user=admin@mail.com]
2025-09-18 18:45:52 [http-nio-8081-exec-5] DEBUG o.s.web.servlet.DispatcherServlet - GET "/api/groups-receivers/specific/%D8%B3%D9%8A", parameters={}
2025-09-18 18:45:52 [http-nio-8081-exec-5] DEBUG o.s.w.s.m.m.a.RequestMappingHandlerMapping - Mapped to com.middleware.backend.notification.controller.groupReceiverController#getSpecificGroupReceivers(String)
2025-09-18 18:45:52 [http-nio-8081-exec-5] DEBUG o.s.w.s.m.m.a.HttpEntityMethodProcessor - Using 'application/json', given [*/*] and supported [application/json, application/*+json, application/yaml]
2025-09-18 18:45:52 [http-nio-8081-exec-5] DEBUG o.s.w.s.m.m.a.HttpEntityMethodProcessor - Writing [NotificationGroup(id=1, name=سي, description=, receivers=[Receiver(id=2, name=سيب, email=s@mial.com, (truncated)...]
2025-09-18 18:45:52 [http-nio-8081-exec-5] DEBUG o.s.web.servlet.DispatcherServlet - Completed 200 OK
2025-09-18 18:45:52 [http-nio-8081-exec-5] DEBUG o.s.w.f.CommonsRequestLoggingFilter - After request [GET /api/groups-receivers/specific/%D8%B3%D9%8A, client=0:0:0:0:0:0:0:1, user=admin@mail.com]
2025-09-18 18:45:56 [http-nio-8081-exec-3] INFO  c.m.b.k.service.DynamicRouteService - Fetching active routes with pagination
2025-09-18 18:45:56 [http-nio-8081-exec-3] DEBUG o.s.w.f.CommonsRequestLoggingFilter - Before request [GET /api/groups-receivers/specific/%D8%B3%D9%8A, client=0:0:0:0:0:0:0:1, user=admin@mail.com]
2025-09-18 18:45:56 [http-nio-8081-exec-3] DEBUG o.s.web.servlet.DispatcherServlet - GET "/api/groups-receivers/specific/%D8%B3%D9%8A", parameters={}
2025-09-18 18:45:56 [http-nio-8081-exec-3] DEBUG o.s.w.s.m.m.a.RequestMappingHandlerMapping - Mapped to com.middleware.backend.notification.controller.groupReceiverController#getSpecificGroupReceivers(String)
2025-09-18 18:45:57 [http-nio-8081-exec-3] DEBUG o.s.w.s.m.m.a.HttpEntityMethodProcessor - Using 'application/json', given [*/*] and supported [application/json, application/*+json, application/yaml]
2025-09-18 18:45:57 [http-nio-8081-exec-3] DEBUG o.s.w.s.m.m.a.HttpEntityMethodProcessor - Writing [NotificationGroup(id=1, name=سي, description=, receivers=[Receiver(id=2, name=سيب, email=s@mial.com, (truncated)...]
2025-09-18 18:45:57 [http-nio-8081-exec-3] DEBUG o.s.web.servlet.DispatcherServlet - Completed 200 OK
2025-09-18 18:45:57 [http-nio-8081-exec-3] DEBUG o.s.w.f.CommonsRequestLoggingFilter - After request [GET /api/groups-receivers/specific/%D8%B3%D9%8A, client=0:0:0:0:0:0:0:1, user=admin@mail.com]
2025-09-18 18:46:18 [scheduling-1] INFO  c.m.b.k.service.DynamicRouteService - Starting route status sync with Camel context
2025-09-18 18:46:18 [scheduling-1] INFO  c.m.b.k.service.DynamicRouteService - Completed route status sync
2025-09-18 18:46:48 [scheduling-1] INFO  c.m.b.k.service.DynamicRouteService - Starting route status sync with Camel context
2025-09-18 18:46:48 [scheduling-1] INFO  c.m.b.k.service.DynamicRouteService - Completed route status sync
2025-09-18 18:47:04 [http-nio-8081-exec-7] INFO  c.m.b.k.service.DynamicRouteService - Fetching active routes with pagination
2025-09-18 18:47:04 [http-nio-8081-exec-2] INFO  c.m.b.k.service.DynamicRouteService - Fetching active routes with pagination
2025-09-18 18:47:05 [http-nio-8081-exec-7] DEBUG o.s.w.f.CommonsRequestLoggingFilter - Before request [GET /api/groups-receivers/table?page=0&size=10&sortedBy=updatedAt&sortDirection=desc, client=0:0:0:0:0:0:0:1, user=admin@mail.com]
2025-09-18 18:47:05 [http-nio-8081-exec-7] DEBUG o.s.web.servlet.DispatcherServlet - GET "/api/groups-receivers/table?page=0&size=10&sortedBy=updatedAt&sortDirection=desc", parameters={masked}
2025-09-18 18:47:05 [http-nio-8081-exec-7] DEBUG o.s.w.s.m.m.a.RequestMappingHandlerMapping - Mapped to com.middleware.backend.notification.controller.groupReceiverController#getGroupReceivers(int, int, String, String)
2025-09-18 18:47:05 [http-nio-8081-exec-10] INFO  c.m.b.k.service.DynamicRouteService - Fetching active routes with pagination
2025-09-18 18:47:05 [http-nio-8081-exec-7] DEBUG o.s.w.s.m.m.a.HttpEntityMethodProcessor - Using 'application/json', given [*/*] and supported [application/json, application/*+json, application/yaml]
2025-09-18 18:47:05 [http-nio-8081-exec-7] DEBUG o.s.w.s.m.m.a.HttpEntityMethodProcessor - Writing [Page 1 of 1 containing com.middleware.backend.notification.dto.GroupReceiversDto2 instances]
2025-09-18 18:47:05 [http-nio-8081-exec-7] DEBUG o.s.web.servlet.DispatcherServlet - Completed 200 OK
2025-09-18 18:47:05 [http-nio-8081-exec-7] DEBUG o.s.w.f.CommonsRequestLoggingFilter - After request [GET /api/groups-receivers/table?page=0&size=10&sortedBy=updatedAt&sortDirection=desc, client=0:0:0:0:0:0:0:1, user=admin@mail.com]
2025-09-18 18:47:05 [http-nio-8081-exec-2] DEBUG o.s.w.f.CommonsRequestLoggingFilter - Before request [GET /api/groups-receivers, client=0:0:0:0:0:0:0:1, user=admin@mail.com]
2025-09-18 18:47:05 [http-nio-8081-exec-2] DEBUG o.s.web.servlet.DispatcherServlet - GET "/api/groups-receivers", parameters={}
2025-09-18 18:47:05 [http-nio-8081-exec-2] DEBUG o.s.w.s.m.m.a.RequestMappingHandlerMapping - Mapped to com.middleware.backend.notification.controller.groupReceiverController#getUnlinkedGroups()
2025-09-18 18:47:05 [http-nio-8081-exec-2] DEBUG o.s.w.s.m.m.a.HttpEntityMethodProcessor - Using 'application/json', given [*/*] and supported [application/json, application/*+json, application/yaml]
2025-09-18 18:47:05 [http-nio-8081-exec-2] DEBUG o.s.w.s.m.m.a.HttpEntityMethodProcessor - Writing [[]]
2025-09-18 18:47:05 [http-nio-8081-exec-2] DEBUG o.s.web.servlet.DispatcherServlet - Completed 200 OK
2025-09-18 18:47:05 [http-nio-8081-exec-2] DEBUG o.s.w.f.CommonsRequestLoggingFilter - After request [GET /api/groups-receivers, client=0:0:0:0:0:0:0:1, user=admin@mail.com]
2025-09-18 18:47:05 [http-nio-8081-exec-10] DEBUG o.s.w.f.CommonsRequestLoggingFilter - Before request [GET /api/groups-receivers/all?search=, client=0:0:0:0:0:0:0:1, user=admin@mail.com]
2025-09-18 18:47:05 [http-nio-8081-exec-10] DEBUG o.s.web.servlet.DispatcherServlet - GET "/api/groups-receivers/all?search=", parameters={masked}
2025-09-18 18:47:05 [http-nio-8081-exec-10] DEBUG o.s.w.s.m.m.a.RequestMappingHandlerMapping - Mapped to com.middleware.backend.notification.controller.groupReceiverController#getAllReceivers(String)
2025-09-18 18:47:05 [http-nio-8081-exec-10] DEBUG o.s.w.s.m.m.a.HttpEntityMethodProcessor - Using 'application/json', given [*/*] and supported [application/json, application/*+json, application/yaml]
2025-09-18 18:47:05 [http-nio-8081-exec-10] DEBUG o.s.w.s.m.m.a.HttpEntityMethodProcessor - Writing [[ReceiverRequest(id=2, name=سيب), ReceiverRequest(id=3, name=D@mail.com), ReceiverRequest(id=4, name (truncated)...]
2025-09-18 18:47:05 [http-nio-8081-exec-10] DEBUG o.s.web.servlet.DispatcherServlet - Completed 200 OK
2025-09-18 18:47:05 [http-nio-8081-exec-10] DEBUG o.s.w.f.CommonsRequestLoggingFilter - After request [GET /api/groups-receivers/all?search=, client=0:0:0:0:0:0:0:1, user=admin@mail.com]
2025-09-18 18:47:06 [http-nio-8081-exec-6] INFO  c.m.b.k.service.DynamicRouteService - Fetching active routes with pagination
2025-09-18 18:47:06 [http-nio-8081-exec-6] DEBUG o.s.w.f.CommonsRequestLoggingFilter - Before request [GET /api/groups-receivers, client=0:0:0:0:0:0:0:1, user=admin@mail.com]
2025-09-18 18:47:06 [http-nio-8081-exec-6] DEBUG o.s.web.servlet.DispatcherServlet - GET "/api/groups-receivers", parameters={}
2025-09-18 18:47:06 [http-nio-8081-exec-6] DEBUG o.s.w.s.m.m.a.RequestMappingHandlerMapping - Mapped to com.middleware.backend.notification.controller.groupReceiverController#getUnlinkedGroups()
2025-09-18 18:47:06 [http-nio-8081-exec-6] DEBUG o.s.w.s.m.m.a.HttpEntityMethodProcessor - Using 'application/json', given [*/*] and supported [application/json, application/*+json, application/yaml]
2025-09-18 18:47:06 [http-nio-8081-exec-6] DEBUG o.s.w.s.m.m.a.HttpEntityMethodProcessor - Writing [[]]
2025-09-18 18:47:06 [http-nio-8081-exec-6] DEBUG o.s.web.servlet.DispatcherServlet - Completed 200 OK
2025-09-18 18:47:06 [http-nio-8081-exec-6] DEBUG o.s.w.f.CommonsRequestLoggingFilter - After request [GET /api/groups-receivers, client=0:0:0:0:0:0:0:1, user=admin@mail.com]
2025-09-18 18:47:08 [http-nio-8081-exec-8] INFO  c.m.b.k.service.DynamicRouteService - Fetching active routes with pagination
2025-09-18 18:47:08 [http-nio-8081-exec-8] DEBUG o.s.w.f.CommonsRequestLoggingFilter - Before request [GET /api/groups-receivers/all?search=, client=0:0:0:0:0:0:0:1, user=admin@mail.com]
2025-09-18 18:47:08 [http-nio-8081-exec-8] DEBUG o.s.web.servlet.DispatcherServlet - GET "/api/groups-receivers/all?search=", parameters={masked}
2025-09-18 18:47:08 [http-nio-8081-exec-8] DEBUG o.s.w.s.m.m.a.RequestMappingHandlerMapping - Mapped to com.middleware.backend.notification.controller.groupReceiverController#getAllReceivers(String)
2025-09-18 18:47:08 [http-nio-8081-exec-8] DEBUG o.s.w.s.m.m.a.HttpEntityMethodProcessor - Using 'application/json', given [*/*] and supported [application/json, application/*+json, application/yaml]
2025-09-18 18:47:08 [http-nio-8081-exec-8] DEBUG o.s.w.s.m.m.a.HttpEntityMethodProcessor - Writing [[ReceiverRequest(id=2, name=سيب), ReceiverRequest(id=3, name=D@mail.com), ReceiverRequest(id=4, name (truncated)...]
2025-09-18 18:47:08 [http-nio-8081-exec-8] DEBUG o.s.web.servlet.DispatcherServlet - Completed 200 OK
2025-09-18 18:47:08 [http-nio-8081-exec-8] DEBUG o.s.w.f.CommonsRequestLoggingFilter - After request [GET /api/groups-receivers/all?search=, client=0:0:0:0:0:0:0:1, user=admin@mail.com]
2025-09-18 18:47:18 [scheduling-1] INFO  c.m.b.k.service.DynamicRouteService - Starting route status sync with Camel context
2025-09-18 18:47:18 [scheduling-1] INFO  c.m.b.k.service.DynamicRouteService - Completed route status sync
2025-09-18 18:47:48 [scheduling-1] INFO  c.m.b.k.service.DynamicRouteService - Starting route status sync with Camel context
2025-09-18 18:47:48 [scheduling-1] INFO  c.m.b.k.service.DynamicRouteService - Completed route status sync
2025-09-18 18:48:18 [scheduling-1] INFO  c.m.b.k.service.DynamicRouteService - Starting route status sync with Camel context
2025-09-18 18:48:18 [scheduling-1] INFO  c.m.b.k.service.DynamicRouteService - Completed route status sync
2025-09-18 18:48:48 [scheduling-1] INFO  c.m.b.k.service.DynamicRouteService - Starting route status sync with Camel context
2025-09-18 18:48:48 [scheduling-1] INFO  c.m.b.k.service.DynamicRouteService - Completed route status sync
2025-09-18 18:49:18 [scheduling-1] INFO  c.m.b.k.service.DynamicRouteService - Starting route status sync with Camel context
2025-09-18 18:49:18 [scheduling-1] INFO  c.m.b.k.service.DynamicRouteService - Completed route status sync
2025-09-18 18:49:48 [scheduling-1] INFO  c.m.b.k.service.DynamicRouteService - Starting route status sync with Camel context
2025-09-18 18:49:48 [scheduling-1] INFO  c.m.b.k.service.DynamicRouteService - Completed route status sync
2025-09-18 18:50:18 [scheduling-1] INFO  c.m.b.k.service.DynamicRouteService - Starting route status sync with Camel context
2025-09-18 18:50:18 [scheduling-1] INFO  c.m.b.k.service.DynamicRouteService - Completed route status sync
2025-09-18 18:50:48 [scheduling-1] INFO  c.m.b.k.service.DynamicRouteService - Starting route status sync with Camel context
2025-09-18 18:50:48 [scheduling-1] INFO  c.m.b.k.service.DynamicRouteService - Completed route status sync
2025-09-18 18:51:18 [scheduling-1] INFO  c.m.b.k.service.DynamicRouteService - Starting route status sync with Camel context
2025-09-18 18:51:18 [scheduling-1] INFO  c.m.b.k.service.DynamicRouteService - Completed route status sync
2025-09-18 18:51:48 [scheduling-1] INFO  c.m.b.k.service.DynamicRouteService - Starting route status sync with Camel context
2025-09-18 18:51:48 [scheduling-1] INFO  c.m.b.k.service.DynamicRouteService - Completed route status sync
2025-09-18 18:52:18 [scheduling-1] INFO  c.m.b.k.service.DynamicRouteService - Starting route status sync with Camel context
2025-09-18 18:52:18 [scheduling-1] INFO  c.m.b.k.service.DynamicRouteService - Completed route status sync
2025-09-18 18:52:48 [scheduling-1] INFO  c.m.b.k.service.DynamicRouteService - Starting route status sync with Camel context
2025-09-18 18:52:48 [scheduling-1] INFO  c.m.b.k.service.DynamicRouteService - Completed route status sync
2025-09-18 18:53:18 [scheduling-1] INFO  c.m.b.k.service.DynamicRouteService - Starting route status sync with Camel context
2025-09-18 18:53:18 [scheduling-1] INFO  c.m.b.k.service.DynamicRouteService - Completed route status sync
2025-09-18 18:53:48 [scheduling-1] INFO  c.m.b.k.service.DynamicRouteService - Starting route status sync with Camel context
2025-09-18 18:53:48 [scheduling-1] INFO  c.m.b.k.service.DynamicRouteService - Completed route status sync
2025-09-18 18:54:18 [scheduling-1] INFO  c.m.b.k.service.DynamicRouteService - Starting route status sync with Camel context
2025-09-18 18:54:18 [scheduling-1] INFO  c.m.b.k.service.DynamicRouteService - Completed route status sync
2025-09-18 18:54:48 [scheduling-1] INFO  c.m.b.k.service.DynamicRouteService - Starting route status sync with Camel context
2025-09-18 18:54:48 [scheduling-1] INFO  c.m.b.k.service.DynamicRouteService - Completed route status sync
2025-09-18 18:55:18 [scheduling-1] INFO  c.m.b.k.service.DynamicRouteService - Starting route status sync with Camel context
2025-09-18 18:55:18 [scheduling-1] INFO  c.m.b.k.service.DynamicRouteService - Completed route status sync
2025-09-18 18:55:48 [scheduling-1] INFO  c.m.b.k.service.DynamicRouteService - Starting route status sync with Camel context
2025-09-18 18:55:48 [scheduling-1] INFO  c.m.b.k.service.DynamicRouteService - Completed route status sync
2025-09-18 18:56:18 [scheduling-1] INFO  c.m.b.k.service.DynamicRouteService - Starting route status sync with Camel context
2025-09-18 18:56:18 [scheduling-1] INFO  c.m.b.k.service.DynamicRouteService - Completed route status sync
2025-09-18 18:56:48 [scheduling-1] INFO  c.m.b.k.service.DynamicRouteService - Starting route status sync with Camel context
2025-09-18 18:56:48 [scheduling-1] INFO  c.m.b.k.service.DynamicRouteService - Completed route status sync
2025-09-18 18:57:18 [scheduling-1] INFO  c.m.b.k.service.DynamicRouteService - Starting route status sync with Camel context
2025-09-18 18:57:18 [scheduling-1] INFO  c.m.b.k.service.DynamicRouteService - Completed route status sync
2025-09-18 18:57:48 [scheduling-1] INFO  c.m.b.k.service.DynamicRouteService - Starting route status sync with Camel context
2025-09-18 18:57:48 [scheduling-1] INFO  c.m.b.k.service.DynamicRouteService - Completed route status sync
2025-09-18 18:58:18 [scheduling-1] INFO  c.m.b.k.service.DynamicRouteService - Starting route status sync with Camel context
2025-09-18 18:58:18 [scheduling-1] INFO  c.m.b.k.service.DynamicRouteService - Completed route status sync
2025-09-18 18:58:48 [scheduling-1] INFO  c.m.b.k.service.DynamicRouteService - Starting route status sync with Camel context
2025-09-18 18:58:48 [scheduling-1] INFO  c.m.b.k.service.DynamicRouteService - Completed route status sync
2025-09-18 18:59:18 [scheduling-1] INFO  c.m.b.k.service.DynamicRouteService - Starting route status sync with Camel context
2025-09-18 18:59:18 [scheduling-1] INFO  c.m.b.k.service.DynamicRouteService - Completed route status sync
2025-09-18 18:59:48 [scheduling-1] INFO  c.m.b.k.service.DynamicRouteService - Starting route status sync with Camel context
2025-09-18 18:59:48 [scheduling-1] INFO  c.m.b.k.service.DynamicRouteService - Completed route status sync
2025-09-18 19:00:18 [scheduling-1] INFO  c.m.b.k.service.DynamicRouteService - Starting route status sync with Camel context
2025-09-18 19:00:18 [scheduling-1] INFO  c.m.b.k.service.DynamicRouteService - Completed route status sync
2025-09-18 19:00:48 [scheduling-1] INFO  c.m.b.k.service.DynamicRouteService - Starting route status sync with Camel context
2025-09-18 19:00:48 [scheduling-1] INFO  c.m.b.k.service.DynamicRouteService - Completed route status sync
2025-09-18 19:01:18 [scheduling-1] INFO  c.m.b.k.service.DynamicRouteService - Starting route status sync with Camel context
2025-09-18 19:01:18 [scheduling-1] INFO  c.m.b.k.service.DynamicRouteService - Completed route status sync
2025-09-18 19:01:48 [scheduling-1] INFO  c.m.b.k.service.DynamicRouteService - Starting route status sync with Camel context
2025-09-18 19:01:48 [scheduling-1] INFO  c.m.b.k.service.DynamicRouteService - Completed route status sync
2025-09-18 19:02:18 [scheduling-1] INFO  c.m.b.k.service.DynamicRouteService - Starting route status sync with Camel context
2025-09-18 19:02:18 [scheduling-1] INFO  c.m.b.k.service.DynamicRouteService - Completed route status sync
2025-09-18 19:02:48 [scheduling-1] INFO  c.m.b.k.service.DynamicRouteService - Starting route status sync with Camel context
2025-09-18 19:02:48 [scheduling-1] INFO  c.m.b.k.service.DynamicRouteService - Completed route status sync
2025-09-18 19:03:18 [scheduling-1] INFO  c.m.b.k.service.DynamicRouteService - Starting route status sync with Camel context
2025-09-18 19:03:18 [scheduling-1] INFO  c.m.b.k.service.DynamicRouteService - Completed route status sync
2025-09-18 19:03:48 [scheduling-1] INFO  c.m.b.k.service.DynamicRouteService - Starting route status sync with Camel context
2025-09-18 19:03:48 [scheduling-1] INFO  c.m.b.k.service.DynamicRouteService - Completed route status sync
2025-09-18 19:04:18 [scheduling-1] INFO  c.m.b.k.service.DynamicRouteService - Starting route status sync with Camel context
2025-09-18 19:04:18 [scheduling-1] INFO  c.m.b.k.service.DynamicRouteService - Completed route status sync
2025-09-18 19:04:48 [scheduling-1] INFO  c.m.b.k.service.DynamicRouteService - Starting route status sync with Camel context
2025-09-18 19:04:48 [scheduling-1] INFO  c.m.b.k.service.DynamicRouteService - Completed route status sync
2025-09-18 19:05:18 [scheduling-1] INFO  c.m.b.k.service.DynamicRouteService - Starting route status sync with Camel context
2025-09-18 19:05:18 [scheduling-1] INFO  c.m.b.k.service.DynamicRouteService - Completed route status sync
2025-09-18 19:05:48 [scheduling-1] INFO  c.m.b.k.service.DynamicRouteService - Starting route status sync with Camel context
2025-09-18 19:05:48 [scheduling-1] INFO  c.m.b.k.service.DynamicRouteService - Completed route status sync
2025-09-18 19:06:18 [scheduling-1] INFO  c.m.b.k.service.DynamicRouteService - Starting route status sync with Camel context
2025-09-18 19:06:18 [scheduling-1] INFO  c.m.b.k.service.DynamicRouteService - Completed route status sync
2025-09-18 19:06:48 [scheduling-1] INFO  c.m.b.k.service.DynamicRouteService - Starting route status sync with Camel context
2025-09-18 19:06:48 [scheduling-1] INFO  c.m.b.k.service.DynamicRouteService - Completed route status sync
2025-09-18 19:07:18 [scheduling-1] INFO  c.m.b.k.service.DynamicRouteService - Starting route status sync with Camel context
2025-09-18 19:07:18 [scheduling-1] INFO  c.m.b.k.service.DynamicRouteService - Completed route status sync
2025-09-18 19:07:48 [scheduling-1] INFO  c.m.b.k.service.DynamicRouteService - Starting route status sync with Camel context
2025-09-18 19:07:48 [scheduling-1] INFO  c.m.b.k.service.DynamicRouteService - Completed route status sync
2025-09-18 19:08:18 [scheduling-1] INFO  c.m.b.k.service.DynamicRouteService - Starting route status sync with Camel context
2025-09-18 19:08:18 [scheduling-1] INFO  c.m.b.k.service.DynamicRouteService - Completed route status sync
2025-09-18 19:08:48 [scheduling-1] INFO  c.m.b.k.service.DynamicRouteService - Starting route status sync with Camel context
2025-09-18 19:08:48 [scheduling-1] INFO  c.m.b.k.service.DynamicRouteService - Completed route status sync
2025-09-18 19:09:18 [scheduling-1] INFO  c.m.b.k.service.DynamicRouteService - Starting route status sync with Camel context
2025-09-18 19:09:18 [scheduling-1] INFO  c.m.b.k.service.DynamicRouteService - Completed route status sync
2025-09-18 19:09:48 [scheduling-1] INFO  c.m.b.k.service.DynamicRouteService - Starting route status sync with Camel context
2025-09-18 19:09:48 [scheduling-1] INFO  c.m.b.k.service.DynamicRouteService - Completed route status sync
2025-09-18 19:10:18 [scheduling-1] INFO  c.m.b.k.service.DynamicRouteService - Starting route status sync with Camel context
2025-09-18 19:10:18 [scheduling-1] INFO  c.m.b.k.service.DynamicRouteService - Completed route status sync
2025-09-18 19:10:48 [scheduling-1] INFO  c.m.b.k.service.DynamicRouteService - Starting route status sync with Camel context
2025-09-18 19:10:48 [scheduling-1] INFO  c.m.b.k.service.DynamicRouteService - Completed route status sync
2025-09-18 19:11:18 [scheduling-1] INFO  c.m.b.k.service.DynamicRouteService - Starting route status sync with Camel context
2025-09-18 19:11:18 [scheduling-1] INFO  c.m.b.k.service.DynamicRouteService - Completed route status sync
2025-09-18 19:11:48 [scheduling-1] INFO  c.m.b.k.service.DynamicRouteService - Starting route status sync with Camel context
2025-09-18 19:11:48 [scheduling-1] INFO  c.m.b.k.service.DynamicRouteService - Completed route status sync
2025-09-18 19:12:18 [scheduling-1] INFO  c.m.b.k.service.DynamicRouteService - Starting route status sync with Camel context
2025-09-18 19:12:18 [scheduling-1] INFO  c.m.b.k.service.DynamicRouteService - Completed route status sync
2025-09-18 19:12:48 [scheduling-1] INFO  c.m.b.k.service.DynamicRouteService - Starting route status sync with Camel context
2025-09-18 19:12:48 [scheduling-1] INFO  c.m.b.k.service.DynamicRouteService - Completed route status sync
2025-09-18 19:13:18 [scheduling-1] INFO  c.m.b.k.service.DynamicRouteService - Starting route status sync with Camel context
2025-09-18 19:13:18 [scheduling-1] INFO  c.m.b.k.service.DynamicRouteService - Completed route status sync
2025-09-18 19:13:48 [scheduling-1] INFO  c.m.b.k.service.DynamicRouteService - Starting route status sync with Camel context
2025-09-18 19:13:48 [scheduling-1] INFO  c.m.b.k.service.DynamicRouteService - Completed route status sync
2025-09-18 19:14:18 [scheduling-1] INFO  c.m.b.k.service.DynamicRouteService - Starting route status sync with Camel context
2025-09-18 19:14:18 [scheduling-1] INFO  c.m.b.k.service.DynamicRouteService - Completed route status sync
2025-09-18 19:14:48 [scheduling-1] INFO  c.m.b.k.service.DynamicRouteService - Starting route status sync with Camel context
2025-09-18 19:14:48 [scheduling-1] INFO  c.m.b.k.service.DynamicRouteService - Completed route status sync
2025-09-18 19:15:18 [scheduling-1] INFO  c.m.b.k.service.DynamicRouteService - Starting route status sync with Camel context
2025-09-18 19:15:18 [scheduling-1] INFO  c.m.b.k.service.DynamicRouteService - Completed route status sync
2025-09-18 19:15:48 [scheduling-1] INFO  c.m.b.k.service.DynamicRouteService - Starting route status sync with Camel context
2025-09-18 19:15:48 [scheduling-1] INFO  c.m.b.k.service.DynamicRouteService - Completed route status sync
2025-09-18 19:16:18 [scheduling-1] INFO  c.m.b.k.service.DynamicRouteService - Starting route status sync with Camel context
2025-09-18 19:16:18 [scheduling-1] INFO  c.m.b.k.service.DynamicRouteService - Completed route status sync
2025-09-18 19:16:48 [scheduling-1] INFO  c.m.b.k.service.DynamicRouteService - Starting route status sync with Camel context
2025-09-18 19:16:48 [scheduling-1] INFO  c.m.b.k.service.DynamicRouteService - Completed route status sync
2025-09-18 19:17:18 [scheduling-1] INFO  c.m.b.k.service.DynamicRouteService - Starting route status sync with Camel context
2025-09-18 19:17:18 [scheduling-1] INFO  c.m.b.k.service.DynamicRouteService - Completed route status sync
2025-09-18 19:17:48 [scheduling-1] INFO  c.m.b.k.service.DynamicRouteService - Starting route status sync with Camel context
2025-09-18 19:17:48 [scheduling-1] INFO  c.m.b.k.service.DynamicRouteService - Completed route status sync
2025-09-18 19:18:18 [scheduling-1] INFO  c.m.b.k.service.DynamicRouteService - Starting route status sync with Camel context
2025-09-18 19:18:18 [scheduling-1] INFO  c.m.b.k.service.DynamicRouteService - Completed route status sync
2025-09-18 19:18:48 [scheduling-1] INFO  c.m.b.k.service.DynamicRouteService - Starting route status sync with Camel context
2025-09-18 19:18:48 [scheduling-1] INFO  c.m.b.k.service.DynamicRouteService - Completed route status sync
2025-09-18 19:19:18 [scheduling-1] INFO  c.m.b.k.service.DynamicRouteService - Starting route status sync with Camel context
2025-09-18 19:19:18 [scheduling-1] INFO  c.m.b.k.service.DynamicRouteService - Completed route status sync
2025-09-18 19:19:48 [scheduling-1] INFO  c.m.b.k.service.DynamicRouteService - Starting route status sync with Camel context
2025-09-18 19:19:48 [scheduling-1] INFO  c.m.b.k.service.DynamicRouteService - Completed route status sync
2025-09-18 19:20:18 [scheduling-1] INFO  c.m.b.k.service.DynamicRouteService - Starting route status sync with Camel context
2025-09-18 19:20:18 [scheduling-1] INFO  c.m.b.k.service.DynamicRouteService - Completed route status sync
2025-09-18 19:20:48 [scheduling-1] INFO  c.m.b.k.service.DynamicRouteService - Starting route status sync with Camel context
2025-09-18 19:20:48 [scheduling-1] INFO  c.m.b.k.service.DynamicRouteService - Completed route status sync
2025-09-18 19:21:18 [scheduling-1] INFO  c.m.b.k.service.DynamicRouteService - Starting route status sync with Camel context
2025-09-18 19:21:18 [scheduling-1] INFO  c.m.b.k.service.DynamicRouteService - Completed route status sync
2025-09-18 19:21:48 [scheduling-1] INFO  c.m.b.k.service.DynamicRouteService - Starting route status sync with Camel context
2025-09-18 19:21:48 [scheduling-1] INFO  c.m.b.k.service.DynamicRouteService - Completed route status sync
2025-09-18 19:22:18 [scheduling-1] INFO  c.m.b.k.service.DynamicRouteService - Starting route status sync with Camel context
2025-09-18 19:22:18 [scheduling-1] INFO  c.m.b.k.service.DynamicRouteService - Completed route status sync
2025-09-18 19:22:48 [scheduling-1] INFO  c.m.b.k.service.DynamicRouteService - Starting route status sync with Camel context
2025-09-18 19:22:48 [scheduling-1] INFO  c.m.b.k.service.DynamicRouteService - Completed route status sync
2025-09-18 19:23:18 [scheduling-1] INFO  c.m.b.k.service.DynamicRouteService - Starting route status sync with Camel context
2025-09-18 19:23:18 [scheduling-1] INFO  c.m.b.k.service.DynamicRouteService - Completed route status sync
2025-09-18 19:23:48 [scheduling-1] INFO  c.m.b.k.service.DynamicRouteService - Starting route status sync with Camel context
2025-09-18 19:23:48 [scheduling-1] INFO  c.m.b.k.service.DynamicRouteService - Completed route status sync
2025-09-18 19:27:39 [scheduling-1] INFO  c.m.b.k.service.DynamicRouteService - Starting route status sync with Camel context
2025-09-18 19:27:39 [scheduling-1] INFO  c.m.b.k.service.DynamicRouteService - Completed route status sync
2025-09-18 19:27:39 [scheduling-1] INFO  c.m.b.k.service.DynamicRouteService - Starting route status sync with Camel context
2025-09-18 19:27:39 [scheduling-1] INFO  c.m.b.k.service.DynamicRouteService - Completed route status sync
2025-09-18 19:27:40 [scheduling-1] INFO  c.m.b.k.service.DynamicRouteService - Starting route status sync with Camel context
2025-09-18 19:27:40 [scheduling-1] INFO  c.m.b.k.service.DynamicRouteService - Completed route status sync
2025-09-18 19:27:40 [scheduling-1] INFO  c.m.b.k.service.DynamicRouteService - Starting route status sync with Camel context
2025-09-18 19:27:40 [scheduling-1] INFO  c.m.b.k.service.DynamicRouteService - Completed route status sync
2025-09-18 19:27:40 [scheduling-1] INFO  c.m.b.k.service.DynamicRouteService - Starting route status sync with Camel context
2025-09-18 19:27:40 [scheduling-1] INFO  c.m.b.k.service.DynamicRouteService - Completed route status sync
2025-09-18 19:27:40 [scheduling-1] INFO  c.m.b.k.service.DynamicRouteService - Starting route status sync with Camel context
2025-09-18 19:27:40 [scheduling-1] INFO  c.m.b.k.service.DynamicRouteService - Completed route status sync
2025-09-18 19:27:40 [scheduling-1] INFO  c.m.b.k.service.DynamicRouteService - Starting route status sync with Camel context
2025-09-18 19:27:40 [scheduling-1] INFO  c.m.b.k.service.DynamicRouteService - Completed route status sync
2025-09-18 19:27:45 [SpringApplicationShutdownHook] INFO  org.quartz.core.QuartzScheduler - Scheduler quartzScheduler_$_NON_CLUSTERED paused.
2025-09-18 19:27:45 [SpringApplicationShutdownHook] INFO  o.a.c.i.engine.AbstractCamelContext - Apache Camel 4.4.0 (camel-1) is shutting down (timeout:45s)
2025-09-18 19:27:45 [SpringApplicationShutdownHook] INFO  o.a.c.i.engine.AbstractCamelContext - Routes stopped (stopped:1)
2025-09-18 19:27:45 [SpringApplicationShutdownHook] INFO  o.a.c.i.engine.AbstractCamelContext -     Stopped dhis2-hakeem-route (rest://post:/dhis2/dataset)
2025-09-18 19:27:45 [SpringApplicationShutdownHook] INFO  o.a.c.i.engine.AbstractCamelContext - Apache Camel 4.4.0 (camel-1) shutdown in 45ms (uptime:2h1m)
2025-09-18 19:27:45 [SpringApplicationShutdownHook] INFO  org.quartz.core.QuartzScheduler - Scheduler quartzScheduler_$_NON_CLUSTERED shutting down.
2025-09-18 19:27:45 [SpringApplicationShutdownHook] INFO  org.quartz.core.QuartzScheduler - Scheduler quartzScheduler_$_NON_CLUSTERED paused.
2025-09-18 19:27:45 [SpringApplicationShutdownHook] INFO  org.quartz.core.QuartzScheduler - Scheduler quartzScheduler_$_NON_CLUSTERED shutdown complete.
2025-09-18 19:27:45 [SpringApplicationShutdownHook] INFO  o.a.c.c.s.CamelHttpTransportServlet - Destroyed CamelHttpTransportServlet[CamelServlet]
2025-09-18 19:29:17 [background-preinit] INFO  o.h.validator.internal.util.Version - HV000001: Hibernate Validator 8.0.2.Final
2025-09-18 19:29:17 [main] INFO  c.middleware.MiddlewareApplication - Starting MiddlewareApplication using Java 23-valhalla with PID 3316 (C:\Users\omard\Desktop\Work\back-end\target\classes started by omard in C:\Users\omard\Desktop\Work\back-end)
2025-09-18 19:29:17 [main] INFO  c.middleware.MiddlewareApplication - No active profile set, falling back to 1 default profile: "default"
2025-09-18 19:29:20 [main] INFO  o.a.coyote.http11.Http11NioProtocol - Initializing ProtocolHandler ["http-nio-8081"]
2025-09-18 19:29:20 [main] INFO  o.a.catalina.core.StandardService - Starting service [Tomcat]
2025-09-18 19:29:20 [main] INFO  o.a.catalina.core.StandardEngine - Starting Servlet engine: [Apache Tomcat/10.1.39]
2025-09-18 19:29:20 [main] INFO  o.a.c.c.C.[Tomcat].[localhost].[/] - Initializing Spring embedded WebApplicationContext
2025-09-18 19:29:20 [main] INFO  o.h.jpa.internal.util.LogHelper - HHH000204: Processing PersistenceUnitInfo [name: default]
2025-09-18 19:29:21 [main] INFO  org.hibernate.Version - HHH000412: Hibernate ORM core version 6.6.11.Final
2025-09-18 19:29:21 [main] INFO  o.h.c.i.RegionFactoryInitiator - HHH000026: Second-level cache disabled
2025-09-18 19:29:21 [main] WARN  org.hibernate.orm.deprecation - HHH90000025: PostgreSQLDialect does not need to be specified explicitly using 'hibernate.dialect' (remove the property setting and it will be selected by default)
2025-09-18 19:29:21 [main] INFO  o.hibernate.orm.connections.pooling - HHH10001005: Database info:
	Database JDBC URL [Connecting through datasource 'org.springframework.jdbc.datasource.DriverManagerDataSource@4687366b']
	Database driver: undefined/unknown
	Database version: 17.4
	Autocommit mode: undefined/unknown
	Isolation level: undefined/unknown
	Minimum pool size: undefined/unknown
	Maximum pool size: undefined/unknown
2025-09-18 19:29:23 [main] INFO  o.h.e.t.j.p.i.JtaPlatformInitiator - HHH000489: No JTA platform available (set 'hibernate.transaction.jta.platform' to enable JTA platform integration)
2025-09-18 19:29:24 [main] INFO  o.a.camel.util.concurrent.ThreadType - The type of thread detected is PLATFORM
2025-09-18 19:29:25 [main] DEBUG o.s.w.f.ServerHttpObservationFilter - Filter 'webMvcObservationFilter' configured for use
2025-09-18 19:29:25 [main] DEBUG o.s.w.f.CommonsRequestLoggingFilter - Filter 'logFilter' configured for use
2025-09-18 19:29:25 [main] DEBUG c.m.b.users.config.JwtRequestFilter - Filter 'jwtRequestFilter' configured for use
2025-09-18 19:29:26 [main] INFO  org.quartz.impl.StdSchedulerFactory - Using default implementation for ThreadExecutor
2025-09-18 19:29:26 [main] INFO  o.quartz.core.SchedulerSignalerImpl - Initialized Scheduler Signaller of type: class org.quartz.core.SchedulerSignalerImpl
2025-09-18 19:29:26 [main] INFO  org.quartz.core.QuartzScheduler - Quartz Scheduler v.2.3.2 created.
2025-09-18 19:29:26 [main] INFO  org.quartz.simpl.RAMJobStore - RAMJobStore initialized.
2025-09-18 19:29:26 [main] INFO  org.quartz.core.QuartzScheduler - Scheduler meta-data: Quartz Scheduler (v2.3.2) 'quartzScheduler' with instanceId 'NON_CLUSTERED'
  Scheduler class: 'org.quartz.core.QuartzScheduler' - running locally.
  NOT STARTED.
  Currently in standby mode.
  Number of jobs executed: 0
  Using thread pool 'org.quartz.simpl.SimpleThreadPool' - with 10 threads.
  Using job-store 'org.quartz.simpl.RAMJobStore' - which does not support persistence. and is not clustered.

2025-09-18 19:29:26 [main] INFO  org.quartz.impl.StdSchedulerFactory - Quartz scheduler 'quartzScheduler' initialized from an externally provided properties instance.
2025-09-18 19:29:26 [main] INFO  org.quartz.impl.StdSchedulerFactory - Quartz scheduler version: 2.3.2
2025-09-18 19:29:26 [main] INFO  org.quartz.core.QuartzScheduler - JobFactory set to: org.springframework.scheduling.quartz.SpringBeanJobFactory@6903fcd3
2025-09-18 19:29:26 [main] INFO  c.m.b.k.i.Dhis2HeaderFilterConfig - === Configuring DHIS2 Header Filter (Static Test) ===
2025-09-18 19:29:26 [main] INFO  c.m.b.k.i.Dhis2HeaderFilterConfig - DHIS2 Header Filter configured - allowing most headers for testing
2025-09-18 19:29:27 [main] DEBUG o.s.w.s.m.m.a.RequestMappingHandlerMapping - 124 mappings in 'requestMappingHandlerMapping'
2025-09-18 19:29:27 [main] DEBUG o.s.w.s.h.SimpleUrlHandlerMapping - Patterns [/webjars/**, /**, /swagger-ui*/*swagger-initializer.js, /swagger-ui*/**] in 'resourceHandlerMapping'
2025-09-18 19:29:27 [main] DEBUG o.s.w.s.m.m.a.RequestMappingHandlerAdapter - ControllerAdvice beans: 0 @ModelAttribute, 0 @InitBinder, 1 RequestBodyAdvice, 1 ResponseBodyAdvice
2025-09-18 19:29:28 [main] DEBUG o.s.w.s.m.m.a.ExceptionHandlerExceptionResolver - ControllerAdvice beans: 2 @ExceptionHandler, 1 ResponseBodyAdvice
2025-09-18 19:29:29 [main] INFO  o.a.coyote.http11.Http11NioProtocol - Starting ProtocolHandler ["http-nio-8081"]
2025-09-18 19:29:29 [main] INFO  o.a.c.c.s.CamelHttpTransportServlet - Initialized CamelHttpTransportServlet[name=CamelServlet, contextPath=]
2025-09-18 19:29:29 [main] INFO  org.quartz.core.QuartzScheduler - Scheduler quartzScheduler_$_NON_CLUSTERED started.
2025-09-18 19:29:29 [main] INFO  o.a.c.i.engine.AbstractCamelContext - Apache Camel 4.4.0 (camel-1) is starting
2025-09-18 19:29:29 [main] INFO  o.a.c.i.engine.AbstractCamelContext - Routes startup (started:0)
2025-09-18 19:29:29 [main] INFO  o.a.c.i.engine.AbstractCamelContext - Apache Camel 4.4.0 (camel-1) started in 6ms (build:0ms init:0ms start:6ms)
2025-09-18 19:29:29 [main] INFO  c.middleware.MiddlewareApplication - Started MiddlewareApplication in 12.403 seconds (process running for 13.481)
2025-09-18 19:29:29 [scheduling-1] INFO  c.m.b.k.service.DynamicRouteService - Starting route status sync with Camel context
2025-09-18 19:29:29 [main] INFO  c.m.b.k.service.SequenceFixService - Fixing sequence for integration_mapping.id ...
2025-09-18 19:29:29 [scheduling-1] INFO  com.middleware.dhis2.Dhis2Component - Dhis2Component initialized.
2025-09-18 19:29:29 [scheduling-1] INFO  com.middleware.dhis2.Dhis2Endpoint - Dhis2Endpoint created for URI: hakeem://process with operation: process
2025-09-18 19:29:29 [scheduling-1] INFO  com.middleware.dhis2.Dhis2Component - Dhis2Service successfully looked up from Camel registry.
2025-09-18 19:29:29 [scheduling-1] INFO  com.middleware.dhis2.Dhis2Component - Created Dhis2Endpoint: hakeem://process
2025-09-18 19:29:29 [scheduling-1] INFO  com.middleware.dhis2.Dhis2Endpoint - Creating Dhis2Producer for endpoint: hakeem://process with operation: process
2025-09-18 19:29:29 [scheduling-1] INFO  c.m.b.k.service.DynamicRouteService - Re-added route dhis2-hakeem-route to context (DB says active)
2025-09-18 19:29:29 [scheduling-1] INFO  c.m.b.k.service.DynamicRouteService - Completed route status sync
2025-09-18 19:29:29 [main] INFO  c.m.b.k.service.SequenceFixService - Sequence public.integration_mapping_id_seq initialized. setval returned 1
2025-09-18 19:29:29 [main] INFO  c.m.b.k.service.SequenceFixService - Sequence fix done.
2025-09-18 19:29:29 [RMI TCP Connection(2)-192.168.88.6] INFO  o.a.c.c.C.[Tomcat].[localhost].[/] - Initializing Spring DispatcherServlet 'dispatcherServlet'
2025-09-18 19:29:29 [RMI TCP Connection(2)-192.168.88.6] INFO  o.s.web.servlet.DispatcherServlet - Initializing Servlet 'dispatcherServlet'
2025-09-18 19:29:29 [RMI TCP Connection(2)-192.168.88.6] DEBUG o.s.web.servlet.DispatcherServlet - Detected StandardServletMultipartResolver
2025-09-18 19:29:29 [RMI TCP Connection(2)-192.168.88.6] DEBUG o.s.web.servlet.DispatcherServlet - Detected AcceptHeaderLocaleResolver
2025-09-18 19:29:29 [RMI TCP Connection(2)-192.168.88.6] DEBUG o.s.web.servlet.DispatcherServlet - Detected FixedThemeResolver
2025-09-18 19:29:29 [RMI TCP Connection(2)-192.168.88.6] DEBUG o.s.web.servlet.DispatcherServlet - Detected org.springframework.web.servlet.view.DefaultRequestToViewNameTranslator@578d4551
2025-09-18 19:29:29 [RMI TCP Connection(2)-192.168.88.6] DEBUG o.s.web.servlet.DispatcherServlet - Detected org.springframework.web.servlet.support.SessionFlashMapManager@15aae3b6
2025-09-18 19:29:29 [RMI TCP Connection(2)-192.168.88.6] DEBUG o.s.web.servlet.DispatcherServlet - enableLoggingRequestDetails='false': request parameters and headers will be masked to prevent unsafe logging of potentially sensitive data
2025-09-18 19:29:29 [RMI TCP Connection(2)-192.168.88.6] INFO  o.s.web.servlet.DispatcherServlet - Completed initialization in 3 ms
2025-09-18 19:29:59 [scheduling-1] INFO  c.m.b.k.service.DynamicRouteService - Starting route status sync with Camel context
2025-09-18 19:29:59 [scheduling-1] INFO  c.m.b.k.service.DynamicRouteService - Completed route status sync
2025-09-18 19:30:29 [scheduling-1] INFO  c.m.b.k.service.DynamicRouteService - Starting route status sync with Camel context
2025-09-18 19:30:29 [scheduling-1] INFO  c.m.b.k.service.DynamicRouteService - Completed route status sync
2025-09-18 19:30:59 [scheduling-1] INFO  c.m.b.k.service.DynamicRouteService - Starting route status sync with Camel context
2025-09-18 19:30:59 [scheduling-1] INFO  c.m.b.k.service.DynamicRouteService - Completed route status sync
2025-09-18 19:31:29 [scheduling-1] INFO  c.m.b.k.service.DynamicRouteService - Starting route status sync with Camel context
2025-09-18 19:31:29 [scheduling-1] INFO  c.m.b.k.service.DynamicRouteService - Completed route status sync
2025-09-18 19:31:59 [scheduling-1] INFO  c.m.b.k.service.DynamicRouteService - Starting route status sync with Camel context
2025-09-18 19:31:59 [scheduling-1] INFO  c.m.b.k.service.DynamicRouteService - Completed route status sync
2025-09-18 19:32:29 [scheduling-1] INFO  c.m.b.k.service.DynamicRouteService - Starting route status sync with Camel context
2025-09-18 19:32:29 [scheduling-1] INFO  c.m.b.k.service.DynamicRouteService - Completed route status sync
2025-09-18 19:32:59 [scheduling-1] INFO  c.m.b.k.service.DynamicRouteService - Starting route status sync with Camel context
2025-09-18 19:32:59 [scheduling-1] INFO  c.m.b.k.service.DynamicRouteService - Completed route status sync
2025-09-18 19:33:29 [scheduling-1] INFO  c.m.b.k.service.DynamicRouteService - Starting route status sync with Camel context
2025-09-18 19:33:29 [scheduling-1] INFO  c.m.b.k.service.DynamicRouteService - Completed route status sync
2025-09-18 19:33:59 [scheduling-1] INFO  c.m.b.k.service.DynamicRouteService - Starting route status sync with Camel context
2025-09-18 19:33:59 [scheduling-1] INFO  c.m.b.k.service.DynamicRouteService - Completed route status sync
2025-09-18 19:34:29 [scheduling-1] INFO  c.m.b.k.service.DynamicRouteService - Starting route status sync with Camel context
2025-09-18 19:34:29 [scheduling-1] INFO  c.m.b.k.service.DynamicRouteService - Completed route status sync
2025-09-18 19:34:59 [scheduling-1] INFO  c.m.b.k.service.DynamicRouteService - Starting route status sync with Camel context
2025-09-18 19:34:59 [scheduling-1] INFO  c.m.b.k.service.DynamicRouteService - Completed route status sync
2025-09-18 19:35:29 [scheduling-1] INFO  c.m.b.k.service.DynamicRouteService - Starting route status sync with Camel context
2025-09-18 19:35:29 [scheduling-1] INFO  c.m.b.k.service.DynamicRouteService - Completed route status sync
2025-09-18 19:35:59 [scheduling-1] INFO  c.m.b.k.service.DynamicRouteService - Starting route status sync with Camel context
2025-09-18 19:35:59 [scheduling-1] INFO  c.m.b.k.service.DynamicRouteService - Completed route status sync
2025-09-18 19:36:29 [scheduling-1] INFO  c.m.b.k.service.DynamicRouteService - Starting route status sync with Camel context
2025-09-18 19:36:29 [scheduling-1] INFO  c.m.b.k.service.DynamicRouteService - Completed route status sync
2025-09-18 19:36:59 [scheduling-1] INFO  c.m.b.k.service.DynamicRouteService - Starting route status sync with Camel context
2025-09-18 19:36:59 [scheduling-1] INFO  c.m.b.k.service.DynamicRouteService - Completed route status sync
2025-09-18 19:37:29 [scheduling-1] INFO  c.m.b.k.service.DynamicRouteService - Starting route status sync with Camel context
2025-09-18 19:37:29 [scheduling-1] INFO  c.m.b.k.service.DynamicRouteService - Completed route status sync
2025-09-18 19:37:59 [scheduling-1] INFO  c.m.b.k.service.DynamicRouteService - Starting route status sync with Camel context
2025-09-18 19:37:59 [scheduling-1] INFO  c.m.b.k.service.DynamicRouteService - Completed route status sync
2025-09-18 19:38:29 [scheduling-1] INFO  c.m.b.k.service.DynamicRouteService - Starting route status sync with Camel context
2025-09-18 19:38:29 [scheduling-1] INFO  c.m.b.k.service.DynamicRouteService - Completed route status sync
2025-09-18 19:38:59 [scheduling-1] INFO  c.m.b.k.service.DynamicRouteService - Starting route status sync with Camel context
2025-09-18 19:38:59 [scheduling-1] INFO  c.m.b.k.service.DynamicRouteService - Completed route status sync
2025-09-18 19:39:29 [scheduling-1] INFO  c.m.b.k.service.DynamicRouteService - Starting route status sync with Camel context
2025-09-18 19:39:29 [scheduling-1] INFO  c.m.b.k.service.DynamicRouteService - Completed route status sync
2025-09-18 19:39:31 [SpringApplicationShutdownHook] INFO  org.quartz.core.QuartzScheduler - Scheduler quartzScheduler_$_NON_CLUSTERED paused.
2025-09-18 19:39:31 [SpringApplicationShutdownHook] INFO  o.a.c.i.engine.AbstractCamelContext - Apache Camel 4.4.0 (camel-1) is shutting down (timeout:45s)
2025-09-18 19:39:31 [SpringApplicationShutdownHook] INFO  o.a.c.i.engine.AbstractCamelContext - Routes stopped (stopped:1)
2025-09-18 19:39:31 [SpringApplicationShutdownHook] INFO  o.a.c.i.engine.AbstractCamelContext -     Stopped dhis2-hakeem-route (rest://post:/dhis2/dataset)
2025-09-18 19:39:31 [SpringApplicationShutdownHook] INFO  o.a.c.i.engine.AbstractCamelContext - Apache Camel 4.4.0 (camel-1) shutdown in 9ms (uptime:10m2s)
2025-09-18 19:39:31 [SpringApplicationShutdownHook] INFO  org.quartz.core.QuartzScheduler - Scheduler quartzScheduler_$_NON_CLUSTERED shutting down.
2025-09-18 19:39:31 [SpringApplicationShutdownHook] INFO  org.quartz.core.QuartzScheduler - Scheduler quartzScheduler_$_NON_CLUSTERED paused.
2025-09-18 19:39:31 [SpringApplicationShutdownHook] INFO  org.quartz.core.QuartzScheduler - Scheduler quartzScheduler_$_NON_CLUSTERED shutdown complete.
2025-09-18 19:39:31 [SpringApplicationShutdownHook] INFO  o.a.c.c.s.CamelHttpTransportServlet - Destroyed CamelHttpTransportServlet[CamelServlet]
2025-09-18 19:40:26 [background-preinit] INFO  o.h.validator.internal.util.Version - HV000001: Hibernate Validator 8.0.2.Final
2025-09-18 19:40:26 [main] INFO  c.middleware.MiddlewareApplication - Starting MiddlewareApplication using Java 23-valhalla with PID 21204 (C:\Users\omard\Desktop\Work\back-end\target\classes started by omard in C:\Users\omard\Desktop\Work\back-end)
2025-09-18 19:40:26 [main] INFO  c.middleware.MiddlewareApplication - No active profile set, falling back to 1 default profile: "default"
2025-09-18 19:40:29 [main] INFO  o.a.coyote.http11.Http11NioProtocol - Initializing ProtocolHandler ["http-nio-8081"]
2025-09-18 19:40:29 [main] INFO  o.a.catalina.core.StandardService - Starting service [Tomcat]
2025-09-18 19:40:29 [main] INFO  o.a.catalina.core.StandardEngine - Starting Servlet engine: [Apache Tomcat/10.1.39]
2025-09-18 19:40:29 [main] INFO  o.a.c.c.C.[Tomcat].[localhost].[/] - Initializing Spring embedded WebApplicationContext
2025-09-18 19:40:29 [main] INFO  o.h.jpa.internal.util.LogHelper - HHH000204: Processing PersistenceUnitInfo [name: default]
2025-09-18 19:40:30 [main] INFO  org.hibernate.Version - HHH000412: Hibernate ORM core version 6.6.11.Final
2025-09-18 19:40:30 [main] INFO  o.h.c.i.RegionFactoryInitiator - HHH000026: Second-level cache disabled
2025-09-18 19:40:30 [main] WARN  org.hibernate.orm.deprecation - HHH90000025: PostgreSQLDialect does not need to be specified explicitly using 'hibernate.dialect' (remove the property setting and it will be selected by default)
2025-09-18 19:40:30 [main] INFO  o.hibernate.orm.connections.pooling - HHH10001005: Database info:
	Database JDBC URL [Connecting through datasource 'org.springframework.jdbc.datasource.DriverManagerDataSource@58a7ca42']
	Database driver: undefined/unknown
	Database version: 17.4
	Autocommit mode: undefined/unknown
	Isolation level: undefined/unknown
	Minimum pool size: undefined/unknown
	Maximum pool size: undefined/unknown
2025-09-18 19:40:32 [main] INFO  o.h.e.t.j.p.i.JtaPlatformInitiator - HHH000489: No JTA platform available (set 'hibernate.transaction.jta.platform' to enable JTA platform integration)
2025-09-18 19:40:33 [main] INFO  o.a.camel.util.concurrent.ThreadType - The type of thread detected is PLATFORM
2025-09-18 19:40:35 [main] DEBUG o.s.w.f.ServerHttpObservationFilter - Filter 'webMvcObservationFilter' configured for use
2025-09-18 19:40:35 [main] DEBUG o.s.w.f.CommonsRequestLoggingFilter - Filter 'logFilter' configured for use
2025-09-18 19:40:35 [main] DEBUG c.m.b.users.config.JwtRequestFilter - Filter 'jwtRequestFilter' configured for use
2025-09-18 19:40:35 [main] INFO  org.quartz.impl.StdSchedulerFactory - Using default implementation for ThreadExecutor
2025-09-18 19:40:35 [main] INFO  o.quartz.core.SchedulerSignalerImpl - Initialized Scheduler Signaller of type: class org.quartz.core.SchedulerSignalerImpl
2025-09-18 19:40:35 [main] INFO  org.quartz.core.QuartzScheduler - Quartz Scheduler v.2.3.2 created.
2025-09-18 19:40:35 [main] INFO  org.quartz.simpl.RAMJobStore - RAMJobStore initialized.
2025-09-18 19:40:35 [main] INFO  org.quartz.core.QuartzScheduler - Scheduler meta-data: Quartz Scheduler (v2.3.2) 'quartzScheduler' with instanceId 'NON_CLUSTERED'
  Scheduler class: 'org.quartz.core.QuartzScheduler' - running locally.
  NOT STARTED.
  Currently in standby mode.
  Number of jobs executed: 0
  Using thread pool 'org.quartz.simpl.SimpleThreadPool' - with 10 threads.
  Using job-store 'org.quartz.simpl.RAMJobStore' - which does not support persistence. and is not clustered.

2025-09-18 19:40:35 [main] INFO  org.quartz.impl.StdSchedulerFactory - Quartz scheduler 'quartzScheduler' initialized from an externally provided properties instance.
2025-09-18 19:40:35 [main] INFO  org.quartz.impl.StdSchedulerFactory - Quartz scheduler version: 2.3.2
2025-09-18 19:40:35 [main] INFO  org.quartz.core.QuartzScheduler - JobFactory set to: org.springframework.scheduling.quartz.SpringBeanJobFactory@1da0ad22
2025-09-18 19:40:36 [main] INFO  c.m.b.k.i.Dhis2HeaderFilterConfig - === Configuring DHIS2 Header Filter (Static Test) ===
2025-09-18 19:40:36 [main] INFO  c.m.b.k.i.Dhis2HeaderFilterConfig - DHIS2 Header Filter configured - allowing most headers for testing
2025-09-18 19:40:36 [main] DEBUG o.s.w.s.m.m.a.RequestMappingHandlerMapping - 126 mappings in 'requestMappingHandlerMapping'
2025-09-18 19:40:36 [main] DEBUG o.s.w.s.h.SimpleUrlHandlerMapping - Patterns [/webjars/**, /**, /swagger-ui*/*swagger-initializer.js, /swagger-ui*/**] in 'resourceHandlerMapping'
2025-09-18 19:40:37 [main] DEBUG o.s.w.s.m.m.a.RequestMappingHandlerAdapter - ControllerAdvice beans: 0 @ModelAttribute, 0 @InitBinder, 1 RequestBodyAdvice, 1 ResponseBodyAdvice
2025-09-18 19:40:37 [main] DEBUG o.s.w.s.m.m.a.ExceptionHandlerExceptionResolver - ControllerAdvice beans: 2 @ExceptionHandler, 1 ResponseBodyAdvice
2025-09-18 19:40:38 [main] INFO  o.a.coyote.http11.Http11NioProtocol - Starting ProtocolHandler ["http-nio-8081"]
2025-09-18 19:40:38 [main] INFO  o.a.c.c.s.CamelHttpTransportServlet - Initialized CamelHttpTransportServlet[name=CamelServlet, contextPath=]
2025-09-18 19:40:38 [main] INFO  org.quartz.core.QuartzScheduler - Scheduler quartzScheduler_$_NON_CLUSTERED started.
2025-09-18 19:40:38 [main] INFO  o.a.c.i.engine.AbstractCamelContext - Apache Camel 4.4.0 (camel-1) is starting
2025-09-18 19:40:38 [main] INFO  o.a.c.i.engine.AbstractCamelContext - Routes startup (started:0)
2025-09-18 19:40:38 [main] INFO  o.a.c.i.engine.AbstractCamelContext - Apache Camel 4.4.0 (camel-1) started in 6ms (build:0ms init:0ms start:6ms)
2025-09-18 19:40:38 [main] INFO  c.middleware.MiddlewareApplication - Started MiddlewareApplication in 12.246 seconds (process running for 13.506)
2025-09-18 19:40:38 [scheduling-1] INFO  c.m.b.k.service.DynamicRouteService - Starting route status sync with Camel context
2025-09-18 19:40:38 [main] INFO  c.m.b.k.service.SequenceFixService - Fixing sequence for integration_mapping.id ...
2025-09-18 19:40:38 [scheduling-1] INFO  com.middleware.dhis2.Dhis2Component - Dhis2Component initialized.
2025-09-18 19:40:38 [main] INFO  c.m.b.k.service.SequenceFixService - Sequence public.integration_mapping_id_seq initialized. setval returned 1
2025-09-18 19:40:38 [main] INFO  c.m.b.k.service.SequenceFixService - Sequence fix done.
2025-09-18 19:40:38 [scheduling-1] INFO  com.middleware.dhis2.Dhis2Endpoint - Dhis2Endpoint created for URI: hakeem://process with operation: process
2025-09-18 19:40:38 [scheduling-1] INFO  com.middleware.dhis2.Dhis2Component - Dhis2Service successfully looked up from Camel registry.
2025-09-18 19:40:38 [scheduling-1] INFO  com.middleware.dhis2.Dhis2Component - Created Dhis2Endpoint: hakeem://process
2025-09-18 19:40:38 [scheduling-1] INFO  com.middleware.dhis2.Dhis2Endpoint - Creating Dhis2Producer for endpoint: hakeem://process with operation: process
2025-09-18 19:40:38 [RMI TCP Connection(2)-192.168.88.6] INFO  o.a.c.c.C.[Tomcat].[localhost].[/] - Initializing Spring DispatcherServlet 'dispatcherServlet'
2025-09-18 19:40:38 [RMI TCP Connection(2)-192.168.88.6] INFO  o.s.web.servlet.DispatcherServlet - Initializing Servlet 'dispatcherServlet'
2025-09-18 19:40:38 [RMI TCP Connection(2)-192.168.88.6] DEBUG o.s.web.servlet.DispatcherServlet - Detected StandardServletMultipartResolver
2025-09-18 19:40:38 [RMI TCP Connection(2)-192.168.88.6] DEBUG o.s.web.servlet.DispatcherServlet - Detected AcceptHeaderLocaleResolver
2025-09-18 19:40:38 [RMI TCP Connection(2)-192.168.88.6] DEBUG o.s.web.servlet.DispatcherServlet - Detected FixedThemeResolver
2025-09-18 19:40:38 [RMI TCP Connection(2)-192.168.88.6] DEBUG o.s.web.servlet.DispatcherServlet - Detected org.springframework.web.servlet.view.DefaultRequestToViewNameTranslator@39c830cb
2025-09-18 19:40:38 [RMI TCP Connection(2)-192.168.88.6] DEBUG o.s.web.servlet.DispatcherServlet - Detected org.springframework.web.servlet.support.SessionFlashMapManager@f95a28
2025-09-18 19:40:38 [RMI TCP Connection(2)-192.168.88.6] DEBUG o.s.web.servlet.DispatcherServlet - enableLoggingRequestDetails='false': request parameters and headers will be masked to prevent unsafe logging of potentially sensitive data
2025-09-18 19:40:38 [RMI TCP Connection(2)-192.168.88.6] INFO  o.s.web.servlet.DispatcherServlet - Completed initialization in 6 ms
2025-09-18 19:40:38 [scheduling-1] INFO  c.m.b.k.service.DynamicRouteService - Re-added route dhis2-hakeem-route to context (DB says active)
2025-09-18 19:40:38 [scheduling-1] INFO  c.m.b.k.service.DynamicRouteService - Completed route status sync
2025-09-18 19:41:03 [SpringApplicationShutdownHook] INFO  org.quartz.core.QuartzScheduler - Scheduler quartzScheduler_$_NON_CLUSTERED paused.
2025-09-18 19:41:03 [SpringApplicationShutdownHook] INFO  o.a.c.i.engine.AbstractCamelContext - Apache Camel 4.4.0 (camel-1) is shutting down (timeout:45s)
2025-09-18 19:41:03 [SpringApplicationShutdownHook] INFO  o.a.c.i.engine.AbstractCamelContext - Routes stopped (stopped:1)
2025-09-18 19:41:03 [SpringApplicationShutdownHook] INFO  o.a.c.i.engine.AbstractCamelContext -     Stopped dhis2-hakeem-route (rest://post:/dhis2/dataset)
2025-09-18 19:41:03 [SpringApplicationShutdownHook] INFO  o.a.c.i.engine.AbstractCamelContext - Apache Camel 4.4.0 (camel-1) shutdown in 14ms (uptime:25s)
2025-09-18 19:41:03 [SpringApplicationShutdownHook] INFO  org.quartz.core.QuartzScheduler - Scheduler quartzScheduler_$_NON_CLUSTERED shutting down.
2025-09-18 19:41:03 [SpringApplicationShutdownHook] INFO  org.quartz.core.QuartzScheduler - Scheduler quartzScheduler_$_NON_CLUSTERED paused.
2025-09-18 19:41:03 [SpringApplicationShutdownHook] INFO  org.quartz.core.QuartzScheduler - Scheduler quartzScheduler_$_NON_CLUSTERED shutdown complete.
2025-09-18 19:41:03 [SpringApplicationShutdownHook] INFO  o.a.c.c.s.CamelHttpTransportServlet - Destroyed CamelHttpTransportServlet[CamelServlet]
2025-09-18 20:30:38 [background-preinit] INFO  o.h.validator.internal.util.Version - HV000001: Hibernate Validator 8.0.2.Final
2025-09-18 20:30:38 [main] INFO  c.middleware.MiddlewareApplication - Starting MiddlewareApplication using Java 23-valhalla with PID 30748 (C:\Users\omard\Desktop\Work\back-end\target\classes started by omard in C:\Users\omard\Desktop\Work\back-end)
2025-09-18 20:30:38 [main] INFO  c.middleware.MiddlewareApplication - No active profile set, falling back to 1 default profile: "default"
2025-09-18 20:30:42 [main] INFO  o.a.coyote.http11.Http11NioProtocol - Initializing ProtocolHandler ["http-nio-8081"]
2025-09-18 20:30:42 [main] INFO  o.a.catalina.core.StandardService - Starting service [Tomcat]
2025-09-18 20:30:42 [main] INFO  o.a.catalina.core.StandardEngine - Starting Servlet engine: [Apache Tomcat/10.1.39]
2025-09-18 20:30:43 [main] INFO  o.a.c.c.C.[Tomcat].[localhost].[/] - Initializing Spring embedded WebApplicationContext
2025-09-18 20:30:43 [main] INFO  o.h.jpa.internal.util.LogHelper - HHH000204: Processing PersistenceUnitInfo [name: default]
2025-09-18 20:30:43 [main] INFO  org.hibernate.Version - HHH000412: Hibernate ORM core version 6.6.11.Final
2025-09-18 20:30:43 [main] INFO  o.h.c.i.RegionFactoryInitiator - HHH000026: Second-level cache disabled
2025-09-18 20:30:44 [main] WARN  org.hibernate.orm.deprecation - HHH90000025: PostgreSQLDialect does not need to be specified explicitly using 'hibernate.dialect' (remove the property setting and it will be selected by default)
2025-09-18 20:30:44 [main] INFO  o.hibernate.orm.connections.pooling - HHH10001005: Database info:
	Database JDBC URL [Connecting through datasource 'org.springframework.jdbc.datasource.DriverManagerDataSource@1041ebba']
	Database driver: undefined/unknown
	Database version: 17.4
	Autocommit mode: undefined/unknown
	Isolation level: undefined/unknown
	Minimum pool size: undefined/unknown
	Maximum pool size: undefined/unknown
2025-09-18 20:30:47 [main] INFO  o.h.e.t.j.p.i.JtaPlatformInitiator - HHH000489: No JTA platform available (set 'hibernate.transaction.jta.platform' to enable JTA platform integration)
2025-09-18 20:30:49 [main] INFO  o.a.camel.util.concurrent.ThreadType - The type of thread detected is PLATFORM
2025-09-18 20:30:51 [main] DEBUG o.s.w.f.ServerHttpObservationFilter - Filter 'webMvcObservationFilter' configured for use
2025-09-18 20:30:51 [main] DEBUG o.s.w.f.CommonsRequestLoggingFilter - Filter 'logFilter' configured for use
2025-09-18 20:30:51 [main] DEBUG c.m.b.users.config.JwtRequestFilter - Filter 'jwtRequestFilter' configured for use
2025-09-18 20:30:52 [main] INFO  org.quartz.impl.StdSchedulerFactory - Using default implementation for ThreadExecutor
2025-09-18 20:30:52 [main] INFO  o.quartz.core.SchedulerSignalerImpl - Initialized Scheduler Signaller of type: class org.quartz.core.SchedulerSignalerImpl
2025-09-18 20:30:52 [main] INFO  org.quartz.core.QuartzScheduler - Quartz Scheduler v.2.3.2 created.
2025-09-18 20:30:52 [main] INFO  org.quartz.simpl.RAMJobStore - RAMJobStore initialized.
2025-09-18 20:30:52 [main] INFO  org.quartz.core.QuartzScheduler - Scheduler meta-data: Quartz Scheduler (v2.3.2) 'quartzScheduler' with instanceId 'NON_CLUSTERED'
  Scheduler class: 'org.quartz.core.QuartzScheduler' - running locally.
  NOT STARTED.
  Currently in standby mode.
  Number of jobs executed: 0
  Using thread pool 'org.quartz.simpl.SimpleThreadPool' - with 10 threads.
  Using job-store 'org.quartz.simpl.RAMJobStore' - which does not support persistence. and is not clustered.

2025-09-18 20:30:52 [main] INFO  org.quartz.impl.StdSchedulerFactory - Quartz scheduler 'quartzScheduler' initialized from an externally provided properties instance.
2025-09-18 20:30:52 [main] INFO  org.quartz.impl.StdSchedulerFactory - Quartz scheduler version: 2.3.2
2025-09-18 20:30:52 [main] INFO  org.quartz.core.QuartzScheduler - JobFactory set to: org.springframework.scheduling.quartz.SpringBeanJobFactory@773329cb
2025-09-18 20:30:52 [main] INFO  c.m.b.k.i.Dhis2HeaderFilterConfig - === Configuring DHIS2 Header Filter (Static Test) ===
2025-09-18 20:30:52 [main] INFO  c.m.b.k.i.Dhis2HeaderFilterConfig - DHIS2 Header Filter configured - allowing most headers for testing
2025-09-18 20:30:53 [main] DEBUG o.s.w.s.m.m.a.RequestMappingHandlerMapping - 126 mappings in 'requestMappingHandlerMapping'
2025-09-18 20:30:53 [main] DEBUG o.s.w.s.h.SimpleUrlHandlerMapping - Patterns [/webjars/**, /**, /swagger-ui*/*swagger-initializer.js, /swagger-ui*/**] in 'resourceHandlerMapping'
2025-09-18 20:30:54 [main] DEBUG o.s.w.s.m.m.a.RequestMappingHandlerAdapter - ControllerAdvice beans: 0 @ModelAttribute, 0 @InitBinder, 1 RequestBodyAdvice, 1 ResponseBodyAdvice
2025-09-18 20:30:54 [main] DEBUG o.s.w.s.m.m.a.ExceptionHandlerExceptionResolver - ControllerAdvice beans: 2 @ExceptionHandler, 1 ResponseBodyAdvice
2025-09-18 20:30:56 [main] INFO  o.a.coyote.http11.Http11NioProtocol - Starting ProtocolHandler ["http-nio-8081"]
2025-09-18 20:30:56 [main] INFO  o.a.c.c.s.CamelHttpTransportServlet - Initialized CamelHttpTransportServlet[name=CamelServlet, contextPath=]
2025-09-18 20:30:56 [main] INFO  org.quartz.core.QuartzScheduler - Scheduler quartzScheduler_$_NON_CLUSTERED started.
2025-09-18 20:30:56 [main] INFO  o.a.c.i.engine.AbstractCamelContext - Apache Camel 4.4.0 (camel-1) is starting
2025-09-18 20:30:56 [main] INFO  o.a.c.i.engine.AbstractCamelContext - Routes startup (started:0)
2025-09-18 20:30:56 [main] INFO  o.a.c.i.engine.AbstractCamelContext - Apache Camel 4.4.0 (camel-1) started in 19ms (build:0ms init:0ms start:19ms)
2025-09-18 20:30:56 [main] INFO  c.middleware.MiddlewareApplication - Started MiddlewareApplication in 18.32 seconds (process running for 19.837)
2025-09-18 20:30:56 [scheduling-1] INFO  c.m.b.k.service.DynamicRouteService - Starting route status sync with Camel context
2025-09-18 20:30:56 [main] INFO  c.m.b.k.service.SequenceFixService - Fixing sequence for integration_mapping.id ...
2025-09-18 20:30:56 [RMI TCP Connection(2)-192.168.88.4] INFO  o.a.c.c.C.[Tomcat].[localhost].[/] - Initializing Spring DispatcherServlet 'dispatcherServlet'
2025-09-18 20:30:56 [RMI TCP Connection(2)-192.168.88.4] INFO  o.s.web.servlet.DispatcherServlet - Initializing Servlet 'dispatcherServlet'
2025-09-18 20:30:56 [RMI TCP Connection(2)-192.168.88.4] DEBUG o.s.web.servlet.DispatcherServlet - Detected StandardServletMultipartResolver
2025-09-18 20:30:56 [RMI TCP Connection(2)-192.168.88.4] DEBUG o.s.web.servlet.DispatcherServlet - Detected AcceptHeaderLocaleResolver
2025-09-18 20:30:56 [RMI TCP Connection(2)-192.168.88.4] DEBUG o.s.web.servlet.DispatcherServlet - Detected FixedThemeResolver
2025-09-18 20:30:56 [RMI TCP Connection(2)-192.168.88.4] DEBUG o.s.web.servlet.DispatcherServlet - Detected org.springframework.web.servlet.view.DefaultRequestToViewNameTranslator@76dc4e
2025-09-18 20:30:56 [RMI TCP Connection(2)-192.168.88.4] DEBUG o.s.web.servlet.DispatcherServlet - Detected org.springframework.web.servlet.support.SessionFlashMapManager@55cc01ef
2025-09-18 20:30:56 [RMI TCP Connection(2)-192.168.88.4] DEBUG o.s.web.servlet.DispatcherServlet - enableLoggingRequestDetails='false': request parameters and headers will be masked to prevent unsafe logging of potentially sensitive data
2025-09-18 20:30:56 [RMI TCP Connection(2)-192.168.88.4] INFO  o.s.web.servlet.DispatcherServlet - Completed initialization in 7 ms
2025-09-18 20:30:56 [main] INFO  c.m.b.k.service.SequenceFixService - Sequence public.integration_mapping_id_seq initialized. setval returned 1
2025-09-18 20:30:56 [main] INFO  c.m.b.k.service.SequenceFixService - Sequence fix done.
2025-09-18 20:30:57 [scheduling-1] INFO  com.middleware.dhis2.Dhis2Component - Dhis2Component initialized.
2025-09-18 20:30:57 [scheduling-1] INFO  com.middleware.dhis2.Dhis2Endpoint - Dhis2Endpoint created for URI: hakeem://process with operation: process
2025-09-18 20:30:57 [scheduling-1] INFO  com.middleware.dhis2.Dhis2Component - Dhis2Service successfully looked up from Camel registry.
2025-09-18 20:30:57 [scheduling-1] INFO  com.middleware.dhis2.Dhis2Component - Created Dhis2Endpoint: hakeem://process
2025-09-18 20:30:57 [scheduling-1] INFO  com.middleware.dhis2.Dhis2Endpoint - Creating Dhis2Producer for endpoint: hakeem://process with operation: process
2025-09-18 20:30:57 [scheduling-1] INFO  c.m.b.k.service.DynamicRouteService - Re-added route dhis2-hakeem-route to context (DB says active)
2025-09-18 20:30:57 [scheduling-1] INFO  c.m.b.k.service.DynamicRouteService - Completed route status sync
2025-09-18 20:31:18 [http-nio-8081-exec-3] INFO  c.m.b.k.service.DynamicRouteService - Fetching active routes with pagination
2025-09-18 20:31:18 [http-nio-8081-exec-3] DEBUG o.s.w.f.CommonsRequestLoggingFilter - Before request [GET /api/channels?page=0&size=10&sortedBy=updatedAt&sortDirection=desc&search=, client=0:0:0:0:0:0:0:1, user=admin@mail.com]
2025-09-18 20:31:18 [http-nio-8081-exec-3] DEBUG o.s.web.servlet.DispatcherServlet - GET "/api/channels?page=0&size=10&sortedBy=updatedAt&sortDirection=desc&search=", parameters={masked}
2025-09-18 20:31:18 [http-nio-8081-exec-3] DEBUG o.s.w.s.m.m.a.RequestMappingHandlerMapping - Mapped to com.middleware.backend.notification.controller.ChannelController#getAll(int, int, String, String)
2025-09-18 20:31:19 [http-nio-8081-exec-3] WARN  o.s.d.w.c.SpringDataJacksonConfiguration$PageModule$WarningLoggingModifier - Serializing PageImpl instances as-is is not supported, meaning that there is no guarantee about the stability of the resulting JSON structure!
	For a stable JSON structure, please use Spring Data's PagedModel (globally via @EnableSpringDataWebSupport(pageSerializationMode = VIA_DTO))
	or Spring HATEOAS and Spring Data's PagedResourcesAssembler as documented in https://docs.spring.io/spring-data/commons/reference/repositories/core-extensions.html#core.web.pageables.

2025-09-18 20:31:19 [http-nio-8081-exec-3] DEBUG o.s.w.s.m.m.a.HttpEntityMethodProcessor - Using 'application/json', given [*/*] and supported [application/json, application/*+json, application/yaml]
2025-09-18 20:31:19 [http-nio-8081-exec-3] DEBUG o.s.w.s.m.m.a.HttpEntityMethodProcessor - Writing [Page 1 of 0 containing UNKNOWN instances]
2025-09-18 20:31:19 [http-nio-8081-exec-3] DEBUG o.s.web.servlet.DispatcherServlet - Completed 200 OK
2025-09-18 20:31:19 [http-nio-8081-exec-3] DEBUG o.s.w.f.CommonsRequestLoggingFilter - After request [GET /api/channels?page=0&size=10&sortedBy=updatedAt&sortDirection=desc&search=, client=0:0:0:0:0:0:0:1, user=admin@mail.com]
2025-09-18 20:31:26 [scheduling-1] INFO  c.m.b.k.service.DynamicRouteService - Starting route status sync with Camel context
2025-09-18 20:31:26 [scheduling-1] INFO  c.m.b.k.service.DynamicRouteService - Completed route status sync
2025-09-18 20:31:56 [scheduling-1] INFO  c.m.b.k.service.DynamicRouteService - Starting route status sync with Camel context
2025-09-18 20:31:56 [scheduling-1] INFO  c.m.b.k.service.DynamicRouteService - Completed route status sync
2025-09-18 20:32:26 [scheduling-1] INFO  c.m.b.k.service.DynamicRouteService - Starting route status sync with Camel context
2025-09-18 20:32:26 [scheduling-1] INFO  c.m.b.k.service.DynamicRouteService - Completed route status sync
2025-09-18 20:32:56 [scheduling-1] INFO  c.m.b.k.service.DynamicRouteService - Starting route status sync with Camel context
2025-09-18 20:32:56 [scheduling-1] INFO  c.m.b.k.service.DynamicRouteService - Completed route status sync
2025-09-18 20:33:02 [http-nio-8081-exec-4] INFO  c.m.b.k.service.DynamicRouteService - Fetching active routes with pagination
2025-09-18 20:33:02 [http-nio-8081-exec-4] DEBUG o.s.w.f.CommonsRequestLoggingFilter - Before request [GET /api/channels?page=0&size=10&sortedBy=updatedAt&sortDirection=desc&search=, client=0:0:0:0:0:0:0:1, user=admin@mail.com]
2025-09-18 20:33:02 [http-nio-8081-exec-4] DEBUG o.s.web.servlet.DispatcherServlet - GET "/api/channels?page=0&size=10&sortedBy=updatedAt&sortDirection=desc&search=", parameters={masked}
2025-09-18 20:33:02 [http-nio-8081-exec-4] DEBUG o.s.w.s.m.m.a.RequestMappingHandlerMapping - Mapped to com.middleware.backend.notification.controller.ChannelController#getAll(int, int, String, String)
2025-09-18 20:33:02 [http-nio-8081-exec-4] DEBUG o.s.w.s.m.m.a.HttpEntityMethodProcessor - Using 'application/json', given [*/*] and supported [application/json, application/*+json, application/yaml]
2025-09-18 20:33:02 [http-nio-8081-exec-4] DEBUG o.s.w.s.m.m.a.HttpEntityMethodProcessor - Writing [Page 1 of 0 containing UNKNOWN instances]
2025-09-18 20:33:02 [http-nio-8081-exec-4] DEBUG o.s.web.servlet.DispatcherServlet - Completed 200 OK
2025-09-18 20:33:02 [http-nio-8081-exec-4] DEBUG o.s.w.f.CommonsRequestLoggingFilter - After request [GET /api/channels?page=0&size=10&sortedBy=updatedAt&sortDirection=desc&search=, client=0:0:0:0:0:0:0:1, user=admin@mail.com]
2025-09-18 20:33:11 [http-nio-8081-exec-5] INFO  c.m.b.k.service.DynamicRouteService - Fetching active routes with pagination
2025-09-18 20:33:12 [http-nio-8081-exec-5] DEBUG o.s.w.f.CommonsRequestLoggingFilter - Before request [GET /api/channels?page=0&size=10&sortedBy=updatedAt&sortDirection=desc&search=, client=0:0:0:0:0:0:0:1, user=admin@mail.com]
2025-09-18 20:33:12 [http-nio-8081-exec-5] DEBUG o.s.web.servlet.DispatcherServlet - GET "/api/channels?page=0&size=10&sortedBy=updatedAt&sortDirection=desc&search=", parameters={masked}
2025-09-18 20:33:12 [http-nio-8081-exec-5] DEBUG o.s.w.s.m.m.a.RequestMappingHandlerMapping - Mapped to com.middleware.backend.notification.controller.ChannelController#getAll(int, int, String, String)
2025-09-18 20:33:12 [http-nio-8081-exec-5] DEBUG o.s.w.s.m.m.a.HttpEntityMethodProcessor - Using 'application/json', given [*/*] and supported [application/json, application/*+json, application/yaml]
2025-09-18 20:33:12 [http-nio-8081-exec-5] DEBUG o.s.w.s.m.m.a.HttpEntityMethodProcessor - Writing [Page 1 of 0 containing UNKNOWN instances]
2025-09-18 20:33:12 [http-nio-8081-exec-5] DEBUG o.s.web.servlet.DispatcherServlet - Completed 200 OK
2025-09-18 20:33:12 [http-nio-8081-exec-5] DEBUG o.s.w.f.CommonsRequestLoggingFilter - After request [GET /api/channels?page=0&size=10&sortedBy=updatedAt&sortDirection=desc&search=, client=0:0:0:0:0:0:0:1, user=admin@mail.com]
2025-09-18 20:33:25 [http-nio-8081-exec-6] INFO  c.m.b.k.service.DynamicRouteService - Fetching active routes with pagination
2025-09-18 20:33:25 [http-nio-8081-exec-6] DEBUG o.s.w.f.CommonsRequestLoggingFilter - Before request [GET /api/channels?page=0&size=10&sortedBy=updatedAt&sortDirection=desc&search=, client=0:0:0:0:0:0:0:1, user=admin@mail.com]
2025-09-18 20:33:25 [http-nio-8081-exec-6] DEBUG o.s.web.servlet.DispatcherServlet - GET "/api/channels?page=0&size=10&sortedBy=updatedAt&sortDirection=desc&search=", parameters={masked}
2025-09-18 20:33:25 [http-nio-8081-exec-6] DEBUG o.s.w.s.m.m.a.RequestMappingHandlerMapping - Mapped to com.middleware.backend.notification.controller.ChannelController#getAll(int, int, String, String)
2025-09-18 20:33:25 [http-nio-8081-exec-6] DEBUG o.s.w.s.m.m.a.HttpEntityMethodProcessor - Using 'application/json', given [*/*] and supported [application/json, application/*+json, application/yaml]
2025-09-18 20:33:25 [http-nio-8081-exec-6] DEBUG o.s.w.s.m.m.a.HttpEntityMethodProcessor - Writing [Page 1 of 0 containing UNKNOWN instances]
2025-09-18 20:33:25 [http-nio-8081-exec-6] DEBUG o.s.web.servlet.DispatcherServlet - Completed 200 OK
2025-09-18 20:33:25 [http-nio-8081-exec-6] DEBUG o.s.w.f.CommonsRequestLoggingFilter - After request [GET /api/channels?page=0&size=10&sortedBy=updatedAt&sortDirection=desc&search=, client=0:0:0:0:0:0:0:1, user=admin@mail.com]
2025-09-18 20:33:26 [scheduling-1] INFO  c.m.b.k.service.DynamicRouteService - Starting route status sync with Camel context
2025-09-18 20:33:26 [scheduling-1] INFO  c.m.b.k.service.DynamicRouteService - Completed route status sync
2025-09-18 20:33:35 [http-nio-8081-exec-8] INFO  c.m.b.k.service.DynamicRouteService - Fetching active routes with pagination
2025-09-18 20:33:35 [http-nio-8081-exec-8] DEBUG o.s.w.f.CommonsRequestLoggingFilter - Before request [GET /api/channels?page=0&size=10&sortedBy=updatedAt&sortDirection=desc&search=, client=0:0:0:0:0:0:0:1, user=admin@mail.com]
2025-09-18 20:33:35 [http-nio-8081-exec-8] DEBUG o.s.web.servlet.DispatcherServlet - GET "/api/channels?page=0&size=10&sortedBy=updatedAt&sortDirection=desc&search=", parameters={masked}
2025-09-18 20:33:35 [http-nio-8081-exec-8] DEBUG o.s.w.s.m.m.a.RequestMappingHandlerMapping - Mapped to com.middleware.backend.notification.controller.ChannelController#getAll(int, int, String, String)
2025-09-18 20:33:35 [http-nio-8081-exec-8] DEBUG o.s.w.s.m.m.a.HttpEntityMethodProcessor - Using 'application/json', given [*/*] and supported [application/json, application/*+json, application/yaml]
2025-09-18 20:33:35 [http-nio-8081-exec-8] DEBUG o.s.w.s.m.m.a.HttpEntityMethodProcessor - Writing [Page 1 of 0 containing UNKNOWN instances]
2025-09-18 20:33:35 [http-nio-8081-exec-8] DEBUG o.s.web.servlet.DispatcherServlet - Completed 200 OK
2025-09-18 20:33:35 [http-nio-8081-exec-8] DEBUG o.s.w.f.CommonsRequestLoggingFilter - After request [GET /api/channels?page=0&size=10&sortedBy=updatedAt&sortDirection=desc&search=, client=0:0:0:0:0:0:0:1, user=admin@mail.com]
2025-09-18 20:33:56 [http-nio-8081-exec-10] INFO  c.m.b.k.service.DynamicRouteService - Fetching active routes with pagination
2025-09-18 20:33:56 [http-nio-8081-exec-10] DEBUG o.s.w.f.CommonsRequestLoggingFilter - Before request [GET /api/channels?page=0&size=10&sortedBy=updatedAt&sortDirection=desc&search=, client=0:0:0:0:0:0:0:1, user=admin@mail.com]
2025-09-18 20:33:56 [http-nio-8081-exec-10] DEBUG o.s.web.servlet.DispatcherServlet - GET "/api/channels?page=0&size=10&sortedBy=updatedAt&sortDirection=desc&search=", parameters={masked}
2025-09-18 20:33:56 [http-nio-8081-exec-10] DEBUG o.s.w.s.m.m.a.RequestMappingHandlerMapping - Mapped to com.middleware.backend.notification.controller.ChannelController#getAll(int, int, String, String)
2025-09-18 20:33:56 [http-nio-8081-exec-10] DEBUG o.s.w.s.m.m.a.HttpEntityMethodProcessor - Using 'application/json', given [*/*] and supported [application/json, application/*+json, application/yaml]
2025-09-18 20:33:56 [http-nio-8081-exec-10] DEBUG o.s.w.s.m.m.a.HttpEntityMethodProcessor - Writing [Page 1 of 0 containing UNKNOWN instances]
2025-09-18 20:33:56 [http-nio-8081-exec-10] DEBUG o.s.web.servlet.DispatcherServlet - Completed 200 OK
2025-09-18 20:33:56 [http-nio-8081-exec-10] DEBUG o.s.w.f.CommonsRequestLoggingFilter - After request [GET /api/channels?page=0&size=10&sortedBy=updatedAt&sortDirection=desc&search=, client=0:0:0:0:0:0:0:1, user=admin@mail.com]
2025-09-18 20:33:56 [scheduling-1] INFO  c.m.b.k.service.DynamicRouteService - Starting route status sync with Camel context
2025-09-18 20:33:56 [scheduling-1] INFO  c.m.b.k.service.DynamicRouteService - Completed route status sync
2025-09-18 20:34:22 [http-nio-8081-exec-2] INFO  c.m.b.k.service.DynamicRouteService - Fetching active routes with pagination
2025-09-18 20:34:22 [http-nio-8081-exec-2] DEBUG o.s.w.f.CommonsRequestLoggingFilter - Before request [GET /api/channels?page=0&size=10&sortedBy=updatedAt&sortDirection=desc&search=, client=0:0:0:0:0:0:0:1, user=admin@mail.com]
2025-09-18 20:34:22 [http-nio-8081-exec-2] DEBUG o.s.web.servlet.DispatcherServlet - GET "/api/channels?page=0&size=10&sortedBy=updatedAt&sortDirection=desc&search=", parameters={masked}
2025-09-18 20:34:22 [http-nio-8081-exec-2] DEBUG o.s.w.s.m.m.a.RequestMappingHandlerMapping - Mapped to com.middleware.backend.notification.controller.ChannelController#getAll(int, int, String, String)
2025-09-18 20:34:22 [http-nio-8081-exec-2] DEBUG o.s.w.s.m.m.a.HttpEntityMethodProcessor - Using 'application/json', given [*/*] and supported [application/json, application/*+json, application/yaml]
2025-09-18 20:34:22 [http-nio-8081-exec-2] DEBUG o.s.w.s.m.m.a.HttpEntityMethodProcessor - Writing [Page 1 of 0 containing UNKNOWN instances]
2025-09-18 20:34:22 [http-nio-8081-exec-2] DEBUG o.s.web.servlet.DispatcherServlet - Completed 200 OK
2025-09-18 20:34:22 [http-nio-8081-exec-2] DEBUG o.s.w.f.CommonsRequestLoggingFilter - After request [GET /api/channels?page=0&size=10&sortedBy=updatedAt&sortDirection=desc&search=, client=0:0:0:0:0:0:0:1, user=admin@mail.com]
2025-09-18 20:34:26 [scheduling-1] INFO  c.m.b.k.service.DynamicRouteService - Starting route status sync with Camel context
2025-09-18 20:34:26 [scheduling-1] INFO  c.m.b.k.service.DynamicRouteService - Completed route status sync
2025-09-18 20:34:56 [scheduling-1] INFO  c.m.b.k.service.DynamicRouteService - Starting route status sync with Camel context
2025-09-18 20:34:56 [scheduling-1] INFO  c.m.b.k.service.DynamicRouteService - Completed route status sync
2025-09-18 20:35:26 [scheduling-1] INFO  c.m.b.k.service.DynamicRouteService - Starting route status sync with Camel context
2025-09-18 20:35:26 [scheduling-1] INFO  c.m.b.k.service.DynamicRouteService - Completed route status sync
2025-09-18 20:35:56 [scheduling-1] INFO  c.m.b.k.service.DynamicRouteService - Starting route status sync with Camel context
2025-09-18 20:35:56 [scheduling-1] INFO  c.m.b.k.service.DynamicRouteService - Completed route status sync
2025-09-18 20:36:26 [scheduling-1] INFO  c.m.b.k.service.DynamicRouteService - Starting route status sync with Camel context
2025-09-18 20:36:26 [scheduling-1] INFO  c.m.b.k.service.DynamicRouteService - Completed route status sync
2025-09-18 20:36:56 [scheduling-1] INFO  c.m.b.k.service.DynamicRouteService - Starting route status sync with Camel context
2025-09-18 20:36:56 [scheduling-1] INFO  c.m.b.k.service.DynamicRouteService - Completed route status sync
2025-09-18 20:37:16 [http-nio-8081-exec-1] INFO  c.m.b.k.service.DynamicRouteService - Fetching active routes with pagination
2025-09-18 20:37:16 [http-nio-8081-exec-1] DEBUG o.s.w.f.CommonsRequestLoggingFilter - Before request [GET /api/channels?page=0&size=10&sortedBy=updatedAt&sortDirection=desc&search=, client=0:0:0:0:0:0:0:1, user=admin@mail.com]
2025-09-18 20:37:16 [http-nio-8081-exec-1] DEBUG o.s.web.servlet.DispatcherServlet - GET "/api/channels?page=0&size=10&sortedBy=updatedAt&sortDirection=desc&search=", parameters={masked}
2025-09-18 20:37:16 [http-nio-8081-exec-1] DEBUG o.s.w.s.m.m.a.RequestMappingHandlerMapping - Mapped to com.middleware.backend.notification.controller.ChannelController#getAll(int, int, String, String)
2025-09-18 20:37:16 [http-nio-8081-exec-1] DEBUG o.s.w.s.m.m.a.HttpEntityMethodProcessor - Using 'application/json', given [*/*] and supported [application/json, application/*+json, application/yaml]
2025-09-18 20:37:16 [http-nio-8081-exec-1] DEBUG o.s.w.s.m.m.a.HttpEntityMethodProcessor - Writing [Page 1 of 0 containing UNKNOWN instances]
2025-09-18 20:37:16 [http-nio-8081-exec-1] DEBUG o.s.web.servlet.DispatcherServlet - Completed 200 OK
2025-09-18 20:37:16 [http-nio-8081-exec-1] DEBUG o.s.w.f.CommonsRequestLoggingFilter - After request [GET /api/channels?page=0&size=10&sortedBy=updatedAt&sortDirection=desc&search=, client=0:0:0:0:0:0:0:1, user=admin@mail.com]
2025-09-18 20:37:26 [scheduling-1] INFO  c.m.b.k.service.DynamicRouteService - Starting route status sync with Camel context
2025-09-18 20:37:26 [scheduling-1] INFO  c.m.b.k.service.DynamicRouteService - Completed route status sync
2025-09-18 20:37:49 [http-nio-8081-exec-4] INFO  c.m.b.k.service.DynamicRouteService - Fetching active routes with pagination
2025-09-18 20:37:50 [http-nio-8081-exec-4] DEBUG o.s.w.f.CommonsRequestLoggingFilter - Before request [GET /api/channels?page=0&size=10&sortedBy=updatedAt&sortDirection=desc&search=, client=0:0:0:0:0:0:0:1, user=admin@mail.com]
2025-09-18 20:37:50 [http-nio-8081-exec-4] DEBUG o.s.web.servlet.DispatcherServlet - GET "/api/channels?page=0&size=10&sortedBy=updatedAt&sortDirection=desc&search=", parameters={masked}
2025-09-18 20:37:50 [http-nio-8081-exec-4] DEBUG o.s.w.s.m.m.a.RequestMappingHandlerMapping - Mapped to com.middleware.backend.notification.controller.ChannelController#getAll(int, int, String, String)
2025-09-18 20:37:50 [http-nio-8081-exec-4] DEBUG o.s.w.s.m.m.a.HttpEntityMethodProcessor - Using 'application/json', given [*/*] and supported [application/json, application/*+json, application/yaml]
2025-09-18 20:37:50 [http-nio-8081-exec-4] DEBUG o.s.w.s.m.m.a.HttpEntityMethodProcessor - Writing [Page 1 of 0 containing UNKNOWN instances]
2025-09-18 20:37:50 [http-nio-8081-exec-4] DEBUG o.s.web.servlet.DispatcherServlet - Completed 200 OK
2025-09-18 20:37:50 [http-nio-8081-exec-4] DEBUG o.s.w.f.CommonsRequestLoggingFilter - After request [GET /api/channels?page=0&size=10&sortedBy=updatedAt&sortDirection=desc&search=, client=0:0:0:0:0:0:0:1, user=admin@mail.com]
2025-09-18 20:37:55 [http-nio-8081-exec-5] INFO  c.m.b.k.service.DynamicRouteService - Fetching active routes with pagination
2025-09-18 20:37:55 [http-nio-8081-exec-5] DEBUG o.s.w.f.CommonsRequestLoggingFilter - Before request [GET /api/channels?page=0&size=10&sortedBy=updatedAt&sortDirection=desc&search=, client=0:0:0:0:0:0:0:1, user=admin@mail.com]
2025-09-18 20:37:55 [http-nio-8081-exec-5] DEBUG o.s.web.servlet.DispatcherServlet - GET "/api/channels?page=0&size=10&sortedBy=updatedAt&sortDirection=desc&search=", parameters={masked}
2025-09-18 20:37:55 [http-nio-8081-exec-5] DEBUG o.s.w.s.m.m.a.RequestMappingHandlerMapping - Mapped to com.middleware.backend.notification.controller.ChannelController#getAll(int, int, String, String)
2025-09-18 20:37:55 [http-nio-8081-exec-5] DEBUG o.s.w.s.m.m.a.HttpEntityMethodProcessor - Using 'application/json', given [*/*] and supported [application/json, application/*+json, application/yaml]
2025-09-18 20:37:55 [http-nio-8081-exec-5] DEBUG o.s.w.s.m.m.a.HttpEntityMethodProcessor - Writing [Page 1 of 0 containing UNKNOWN instances]
2025-09-18 20:37:55 [http-nio-8081-exec-5] DEBUG o.s.web.servlet.DispatcherServlet - Completed 200 OK
2025-09-18 20:37:55 [http-nio-8081-exec-5] DEBUG o.s.w.f.CommonsRequestLoggingFilter - After request [GET /api/channels?page=0&size=10&sortedBy=updatedAt&sortDirection=desc&search=, client=0:0:0:0:0:0:0:1, user=admin@mail.com]
2025-09-18 20:37:56 [scheduling-1] INFO  c.m.b.k.service.DynamicRouteService - Starting route status sync with Camel context
2025-09-18 20:37:56 [scheduling-1] INFO  c.m.b.k.service.DynamicRouteService - Completed route status sync
2025-09-18 20:38:01 [http-nio-8081-exec-6] INFO  c.m.b.k.service.DynamicRouteService - Fetching active routes with pagination
2025-09-18 20:38:02 [http-nio-8081-exec-6] DEBUG o.s.w.f.CommonsRequestLoggingFilter - Before request [GET /api/channels?page=0&size=10&sortedBy=updatedAt&sortDirection=desc&search=, client=0:0:0:0:0:0:0:1, user=admin@mail.com]
2025-09-18 20:38:02 [http-nio-8081-exec-6] DEBUG o.s.web.servlet.DispatcherServlet - GET "/api/channels?page=0&size=10&sortedBy=updatedAt&sortDirection=desc&search=", parameters={masked}
2025-09-18 20:38:02 [http-nio-8081-exec-6] DEBUG o.s.w.s.m.m.a.RequestMappingHandlerMapping - Mapped to com.middleware.backend.notification.controller.ChannelController#getAll(int, int, String, String)
2025-09-18 20:38:02 [http-nio-8081-exec-6] DEBUG o.s.w.s.m.m.a.HttpEntityMethodProcessor - Using 'application/json', given [*/*] and supported [application/json, application/*+json, application/yaml]
2025-09-18 20:38:02 [http-nio-8081-exec-6] DEBUG o.s.w.s.m.m.a.HttpEntityMethodProcessor - Writing [Page 1 of 0 containing UNKNOWN instances]
2025-09-18 20:38:02 [http-nio-8081-exec-6] DEBUG o.s.web.servlet.DispatcherServlet - Completed 200 OK
2025-09-18 20:38:02 [http-nio-8081-exec-6] DEBUG o.s.w.f.CommonsRequestLoggingFilter - After request [GET /api/channels?page=0&size=10&sortedBy=updatedAt&sortDirection=desc&search=, client=0:0:0:0:0:0:0:1, user=admin@mail.com]
2025-09-18 20:38:07 [http-nio-8081-exec-7] INFO  c.m.b.k.service.DynamicRouteService - Fetching active routes with pagination
2025-09-18 20:38:08 [http-nio-8081-exec-7] DEBUG o.s.w.f.CommonsRequestLoggingFilter - Before request [GET /api/channels?page=0&size=10&sortedBy=updatedAt&sortDirection=desc&search=, client=0:0:0:0:0:0:0:1, user=admin@mail.com]
2025-09-18 20:38:08 [http-nio-8081-exec-7] DEBUG o.s.web.servlet.DispatcherServlet - GET "/api/channels?page=0&size=10&sortedBy=updatedAt&sortDirection=desc&search=", parameters={masked}
2025-09-18 20:38:08 [http-nio-8081-exec-7] DEBUG o.s.w.s.m.m.a.RequestMappingHandlerMapping - Mapped to com.middleware.backend.notification.controller.ChannelController#getAll(int, int, String, String)
2025-09-18 20:38:08 [http-nio-8081-exec-7] DEBUG o.s.w.s.m.m.a.HttpEntityMethodProcessor - Using 'application/json', given [*/*] and supported [application/json, application/*+json, application/yaml]
2025-09-18 20:38:08 [http-nio-8081-exec-7] DEBUG o.s.w.s.m.m.a.HttpEntityMethodProcessor - Writing [Page 1 of 0 containing UNKNOWN instances]
2025-09-18 20:38:08 [http-nio-8081-exec-7] DEBUG o.s.web.servlet.DispatcherServlet - Completed 200 OK
2025-09-18 20:38:08 [http-nio-8081-exec-7] DEBUG o.s.w.f.CommonsRequestLoggingFilter - After request [GET /api/channels?page=0&size=10&sortedBy=updatedAt&sortDirection=desc&search=, client=0:0:0:0:0:0:0:1, user=admin@mail.com]
2025-09-18 20:38:20 [http-nio-8081-exec-8] INFO  c.m.b.k.service.DynamicRouteService - Fetching active routes with pagination
2025-09-18 20:38:20 [http-nio-8081-exec-8] DEBUG o.s.w.f.CommonsRequestLoggingFilter - Before request [GET /api/channels?page=0&size=10&sortedBy=updatedAt&sortDirection=desc&search=, client=0:0:0:0:0:0:0:1, user=admin@mail.com]
2025-09-18 20:38:20 [http-nio-8081-exec-8] DEBUG o.s.web.servlet.DispatcherServlet - GET "/api/channels?page=0&size=10&sortedBy=updatedAt&sortDirection=desc&search=", parameters={masked}
2025-09-18 20:38:20 [http-nio-8081-exec-8] DEBUG o.s.w.s.m.m.a.RequestMappingHandlerMapping - Mapped to com.middleware.backend.notification.controller.ChannelController#getAll(int, int, String, String)
2025-09-18 20:38:20 [http-nio-8081-exec-8] DEBUG o.s.w.s.m.m.a.HttpEntityMethodProcessor - Using 'application/json', given [*/*] and supported [application/json, application/*+json, application/yaml]
2025-09-18 20:38:20 [http-nio-8081-exec-8] DEBUG o.s.w.s.m.m.a.HttpEntityMethodProcessor - Writing [Page 1 of 0 containing UNKNOWN instances]
2025-09-18 20:38:20 [http-nio-8081-exec-8] DEBUG o.s.web.servlet.DispatcherServlet - Completed 200 OK
2025-09-18 20:38:20 [http-nio-8081-exec-8] DEBUG o.s.w.f.CommonsRequestLoggingFilter - After request [GET /api/channels?page=0&size=10&sortedBy=updatedAt&sortDirection=desc&search=, client=0:0:0:0:0:0:0:1, user=admin@mail.com]
2025-09-18 20:38:26 [scheduling-1] INFO  c.m.b.k.service.DynamicRouteService - Starting route status sync with Camel context
2025-09-18 20:38:26 [scheduling-1] INFO  c.m.b.k.service.DynamicRouteService - Completed route status sync
2025-09-18 20:38:34 [http-nio-8081-exec-9] INFO  c.m.b.k.service.DynamicRouteService - Fetching active routes with pagination
2025-09-18 20:38:35 [http-nio-8081-exec-9] DEBUG o.s.w.f.CommonsRequestLoggingFilter - Before request [GET /api/channels?page=0&size=10&sortedBy=updatedAt&sortDirection=desc&search=, client=0:0:0:0:0:0:0:1, user=admin@mail.com]
2025-09-18 20:38:35 [http-nio-8081-exec-9] DEBUG o.s.web.servlet.DispatcherServlet - GET "/api/channels?page=0&size=10&sortedBy=updatedAt&sortDirection=desc&search=", parameters={masked}
2025-09-18 20:38:35 [http-nio-8081-exec-9] DEBUG o.s.w.s.m.m.a.RequestMappingHandlerMapping - Mapped to com.middleware.backend.notification.controller.ChannelController#getAll(int, int, String, String)
2025-09-18 20:38:35 [http-nio-8081-exec-9] DEBUG o.s.w.s.m.m.a.HttpEntityMethodProcessor - Using 'application/json', given [*/*] and supported [application/json, application/*+json, application/yaml]
2025-09-18 20:38:35 [http-nio-8081-exec-9] DEBUG o.s.w.s.m.m.a.HttpEntityMethodProcessor - Writing [Page 1 of 0 containing UNKNOWN instances]
2025-09-18 20:38:35 [http-nio-8081-exec-9] DEBUG o.s.web.servlet.DispatcherServlet - Completed 200 OK
2025-09-18 20:38:35 [http-nio-8081-exec-9] DEBUG o.s.w.f.CommonsRequestLoggingFilter - After request [GET /api/channels?page=0&size=10&sortedBy=updatedAt&sortDirection=desc&search=, client=0:0:0:0:0:0:0:1, user=admin@mail.com]
2025-09-18 20:38:56 [scheduling-1] INFO  c.m.b.k.service.DynamicRouteService - Starting route status sync with Camel context
2025-09-18 20:38:56 [scheduling-1] INFO  c.m.b.k.service.DynamicRouteService - Completed route status sync
2025-09-18 20:39:14 [http-nio-8081-exec-10] INFO  c.m.b.k.service.DynamicRouteService - Fetching active routes with pagination
2025-09-18 20:39:14 [http-nio-8081-exec-10] DEBUG o.s.w.f.CommonsRequestLoggingFilter - Before request [GET /api/channels?page=0&size=10&sortedBy=updatedAt&sortDirection=desc&search=, client=0:0:0:0:0:0:0:1, user=admin@mail.com]
2025-09-18 20:39:14 [http-nio-8081-exec-10] DEBUG o.s.web.servlet.DispatcherServlet - GET "/api/channels?page=0&size=10&sortedBy=updatedAt&sortDirection=desc&search=", parameters={masked}
2025-09-18 20:39:14 [http-nio-8081-exec-10] DEBUG o.s.w.s.m.m.a.RequestMappingHandlerMapping - Mapped to com.middleware.backend.notification.controller.ChannelController#getAll(int, int, String, String)
2025-09-18 20:39:14 [http-nio-8081-exec-10] DEBUG o.s.w.s.m.m.a.HttpEntityMethodProcessor - Using 'application/json', given [*/*] and supported [application/json, application/*+json, application/yaml]
2025-09-18 20:39:14 [http-nio-8081-exec-10] DEBUG o.s.w.s.m.m.a.HttpEntityMethodProcessor - Writing [Page 1 of 0 containing UNKNOWN instances]
2025-09-18 20:39:14 [http-nio-8081-exec-10] DEBUG o.s.web.servlet.DispatcherServlet - Completed 200 OK
2025-09-18 20:39:14 [http-nio-8081-exec-10] DEBUG o.s.w.f.CommonsRequestLoggingFilter - After request [GET /api/channels?page=0&size=10&sortedBy=updatedAt&sortDirection=desc&search=, client=0:0:0:0:0:0:0:1, user=admin@mail.com]
2025-09-18 20:39:26 [scheduling-1] INFO  c.m.b.k.service.DynamicRouteService - Starting route status sync with Camel context
2025-09-18 20:39:26 [scheduling-1] INFO  c.m.b.k.service.DynamicRouteService - Completed route status sync
2025-09-18 20:39:37 [http-nio-8081-exec-2] INFO  c.m.b.k.service.DynamicRouteService - Fetching active routes with pagination
2025-09-18 20:39:37 [http-nio-8081-exec-2] DEBUG o.s.w.f.CommonsRequestLoggingFilter - Before request [GET /api/channels?page=0&size=10&sortedBy=updatedAt&sortDirection=desc&search=, client=0:0:0:0:0:0:0:1, user=admin@mail.com]
2025-09-18 20:39:37 [http-nio-8081-exec-2] DEBUG o.s.web.servlet.DispatcherServlet - GET "/api/channels?page=0&size=10&sortedBy=updatedAt&sortDirection=desc&search=", parameters={masked}
2025-09-18 20:39:37 [http-nio-8081-exec-2] DEBUG o.s.w.s.m.m.a.RequestMappingHandlerMapping - Mapped to com.middleware.backend.notification.controller.ChannelController#getAll(int, int, String, String)
2025-09-18 20:39:37 [http-nio-8081-exec-2] DEBUG o.s.w.s.m.m.a.HttpEntityMethodProcessor - Using 'application/json', given [*/*] and supported [application/json, application/*+json, application/yaml]
2025-09-18 20:39:37 [http-nio-8081-exec-2] DEBUG o.s.w.s.m.m.a.HttpEntityMethodProcessor - Writing [Page 1 of 0 containing UNKNOWN instances]
2025-09-18 20:39:37 [http-nio-8081-exec-2] DEBUG o.s.web.servlet.DispatcherServlet - Completed 200 OK
2025-09-18 20:39:37 [http-nio-8081-exec-2] DEBUG o.s.w.f.CommonsRequestLoggingFilter - After request [GET /api/channels?page=0&size=10&sortedBy=updatedAt&sortDirection=desc&search=, client=0:0:0:0:0:0:0:1, user=admin@mail.com]
2025-09-18 20:39:56 [scheduling-1] INFO  c.m.b.k.service.DynamicRouteService - Starting route status sync with Camel context
2025-09-18 20:39:56 [scheduling-1] INFO  c.m.b.k.service.DynamicRouteService - Completed route status sync
2025-09-18 20:40:26 [scheduling-1] INFO  c.m.b.k.service.DynamicRouteService - Starting route status sync with Camel context
2025-09-18 20:40:26 [scheduling-1] INFO  c.m.b.k.service.DynamicRouteService - Completed route status sync
2025-09-18 20:40:56 [scheduling-1] INFO  c.m.b.k.service.DynamicRouteService - Starting route status sync with Camel context
2025-09-18 20:40:56 [scheduling-1] INFO  c.m.b.k.service.DynamicRouteService - Completed route status sync
2025-09-18 20:41:26 [scheduling-1] INFO  c.m.b.k.service.DynamicRouteService - Starting route status sync with Camel context
2025-09-18 20:41:26 [scheduling-1] INFO  c.m.b.k.service.DynamicRouteService - Completed route status sync
2025-09-18 20:41:56 [scheduling-1] INFO  c.m.b.k.service.DynamicRouteService - Starting route status sync with Camel context
2025-09-18 20:41:56 [scheduling-1] INFO  c.m.b.k.service.DynamicRouteService - Completed route status sync
2025-09-18 20:42:26 [scheduling-1] INFO  c.m.b.k.service.DynamicRouteService - Starting route status sync with Camel context
2025-09-18 20:42:26 [scheduling-1] INFO  c.m.b.k.service.DynamicRouteService - Completed route status sync
2025-09-18 20:42:34 [http-nio-8081-exec-1] INFO  c.m.b.k.service.DynamicRouteService - Fetching active routes with pagination
2025-09-18 20:42:34 [http-nio-8081-exec-1] DEBUG o.s.w.f.CommonsRequestLoggingFilter - Before request [GET /api/channels?page=0&size=10&sortedBy=updatedAt&sortDirection=desc&search=, client=0:0:0:0:0:0:0:1, user=admin@mail.com]
2025-09-18 20:42:34 [http-nio-8081-exec-1] DEBUG o.s.web.servlet.DispatcherServlet - GET "/api/channels?page=0&size=10&sortedBy=updatedAt&sortDirection=desc&search=", parameters={masked}
2025-09-18 20:42:34 [http-nio-8081-exec-1] DEBUG o.s.w.s.m.m.a.RequestMappingHandlerMapping - Mapped to com.middleware.backend.notification.controller.ChannelController#getAll(int, int, String, String)
2025-09-18 20:42:34 [http-nio-8081-exec-1] DEBUG o.s.w.s.m.m.a.HttpEntityMethodProcessor - Using 'application/json', given [*/*] and supported [application/json, application/*+json, application/yaml]
2025-09-18 20:42:34 [http-nio-8081-exec-1] DEBUG o.s.w.s.m.m.a.HttpEntityMethodProcessor - Writing [Page 1 of 0 containing UNKNOWN instances]
2025-09-18 20:42:34 [http-nio-8081-exec-1] DEBUG o.s.web.servlet.DispatcherServlet - Completed 200 OK
2025-09-18 20:42:34 [http-nio-8081-exec-1] DEBUG o.s.w.f.CommonsRequestLoggingFilter - After request [GET /api/channels?page=0&size=10&sortedBy=updatedAt&sortDirection=desc&search=, client=0:0:0:0:0:0:0:1, user=admin@mail.com]
2025-09-18 20:42:35 [http-nio-8081-exec-4] INFO  c.m.b.k.service.DynamicRouteService - Fetching active routes with pagination
2025-09-18 20:42:35 [http-nio-8081-exec-4] DEBUG o.s.w.f.CommonsRequestLoggingFilter - Before request [GET /api/channels?page=0&size=10&sortedBy=updatedAt&sortDirection=desc&search=, client=0:0:0:0:0:0:0:1, user=admin@mail.com]
2025-09-18 20:42:35 [http-nio-8081-exec-4] DEBUG o.s.web.servlet.DispatcherServlet - GET "/api/channels?page=0&size=10&sortedBy=updatedAt&sortDirection=desc&search=", parameters={masked}
2025-09-18 20:42:35 [http-nio-8081-exec-4] DEBUG o.s.w.s.m.m.a.RequestMappingHandlerMapping - Mapped to com.middleware.backend.notification.controller.ChannelController#getAll(int, int, String, String)
2025-09-18 20:42:35 [http-nio-8081-exec-4] DEBUG o.s.w.s.m.m.a.HttpEntityMethodProcessor - Using 'application/json', given [*/*] and supported [application/json, application/*+json, application/yaml]
2025-09-18 20:42:35 [http-nio-8081-exec-4] DEBUG o.s.w.s.m.m.a.HttpEntityMethodProcessor - Writing [Page 1 of 0 containing UNKNOWN instances]
2025-09-18 20:42:35 [http-nio-8081-exec-4] DEBUG o.s.web.servlet.DispatcherServlet - Completed 200 OK
2025-09-18 20:42:35 [http-nio-8081-exec-4] DEBUG o.s.w.f.CommonsRequestLoggingFilter - After request [GET /api/channels?page=0&size=10&sortedBy=updatedAt&sortDirection=desc&search=, client=0:0:0:0:0:0:0:1, user=admin@mail.com]
2025-09-18 20:42:36 [http-nio-8081-exec-5] INFO  c.m.b.k.service.DynamicRouteService - Fetching active routes with pagination
2025-09-18 20:42:36 [http-nio-8081-exec-5] DEBUG o.s.w.f.CommonsRequestLoggingFilter - Before request [GET /api/channels?page=0&size=10&sortedBy=updatedAt&sortDirection=desc&search=, client=0:0:0:0:0:0:0:1, user=admin@mail.com]
2025-09-18 20:42:36 [http-nio-8081-exec-5] DEBUG o.s.web.servlet.DispatcherServlet - GET "/api/channels?page=0&size=10&sortedBy=updatedAt&sortDirection=desc&search=", parameters={masked}
2025-09-18 20:42:36 [http-nio-8081-exec-5] DEBUG o.s.w.s.m.m.a.RequestMappingHandlerMapping - Mapped to com.middleware.backend.notification.controller.ChannelController#getAll(int, int, String, String)
2025-09-18 20:42:37 [http-nio-8081-exec-5] DEBUG o.s.w.s.m.m.a.HttpEntityMethodProcessor - Using 'application/json', given [*/*] and supported [application/json, application/*+json, application/yaml]
2025-09-18 20:42:37 [http-nio-8081-exec-5] DEBUG o.s.w.s.m.m.a.HttpEntityMethodProcessor - Writing [Page 1 of 0 containing UNKNOWN instances]
2025-09-18 20:42:37 [http-nio-8081-exec-5] DEBUG o.s.web.servlet.DispatcherServlet - Completed 200 OK
2025-09-18 20:42:37 [http-nio-8081-exec-5] DEBUG o.s.w.f.CommonsRequestLoggingFilter - After request [GET /api/channels?page=0&size=10&sortedBy=updatedAt&sortDirection=desc&search=, client=0:0:0:0:0:0:0:1, user=admin@mail.com]
2025-09-18 20:42:39 [http-nio-8081-exec-6] INFO  c.m.b.k.service.DynamicRouteService - Fetching active routes with pagination
2025-09-18 20:42:39 [http-nio-8081-exec-6] DEBUG o.s.w.f.CommonsRequestLoggingFilter - Before request [GET /api/channels?page=0&size=10&sortedBy=updatedAt&sortDirection=desc&search=, client=0:0:0:0:0:0:0:1, user=admin@mail.com]
2025-09-18 20:42:39 [http-nio-8081-exec-6] DEBUG o.s.web.servlet.DispatcherServlet - GET "/api/channels?page=0&size=10&sortedBy=updatedAt&sortDirection=desc&search=", parameters={masked}
2025-09-18 20:42:39 [http-nio-8081-exec-6] DEBUG o.s.w.s.m.m.a.RequestMappingHandlerMapping - Mapped to com.middleware.backend.notification.controller.ChannelController#getAll(int, int, String, String)
2025-09-18 20:42:39 [http-nio-8081-exec-6] DEBUG o.s.w.s.m.m.a.HttpEntityMethodProcessor - Using 'application/json', given [*/*] and supported [application/json, application/*+json, application/yaml]
2025-09-18 20:42:39 [http-nio-8081-exec-6] DEBUG o.s.w.s.m.m.a.HttpEntityMethodProcessor - Writing [Page 1 of 0 containing UNKNOWN instances]
2025-09-18 20:42:39 [http-nio-8081-exec-6] DEBUG o.s.web.servlet.DispatcherServlet - Completed 200 OK
2025-09-18 20:42:39 [http-nio-8081-exec-6] DEBUG o.s.w.f.CommonsRequestLoggingFilter - After request [GET /api/channels?page=0&size=10&sortedBy=updatedAt&sortDirection=desc&search=, client=0:0:0:0:0:0:0:1, user=admin@mail.com]
2025-09-18 20:42:40 [http-nio-8081-exec-7] INFO  c.m.b.k.service.DynamicRouteService - Fetching active routes with pagination
2025-09-18 20:42:41 [http-nio-8081-exec-7] DEBUG o.s.w.f.CommonsRequestLoggingFilter - Before request [GET /api/channels?page=0&size=10&sortedBy=updatedAt&sortDirection=desc&search=, client=0:0:0:0:0:0:0:1, user=admin@mail.com]
2025-09-18 20:42:41 [http-nio-8081-exec-7] DEBUG o.s.web.servlet.DispatcherServlet - GET "/api/channels?page=0&size=10&sortedBy=updatedAt&sortDirection=desc&search=", parameters={masked}
2025-09-18 20:42:41 [http-nio-8081-exec-7] DEBUG o.s.w.s.m.m.a.RequestMappingHandlerMapping - Mapped to com.middleware.backend.notification.controller.ChannelController#getAll(int, int, String, String)
2025-09-18 20:42:41 [http-nio-8081-exec-7] DEBUG o.s.w.s.m.m.a.HttpEntityMethodProcessor - Using 'application/json', given [*/*] and supported [application/json, application/*+json, application/yaml]
2025-09-18 20:42:41 [http-nio-8081-exec-7] DEBUG o.s.w.s.m.m.a.HttpEntityMethodProcessor - Writing [Page 1 of 0 containing UNKNOWN instances]
2025-09-18 20:42:41 [http-nio-8081-exec-7] DEBUG o.s.web.servlet.DispatcherServlet - Completed 200 OK
2025-09-18 20:42:41 [http-nio-8081-exec-7] DEBUG o.s.w.f.CommonsRequestLoggingFilter - After request [GET /api/channels?page=0&size=10&sortedBy=updatedAt&sortDirection=desc&search=, client=0:0:0:0:0:0:0:1, user=admin@mail.com]
2025-09-18 20:42:43 [http-nio-8081-exec-8] INFO  c.m.b.k.service.DynamicRouteService - Fetching active routes with pagination
2025-09-18 20:42:43 [http-nio-8081-exec-8] DEBUG o.s.w.f.CommonsRequestLoggingFilter - Before request [GET /api/channels?page=0&size=10&sortedBy=updatedAt&sortDirection=desc&search=, client=0:0:0:0:0:0:0:1, user=admin@mail.com]
2025-09-18 20:42:43 [http-nio-8081-exec-8] DEBUG o.s.web.servlet.DispatcherServlet - GET "/api/channels?page=0&size=10&sortedBy=updatedAt&sortDirection=desc&search=", parameters={masked}
2025-09-18 20:42:43 [http-nio-8081-exec-8] DEBUG o.s.w.s.m.m.a.RequestMappingHandlerMapping - Mapped to com.middleware.backend.notification.controller.ChannelController#getAll(int, int, String, String)
2025-09-18 20:42:43 [http-nio-8081-exec-8] DEBUG o.s.w.s.m.m.a.HttpEntityMethodProcessor - Using 'application/json', given [*/*] and supported [application/json, application/*+json, application/yaml]
2025-09-18 20:42:43 [http-nio-8081-exec-8] DEBUG o.s.w.s.m.m.a.HttpEntityMethodProcessor - Writing [Page 1 of 0 containing UNKNOWN instances]
2025-09-18 20:42:43 [http-nio-8081-exec-8] DEBUG o.s.web.servlet.DispatcherServlet - Completed 200 OK
2025-09-18 20:42:43 [http-nio-8081-exec-8] DEBUG o.s.w.f.CommonsRequestLoggingFilter - After request [GET /api/channels?page=0&size=10&sortedBy=updatedAt&sortDirection=desc&search=, client=0:0:0:0:0:0:0:1, user=admin@mail.com]
2025-09-18 20:42:45 [http-nio-8081-exec-9] INFO  c.m.b.k.service.DynamicRouteService - Fetching active routes with pagination
2025-09-18 20:42:45 [http-nio-8081-exec-9] DEBUG o.s.w.f.CommonsRequestLoggingFilter - Before request [GET /api/channels?page=0&size=10&sortedBy=updatedAt&sortDirection=desc&search=, client=0:0:0:0:0:0:0:1, user=admin@mail.com]
2025-09-18 20:42:45 [http-nio-8081-exec-9] DEBUG o.s.web.servlet.DispatcherServlet - GET "/api/channels?page=0&size=10&sortedBy=updatedAt&sortDirection=desc&search=", parameters={masked}
2025-09-18 20:42:45 [http-nio-8081-exec-9] DEBUG o.s.w.s.m.m.a.RequestMappingHandlerMapping - Mapped to com.middleware.backend.notification.controller.ChannelController#getAll(int, int, String, String)
2025-09-18 20:42:45 [http-nio-8081-exec-9] DEBUG o.s.w.s.m.m.a.HttpEntityMethodProcessor - Using 'application/json', given [*/*] and supported [application/json, application/*+json, application/yaml]
2025-09-18 20:42:45 [http-nio-8081-exec-9] DEBUG o.s.w.s.m.m.a.HttpEntityMethodProcessor - Writing [Page 1 of 0 containing UNKNOWN instances]
2025-09-18 20:42:45 [http-nio-8081-exec-9] DEBUG o.s.web.servlet.DispatcherServlet - Completed 200 OK
2025-09-18 20:42:45 [http-nio-8081-exec-9] DEBUG o.s.w.f.CommonsRequestLoggingFilter - After request [GET /api/channels?page=0&size=10&sortedBy=updatedAt&sortDirection=desc&search=, client=0:0:0:0:0:0:0:1, user=admin@mail.com]
2025-09-18 20:42:47 [http-nio-8081-exec-10] INFO  c.m.b.k.service.DynamicRouteService - Fetching active routes with pagination
2025-09-18 20:42:47 [http-nio-8081-exec-10] DEBUG o.s.w.f.CommonsRequestLoggingFilter - Before request [GET /api/channels?page=0&size=10&sortedBy=updatedAt&sortDirection=desc&search=, client=0:0:0:0:0:0:0:1, user=admin@mail.com]
2025-09-18 20:42:47 [http-nio-8081-exec-10] DEBUG o.s.web.servlet.DispatcherServlet - GET "/api/channels?page=0&size=10&sortedBy=updatedAt&sortDirection=desc&search=", parameters={masked}
2025-09-18 20:42:47 [http-nio-8081-exec-10] DEBUG o.s.w.s.m.m.a.RequestMappingHandlerMapping - Mapped to com.middleware.backend.notification.controller.ChannelController#getAll(int, int, String, String)
2025-09-18 20:42:47 [http-nio-8081-exec-10] DEBUG o.s.w.s.m.m.a.HttpEntityMethodProcessor - Using 'application/json', given [*/*] and supported [application/json, application/*+json, application/yaml]
2025-09-18 20:42:47 [http-nio-8081-exec-10] DEBUG o.s.w.s.m.m.a.HttpEntityMethodProcessor - Writing [Page 1 of 0 containing UNKNOWN instances]
2025-09-18 20:42:47 [http-nio-8081-exec-10] DEBUG o.s.web.servlet.DispatcherServlet - Completed 200 OK
2025-09-18 20:42:47 [http-nio-8081-exec-10] DEBUG o.s.w.f.CommonsRequestLoggingFilter - After request [GET /api/channels?page=0&size=10&sortedBy=updatedAt&sortDirection=desc&search=, client=0:0:0:0:0:0:0:1, user=admin@mail.com]
2025-09-18 20:42:49 [http-nio-8081-exec-2] INFO  c.m.b.k.service.DynamicRouteService - Fetching active routes with pagination
2025-09-18 20:42:49 [http-nio-8081-exec-2] DEBUG o.s.w.f.CommonsRequestLoggingFilter - Before request [GET /api/channels?page=0&size=10&sortedBy=updatedAt&sortDirection=desc&search=, client=0:0:0:0:0:0:0:1, user=admin@mail.com]
2025-09-18 20:42:49 [http-nio-8081-exec-2] DEBUG o.s.web.servlet.DispatcherServlet - GET "/api/channels?page=0&size=10&sortedBy=updatedAt&sortDirection=desc&search=", parameters={masked}
2025-09-18 20:42:49 [http-nio-8081-exec-2] DEBUG o.s.w.s.m.m.a.RequestMappingHandlerMapping - Mapped to com.middleware.backend.notification.controller.ChannelController#getAll(int, int, String, String)
2025-09-18 20:42:49 [http-nio-8081-exec-2] DEBUG o.s.w.s.m.m.a.HttpEntityMethodProcessor - Using 'application/json', given [*/*] and supported [application/json, application/*+json, application/yaml]
2025-09-18 20:42:49 [http-nio-8081-exec-2] DEBUG o.s.w.s.m.m.a.HttpEntityMethodProcessor - Writing [Page 1 of 0 containing UNKNOWN instances]
2025-09-18 20:42:49 [http-nio-8081-exec-2] DEBUG o.s.web.servlet.DispatcherServlet - Completed 200 OK
2025-09-18 20:42:49 [http-nio-8081-exec-2] DEBUG o.s.w.f.CommonsRequestLoggingFilter - After request [GET /api/channels?page=0&size=10&sortedBy=updatedAt&sortDirection=desc&search=, client=0:0:0:0:0:0:0:1, user=admin@mail.com]
2025-09-18 20:42:51 [http-nio-8081-exec-3] INFO  c.m.b.k.service.DynamicRouteService - Fetching active routes with pagination
2025-09-18 20:42:51 [http-nio-8081-exec-3] DEBUG o.s.w.f.CommonsRequestLoggingFilter - Before request [GET /api/channels?page=0&size=10&sortedBy=updatedAt&sortDirection=desc&search=, client=0:0:0:0:0:0:0:1, user=admin@mail.com]
2025-09-18 20:42:51 [http-nio-8081-exec-3] DEBUG o.s.web.servlet.DispatcherServlet - GET "/api/channels?page=0&size=10&sortedBy=updatedAt&sortDirection=desc&search=", parameters={masked}
2025-09-18 20:42:51 [http-nio-8081-exec-3] DEBUG o.s.w.s.m.m.a.RequestMappingHandlerMapping - Mapped to com.middleware.backend.notification.controller.ChannelController#getAll(int, int, String, String)
2025-09-18 20:42:51 [http-nio-8081-exec-3] DEBUG o.s.w.s.m.m.a.HttpEntityMethodProcessor - Using 'application/json', given [*/*] and supported [application/json, application/*+json, application/yaml]
2025-09-18 20:42:51 [http-nio-8081-exec-3] DEBUG o.s.w.s.m.m.a.HttpEntityMethodProcessor - Writing [Page 1 of 0 containing UNKNOWN instances]
2025-09-18 20:42:51 [http-nio-8081-exec-3] DEBUG o.s.web.servlet.DispatcherServlet - Completed 200 OK
2025-09-18 20:42:51 [http-nio-8081-exec-3] DEBUG o.s.w.f.CommonsRequestLoggingFilter - After request [GET /api/channels?page=0&size=10&sortedBy=updatedAt&sortDirection=desc&search=, client=0:0:0:0:0:0:0:1, user=admin@mail.com]
2025-09-18 20:42:53 [http-nio-8081-exec-1] INFO  c.m.b.k.service.DynamicRouteService - Fetching active routes with pagination
2025-09-18 20:42:53 [http-nio-8081-exec-1] DEBUG o.s.w.f.CommonsRequestLoggingFilter - Before request [GET /api/channels?page=0&size=10&sortedBy=updatedAt&sortDirection=desc&search=, client=0:0:0:0:0:0:0:1, user=admin@mail.com]
2025-09-18 20:42:53 [http-nio-8081-exec-1] DEBUG o.s.web.servlet.DispatcherServlet - GET "/api/channels?page=0&size=10&sortedBy=updatedAt&sortDirection=desc&search=", parameters={masked}
2025-09-18 20:42:53 [http-nio-8081-exec-1] DEBUG o.s.w.s.m.m.a.RequestMappingHandlerMapping - Mapped to com.middleware.backend.notification.controller.ChannelController#getAll(int, int, String, String)
2025-09-18 20:42:53 [http-nio-8081-exec-1] DEBUG o.s.w.s.m.m.a.HttpEntityMethodProcessor - Using 'application/json', given [*/*] and supported [application/json, application/*+json, application/yaml]
2025-09-18 20:42:53 [http-nio-8081-exec-1] DEBUG o.s.w.s.m.m.a.HttpEntityMethodProcessor - Writing [Page 1 of 0 containing UNKNOWN instances]
2025-09-18 20:42:53 [http-nio-8081-exec-1] DEBUG o.s.web.servlet.DispatcherServlet - Completed 200 OK
2025-09-18 20:42:53 [http-nio-8081-exec-1] DEBUG o.s.w.f.CommonsRequestLoggingFilter - After request [GET /api/channels?page=0&size=10&sortedBy=updatedAt&sortDirection=desc&search=, client=0:0:0:0:0:0:0:1, user=admin@mail.com]
2025-09-18 20:42:56 [scheduling-1] INFO  c.m.b.k.service.DynamicRouteService - Starting route status sync with Camel context
2025-09-18 20:42:56 [scheduling-1] INFO  c.m.b.k.service.DynamicRouteService - Completed route status sync
2025-09-18 20:43:26 [scheduling-1] INFO  c.m.b.k.service.DynamicRouteService - Starting route status sync with Camel context
2025-09-18 20:43:26 [scheduling-1] INFO  c.m.b.k.service.DynamicRouteService - Completed route status sync
2025-09-18 20:43:56 [scheduling-1] INFO  c.m.b.k.service.DynamicRouteService - Starting route status sync with Camel context
2025-09-18 20:43:56 [scheduling-1] INFO  c.m.b.k.service.DynamicRouteService - Completed route status sync
2025-09-18 20:44:00 [http-nio-8081-exec-5] INFO  c.m.b.k.service.DynamicRouteService - Fetching active routes with pagination
2025-09-18 20:44:00 [http-nio-8081-exec-5] DEBUG o.s.w.f.CommonsRequestLoggingFilter - Before request [GET /api/channels?page=0&size=10&sortedBy=updatedAt&sortDirection=desc&search=, client=0:0:0:0:0:0:0:1, user=admin@mail.com]
2025-09-18 20:44:00 [http-nio-8081-exec-5] DEBUG o.s.web.servlet.DispatcherServlet - GET "/api/channels?page=0&size=10&sortedBy=updatedAt&sortDirection=desc&search=", parameters={masked}
2025-09-18 20:44:00 [http-nio-8081-exec-5] DEBUG o.s.w.s.m.m.a.RequestMappingHandlerMapping - Mapped to com.middleware.backend.notification.controller.ChannelController#getAll(int, int, String, String)
2025-09-18 20:44:00 [http-nio-8081-exec-5] DEBUG o.s.w.s.m.m.a.HttpEntityMethodProcessor - Using 'application/json', given [*/*] and supported [application/json, application/*+json, application/yaml]
2025-09-18 20:44:00 [http-nio-8081-exec-5] DEBUG o.s.w.s.m.m.a.HttpEntityMethodProcessor - Writing [Page 1 of 0 containing UNKNOWN instances]
2025-09-18 20:44:00 [http-nio-8081-exec-5] DEBUG o.s.web.servlet.DispatcherServlet - Completed 200 OK
2025-09-18 20:44:00 [http-nio-8081-exec-5] DEBUG o.s.w.f.CommonsRequestLoggingFilter - After request [GET /api/channels?page=0&size=10&sortedBy=updatedAt&sortDirection=desc&search=, client=0:0:0:0:0:0:0:1, user=admin@mail.com]
2025-09-18 20:44:26 [scheduling-1] INFO  c.m.b.k.service.DynamicRouteService - Starting route status sync with Camel context
2025-09-18 20:44:26 [scheduling-1] INFO  c.m.b.k.service.DynamicRouteService - Completed route status sync
2025-09-18 20:44:56 [scheduling-1] INFO  c.m.b.k.service.DynamicRouteService - Starting route status sync with Camel context
2025-09-18 20:44:56 [scheduling-1] INFO  c.m.b.k.service.DynamicRouteService - Completed route status sync
2025-09-18 20:45:26 [scheduling-1] INFO  c.m.b.k.service.DynamicRouteService - Starting route status sync with Camel context
2025-09-18 20:45:26 [scheduling-1] INFO  c.m.b.k.service.DynamicRouteService - Completed route status sync
2025-09-18 20:45:39 [http-nio-8081-exec-7] INFO  c.m.b.k.service.DynamicRouteService - Fetching active routes with pagination
2025-09-18 20:45:39 [http-nio-8081-exec-7] DEBUG o.s.w.f.CommonsRequestLoggingFilter - Before request [GET /api/channels?page=0&size=10&sortedBy=updatedAt&sortDirection=desc&search=, client=0:0:0:0:0:0:0:1, user=admin@mail.com]
2025-09-18 20:45:39 [http-nio-8081-exec-7] DEBUG o.s.web.servlet.DispatcherServlet - GET "/api/channels?page=0&size=10&sortedBy=updatedAt&sortDirection=desc&search=", parameters={masked}
2025-09-18 20:45:39 [http-nio-8081-exec-7] DEBUG o.s.w.s.m.m.a.RequestMappingHandlerMapping - Mapped to com.middleware.backend.notification.controller.ChannelController#getAll(int, int, String, String)
2025-09-18 20:45:39 [http-nio-8081-exec-7] DEBUG o.s.w.s.m.m.a.HttpEntityMethodProcessor - Using 'application/json', given [*/*] and supported [application/json, application/*+json, application/yaml]
2025-09-18 20:45:39 [http-nio-8081-exec-7] DEBUG o.s.w.s.m.m.a.HttpEntityMethodProcessor - Writing [Page 1 of 0 containing UNKNOWN instances]
2025-09-18 20:45:39 [http-nio-8081-exec-7] DEBUG o.s.web.servlet.DispatcherServlet - Completed 200 OK
2025-09-18 20:45:39 [http-nio-8081-exec-7] DEBUG o.s.w.f.CommonsRequestLoggingFilter - After request [GET /api/channels?page=0&size=10&sortedBy=updatedAt&sortDirection=desc&search=, client=0:0:0:0:0:0:0:1, user=admin@mail.com]
2025-09-18 20:45:56 [scheduling-1] INFO  c.m.b.k.service.DynamicRouteService - Starting route status sync with Camel context
2025-09-18 20:45:56 [scheduling-1] INFO  c.m.b.k.service.DynamicRouteService - Completed route status sync
2025-09-18 20:46:05 [http-nio-8081-exec-8] INFO  c.m.b.k.service.DynamicRouteService - Fetching active routes with pagination
2025-09-18 20:46:05 [http-nio-8081-exec-8] DEBUG o.s.w.f.CommonsRequestLoggingFilter - Before request [GET /api/channels?page=0&size=10&sortedBy=updatedAt&sortDirection=desc&search=, client=0:0:0:0:0:0:0:1, user=admin@mail.com]
2025-09-18 20:46:05 [http-nio-8081-exec-8] DEBUG o.s.web.servlet.DispatcherServlet - GET "/api/channels?page=0&size=10&sortedBy=updatedAt&sortDirection=desc&search=", parameters={masked}
2025-09-18 20:46:05 [http-nio-8081-exec-8] DEBUG o.s.w.s.m.m.a.RequestMappingHandlerMapping - Mapped to com.middleware.backend.notification.controller.ChannelController#getAll(int, int, String, String)
2025-09-18 20:46:05 [http-nio-8081-exec-8] DEBUG o.s.w.s.m.m.a.HttpEntityMethodProcessor - Using 'application/json', given [*/*] and supported [application/json, application/*+json, application/yaml]
2025-09-18 20:46:05 [http-nio-8081-exec-8] DEBUG o.s.w.s.m.m.a.HttpEntityMethodProcessor - Writing [Page 1 of 0 containing UNKNOWN instances]
2025-09-18 20:46:05 [http-nio-8081-exec-8] DEBUG o.s.web.servlet.DispatcherServlet - Completed 200 OK
2025-09-18 20:46:05 [http-nio-8081-exec-8] DEBUG o.s.w.f.CommonsRequestLoggingFilter - After request [GET /api/channels?page=0&size=10&sortedBy=updatedAt&sortDirection=desc&search=, client=0:0:0:0:0:0:0:1, user=admin@mail.com]
2025-09-18 20:46:26 [scheduling-1] INFO  c.m.b.k.service.DynamicRouteService - Starting route status sync with Camel context
2025-09-18 20:46:26 [scheduling-1] INFO  c.m.b.k.service.DynamicRouteService - Completed route status sync
2025-09-18 20:46:31 [http-nio-8081-exec-9] INFO  c.m.b.k.service.DynamicRouteService - Fetching active routes with pagination
2025-09-18 20:46:31 [http-nio-8081-exec-9] DEBUG o.s.w.f.CommonsRequestLoggingFilter - Before request [GET /api/channels?page=0&size=10&sortedBy=updatedAt&sortDirection=desc&search=, client=0:0:0:0:0:0:0:1, user=admin@mail.com]
2025-09-18 20:46:31 [http-nio-8081-exec-9] DEBUG o.s.web.servlet.DispatcherServlet - GET "/api/channels?page=0&size=10&sortedBy=updatedAt&sortDirection=desc&search=", parameters={masked}
2025-09-18 20:46:31 [http-nio-8081-exec-9] DEBUG o.s.w.s.m.m.a.RequestMappingHandlerMapping - Mapped to com.middleware.backend.notification.controller.ChannelController#getAll(int, int, String, String)
2025-09-18 20:46:31 [http-nio-8081-exec-9] DEBUG o.s.w.s.m.m.a.HttpEntityMethodProcessor - Using 'application/json', given [*/*] and supported [application/json, application/*+json, application/yaml]
2025-09-18 20:46:31 [http-nio-8081-exec-9] DEBUG o.s.w.s.m.m.a.HttpEntityMethodProcessor - Writing [Page 1 of 0 containing UNKNOWN instances]
2025-09-18 20:46:31 [http-nio-8081-exec-9] DEBUG o.s.web.servlet.DispatcherServlet - Completed 200 OK
2025-09-18 20:46:31 [http-nio-8081-exec-9] DEBUG o.s.w.f.CommonsRequestLoggingFilter - After request [GET /api/channels?page=0&size=10&sortedBy=updatedAt&sortDirection=desc&search=, client=0:0:0:0:0:0:0:1, user=admin@mail.com]
2025-09-18 20:46:56 [scheduling-1] INFO  c.m.b.k.service.DynamicRouteService - Starting route status sync with Camel context
2025-09-18 20:46:56 [scheduling-1] INFO  c.m.b.k.service.DynamicRouteService - Completed route status sync
2025-09-18 20:47:17 [http-nio-8081-exec-10] INFO  c.m.b.k.service.DynamicRouteService - Fetching active routes with pagination
2025-09-18 20:47:17 [http-nio-8081-exec-10] DEBUG o.s.w.f.CommonsRequestLoggingFilter - Before request [GET /api/channels?page=0&size=10&sortedBy=updatedAt&sortDirection=desc&search=, client=0:0:0:0:0:0:0:1, user=admin@mail.com]
2025-09-18 20:47:17 [http-nio-8081-exec-10] DEBUG o.s.web.servlet.DispatcherServlet - GET "/api/channels?page=0&size=10&sortedBy=updatedAt&sortDirection=desc&search=", parameters={masked}
2025-09-18 20:47:17 [http-nio-8081-exec-10] DEBUG o.s.w.s.m.m.a.RequestMappingHandlerMapping - Mapped to com.middleware.backend.notification.controller.ChannelController#getAll(int, int, String, String)
2025-09-18 20:47:17 [http-nio-8081-exec-10] DEBUG o.s.w.s.m.m.a.HttpEntityMethodProcessor - Using 'application/json', given [*/*] and supported [application/json, application/*+json, application/yaml]
2025-09-18 20:47:17 [http-nio-8081-exec-10] DEBUG o.s.w.s.m.m.a.HttpEntityMethodProcessor - Writing [Page 1 of 0 containing UNKNOWN instances]
2025-09-18 20:47:17 [http-nio-8081-exec-10] DEBUG o.s.web.servlet.DispatcherServlet - Completed 200 OK
2025-09-18 20:47:17 [http-nio-8081-exec-10] DEBUG o.s.w.f.CommonsRequestLoggingFilter - After request [GET /api/channels?page=0&size=10&sortedBy=updatedAt&sortDirection=desc&search=, client=0:0:0:0:0:0:0:1, user=admin@mail.com]
2025-09-18 20:47:26 [scheduling-1] INFO  c.m.b.k.service.DynamicRouteService - Starting route status sync with Camel context
2025-09-18 20:47:26 [scheduling-1] INFO  c.m.b.k.service.DynamicRouteService - Completed route status sync
2025-09-18 20:47:52 [http-nio-8081-exec-2] INFO  c.m.b.k.service.DynamicRouteService - Fetching active routes with pagination
2025-09-18 20:47:52 [http-nio-8081-exec-2] DEBUG o.s.w.f.CommonsRequestLoggingFilter - Before request [GET /api/channels?page=0&size=10&sortedBy=updatedAt&sortDirection=desc&search=, client=0:0:0:0:0:0:0:1, user=admin@mail.com]
2025-09-18 20:47:52 [http-nio-8081-exec-2] DEBUG o.s.web.servlet.DispatcherServlet - GET "/api/channels?page=0&size=10&sortedBy=updatedAt&sortDirection=desc&search=", parameters={masked}
2025-09-18 20:47:52 [http-nio-8081-exec-2] DEBUG o.s.w.s.m.m.a.RequestMappingHandlerMapping - Mapped to com.middleware.backend.notification.controller.ChannelController#getAll(int, int, String, String)
2025-09-18 20:47:52 [http-nio-8081-exec-2] DEBUG o.s.w.s.m.m.a.HttpEntityMethodProcessor - Using 'application/json', given [*/*] and supported [application/json, application/*+json, application/yaml]
2025-09-18 20:47:52 [http-nio-8081-exec-2] DEBUG o.s.w.s.m.m.a.HttpEntityMethodProcessor - Writing [Page 1 of 0 containing UNKNOWN instances]
2025-09-18 20:47:52 [http-nio-8081-exec-2] DEBUG o.s.web.servlet.DispatcherServlet - Completed 200 OK
2025-09-18 20:47:52 [http-nio-8081-exec-2] DEBUG o.s.w.f.CommonsRequestLoggingFilter - After request [GET /api/channels?page=0&size=10&sortedBy=updatedAt&sortDirection=desc&search=, client=0:0:0:0:0:0:0:1, user=admin@mail.com]
2025-09-18 20:47:56 [scheduling-1] INFO  c.m.b.k.service.DynamicRouteService - Starting route status sync with Camel context
2025-09-18 20:47:56 [scheduling-1] INFO  c.m.b.k.service.DynamicRouteService - Completed route status sync
2025-09-18 20:48:20 [http-nio-8081-exec-3] INFO  c.m.b.k.service.DynamicRouteService - Fetching active routes with pagination
2025-09-18 20:48:21 [http-nio-8081-exec-3] DEBUG o.s.w.f.CommonsRequestLoggingFilter - Before request [GET /api/channels?page=0&size=10&sortedBy=updatedAt&sortDirection=desc&search=, client=0:0:0:0:0:0:0:1, user=admin@mail.com]
2025-09-18 20:48:21 [http-nio-8081-exec-3] DEBUG o.s.web.servlet.DispatcherServlet - GET "/api/channels?page=0&size=10&sortedBy=updatedAt&sortDirection=desc&search=", parameters={masked}
2025-09-18 20:48:21 [http-nio-8081-exec-3] DEBUG o.s.w.s.m.m.a.RequestMappingHandlerMapping - Mapped to com.middleware.backend.notification.controller.ChannelController#getAll(int, int, String, String)
2025-09-18 20:48:21 [http-nio-8081-exec-3] DEBUG o.s.w.s.m.m.a.HttpEntityMethodProcessor - Using 'application/json', given [*/*] and supported [application/json, application/*+json, application/yaml]
2025-09-18 20:48:21 [http-nio-8081-exec-3] DEBUG o.s.w.s.m.m.a.HttpEntityMethodProcessor - Writing [Page 1 of 0 containing UNKNOWN instances]
2025-09-18 20:48:21 [http-nio-8081-exec-3] DEBUG o.s.web.servlet.DispatcherServlet - Completed 200 OK
2025-09-18 20:48:21 [http-nio-8081-exec-3] DEBUG o.s.w.f.CommonsRequestLoggingFilter - After request [GET /api/channels?page=0&size=10&sortedBy=updatedAt&sortDirection=desc&search=, client=0:0:0:0:0:0:0:1, user=admin@mail.com]
2025-09-18 20:48:26 [scheduling-1] INFO  c.m.b.k.service.DynamicRouteService - Starting route status sync with Camel context
2025-09-18 20:48:26 [scheduling-1] INFO  c.m.b.k.service.DynamicRouteService - Completed route status sync
2025-09-18 20:48:40 [http-nio-8081-exec-1] INFO  c.m.b.k.service.DynamicRouteService - Fetching active routes with pagination
2025-09-18 20:48:40 [http-nio-8081-exec-1] DEBUG o.s.w.f.CommonsRequestLoggingFilter - Before request [GET /api/channels?page=0&size=10&sortedBy=updatedAt&sortDirection=desc&search=, client=0:0:0:0:0:0:0:1, user=admin@mail.com]
2025-09-18 20:48:40 [http-nio-8081-exec-1] DEBUG o.s.web.servlet.DispatcherServlet - GET "/api/channels?page=0&size=10&sortedBy=updatedAt&sortDirection=desc&search=", parameters={masked}
2025-09-18 20:48:40 [http-nio-8081-exec-1] DEBUG o.s.w.s.m.m.a.RequestMappingHandlerMapping - Mapped to com.middleware.backend.notification.controller.ChannelController#getAll(int, int, String, String)
2025-09-18 20:48:40 [http-nio-8081-exec-1] DEBUG o.s.w.s.m.m.a.HttpEntityMethodProcessor - Using 'application/json', given [*/*] and supported [application/json, application/*+json, application/yaml]
2025-09-18 20:48:40 [http-nio-8081-exec-1] DEBUG o.s.w.s.m.m.a.HttpEntityMethodProcessor - Writing [Page 1 of 0 containing UNKNOWN instances]
2025-09-18 20:48:40 [http-nio-8081-exec-1] DEBUG o.s.web.servlet.DispatcherServlet - Completed 200 OK
2025-09-18 20:48:40 [http-nio-8081-exec-1] DEBUG o.s.w.f.CommonsRequestLoggingFilter - After request [GET /api/channels?page=0&size=10&sortedBy=updatedAt&sortDirection=desc&search=, client=0:0:0:0:0:0:0:1, user=admin@mail.com]
2025-09-18 20:48:56 [scheduling-1] INFO  c.m.b.k.service.DynamicRouteService - Starting route status sync with Camel context
2025-09-18 20:48:56 [scheduling-1] INFO  c.m.b.k.service.DynamicRouteService - Completed route status sync
2025-09-18 20:49:20 [http-nio-8081-exec-4] INFO  c.m.b.k.service.DynamicRouteService - Fetching active routes with pagination
2025-09-18 20:49:20 [http-nio-8081-exec-4] DEBUG o.s.w.f.CommonsRequestLoggingFilter - Before request [GET /api/channels?page=0&size=10&sortedBy=updatedAt&sortDirection=desc&search=, client=0:0:0:0:0:0:0:1, user=admin@mail.com]
2025-09-18 20:49:20 [http-nio-8081-exec-4] DEBUG o.s.web.servlet.DispatcherServlet - GET "/api/channels?page=0&size=10&sortedBy=updatedAt&sortDirection=desc&search=", parameters={masked}
2025-09-18 20:49:20 [http-nio-8081-exec-4] DEBUG o.s.w.s.m.m.a.RequestMappingHandlerMapping - Mapped to com.middleware.backend.notification.controller.ChannelController#getAll(int, int, String, String)
2025-09-18 20:49:20 [http-nio-8081-exec-4] DEBUG o.s.w.s.m.m.a.HttpEntityMethodProcessor - Using 'application/json', given [*/*] and supported [application/json, application/*+json, application/yaml]
2025-09-18 20:49:20 [http-nio-8081-exec-4] DEBUG o.s.w.s.m.m.a.HttpEntityMethodProcessor - Writing [Page 1 of 0 containing UNKNOWN instances]
2025-09-18 20:49:20 [http-nio-8081-exec-4] DEBUG o.s.web.servlet.DispatcherServlet - Completed 200 OK
2025-09-18 20:49:20 [http-nio-8081-exec-4] DEBUG o.s.w.f.CommonsRequestLoggingFilter - After request [GET /api/channels?page=0&size=10&sortedBy=updatedAt&sortDirection=desc&search=, client=0:0:0:0:0:0:0:1, user=admin@mail.com]
2025-09-18 20:49:26 [scheduling-1] INFO  c.m.b.k.service.DynamicRouteService - Starting route status sync with Camel context
2025-09-18 20:49:26 [scheduling-1] INFO  c.m.b.k.service.DynamicRouteService - Completed route status sync
2025-09-18 20:49:34 [http-nio-8081-exec-5] INFO  c.m.b.k.service.DynamicRouteService - Fetching active routes with pagination
2025-09-18 20:49:34 [http-nio-8081-exec-5] DEBUG o.s.w.f.CommonsRequestLoggingFilter - Before request [GET /api/channels?page=0&size=10&sortedBy=updatedAt&sortDirection=desc&search=, client=0:0:0:0:0:0:0:1, user=admin@mail.com]
2025-09-18 20:49:34 [http-nio-8081-exec-5] DEBUG o.s.web.servlet.DispatcherServlet - GET "/api/channels?page=0&size=10&sortedBy=updatedAt&sortDirection=desc&search=", parameters={masked}
2025-09-18 20:49:34 [http-nio-8081-exec-5] DEBUG o.s.w.s.m.m.a.RequestMappingHandlerMapping - Mapped to com.middleware.backend.notification.controller.ChannelController#getAll(int, int, String, String)
2025-09-18 20:49:34 [http-nio-8081-exec-5] DEBUG o.s.w.s.m.m.a.HttpEntityMethodProcessor - Using 'application/json', given [*/*] and supported [application/json, application/*+json, application/yaml]
2025-09-18 20:49:34 [http-nio-8081-exec-5] DEBUG o.s.w.s.m.m.a.HttpEntityMethodProcessor - Writing [Page 1 of 0 containing UNKNOWN instances]
2025-09-18 20:49:34 [http-nio-8081-exec-5] DEBUG o.s.web.servlet.DispatcherServlet - Completed 200 OK
2025-09-18 20:49:34 [http-nio-8081-exec-5] DEBUG o.s.w.f.CommonsRequestLoggingFilter - After request [GET /api/channels?page=0&size=10&sortedBy=updatedAt&sortDirection=desc&search=, client=0:0:0:0:0:0:0:1, user=admin@mail.com]
2025-09-18 20:49:56 [scheduling-1] INFO  c.m.b.k.service.DynamicRouteService - Starting route status sync with Camel context
2025-09-18 20:49:56 [scheduling-1] INFO  c.m.b.k.service.DynamicRouteService - Completed route status sync
2025-09-18 20:50:07 [http-nio-8081-exec-6] INFO  c.m.b.k.service.DynamicRouteService - Fetching active routes with pagination
2025-09-18 20:50:07 [http-nio-8081-exec-6] DEBUG o.s.w.f.CommonsRequestLoggingFilter - Before request [GET /api/channels?page=0&size=10&sortedBy=updatedAt&sortDirection=desc&search=, client=0:0:0:0:0:0:0:1, user=admin@mail.com]
2025-09-18 20:50:07 [http-nio-8081-exec-6] DEBUG o.s.web.servlet.DispatcherServlet - GET "/api/channels?page=0&size=10&sortedBy=updatedAt&sortDirection=desc&search=", parameters={masked}
2025-09-18 20:50:07 [http-nio-8081-exec-6] DEBUG o.s.w.s.m.m.a.RequestMappingHandlerMapping - Mapped to com.middleware.backend.notification.controller.ChannelController#getAll(int, int, String, String)
2025-09-18 20:50:08 [http-nio-8081-exec-6] DEBUG o.s.w.s.m.m.a.HttpEntityMethodProcessor - Using 'application/json', given [*/*] and supported [application/json, application/*+json, application/yaml]
2025-09-18 20:50:08 [http-nio-8081-exec-6] DEBUG o.s.w.s.m.m.a.HttpEntityMethodProcessor - Writing [Page 1 of 0 containing UNKNOWN instances]
2025-09-18 20:50:08 [http-nio-8081-exec-6] DEBUG o.s.web.servlet.DispatcherServlet - Completed 200 OK
2025-09-18 20:50:08 [http-nio-8081-exec-6] DEBUG o.s.w.f.CommonsRequestLoggingFilter - After request [GET /api/channels?page=0&size=10&sortedBy=updatedAt&sortDirection=desc&search=, client=0:0:0:0:0:0:0:1, user=admin@mail.com]
2025-09-18 20:50:26 [scheduling-1] INFO  c.m.b.k.service.DynamicRouteService - Starting route status sync with Camel context
2025-09-18 20:50:26 [scheduling-1] INFO  c.m.b.k.service.DynamicRouteService - Completed route status sync
2025-09-18 20:50:39 [http-nio-8081-exec-7] INFO  c.m.b.k.service.DynamicRouteService - Fetching active routes with pagination
2025-09-18 20:50:39 [http-nio-8081-exec-7] DEBUG o.s.w.f.CommonsRequestLoggingFilter - Before request [GET /api/channels?page=0&size=10&sortedBy=updatedAt&sortDirection=desc&search=, client=0:0:0:0:0:0:0:1, user=admin@mail.com]
2025-09-18 20:50:39 [http-nio-8081-exec-7] DEBUG o.s.web.servlet.DispatcherServlet - GET "/api/channels?page=0&size=10&sortedBy=updatedAt&sortDirection=desc&search=", parameters={masked}
2025-09-18 20:50:39 [http-nio-8081-exec-7] DEBUG o.s.w.s.m.m.a.RequestMappingHandlerMapping - Mapped to com.middleware.backend.notification.controller.ChannelController#getAll(int, int, String, String)
2025-09-18 20:50:39 [http-nio-8081-exec-7] DEBUG o.s.w.s.m.m.a.HttpEntityMethodProcessor - Using 'application/json', given [*/*] and supported [application/json, application/*+json, application/yaml]
2025-09-18 20:50:39 [http-nio-8081-exec-7] DEBUG o.s.w.s.m.m.a.HttpEntityMethodProcessor - Writing [Page 1 of 0 containing UNKNOWN instances]
2025-09-18 20:50:39 [http-nio-8081-exec-7] DEBUG o.s.web.servlet.DispatcherServlet - Completed 200 OK
2025-09-18 20:50:39 [http-nio-8081-exec-7] DEBUG o.s.w.f.CommonsRequestLoggingFilter - After request [GET /api/channels?page=0&size=10&sortedBy=updatedAt&sortDirection=desc&search=, client=0:0:0:0:0:0:0:1, user=admin@mail.com]
2025-09-18 20:50:56 [scheduling-1] INFO  c.m.b.k.service.DynamicRouteService - Starting route status sync with Camel context
2025-09-18 20:50:56 [scheduling-1] INFO  c.m.b.k.service.DynamicRouteService - Completed route status sync
2025-09-18 20:51:26 [scheduling-1] INFO  c.m.b.k.service.DynamicRouteService - Starting route status sync with Camel context
2025-09-18 20:51:26 [scheduling-1] INFO  c.m.b.k.service.DynamicRouteService - Completed route status sync
2025-09-18 20:51:56 [scheduling-1] INFO  c.m.b.k.service.DynamicRouteService - Starting route status sync with Camel context
2025-09-18 20:51:56 [scheduling-1] INFO  c.m.b.k.service.DynamicRouteService - Completed route status sync
2025-09-18 20:52:17 [http-nio-8081-exec-9] INFO  c.m.b.k.service.DynamicRouteService - Fetching active routes with pagination
2025-09-18 20:52:17 [http-nio-8081-exec-9] DEBUG o.s.w.f.CommonsRequestLoggingFilter - Before request [GET /api/channels?page=0&size=10&sortedBy=updatedAt&sortDirection=desc&search=, client=0:0:0:0:0:0:0:1, user=admin@mail.com]
2025-09-18 20:52:17 [http-nio-8081-exec-9] DEBUG o.s.web.servlet.DispatcherServlet - GET "/api/channels?page=0&size=10&sortedBy=updatedAt&sortDirection=desc&search=", parameters={masked}
2025-09-18 20:52:17 [http-nio-8081-exec-9] DEBUG o.s.w.s.m.m.a.RequestMappingHandlerMapping - Mapped to com.middleware.backend.notification.controller.ChannelController#getAll(int, int, String, String)
2025-09-18 20:52:17 [http-nio-8081-exec-9] DEBUG o.s.w.s.m.m.a.HttpEntityMethodProcessor - Using 'application/json', given [*/*] and supported [application/json, application/*+json, application/yaml]
2025-09-18 20:52:17 [http-nio-8081-exec-9] DEBUG o.s.w.s.m.m.a.HttpEntityMethodProcessor - Writing [Page 1 of 0 containing UNKNOWN instances]
2025-09-18 20:52:17 [http-nio-8081-exec-9] DEBUG o.s.web.servlet.DispatcherServlet - Completed 200 OK
2025-09-18 20:52:17 [http-nio-8081-exec-9] DEBUG o.s.w.f.CommonsRequestLoggingFilter - After request [GET /api/channels?page=0&size=10&sortedBy=updatedAt&sortDirection=desc&search=, client=0:0:0:0:0:0:0:1, user=admin@mail.com]
2025-09-18 20:52:26 [scheduling-1] INFO  c.m.b.k.service.DynamicRouteService - Starting route status sync with Camel context
2025-09-18 20:52:26 [scheduling-1] INFO  c.m.b.k.service.DynamicRouteService - Completed route status sync
2025-09-18 20:52:26 [http-nio-8081-exec-10] INFO  c.m.b.k.service.DynamicRouteService - Fetching active routes with pagination
2025-09-18 20:52:27 [http-nio-8081-exec-10] DEBUG o.s.w.f.CommonsRequestLoggingFilter - Before request [GET /api/channels?page=0&size=10&sortedBy=updatedAt&sortDirection=desc&search=, client=0:0:0:0:0:0:0:1, user=admin@mail.com]
2025-09-18 20:52:27 [http-nio-8081-exec-10] DEBUG o.s.web.servlet.DispatcherServlet - GET "/api/channels?page=0&size=10&sortedBy=updatedAt&sortDirection=desc&search=", parameters={masked}
2025-09-18 20:52:27 [http-nio-8081-exec-10] DEBUG o.s.w.s.m.m.a.RequestMappingHandlerMapping - Mapped to com.middleware.backend.notification.controller.ChannelController#getAll(int, int, String, String)
2025-09-18 20:52:27 [http-nio-8081-exec-10] DEBUG o.s.w.s.m.m.a.HttpEntityMethodProcessor - Using 'application/json', given [*/*] and supported [application/json, application/*+json, application/yaml]
2025-09-18 20:52:27 [http-nio-8081-exec-10] DEBUG o.s.w.s.m.m.a.HttpEntityMethodProcessor - Writing [Page 1 of 0 containing UNKNOWN instances]
2025-09-18 20:52:27 [http-nio-8081-exec-10] DEBUG o.s.web.servlet.DispatcherServlet - Completed 200 OK
2025-09-18 20:52:27 [http-nio-8081-exec-10] DEBUG o.s.w.f.CommonsRequestLoggingFilter - After request [GET /api/channels?page=0&size=10&sortedBy=updatedAt&sortDirection=desc&search=, client=0:0:0:0:0:0:0:1, user=admin@mail.com]
2025-09-18 20:52:34 [http-nio-8081-exec-2] INFO  c.m.b.k.service.DynamicRouteService - Fetching active routes with pagination
2025-09-18 20:52:34 [http-nio-8081-exec-2] DEBUG o.s.w.f.CommonsRequestLoggingFilter - Before request [GET /api/channels?page=0&size=10&sortedBy=updatedAt&sortDirection=desc&search=, client=0:0:0:0:0:0:0:1, user=admin@mail.com]
2025-09-18 20:52:34 [http-nio-8081-exec-2] DEBUG o.s.web.servlet.DispatcherServlet - GET "/api/channels?page=0&size=10&sortedBy=updatedAt&sortDirection=desc&search=", parameters={masked}
2025-09-18 20:52:34 [http-nio-8081-exec-2] DEBUG o.s.w.s.m.m.a.RequestMappingHandlerMapping - Mapped to com.middleware.backend.notification.controller.ChannelController#getAll(int, int, String, String)
2025-09-18 20:52:34 [http-nio-8081-exec-2] DEBUG o.s.w.s.m.m.a.HttpEntityMethodProcessor - Using 'application/json', given [*/*] and supported [application/json, application/*+json, application/yaml]
2025-09-18 20:52:34 [http-nio-8081-exec-2] DEBUG o.s.w.s.m.m.a.HttpEntityMethodProcessor - Writing [Page 1 of 0 containing UNKNOWN instances]
2025-09-18 20:52:34 [http-nio-8081-exec-2] DEBUG o.s.web.servlet.DispatcherServlet - Completed 200 OK
2025-09-18 20:52:34 [http-nio-8081-exec-2] DEBUG o.s.w.f.CommonsRequestLoggingFilter - After request [GET /api/channels?page=0&size=10&sortedBy=updatedAt&sortDirection=desc&search=, client=0:0:0:0:0:0:0:1, user=admin@mail.com]
2025-09-18 20:52:42 [http-nio-8081-exec-3] INFO  c.m.b.k.service.DynamicRouteService - Fetching active routes with pagination
2025-09-18 20:52:43 [http-nio-8081-exec-3] DEBUG o.s.w.f.CommonsRequestLoggingFilter - Before request [GET /api/channels?page=0&size=10&sortedBy=updatedAt&sortDirection=desc&search=, client=0:0:0:0:0:0:0:1, user=admin@mail.com]
2025-09-18 20:52:43 [http-nio-8081-exec-3] DEBUG o.s.web.servlet.DispatcherServlet - GET "/api/channels?page=0&size=10&sortedBy=updatedAt&sortDirection=desc&search=", parameters={masked}
2025-09-18 20:52:43 [http-nio-8081-exec-3] DEBUG o.s.w.s.m.m.a.RequestMappingHandlerMapping - Mapped to com.middleware.backend.notification.controller.ChannelController#getAll(int, int, String, String)
2025-09-18 20:52:43 [http-nio-8081-exec-3] DEBUG o.s.w.s.m.m.a.HttpEntityMethodProcessor - Using 'application/json', given [*/*] and supported [application/json, application/*+json, application/yaml]
2025-09-18 20:52:43 [http-nio-8081-exec-3] DEBUG o.s.w.s.m.m.a.HttpEntityMethodProcessor - Writing [Page 1 of 0 containing UNKNOWN instances]
2025-09-18 20:52:43 [http-nio-8081-exec-3] DEBUG o.s.web.servlet.DispatcherServlet - Completed 200 OK
2025-09-18 20:52:43 [http-nio-8081-exec-3] DEBUG o.s.w.f.CommonsRequestLoggingFilter - After request [GET /api/channels?page=0&size=10&sortedBy=updatedAt&sortDirection=desc&search=, client=0:0:0:0:0:0:0:1, user=admin@mail.com]
2025-09-18 20:52:50 [http-nio-8081-exec-1] INFO  c.m.b.k.service.DynamicRouteService - Fetching active routes with pagination
2025-09-18 20:52:51 [http-nio-8081-exec-1] DEBUG o.s.w.f.CommonsRequestLoggingFilter - Before request [GET /api/channels?page=0&size=10&sortedBy=updatedAt&sortDirection=desc&search=, client=0:0:0:0:0:0:0:1, user=admin@mail.com]
2025-09-18 20:52:51 [http-nio-8081-exec-1] DEBUG o.s.web.servlet.DispatcherServlet - GET "/api/channels?page=0&size=10&sortedBy=updatedAt&sortDirection=desc&search=", parameters={masked}
2025-09-18 20:52:51 [http-nio-8081-exec-1] DEBUG o.s.w.s.m.m.a.RequestMappingHandlerMapping - Mapped to com.middleware.backend.notification.controller.ChannelController#getAll(int, int, String, String)
2025-09-18 20:52:51 [http-nio-8081-exec-1] DEBUG o.s.w.s.m.m.a.HttpEntityMethodProcessor - Using 'application/json', given [*/*] and supported [application/json, application/*+json, application/yaml]
2025-09-18 20:52:51 [http-nio-8081-exec-1] DEBUG o.s.w.s.m.m.a.HttpEntityMethodProcessor - Writing [Page 1 of 0 containing UNKNOWN instances]
2025-09-18 20:52:51 [http-nio-8081-exec-1] DEBUG o.s.web.servlet.DispatcherServlet - Completed 200 OK
2025-09-18 20:52:51 [http-nio-8081-exec-1] DEBUG o.s.w.f.CommonsRequestLoggingFilter - After request [GET /api/channels?page=0&size=10&sortedBy=updatedAt&sortDirection=desc&search=, client=0:0:0:0:0:0:0:1, user=admin@mail.com]
2025-09-18 20:52:56 [scheduling-1] INFO  c.m.b.k.service.DynamicRouteService - Starting route status sync with Camel context
2025-09-18 20:52:56 [scheduling-1] INFO  c.m.b.k.service.DynamicRouteService - Completed route status sync
2025-09-18 20:53:02 [http-nio-8081-exec-4] INFO  c.m.b.k.service.DynamicRouteService - Fetching active routes with pagination
2025-09-18 20:53:03 [http-nio-8081-exec-4] DEBUG o.s.w.f.CommonsRequestLoggingFilter - Before request [GET /api/channels?page=0&size=10&sortedBy=updatedAt&sortDirection=desc&search=, client=0:0:0:0:0:0:0:1, user=admin@mail.com]
2025-09-18 20:53:03 [http-nio-8081-exec-4] DEBUG o.s.web.servlet.DispatcherServlet - GET "/api/channels?page=0&size=10&sortedBy=updatedAt&sortDirection=desc&search=", parameters={masked}
2025-09-18 20:53:03 [http-nio-8081-exec-4] DEBUG o.s.w.s.m.m.a.RequestMappingHandlerMapping - Mapped to com.middleware.backend.notification.controller.ChannelController#getAll(int, int, String, String)
2025-09-18 20:53:03 [http-nio-8081-exec-4] DEBUG o.s.w.s.m.m.a.HttpEntityMethodProcessor - Using 'application/json', given [*/*] and supported [application/json, application/*+json, application/yaml]
2025-09-18 20:53:03 [http-nio-8081-exec-4] DEBUG o.s.w.s.m.m.a.HttpEntityMethodProcessor - Writing [Page 1 of 0 containing UNKNOWN instances]
2025-09-18 20:53:03 [http-nio-8081-exec-4] DEBUG o.s.web.servlet.DispatcherServlet - Completed 200 OK
2025-09-18 20:53:03 [http-nio-8081-exec-4] DEBUG o.s.w.f.CommonsRequestLoggingFilter - After request [GET /api/channels?page=0&size=10&sortedBy=updatedAt&sortDirection=desc&search=, client=0:0:0:0:0:0:0:1, user=admin@mail.com]
2025-09-18 20:53:17 [http-nio-8081-exec-5] INFO  c.m.b.k.service.DynamicRouteService - Fetching active routes with pagination
2025-09-18 20:53:18 [http-nio-8081-exec-5] DEBUG o.s.w.f.CommonsRequestLoggingFilter - Before request [GET /api/channels?page=0&size=10&sortedBy=updatedAt&sortDirection=desc&search=, client=0:0:0:0:0:0:0:1, user=admin@mail.com]
2025-09-18 20:53:18 [http-nio-8081-exec-5] DEBUG o.s.web.servlet.DispatcherServlet - GET "/api/channels?page=0&size=10&sortedBy=updatedAt&sortDirection=desc&search=", parameters={masked}
2025-09-18 20:53:18 [http-nio-8081-exec-5] DEBUG o.s.w.s.m.m.a.RequestMappingHandlerMapping - Mapped to com.middleware.backend.notification.controller.ChannelController#getAll(int, int, String, String)
2025-09-18 20:53:18 [http-nio-8081-exec-5] DEBUG o.s.w.s.m.m.a.HttpEntityMethodProcessor - Using 'application/json', given [*/*] and supported [application/json, application/*+json, application/yaml]
2025-09-18 20:53:18 [http-nio-8081-exec-5] DEBUG o.s.w.s.m.m.a.HttpEntityMethodProcessor - Writing [Page 1 of 0 containing UNKNOWN instances]
2025-09-18 20:53:18 [http-nio-8081-exec-5] DEBUG o.s.web.servlet.DispatcherServlet - Completed 200 OK
2025-09-18 20:53:18 [http-nio-8081-exec-5] DEBUG o.s.w.f.CommonsRequestLoggingFilter - After request [GET /api/channels?page=0&size=10&sortedBy=updatedAt&sortDirection=desc&search=, client=0:0:0:0:0:0:0:1, user=admin@mail.com]
2025-09-18 20:53:26 [scheduling-1] INFO  c.m.b.k.service.DynamicRouteService - Starting route status sync with Camel context
2025-09-18 20:53:26 [scheduling-1] INFO  c.m.b.k.service.DynamicRouteService - Completed route status sync
2025-09-18 20:53:39 [http-nio-8081-exec-6] INFO  c.m.b.k.service.DynamicRouteService - Fetching active routes with pagination
2025-09-18 20:53:39 [http-nio-8081-exec-6] DEBUG o.s.w.f.CommonsRequestLoggingFilter - Before request [GET /api/channels?page=0&size=10&sortedBy=updatedAt&sortDirection=desc&search=, client=0:0:0:0:0:0:0:1, user=admin@mail.com]
2025-09-18 20:53:39 [http-nio-8081-exec-6] DEBUG o.s.web.servlet.DispatcherServlet - GET "/api/channels?page=0&size=10&sortedBy=updatedAt&sortDirection=desc&search=", parameters={masked}
2025-09-18 20:53:39 [http-nio-8081-exec-6] DEBUG o.s.w.s.m.m.a.RequestMappingHandlerMapping - Mapped to com.middleware.backend.notification.controller.ChannelController#getAll(int, int, String, String)
2025-09-18 20:53:39 [http-nio-8081-exec-6] DEBUG o.s.w.s.m.m.a.HttpEntityMethodProcessor - Using 'application/json', given [*/*] and supported [application/json, application/*+json, application/yaml]
2025-09-18 20:53:39 [http-nio-8081-exec-6] DEBUG o.s.w.s.m.m.a.HttpEntityMethodProcessor - Writing [Page 1 of 0 containing UNKNOWN instances]
2025-09-18 20:53:39 [http-nio-8081-exec-6] DEBUG o.s.web.servlet.DispatcherServlet - Completed 200 OK
2025-09-18 20:53:39 [http-nio-8081-exec-6] DEBUG o.s.w.f.CommonsRequestLoggingFilter - After request [GET /api/channels?page=0&size=10&sortedBy=updatedAt&sortDirection=desc&search=, client=0:0:0:0:0:0:0:1, user=admin@mail.com]
2025-09-18 20:53:52 [http-nio-8081-exec-7] INFO  c.m.b.k.service.DynamicRouteService - Fetching active routes with pagination
2025-09-18 20:53:53 [http-nio-8081-exec-7] DEBUG o.s.w.f.CommonsRequestLoggingFilter - Before request [GET /api/channels?page=0&size=10&sortedBy=updatedAt&sortDirection=desc&search=, client=0:0:0:0:0:0:0:1, user=admin@mail.com]
2025-09-18 20:53:53 [http-nio-8081-exec-7] DEBUG o.s.web.servlet.DispatcherServlet - GET "/api/channels?page=0&size=10&sortedBy=updatedAt&sortDirection=desc&search=", parameters={masked}
2025-09-18 20:53:53 [http-nio-8081-exec-7] DEBUG o.s.w.s.m.m.a.RequestMappingHandlerMapping - Mapped to com.middleware.backend.notification.controller.ChannelController#getAll(int, int, String, String)
2025-09-18 20:53:53 [http-nio-8081-exec-7] DEBUG o.s.w.s.m.m.a.HttpEntityMethodProcessor - Using 'application/json', given [*/*] and supported [application/json, application/*+json, application/yaml]
2025-09-18 20:53:53 [http-nio-8081-exec-7] DEBUG o.s.w.s.m.m.a.HttpEntityMethodProcessor - Writing [Page 1 of 0 containing UNKNOWN instances]
2025-09-18 20:53:53 [http-nio-8081-exec-7] DEBUG o.s.web.servlet.DispatcherServlet - Completed 200 OK
2025-09-18 20:53:53 [http-nio-8081-exec-7] DEBUG o.s.w.f.CommonsRequestLoggingFilter - After request [GET /api/channels?page=0&size=10&sortedBy=updatedAt&sortDirection=desc&search=, client=0:0:0:0:0:0:0:1, user=admin@mail.com]
2025-09-18 20:53:56 [scheduling-1] INFO  c.m.b.k.service.DynamicRouteService - Starting route status sync with Camel context
2025-09-18 20:53:56 [scheduling-1] INFO  c.m.b.k.service.DynamicRouteService - Completed route status sync
2025-09-18 20:54:02 [http-nio-8081-exec-8] INFO  c.m.b.k.service.DynamicRouteService - Fetching active routes with pagination
2025-09-18 20:54:02 [http-nio-8081-exec-8] DEBUG o.s.w.f.CommonsRequestLoggingFilter - Before request [GET /api/channels?page=0&size=10&sortedBy=updatedAt&sortDirection=desc&search=, client=0:0:0:0:0:0:0:1, user=admin@mail.com]
2025-09-18 20:54:02 [http-nio-8081-exec-8] DEBUG o.s.web.servlet.DispatcherServlet - GET "/api/channels?page=0&size=10&sortedBy=updatedAt&sortDirection=desc&search=", parameters={masked}
2025-09-18 20:54:02 [http-nio-8081-exec-8] DEBUG o.s.w.s.m.m.a.RequestMappingHandlerMapping - Mapped to com.middleware.backend.notification.controller.ChannelController#getAll(int, int, String, String)
2025-09-18 20:54:02 [http-nio-8081-exec-8] DEBUG o.s.w.s.m.m.a.HttpEntityMethodProcessor - Using 'application/json', given [*/*] and supported [application/json, application/*+json, application/yaml]
2025-09-18 20:54:02 [http-nio-8081-exec-8] DEBUG o.s.w.s.m.m.a.HttpEntityMethodProcessor - Writing [Page 1 of 0 containing UNKNOWN instances]
2025-09-18 20:54:02 [http-nio-8081-exec-8] DEBUG o.s.web.servlet.DispatcherServlet - Completed 200 OK
2025-09-18 20:54:02 [http-nio-8081-exec-8] DEBUG o.s.w.f.CommonsRequestLoggingFilter - After request [GET /api/channels?page=0&size=10&sortedBy=updatedAt&sortDirection=desc&search=, client=0:0:0:0:0:0:0:1, user=admin@mail.com]
2025-09-18 20:54:17 [http-nio-8081-exec-9] INFO  c.m.b.k.service.DynamicRouteService - Fetching active routes with pagination
2025-09-18 20:54:17 [http-nio-8081-exec-9] DEBUG o.s.w.f.CommonsRequestLoggingFilter - Before request [GET /api/channels?page=0&size=10&sortedBy=updatedAt&sortDirection=desc&search=, client=0:0:0:0:0:0:0:1, user=admin@mail.com]
2025-09-18 20:54:17 [http-nio-8081-exec-9] DEBUG o.s.web.servlet.DispatcherServlet - GET "/api/channels?page=0&size=10&sortedBy=updatedAt&sortDirection=desc&search=", parameters={masked}
2025-09-18 20:54:17 [http-nio-8081-exec-9] DEBUG o.s.w.s.m.m.a.RequestMappingHandlerMapping - Mapped to com.middleware.backend.notification.controller.ChannelController#getAll(int, int, String, String)
2025-09-18 20:54:17 [http-nio-8081-exec-9] DEBUG o.s.w.s.m.m.a.HttpEntityMethodProcessor - Using 'application/json', given [*/*] and supported [application/json, application/*+json, application/yaml]
2025-09-18 20:54:17 [http-nio-8081-exec-9] DEBUG o.s.w.s.m.m.a.HttpEntityMethodProcessor - Writing [Page 1 of 0 containing UNKNOWN instances]
2025-09-18 20:54:17 [http-nio-8081-exec-9] DEBUG o.s.web.servlet.DispatcherServlet - Completed 200 OK
2025-09-18 20:54:17 [http-nio-8081-exec-9] DEBUG o.s.w.f.CommonsRequestLoggingFilter - After request [GET /api/channels?page=0&size=10&sortedBy=updatedAt&sortDirection=desc&search=, client=0:0:0:0:0:0:0:1, user=admin@mail.com]
2025-09-18 20:54:26 [scheduling-1] INFO  c.m.b.k.service.DynamicRouteService - Starting route status sync with Camel context
2025-09-18 20:54:26 [scheduling-1] INFO  c.m.b.k.service.DynamicRouteService - Completed route status sync
2025-09-18 20:54:56 [scheduling-1] INFO  c.m.b.k.service.DynamicRouteService - Starting route status sync with Camel context
2025-09-18 20:54:56 [scheduling-1] INFO  c.m.b.k.service.DynamicRouteService - Completed route status sync
2025-09-18 20:55:00 [http-nio-8081-exec-10] INFO  c.m.b.k.service.DynamicRouteService - Fetching active routes with pagination
2025-09-18 20:55:01 [http-nio-8081-exec-10] DEBUG o.s.w.f.CommonsRequestLoggingFilter - Before request [GET /api/channels?page=0&size=10&sortedBy=updatedAt&sortDirection=desc&search=, client=0:0:0:0:0:0:0:1, user=admin@mail.com]
2025-09-18 20:55:01 [http-nio-8081-exec-10] DEBUG o.s.web.servlet.DispatcherServlet - GET "/api/channels?page=0&size=10&sortedBy=updatedAt&sortDirection=desc&search=", parameters={masked}
2025-09-18 20:55:01 [http-nio-8081-exec-10] DEBUG o.s.w.s.m.m.a.RequestMappingHandlerMapping - Mapped to com.middleware.backend.notification.controller.ChannelController#getAll(int, int, String, String)
2025-09-18 20:55:01 [http-nio-8081-exec-10] DEBUG o.s.w.s.m.m.a.HttpEntityMethodProcessor - Using 'application/json', given [*/*] and supported [application/json, application/*+json, application/yaml]
2025-09-18 20:55:01 [http-nio-8081-exec-10] DEBUG o.s.w.s.m.m.a.HttpEntityMethodProcessor - Writing [Page 1 of 0 containing UNKNOWN instances]
2025-09-18 20:55:01 [http-nio-8081-exec-10] DEBUG o.s.web.servlet.DispatcherServlet - Completed 200 OK
2025-09-18 20:55:01 [http-nio-8081-exec-10] DEBUG o.s.w.f.CommonsRequestLoggingFilter - After request [GET /api/channels?page=0&size=10&sortedBy=updatedAt&sortDirection=desc&search=, client=0:0:0:0:0:0:0:1, user=admin@mail.com]
2025-09-18 20:55:08 [http-nio-8081-exec-2] INFO  c.m.b.k.service.DynamicRouteService - Fetching active routes with pagination
2025-09-18 20:55:08 [http-nio-8081-exec-2] DEBUG o.s.w.f.CommonsRequestLoggingFilter - Before request [GET /api/channels?page=0&size=10&sortedBy=updatedAt&sortDirection=desc&search=, client=0:0:0:0:0:0:0:1, user=admin@mail.com]
2025-09-18 20:55:08 [http-nio-8081-exec-2] DEBUG o.s.web.servlet.DispatcherServlet - GET "/api/channels?page=0&size=10&sortedBy=updatedAt&sortDirection=desc&search=", parameters={masked}
2025-09-18 20:55:08 [http-nio-8081-exec-2] DEBUG o.s.w.s.m.m.a.RequestMappingHandlerMapping - Mapped to com.middleware.backend.notification.controller.ChannelController#getAll(int, int, String, String)
2025-09-18 20:55:08 [http-nio-8081-exec-2] DEBUG o.s.w.s.m.m.a.HttpEntityMethodProcessor - Using 'application/json', given [*/*] and supported [application/json, application/*+json, application/yaml]
2025-09-18 20:55:08 [http-nio-8081-exec-2] DEBUG o.s.w.s.m.m.a.HttpEntityMethodProcessor - Writing [Page 1 of 0 containing UNKNOWN instances]
2025-09-18 20:55:08 [http-nio-8081-exec-2] DEBUG o.s.web.servlet.DispatcherServlet - Completed 200 OK
2025-09-18 20:55:08 [http-nio-8081-exec-2] DEBUG o.s.w.f.CommonsRequestLoggingFilter - After request [GET /api/channels?page=0&size=10&sortedBy=updatedAt&sortDirection=desc&search=, client=0:0:0:0:0:0:0:1, user=admin@mail.com]
2025-09-18 20:55:25 [http-nio-8081-exec-3] INFO  c.m.b.k.service.DynamicRouteService - Fetching active routes with pagination
2025-09-18 20:55:25 [http-nio-8081-exec-3] DEBUG o.s.w.f.CommonsRequestLoggingFilter - Before request [GET /api/channels?page=0&size=10&sortedBy=updatedAt&sortDirection=desc&search=, client=0:0:0:0:0:0:0:1, user=admin@mail.com]
2025-09-18 20:55:25 [http-nio-8081-exec-3] DEBUG o.s.web.servlet.DispatcherServlet - GET "/api/channels?page=0&size=10&sortedBy=updatedAt&sortDirection=desc&search=", parameters={masked}
2025-09-18 20:55:25 [http-nio-8081-exec-3] DEBUG o.s.w.s.m.m.a.RequestMappingHandlerMapping - Mapped to com.middleware.backend.notification.controller.ChannelController#getAll(int, int, String, String)
2025-09-18 20:55:25 [http-nio-8081-exec-3] DEBUG o.s.w.s.m.m.a.HttpEntityMethodProcessor - Using 'application/json', given [*/*] and supported [application/json, application/*+json, application/yaml]
2025-09-18 20:55:25 [http-nio-8081-exec-3] DEBUG o.s.w.s.m.m.a.HttpEntityMethodProcessor - Writing [Page 1 of 0 containing UNKNOWN instances]
2025-09-18 20:55:25 [http-nio-8081-exec-3] DEBUG o.s.web.servlet.DispatcherServlet - Completed 200 OK
2025-09-18 20:55:25 [http-nio-8081-exec-3] DEBUG o.s.w.f.CommonsRequestLoggingFilter - After request [GET /api/channels?page=0&size=10&sortedBy=updatedAt&sortDirection=desc&search=, client=0:0:0:0:0:0:0:1, user=admin@mail.com]
2025-09-18 20:55:26 [scheduling-1] INFO  c.m.b.k.service.DynamicRouteService - Starting route status sync with Camel context
2025-09-18 20:55:26 [scheduling-1] INFO  c.m.b.k.service.DynamicRouteService - Completed route status sync
2025-09-18 20:55:49 [http-nio-8081-exec-1] INFO  c.m.b.k.service.DynamicRouteService - Fetching active routes with pagination
2025-09-18 20:55:50 [http-nio-8081-exec-1] DEBUG o.s.w.f.CommonsRequestLoggingFilter - Before request [GET /api/channels?page=0&size=10&sortedBy=updatedAt&sortDirection=desc&search=, client=0:0:0:0:0:0:0:1, user=admin@mail.com]
2025-09-18 20:55:50 [http-nio-8081-exec-1] DEBUG o.s.web.servlet.DispatcherServlet - GET "/api/channels?page=0&size=10&sortedBy=updatedAt&sortDirection=desc&search=", parameters={masked}
2025-09-18 20:55:50 [http-nio-8081-exec-1] DEBUG o.s.w.s.m.m.a.RequestMappingHandlerMapping - Mapped to com.middleware.backend.notification.controller.ChannelController#getAll(int, int, String, String)
2025-09-18 20:55:50 [http-nio-8081-exec-1] DEBUG o.s.w.s.m.m.a.HttpEntityMethodProcessor - Using 'application/json', given [*/*] and supported [application/json, application/*+json, application/yaml]
2025-09-18 20:55:50 [http-nio-8081-exec-1] DEBUG o.s.w.s.m.m.a.HttpEntityMethodProcessor - Writing [Page 1 of 0 containing UNKNOWN instances]
2025-09-18 20:55:50 [http-nio-8081-exec-1] DEBUG o.s.web.servlet.DispatcherServlet - Completed 200 OK
2025-09-18 20:55:50 [http-nio-8081-exec-1] DEBUG o.s.w.f.CommonsRequestLoggingFilter - After request [GET /api/channels?page=0&size=10&sortedBy=updatedAt&sortDirection=desc&search=, client=0:0:0:0:0:0:0:1, user=admin@mail.com]
2025-09-18 20:55:56 [scheduling-1] INFO  c.m.b.k.service.DynamicRouteService - Starting route status sync with Camel context
2025-09-18 20:55:56 [scheduling-1] INFO  c.m.b.k.service.DynamicRouteService - Completed route status sync
2025-09-18 20:55:57 [http-nio-8081-exec-4] INFO  c.m.b.k.service.DynamicRouteService - Fetching active routes with pagination
2025-09-18 20:55:57 [http-nio-8081-exec-4] DEBUG o.s.w.f.CommonsRequestLoggingFilter - Before request [GET /api/channels?page=0&size=10&sortedBy=updatedAt&sortDirection=desc&search=, client=0:0:0:0:0:0:0:1, user=admin@mail.com]
2025-09-18 20:55:57 [http-nio-8081-exec-4] DEBUG o.s.web.servlet.DispatcherServlet - GET "/api/channels?page=0&size=10&sortedBy=updatedAt&sortDirection=desc&search=", parameters={masked}
2025-09-18 20:55:57 [http-nio-8081-exec-4] DEBUG o.s.w.s.m.m.a.RequestMappingHandlerMapping - Mapped to com.middleware.backend.notification.controller.ChannelController#getAll(int, int, String, String)
2025-09-18 20:55:57 [http-nio-8081-exec-4] DEBUG o.s.w.s.m.m.a.HttpEntityMethodProcessor - Using 'application/json', given [*/*] and supported [application/json, application/*+json, application/yaml]
2025-09-18 20:55:57 [http-nio-8081-exec-4] DEBUG o.s.w.s.m.m.a.HttpEntityMethodProcessor - Writing [Page 1 of 0 containing UNKNOWN instances]
2025-09-18 20:55:57 [http-nio-8081-exec-4] DEBUG o.s.web.servlet.DispatcherServlet - Completed 200 OK
2025-09-18 20:55:57 [http-nio-8081-exec-4] DEBUG o.s.w.f.CommonsRequestLoggingFilter - After request [GET /api/channels?page=0&size=10&sortedBy=updatedAt&sortDirection=desc&search=, client=0:0:0:0:0:0:0:1, user=admin@mail.com]
2025-09-18 20:56:08 [http-nio-8081-exec-5] INFO  c.m.b.k.service.DynamicRouteService - Fetching active routes with pagination
2025-09-18 20:56:08 [http-nio-8081-exec-5] DEBUG o.s.w.f.CommonsRequestLoggingFilter - Before request [GET /api/channels?page=0&size=10&sortedBy=updatedAt&sortDirection=desc&search=, client=0:0:0:0:0:0:0:1, user=admin@mail.com]
2025-09-18 20:56:08 [http-nio-8081-exec-5] DEBUG o.s.web.servlet.DispatcherServlet - GET "/api/channels?page=0&size=10&sortedBy=updatedAt&sortDirection=desc&search=", parameters={masked}
2025-09-18 20:56:08 [http-nio-8081-exec-5] DEBUG o.s.w.s.m.m.a.RequestMappingHandlerMapping - Mapped to com.middleware.backend.notification.controller.ChannelController#getAll(int, int, String, String)
2025-09-18 20:56:08 [http-nio-8081-exec-5] DEBUG o.s.w.s.m.m.a.HttpEntityMethodProcessor - Using 'application/json', given [*/*] and supported [application/json, application/*+json, application/yaml]
2025-09-18 20:56:08 [http-nio-8081-exec-5] DEBUG o.s.w.s.m.m.a.HttpEntityMethodProcessor - Writing [Page 1 of 0 containing UNKNOWN instances]
2025-09-18 20:56:08 [http-nio-8081-exec-5] DEBUG o.s.web.servlet.DispatcherServlet - Completed 200 OK
2025-09-18 20:56:08 [http-nio-8081-exec-5] DEBUG o.s.w.f.CommonsRequestLoggingFilter - After request [GET /api/channels?page=0&size=10&sortedBy=updatedAt&sortDirection=desc&search=, client=0:0:0:0:0:0:0:1, user=admin@mail.com]
2025-09-18 20:56:26 [scheduling-1] INFO  c.m.b.k.service.DynamicRouteService - Starting route status sync with Camel context
2025-09-18 20:56:26 [scheduling-1] INFO  c.m.b.k.service.DynamicRouteService - Completed route status sync
2025-09-18 20:56:56 [scheduling-1] INFO  c.m.b.k.service.DynamicRouteService - Starting route status sync with Camel context
2025-09-18 20:56:56 [scheduling-1] INFO  c.m.b.k.service.DynamicRouteService - Completed route status sync
2025-09-18 20:57:01 [http-nio-8081-exec-6] INFO  c.m.b.k.service.DynamicRouteService - Fetching active routes with pagination
2025-09-18 20:57:01 [http-nio-8081-exec-6] DEBUG o.s.w.f.CommonsRequestLoggingFilter - Before request [GET /api/channels?page=0&size=10&sortedBy=updatedAt&sortDirection=desc&search=, client=0:0:0:0:0:0:0:1, user=admin@mail.com]
2025-09-18 20:57:01 [http-nio-8081-exec-6] DEBUG o.s.web.servlet.DispatcherServlet - GET "/api/channels?page=0&size=10&sortedBy=updatedAt&sortDirection=desc&search=", parameters={masked}
2025-09-18 20:57:01 [http-nio-8081-exec-6] DEBUG o.s.w.s.m.m.a.RequestMappingHandlerMapping - Mapped to com.middleware.backend.notification.controller.ChannelController#getAll(int, int, String, String)
2025-09-18 20:57:01 [http-nio-8081-exec-6] DEBUG o.s.w.s.m.m.a.HttpEntityMethodProcessor - Using 'application/json', given [*/*] and supported [application/json, application/*+json, application/yaml]
2025-09-18 20:57:01 [http-nio-8081-exec-6] DEBUG o.s.w.s.m.m.a.HttpEntityMethodProcessor - Writing [Page 1 of 0 containing UNKNOWN instances]
2025-09-18 20:57:01 [http-nio-8081-exec-6] DEBUG o.s.web.servlet.DispatcherServlet - Completed 200 OK
2025-09-18 20:57:01 [http-nio-8081-exec-6] DEBUG o.s.w.f.CommonsRequestLoggingFilter - After request [GET /api/channels?page=0&size=10&sortedBy=updatedAt&sortDirection=desc&search=, client=0:0:0:0:0:0:0:1, user=admin@mail.com]
2025-09-18 20:57:26 [scheduling-1] INFO  c.m.b.k.service.DynamicRouteService - Starting route status sync with Camel context
2025-09-18 20:57:26 [scheduling-1] INFO  c.m.b.k.service.DynamicRouteService - Completed route status sync
2025-09-18 20:57:38 [http-nio-8081-exec-7] INFO  c.m.b.k.service.DynamicRouteService - Fetching active routes with pagination
2025-09-18 20:57:38 [http-nio-8081-exec-7] DEBUG o.s.w.f.CommonsRequestLoggingFilter - Before request [GET /api/channels?page=0&size=10&sortedBy=updatedAt&sortDirection=desc&search=, client=0:0:0:0:0:0:0:1, user=admin@mail.com]
2025-09-18 20:57:38 [http-nio-8081-exec-7] DEBUG o.s.web.servlet.DispatcherServlet - GET "/api/channels?page=0&size=10&sortedBy=updatedAt&sortDirection=desc&search=", parameters={masked}
2025-09-18 20:57:38 [http-nio-8081-exec-7] DEBUG o.s.w.s.m.m.a.RequestMappingHandlerMapping - Mapped to com.middleware.backend.notification.controller.ChannelController#getAll(int, int, String, String)
2025-09-18 20:57:38 [http-nio-8081-exec-7] DEBUG o.s.w.s.m.m.a.HttpEntityMethodProcessor - Using 'application/json', given [*/*] and supported [application/json, application/*+json, application/yaml]
2025-09-18 20:57:38 [http-nio-8081-exec-7] DEBUG o.s.w.s.m.m.a.HttpEntityMethodProcessor - Writing [Page 1 of 0 containing UNKNOWN instances]
2025-09-18 20:57:38 [http-nio-8081-exec-7] DEBUG o.s.web.servlet.DispatcherServlet - Completed 200 OK
2025-09-18 20:57:38 [http-nio-8081-exec-7] DEBUG o.s.w.f.CommonsRequestLoggingFilter - After request [GET /api/channels?page=0&size=10&sortedBy=updatedAt&sortDirection=desc&search=, client=0:0:0:0:0:0:0:1, user=admin@mail.com]
2025-09-18 20:57:56 [scheduling-1] INFO  c.m.b.k.service.DynamicRouteService - Starting route status sync with Camel context
2025-09-18 20:57:56 [scheduling-1] INFO  c.m.b.k.service.DynamicRouteService - Completed route status sync
2025-09-18 20:58:05 [http-nio-8081-exec-8] INFO  c.m.b.k.service.DynamicRouteService - Fetching active routes with pagination
2025-09-18 20:58:06 [http-nio-8081-exec-8] DEBUG o.s.w.f.CommonsRequestLoggingFilter - Before request [GET /api/channels?page=0&size=10&sortedBy=updatedAt&sortDirection=desc&search=, client=0:0:0:0:0:0:0:1, user=admin@mail.com]
2025-09-18 20:58:06 [http-nio-8081-exec-8] DEBUG o.s.web.servlet.DispatcherServlet - GET "/api/channels?page=0&size=10&sortedBy=updatedAt&sortDirection=desc&search=", parameters={masked}
2025-09-18 20:58:06 [http-nio-8081-exec-8] DEBUG o.s.w.s.m.m.a.RequestMappingHandlerMapping - Mapped to com.middleware.backend.notification.controller.ChannelController#getAll(int, int, String, String)
2025-09-18 20:58:06 [http-nio-8081-exec-8] DEBUG o.s.w.s.m.m.a.HttpEntityMethodProcessor - Using 'application/json', given [*/*] and supported [application/json, application/*+json, application/yaml]
2025-09-18 20:58:06 [http-nio-8081-exec-8] DEBUG o.s.w.s.m.m.a.HttpEntityMethodProcessor - Writing [Page 1 of 0 containing UNKNOWN instances]
2025-09-18 20:58:06 [http-nio-8081-exec-8] DEBUG o.s.web.servlet.DispatcherServlet - Completed 200 OK
2025-09-18 20:58:06 [http-nio-8081-exec-8] DEBUG o.s.w.f.CommonsRequestLoggingFilter - After request [GET /api/channels?page=0&size=10&sortedBy=updatedAt&sortDirection=desc&search=, client=0:0:0:0:0:0:0:1, user=admin@mail.com]
2025-09-18 20:58:26 [scheduling-1] INFO  c.m.b.k.service.DynamicRouteService - Starting route status sync with Camel context
2025-09-18 20:58:26 [scheduling-1] INFO  c.m.b.k.service.DynamicRouteService - Completed route status sync
2025-09-18 20:58:29 [http-nio-8081-exec-9] INFO  c.m.b.k.service.DynamicRouteService - Fetching active routes with pagination
2025-09-18 20:58:29 [http-nio-8081-exec-9] DEBUG o.s.w.f.CommonsRequestLoggingFilter - Before request [GET /api/channels?page=0&size=10&sortedBy=updatedAt&sortDirection=desc&search=, client=0:0:0:0:0:0:0:1, user=admin@mail.com]
2025-09-18 20:58:29 [http-nio-8081-exec-9] DEBUG o.s.web.servlet.DispatcherServlet - GET "/api/channels?page=0&size=10&sortedBy=updatedAt&sortDirection=desc&search=", parameters={masked}
2025-09-18 20:58:29 [http-nio-8081-exec-9] DEBUG o.s.w.s.m.m.a.RequestMappingHandlerMapping - Mapped to com.middleware.backend.notification.controller.ChannelController#getAll(int, int, String, String)
2025-09-18 20:58:29 [http-nio-8081-exec-9] DEBUG o.s.w.s.m.m.a.HttpEntityMethodProcessor - Using 'application/json', given [*/*] and supported [application/json, application/*+json, application/yaml]
2025-09-18 20:58:29 [http-nio-8081-exec-9] DEBUG o.s.w.s.m.m.a.HttpEntityMethodProcessor - Writing [Page 1 of 0 containing UNKNOWN instances]
2025-09-18 20:58:29 [http-nio-8081-exec-9] DEBUG o.s.web.servlet.DispatcherServlet - Completed 200 OK
2025-09-18 20:58:29 [http-nio-8081-exec-9] DEBUG o.s.w.f.CommonsRequestLoggingFilter - After request [GET /api/channels?page=0&size=10&sortedBy=updatedAt&sortDirection=desc&search=, client=0:0:0:0:0:0:0:1, user=admin@mail.com]
2025-09-18 20:58:47 [http-nio-8081-exec-10] INFO  c.m.b.k.service.DynamicRouteService - Fetching active routes with pagination
2025-09-18 20:58:47 [http-nio-8081-exec-10] DEBUG o.s.w.f.CommonsRequestLoggingFilter - Before request [GET /api/channels?page=0&size=10&sortedBy=updatedAt&sortDirection=desc&search=, client=0:0:0:0:0:0:0:1, user=admin@mail.com]
2025-09-18 20:58:47 [http-nio-8081-exec-10] DEBUG o.s.web.servlet.DispatcherServlet - GET "/api/channels?page=0&size=10&sortedBy=updatedAt&sortDirection=desc&search=", parameters={masked}
2025-09-18 20:58:47 [http-nio-8081-exec-10] DEBUG o.s.w.s.m.m.a.RequestMappingHandlerMapping - Mapped to com.middleware.backend.notification.controller.ChannelController#getAll(int, int, String, String)
2025-09-18 20:58:47 [http-nio-8081-exec-10] DEBUG o.s.w.s.m.m.a.HttpEntityMethodProcessor - Using 'application/json', given [*/*] and supported [application/json, application/*+json, application/yaml]
2025-09-18 20:58:47 [http-nio-8081-exec-10] DEBUG o.s.w.s.m.m.a.HttpEntityMethodProcessor - Writing [Page 1 of 0 containing UNKNOWN instances]
2025-09-18 20:58:47 [http-nio-8081-exec-10] DEBUG o.s.web.servlet.DispatcherServlet - Completed 200 OK
2025-09-18 20:58:47 [http-nio-8081-exec-10] DEBUG o.s.w.f.CommonsRequestLoggingFilter - After request [GET /api/channels?page=0&size=10&sortedBy=updatedAt&sortDirection=desc&search=, client=0:0:0:0:0:0:0:1, user=admin@mail.com]
2025-09-18 20:58:56 [scheduling-1] INFO  c.m.b.k.service.DynamicRouteService - Starting route status sync with Camel context
2025-09-18 20:58:56 [scheduling-1] INFO  c.m.b.k.service.DynamicRouteService - Completed route status sync
2025-09-18 20:59:03 [http-nio-8081-exec-2] INFO  c.m.b.k.service.DynamicRouteService - Fetching active routes with pagination
2025-09-18 20:59:04 [http-nio-8081-exec-2] DEBUG o.s.w.f.CommonsRequestLoggingFilter - Before request [GET /api/channels?page=0&size=10&sortedBy=updatedAt&sortDirection=desc&search=, client=0:0:0:0:0:0:0:1, user=admin@mail.com]
2025-09-18 20:59:04 [http-nio-8081-exec-2] DEBUG o.s.web.servlet.DispatcherServlet - GET "/api/channels?page=0&size=10&sortedBy=updatedAt&sortDirection=desc&search=", parameters={masked}
2025-09-18 20:59:04 [http-nio-8081-exec-2] DEBUG o.s.w.s.m.m.a.RequestMappingHandlerMapping - Mapped to com.middleware.backend.notification.controller.ChannelController#getAll(int, int, String, String)
2025-09-18 20:59:04 [http-nio-8081-exec-2] DEBUG o.s.w.s.m.m.a.HttpEntityMethodProcessor - Using 'application/json', given [*/*] and supported [application/json, application/*+json, application/yaml]
2025-09-18 20:59:04 [http-nio-8081-exec-2] DEBUG o.s.w.s.m.m.a.HttpEntityMethodProcessor - Writing [Page 1 of 0 containing UNKNOWN instances]
2025-09-18 20:59:04 [http-nio-8081-exec-2] DEBUG o.s.web.servlet.DispatcherServlet - Completed 200 OK
2025-09-18 20:59:04 [http-nio-8081-exec-2] DEBUG o.s.w.f.CommonsRequestLoggingFilter - After request [GET /api/channels?page=0&size=10&sortedBy=updatedAt&sortDirection=desc&search=, client=0:0:0:0:0:0:0:1, user=admin@mail.com]
2025-09-18 20:59:26 [scheduling-1] INFO  c.m.b.k.service.DynamicRouteService - Starting route status sync with Camel context
2025-09-18 20:59:26 [scheduling-1] INFO  c.m.b.k.service.DynamicRouteService - Completed route status sync
2025-09-18 20:59:37 [http-nio-8081-exec-3] INFO  c.m.b.k.service.DynamicRouteService - Fetching active routes with pagination
2025-09-18 20:59:37 [http-nio-8081-exec-3] DEBUG o.s.w.f.CommonsRequestLoggingFilter - Before request [GET /api/channels?page=0&size=10&sortedBy=updatedAt&sortDirection=desc&search=, client=0:0:0:0:0:0:0:1, user=admin@mail.com]
2025-09-18 20:59:37 [http-nio-8081-exec-3] DEBUG o.s.web.servlet.DispatcherServlet - GET "/api/channels?page=0&size=10&sortedBy=updatedAt&sortDirection=desc&search=", parameters={masked}
2025-09-18 20:59:37 [http-nio-8081-exec-3] DEBUG o.s.w.s.m.m.a.RequestMappingHandlerMapping - Mapped to com.middleware.backend.notification.controller.ChannelController#getAll(int, int, String, String)
2025-09-18 20:59:37 [http-nio-8081-exec-3] DEBUG o.s.w.s.m.m.a.HttpEntityMethodProcessor - Using 'application/json', given [*/*] and supported [application/json, application/*+json, application/yaml]
2025-09-18 20:59:37 [http-nio-8081-exec-3] DEBUG o.s.w.s.m.m.a.HttpEntityMethodProcessor - Writing [Page 1 of 0 containing UNKNOWN instances]
2025-09-18 20:59:37 [http-nio-8081-exec-3] DEBUG o.s.web.servlet.DispatcherServlet - Completed 200 OK
2025-09-18 20:59:37 [http-nio-8081-exec-3] DEBUG o.s.w.f.CommonsRequestLoggingFilter - After request [GET /api/channels?page=0&size=10&sortedBy=updatedAt&sortDirection=desc&search=, client=0:0:0:0:0:0:0:1, user=admin@mail.com]
2025-09-18 20:59:51 [http-nio-8081-exec-1] INFO  c.m.b.k.service.DynamicRouteService - Fetching active routes with pagination
2025-09-18 20:59:52 [http-nio-8081-exec-1] DEBUG o.s.w.f.CommonsRequestLoggingFilter - Before request [GET /api/channels?page=0&size=10&sortedBy=updatedAt&sortDirection=desc&search=, client=0:0:0:0:0:0:0:1, user=admin@mail.com]
2025-09-18 20:59:52 [http-nio-8081-exec-1] DEBUG o.s.web.servlet.DispatcherServlet - GET "/api/channels?page=0&size=10&sortedBy=updatedAt&sortDirection=desc&search=", parameters={masked}
2025-09-18 20:59:52 [http-nio-8081-exec-1] DEBUG o.s.w.s.m.m.a.RequestMappingHandlerMapping - Mapped to com.middleware.backend.notification.controller.ChannelController#getAll(int, int, String, String)
2025-09-18 20:59:52 [http-nio-8081-exec-1] DEBUG o.s.w.s.m.m.a.HttpEntityMethodProcessor - Using 'application/json', given [*/*] and supported [application/json, application/*+json, application/yaml]
2025-09-18 20:59:52 [http-nio-8081-exec-1] DEBUG o.s.w.s.m.m.a.HttpEntityMethodProcessor - Writing [Page 1 of 0 containing UNKNOWN instances]
2025-09-18 20:59:52 [http-nio-8081-exec-1] DEBUG o.s.web.servlet.DispatcherServlet - Completed 200 OK
2025-09-18 20:59:52 [http-nio-8081-exec-1] DEBUG o.s.w.f.CommonsRequestLoggingFilter - After request [GET /api/channels?page=0&size=10&sortedBy=updatedAt&sortDirection=desc&search=, client=0:0:0:0:0:0:0:1, user=admin@mail.com]
2025-09-18 20:59:56 [scheduling-1] INFO  c.m.b.k.service.DynamicRouteService - Starting route status sync with Camel context
2025-09-18 20:59:56 [scheduling-1] INFO  c.m.b.k.service.DynamicRouteService - Completed route status sync
2025-09-18 21:00:12 [http-nio-8081-exec-4] INFO  c.m.b.k.service.DynamicRouteService - Fetching active routes with pagination
2025-09-18 21:00:12 [http-nio-8081-exec-4] DEBUG o.s.w.f.CommonsRequestLoggingFilter - Before request [GET /api/channels?page=0&size=10&sortedBy=updatedAt&sortDirection=desc&search=, client=0:0:0:0:0:0:0:1, user=admin@mail.com]
2025-09-18 21:00:12 [http-nio-8081-exec-4] DEBUG o.s.web.servlet.DispatcherServlet - GET "/api/channels?page=0&size=10&sortedBy=updatedAt&sortDirection=desc&search=", parameters={masked}
2025-09-18 21:00:12 [http-nio-8081-exec-4] DEBUG o.s.w.s.m.m.a.RequestMappingHandlerMapping - Mapped to com.middleware.backend.notification.controller.ChannelController#getAll(int, int, String, String)
2025-09-18 21:00:12 [http-nio-8081-exec-4] DEBUG o.s.w.s.m.m.a.HttpEntityMethodProcessor - Using 'application/json', given [*/*] and supported [application/json, application/*+json, application/yaml]
2025-09-18 21:00:12 [http-nio-8081-exec-4] DEBUG o.s.w.s.m.m.a.HttpEntityMethodProcessor - Writing [Page 1 of 0 containing UNKNOWN instances]
2025-09-18 21:00:12 [http-nio-8081-exec-4] DEBUG o.s.web.servlet.DispatcherServlet - Completed 200 OK
2025-09-18 21:00:12 [http-nio-8081-exec-4] DEBUG o.s.w.f.CommonsRequestLoggingFilter - After request [GET /api/channels?page=0&size=10&sortedBy=updatedAt&sortDirection=desc&search=, client=0:0:0:0:0:0:0:1, user=admin@mail.com]
2025-09-18 21:00:25 [http-nio-8081-exec-5] INFO  c.m.b.k.service.DynamicRouteService - Fetching active routes with pagination
2025-09-18 21:00:25 [http-nio-8081-exec-5] DEBUG o.s.w.f.CommonsRequestLoggingFilter - Before request [GET /api/channels?page=0&size=10&sortedBy=updatedAt&sortDirection=desc&search=, client=0:0:0:0:0:0:0:1, user=admin@mail.com]
2025-09-18 21:00:25 [http-nio-8081-exec-5] DEBUG o.s.web.servlet.DispatcherServlet - GET "/api/channels?page=0&size=10&sortedBy=updatedAt&sortDirection=desc&search=", parameters={masked}
2025-09-18 21:00:25 [http-nio-8081-exec-5] DEBUG o.s.w.s.m.m.a.RequestMappingHandlerMapping - Mapped to com.middleware.backend.notification.controller.ChannelController#getAll(int, int, String, String)
2025-09-18 21:00:25 [http-nio-8081-exec-5] DEBUG o.s.w.s.m.m.a.HttpEntityMethodProcessor - Using 'application/json', given [*/*] and supported [application/json, application/*+json, application/yaml]
2025-09-18 21:00:25 [http-nio-8081-exec-5] DEBUG o.s.w.s.m.m.a.HttpEntityMethodProcessor - Writing [Page 1 of 0 containing UNKNOWN instances]
2025-09-18 21:00:25 [http-nio-8081-exec-5] DEBUG o.s.web.servlet.DispatcherServlet - Completed 200 OK
2025-09-18 21:00:25 [http-nio-8081-exec-5] DEBUG o.s.w.f.CommonsRequestLoggingFilter - After request [GET /api/channels?page=0&size=10&sortedBy=updatedAt&sortDirection=desc&search=, client=0:0:0:0:0:0:0:1, user=admin@mail.com]
2025-09-18 21:00:25 [http-nio-8081-exec-6] INFO  c.m.b.k.service.DynamicRouteService - Fetching active routes with pagination
2025-09-18 21:00:25 [http-nio-8081-exec-6] DEBUG o.s.w.f.CommonsRequestLoggingFilter - Before request [GET /api/channels?page=0&size=10&sortedBy=updatedAt&sortDirection=desc&search=, client=0:0:0:0:0:0:0:1, user=admin@mail.com]
2025-09-18 21:00:25 [http-nio-8081-exec-6] DEBUG o.s.web.servlet.DispatcherServlet - GET "/api/channels?page=0&size=10&sortedBy=updatedAt&sortDirection=desc&search=", parameters={masked}
2025-09-18 21:00:25 [http-nio-8081-exec-6] DEBUG o.s.w.s.m.m.a.RequestMappingHandlerMapping - Mapped to com.middleware.backend.notification.controller.ChannelController#getAll(int, int, String, String)
2025-09-18 21:00:25 [http-nio-8081-exec-6] DEBUG o.s.w.s.m.m.a.HttpEntityMethodProcessor - Using 'application/json', given [*/*] and supported [application/json, application/*+json, application/yaml]
2025-09-18 21:00:25 [http-nio-8081-exec-6] DEBUG o.s.w.s.m.m.a.HttpEntityMethodProcessor - Writing [Page 1 of 0 containing UNKNOWN instances]
2025-09-18 21:00:25 [http-nio-8081-exec-6] DEBUG o.s.web.servlet.DispatcherServlet - Completed 200 OK
2025-09-18 21:00:25 [http-nio-8081-exec-6] DEBUG o.s.w.f.CommonsRequestLoggingFilter - After request [GET /api/channels?page=0&size=10&sortedBy=updatedAt&sortDirection=desc&search=, client=0:0:0:0:0:0:0:1, user=admin@mail.com]
2025-09-18 21:00:26 [scheduling-1] INFO  c.m.b.k.service.DynamicRouteService - Starting route status sync with Camel context
2025-09-18 21:00:26 [scheduling-1] INFO  c.m.b.k.service.DynamicRouteService - Completed route status sync
2025-09-18 21:00:37 [http-nio-8081-exec-7] INFO  c.m.b.k.service.DynamicRouteService - Fetching active routes with pagination
2025-09-18 21:00:37 [http-nio-8081-exec-7] DEBUG o.s.w.f.CommonsRequestLoggingFilter - Before request [GET /api/channels?page=0&size=10&sortedBy=updatedAt&sortDirection=desc&search=, client=0:0:0:0:0:0:0:1, user=admin@mail.com]
2025-09-18 21:00:37 [http-nio-8081-exec-7] DEBUG o.s.web.servlet.DispatcherServlet - GET "/api/channels?page=0&size=10&sortedBy=updatedAt&sortDirection=desc&search=", parameters={masked}
2025-09-18 21:00:37 [http-nio-8081-exec-7] DEBUG o.s.w.s.m.m.a.RequestMappingHandlerMapping - Mapped to com.middleware.backend.notification.controller.ChannelController#getAll(int, int, String, String)
2025-09-18 21:00:37 [http-nio-8081-exec-7] DEBUG o.s.w.s.m.m.a.HttpEntityMethodProcessor - Using 'application/json', given [*/*] and supported [application/json, application/*+json, application/yaml]
2025-09-18 21:00:37 [http-nio-8081-exec-7] DEBUG o.s.w.s.m.m.a.HttpEntityMethodProcessor - Writing [Page 1 of 0 containing UNKNOWN instances]
2025-09-18 21:00:37 [http-nio-8081-exec-7] DEBUG o.s.web.servlet.DispatcherServlet - Completed 200 OK
2025-09-18 21:00:37 [http-nio-8081-exec-7] DEBUG o.s.w.f.CommonsRequestLoggingFilter - After request [GET /api/channels?page=0&size=10&sortedBy=updatedAt&sortDirection=desc&search=, client=0:0:0:0:0:0:0:1, user=admin@mail.com]
2025-09-18 21:00:56 [scheduling-1] INFO  c.m.b.k.service.DynamicRouteService - Starting route status sync with Camel context
2025-09-18 21:00:56 [scheduling-1] INFO  c.m.b.k.service.DynamicRouteService - Completed route status sync
2025-09-18 21:01:26 [scheduling-1] INFO  c.m.b.k.service.DynamicRouteService - Starting route status sync with Camel context
2025-09-18 21:01:26 [scheduling-1] INFO  c.m.b.k.service.DynamicRouteService - Completed route status sync
2025-09-18 21:01:35 [http-nio-8081-exec-8] INFO  c.m.b.k.service.DynamicRouteService - Fetching active routes with pagination
2025-09-18 21:01:36 [http-nio-8081-exec-8] DEBUG o.s.w.f.CommonsRequestLoggingFilter - Before request [GET /api/channels?page=0&size=10&sortedBy=updatedAt&sortDirection=desc&search=, client=0:0:0:0:0:0:0:1, user=admin@mail.com]
2025-09-18 21:01:36 [http-nio-8081-exec-8] DEBUG o.s.web.servlet.DispatcherServlet - GET "/api/channels?page=0&size=10&sortedBy=updatedAt&sortDirection=desc&search=", parameters={masked}
2025-09-18 21:01:36 [http-nio-8081-exec-8] DEBUG o.s.w.s.m.m.a.RequestMappingHandlerMapping - Mapped to com.middleware.backend.notification.controller.ChannelController#getAll(int, int, String, String)
2025-09-18 21:01:36 [http-nio-8081-exec-8] DEBUG o.s.w.s.m.m.a.HttpEntityMethodProcessor - Using 'application/json', given [*/*] and supported [application/json, application/*+json, application/yaml]
2025-09-18 21:01:36 [http-nio-8081-exec-8] DEBUG o.s.w.s.m.m.a.HttpEntityMethodProcessor - Writing [Page 1 of 0 containing UNKNOWN instances]
2025-09-18 21:01:36 [http-nio-8081-exec-8] DEBUG o.s.web.servlet.DispatcherServlet - Completed 200 OK
2025-09-18 21:01:36 [http-nio-8081-exec-8] DEBUG o.s.w.f.CommonsRequestLoggingFilter - After request [GET /api/channels?page=0&size=10&sortedBy=updatedAt&sortDirection=desc&search=, client=0:0:0:0:0:0:0:1, user=admin@mail.com]
2025-09-18 21:01:45 [http-nio-8081-exec-9] INFO  c.m.b.k.service.DynamicRouteService - Fetching active routes with pagination
2025-09-18 21:01:46 [http-nio-8081-exec-9] DEBUG o.s.w.f.CommonsRequestLoggingFilter - Before request [GET /api/channels?page=0&size=10&sortedBy=updatedAt&sortDirection=desc&search=, client=0:0:0:0:0:0:0:1, user=admin@mail.com]
2025-09-18 21:01:46 [http-nio-8081-exec-9] DEBUG o.s.web.servlet.DispatcherServlet - GET "/api/channels?page=0&size=10&sortedBy=updatedAt&sortDirection=desc&search=", parameters={masked}
2025-09-18 21:01:46 [http-nio-8081-exec-9] DEBUG o.s.w.s.m.m.a.RequestMappingHandlerMapping - Mapped to com.middleware.backend.notification.controller.ChannelController#getAll(int, int, String, String)
2025-09-18 21:01:46 [http-nio-8081-exec-9] DEBUG o.s.w.s.m.m.a.HttpEntityMethodProcessor - Using 'application/json', given [*/*] and supported [application/json, application/*+json, application/yaml]
2025-09-18 21:01:46 [http-nio-8081-exec-9] DEBUG o.s.w.s.m.m.a.HttpEntityMethodProcessor - Writing [Page 1 of 0 containing UNKNOWN instances]
2025-09-18 21:01:46 [http-nio-8081-exec-9] DEBUG o.s.web.servlet.DispatcherServlet - Completed 200 OK
2025-09-18 21:01:46 [http-nio-8081-exec-9] DEBUG o.s.w.f.CommonsRequestLoggingFilter - After request [GET /api/channels?page=0&size=10&sortedBy=updatedAt&sortDirection=desc&search=, client=0:0:0:0:0:0:0:1, user=admin@mail.com]
2025-09-18 21:01:56 [scheduling-1] INFO  c.m.b.k.service.DynamicRouteService - Starting route status sync with Camel context
2025-09-18 21:01:56 [scheduling-1] INFO  c.m.b.k.service.DynamicRouteService - Completed route status sync
2025-09-18 21:02:00 [http-nio-8081-exec-10] INFO  c.m.b.k.service.DynamicRouteService - Fetching active routes with pagination
2025-09-18 21:02:00 [http-nio-8081-exec-10] DEBUG o.s.w.f.CommonsRequestLoggingFilter - Before request [GET /api/channels?page=0&size=10&sortedBy=updatedAt&sortDirection=desc&search=, client=0:0:0:0:0:0:0:1, user=admin@mail.com]
2025-09-18 21:02:00 [http-nio-8081-exec-10] DEBUG o.s.web.servlet.DispatcherServlet - GET "/api/channels?page=0&size=10&sortedBy=updatedAt&sortDirection=desc&search=", parameters={masked}
2025-09-18 21:02:00 [http-nio-8081-exec-10] DEBUG o.s.w.s.m.m.a.RequestMappingHandlerMapping - Mapped to com.middleware.backend.notification.controller.ChannelController#getAll(int, int, String, String)
2025-09-18 21:02:00 [http-nio-8081-exec-10] DEBUG o.s.w.s.m.m.a.HttpEntityMethodProcessor - Using 'application/json', given [*/*] and supported [application/json, application/*+json, application/yaml]
2025-09-18 21:02:00 [http-nio-8081-exec-10] DEBUG o.s.w.s.m.m.a.HttpEntityMethodProcessor - Writing [Page 1 of 0 containing UNKNOWN instances]
2025-09-18 21:02:00 [http-nio-8081-exec-10] DEBUG o.s.web.servlet.DispatcherServlet - Completed 200 OK
2025-09-18 21:02:00 [http-nio-8081-exec-10] DEBUG o.s.w.f.CommonsRequestLoggingFilter - After request [GET /api/channels?page=0&size=10&sortedBy=updatedAt&sortDirection=desc&search=, client=0:0:0:0:0:0:0:1, user=admin@mail.com]
2025-09-18 21:02:15 [http-nio-8081-exec-2] INFO  c.m.b.k.service.DynamicRouteService - Fetching active routes with pagination
2025-09-18 21:02:15 [http-nio-8081-exec-2] DEBUG o.s.w.f.CommonsRequestLoggingFilter - Before request [GET /api/channels?page=0&size=10&sortedBy=updatedAt&sortDirection=desc&search=, client=0:0:0:0:0:0:0:1, user=admin@mail.com]
2025-09-18 21:02:15 [http-nio-8081-exec-2] DEBUG o.s.web.servlet.DispatcherServlet - GET "/api/channels?page=0&size=10&sortedBy=updatedAt&sortDirection=desc&search=", parameters={masked}
2025-09-18 21:02:15 [http-nio-8081-exec-2] DEBUG o.s.w.s.m.m.a.RequestMappingHandlerMapping - Mapped to com.middleware.backend.notification.controller.ChannelController#getAll(int, int, String, String)
2025-09-18 21:02:15 [http-nio-8081-exec-2] DEBUG o.s.w.s.m.m.a.HttpEntityMethodProcessor - Using 'application/json', given [*/*] and supported [application/json, application/*+json, application/yaml]
2025-09-18 21:02:15 [http-nio-8081-exec-2] DEBUG o.s.w.s.m.m.a.HttpEntityMethodProcessor - Writing [Page 1 of 0 containing UNKNOWN instances]
2025-09-18 21:02:15 [http-nio-8081-exec-2] DEBUG o.s.web.servlet.DispatcherServlet - Completed 200 OK
2025-09-18 21:02:15 [http-nio-8081-exec-2] DEBUG o.s.w.f.CommonsRequestLoggingFilter - After request [GET /api/channels?page=0&size=10&sortedBy=updatedAt&sortDirection=desc&search=, client=0:0:0:0:0:0:0:1, user=admin@mail.com]
2025-09-18 21:02:26 [scheduling-1] INFO  c.m.b.k.service.DynamicRouteService - Starting route status sync with Camel context
2025-09-18 21:02:26 [scheduling-1] INFO  c.m.b.k.service.DynamicRouteService - Completed route status sync
2025-09-18 21:02:34 [http-nio-8081-exec-3] INFO  c.m.b.k.service.DynamicRouteService - Fetching active routes with pagination
2025-09-18 21:02:34 [http-nio-8081-exec-3] DEBUG o.s.w.f.CommonsRequestLoggingFilter - Before request [GET /api/channels?page=0&size=10&sortedBy=updatedAt&sortDirection=desc&search=, client=0:0:0:0:0:0:0:1, user=admin@mail.com]
2025-09-18 21:02:34 [http-nio-8081-exec-3] DEBUG o.s.web.servlet.DispatcherServlet - GET "/api/channels?page=0&size=10&sortedBy=updatedAt&sortDirection=desc&search=", parameters={masked}
2025-09-18 21:02:34 [http-nio-8081-exec-3] DEBUG o.s.w.s.m.m.a.RequestMappingHandlerMapping - Mapped to com.middleware.backend.notification.controller.ChannelController#getAll(int, int, String, String)
2025-09-18 21:02:34 [http-nio-8081-exec-3] DEBUG o.s.w.s.m.m.a.HttpEntityMethodProcessor - Using 'application/json', given [*/*] and supported [application/json, application/*+json, application/yaml]
2025-09-18 21:02:34 [http-nio-8081-exec-3] DEBUG o.s.w.s.m.m.a.HttpEntityMethodProcessor - Writing [Page 1 of 0 containing UNKNOWN instances]
2025-09-18 21:02:34 [http-nio-8081-exec-3] DEBUG o.s.web.servlet.DispatcherServlet - Completed 200 OK
2025-09-18 21:02:34 [http-nio-8081-exec-3] DEBUG o.s.w.f.CommonsRequestLoggingFilter - After request [GET /api/channels?page=0&size=10&sortedBy=updatedAt&sortDirection=desc&search=, client=0:0:0:0:0:0:0:1, user=admin@mail.com]
2025-09-18 21:02:50 [http-nio-8081-exec-1] INFO  c.m.b.k.service.DynamicRouteService - Fetching active routes with pagination
2025-09-18 21:02:50 [http-nio-8081-exec-1] DEBUG o.s.w.f.CommonsRequestLoggingFilter - Before request [GET /api/channels?page=0&size=10&sortedBy=updatedAt&sortDirection=desc&search=, client=0:0:0:0:0:0:0:1, user=admin@mail.com]
2025-09-18 21:02:50 [http-nio-8081-exec-1] DEBUG o.s.web.servlet.DispatcherServlet - GET "/api/channels?page=0&size=10&sortedBy=updatedAt&sortDirection=desc&search=", parameters={masked}
2025-09-18 21:02:50 [http-nio-8081-exec-1] DEBUG o.s.w.s.m.m.a.RequestMappingHandlerMapping - Mapped to com.middleware.backend.notification.controller.ChannelController#getAll(int, int, String, String)
2025-09-18 21:02:50 [http-nio-8081-exec-1] DEBUG o.s.w.s.m.m.a.HttpEntityMethodProcessor - Using 'application/json', given [*/*] and supported [application/json, application/*+json, application/yaml]
2025-09-18 21:02:50 [http-nio-8081-exec-1] DEBUG o.s.w.s.m.m.a.HttpEntityMethodProcessor - Writing [Page 1 of 0 containing UNKNOWN instances]
2025-09-18 21:02:50 [http-nio-8081-exec-1] DEBUG o.s.web.servlet.DispatcherServlet - Completed 200 OK
2025-09-18 21:02:50 [http-nio-8081-exec-1] DEBUG o.s.w.f.CommonsRequestLoggingFilter - After request [GET /api/channels?page=0&size=10&sortedBy=updatedAt&sortDirection=desc&search=, client=0:0:0:0:0:0:0:1, user=admin@mail.com]
2025-09-18 21:02:56 [scheduling-1] INFO  c.m.b.k.service.DynamicRouteService - Starting route status sync with Camel context
2025-09-18 21:02:56 [scheduling-1] INFO  c.m.b.k.service.DynamicRouteService - Completed route status sync
2025-09-18 21:03:26 [scheduling-1] INFO  c.m.b.k.service.DynamicRouteService - Starting route status sync with Camel context
2025-09-18 21:03:26 [scheduling-1] INFO  c.m.b.k.service.DynamicRouteService - Completed route status sync
2025-09-18 21:03:29 [http-nio-8081-exec-4] INFO  c.m.b.k.service.DynamicRouteService - Fetching active routes with pagination
2025-09-18 21:03:29 [http-nio-8081-exec-4] DEBUG o.s.w.f.CommonsRequestLoggingFilter - Before request [GET /api/channels?page=0&size=10&sortedBy=updatedAt&sortDirection=desc&search=, client=0:0:0:0:0:0:0:1, user=admin@mail.com]
2025-09-18 21:03:29 [http-nio-8081-exec-4] DEBUG o.s.web.servlet.DispatcherServlet - GET "/api/channels?page=0&size=10&sortedBy=updatedAt&sortDirection=desc&search=", parameters={masked}
2025-09-18 21:03:29 [http-nio-8081-exec-4] DEBUG o.s.w.s.m.m.a.RequestMappingHandlerMapping - Mapped to com.middleware.backend.notification.controller.ChannelController#getAll(int, int, String, String)
2025-09-18 21:03:29 [http-nio-8081-exec-4] DEBUG o.s.w.s.m.m.a.HttpEntityMethodProcessor - Using 'application/json', given [*/*] and supported [application/json, application/*+json, application/yaml]
2025-09-18 21:03:29 [http-nio-8081-exec-4] DEBUG o.s.w.s.m.m.a.HttpEntityMethodProcessor - Writing [Page 1 of 0 containing UNKNOWN instances]
2025-09-18 21:03:29 [http-nio-8081-exec-4] DEBUG o.s.web.servlet.DispatcherServlet - Completed 200 OK
2025-09-18 21:03:29 [http-nio-8081-exec-4] DEBUG o.s.w.f.CommonsRequestLoggingFilter - After request [GET /api/channels?page=0&size=10&sortedBy=updatedAt&sortDirection=desc&search=, client=0:0:0:0:0:0:0:1, user=admin@mail.com]
2025-09-18 21:03:56 [http-nio-8081-exec-5] INFO  c.m.b.k.service.DynamicRouteService - Fetching active routes with pagination
2025-09-18 21:03:56 [http-nio-8081-exec-5] DEBUG o.s.w.f.CommonsRequestLoggingFilter - Before request [GET /api/channels?page=0&size=10&sortedBy=updatedAt&sortDirection=desc&search=, client=0:0:0:0:0:0:0:1, user=admin@mail.com]
2025-09-18 21:03:56 [http-nio-8081-exec-5] DEBUG o.s.web.servlet.DispatcherServlet - GET "/api/channels?page=0&size=10&sortedBy=updatedAt&sortDirection=desc&search=", parameters={masked}
2025-09-18 21:03:56 [http-nio-8081-exec-5] DEBUG o.s.w.s.m.m.a.RequestMappingHandlerMapping - Mapped to com.middleware.backend.notification.controller.ChannelController#getAll(int, int, String, String)
2025-09-18 21:03:56 [http-nio-8081-exec-5] DEBUG o.s.w.s.m.m.a.HttpEntityMethodProcessor - Using 'application/json', given [*/*] and supported [application/json, application/*+json, application/yaml]
2025-09-18 21:03:56 [http-nio-8081-exec-5] DEBUG o.s.w.s.m.m.a.HttpEntityMethodProcessor - Writing [Page 1 of 0 containing UNKNOWN instances]
2025-09-18 21:03:56 [http-nio-8081-exec-5] DEBUG o.s.web.servlet.DispatcherServlet - Completed 200 OK
2025-09-18 21:03:56 [http-nio-8081-exec-5] DEBUG o.s.w.f.CommonsRequestLoggingFilter - After request [GET /api/channels?page=0&size=10&sortedBy=updatedAt&sortDirection=desc&search=, client=0:0:0:0:0:0:0:1, user=admin@mail.com]
2025-09-18 21:03:56 [scheduling-1] INFO  c.m.b.k.service.DynamicRouteService - Starting route status sync with Camel context
2025-09-18 21:03:56 [scheduling-1] INFO  c.m.b.k.service.DynamicRouteService - Completed route status sync
2025-09-18 21:04:07 [http-nio-8081-exec-6] INFO  c.m.b.k.service.DynamicRouteService - Fetching active routes with pagination
2025-09-18 21:04:07 [http-nio-8081-exec-6] DEBUG o.s.w.f.CommonsRequestLoggingFilter - Before request [GET /api/channels?page=0&size=10&sortedBy=updatedAt&sortDirection=desc&search=, client=0:0:0:0:0:0:0:1, user=admin@mail.com]
2025-09-18 21:04:07 [http-nio-8081-exec-6] DEBUG o.s.web.servlet.DispatcherServlet - GET "/api/channels?page=0&size=10&sortedBy=updatedAt&sortDirection=desc&search=", parameters={masked}
2025-09-18 21:04:07 [http-nio-8081-exec-6] DEBUG o.s.w.s.m.m.a.RequestMappingHandlerMapping - Mapped to com.middleware.backend.notification.controller.ChannelController#getAll(int, int, String, String)
2025-09-18 21:04:07 [http-nio-8081-exec-6] DEBUG o.s.w.s.m.m.a.HttpEntityMethodProcessor - Using 'application/json', given [*/*] and supported [application/json, application/*+json, application/yaml]
2025-09-18 21:04:07 [http-nio-8081-exec-6] DEBUG o.s.w.s.m.m.a.HttpEntityMethodProcessor - Writing [Page 1 of 0 containing UNKNOWN instances]
2025-09-18 21:04:07 [http-nio-8081-exec-6] DEBUG o.s.web.servlet.DispatcherServlet - Completed 200 OK
2025-09-18 21:04:07 [http-nio-8081-exec-6] DEBUG o.s.w.f.CommonsRequestLoggingFilter - After request [GET /api/channels?page=0&size=10&sortedBy=updatedAt&sortDirection=desc&search=, client=0:0:0:0:0:0:0:1, user=admin@mail.com]
2025-09-18 21:04:26 [http-nio-8081-exec-7] INFO  c.m.b.k.service.DynamicRouteService - Fetching active routes with pagination
2025-09-18 21:04:26 [scheduling-1] INFO  c.m.b.k.service.DynamicRouteService - Starting route status sync with Camel context
2025-09-18 21:04:26 [scheduling-1] INFO  c.m.b.k.service.DynamicRouteService - Completed route status sync
2025-09-18 21:04:26 [http-nio-8081-exec-7] DEBUG o.s.w.f.CommonsRequestLoggingFilter - Before request [GET /api/channels?page=0&size=10&sortedBy=updatedAt&sortDirection=desc&search=, client=0:0:0:0:0:0:0:1, user=admin@mail.com]
2025-09-18 21:04:26 [http-nio-8081-exec-7] DEBUG o.s.web.servlet.DispatcherServlet - GET "/api/channels?page=0&size=10&sortedBy=updatedAt&sortDirection=desc&search=", parameters={masked}
2025-09-18 21:04:26 [http-nio-8081-exec-7] DEBUG o.s.w.s.m.m.a.RequestMappingHandlerMapping - Mapped to com.middleware.backend.notification.controller.ChannelController#getAll(int, int, String, String)
2025-09-18 21:04:26 [http-nio-8081-exec-7] DEBUG o.s.w.s.m.m.a.HttpEntityMethodProcessor - Using 'application/json', given [*/*] and supported [application/json, application/*+json, application/yaml]
2025-09-18 21:04:26 [http-nio-8081-exec-7] DEBUG o.s.w.s.m.m.a.HttpEntityMethodProcessor - Writing [Page 1 of 0 containing UNKNOWN instances]
2025-09-18 21:04:26 [http-nio-8081-exec-7] DEBUG o.s.web.servlet.DispatcherServlet - Completed 200 OK
2025-09-18 21:04:26 [http-nio-8081-exec-7] DEBUG o.s.w.f.CommonsRequestLoggingFilter - After request [GET /api/channels?page=0&size=10&sortedBy=updatedAt&sortDirection=desc&search=, client=0:0:0:0:0:0:0:1, user=admin@mail.com]
2025-09-18 21:04:56 [http-nio-8081-exec-8] INFO  c.m.b.k.service.DynamicRouteService - Fetching active routes with pagination
2025-09-18 21:04:56 [http-nio-8081-exec-8] DEBUG o.s.w.f.CommonsRequestLoggingFilter - Before request [GET /api/channels?page=0&size=10&sortedBy=updatedAt&sortDirection=desc&search=, client=0:0:0:0:0:0:0:1, user=admin@mail.com]
2025-09-18 21:04:56 [http-nio-8081-exec-8] DEBUG o.s.web.servlet.DispatcherServlet - GET "/api/channels?page=0&size=10&sortedBy=updatedAt&sortDirection=desc&search=", parameters={masked}
2025-09-18 21:04:56 [http-nio-8081-exec-8] DEBUG o.s.w.s.m.m.a.RequestMappingHandlerMapping - Mapped to com.middleware.backend.notification.controller.ChannelController#getAll(int, int, String, String)
2025-09-18 21:04:56 [http-nio-8081-exec-8] DEBUG o.s.w.s.m.m.a.HttpEntityMethodProcessor - Using 'application/json', given [*/*] and supported [application/json, application/*+json, application/yaml]
2025-09-18 21:04:56 [http-nio-8081-exec-8] DEBUG o.s.w.s.m.m.a.HttpEntityMethodProcessor - Writing [Page 1 of 0 containing UNKNOWN instances]
2025-09-18 21:04:56 [http-nio-8081-exec-8] DEBUG o.s.web.servlet.DispatcherServlet - Completed 200 OK
2025-09-18 21:04:56 [http-nio-8081-exec-8] DEBUG o.s.w.f.CommonsRequestLoggingFilter - After request [GET /api/channels?page=0&size=10&sortedBy=updatedAt&sortDirection=desc&search=, client=0:0:0:0:0:0:0:1, user=admin@mail.com]
2025-09-18 21:04:56 [scheduling-1] INFO  c.m.b.k.service.DynamicRouteService - Starting route status sync with Camel context
2025-09-18 21:04:56 [scheduling-1] INFO  c.m.b.k.service.DynamicRouteService - Completed route status sync
2025-09-18 21:05:21 [http-nio-8081-exec-9] INFO  c.m.b.k.service.DynamicRouteService - Fetching active routes with pagination
2025-09-18 21:05:21 [http-nio-8081-exec-9] DEBUG o.s.w.f.CommonsRequestLoggingFilter - Before request [GET /api/channels?page=0&size=10&sortedBy=updatedAt&sortDirection=desc&search=, client=0:0:0:0:0:0:0:1, user=admin@mail.com]
2025-09-18 21:05:21 [http-nio-8081-exec-9] DEBUG o.s.web.servlet.DispatcherServlet - GET "/api/channels?page=0&size=10&sortedBy=updatedAt&sortDirection=desc&search=", parameters={masked}
2025-09-18 21:05:21 [http-nio-8081-exec-9] DEBUG o.s.w.s.m.m.a.RequestMappingHandlerMapping - Mapped to com.middleware.backend.notification.controller.ChannelController#getAll(int, int, String, String)
2025-09-18 21:05:21 [http-nio-8081-exec-9] DEBUG o.s.w.s.m.m.a.HttpEntityMethodProcessor - Using 'application/json', given [*/*] and supported [application/json, application/*+json, application/yaml]
2025-09-18 21:05:21 [http-nio-8081-exec-9] DEBUG o.s.w.s.m.m.a.HttpEntityMethodProcessor - Writing [Page 1 of 0 containing UNKNOWN instances]
2025-09-18 21:05:21 [http-nio-8081-exec-9] DEBUG o.s.web.servlet.DispatcherServlet - Completed 200 OK
2025-09-18 21:05:21 [http-nio-8081-exec-9] DEBUG o.s.w.f.CommonsRequestLoggingFilter - After request [GET /api/channels?page=0&size=10&sortedBy=updatedAt&sortDirection=desc&search=, client=0:0:0:0:0:0:0:1, user=admin@mail.com]
2025-09-18 21:05:26 [scheduling-1] INFO  c.m.b.k.service.DynamicRouteService - Starting route status sync with Camel context
2025-09-18 21:05:26 [scheduling-1] INFO  c.m.b.k.service.DynamicRouteService - Completed route status sync
2025-09-18 21:05:34 [http-nio-8081-exec-10] INFO  c.m.b.k.service.DynamicRouteService - Fetching active routes with pagination
2025-09-18 21:05:34 [http-nio-8081-exec-10] DEBUG o.s.w.f.CommonsRequestLoggingFilter - Before request [GET /api/channels?page=0&size=10&sortedBy=updatedAt&sortDirection=desc&search=, client=0:0:0:0:0:0:0:1, user=admin@mail.com]
2025-09-18 21:05:34 [http-nio-8081-exec-10] DEBUG o.s.web.servlet.DispatcherServlet - GET "/api/channels?page=0&size=10&sortedBy=updatedAt&sortDirection=desc&search=", parameters={masked}
2025-09-18 21:05:34 [http-nio-8081-exec-10] DEBUG o.s.w.s.m.m.a.RequestMappingHandlerMapping - Mapped to com.middleware.backend.notification.controller.ChannelController#getAll(int, int, String, String)
2025-09-18 21:05:34 [http-nio-8081-exec-10] DEBUG o.s.w.s.m.m.a.HttpEntityMethodProcessor - Using 'application/json', given [*/*] and supported [application/json, application/*+json, application/yaml]
2025-09-18 21:05:34 [http-nio-8081-exec-10] DEBUG o.s.w.s.m.m.a.HttpEntityMethodProcessor - Writing [Page 1 of 0 containing UNKNOWN instances]
2025-09-18 21:05:34 [http-nio-8081-exec-10] DEBUG o.s.web.servlet.DispatcherServlet - Completed 200 OK
2025-09-18 21:05:34 [http-nio-8081-exec-10] DEBUG o.s.w.f.CommonsRequestLoggingFilter - After request [GET /api/channels?page=0&size=10&sortedBy=updatedAt&sortDirection=desc&search=, client=0:0:0:0:0:0:0:1, user=admin@mail.com]
2025-09-18 21:05:56 [scheduling-1] INFO  c.m.b.k.service.DynamicRouteService - Starting route status sync with Camel context
2025-09-18 21:05:56 [scheduling-1] INFO  c.m.b.k.service.DynamicRouteService - Completed route status sync
2025-09-18 21:06:04 [http-nio-8081-exec-3] INFO  c.m.b.k.service.DynamicRouteService - Fetching active routes with pagination
2025-09-18 21:06:04 [http-nio-8081-exec-3] DEBUG o.s.w.f.CommonsRequestLoggingFilter - Before request [GET /api/routes/audits?page=0&size=10&sortedBy=timestamp&sortDirection=desc, client=0:0:0:0:0:0:0:1, user=admin@mail.com]
2025-09-18 21:06:04 [http-nio-8081-exec-3] DEBUG o.s.web.servlet.DispatcherServlet - GET "/api/routes/audits?page=0&size=10&sortedBy=timestamp&sortDirection=desc", parameters={masked}
2025-09-18 21:06:04 [http-nio-8081-exec-3] DEBUG o.s.w.s.m.m.a.RequestMappingHandlerMapping - Mapped to com.middleware.backend.kaotocamel.controller.DynamicRouteController#getRouteAudits(int, int, String, String, Integer, String, LocalDate, LocalDate, String, String)
2025-09-18 21:06:04 [http-nio-8081-exec-3] DEBUG o.s.w.s.m.m.a.HttpEntityMethodProcessor - Using 'application/json', given [*/*] and supported [application/json, application/*+json, application/yaml]
2025-09-18 21:06:04 [http-nio-8081-exec-3] DEBUG o.s.w.s.m.m.a.HttpEntityMethodProcessor - Writing [Page 1 of 2 containing com.middleware.backend.kaotocamel.model.DynamicRouteAudit instances]
2025-09-18 21:06:04 [http-nio-8081-exec-3] DEBUG o.s.web.servlet.DispatcherServlet - Completed 200 OK
2025-09-18 21:06:04 [http-nio-8081-exec-3] DEBUG o.s.w.f.CommonsRequestLoggingFilter - After request [GET /api/routes/audits?page=0&size=10&sortedBy=timestamp&sortDirection=desc, client=0:0:0:0:0:0:0:1, user=admin@mail.com]
2025-09-18 21:06:05 [http-nio-8081-exec-4] INFO  c.m.b.k.service.DynamicRouteService - Fetching active routes with pagination
2025-09-18 21:06:06 [http-nio-8081-exec-4] DEBUG o.s.w.f.CommonsRequestLoggingFilter - Before request [GET /api/logs?page=0&size=10&sort=receivedAt%2Cdesc, client=0:0:0:0:0:0:0:1, user=admin@mail.com]
2025-09-18 21:06:06 [http-nio-8081-exec-4] DEBUG o.s.web.servlet.DispatcherServlet - GET "/api/logs?page=0&size=10&sort=receivedAt%2Cdesc", parameters={masked}
2025-09-18 21:06:06 [http-nio-8081-exec-4] DEBUG o.s.w.s.m.m.a.RequestMappingHandlerMapping - Mapped to com.middleware.backend.logging.controller.MiddlewareApiCallLogController#getAll(Map, int, int, String)
2025-09-18 21:06:06 [http-nio-8081-exec-4] DEBUG o.s.w.s.m.m.a.HttpEntityMethodProcessor - Using 'application/json', given [*/*] and supported [application/json, application/*+json, application/yaml]
2025-09-18 21:06:06 [http-nio-8081-exec-4] DEBUG o.s.w.s.m.m.a.HttpEntityMethodProcessor - Writing [Page 1 of 1 containing com.middleware.backend.logging.dto.MiddlewareApiCallLogDto instances]
2025-09-18 21:06:06 [http-nio-8081-exec-4] DEBUG o.s.web.servlet.DispatcherServlet - Completed 200 OK
2025-09-18 21:06:06 [http-nio-8081-exec-4] DEBUG o.s.w.f.CommonsRequestLoggingFilter - After request [GET /api/logs?page=0&size=10&sort=receivedAt%2Cdesc, client=0:0:0:0:0:0:0:1, user=admin@mail.com]
2025-09-18 21:06:08 [http-nio-8081-exec-6] INFO  c.m.b.k.service.DynamicRouteService - Fetching active routes with pagination
2025-09-18 21:06:08 [http-nio-8081-exec-6] DEBUG o.s.w.f.CommonsRequestLoggingFilter - Before request [GET /api/executionlogs?sortedBy=startTime&sortDirection=desc&page=0&size=10, client=0:0:0:0:0:0:0:1, user=admin@mail.com]
2025-09-18 21:06:08 [http-nio-8081-exec-6] DEBUG o.s.web.servlet.DispatcherServlet - GET "/api/executionlogs?sortedBy=startTime&sortDirection=desc&page=0&size=10", parameters={masked}
2025-09-18 21:06:08 [http-nio-8081-exec-6] DEBUG o.s.w.s.m.m.a.RequestMappingHandlerMapping - Mapped to com.middleware.backend.scheduledJobs.controller.JobExecutionLogController#getAll(String, String, Status, String, String, LocalDate, LocalDate, int, int)
2025-09-18 21:06:08 [http-nio-8081-exec-6] DEBUG o.s.w.s.m.m.a.HttpEntityMethodProcessor - Using 'application/json', given [*/*] and supported [application/json, application/*+json, application/yaml]
2025-09-18 21:06:08 [http-nio-8081-exec-6] DEBUG o.s.w.s.m.m.a.HttpEntityMethodProcessor - Writing [Page 1 of 0 containing UNKNOWN instances]
2025-09-18 21:06:08 [http-nio-8081-exec-6] DEBUG o.s.web.servlet.DispatcherServlet - Completed 200 OK
2025-09-18 21:06:08 [http-nio-8081-exec-6] DEBUG o.s.w.f.CommonsRequestLoggingFilter - After request [GET /api/executionlogs?sortedBy=startTime&sortDirection=desc&page=0&size=10, client=0:0:0:0:0:0:0:1, user=admin@mail.com]
2025-09-18 21:06:12 [http-nio-8081-exec-8] INFO  c.m.b.k.service.DynamicRouteService - Fetching active routes with pagination
2025-09-18 21:06:12 [http-nio-8081-exec-8] DEBUG o.s.w.f.CommonsRequestLoggingFilter - Before request [GET /api/scheduledjobs?page=0&size=10&sortedBy=updatedAt&sortDirection=desc, client=0:0:0:0:0:0:0:1, user=admin@mail.com]
2025-09-18 21:06:12 [http-nio-8081-exec-8] DEBUG o.s.web.servlet.DispatcherServlet - GET "/api/scheduledjobs?page=0&size=10&sortedBy=updatedAt&sortDirection=desc", parameters={masked}
2025-09-18 21:06:12 [http-nio-8081-exec-8] DEBUG o.s.w.s.m.m.a.RequestMappingHandlerMapping - Mapped to com.middleware.backend.scheduledJobs.controller.ScheduledJobsController#getAll(String, String, String, Boolean, String, String, int, int)
2025-09-18 21:06:12 [http-nio-8081-exec-8] DEBUG o.s.w.s.m.m.a.HttpEntityMethodProcessor - Using 'application/json', given [application/json, text/javascript, */*;q=0.01] and supported [application/json, application/*+json, application/yaml]
2025-09-18 21:06:12 [http-nio-8081-exec-8] DEBUG o.s.w.s.m.m.a.HttpEntityMethodProcessor - Writing [Page 1 of 0 containing UNKNOWN instances]
2025-09-18 21:06:12 [http-nio-8081-exec-8] DEBUG o.s.web.servlet.DispatcherServlet - Completed 200 OK
2025-09-18 21:06:12 [http-nio-8081-exec-8] DEBUG o.s.w.f.CommonsRequestLoggingFilter - After request [GET /api/scheduledjobs?page=0&size=10&sortedBy=updatedAt&sortDirection=desc, client=0:0:0:0:0:0:0:1, user=admin@mail.com]
2025-09-18 21:06:15 [http-nio-8081-exec-10] INFO  c.m.b.k.service.DynamicRouteService - Fetching active routes with pagination
2025-09-18 21:06:15 [http-nio-8081-exec-10] DEBUG o.s.w.f.CommonsRequestLoggingFilter - Before request [GET /api/source-systems?page=0&size=10&name=&description=&sortedBy=updatedAt&sortDirection=desc&status=&startDate=&endDate=, client=0:0:0:0:0:0:0:1, user=admin@mail.com]
2025-09-18 21:06:15 [http-nio-8081-exec-10] DEBUG o.s.web.servlet.DispatcherServlet - GET "/api/source-systems?page=0&size=10&name=&description=&sortedBy=updatedAt&sortDirection=desc&status=&startDate=&endDate=", parameters={masked}
2025-09-18 21:06:15 [http-nio-8081-exec-10] DEBUG o.s.w.s.m.m.a.RequestMappingHandlerMapping - Mapped to com.middleware.backend.controller.SourceSystemController#getAllSourceSystems(String, String, String, LocalDate, LocalDate, String, String, int, int)
2025-09-18 21:06:15 [http-nio-8081-exec-10] DEBUG o.s.w.s.m.m.a.HttpEntityMethodProcessor - Using 'application/json', given [*/*] and supported [application/json, application/*+json, application/yaml]
2025-09-18 21:06:15 [http-nio-8081-exec-10] DEBUG o.s.w.s.m.m.a.HttpEntityMethodProcessor - Writing [Page 1 of 0 containing UNKNOWN instances]
2025-09-18 21:06:15 [http-nio-8081-exec-10] DEBUG o.s.web.servlet.DispatcherServlet - Completed 200 OK
2025-09-18 21:06:15 [http-nio-8081-exec-10] DEBUG o.s.w.f.CommonsRequestLoggingFilter - After request [GET /api/source-systems?page=0&size=10&name=&description=&sortedBy=updatedAt&sortDirection=desc&status=&startDate=&endDate=, client=0:0:0:0:0:0:0:1, user=admin@mail.com]
2025-09-18 21:06:25 [http-nio-8081-exec-1] INFO  c.m.b.k.service.DynamicRouteService - Fetching active routes with pagination
2025-09-18 21:06:25 [http-nio-8081-exec-4] INFO  c.m.b.k.service.DynamicRouteService - Fetching active routes with pagination
2025-09-18 21:06:25 [http-nio-8081-exec-1] DEBUG o.s.w.f.CommonsRequestLoggingFilter - Before request [GET /api/source-systems/active, client=0:0:0:0:0:0:0:1, user=admin@mail.com]
2025-09-18 21:06:25 [http-nio-8081-exec-1] DEBUG o.s.web.servlet.DispatcherServlet - GET "/api/source-systems/active", parameters={}
2025-09-18 21:06:25 [http-nio-8081-exec-1] DEBUG o.s.w.s.m.m.a.RequestMappingHandlerMapping - Mapped to com.middleware.backend.controller.SourceSystemController#getActiveSourceSystems()
2025-09-18 21:06:25 [http-nio-8081-exec-4] DEBUG o.s.w.f.CommonsRequestLoggingFilter - Before request [GET /api/integration-mappings?page=0&size=10, client=0:0:0:0:0:0:0:1, user=admin@mail.com]
2025-09-18 21:06:25 [http-nio-8081-exec-4] DEBUG o.s.web.servlet.DispatcherServlet - GET "/api/integration-mappings?page=0&size=10", parameters={masked}
2025-09-18 21:06:25 [http-nio-8081-exec-4] DEBUG o.s.w.s.m.m.a.RequestMappingHandlerMapping - Mapped to com.middleware.backend.kaotocamel.controller.IntegrationMappingController#findAll(String, String, String, String, String, Boolean, String, LocalDateTime, LocalDateTime, String, String, int, int)
2025-09-18 21:06:25 [http-nio-8081-exec-4] DEBUG c.m.b.k.c.IntegrationMappingController - hasAnyFilter result: false
2025-09-18 21:06:25 [http-nio-8081-exec-4] INFO  c.m.b.k.c.IntegrationMappingController - Search request - hasFilters: false, apiName: null, externalSystem: null, isActive: null
2025-09-18 21:06:25 [http-nio-8081-exec-4] INFO  c.m.b.k.s.IntegrationMappingService - Finding all integration mappings with pagination
2025-09-18 21:06:25 [http-nio-8081-exec-1] DEBUG o.s.w.s.m.m.a.HttpEntityMethodProcessor - Using 'application/json', given [application/json] and supported [application/json, application/*+json, application/yaml]
2025-09-18 21:06:25 [http-nio-8081-exec-1] DEBUG o.s.w.s.m.m.a.HttpEntityMethodProcessor - Writing [[]]
2025-09-18 21:06:25 [http-nio-8081-exec-1] DEBUG o.s.web.servlet.DispatcherServlet - Completed 200 OK
2025-09-18 21:06:25 [http-nio-8081-exec-1] DEBUG o.s.w.f.CommonsRequestLoggingFilter - After request [GET /api/source-systems/active, client=0:0:0:0:0:0:0:1, user=admin@mail.com]
2025-09-18 21:06:25 [http-nio-8081-exec-4] DEBUG o.s.w.s.m.m.a.HttpEntityMethodProcessor - Using 'application/json', given [application/json] and supported [application/json, application/*+json, application/yaml]
2025-09-18 21:06:25 [http-nio-8081-exec-4] DEBUG o.s.w.s.m.m.a.HttpEntityMethodProcessor - Writing [Page 1 of 0 containing UNKNOWN instances]
2025-09-18 21:06:25 [http-nio-8081-exec-4] DEBUG o.s.web.servlet.DispatcherServlet - Completed 200 OK
2025-09-18 21:06:25 [http-nio-8081-exec-4] DEBUG o.s.w.f.CommonsRequestLoggingFilter - After request [GET /api/integration-mappings?page=0&size=10, client=0:0:0:0:0:0:0:1, user=admin@mail.com]
2025-09-18 21:06:26 [scheduling-1] INFO  c.m.b.k.service.DynamicRouteService - Starting route status sync with Camel context
2025-09-18 21:06:26 [scheduling-1] INFO  c.m.b.k.service.DynamicRouteService - Completed route status sync
2025-09-18 21:06:30 [http-nio-8081-exec-6] INFO  c.m.b.k.service.DynamicRouteService - Fetching active routes with pagination
2025-09-18 21:06:31 [http-nio-8081-exec-6] DEBUG o.s.w.f.CommonsRequestLoggingFilter - Before request [GET /api/groups?page=0&size=10&sortedBy=updatedAt&sortDirection=desc, client=0:0:0:0:0:0:0:1, user=admin@mail.com]
2025-09-18 21:06:31 [http-nio-8081-exec-6] DEBUG o.s.web.servlet.DispatcherServlet - GET "/api/groups?page=0&size=10&sortedBy=updatedAt&sortDirection=desc", parameters={masked}
2025-09-18 21:06:31 [http-nio-8081-exec-6] DEBUG o.s.w.s.m.m.a.RequestMappingHandlerMapping - Mapped to com.middleware.backend.notification.controller.NotificationGroupController#getAll(int, int, String, String)
2025-09-18 21:06:31 [http-nio-8081-exec-6] DEBUG o.s.w.s.m.m.a.HttpEntityMethodProcessor - Using 'application/json', given [*/*] and supported [application/json, application/*+json, application/yaml]
2025-09-18 21:06:31 [http-nio-8081-exec-6] DEBUG o.s.w.s.m.m.a.HttpEntityMethodProcessor - Writing [Page 1 of 1 containing com.middleware.backend.notification.dto.NotificationGroupDto instances]
2025-09-18 21:06:31 [http-nio-8081-exec-6] DEBUG o.s.web.servlet.DispatcherServlet - Completed 200 OK
2025-09-18 21:06:31 [http-nio-8081-exec-6] DEBUG o.s.w.f.CommonsRequestLoggingFilter - After request [GET /api/groups?page=0&size=10&sortedBy=updatedAt&sortDirection=desc, client=0:0:0:0:0:0:0:1, user=admin@mail.com]
2025-09-18 21:06:36 [http-nio-8081-exec-8] INFO  c.m.b.k.service.DynamicRouteService - Fetching active routes with pagination
2025-09-18 21:06:37 [http-nio-8081-exec-8] DEBUG o.s.w.f.CommonsRequestLoggingFilter - Before request [POST /api/groups, client=0:0:0:0:0:0:0:1, user=admin@mail.com]
2025-09-18 21:06:37 [http-nio-8081-exec-8] DEBUG o.s.web.servlet.DispatcherServlet - POST "/api/groups", parameters={}
2025-09-18 21:06:37 [http-nio-8081-exec-8] DEBUG o.s.w.s.m.m.a.RequestMappingHandlerMapping - Mapped to com.middleware.backend.notification.controller.NotificationGroupController#create(NotificationGroupDto)
2025-09-18 21:06:37 [http-nio-8081-exec-8] DEBUG o.s.w.s.m.m.a.RequestResponseBodyMethodProcessor - Read "application/json;charset=UTF-8" to [NotificationGroupDto(id=null, name=ع, description=ة, receivers=null, createdBy=null, createdAt=null, (truncated)...]
2025-09-18 21:06:37 [http-nio-8081-exec-8] DEBUG o.s.w.s.m.m.a.HttpEntityMethodProcessor - Using 'application/json', given [*/*] and supported [application/json, application/*+json, application/yaml]
2025-09-18 21:06:37 [http-nio-8081-exec-8] DEBUG o.s.w.s.m.m.a.HttpEntityMethodProcessor - Writing [NotificationGroupDto(id=2, name=ع, description=ة, receivers=null, createdBy=admin@mail.com, createdA (truncated)...]
2025-09-18 21:06:37 [http-nio-8081-exec-8] DEBUG o.s.web.servlet.DispatcherServlet - Completed 200 OK
2025-09-18 21:06:37 [http-nio-8081-exec-8] DEBUG o.s.w.f.CommonsRequestLoggingFilter - After request [POST /api/groups, client=0:0:0:0:0:0:0:1, user=admin@mail.com, payload={"id":null,"name":"ع","description":"ة"}]
2025-09-18 21:06:38 [http-nio-8081-exec-9] INFO  c.m.b.k.service.DynamicRouteService - Fetching active routes with pagination
2025-09-18 21:06:38 [http-nio-8081-exec-9] DEBUG o.s.w.f.CommonsRequestLoggingFilter - Before request [GET /api/groups?page=0&size=10&sortedBy=updatedAt&sortDirection=desc, client=0:0:0:0:0:0:0:1, user=admin@mail.com]
2025-09-18 21:06:38 [http-nio-8081-exec-9] DEBUG o.s.web.servlet.DispatcherServlet - GET "/api/groups?page=0&size=10&sortedBy=updatedAt&sortDirection=desc", parameters={masked}
2025-09-18 21:06:38 [http-nio-8081-exec-9] DEBUG o.s.w.s.m.m.a.RequestMappingHandlerMapping - Mapped to com.middleware.backend.notification.controller.NotificationGroupController#getAll(int, int, String, String)
2025-09-18 21:06:38 [http-nio-8081-exec-9] DEBUG o.s.w.s.m.m.a.HttpEntityMethodProcessor - Using 'application/json', given [*/*] and supported [application/json, application/*+json, application/yaml]
2025-09-18 21:06:38 [http-nio-8081-exec-9] DEBUG o.s.w.s.m.m.a.HttpEntityMethodProcessor - Writing [Page 1 of 1 containing com.middleware.backend.notification.dto.NotificationGroupDto instances]
2025-09-18 21:06:38 [http-nio-8081-exec-9] DEBUG o.s.web.servlet.DispatcherServlet - Completed 200 OK
2025-09-18 21:06:38 [http-nio-8081-exec-9] DEBUG o.s.w.f.CommonsRequestLoggingFilter - After request [GET /api/groups?page=0&size=10&sortedBy=updatedAt&sortDirection=desc, client=0:0:0:0:0:0:0:1, user=admin@mail.com]
2025-09-18 21:06:56 [scheduling-1] INFO  c.m.b.k.service.DynamicRouteService - Starting route status sync with Camel context
2025-09-18 21:06:56 [scheduling-1] INFO  c.m.b.k.service.DynamicRouteService - Completed route status sync
2025-09-18 21:07:26 [scheduling-1] INFO  c.m.b.k.service.DynamicRouteService - Starting route status sync with Camel context
2025-09-18 21:07:26 [scheduling-1] INFO  c.m.b.k.service.DynamicRouteService - Completed route status sync
2025-09-18 21:07:38 [SpringApplicationShutdownHook] INFO  org.quartz.core.QuartzScheduler - Scheduler quartzScheduler_$_NON_CLUSTERED paused.
2025-09-18 21:07:38 [SpringApplicationShutdownHook] INFO  o.a.c.i.engine.AbstractCamelContext - Apache Camel 4.4.0 (camel-1) is shutting down (timeout:45s)
2025-09-18 21:07:38 [SpringApplicationShutdownHook] INFO  o.a.c.i.engine.AbstractCamelContext - Routes stopped (stopped:1)
2025-09-18 21:07:38 [SpringApplicationShutdownHook] INFO  o.a.c.i.engine.AbstractCamelContext -     Stopped dhis2-hakeem-route (rest://post:/dhis2/dataset)
2025-09-18 21:07:38 [SpringApplicationShutdownHook] INFO  o.a.c.i.engine.AbstractCamelContext - Apache Camel 4.4.0 (camel-1) shutdown in 12ms (uptime:36m42s)
2025-09-18 21:07:38 [SpringApplicationShutdownHook] INFO  org.quartz.core.QuartzScheduler - Scheduler quartzScheduler_$_NON_CLUSTERED shutting down.
2025-09-18 21:07:38 [SpringApplicationShutdownHook] INFO  org.quartz.core.QuartzScheduler - Scheduler quartzScheduler_$_NON_CLUSTERED paused.
2025-09-18 21:07:38 [SpringApplicationShutdownHook] INFO  org.quartz.core.QuartzScheduler - Scheduler quartzScheduler_$_NON_CLUSTERED shutdown complete.
2025-09-18 21:07:38 [SpringApplicationShutdownHook] INFO  o.a.c.c.s.CamelHttpTransportServlet - Destroyed CamelHttpTransportServlet[CamelServlet]
