2025-09-23 10:11:28 [background-preinit] INFO  o.h.validator.internal.util.Version - HV000001: Hibernate Validator 8.0.2.Final
2025-09-23 10:11:28 [main] INFO  c.middleware.MiddlewareApplication - Starting MiddlewareApplication using Java 23-valhalla with PID 12884 (C:\Users\omard\Desktop\Work\back-end - Copy\target\classes started by omard in C:\Users\omard\Desktop\Work\back-end - Copy)
2025-09-23 10:11:28 [main] INFO  c.middleware.MiddlewareApplication - No active profile set, falling back to 1 default profile: "default"
2025-09-23 10:11:32 [main] INFO  o.a.coyote.http11.Http11NioProtocol - Initializing ProtocolHandler ["http-nio-8081"]
2025-09-23 10:11:32 [main] INFO  o.a.catalina.core.StandardService - Starting service [Tomcat]
2025-09-23 10:11:32 [main] INFO  o.a.catalina.core.StandardEngine - Starting Servlet engine: [Apache Tomcat/10.1.39]
2025-09-23 10:11:32 [main] INFO  o.a.c.c.C.[Tomcat].[localhost].[/] - Initializing Spring embedded WebApplicationContext
2025-09-23 10:11:32 [main] INFO  o.h.jpa.internal.util.LogHelper - HHH000204: Processing PersistenceUnitInfo [name: default]
2025-09-23 10:11:32 [main] INFO  org.hibernate.Version - HHH000412: Hibernate ORM core version 6.6.11.Final
2025-09-23 10:11:32 [main] INFO  o.h.c.i.RegionFactoryInitiator - HHH000026: Second-level cache disabled
2025-09-23 10:11:33 [main] WARN  org.hibernate.orm.deprecation - HHH90000025: PostgreSQLDialect does not need to be specified explicitly using 'hibernate.dialect' (remove the property setting and it will be selected by default)
2025-09-23 10:11:33 [main] INFO  o.hibernate.orm.connections.pooling - HHH10001005: Database info:
	Database JDBC URL [Connecting through datasource 'org.springframework.jdbc.datasource.DriverManagerDataSource@4fea095b']
	Database driver: undefined/unknown
	Database version: 17.4
	Autocommit mode: undefined/unknown
	Isolation level: undefined/unknown
	Minimum pool size: undefined/unknown
	Maximum pool size: undefined/unknown
2025-09-23 10:11:36 [main] INFO  o.h.e.t.j.p.i.JtaPlatformInitiator - HHH000489: No JTA platform available (set 'hibernate.transaction.jta.platform' to enable JTA platform integration)
2025-09-23 10:11:39 [main] DEBUG o.a.camel.spring.SpringCamelContext - Set the application context classloader to: TomcatEmbeddedWebappClassLoader
  context: ROOT
  delegate: true
----------> Parent Classloader:
jdk.internal.loader.ClassLoaders$AppClassLoader@5451c3a8

2025-09-23 10:11:39 [main] DEBUG o.a.camel.support.LRUCacheFactory - Creating DefaultLRUCacheFactory
2025-09-23 10:11:39 [main] DEBUG o.a.c.i.e.DefaultCamelContextExtension - Setting up management with factory: org.apache.camel.impl.engine.DefaultManagementStrategyFactory@597f9d9d
2025-09-23 10:11:39 [main] DEBUG o.a.camel.support.ResolverHelper - Found HealthCheckRegistry: org.apache.camel.impl.health.DefaultHealthCheckRegistry via: META-INF/services/org/apache/camel/health-check/default-registry
2025-09-23 10:11:39 [main] DEBUG o.a.camel.support.ResolverHelper - Detected and using HealthCheckRegistry: org.apache.camel.impl.health.DefaultHealthCheckRegistry@10dba2e3
2025-09-23 10:11:39 [main] DEBUG o.a.c.i.h.DefaultHealthCheckRegistry - HealthCheckRepository with id registry-health-check-repository successfully registered
2025-09-23 10:11:39 [main] DEBUG o.a.c.i.c.BaseTypeConverterRegistry - Loading file META-INF/services/org/apache/camel/TypeConverterLoader to retrieve list of type converters, from url: jar:file:/C:/Users/omard/.m2/repository/org/apache/camel/camel-spring/4.4.0/camel-spring-4.4.0.jar!/META-INF/services/org/apache/camel/TypeConverterLoader
2025-09-23 10:11:39 [main] DEBUG o.a.c.i.c.BaseTypeConverterRegistry - Loading file META-INF/services/org/apache/camel/TypeConverterLoader to retrieve list of type converters, from url: jar:file:/C:/Users/omard/.m2/repository/org/apache/camel/camel-xml-jaxp/4.4.0/camel-xml-jaxp-4.4.0.jar!/META-INF/services/org/apache/camel/TypeConverterLoader
2025-09-23 10:11:39 [main] DEBUG o.a.c.i.c.BaseTypeConverterRegistry - Loading file META-INF/services/org/apache/camel/TypeConverterLoader to retrieve list of type converters, from url: jar:file:/C:/Users/omard/.m2/repository/org/apache/camel/camel-http/4.4.0/camel-http-4.4.0.jar!/META-INF/services/org/apache/camel/TypeConverterLoader
2025-09-23 10:11:39 [main] DEBUG o.a.c.i.c.BaseTypeConverterRegistry - Loading file META-INF/services/org/apache/camel/TypeConverterLoader to retrieve list of type converters, from url: jar:file:/C:/Users/omard/.m2/repository/org/apache/camel/camel-http-common/4.4.0/camel-http-common-4.4.0.jar!/META-INF/services/org/apache/camel/TypeConverterLoader
2025-09-23 10:11:39 [main] DEBUG o.a.c.i.c.BaseTypeConverterRegistry - Loading file META-INF/services/org/apache/camel/TypeConverterLoader to retrieve list of type converters, from url: jar:file:/C:/Users/omard/.m2/repository/org/apache/camel/camel-attachments/4.4.0/camel-attachments-4.4.0.jar!/META-INF/services/org/apache/camel/TypeConverterLoader
2025-09-23 10:11:39 [main] DEBUG o.a.c.i.c.BaseTypeConverterRegistry - Loading file META-INF/services/org/apache/camel/TypeConverterLoader to retrieve list of type converters, from url: jar:file:/C:/Users/omard/.m2/repository/org/apache/camel/camel-jackson/4.4.0/camel-jackson-4.4.0.jar!/META-INF/services/org/apache/camel/TypeConverterLoader
2025-09-23 10:11:39 [main] DEBUG o.a.c.i.c.BaseTypeConverterRegistry - Loading file META-INF/services/org/apache/camel/TypeConverterLoader to retrieve list of type converters, from url: jar:file:/C:/Users/omard/.m2/repository/org/apache/camel/camel-support/4.4.0/camel-support-4.4.0.jar!/META-INF/services/org/apache/camel/TypeConverterLoader
2025-09-23 10:11:39 [main] DEBUG o.a.c.i.c.BaseTypeConverterRegistry - Loading file META-INF/services/org/apache/camel/TypeConverterLoader to retrieve list of type converters, from url: jar:file:/C:/Users/omard/.m2/repository/org/apache/camel/camel-file/4.4.0/camel-file-4.4.0.jar!/META-INF/services/org/apache/camel/TypeConverterLoader
2025-09-23 10:11:39 [main] DEBUG o.a.c.i.c.BaseTypeConverterRegistry - Loading file META-INF/services/org/apache/camel/TypeConverterLoader to retrieve list of type converters, from url: jar:file:/C:/Users/omard/.m2/repository/org/apache/camel/camel-base/4.4.0/camel-base-4.4.0.jar!/META-INF/services/org/apache/camel/TypeConverterLoader
2025-09-23 10:11:39 [main] DEBUG o.a.c.i.c.BaseTypeConverterRegistry - Loading file META-INF/services/org/apache/camel/TypeConverterLoader to retrieve list of type converters, from url: jar:file:/C:/Users/omard/.m2/repository/org/apache/camel/camel-spring/4.4.0/camel-spring-4.4.0.jar!/META-INF/services/org/apache/camel/TypeConverterLoader
2025-09-23 10:11:39 [main] DEBUG o.a.c.i.c.BaseTypeConverterRegistry - Loading file META-INF/services/org/apache/camel/TypeConverterLoader to retrieve list of type converters, from url: jar:file:/C:/Users/omard/.m2/repository/org/apache/camel/camel-xml-jaxp/4.4.0/camel-xml-jaxp-4.4.0.jar!/META-INF/services/org/apache/camel/TypeConverterLoader
2025-09-23 10:11:39 [main] DEBUG o.a.c.i.c.BaseTypeConverterRegistry - Loading file META-INF/services/org/apache/camel/TypeConverterLoader to retrieve list of type converters, from url: jar:file:/C:/Users/omard/.m2/repository/org/apache/camel/camel-http/4.4.0/camel-http-4.4.0.jar!/META-INF/services/org/apache/camel/TypeConverterLoader
2025-09-23 10:11:39 [main] DEBUG o.a.c.i.c.BaseTypeConverterRegistry - Loading file META-INF/services/org/apache/camel/TypeConverterLoader to retrieve list of type converters, from url: jar:file:/C:/Users/omard/.m2/repository/org/apache/camel/camel-http-common/4.4.0/camel-http-common-4.4.0.jar!/META-INF/services/org/apache/camel/TypeConverterLoader
2025-09-23 10:11:39 [main] DEBUG o.a.c.i.c.BaseTypeConverterRegistry - Loading file META-INF/services/org/apache/camel/TypeConverterLoader to retrieve list of type converters, from url: jar:file:/C:/Users/omard/.m2/repository/org/apache/camel/camel-attachments/4.4.0/camel-attachments-4.4.0.jar!/META-INF/services/org/apache/camel/TypeConverterLoader
2025-09-23 10:11:39 [main] DEBUG o.a.c.i.c.BaseTypeConverterRegistry - Loading file META-INF/services/org/apache/camel/TypeConverterLoader to retrieve list of type converters, from url: jar:file:/C:/Users/omard/.m2/repository/org/apache/camel/camel-jackson/4.4.0/camel-jackson-4.4.0.jar!/META-INF/services/org/apache/camel/TypeConverterLoader
2025-09-23 10:11:39 [main] DEBUG o.a.c.i.c.BaseTypeConverterRegistry - Loading file META-INF/services/org/apache/camel/TypeConverterLoader to retrieve list of type converters, from url: jar:file:/C:/Users/omard/.m2/repository/org/apache/camel/camel-support/4.4.0/camel-support-4.4.0.jar!/META-INF/services/org/apache/camel/TypeConverterLoader
2025-09-23 10:11:39 [main] DEBUG o.a.c.i.c.BaseTypeConverterRegistry - Loading file META-INF/services/org/apache/camel/TypeConverterLoader to retrieve list of type converters, from url: jar:file:/C:/Users/omard/.m2/repository/org/apache/camel/camel-file/4.4.0/camel-file-4.4.0.jar!/META-INF/services/org/apache/camel/TypeConverterLoader
2025-09-23 10:11:39 [main] DEBUG o.a.c.i.c.BaseTypeConverterRegistry - Loading file META-INF/services/org/apache/camel/TypeConverterLoader to retrieve list of type converters, from url: jar:file:/C:/Users/omard/.m2/repository/org/apache/camel/camel-base/4.4.0/camel-base-4.4.0.jar!/META-INF/services/org/apache/camel/TypeConverterLoader
2025-09-23 10:11:39 [main] DEBUG o.a.c.i.c.BaseTypeConverterRegistry - Resolving TypeConverterLoader: org.apache.camel.spring.converter.ResourceConverterLoader
2025-09-23 10:11:39 [main] DEBUG o.a.c.i.c.BaseTypeConverterRegistry - TypeConverterLoader: org.apache.camel.spring.converter.ResourceConverterLoader loading converters
2025-09-23 10:11:39 [main] DEBUG o.a.c.i.c.BaseTypeConverterRegistry - Resolving TypeConverterLoader: org.apache.camel.converter.jaxp.CamelXmlJaxpBulkConverterLoader
2025-09-23 10:11:39 [main] DEBUG o.a.c.i.c.BaseTypeConverterRegistry - TypeConverterLoader: org.apache.camel.converter.jaxp.CamelXmlJaxpBulkConverterLoader loading converters
2025-09-23 10:11:39 [main] DEBUG o.a.c.i.c.BaseTypeConverterRegistry - Resolving TypeConverterLoader: org.apache.camel.component.http.HttpConvertersLoader
2025-09-23 10:11:39 [main] DEBUG o.a.c.i.c.BaseTypeConverterRegistry - TypeConverterLoader: org.apache.camel.component.http.HttpConvertersLoader loading converters
2025-09-23 10:11:39 [main] DEBUG o.a.c.i.c.BaseTypeConverterRegistry - Resolving TypeConverterLoader: org.apache.camel.component.http.HttpEntityConverterLoader
2025-09-23 10:11:39 [main] DEBUG o.a.c.i.c.BaseTypeConverterRegistry - TypeConverterLoader: org.apache.camel.component.http.HttpEntityConverterLoader loading converters
2025-09-23 10:11:39 [main] DEBUG o.a.c.i.c.BaseTypeConverterRegistry - Resolving TypeConverterLoader: org.apache.camel.http.common.HttpConverterLoader
2025-09-23 10:11:39 [main] DEBUG o.a.c.i.c.BaseTypeConverterRegistry - TypeConverterLoader: org.apache.camel.http.common.HttpConverterLoader loading converters
2025-09-23 10:11:39 [main] DEBUG o.a.c.i.c.BaseTypeConverterRegistry - Resolving TypeConverterLoader: org.apache.camel.attachment.AttachmentConverterLoader
2025-09-23 10:11:39 [main] DEBUG o.a.c.i.c.BaseTypeConverterRegistry - TypeConverterLoader: org.apache.camel.attachment.AttachmentConverterLoader loading converters
2025-09-23 10:11:39 [main] DEBUG o.a.c.i.c.BaseTypeConverterRegistry - Resolving TypeConverterLoader: org.apache.camel.component.jackson.converter.JacksonTypeConvertersLoader
2025-09-23 10:11:39 [main] DEBUG o.a.c.i.c.BaseTypeConverterRegistry - TypeConverterLoader: org.apache.camel.component.jackson.converter.JacksonTypeConvertersLoader loading converters
2025-09-23 10:11:39 [main] DEBUG o.a.c.i.c.BaseTypeConverterRegistry - Resolving TypeConverterLoader: org.apache.camel.converter.stream.StreamCacheBulkConverterLoader
2025-09-23 10:11:39 [main] DEBUG o.a.c.i.c.BaseTypeConverterRegistry - TypeConverterLoader: org.apache.camel.converter.stream.StreamCacheBulkConverterLoader loading converters
2025-09-23 10:11:39 [main] DEBUG o.a.c.i.c.BaseTypeConverterRegistry - Resolving TypeConverterLoader: org.apache.camel.component.file.GenericFileConverterLoader
2025-09-23 10:11:39 [main] DEBUG o.a.c.i.c.BaseTypeConverterRegistry - TypeConverterLoader: org.apache.camel.component.file.GenericFileConverterLoader loading converters
2025-09-23 10:11:39 [main] DEBUG o.a.c.i.c.BaseTypeConverterRegistry - Resolving TypeConverterLoader: org.apache.camel.converter.CamelBaseBulkConverterLoader
2025-09-23 10:11:39 [main] DEBUG o.a.c.i.c.BaseTypeConverterRegistry - TypeConverterLoader: org.apache.camel.converter.CamelBaseBulkConverterLoader loading converters
2025-09-23 10:11:39 [main] DEBUG o.a.c.i.c.DefaultTypeConverter - Loaded 259 type converters in 101ms
2025-09-23 10:11:39 [main] DEBUG o.a.c.i.engine.AbstractCamelContext - Apache Camel 4.4.0 (camel-1) built in 186ms
2025-09-23 10:11:39 [main] INFO  o.a.camel.util.concurrent.ThreadType - The type of thread detected is PLATFORM
2025-09-23 10:11:39 [main] DEBUG o.a.c.i.e.BaseExecutorServiceManager - Created new ScheduledThreadPool for source: ErrorHandlerRedeliveryThreadPool with name: ErrorHandlerRedeliveryTask -> org.apache.camel.util.concurrent.SizedScheduledExecutorService@23e782e0[ErrorHandlerRedeliveryTask]
2025-09-23 10:11:39 [main] DEBUG o.a.c.i.e.DefaultConfigurerResolver - Found configurer: spring-event-component via type: org.apache.camel.component.event.EventComponentConfigurer via: META-INF/services/org/apache/camel/configurer/spring-event-component
2025-09-23 10:11:39 [main] DEBUG o.a.c.i.e.DefaultConfigurerResolver - Found configurer: spring-event-endpoint via type: org.apache.camel.component.event.EventEndpointConfigurer via: META-INF/services/org/apache/camel/configurer/spring-event-endpoint
2025-09-23 10:11:39 [main] DEBUG o.a.c.i.e.DefaultConfigurerResolver - Found configurer: spring-event-component via type: org.apache.camel.component.event.EventComponentConfigurer via: META-INF/services/org/apache/camel/configurer/spring-event-component
2025-09-23 10:11:40 [main] DEBUG o.a.camel.spring.SpringCamelContext - Set the application context classloader to: TomcatEmbeddedWebappClassLoader
  context: ROOT
  delegate: true
----------> Parent Classloader:
jdk.internal.loader.ClassLoaders$AppClassLoader@5451c3a8

2025-09-23 10:11:42 [main] DEBUG o.s.w.f.ServerHttpObservationFilter - Filter 'webMvcObservationFilter' configured for use
2025-09-23 10:11:42 [main] DEBUG o.s.w.f.CommonsRequestLoggingFilter - Filter 'logFilter' configured for use
2025-09-23 10:11:42 [main] DEBUG c.m.b.users.config.JwtRequestFilter - Filter 'jwtRequestFilter' configured for use
2025-09-23 10:11:43 [main] INFO  c.m.b.config.RestTemplateConfig - Creating RestTemplate with SSL trust-all configuration
2025-09-23 10:11:43 [main] WARN  c.m.b.config.RestTemplateConfig - ⚠️  DISABLING SSL VERIFICATION - FOR DEVELOPMENT ONLY!
2025-09-23 10:11:43 [main] INFO  c.m.b.config.RestTemplateConfig - ✅ SSL verification disabled successfully
2025-09-23 10:11:43 [main] INFO  c.m.b.config.RestTemplateConfig - RestTemplate configured with connect-timeout: 10000ms, read-timeout: 30000ms
2025-09-23 10:11:44 [main] INFO  org.quartz.impl.StdSchedulerFactory - Using default implementation for ThreadExecutor
2025-09-23 10:11:44 [main] INFO  o.quartz.core.SchedulerSignalerImpl - Initialized Scheduler Signaller of type: class org.quartz.core.SchedulerSignalerImpl
2025-09-23 10:11:44 [main] INFO  org.quartz.core.QuartzScheduler - Quartz Scheduler v.2.3.2 created.
2025-09-23 10:11:44 [main] INFO  org.quartz.simpl.RAMJobStore - RAMJobStore initialized.
2025-09-23 10:11:44 [main] INFO  org.quartz.core.QuartzScheduler - Scheduler meta-data: Quartz Scheduler (v2.3.2) 'quartzScheduler' with instanceId 'NON_CLUSTERED'
  Scheduler class: 'org.quartz.core.QuartzScheduler' - running locally.
  NOT STARTED.
  Currently in standby mode.
  Number of jobs executed: 0
  Using thread pool 'org.quartz.simpl.SimpleThreadPool' - with 10 threads.
  Using job-store 'org.quartz.simpl.RAMJobStore' - which does not support persistence. and is not clustered.

2025-09-23 10:11:44 [main] INFO  org.quartz.impl.StdSchedulerFactory - Quartz scheduler 'quartzScheduler' initialized from an externally provided properties instance.
2025-09-23 10:11:44 [main] INFO  org.quartz.impl.StdSchedulerFactory - Quartz scheduler version: 2.3.2
2025-09-23 10:11:44 [main] INFO  org.quartz.core.QuartzScheduler - JobFactory set to: org.springframework.scheduling.quartz.SpringBeanJobFactory@6d78fd8d
2025-09-23 10:11:45 [main] INFO  c.m.b.k.i.Dhis2HeaderFilterConfig - === Configuring DHIS2 Header Filter (Static Test) ===
2025-09-23 10:11:45 [main] INFO  c.m.b.k.i.Dhis2HeaderFilterConfig - DHIS2 Header Filter configured - allowing most headers for testing
2025-09-23 10:11:45 [main] DEBUG o.s.w.s.m.m.a.RequestMappingHandlerMapping - 138 mappings in 'requestMappingHandlerMapping'
2025-09-23 10:11:46 [main] DEBUG o.s.w.s.h.SimpleUrlHandlerMapping - Patterns [/webjars/**, /**, /swagger-ui*/*swagger-initializer.js, /swagger-ui*/**] in 'resourceHandlerMapping'
2025-09-23 10:11:46 [main] DEBUG o.a.c.i.h.DefaultHealthCheckRegistry - HealthCheck with id context successfully registered
2025-09-23 10:11:46 [main] DEBUG o.a.c.i.h.DefaultHealthCheckRegistry - HealthCheckRepository with id routes successfully registered
2025-09-23 10:11:46 [main] DEBUG o.a.c.i.h.DefaultHealthCheckRegistry - HealthCheckRepository with id producers successfully registered
2025-09-23 10:11:46 [main] DEBUG o.a.c.i.h.DefaultHealthCheckRegistry - HealthCheckRepository with id consumers successfully registered
2025-09-23 10:11:47 [main] DEBUG o.s.w.s.m.m.a.RequestMappingHandlerAdapter - ControllerAdvice beans: 0 @ModelAttribute, 0 @InitBinder, 1 RequestBodyAdvice, 1 ResponseBodyAdvice
2025-09-23 10:11:47 [main] DEBUG o.s.w.s.m.m.a.ExceptionHandlerExceptionResolver - ControllerAdvice beans: 2 @ExceptionHandler, 1 ResponseBodyAdvice
2025-09-23 10:11:50 [main] INFO  o.a.coyote.http11.Http11NioProtocol - Starting ProtocolHandler ["http-nio-8081"]
2025-09-23 10:11:50 [main] DEBUG o.a.c.h.common.DefaultHttpRegistry - Registering CamelServlet with name CamelServlet consumers present: 0
2025-09-23 10:11:50 [main] INFO  o.a.c.c.s.CamelHttpTransportServlet - Initialized CamelHttpTransportServlet[name=CamelServlet, contextPath=]
2025-09-23 10:11:50 [main] DEBUG o.a.camel.spring.SpringCamelContext - onApplicationEvent: org.springframework.boot.web.servlet.context.ServletWebServerInitializedEvent[source=org.springframework.boot.web.embedded.tomcat.TomcatWebServer@71878d5a]
2025-09-23 10:11:50 [main] INFO  org.quartz.core.QuartzScheduler - Scheduler quartzScheduler_$_NON_CLUSTERED started.
2025-09-23 10:11:50 [main] DEBUG o.a.c.s.b.CamelSpringBootApplicationListener - Post-processing CamelContext bean: camel-1
2025-09-23 10:11:50 [main] DEBUG o.apache.camel.main.RoutesConfigurer - RoutesCollectorEnabled: org.apache.camel.spring.boot.CamelSpringBootRoutesCollector@941f50a
2025-09-23 10:11:50 [main] DEBUG o.a.c.s.b.CamelSpringBootRoutesCollector - Finding additional routes from: classpath:camel/*
2025-09-23 10:11:50 [main] DEBUG o.a.c.s.b.CamelSpringBootRoutesCollector - Finding additional routes from: classpath:camel-template/*
2025-09-23 10:11:50 [main] DEBUG o.a.c.s.b.CamelSpringBootRoutesCollector - Finding additional routes from: classpath:camel-rest/*
2025-09-23 10:11:50 [main] DEBUG o.a.c.s.b.CamelSpringBootRoutesCollector - No additional RoutesBuilder discovered from: classpath:camel/*,classpath:camel-template/*,classpath:camel-rest/*
2025-09-23 10:11:50 [main] DEBUG o.a.camel.spring.SpringCamelContext - onApplicationEvent: org.springframework.context.event.ContextRefreshedEvent[source=org.springframework.boot.web.servlet.context.AnnotationConfigServletWebServerApplicationContext@3fabf088, started on Tue Sep 23 10:11:28 EEST 2025]
2025-09-23 10:11:50 [main] DEBUG o.a.c.i.engine.AbstractCamelContext - Resolving language: simple
2025-09-23 10:11:50 [main] DEBUG o.a.camel.support.ResolverHelper - Lookup Language with name simple in registry. Found: null
2025-09-23 10:11:50 [main] DEBUG o.a.camel.support.ResolverHelper - Lookup Language with name simple-language in registry. Found: null
2025-09-23 10:11:50 [main] DEBUG o.a.c.language.simple.SimpleLanguage - Simple language predicate/expression cache size: 1000
2025-09-23 10:11:50 [main] DEBUG o.a.c.i.engine.AbstractCamelContext - Apache Camel 4.4.0 (camel-1) initialized in 186ms
2025-09-23 10:11:50 [main] INFO  o.a.c.i.engine.AbstractCamelContext - Apache Camel 4.4.0 (camel-1) is starting
2025-09-23 10:11:50 [main] DEBUG o.a.c.i.engine.AbstractCamelContext - Using ClassResolver=org.apache.camel.impl.engine.DefaultClassResolver@3abb1abe, PackageScanClassResolver=org.apache.camel.spring.boot.FatJarPackageScanClassResolver@77f917a8, ApplicationContextClassLoader=TomcatEmbeddedWebappClassLoader
  context: ROOT
  delegate: true
----------> Parent Classloader:
jdk.internal.loader.ClassLoaders$AppClassLoader@5451c3a8
, RouteController=org.apache.camel.impl.engine.DefaultRouteController@219981e0
2025-09-23 10:11:50 [main] DEBUG o.a.c.i.engine.AbstractCamelContext - StreamCaching is disabled on CamelContext: camel-1
2025-09-23 10:11:50 [main] DEBUG o.a.c.i.engine.AbstractCamelContext - Using HeadersMapFactory: org.apache.camel.impl.engine.DefaultHeadersMapFactory@7bc847dd
2025-09-23 10:11:50 [main] DEBUG o.a.c.i.engine.AbstractCamelContext - Using ReactiveExecutor: org.apache.camel.impl.engine.DefaultReactiveExecutor@4b2f9239
2025-09-23 10:11:50 [main] DEBUG o.a.c.i.engine.AbstractCamelContext - Using ThreadPoolFactory: org.apache.camel.support.DefaultThreadPoolFactory@95d1b2c
2025-09-23 10:11:50 [main] DEBUG o.a.c.i.engine.AbstractCamelContext - Using HealthCheck: camel-spring-boot
2025-09-23 10:11:50 [main] DEBUG o.a.c.i.e.DefaultStreamCachingStrategy - StreamCaching configuration DefaultStreamCachingStrategy[spoolDirectoryEnabled=false, spoolDirectory=null, spoolCipher=null, spoolThreshold=131072, spoolUsedHeapMemoryThreshold=0, bufferSize=0, anySpoolRules=false]
2025-09-23 10:11:50 [main] DEBUG o.a.c.i.e.DefaultStreamCachingStrategy - StreamCaching in use
2025-09-23 10:11:50 [main] DEBUG o.a.c.i.engine.AbstractCamelContext - Clearing BeanIntrospection cache with 1 objects using during starting Camel
2025-09-23 10:11:50 [main] DEBUG o.a.c.i.engine.AbstractCamelContext - BeanIntrospection invoked 4 times during starting Camel
2025-09-23 10:11:50 [main] INFO  o.a.c.i.engine.AbstractCamelContext - Routes startup (started:0)
2025-09-23 10:11:50 [main] INFO  o.a.c.i.engine.AbstractCamelContext - Apache Camel 4.4.0 (camel-1) started in 402ms (build:186ms init:186ms start:30ms)
2025-09-23 10:11:50 [main] DEBUG o.a.camel.support.ResolverHelper - Found ProcessorFactory: org.apache.camel.processor.DefaultProcessorFactory via: META-INF/services/org/apache/camel/processor-factory
2025-09-23 10:11:50 [main] DEBUG o.a.camel.support.ResolverHelper - Detected and using ProcessorFactory: org.apache.camel.processor.DefaultProcessorFactory@577953cb
2025-09-23 10:11:50 [main] DEBUG o.a.camel.impl.DefaultCamelContext - start() took 231 millis
2025-09-23 10:11:50 [main] INFO  c.middleware.MiddlewareApplication - Started MiddlewareApplication in 22.663 seconds (process running for 24.364)
2025-09-23 10:11:50 [main] DEBUG o.a.camel.spring.SpringCamelContext - onApplicationEvent: org.springframework.boot.context.event.ApplicationStartedEvent[source=org.springframework.boot.SpringApplication@2b2fdee3]
2025-09-23 10:11:50 [main] DEBUG o.a.camel.spring.SpringCamelContext - onApplicationEvent: org.springframework.boot.availability.AvailabilityChangeEvent[source=org.springframework.boot.web.servlet.context.AnnotationConfigServletWebServerApplicationContext@3fabf088, started on Tue Sep 23 10:11:28 EEST 2025]
2025-09-23 10:11:50 [scheduling-1] INFO  c.m.b.k.service.DynamicRouteService - Starting route status sync with Camel context
2025-09-23 10:11:50 [main] DEBUG o.a.camel.spring.SpringCamelContext - onApplicationEvent: org.springframework.boot.context.event.ApplicationReadyEvent[source=org.springframework.boot.SpringApplication@2b2fdee3]
2025-09-23 10:11:50 [main] INFO  c.m.b.k.service.SequenceFixService - Fixing sequence for integration_mapping.id ...
2025-09-23 10:11:50 [scheduling-1] DEBUG o.a.c.i.engine.AbstractCamelContext - Adding route configurations from builder: Routes: []
2025-09-23 10:11:50 [scheduling-1] DEBUG o.a.c.i.engine.AbstractCamelContext - Adding routes from builder: Routes: []
2025-09-23 10:11:50 [scheduling-1] DEBUG o.a.c.i.e.DefaultUriFactoryResolver - Found EndpointUriFactory: rest via type: org.apache.camel.component.rest.RestEndpointUriFactory via: META-INF/services/org/apache/camel/urifactory/rest
2025-09-23 10:11:50 [scheduling-1] DEBUG o.a.c.i.e.DefaultConfigurerResolver - Found configurer: org.apache.camel.spi.RestConfiguration via type: org.apache.camel.impl.RestConfigurationConfigurer via: META-INF/services/org/apache/camel/configurer/org.apache.camel.spi.RestConfiguration
2025-09-23 10:11:50 [scheduling-1] DEBUG o.a.c.i.e.DefaultConfigurerResolver - Found configurer: org.apache.camel.spi.RestConfiguration via type: org.apache.camel.impl.RestConfigurationConfigurer via: META-INF/services/org/apache/camel/configurer/org.apache.camel.spi.RestConfiguration
2025-09-23 10:11:50 [scheduling-1] DEBUG o.a.c.i.e.DefaultConfigurerResolver - Found configurer: org.apache.camel.spi.RestConfiguration via type: org.apache.camel.impl.RestConfigurationConfigurer via: META-INF/services/org/apache/camel/configurer/org.apache.camel.spi.RestConfiguration
2025-09-23 10:11:50 [scheduling-1] DEBUG o.a.c.i.e.DefaultConfigurerResolver - Found configurer: org.apache.camel.spi.RestConfiguration via type: org.apache.camel.impl.RestConfigurationConfigurer via: META-INF/services/org/apache/camel/configurer/org.apache.camel.spi.RestConfiguration
2025-09-23 10:11:50 [scheduling-1] DEBUG o.a.c.i.e.DefaultConfigurerResolver - Found configurer: org.apache.camel.spi.RestConfiguration via type: org.apache.camel.impl.RestConfigurationConfigurer via: META-INF/services/org/apache/camel/configurer/org.apache.camel.spi.RestConfiguration
2025-09-23 10:11:50 [scheduling-1] DEBUG o.a.c.i.e.DefaultConfigurerResolver - Found configurer: org.apache.camel.spi.RestConfiguration via type: org.apache.camel.impl.RestConfigurationConfigurer via: META-INF/services/org/apache/camel/configurer/org.apache.camel.spi.RestConfiguration
2025-09-23 10:11:50 [scheduling-1] DEBUG o.a.c.i.e.DefaultConfigurerResolver - Found configurer: org.apache.camel.spi.RestConfiguration via type: org.apache.camel.impl.RestConfigurationConfigurer via: META-INF/services/org/apache/camel/configurer/org.apache.camel.spi.RestConfiguration
2025-09-23 10:11:50 [scheduling-1] DEBUG o.a.c.i.e.DefaultConfigurerResolver - Found configurer: org.apache.camel.spi.RestConfiguration via type: org.apache.camel.impl.RestConfigurationConfigurer via: META-INF/services/org/apache/camel/configurer/org.apache.camel.spi.RestConfiguration
2025-09-23 10:11:50 [scheduling-1] DEBUG o.a.c.i.e.DefaultConfigurerResolver - Found configurer: org.apache.camel.spi.RestConfiguration via type: org.apache.camel.impl.RestConfigurationConfigurer via: META-INF/services/org/apache/camel/configurer/org.apache.camel.spi.RestConfiguration
2025-09-23 10:11:50 [scheduling-1] DEBUG o.a.c.i.e.DefaultConfigurerResolver - Found configurer: org.apache.camel.spi.RestConfiguration via type: org.apache.camel.impl.RestConfigurationConfigurer via: META-INF/services/org/apache/camel/configurer/org.apache.camel.spi.RestConfiguration
2025-09-23 10:11:50 [scheduling-1] DEBUG o.a.c.i.e.DefaultConfigurerResolver - Found configurer: org.apache.camel.spi.RestConfiguration via type: org.apache.camel.impl.RestConfigurationConfigurer via: META-INF/services/org/apache/camel/configurer/org.apache.camel.spi.RestConfiguration
2025-09-23 10:11:50 [scheduling-1] DEBUG o.a.c.i.e.DefaultConfigurerResolver - Found configurer: org.apache.camel.spi.RestConfiguration via type: org.apache.camel.impl.RestConfigurationConfigurer via: META-INF/services/org/apache/camel/configurer/org.apache.camel.spi.RestConfiguration
2025-09-23 10:11:50 [main] INFO  c.m.b.k.service.SequenceFixService - Sequence public.integration_mapping_id_seq synced to 5. setval returned 5
2025-09-23 10:11:50 [main] INFO  c.m.b.k.service.SequenceFixService - Sequence fix done.
2025-09-23 10:11:50 [main] DEBUG o.a.camel.spring.SpringCamelContext - onApplicationEvent: org.springframework.boot.availability.AvailabilityChangeEvent[source=org.springframework.boot.web.servlet.context.AnnotationConfigServletWebServerApplicationContext@3fabf088, started on Tue Sep 23 10:11:28 EEST 2025]
2025-09-23 10:11:50 [scheduling-1] DEBUG o.a.c.i.engine.AbstractCamelContext - Using ComponentResolver: org.apache.camel.impl.engine.DefaultComponentResolver@4d605cfd to resolve component with name: rest
2025-09-23 10:11:50 [scheduling-1] DEBUG o.a.camel.support.ResolverHelper - Lookup Component with name rest in registry. Found: null
2025-09-23 10:11:50 [scheduling-1] DEBUG o.a.camel.support.ResolverHelper - Lookup Component with name rest-component in registry. Found: null
2025-09-23 10:11:50 [scheduling-1] DEBUG o.a.c.i.e.DefaultComponentResolver - Found component: rest via type: org.apache.camel.component.rest.RestComponent via: META-INF/services/org/apache/camel/component/rest
2025-09-23 10:11:50 [scheduling-1] DEBUG o.a.c.i.e.DefaultConfigurerResolver - Found configurer: rest-component via type: org.apache.camel.component.rest.RestComponentConfigurer via: META-INF/services/org/apache/camel/configurer/rest-component
2025-09-23 10:11:50 [scheduling-1] DEBUG o.a.c.i.e.DefaultConfigurerResolver - Found configurer: rest-endpoint via type: org.apache.camel.component.rest.RestEndpointConfigurer via: META-INF/services/org/apache/camel/configurer/rest-endpoint
2025-09-23 10:11:51 [scheduling-1] DEBUG o.a.c.i.e.DefaultConfigurerResolver - Found configurer: rest-component via type: org.apache.camel.component.rest.RestComponentConfigurer via: META-INF/services/org/apache/camel/configurer/rest-component
2025-09-23 10:11:51 [scheduling-1] DEBUG o.a.camel.support.DefaultComponent - Creating endpoint uri=[rest://post:/dhis2/dataset], path=[post:/dhis2/dataset]
2025-09-23 10:11:51 [scheduling-1] DEBUG o.a.c.i.engine.AbstractCamelContext - rest://post:/dhis2/dataset converted to endpoint: rest://post:/dhis2/dataset by component: org.apache.camel.component.rest.RestComponent@62ca7fc
2025-09-23 10:11:51 [scheduling-1] DEBUG o.a.c.i.engine.AbstractCamelContext - Using ComponentResolver: org.apache.camel.impl.engine.DefaultComponentResolver@4d605cfd to resolve component with name: hakeem
2025-09-23 10:11:51 [scheduling-1] DEBUG o.a.camel.support.ResolverHelper - Lookup Component with name hakeem in registry. Found: null
2025-09-23 10:11:51 [scheduling-1] DEBUG o.a.camel.support.ResolverHelper - Lookup Component with name hakeem-component in registry. Found: null
2025-09-23 10:11:51 [scheduling-1] DEBUG o.a.c.i.e.DefaultComponentResolver - Found component: hakeem via type: com.middleware.dhis2.Dhis2Component via: META-INF/services/org/apache/camel/component/hakeem
2025-09-23 10:11:51 [scheduling-1] INFO  com.middleware.dhis2.Dhis2Component - Dhis2Component initialized.
2025-09-23 10:11:51 [scheduling-1] DEBUG o.a.c.i.e.DefaultConfigurerResolver - Found configurer: hakeem-component via type: com.middleware.dhis2.Dhis2ComponentConfigurer via: META-INF/services/org/apache/camel/configurer/hakeem-component
2025-09-23 10:11:51 [scheduling-1] DEBUG o.a.c.i.e.DefaultConfigurerResolver - Found configurer: hakeem-endpoint via type: com.middleware.dhis2.Dhis2EndpointConfigurer via: META-INF/services/org/apache/camel/configurer/hakeem-endpoint
2025-09-23 10:11:51 [scheduling-1] DEBUG o.a.c.i.e.DefaultConfigurerResolver - Found configurer: hakeem-component via type: com.middleware.dhis2.Dhis2ComponentConfigurer via: META-INF/services/org/apache/camel/configurer/hakeem-component
2025-09-23 10:11:51 [scheduling-1] DEBUG o.a.camel.support.DefaultComponent - Creating endpoint uri=[hakeem://process], path=[process]
2025-09-23 10:11:51 [scheduling-1] INFO  com.middleware.dhis2.Dhis2Endpoint - Dhis2Endpoint created for URI: hakeem://process with operation: process
2025-09-23 10:11:51 [scheduling-1] INFO  com.middleware.dhis2.Dhis2Component - Dhis2Service successfully looked up from Camel registry.
2025-09-23 10:11:51 [scheduling-1] INFO  com.middleware.dhis2.Dhis2Component - Created Dhis2Endpoint: hakeem://process
2025-09-23 10:11:51 [scheduling-1] DEBUG o.a.c.i.engine.AbstractCamelContext - hakeem://process converted to endpoint: hakeem://process by component: com.middleware.dhis2.Dhis2Component@64ac9d00
2025-09-23 10:11:51 [scheduling-1] DEBUG o.a.camel.support.ResolverHelper - Found InternalProcessorFactory: org.apache.camel.processor.DefaultInternalProcessorFactory via: META-INF/services/org/apache/camel/internal-processor-factory
2025-09-23 10:11:51 [scheduling-1] DEBUG o.a.camel.support.ResolverHelper - Detected and using InternalProcessorFactory: org.apache.camel.processor.DefaultInternalProcessorFactory@38d40ee4
2025-09-23 10:11:51 [scheduling-1] DEBUG o.apache.camel.reifier.RouteReifier - RoutePolicy is enabled: com.middleware.backend.policy.LoggingRoutePolicy@791b6b59 on route: dhis2-hakeem-route
2025-09-23 10:11:51 [scheduling-1] DEBUG o.a.c.i.e.InternalRouteStartupManager - Warming up route id: dhis2-hakeem-route having autoStartup=true
2025-09-23 10:11:51 [scheduling-1] DEBUG o.a.c.i.engine.AbstractCamelContext - Using ComponentResolver: org.apache.camel.impl.engine.DefaultComponentResolver@4d605cfd to resolve component with name: servlet
2025-09-23 10:11:51 [scheduling-1] DEBUG o.a.camel.support.ResolverHelper - Lookup Component with name servlet in registry. Found: null
2025-09-23 10:11:51 [scheduling-1] DEBUG o.a.camel.support.ResolverHelper - Lookup Component with name servlet-component in registry. Found: org.apache.camel.component.servlet.ServletComponent@6b102d44
2025-09-23 10:11:51 [scheduling-1] DEBUG o.a.c.i.e.DefaultConfigurerResolver - Found configurer: servlet-component via type: org.apache.camel.component.servlet.ServletComponentConfigurer via: META-INF/services/org/apache/camel/configurer/servlet-component
2025-09-23 10:11:51 [scheduling-1] DEBUG o.a.c.i.e.DefaultConfigurerResolver - Found configurer: servlet-endpoint via type: org.apache.camel.component.servlet.ServletEndpointConfigurer via: META-INF/services/org/apache/camel/configurer/servlet-endpoint
2025-09-23 10:11:51 [scheduling-1] DEBUG o.a.c.i.e.DefaultConfigurerResolver - Found configurer: servlet-component via type: org.apache.camel.component.servlet.ServletComponentConfigurer via: META-INF/services/org/apache/camel/configurer/servlet-component
2025-09-23 10:11:51 [scheduling-1] DEBUG o.a.camel.support.DefaultComponent - Creating endpoint uri=[servlet:///dhis2/dataset?httpMethodRestrict=POST], path=[/dhis2/dataset]
2025-09-23 10:11:51 [scheduling-1] DEBUG o.a.c.i.engine.AbstractCamelContext - servlet:///dhis2/dataset?httpMethodRestrict=POST converted to endpoint: servlet:/dhis2/dataset?httpMethodRestrict=POST by component: org.apache.camel.component.servlet.ServletComponent@6b102d44
2025-09-23 10:11:51 [scheduling-1] DEBUG o.a.camel.support.ResolverHelper - Found RestRegistryFactory: org.apache.camel.component.rest.DefaultRestRegistryFactory via: META-INF/services/org/apache/camel/rest-registry-factory
2025-09-23 10:11:51 [scheduling-1] DEBUG o.a.camel.support.ResolverHelper - Detected and using RestRegistryFactory: org.apache.camel.component.rest.DefaultRestRegistryFactory@4eb38baa
2025-09-23 10:11:51 [scheduling-1] INFO  com.middleware.dhis2.Dhis2Endpoint - Creating Dhis2Producer for endpoint: hakeem://process with operation: process
2025-09-23 10:11:51 [scheduling-1] DEBUG o.a.camel.support.DefaultProducer - Starting producer: Producer[hakeem://process]
2025-09-23 10:11:51 [scheduling-1] DEBUG o.a.c.i.e.InternalRouteStartupManager - Route: dhis2-hakeem-route >>> Route[rest://post:/dhis2/dataset -> null]
2025-09-23 10:11:51 [scheduling-1] DEBUG o.a.c.i.e.InternalRouteStartupManager - Starting consumer (order: 1000) on route: dhis2-hakeem-route
2025-09-23 10:11:51 [scheduling-1] DEBUG o.a.camel.support.DefaultConsumer - Build consumer: Consumer[servlet:/dhis2/dataset?httpMethodRestrict=POST]
2025-09-23 10:11:51 [scheduling-1] DEBUG o.a.camel.support.DefaultConsumer - Init consumer: Consumer[servlet:/dhis2/dataset?httpMethodRestrict=POST]
2025-09-23 10:11:51 [scheduling-1] DEBUG o.a.camel.support.DefaultConsumer - Starting consumer: Consumer[servlet:/dhis2/dataset?httpMethodRestrict=POST]
2025-09-23 10:11:51 [scheduling-1] DEBUG o.a.c.h.common.DefaultHttpRegistry - Registering consumer for path /dhis2/dataset providers present: 1
2025-09-23 10:11:51 [scheduling-1] DEBUG o.a.c.c.s.CamelHttpTransportServlet - Connecting consumer: Consumer[servlet:/dhis2/dataset?httpMethodRestrict=POST]
2025-09-23 10:11:51 [scheduling-1] DEBUG o.a.c.i.e.InternalRouteStartupManager - Route: dhis2-hakeem-route started and consuming from: servlet:/dhis2/dataset
2025-09-23 10:11:51 [scheduling-1] DEBUG o.a.c.i.e.InternalRouteStartupManager - Warming up route id: dhis2-hakeem-route having autoStartup=true
2025-09-23 10:11:51 [scheduling-1] DEBUG o.a.c.i.e.InternalRouteStartupManager - Route: dhis2-hakeem-route >>> Route[rest://post:/dhis2/dataset -> null]
2025-09-23 10:11:51 [scheduling-1] DEBUG o.a.c.i.e.InternalRouteStartupManager - Starting consumer (order: 1001) on route: dhis2-hakeem-route
2025-09-23 10:11:51 [scheduling-1] DEBUG o.a.c.i.e.InternalRouteStartupManager - Route: dhis2-hakeem-route started and consuming from: servlet:/dhis2/dataset
2025-09-23 10:11:51 [RMI TCP Connection(4)-172.24.4.130] DEBUG o.a.c.i.health.AbstractHealthCheck - Invoke health-check (LIVENESS) camel/context
2025-09-23 10:11:51 [RMI TCP Connection(2)-172.24.4.130] INFO  o.a.c.c.C.[Tomcat].[localhost].[/] - Initializing Spring DispatcherServlet 'dispatcherServlet'
2025-09-23 10:11:51 [RMI TCP Connection(2)-172.24.4.130] INFO  o.s.web.servlet.DispatcherServlet - Initializing Servlet 'dispatcherServlet'
2025-09-23 10:11:51 [RMI TCP Connection(2)-172.24.4.130] DEBUG o.s.web.servlet.DispatcherServlet - Detected StandardServletMultipartResolver
2025-09-23 10:11:51 [RMI TCP Connection(2)-172.24.4.130] DEBUG o.s.web.servlet.DispatcherServlet - Detected AcceptHeaderLocaleResolver
2025-09-23 10:11:51 [RMI TCP Connection(2)-172.24.4.130] DEBUG o.s.web.servlet.DispatcherServlet - Detected FixedThemeResolver
2025-09-23 10:11:51 [RMI TCP Connection(2)-172.24.4.130] DEBUG o.s.web.servlet.DispatcherServlet - Detected org.springframework.web.servlet.view.DefaultRequestToViewNameTranslator@67c5a4cc
2025-09-23 10:11:51 [RMI TCP Connection(4)-172.24.4.130] DEBUG o.a.c.i.health.AbstractHealthCheck - Invoke health-check (READINESS) camel/context
2025-09-23 10:11:51 [RMI TCP Connection(2)-172.24.4.130] DEBUG o.s.web.servlet.DispatcherServlet - Detected org.springframework.web.servlet.support.SessionFlashMapManager@e155391
2025-09-23 10:11:51 [RMI TCP Connection(2)-172.24.4.130] DEBUG o.s.web.servlet.DispatcherServlet - enableLoggingRequestDetails='false': request parameters and headers will be masked to prevent unsafe logging of potentially sensitive data
2025-09-23 10:11:51 [RMI TCP Connection(2)-172.24.4.130] INFO  o.s.web.servlet.DispatcherServlet - Completed initialization in 7 ms
2025-09-23 10:11:51 [RMI TCP Connection(4)-172.24.4.130] DEBUG o.a.c.i.health.AbstractHealthCheck - Invoke health-check (READINESS) camel/route:dhis2-hakeem-route
2025-09-23 10:11:51 [RMI TCP Connection(4)-172.24.4.130] DEBUG o.a.c.i.health.AbstractHealthCheck - Invoke health-check (READINESS) camel/consumer:dhis2-hakeem-route
2025-09-23 10:11:51 [RMI TCP Connection(4)-172.24.4.130] DEBUG o.a.c.i.health.AbstractHealthCheck - Invoke health-check (ALL) camel/context
2025-09-23 10:11:51 [RMI TCP Connection(4)-172.24.4.130] DEBUG o.a.c.i.health.AbstractHealthCheck - Invoke health-check (READINESS) camel/route:dhis2-hakeem-route
2025-09-23 10:11:51 [RMI TCP Connection(4)-172.24.4.130] DEBUG o.a.c.i.health.AbstractHealthCheck - Invoke health-check (READINESS) camel/consumer:dhis2-hakeem-route
2025-09-23 10:11:51 [scheduling-1] INFO  c.m.b.k.service.DynamicRouteService - Re-added route dhis2-hakeem-route to context (DB says active)
2025-09-23 10:11:51 [scheduling-1] INFO  c.m.b.k.service.DynamicRouteService - Completed route status sync
2025-09-23 10:11:53 [http-nio-8081-exec-4] DEBUG o.s.w.f.CommonsRequestLoggingFilter - Before request [POST /api/auth/login, client=0:0:0:0:0:0:0:1]
2025-09-23 10:11:53 [http-nio-8081-exec-4] DEBUG o.s.web.servlet.DispatcherServlet - POST "/api/auth/login", parameters={}
2025-09-23 10:11:53 [http-nio-8081-exec-4] DEBUG o.s.w.s.m.m.a.RequestMappingHandlerMapping - Mapped to com.middleware.backend.users.auth.AuthController#login(AuthRequest)
2025-09-23 10:11:53 [http-nio-8081-exec-4] DEBUG o.s.w.s.m.m.a.RequestResponseBodyMethodProcessor - Read "application/json;charset=UTF-8" to [AuthController.AuthRequest(email=admin@mail.com, password=S123@@31)]
2025-09-23 10:11:54 [http-nio-8081-exec-4] DEBUG o.a.camel.spring.SpringCamelContext - onApplicationEvent: org.springframework.security.authentication.event.AuthenticationFailureBadCredentialsEvent[source=UsernamePasswordAuthenticationToken [Principal=admin@mail.com, Credentials=[PROTECTED], Authenticated=false, Details=null, Granted Authorities=[]]]
2025-09-23 10:11:54 [http-nio-8081-exec-4] DEBUG o.s.w.s.m.m.a.ExceptionHandlerExceptionResolver - Using @ExceptionHandler com.middleware.backend.exception.GlobalExceptionHandler#handleRuntimeException(RuntimeException)
2025-09-23 10:11:54 [http-nio-8081-exec-4] DEBUG o.s.w.s.m.m.a.HttpEntityMethodProcessor - Using 'application/json', given [*/*] and supported [application/json, application/*+json, application/yaml]
2025-09-23 10:11:54 [http-nio-8081-exec-4] DEBUG o.s.w.s.m.m.a.HttpEntityMethodProcessor - Writing [{message=Bad credentials, timestamp=2025-09-23T10:11:54.098760100}]
2025-09-23 10:11:54 [http-nio-8081-exec-4] DEBUG o.s.w.s.m.m.a.ExceptionHandlerExceptionResolver - Resolved [org.springframework.security.authentication.BadCredentialsException: Bad credentials]
2025-09-23 10:11:54 [http-nio-8081-exec-4] DEBUG o.s.web.servlet.DispatcherServlet - Completed 400 BAD_REQUEST
2025-09-23 10:11:54 [http-nio-8081-exec-4] DEBUG o.a.camel.spring.SpringCamelContext - onApplicationEvent: ServletRequestHandledEvent: url=[/api/auth/login]; client=[0:0:0:0:0:0:0:1]; method=[POST]; status=[400]; servlet=[dispatcherServlet]; session=[null]; user=[null]; time=[388ms]
2025-09-23 10:11:54 [http-nio-8081-exec-4] DEBUG o.s.w.f.CommonsRequestLoggingFilter - After request [POST /api/auth/login, client=0:0:0:0:0:0:0:1, payload={"email":"admin@mail.com","password":"S123@@31"}]
2025-09-23 10:12:00 [http-nio-8081-exec-7] DEBUG o.s.w.f.CommonsRequestLoggingFilter - Before request [POST /api/auth/login, client=0:0:0:0:0:0:0:1]
2025-09-23 10:12:00 [http-nio-8081-exec-7] DEBUG o.s.web.servlet.DispatcherServlet - POST "/api/auth/login", parameters={}
2025-09-23 10:12:00 [http-nio-8081-exec-7] DEBUG o.s.w.s.m.m.a.RequestMappingHandlerMapping - Mapped to com.middleware.backend.users.auth.AuthController#login(AuthRequest)
2025-09-23 10:12:00 [http-nio-8081-exec-7] DEBUG o.s.w.s.m.m.a.RequestResponseBodyMethodProcessor - Read "application/json;charset=UTF-8" to [AuthController.AuthRequest(email=admin@mail.com, password=S123@231)]
2025-09-23 10:12:00 [http-nio-8081-exec-7] DEBUG o.a.camel.spring.SpringCamelContext - onApplicationEvent: org.springframework.security.authentication.event.AuthenticationSuccessEvent[source=UsernamePasswordAuthenticationToken [Principal=org.springframework.security.core.userdetails.User [Username=admin@mail.com, Password=[PROTECTED], Enabled=true, AccountNonExpired=true, CredentialsNonExpired=true, AccountNonLocked=true, Granted Authorities=[ROLE_ADMIN, auditLogs:export, auditLogs:view, dhis2:edit, dhis2:view, dynamicRoutes:create, dynamicRoutes:delete, dynamicRoutes:edit, dynamicRoutes:export, dynamicRoutes:revert, dynamicRoutes:start, dynamicRoutes:stop, dynamicRoutes:test, dynamicRoutes:validate, dynamicRoutes:view, dynamicRoutesLogs:export, dynamicRoutesLogs:view, errorCategories:create, errorCategories:edit, errorCategories:export, errorCategories:view, errorMappings:create, errorMappings:edit, errorMappings:export, errorMappings:view, integrationMapping:create, integrationMapping:delete, integrationMapping:edit, integrationMapping:export, integrationMapping:view, jobExecutionLogs:export, jobExecutionLogs:view, middlewareLogs:export, middlewareLogs:retry, middlewareLogs:view, role:create, role:view, routePermissions:edit, routePermissions:view, scheduledJobs:create, scheduledJobs:delete, scheduledJobs:edit, scheduledJobs:export, scheduledJobs:pause, scheduledJobs:resume, scheduledJobs:test, scheduledJobs:view, scheduledJobsLogs:export, scheduledJobsLogs:view, sourceSystems:create, sourceSystems:edit, sourceSystems:export, sourceSystems:view, throttling:edit, throttling:view, user:activate, user:create, user:delete, user:edit, user:generate-token, user:view, user:viewByRole, userPermissions:edit, userPermissions:view]], Credentials=[PROTECTED], Authenticated=true, Details=null, Granted Authorities=[ROLE_ADMIN, auditLogs:export, auditLogs:view, dhis2:edit, dhis2:view, dynamicRoutes:create, dynamicRoutes:delete, dynamicRoutes:edit, dynamicRoutes:export, dynamicRoutes:revert, dynamicRoutes:start, dynamicRoutes:stop, dynamicRoutes:test, dynamicRoutes:validate, dynamicRoutes:view, dynamicRoutesLogs:export, dynamicRoutesLogs:view, errorCategories:create, errorCategories:edit, errorCategories:export, errorCategories:view, errorMappings:create, errorMappings:edit, errorMappings:export, errorMappings:view, integrationMapping:create, integrationMapping:delete, integrationMapping:edit, integrationMapping:export, integrationMapping:view, jobExecutionLogs:export, jobExecutionLogs:view, middlewareLogs:export, middlewareLogs:retry, middlewareLogs:view, role:create, role:view, routePermissions:edit, routePermissions:view, scheduledJobs:create, scheduledJobs:delete, scheduledJobs:edit, scheduledJobs:export, scheduledJobs:pause, scheduledJobs:resume, scheduledJobs:test, scheduledJobs:view, scheduledJobsLogs:export, scheduledJobsLogs:view, sourceSystems:create, sourceSystems:edit, sourceSystems:export, sourceSystems:view, throttling:edit, throttling:view, user:activate, user:create, user:delete, user:edit, user:generate-token, user:view, user:viewByRole, userPermissions:edit, userPermissions:view]]]
2025-09-23 10:12:01 [http-nio-8081-exec-7] DEBUG o.s.w.s.m.m.a.HttpEntityMethodProcessor - Using 'application/json', given [*/*] and supported [application/json, application/*+json, application/yaml]
2025-09-23 10:12:01 [http-nio-8081-exec-7] DEBUG o.s.w.s.m.m.a.HttpEntityMethodProcessor - Writing [AuthController.AuthResponse(token=eyJhbGciOiJIUzI1NiJ9.eyJzdWIiOiJhZG1pbkBtYWlsLmNvbSIsImlhdCI6MTc1O (truncated)...]
2025-09-23 10:12:01 [http-nio-8081-exec-7] DEBUG o.s.web.servlet.DispatcherServlet - Completed 200 OK
2025-09-23 10:12:01 [http-nio-8081-exec-7] DEBUG o.a.camel.spring.SpringCamelContext - onApplicationEvent: ServletRequestHandledEvent: url=[/api/auth/login]; client=[0:0:0:0:0:0:0:1]; method=[POST]; status=[200]; servlet=[dispatcherServlet]; session=[null]; user=[null]; time=[958ms]
2025-09-23 10:12:01 [http-nio-8081-exec-7] DEBUG o.s.w.f.CommonsRequestLoggingFilter - After request [POST /api/auth/login, client=0:0:0:0:0:0:0:1, payload={"email":"admin@mail.com","password":"S123@231"}]
2025-09-23 10:12:07 [http-nio-8081-exec-8] INFO  c.m.b.k.service.DynamicRouteService - Fetching active routes with pagination
2025-09-23 10:12:07 [http-nio-8081-exec-3] INFO  c.m.b.k.service.DynamicRouteService - Fetching active routes with pagination
2025-09-23 10:12:07 [http-nio-8081-exec-8] DEBUG o.s.w.f.CommonsRequestLoggingFilter - Before request [GET /api/api/admin/integration-mappings?page=0&size=10, client=0:0:0:0:0:0:0:1, user=admin@mail.com]
2025-09-23 10:12:07 [http-nio-8081-exec-8] DEBUG o.s.web.servlet.DispatcherServlet - GET "/api/api/admin/integration-mappings?page=0&size=10", parameters={masked}
2025-09-23 10:12:07 [http-nio-8081-exec-8] DEBUG o.s.w.s.h.SimpleUrlHandlerMapping - Mapped to ResourceHttpRequestHandler [classpath [META-INF/resources/], classpath [resources/], classpath [static/], classpath [public/], ServletContext [/]]
2025-09-23 10:12:07 [http-nio-8081-exec-3] DEBUG o.s.w.f.CommonsRequestLoggingFilter - Before request [GET /api/api/admin/integrated-apis?size=1000, client=0:0:0:0:0:0:0:1, user=admin@mail.com]
2025-09-23 10:12:07 [http-nio-8081-exec-3] DEBUG o.s.web.servlet.DispatcherServlet - GET "/api/api/admin/integrated-apis?size=1000", parameters={masked}
2025-09-23 10:12:07 [http-nio-8081-exec-3] DEBUG o.s.w.s.h.SimpleUrlHandlerMapping - Mapped to ResourceHttpRequestHandler [classpath [META-INF/resources/], classpath [resources/], classpath [static/], classpath [public/], ServletContext [/]]
2025-09-23 10:12:07 [http-nio-8081-exec-8] DEBUG o.s.w.s.r.ResourceHttpRequestHandler - Resource not found
2025-09-23 10:12:07 [http-nio-8081-exec-8] DEBUG o.s.w.s.m.m.a.ExceptionHandlerExceptionResolver - Using @ExceptionHandler com.middleware.backend.exception.GlobalExceptionHandler#handleGenericException(Exception)
2025-09-23 10:12:07 [http-nio-8081-exec-3] DEBUG o.s.w.s.r.ResourceHttpRequestHandler - Resource not found
2025-09-23 10:12:07 [http-nio-8081-exec-8] DEBUG o.s.w.s.m.m.a.HttpEntityMethodProcessor - Using 'application/json', given [application/json] and supported [application/json, application/*+json, application/yaml]
2025-09-23 10:12:07 [http-nio-8081-exec-8] DEBUG o.s.w.s.m.m.a.HttpEntityMethodProcessor - Writing [{message=An unexpected error occurred, error=No static resource api/api/admin/integration-mappings., (truncated)...]
2025-09-23 10:12:07 [http-nio-8081-exec-8] DEBUG o.s.w.s.m.m.a.ExceptionHandlerExceptionResolver - Resolved [org.springframework.web.servlet.resource.NoResourceFoundException: No static resource api/api/admin/integration-mappings.]
2025-09-23 10:12:07 [http-nio-8081-exec-8] DEBUG o.s.web.servlet.DispatcherServlet - Completed 500 INTERNAL_SERVER_ERROR
2025-09-23 10:12:07 [http-nio-8081-exec-8] DEBUG o.a.camel.spring.SpringCamelContext - onApplicationEvent: ServletRequestHandledEvent: url=[/api/api/admin/integration-mappings]; client=[0:0:0:0:0:0:0:1]; method=[GET]; status=[500]; servlet=[dispatcherServlet]; session=[null]; user=[admin@mail.com]; time=[11ms]
2025-09-23 10:12:07 [http-nio-8081-exec-8] DEBUG o.s.w.f.CommonsRequestLoggingFilter - After request [GET /api/api/admin/integration-mappings?page=0&size=10, client=0:0:0:0:0:0:0:1, user=admin@mail.com]
2025-09-23 10:12:07 [http-nio-8081-exec-3] DEBUG o.s.w.s.m.m.a.ExceptionHandlerExceptionResolver - Using @ExceptionHandler com.middleware.backend.exception.GlobalExceptionHandler#handleGenericException(Exception)
2025-09-23 10:12:07 [http-nio-8081-exec-3] DEBUG o.s.w.s.m.m.a.HttpEntityMethodProcessor - Using 'application/json', given [application/json] and supported [application/json, application/*+json, application/yaml]
2025-09-23 10:12:07 [http-nio-8081-exec-3] DEBUG o.s.w.s.m.m.a.HttpEntityMethodProcessor - Writing [{message=An unexpected error occurred, error=No static resource api/api/admin/integrated-apis., time (truncated)...]
2025-09-23 10:12:07 [http-nio-8081-exec-3] DEBUG o.s.w.s.m.m.a.ExceptionHandlerExceptionResolver - Resolved [org.springframework.web.servlet.resource.NoResourceFoundException: No static resource api/api/admin/integrated-apis.]
2025-09-23 10:12:07 [http-nio-8081-exec-3] DEBUG o.s.web.servlet.DispatcherServlet - Completed 500 INTERNAL_SERVER_ERROR
2025-09-23 10:12:07 [http-nio-8081-exec-3] DEBUG o.a.camel.spring.SpringCamelContext - onApplicationEvent: ServletRequestHandledEvent: url=[/api/api/admin/integrated-apis]; client=[0:0:0:0:0:0:0:1]; method=[GET]; status=[500]; servlet=[dispatcherServlet]; session=[null]; user=[admin@mail.com]; time=[9ms]
2025-09-23 10:12:07 [http-nio-8081-exec-3] DEBUG o.s.w.f.CommonsRequestLoggingFilter - After request [GET /api/api/admin/integrated-apis?size=1000, client=0:0:0:0:0:0:0:1, user=admin@mail.com]
2025-09-23 10:12:20 [scheduling-1] INFO  c.m.b.k.service.DynamicRouteService - Starting route status sync with Camel context
2025-09-23 10:12:20 [scheduling-1] INFO  c.m.b.k.service.DynamicRouteService - Completed route status sync
2025-09-23 10:12:50 [scheduling-1] INFO  c.m.b.k.service.DynamicRouteService - Starting route status sync with Camel context
2025-09-23 10:12:50 [scheduling-1] INFO  c.m.b.k.service.DynamicRouteService - Completed route status sync
2025-09-23 10:13:20 [scheduling-1] INFO  c.m.b.k.service.DynamicRouteService - Starting route status sync with Camel context
2025-09-23 10:13:20 [scheduling-1] INFO  c.m.b.k.service.DynamicRouteService - Completed route status sync
2025-09-23 10:13:34 [http-nio-8081-exec-1] INFO  c.m.b.k.service.DynamicRouteService - Fetching active routes with pagination
2025-09-23 10:13:34 [http-nio-8081-exec-4] INFO  c.m.b.k.service.DynamicRouteService - Fetching active routes with pagination
2025-09-23 10:13:34 [http-nio-8081-exec-4] DEBUG o.s.w.f.CommonsRequestLoggingFilter - Before request [GET /api/admin/integrated-apis?size=1000, client=0:0:0:0:0:0:0:1, user=admin@mail.com]
2025-09-23 10:13:34 [http-nio-8081-exec-4] DEBUG o.s.web.servlet.DispatcherServlet - GET "/api/admin/integrated-apis?size=1000", parameters={masked}
2025-09-23 10:13:34 [http-nio-8081-exec-4] DEBUG o.s.w.s.m.m.a.RequestMappingHandlerMapping - Mapped to com.middleware.backend.kaotocamel.controller.IntegratedApiController#findAll(String, String, String, String, Boolean, int, int, String[])
2025-09-23 10:13:35 [http-nio-8081-exec-4] WARN  o.s.d.w.c.SpringDataJacksonConfiguration$PageModule$WarningLoggingModifier - Serializing PageImpl instances as-is is not supported, meaning that there is no guarantee about the stability of the resulting JSON structure!
	For a stable JSON structure, please use Spring Data's PagedModel (globally via @EnableSpringDataWebSupport(pageSerializationMode = VIA_DTO))
	or Spring HATEOAS and Spring Data's PagedResourcesAssembler as documented in https://docs.spring.io/spring-data/commons/reference/repositories/core-extensions.html#core.web.pageables.

2025-09-23 10:13:35 [http-nio-8081-exec-1] DEBUG o.s.w.f.CommonsRequestLoggingFilter - Before request [GET /api/admin/integration-mappings?page=0&size=10, client=0:0:0:0:0:0:0:1, user=admin@mail.com]
2025-09-23 10:13:35 [http-nio-8081-exec-1] DEBUG o.s.web.servlet.DispatcherServlet - GET "/api/admin/integration-mappings?page=0&size=10", parameters={masked}
2025-09-23 10:13:35 [http-nio-8081-exec-1] DEBUG o.s.w.s.m.m.a.RequestMappingHandlerMapping - Mapped to com.middleware.backend.kaotocamel.controller.IntegrationMappingAdminController#findAll(String, Long, String, String, Boolean, int, int, String[])
2025-09-23 10:13:35 [http-nio-8081-exec-4] DEBUG o.s.w.s.m.m.a.HttpEntityMethodProcessor - Using 'application/json', given [application/json] and supported [application/json, application/*+json, application/yaml]
2025-09-23 10:13:35 [http-nio-8081-exec-4] DEBUG o.s.w.s.m.m.a.HttpEntityMethodProcessor - Writing [Page 1 of 1 containing com.middleware.backend.kaotocamel.dto.IntegratedApiDto instances]
2025-09-23 10:13:35 [http-nio-8081-exec-4] DEBUG o.s.web.servlet.DispatcherServlet - Completed 200 OK
2025-09-23 10:13:35 [http-nio-8081-exec-4] DEBUG o.a.camel.spring.SpringCamelContext - onApplicationEvent: ServletRequestHandledEvent: url=[/api/admin/integrated-apis]; client=[0:0:0:0:0:0:0:1]; method=[GET]; status=[200]; servlet=[dispatcherServlet]; session=[null]; user=[admin@mail.com]; time=[121ms]
2025-09-23 10:13:35 [http-nio-8081-exec-4] DEBUG o.s.w.f.CommonsRequestLoggingFilter - After request [GET /api/admin/integrated-apis?size=1000, client=0:0:0:0:0:0:0:1, user=admin@mail.com]
2025-09-23 10:13:35 [http-nio-8081-exec-1] DEBUG o.s.w.s.m.m.a.HttpEntityMethodProcessor - Using 'application/json', given [application/json] and supported [application/json, application/*+json, application/yaml]
2025-09-23 10:13:35 [http-nio-8081-exec-1] DEBUG o.s.w.s.m.m.a.HttpEntityMethodProcessor - Writing [Page 1 of 1 containing com.middleware.backend.kaotocamel.dto.IntegrationMappingDto instances]
2025-09-23 10:13:35 [http-nio-8081-exec-1] DEBUG o.s.web.servlet.DispatcherServlet - Completed 200 OK
2025-09-23 10:13:35 [http-nio-8081-exec-1] DEBUG o.a.camel.spring.SpringCamelContext - onApplicationEvent: ServletRequestHandledEvent: url=[/api/admin/integration-mappings]; client=[0:0:0:0:0:0:0:1]; method=[GET]; status=[200]; servlet=[dispatcherServlet]; session=[null]; user=[admin@mail.com]; time=[86ms]
2025-09-23 10:13:35 [http-nio-8081-exec-1] DEBUG o.s.w.f.CommonsRequestLoggingFilter - After request [GET /api/admin/integration-mappings?page=0&size=10, client=0:0:0:0:0:0:0:1, user=admin@mail.com]
2025-09-23 10:13:39 [http-nio-8081-exec-7] INFO  c.m.b.k.service.DynamicRouteService - Fetching active routes with pagination
2025-09-23 10:13:40 [http-nio-8081-exec-9] INFO  c.m.b.k.service.DynamicRouteService - Fetching active routes with pagination
2025-09-23 10:13:40 [http-nio-8081-exec-7] DEBUG o.s.w.f.CommonsRequestLoggingFilter - Before request [GET /api/admin/integrated-apis?size=1000, client=0:0:0:0:0:0:0:1, user=admin@mail.com]
2025-09-23 10:13:40 [http-nio-8081-exec-7] DEBUG o.s.web.servlet.DispatcherServlet - GET "/api/admin/integrated-apis?size=1000", parameters={masked}
2025-09-23 10:13:40 [http-nio-8081-exec-7] DEBUG o.s.w.s.m.m.a.RequestMappingHandlerMapping - Mapped to com.middleware.backend.kaotocamel.controller.IntegratedApiController#findAll(String, String, String, String, Boolean, int, int, String[])
2025-09-23 10:13:40 [http-nio-8081-exec-7] DEBUG o.s.w.s.m.m.a.HttpEntityMethodProcessor - Using 'application/json', given [application/json] and supported [application/json, application/*+json, application/yaml]
2025-09-23 10:13:40 [http-nio-8081-exec-7] DEBUG o.s.w.s.m.m.a.HttpEntityMethodProcessor - Writing [Page 1 of 1 containing com.middleware.backend.kaotocamel.dto.IntegratedApiDto instances]
2025-09-23 10:13:40 [http-nio-8081-exec-7] DEBUG o.s.web.servlet.DispatcherServlet - Completed 200 OK
2025-09-23 10:13:40 [http-nio-8081-exec-7] DEBUG o.a.camel.spring.SpringCamelContext - onApplicationEvent: ServletRequestHandledEvent: url=[/api/admin/integrated-apis]; client=[0:0:0:0:0:0:0:1]; method=[GET]; status=[200]; servlet=[dispatcherServlet]; session=[null]; user=[admin@mail.com]; time=[69ms]
2025-09-23 10:13:40 [http-nio-8081-exec-7] DEBUG o.s.w.f.CommonsRequestLoggingFilter - After request [GET /api/admin/integrated-apis?size=1000, client=0:0:0:0:0:0:0:1, user=admin@mail.com]
2025-09-23 10:13:40 [http-nio-8081-exec-9] DEBUG o.s.w.f.CommonsRequestLoggingFilter - Before request [GET /api/admin/integration-mappings?page=0&size=10, client=0:0:0:0:0:0:0:1, user=admin@mail.com]
2025-09-23 10:13:40 [http-nio-8081-exec-9] DEBUG o.s.web.servlet.DispatcherServlet - GET "/api/admin/integration-mappings?page=0&size=10", parameters={masked}
2025-09-23 10:13:40 [http-nio-8081-exec-9] DEBUG o.s.w.s.m.m.a.RequestMappingHandlerMapping - Mapped to com.middleware.backend.kaotocamel.controller.IntegrationMappingAdminController#findAll(String, Long, String, String, Boolean, int, int, String[])
2025-09-23 10:13:40 [http-nio-8081-exec-9] DEBUG o.s.w.s.m.m.a.HttpEntityMethodProcessor - Using 'application/json', given [application/json] and supported [application/json, application/*+json, application/yaml]
2025-09-23 10:13:40 [http-nio-8081-exec-9] DEBUG o.s.w.s.m.m.a.HttpEntityMethodProcessor - Writing [Page 1 of 1 containing com.middleware.backend.kaotocamel.dto.IntegrationMappingDto instances]
2025-09-23 10:13:40 [http-nio-8081-exec-9] DEBUG o.s.web.servlet.DispatcherServlet - Completed 200 OK
2025-09-23 10:13:40 [http-nio-8081-exec-9] DEBUG o.a.camel.spring.SpringCamelContext - onApplicationEvent: ServletRequestHandledEvent: url=[/api/admin/integration-mappings]; client=[0:0:0:0:0:0:0:1]; method=[GET]; status=[200]; servlet=[dispatcherServlet]; session=[null]; user=[admin@mail.com]; time=[67ms]
2025-09-23 10:13:40 [http-nio-8081-exec-9] DEBUG o.s.w.f.CommonsRequestLoggingFilter - After request [GET /api/admin/integration-mappings?page=0&size=10, client=0:0:0:0:0:0:0:1, user=admin@mail.com]
2025-09-23 10:13:50 [scheduling-1] INFO  c.m.b.k.service.DynamicRouteService - Starting route status sync with Camel context
2025-09-23 10:13:50 [scheduling-1] INFO  c.m.b.k.service.DynamicRouteService - Completed route status sync
2025-09-23 10:14:04 [http-nio-8081-exec-6] INFO  c.m.b.k.service.DynamicRouteService - Fetching active routes with pagination
2025-09-23 10:14:04 [http-nio-8081-exec-5] INFO  c.m.b.k.service.DynamicRouteService - Fetching active routes with pagination
2025-09-23 10:14:04 [http-nio-8081-exec-6] DEBUG o.s.w.f.CommonsRequestLoggingFilter - Before request [GET /api/api/admin/integration-mappings?page=0&size=10, client=0:0:0:0:0:0:0:1, user=admin@mail.com]
2025-09-23 10:14:04 [http-nio-8081-exec-6] DEBUG o.s.web.servlet.DispatcherServlet - GET "/api/api/admin/integration-mappings?page=0&size=10", parameters={masked}
2025-09-23 10:14:04 [http-nio-8081-exec-6] DEBUG o.s.w.s.h.SimpleUrlHandlerMapping - Mapped to ResourceHttpRequestHandler [classpath [META-INF/resources/], classpath [resources/], classpath [static/], classpath [public/], ServletContext [/]]
2025-09-23 10:14:04 [http-nio-8081-exec-6] DEBUG o.s.w.s.r.ResourceHttpRequestHandler - Resource not found
2025-09-23 10:14:04 [http-nio-8081-exec-6] DEBUG o.s.w.s.m.m.a.ExceptionHandlerExceptionResolver - Using @ExceptionHandler com.middleware.backend.exception.GlobalExceptionHandler#handleGenericException(Exception)
2025-09-23 10:14:04 [http-nio-8081-exec-6] DEBUG o.s.w.s.m.m.a.HttpEntityMethodProcessor - Using 'application/json', given [application/json] and supported [application/json, application/*+json, application/yaml]
2025-09-23 10:14:04 [http-nio-8081-exec-6] DEBUG o.s.w.s.m.m.a.HttpEntityMethodProcessor - Writing [{message=An unexpected error occurred, error=No static resource api/api/admin/integration-mappings., (truncated)...]
2025-09-23 10:14:04 [http-nio-8081-exec-6] DEBUG o.s.w.s.m.m.a.ExceptionHandlerExceptionResolver - Resolved [org.springframework.web.servlet.resource.NoResourceFoundException: No static resource api/api/admin/integration-mappings.]
2025-09-23 10:14:04 [http-nio-8081-exec-6] DEBUG o.s.web.servlet.DispatcherServlet - Completed 500 INTERNAL_SERVER_ERROR
2025-09-23 10:14:04 [http-nio-8081-exec-6] DEBUG o.a.camel.spring.SpringCamelContext - onApplicationEvent: ServletRequestHandledEvent: url=[/api/api/admin/integration-mappings]; client=[0:0:0:0:0:0:0:1]; method=[GET]; status=[500]; servlet=[dispatcherServlet]; session=[null]; user=[admin@mail.com]; time=[8ms]
2025-09-23 10:14:04 [http-nio-8081-exec-6] DEBUG o.s.w.f.CommonsRequestLoggingFilter - After request [GET /api/api/admin/integration-mappings?page=0&size=10, client=0:0:0:0:0:0:0:1, user=admin@mail.com]
2025-09-23 10:14:04 [http-nio-8081-exec-5] DEBUG o.s.w.f.CommonsRequestLoggingFilter - Before request [GET /api/api/admin/integrated-apis?size=1000, client=0:0:0:0:0:0:0:1, user=admin@mail.com]
2025-09-23 10:14:04 [http-nio-8081-exec-5] DEBUG o.s.web.servlet.DispatcherServlet - GET "/api/api/admin/integrated-apis?size=1000", parameters={masked}
2025-09-23 10:14:04 [http-nio-8081-exec-5] DEBUG o.s.w.s.h.SimpleUrlHandlerMapping - Mapped to ResourceHttpRequestHandler [classpath [META-INF/resources/], classpath [resources/], classpath [static/], classpath [public/], ServletContext [/]]
2025-09-23 10:14:04 [http-nio-8081-exec-5] DEBUG o.s.w.s.r.ResourceHttpRequestHandler - Resource not found
2025-09-23 10:14:04 [http-nio-8081-exec-5] DEBUG o.s.w.s.m.m.a.ExceptionHandlerExceptionResolver - Using @ExceptionHandler com.middleware.backend.exception.GlobalExceptionHandler#handleGenericException(Exception)
2025-09-23 10:14:04 [http-nio-8081-exec-5] DEBUG o.s.w.s.m.m.a.HttpEntityMethodProcessor - Using 'application/json', given [application/json] and supported [application/json, application/*+json, application/yaml]
2025-09-23 10:14:04 [http-nio-8081-exec-5] DEBUG o.s.w.s.m.m.a.HttpEntityMethodProcessor - Writing [{message=An unexpected error occurred, error=No static resource api/api/admin/integrated-apis., time (truncated)...]
2025-09-23 10:14:04 [http-nio-8081-exec-5] DEBUG o.s.w.s.m.m.a.ExceptionHandlerExceptionResolver - Resolved [org.springframework.web.servlet.resource.NoResourceFoundException: No static resource api/api/admin/integrated-apis.]
2025-09-23 10:14:04 [http-nio-8081-exec-5] DEBUG o.s.web.servlet.DispatcherServlet - Completed 500 INTERNAL_SERVER_ERROR
2025-09-23 10:14:04 [http-nio-8081-exec-5] DEBUG o.a.camel.spring.SpringCamelContext - onApplicationEvent: ServletRequestHandledEvent: url=[/api/api/admin/integrated-apis]; client=[0:0:0:0:0:0:0:1]; method=[GET]; status=[500]; servlet=[dispatcherServlet]; session=[null]; user=[admin@mail.com]; time=[4ms]
2025-09-23 10:14:04 [http-nio-8081-exec-5] DEBUG o.s.w.f.CommonsRequestLoggingFilter - After request [GET /api/api/admin/integrated-apis?size=1000, client=0:0:0:0:0:0:0:1, user=admin@mail.com]
2025-09-23 10:14:11 [http-nio-8081-exec-8] INFO  c.m.b.k.service.DynamicRouteService - Fetching active routes with pagination
2025-09-23 10:14:11 [http-nio-8081-exec-3] INFO  c.m.b.k.service.DynamicRouteService - Fetching active routes with pagination
2025-09-23 10:14:12 [http-nio-8081-exec-3] DEBUG o.s.w.f.CommonsRequestLoggingFilter - Before request [GET /api/admin/integrated-apis?size=1000, client=0:0:0:0:0:0:0:1, user=admin@mail.com]
2025-09-23 10:14:12 [http-nio-8081-exec-3] DEBUG o.s.web.servlet.DispatcherServlet - GET "/api/admin/integrated-apis?size=1000", parameters={masked}
2025-09-23 10:14:12 [http-nio-8081-exec-3] DEBUG o.s.w.s.m.m.a.RequestMappingHandlerMapping - Mapped to com.middleware.backend.kaotocamel.controller.IntegratedApiController#findAll(String, String, String, String, Boolean, int, int, String[])
2025-09-23 10:14:12 [http-nio-8081-exec-8] DEBUG o.s.w.f.CommonsRequestLoggingFilter - Before request [GET /api/admin/integration-mappings?page=0&size=10, client=0:0:0:0:0:0:0:1, user=admin@mail.com]
2025-09-23 10:14:12 [http-nio-8081-exec-8] DEBUG o.s.web.servlet.DispatcherServlet - GET "/api/admin/integration-mappings?page=0&size=10", parameters={masked}
2025-09-23 10:14:12 [http-nio-8081-exec-8] DEBUG o.s.w.s.m.m.a.RequestMappingHandlerMapping - Mapped to com.middleware.backend.kaotocamel.controller.IntegrationMappingAdminController#findAll(String, Long, String, String, Boolean, int, int, String[])
2025-09-23 10:14:12 [http-nio-8081-exec-8] DEBUG o.s.w.s.m.m.a.HttpEntityMethodProcessor - Using 'application/json', given [application/json] and supported [application/json, application/*+json, application/yaml]
2025-09-23 10:14:12 [http-nio-8081-exec-8] DEBUG o.s.w.s.m.m.a.HttpEntityMethodProcessor - Writing [Page 1 of 1 containing com.middleware.backend.kaotocamel.dto.IntegrationMappingDto instances]
2025-09-23 10:14:12 [http-nio-8081-exec-8] DEBUG o.s.web.servlet.DispatcherServlet - Completed 200 OK
2025-09-23 10:14:12 [http-nio-8081-exec-8] DEBUG o.a.camel.spring.SpringCamelContext - onApplicationEvent: ServletRequestHandledEvent: url=[/api/admin/integration-mappings]; client=[0:0:0:0:0:0:0:1]; method=[GET]; status=[200]; servlet=[dispatcherServlet]; session=[null]; user=[admin@mail.com]; time=[63ms]
2025-09-23 10:14:12 [http-nio-8081-exec-8] DEBUG o.s.w.f.CommonsRequestLoggingFilter - After request [GET /api/admin/integration-mappings?page=0&size=10, client=0:0:0:0:0:0:0:1, user=admin@mail.com]
2025-09-23 10:14:12 [http-nio-8081-exec-3] DEBUG o.s.w.s.m.m.a.HttpEntityMethodProcessor - Using 'application/json', given [application/json] and supported [application/json, application/*+json, application/yaml]
2025-09-23 10:14:12 [http-nio-8081-exec-3] DEBUG o.s.w.s.m.m.a.HttpEntityMethodProcessor - Writing [Page 1 of 1 containing com.middleware.backend.kaotocamel.dto.IntegratedApiDto instances]
2025-09-23 10:14:12 [http-nio-8081-exec-3] DEBUG o.s.web.servlet.DispatcherServlet - Completed 200 OK
2025-09-23 10:14:12 [http-nio-8081-exec-3] DEBUG o.a.camel.spring.SpringCamelContext - onApplicationEvent: ServletRequestHandledEvent: url=[/api/admin/integrated-apis]; client=[0:0:0:0:0:0:0:1]; method=[GET]; status=[200]; servlet=[dispatcherServlet]; session=[null]; user=[admin@mail.com]; time=[178ms]
2025-09-23 10:14:12 [http-nio-8081-exec-3] DEBUG o.s.w.f.CommonsRequestLoggingFilter - After request [GET /api/admin/integrated-apis?size=1000, client=0:0:0:0:0:0:0:1, user=admin@mail.com]
2025-09-23 10:14:16 [http-nio-8081-exec-4] INFO  c.m.b.k.service.DynamicRouteService - Fetching active routes with pagination
2025-09-23 10:14:16 [http-nio-8081-exec-1] INFO  c.m.b.k.service.DynamicRouteService - Fetching active routes with pagination
2025-09-23 10:14:16 [http-nio-8081-exec-4] DEBUG o.s.w.f.CommonsRequestLoggingFilter - Before request [GET /api/api/admin/integrated-apis?size=1000, client=0:0:0:0:0:0:0:1, user=admin@mail.com]
2025-09-23 10:14:16 [http-nio-8081-exec-4] DEBUG o.s.web.servlet.DispatcherServlet - GET "/api/api/admin/integrated-apis?size=1000", parameters={masked}
2025-09-23 10:14:16 [http-nio-8081-exec-4] DEBUG o.s.w.s.h.SimpleUrlHandlerMapping - Mapped to ResourceHttpRequestHandler [classpath [META-INF/resources/], classpath [resources/], classpath [static/], classpath [public/], ServletContext [/]]
2025-09-23 10:14:16 [http-nio-8081-exec-4] DEBUG o.s.w.s.r.ResourceHttpRequestHandler - Resource not found
2025-09-23 10:14:16 [http-nio-8081-exec-4] DEBUG o.s.w.s.m.m.a.ExceptionHandlerExceptionResolver - Using @ExceptionHandler com.middleware.backend.exception.GlobalExceptionHandler#handleGenericException(Exception)
2025-09-23 10:14:16 [http-nio-8081-exec-4] DEBUG o.s.w.s.m.m.a.HttpEntityMethodProcessor - Using 'application/json', given [application/json] and supported [application/json, application/*+json, application/yaml]
2025-09-23 10:14:16 [http-nio-8081-exec-4] DEBUG o.s.w.s.m.m.a.HttpEntityMethodProcessor - Writing [{message=An unexpected error occurred, error=No static resource api/api/admin/integrated-apis., time (truncated)...]
2025-09-23 10:14:16 [http-nio-8081-exec-4] DEBUG o.s.w.s.m.m.a.ExceptionHandlerExceptionResolver - Resolved [org.springframework.web.servlet.resource.NoResourceFoundException: No static resource api/api/admin/integrated-apis.]
2025-09-23 10:14:16 [http-nio-8081-exec-4] DEBUG o.s.web.servlet.DispatcherServlet - Completed 500 INTERNAL_SERVER_ERROR
2025-09-23 10:14:16 [http-nio-8081-exec-4] DEBUG o.a.camel.spring.SpringCamelContext - onApplicationEvent: ServletRequestHandledEvent: url=[/api/api/admin/integrated-apis]; client=[0:0:0:0:0:0:0:1]; method=[GET]; status=[500]; servlet=[dispatcherServlet]; session=[null]; user=[admin@mail.com]; time=[4ms]
2025-09-23 10:14:16 [http-nio-8081-exec-4] DEBUG o.s.w.f.CommonsRequestLoggingFilter - After request [GET /api/api/admin/integrated-apis?size=1000, client=0:0:0:0:0:0:0:1, user=admin@mail.com]
2025-09-23 10:14:16 [http-nio-8081-exec-1] DEBUG o.s.w.f.CommonsRequestLoggingFilter - Before request [GET /api/api/admin/integration-mappings?page=0&size=10, client=0:0:0:0:0:0:0:1, user=admin@mail.com]
2025-09-23 10:14:16 [http-nio-8081-exec-1] DEBUG o.s.web.servlet.DispatcherServlet - GET "/api/api/admin/integration-mappings?page=0&size=10", parameters={masked}
2025-09-23 10:14:16 [http-nio-8081-exec-1] DEBUG o.s.w.s.h.SimpleUrlHandlerMapping - Mapped to ResourceHttpRequestHandler [classpath [META-INF/resources/], classpath [resources/], classpath [static/], classpath [public/], ServletContext [/]]
2025-09-23 10:14:16 [http-nio-8081-exec-1] DEBUG o.s.w.s.r.ResourceHttpRequestHandler - Resource not found
2025-09-23 10:14:16 [http-nio-8081-exec-1] DEBUG o.s.w.s.m.m.a.ExceptionHandlerExceptionResolver - Using @ExceptionHandler com.middleware.backend.exception.GlobalExceptionHandler#handleGenericException(Exception)
2025-09-23 10:14:16 [http-nio-8081-exec-1] DEBUG o.s.w.s.m.m.a.HttpEntityMethodProcessor - Using 'application/json', given [application/json] and supported [application/json, application/*+json, application/yaml]
2025-09-23 10:14:16 [http-nio-8081-exec-1] DEBUG o.s.w.s.m.m.a.HttpEntityMethodProcessor - Writing [{message=An unexpected error occurred, error=No static resource api/api/admin/integration-mappings., (truncated)...]
2025-09-23 10:14:16 [http-nio-8081-exec-1] DEBUG o.s.w.s.m.m.a.ExceptionHandlerExceptionResolver - Resolved [org.springframework.web.servlet.resource.NoResourceFoundException: No static resource api/api/admin/integration-mappings.]
2025-09-23 10:14:16 [http-nio-8081-exec-1] DEBUG o.s.web.servlet.DispatcherServlet - Completed 500 INTERNAL_SERVER_ERROR
2025-09-23 10:14:16 [http-nio-8081-exec-1] DEBUG o.a.camel.spring.SpringCamelContext - onApplicationEvent: ServletRequestHandledEvent: url=[/api/api/admin/integration-mappings]; client=[0:0:0:0:0:0:0:1]; method=[GET]; status=[500]; servlet=[dispatcherServlet]; session=[null]; user=[admin@mail.com]; time=[4ms]
2025-09-23 10:14:16 [http-nio-8081-exec-1] DEBUG o.s.w.f.CommonsRequestLoggingFilter - After request [GET /api/api/admin/integration-mappings?page=0&size=10, client=0:0:0:0:0:0:0:1, user=admin@mail.com]
2025-09-23 10:14:20 [scheduling-1] INFO  c.m.b.k.service.DynamicRouteService - Starting route status sync with Camel context
2025-09-23 10:14:20 [scheduling-1] INFO  c.m.b.k.service.DynamicRouteService - Completed route status sync
2025-09-23 10:14:39 [http-nio-8081-exec-5] INFO  c.m.b.k.service.DynamicRouteService - Fetching active routes with pagination
2025-09-23 10:14:39 [http-nio-8081-exec-6] INFO  c.m.b.k.service.DynamicRouteService - Fetching active routes with pagination
2025-09-23 10:14:39 [http-nio-8081-exec-6] DEBUG o.s.w.f.CommonsRequestLoggingFilter - Before request [GET /api%20/admin/integrated-apis?size=1000, client=0:0:0:0:0:0:0:1, user=admin@mail.com]
2025-09-23 10:14:39 [http-nio-8081-exec-6] DEBUG o.s.web.servlet.DispatcherServlet - GET "/api%20/admin/integrated-apis?size=1000", parameters={masked}
2025-09-23 10:14:39 [http-nio-8081-exec-6] DEBUG o.s.w.s.h.SimpleUrlHandlerMapping - Mapped to ResourceHttpRequestHandler [classpath [META-INF/resources/], classpath [resources/], classpath [static/], classpath [public/], ServletContext [/]]
2025-09-23 10:14:39 [http-nio-8081-exec-5] DEBUG o.s.w.f.CommonsRequestLoggingFilter - Before request [GET /api%20/admin/integration-mappings?page=0&size=10, client=0:0:0:0:0:0:0:1, user=admin@mail.com]
2025-09-23 10:14:39 [http-nio-8081-exec-5] DEBUG o.s.web.servlet.DispatcherServlet - GET "/api%20/admin/integration-mappings?page=0&size=10", parameters={masked}
2025-09-23 10:14:39 [http-nio-8081-exec-6] DEBUG o.s.w.s.r.ResourceHttpRequestHandler - Resource not found
2025-09-23 10:14:39 [http-nio-8081-exec-5] DEBUG o.s.w.s.h.SimpleUrlHandlerMapping - Mapped to ResourceHttpRequestHandler [classpath [META-INF/resources/], classpath [resources/], classpath [static/], classpath [public/], ServletContext [/]]
2025-09-23 10:14:39 [http-nio-8081-exec-6] DEBUG o.s.w.s.m.m.a.ExceptionHandlerExceptionResolver - Using @ExceptionHandler com.middleware.backend.exception.GlobalExceptionHandler#handleGenericException(Exception)
2025-09-23 10:14:39 [http-nio-8081-exec-6] DEBUG o.s.w.s.m.m.a.HttpEntityMethodProcessor - Using 'application/json', given [application/json] and supported [application/json, application/*+json, application/yaml]
2025-09-23 10:14:39 [http-nio-8081-exec-6] DEBUG o.s.w.s.m.m.a.HttpEntityMethodProcessor - Writing [{message=An unexpected error occurred, error=No static resource api%20/admin/integrated-apis., times (truncated)...]
2025-09-23 10:14:39 [http-nio-8081-exec-6] DEBUG o.s.w.s.m.m.a.ExceptionHandlerExceptionResolver - Resolved [org.springframework.web.servlet.resource.NoResourceFoundException: No static resource api%20/admin/integrated-apis.]
2025-09-23 10:14:39 [http-nio-8081-exec-6] DEBUG o.s.web.servlet.DispatcherServlet - Completed 500 INTERNAL_SERVER_ERROR
2025-09-23 10:14:39 [http-nio-8081-exec-6] DEBUG o.a.camel.spring.SpringCamelContext - onApplicationEvent: ServletRequestHandledEvent: url=[/api%20/admin/integrated-apis]; client=[0:0:0:0:0:0:0:1]; method=[GET]; status=[500]; servlet=[dispatcherServlet]; session=[null]; user=[admin@mail.com]; time=[5ms]
2025-09-23 10:14:39 [http-nio-8081-exec-6] DEBUG o.s.w.f.CommonsRequestLoggingFilter - After request [GET /api%20/admin/integrated-apis?size=1000, client=0:0:0:0:0:0:0:1, user=admin@mail.com]
2025-09-23 10:14:39 [http-nio-8081-exec-5] DEBUG o.s.w.s.r.ResourceHttpRequestHandler - Resource not found
2025-09-23 10:14:39 [http-nio-8081-exec-5] DEBUG o.s.w.s.m.m.a.ExceptionHandlerExceptionResolver - Using @ExceptionHandler com.middleware.backend.exception.GlobalExceptionHandler#handleGenericException(Exception)
2025-09-23 10:14:39 [http-nio-8081-exec-5] DEBUG o.s.w.s.m.m.a.HttpEntityMethodProcessor - Using 'application/json', given [application/json] and supported [application/json, application/*+json, application/yaml]
2025-09-23 10:14:39 [http-nio-8081-exec-5] DEBUG o.s.w.s.m.m.a.HttpEntityMethodProcessor - Writing [{message=An unexpected error occurred, error=No static resource api%20/admin/integration-mappings.,  (truncated)...]
2025-09-23 10:14:39 [http-nio-8081-exec-5] DEBUG o.s.w.s.m.m.a.ExceptionHandlerExceptionResolver - Resolved [org.springframework.web.servlet.resource.NoResourceFoundException: No static resource api%20/admin/integration-mappings.]
2025-09-23 10:14:39 [http-nio-8081-exec-5] DEBUG o.s.web.servlet.DispatcherServlet - Completed 500 INTERNAL_SERVER_ERROR
2025-09-23 10:14:39 [http-nio-8081-exec-5] DEBUG o.a.camel.spring.SpringCamelContext - onApplicationEvent: ServletRequestHandledEvent: url=[/api%20/admin/integration-mappings]; client=[0:0:0:0:0:0:0:1]; method=[GET]; status=[500]; servlet=[dispatcherServlet]; session=[null]; user=[admin@mail.com]; time=[6ms]
2025-09-23 10:14:39 [http-nio-8081-exec-5] DEBUG o.s.w.f.CommonsRequestLoggingFilter - After request [GET /api%20/admin/integration-mappings?page=0&size=10, client=0:0:0:0:0:0:0:1, user=admin@mail.com]
2025-09-23 10:14:41 [http-nio-8081-exec-8] INFO  c.m.b.k.service.DynamicRouteService - Fetching active routes with pagination
2025-09-23 10:14:41 [http-nio-8081-exec-3] INFO  c.m.b.k.service.DynamicRouteService - Fetching active routes with pagination
2025-09-23 10:14:41 [http-nio-8081-exec-3] DEBUG o.s.w.f.CommonsRequestLoggingFilter - Before request [GET /api%20/admin/integration-mappings?page=0&size=10, client=0:0:0:0:0:0:0:1, user=admin@mail.com]
2025-09-23 10:14:41 [http-nio-8081-exec-3] DEBUG o.s.web.servlet.DispatcherServlet - GET "/api%20/admin/integration-mappings?page=0&size=10", parameters={masked}
2025-09-23 10:14:41 [http-nio-8081-exec-3] DEBUG o.s.w.s.h.SimpleUrlHandlerMapping - Mapped to ResourceHttpRequestHandler [classpath [META-INF/resources/], classpath [resources/], classpath [static/], classpath [public/], ServletContext [/]]
2025-09-23 10:14:41 [http-nio-8081-exec-3] DEBUG o.s.w.s.r.ResourceHttpRequestHandler - Resource not found
2025-09-23 10:14:41 [http-nio-8081-exec-3] DEBUG o.s.w.s.m.m.a.ExceptionHandlerExceptionResolver - Using @ExceptionHandler com.middleware.backend.exception.GlobalExceptionHandler#handleGenericException(Exception)
2025-09-23 10:14:41 [http-nio-8081-exec-3] DEBUG o.s.w.s.m.m.a.HttpEntityMethodProcessor - Using 'application/json', given [application/json] and supported [application/json, application/*+json, application/yaml]
2025-09-23 10:14:41 [http-nio-8081-exec-3] DEBUG o.s.w.s.m.m.a.HttpEntityMethodProcessor - Writing [{message=An unexpected error occurred, error=No static resource api%20/admin/integration-mappings.,  (truncated)...]
2025-09-23 10:14:41 [http-nio-8081-exec-3] DEBUG o.s.w.s.m.m.a.ExceptionHandlerExceptionResolver - Resolved [org.springframework.web.servlet.resource.NoResourceFoundException: No static resource api%20/admin/integration-mappings.]
2025-09-23 10:14:41 [http-nio-8081-exec-3] DEBUG o.s.web.servlet.DispatcherServlet - Completed 500 INTERNAL_SERVER_ERROR
2025-09-23 10:14:41 [http-nio-8081-exec-3] DEBUG o.a.camel.spring.SpringCamelContext - onApplicationEvent: ServletRequestHandledEvent: url=[/api%20/admin/integration-mappings]; client=[0:0:0:0:0:0:0:1]; method=[GET]; status=[500]; servlet=[dispatcherServlet]; session=[null]; user=[admin@mail.com]; time=[6ms]
2025-09-23 10:14:41 [http-nio-8081-exec-3] DEBUG o.s.w.f.CommonsRequestLoggingFilter - After request [GET /api%20/admin/integration-mappings?page=0&size=10, client=0:0:0:0:0:0:0:1, user=admin@mail.com]
2025-09-23 10:14:41 [http-nio-8081-exec-8] DEBUG o.s.w.f.CommonsRequestLoggingFilter - Before request [GET /api%20/admin/integrated-apis?size=1000, client=0:0:0:0:0:0:0:1, user=admin@mail.com]
2025-09-23 10:14:41 [http-nio-8081-exec-8] DEBUG o.s.web.servlet.DispatcherServlet - GET "/api%20/admin/integrated-apis?size=1000", parameters={masked}
2025-09-23 10:14:41 [http-nio-8081-exec-8] DEBUG o.s.w.s.h.SimpleUrlHandlerMapping - Mapped to ResourceHttpRequestHandler [classpath [META-INF/resources/], classpath [resources/], classpath [static/], classpath [public/], ServletContext [/]]
2025-09-23 10:14:41 [http-nio-8081-exec-8] DEBUG o.s.w.s.r.ResourceHttpRequestHandler - Resource not found
2025-09-23 10:14:41 [http-nio-8081-exec-8] DEBUG o.s.w.s.m.m.a.ExceptionHandlerExceptionResolver - Using @ExceptionHandler com.middleware.backend.exception.GlobalExceptionHandler#handleGenericException(Exception)
2025-09-23 10:14:41 [http-nio-8081-exec-8] DEBUG o.s.w.s.m.m.a.HttpEntityMethodProcessor - Using 'application/json', given [application/json] and supported [application/json, application/*+json, application/yaml]
2025-09-23 10:14:41 [http-nio-8081-exec-8] DEBUG o.s.w.s.m.m.a.HttpEntityMethodProcessor - Writing [{message=An unexpected error occurred, error=No static resource api%20/admin/integrated-apis., times (truncated)...]
2025-09-23 10:14:41 [http-nio-8081-exec-8] DEBUG o.s.w.s.m.m.a.ExceptionHandlerExceptionResolver - Resolved [org.springframework.web.servlet.resource.NoResourceFoundException: No static resource api%20/admin/integrated-apis.]
2025-09-23 10:14:41 [http-nio-8081-exec-8] DEBUG o.s.web.servlet.DispatcherServlet - Completed 500 INTERNAL_SERVER_ERROR
2025-09-23 10:14:41 [http-nio-8081-exec-8] DEBUG o.a.camel.spring.SpringCamelContext - onApplicationEvent: ServletRequestHandledEvent: url=[/api%20/admin/integrated-apis]; client=[0:0:0:0:0:0:0:1]; method=[GET]; status=[500]; servlet=[dispatcherServlet]; session=[null]; user=[admin@mail.com]; time=[5ms]
2025-09-23 10:14:41 [http-nio-8081-exec-8] DEBUG o.s.w.f.CommonsRequestLoggingFilter - After request [GET /api%20/admin/integrated-apis?size=1000, client=0:0:0:0:0:0:0:1, user=admin@mail.com]
2025-09-23 10:14:50 [scheduling-1] INFO  c.m.b.k.service.DynamicRouteService - Starting route status sync with Camel context
2025-09-23 10:14:50 [scheduling-1] INFO  c.m.b.k.service.DynamicRouteService - Completed route status sync
2025-09-23 10:15:20 [scheduling-1] INFO  c.m.b.k.service.DynamicRouteService - Starting route status sync with Camel context
2025-09-23 10:15:20 [scheduling-1] INFO  c.m.b.k.service.DynamicRouteService - Completed route status sync
2025-09-23 10:15:29 [http-nio-8081-exec-10] INFO  c.m.b.k.service.DynamicRouteService - Fetching active routes with pagination
2025-09-23 10:15:29 [http-nio-8081-exec-2] INFO  c.m.b.k.service.DynamicRouteService - Fetching active routes with pagination
2025-09-23 10:15:29 [http-nio-8081-exec-2] DEBUG o.s.w.f.CommonsRequestLoggingFilter - Before request [GET /api/admin/integrated-apis?size=1000, client=0:0:0:0:0:0:0:1, user=admin@mail.com]
2025-09-23 10:15:29 [http-nio-8081-exec-10] DEBUG o.s.w.f.CommonsRequestLoggingFilter - Before request [GET /api/admin/integration-mappings?page=0&size=10, client=0:0:0:0:0:0:0:1, user=admin@mail.com]
2025-09-23 10:15:29 [http-nio-8081-exec-2] DEBUG o.s.web.servlet.DispatcherServlet - GET "/api/admin/integrated-apis?size=1000", parameters={masked}
2025-09-23 10:15:29 [http-nio-8081-exec-10] DEBUG o.s.web.servlet.DispatcherServlet - GET "/api/admin/integration-mappings?page=0&size=10", parameters={masked}
2025-09-23 10:15:29 [http-nio-8081-exec-2] DEBUG o.s.w.s.m.m.a.RequestMappingHandlerMapping - Mapped to com.middleware.backend.kaotocamel.controller.IntegratedApiController#findAll(String, String, String, String, Boolean, int, int, String[])
2025-09-23 10:15:29 [http-nio-8081-exec-10] DEBUG o.s.w.s.m.m.a.RequestMappingHandlerMapping - Mapped to com.middleware.backend.kaotocamel.controller.IntegrationMappingAdminController#findAll(String, Long, String, String, Boolean, int, int, String[])
2025-09-23 10:15:29 [http-nio-8081-exec-2] DEBUG o.s.w.s.m.m.a.HttpEntityMethodProcessor - Using 'application/json', given [application/json] and supported [application/json, application/*+json, application/yaml]
2025-09-23 10:15:29 [http-nio-8081-exec-10] DEBUG o.s.w.s.m.m.a.HttpEntityMethodProcessor - Using 'application/json', given [application/json] and supported [application/json, application/*+json, application/yaml]
2025-09-23 10:15:29 [http-nio-8081-exec-2] DEBUG o.s.w.s.m.m.a.HttpEntityMethodProcessor - Writing [Page 1 of 1 containing com.middleware.backend.kaotocamel.dto.IntegratedApiDto instances]
2025-09-23 10:15:29 [http-nio-8081-exec-10] DEBUG o.s.w.s.m.m.a.HttpEntityMethodProcessor - Writing [Page 1 of 1 containing com.middleware.backend.kaotocamel.dto.IntegrationMappingDto instances]
2025-09-23 10:15:29 [http-nio-8081-exec-2] DEBUG o.s.web.servlet.DispatcherServlet - Completed 200 OK
2025-09-23 10:15:29 [http-nio-8081-exec-10] DEBUG o.s.web.servlet.DispatcherServlet - Completed 200 OK
2025-09-23 10:15:29 [http-nio-8081-exec-2] DEBUG o.a.camel.spring.SpringCamelContext - onApplicationEvent: ServletRequestHandledEvent: url=[/api/admin/integrated-apis]; client=[0:0:0:0:0:0:0:1]; method=[GET]; status=[200]; servlet=[dispatcherServlet]; session=[null]; user=[admin@mail.com]; time=[66ms]
2025-09-23 10:15:29 [http-nio-8081-exec-10] DEBUG o.a.camel.spring.SpringCamelContext - onApplicationEvent: ServletRequestHandledEvent: url=[/api/admin/integration-mappings]; client=[0:0:0:0:0:0:0:1]; method=[GET]; status=[200]; servlet=[dispatcherServlet]; session=[null]; user=[admin@mail.com]; time=[66ms]
2025-09-23 10:15:29 [http-nio-8081-exec-2] DEBUG o.s.w.f.CommonsRequestLoggingFilter - After request [GET /api/admin/integrated-apis?size=1000, client=0:0:0:0:0:0:0:1, user=admin@mail.com]
2025-09-23 10:15:29 [http-nio-8081-exec-10] DEBUG o.s.w.f.CommonsRequestLoggingFilter - After request [GET /api/admin/integration-mappings?page=0&size=10, client=0:0:0:0:0:0:0:1, user=admin@mail.com]
2025-09-23 10:15:50 [scheduling-1] INFO  c.m.b.k.service.DynamicRouteService - Starting route status sync with Camel context
2025-09-23 10:15:50 [scheduling-1] INFO  c.m.b.k.service.DynamicRouteService - Completed route status sync
2025-09-23 10:16:20 [scheduling-1] INFO  c.m.b.k.service.DynamicRouteService - Starting route status sync with Camel context
2025-09-23 10:16:20 [scheduling-1] INFO  c.m.b.k.service.DynamicRouteService - Completed route status sync
2025-09-23 10:16:30 [http-nio-8081-exec-9] INFO  c.m.b.k.service.DynamicRouteService - Fetching active routes with pagination
2025-09-23 10:16:30 [http-nio-8081-exec-9] DEBUG o.s.w.f.CommonsRequestLoggingFilter - Before request [GET /api/api/admin/integrated-apis?page=0&size=1000, client=0:0:0:0:0:0:0:1, user=admin@mail.com]
2025-09-23 10:16:30 [http-nio-8081-exec-9] DEBUG o.s.web.servlet.DispatcherServlet - GET "/api/api/admin/integrated-apis?page=0&size=1000", parameters={masked}
2025-09-23 10:16:30 [http-nio-8081-exec-9] DEBUG o.s.w.s.h.SimpleUrlHandlerMapping - Mapped to ResourceHttpRequestHandler [classpath [META-INF/resources/], classpath [resources/], classpath [static/], classpath [public/], ServletContext [/]]
2025-09-23 10:16:30 [http-nio-8081-exec-9] DEBUG o.s.w.s.r.ResourceHttpRequestHandler - Resource not found
2025-09-23 10:16:30 [http-nio-8081-exec-9] DEBUG o.s.w.s.m.m.a.ExceptionHandlerExceptionResolver - Using @ExceptionHandler com.middleware.backend.exception.GlobalExceptionHandler#handleGenericException(Exception)
2025-09-23 10:16:30 [http-nio-8081-exec-9] DEBUG o.s.w.s.m.m.a.HttpEntityMethodProcessor - Using 'application/json', given [*/*] and supported [application/json, application/*+json, application/yaml]
2025-09-23 10:16:30 [http-nio-8081-exec-9] DEBUG o.s.w.s.m.m.a.HttpEntityMethodProcessor - Writing [{message=An unexpected error occurred, error=No static resource api/api/admin/integrated-apis., time (truncated)...]
2025-09-23 10:16:30 [http-nio-8081-exec-9] DEBUG o.s.w.s.m.m.a.ExceptionHandlerExceptionResolver - Resolved [org.springframework.web.servlet.resource.NoResourceFoundException: No static resource api/api/admin/integrated-apis.]
2025-09-23 10:16:30 [http-nio-8081-exec-9] DEBUG o.s.web.servlet.DispatcherServlet - Completed 500 INTERNAL_SERVER_ERROR
2025-09-23 10:16:30 [http-nio-8081-exec-9] DEBUG o.a.camel.spring.SpringCamelContext - onApplicationEvent: ServletRequestHandledEvent: url=[/api/api/admin/integrated-apis]; client=[0:0:0:0:0:0:0:1]; method=[GET]; status=[500]; servlet=[dispatcherServlet]; session=[null]; user=[admin@mail.com]; time=[30ms]
2025-09-23 10:16:30 [http-nio-8081-exec-9] DEBUG o.s.w.f.CommonsRequestLoggingFilter - After request [GET /api/api/admin/integrated-apis?page=0&size=1000, client=0:0:0:0:0:0:0:1, user=admin@mail.com]
2025-09-23 10:16:40 [http-nio-8081-exec-6] INFO  c.m.b.k.service.DynamicRouteService - Fetching active routes with pagination
2025-09-23 10:16:40 [http-nio-8081-exec-6] DEBUG o.s.w.f.CommonsRequestLoggingFilter - Before request [GET /api/api/admin/integrated-apis?page=0&size=1000, client=0:0:0:0:0:0:0:1, user=admin@mail.com]
2025-09-23 10:16:40 [http-nio-8081-exec-6] DEBUG o.s.web.servlet.DispatcherServlet - GET "/api/api/admin/integrated-apis?page=0&size=1000", parameters={masked}
2025-09-23 10:16:40 [http-nio-8081-exec-6] DEBUG o.s.w.s.h.SimpleUrlHandlerMapping - Mapped to ResourceHttpRequestHandler [classpath [META-INF/resources/], classpath [resources/], classpath [static/], classpath [public/], ServletContext [/]]
2025-09-23 10:16:40 [http-nio-8081-exec-6] DEBUG o.s.w.s.r.ResourceHttpRequestHandler - Resource not found
2025-09-23 10:16:40 [http-nio-8081-exec-6] DEBUG o.s.w.s.m.m.a.ExceptionHandlerExceptionResolver - Using @ExceptionHandler com.middleware.backend.exception.GlobalExceptionHandler#handleGenericException(Exception)
2025-09-23 10:16:40 [http-nio-8081-exec-6] DEBUG o.s.w.s.m.m.a.HttpEntityMethodProcessor - Using 'application/json', given [*/*] and supported [application/json, application/*+json, application/yaml]
2025-09-23 10:16:40 [http-nio-8081-exec-6] DEBUG o.s.w.s.m.m.a.HttpEntityMethodProcessor - Writing [{message=An unexpected error occurred, error=No static resource api/api/admin/integrated-apis., time (truncated)...]
2025-09-23 10:16:40 [http-nio-8081-exec-6] DEBUG o.s.w.s.m.m.a.ExceptionHandlerExceptionResolver - Resolved [org.springframework.web.servlet.resource.NoResourceFoundException: No static resource api/api/admin/integrated-apis.]
2025-09-23 10:16:40 [http-nio-8081-exec-6] DEBUG o.s.web.servlet.DispatcherServlet - Completed 500 INTERNAL_SERVER_ERROR
2025-09-23 10:16:40 [http-nio-8081-exec-6] DEBUG o.a.camel.spring.SpringCamelContext - onApplicationEvent: ServletRequestHandledEvent: url=[/api/api/admin/integrated-apis]; client=[0:0:0:0:0:0:0:1]; method=[GET]; status=[500]; servlet=[dispatcherServlet]; session=[null]; user=[admin@mail.com]; time=[4ms]
2025-09-23 10:16:40 [http-nio-8081-exec-6] DEBUG o.s.w.f.CommonsRequestLoggingFilter - After request [GET /api/api/admin/integrated-apis?page=0&size=1000, client=0:0:0:0:0:0:0:1, user=admin@mail.com]
2025-09-23 10:16:46 [http-nio-8081-exec-5] INFO  c.m.b.k.service.DynamicRouteService - Fetching active routes with pagination
2025-09-23 10:16:46 [http-nio-8081-exec-3] INFO  c.m.b.k.service.DynamicRouteService - Fetching active routes with pagination
2025-09-23 10:16:47 [http-nio-8081-exec-5] DEBUG o.s.w.f.CommonsRequestLoggingFilter - Before request [GET /api/admin/integrated-apis?size=1000, client=0:0:0:0:0:0:0:1, user=admin@mail.com]
2025-09-23 10:16:47 [http-nio-8081-exec-5] DEBUG o.s.web.servlet.DispatcherServlet - GET "/api/admin/integrated-apis?size=1000", parameters={masked}
2025-09-23 10:16:47 [http-nio-8081-exec-5] DEBUG o.s.w.s.m.m.a.RequestMappingHandlerMapping - Mapped to com.middleware.backend.kaotocamel.controller.IntegratedApiController#findAll(String, String, String, String, Boolean, int, int, String[])
2025-09-23 10:16:47 [http-nio-8081-exec-3] DEBUG o.s.w.f.CommonsRequestLoggingFilter - Before request [GET /api/admin/integration-mappings?page=0&size=10, client=0:0:0:0:0:0:0:1, user=admin@mail.com]
2025-09-23 10:16:47 [http-nio-8081-exec-3] DEBUG o.s.web.servlet.DispatcherServlet - GET "/api/admin/integration-mappings?page=0&size=10", parameters={masked}
2025-09-23 10:16:47 [http-nio-8081-exec-3] DEBUG o.s.w.s.m.m.a.RequestMappingHandlerMapping - Mapped to com.middleware.backend.kaotocamel.controller.IntegrationMappingAdminController#findAll(String, Long, String, String, Boolean, int, int, String[])
2025-09-23 10:16:47 [http-nio-8081-exec-5] DEBUG o.s.w.s.m.m.a.HttpEntityMethodProcessor - Using 'application/json', given [application/json] and supported [application/json, application/*+json, application/yaml]
2025-09-23 10:16:47 [http-nio-8081-exec-5] DEBUG o.s.w.s.m.m.a.HttpEntityMethodProcessor - Writing [Page 1 of 1 containing com.middleware.backend.kaotocamel.dto.IntegratedApiDto instances]
2025-09-23 10:16:47 [http-nio-8081-exec-5] DEBUG o.s.web.servlet.DispatcherServlet - Completed 200 OK
2025-09-23 10:16:47 [http-nio-8081-exec-5] DEBUG o.a.camel.spring.SpringCamelContext - onApplicationEvent: ServletRequestHandledEvent: url=[/api/admin/integrated-apis]; client=[0:0:0:0:0:0:0:1]; method=[GET]; status=[200]; servlet=[dispatcherServlet]; session=[null]; user=[admin@mail.com]; time=[109ms]
2025-09-23 10:16:47 [http-nio-8081-exec-5] DEBUG o.s.w.f.CommonsRequestLoggingFilter - After request [GET /api/admin/integrated-apis?size=1000, client=0:0:0:0:0:0:0:1, user=admin@mail.com]
2025-09-23 10:16:47 [http-nio-8081-exec-3] DEBUG o.s.w.s.m.m.a.HttpEntityMethodProcessor - Using 'application/json', given [application/json] and supported [application/json, application/*+json, application/yaml]
2025-09-23 10:16:47 [http-nio-8081-exec-3] DEBUG o.s.w.s.m.m.a.HttpEntityMethodProcessor - Writing [Page 1 of 1 containing com.middleware.backend.kaotocamel.dto.IntegrationMappingDto instances]
2025-09-23 10:16:47 [http-nio-8081-exec-3] DEBUG o.s.web.servlet.DispatcherServlet - Completed 200 OK
2025-09-23 10:16:47 [http-nio-8081-exec-3] DEBUG o.a.camel.spring.SpringCamelContext - onApplicationEvent: ServletRequestHandledEvent: url=[/api/admin/integration-mappings]; client=[0:0:0:0:0:0:0:1]; method=[GET]; status=[200]; servlet=[dispatcherServlet]; session=[null]; user=[admin@mail.com]; time=[94ms]
2025-09-23 10:16:47 [http-nio-8081-exec-3] DEBUG o.s.w.f.CommonsRequestLoggingFilter - After request [GET /api/admin/integration-mappings?page=0&size=10, client=0:0:0:0:0:0:0:1, user=admin@mail.com]
2025-09-23 10:16:47 [http-nio-8081-exec-8] INFO  c.m.b.k.service.DynamicRouteService - Fetching active routes with pagination
2025-09-23 10:16:47 [http-nio-8081-exec-2] INFO  c.m.b.k.service.DynamicRouteService - Fetching active routes with pagination
2025-09-23 10:16:48 [http-nio-8081-exec-8] DEBUG o.s.w.f.CommonsRequestLoggingFilter - Before request [GET /api/admin/integrated-apis?size=1000, client=0:0:0:0:0:0:0:1, user=admin@mail.com]
2025-09-23 10:16:48 [http-nio-8081-exec-8] DEBUG o.s.web.servlet.DispatcherServlet - GET "/api/admin/integrated-apis?size=1000", parameters={masked}
2025-09-23 10:16:48 [http-nio-8081-exec-8] DEBUG o.s.w.s.m.m.a.RequestMappingHandlerMapping - Mapped to com.middleware.backend.kaotocamel.controller.IntegratedApiController#findAll(String, String, String, String, Boolean, int, int, String[])
2025-09-23 10:16:48 [http-nio-8081-exec-2] DEBUG o.s.w.f.CommonsRequestLoggingFilter - Before request [GET /api/admin/integration-mappings?page=0&size=10, client=0:0:0:0:0:0:0:1, user=admin@mail.com]
2025-09-23 10:16:48 [http-nio-8081-exec-2] DEBUG o.s.web.servlet.DispatcherServlet - GET "/api/admin/integration-mappings?page=0&size=10", parameters={masked}
2025-09-23 10:16:48 [http-nio-8081-exec-2] DEBUG o.s.w.s.m.m.a.RequestMappingHandlerMapping - Mapped to com.middleware.backend.kaotocamel.controller.IntegrationMappingAdminController#findAll(String, Long, String, String, Boolean, int, int, String[])
2025-09-23 10:16:48 [http-nio-8081-exec-8] DEBUG o.s.w.s.m.m.a.HttpEntityMethodProcessor - Using 'application/json', given [application/json] and supported [application/json, application/*+json, application/yaml]
2025-09-23 10:16:48 [http-nio-8081-exec-8] DEBUG o.s.w.s.m.m.a.HttpEntityMethodProcessor - Writing [Page 1 of 1 containing com.middleware.backend.kaotocamel.dto.IntegratedApiDto instances]
2025-09-23 10:16:48 [http-nio-8081-exec-8] DEBUG o.s.web.servlet.DispatcherServlet - Completed 200 OK
2025-09-23 10:16:48 [http-nio-8081-exec-8] DEBUG o.a.camel.spring.SpringCamelContext - onApplicationEvent: ServletRequestHandledEvent: url=[/api/admin/integrated-apis]; client=[0:0:0:0:0:0:0:1]; method=[GET]; status=[200]; servlet=[dispatcherServlet]; session=[null]; user=[admin@mail.com]; time=[74ms]
2025-09-23 10:16:48 [http-nio-8081-exec-8] DEBUG o.s.w.f.CommonsRequestLoggingFilter - After request [GET /api/admin/integrated-apis?size=1000, client=0:0:0:0:0:0:0:1, user=admin@mail.com]
2025-09-23 10:16:48 [http-nio-8081-exec-2] DEBUG o.s.w.s.m.m.a.HttpEntityMethodProcessor - Using 'application/json', given [application/json] and supported [application/json, application/*+json, application/yaml]
2025-09-23 10:16:48 [http-nio-8081-exec-2] DEBUG o.s.w.s.m.m.a.HttpEntityMethodProcessor - Writing [Page 1 of 1 containing com.middleware.backend.kaotocamel.dto.IntegrationMappingDto instances]
2025-09-23 10:16:48 [http-nio-8081-exec-2] DEBUG o.s.web.servlet.DispatcherServlet - Completed 200 OK
2025-09-23 10:16:48 [http-nio-8081-exec-2] DEBUG o.a.camel.spring.SpringCamelContext - onApplicationEvent: ServletRequestHandledEvent: url=[/api/admin/integration-mappings]; client=[0:0:0:0:0:0:0:1]; method=[GET]; status=[200]; servlet=[dispatcherServlet]; session=[null]; user=[admin@mail.com]; time=[79ms]
2025-09-23 10:16:48 [http-nio-8081-exec-2] DEBUG o.s.w.f.CommonsRequestLoggingFilter - After request [GET /api/admin/integration-mappings?page=0&size=10, client=0:0:0:0:0:0:0:1, user=admin@mail.com]
2025-09-23 10:16:50 [scheduling-1] INFO  c.m.b.k.service.DynamicRouteService - Starting route status sync with Camel context
2025-09-23 10:16:50 [scheduling-1] INFO  c.m.b.k.service.DynamicRouteService - Completed route status sync
2025-09-23 10:17:20 [scheduling-1] INFO  c.m.b.k.service.DynamicRouteService - Starting route status sync with Camel context
2025-09-23 10:17:20 [scheduling-1] INFO  c.m.b.k.service.DynamicRouteService - Completed route status sync
2025-09-23 10:17:50 [scheduling-1] INFO  c.m.b.k.service.DynamicRouteService - Starting route status sync with Camel context
2025-09-23 10:17:50 [scheduling-1] INFO  c.m.b.k.service.DynamicRouteService - Completed route status sync
2025-09-23 10:18:04 [http-nio-8081-exec-4] INFO  c.m.b.k.service.DynamicRouteService - Fetching active routes with pagination
2025-09-23 10:18:04 [http-nio-8081-exec-7] INFO  c.m.b.k.service.DynamicRouteService - Fetching active routes with pagination
2025-09-23 10:18:04 [http-nio-8081-exec-7] DEBUG o.s.w.f.CommonsRequestLoggingFilter - Before request [GET /api/admin/integration-mappings?page=0&size=10, client=0:0:0:0:0:0:0:1, user=admin@mail.com]
2025-09-23 10:18:04 [http-nio-8081-exec-7] DEBUG o.s.web.servlet.DispatcherServlet - GET "/api/admin/integration-mappings?page=0&size=10", parameters={masked}
2025-09-23 10:18:04 [http-nio-8081-exec-7] DEBUG o.s.w.s.m.m.a.RequestMappingHandlerMapping - Mapped to com.middleware.backend.kaotocamel.controller.IntegrationMappingAdminController#findAll(String, Long, String, String, Boolean, int, int, String[])
2025-09-23 10:18:04 [http-nio-8081-exec-7] DEBUG o.s.w.s.m.m.a.HttpEntityMethodProcessor - Using 'application/json', given [application/json] and supported [application/json, application/*+json, application/yaml]
2025-09-23 10:18:04 [http-nio-8081-exec-7] DEBUG o.s.w.s.m.m.a.HttpEntityMethodProcessor - Writing [Page 1 of 1 containing com.middleware.backend.kaotocamel.dto.IntegrationMappingDto instances]
2025-09-23 10:18:04 [http-nio-8081-exec-7] DEBUG o.s.web.servlet.DispatcherServlet - Completed 200 OK
2025-09-23 10:18:04 [http-nio-8081-exec-7] DEBUG o.a.camel.spring.SpringCamelContext - onApplicationEvent: ServletRequestHandledEvent: url=[/api/admin/integration-mappings]; client=[0:0:0:0:0:0:0:1]; method=[GET]; status=[200]; servlet=[dispatcherServlet]; session=[null]; user=[admin@mail.com]; time=[86ms]
2025-09-23 10:18:04 [http-nio-8081-exec-7] DEBUG o.s.w.f.CommonsRequestLoggingFilter - After request [GET /api/admin/integration-mappings?page=0&size=10, client=0:0:0:0:0:0:0:1, user=admin@mail.com]
2025-09-23 10:18:04 [http-nio-8081-exec-4] DEBUG o.s.w.f.CommonsRequestLoggingFilter - Before request [GET /api/admin/integrated-apis?size=1000, client=0:0:0:0:0:0:0:1, user=admin@mail.com]
2025-09-23 10:18:04 [http-nio-8081-exec-4] DEBUG o.s.web.servlet.DispatcherServlet - GET "/api/admin/integrated-apis?size=1000", parameters={masked}
2025-09-23 10:18:04 [http-nio-8081-exec-4] DEBUG o.s.w.s.m.m.a.RequestMappingHandlerMapping - Mapped to com.middleware.backend.kaotocamel.controller.IntegratedApiController#findAll(String, String, String, String, Boolean, int, int, String[])
2025-09-23 10:18:04 [http-nio-8081-exec-4] DEBUG o.s.w.s.m.m.a.HttpEntityMethodProcessor - Using 'application/json', given [application/json] and supported [application/json, application/*+json, application/yaml]
2025-09-23 10:18:04 [http-nio-8081-exec-4] DEBUG o.s.w.s.m.m.a.HttpEntityMethodProcessor - Writing [Page 1 of 1 containing com.middleware.backend.kaotocamel.dto.IntegratedApiDto instances]
2025-09-23 10:18:04 [http-nio-8081-exec-4] DEBUG o.s.web.servlet.DispatcherServlet - Completed 200 OK
2025-09-23 10:18:04 [http-nio-8081-exec-4] DEBUG o.a.camel.spring.SpringCamelContext - onApplicationEvent: ServletRequestHandledEvent: url=[/api/admin/integrated-apis]; client=[0:0:0:0:0:0:0:1]; method=[GET]; status=[200]; servlet=[dispatcherServlet]; session=[null]; user=[admin@mail.com]; time=[62ms]
2025-09-23 10:18:04 [http-nio-8081-exec-4] DEBUG o.s.w.f.CommonsRequestLoggingFilter - After request [GET /api/admin/integrated-apis?size=1000, client=0:0:0:0:0:0:0:1, user=admin@mail.com]
2025-09-23 10:18:08 [http-nio-8081-exec-9] INFO  c.m.b.k.service.DynamicRouteService - Fetching active routes with pagination
2025-09-23 10:18:08 [http-nio-8081-exec-6] INFO  c.m.b.k.service.DynamicRouteService - Fetching active routes with pagination
2025-09-23 10:18:08 [http-nio-8081-exec-9] DEBUG o.s.w.f.CommonsRequestLoggingFilter - Before request [GET /api/admin/integrated-apis?size=1000, client=0:0:0:0:0:0:0:1, user=admin@mail.com]
2025-09-23 10:18:08 [http-nio-8081-exec-9] DEBUG o.s.web.servlet.DispatcherServlet - GET "/api/admin/integrated-apis?size=1000", parameters={masked}
2025-09-23 10:18:08 [http-nio-8081-exec-9] DEBUG o.s.w.s.m.m.a.RequestMappingHandlerMapping - Mapped to com.middleware.backend.kaotocamel.controller.IntegratedApiController#findAll(String, String, String, String, Boolean, int, int, String[])
2025-09-23 10:18:08 [http-nio-8081-exec-6] DEBUG o.s.w.f.CommonsRequestLoggingFilter - Before request [GET /api/admin/integration-mappings?page=0&size=10, client=0:0:0:0:0:0:0:1, user=admin@mail.com]
2025-09-23 10:18:08 [http-nio-8081-exec-6] DEBUG o.s.web.servlet.DispatcherServlet - GET "/api/admin/integration-mappings?page=0&size=10", parameters={masked}
2025-09-23 10:18:08 [http-nio-8081-exec-6] DEBUG o.s.w.s.m.m.a.RequestMappingHandlerMapping - Mapped to com.middleware.backend.kaotocamel.controller.IntegrationMappingAdminController#findAll(String, Long, String, String, Boolean, int, int, String[])
2025-09-23 10:18:08 [http-nio-8081-exec-6] DEBUG o.s.w.s.m.m.a.HttpEntityMethodProcessor - Using 'application/json', given [application/json] and supported [application/json, application/*+json, application/yaml]
2025-09-23 10:18:08 [http-nio-8081-exec-6] DEBUG o.s.w.s.m.m.a.HttpEntityMethodProcessor - Writing [Page 1 of 1 containing com.middleware.backend.kaotocamel.dto.IntegrationMappingDto instances]
2025-09-23 10:18:08 [http-nio-8081-exec-6] DEBUG o.s.web.servlet.DispatcherServlet - Completed 200 OK
2025-09-23 10:18:08 [http-nio-8081-exec-6] DEBUG o.a.camel.spring.SpringCamelContext - onApplicationEvent: ServletRequestHandledEvent: url=[/api/admin/integration-mappings]; client=[0:0:0:0:0:0:0:1]; method=[GET]; status=[200]; servlet=[dispatcherServlet]; session=[null]; user=[admin@mail.com]; time=[67ms]
2025-09-23 10:18:08 [http-nio-8081-exec-6] DEBUG o.s.w.f.CommonsRequestLoggingFilter - After request [GET /api/admin/integration-mappings?page=0&size=10, client=0:0:0:0:0:0:0:1, user=admin@mail.com]
2025-09-23 10:18:08 [http-nio-8081-exec-9] DEBUG o.s.w.s.m.m.a.HttpEntityMethodProcessor - Using 'application/json', given [application/json] and supported [application/json, application/*+json, application/yaml]
2025-09-23 10:18:08 [http-nio-8081-exec-9] DEBUG o.s.w.s.m.m.a.HttpEntityMethodProcessor - Writing [Page 1 of 1 containing com.middleware.backend.kaotocamel.dto.IntegratedApiDto instances]
2025-09-23 10:18:08 [http-nio-8081-exec-9] DEBUG o.s.web.servlet.DispatcherServlet - Completed 200 OK
2025-09-23 10:18:08 [http-nio-8081-exec-9] DEBUG o.a.camel.spring.SpringCamelContext - onApplicationEvent: ServletRequestHandledEvent: url=[/api/admin/integrated-apis]; client=[0:0:0:0:0:0:0:1]; method=[GET]; status=[200]; servlet=[dispatcherServlet]; session=[null]; user=[admin@mail.com]; time=[182ms]
2025-09-23 10:18:08 [http-nio-8081-exec-9] DEBUG o.s.w.f.CommonsRequestLoggingFilter - After request [GET /api/admin/integrated-apis?size=1000, client=0:0:0:0:0:0:0:1, user=admin@mail.com]
2025-09-23 10:18:15 [http-nio-8081-exec-5] INFO  c.m.b.k.service.DynamicRouteService - Fetching active routes with pagination
2025-09-23 10:18:15 [http-nio-8081-exec-3] INFO  c.m.b.k.service.DynamicRouteService - Fetching active routes with pagination
2025-09-23 10:18:15 [http-nio-8081-exec-5] DEBUG o.s.w.f.CommonsRequestLoggingFilter - Before request [GET /api/admin/integrated-apis?size=1000, client=0:0:0:0:0:0:0:1, user=admin@mail.com]
2025-09-23 10:18:15 [http-nio-8081-exec-5] DEBUG o.s.web.servlet.DispatcherServlet - GET "/api/admin/integrated-apis?size=1000", parameters={masked}
2025-09-23 10:18:15 [http-nio-8081-exec-5] DEBUG o.s.w.s.m.m.a.RequestMappingHandlerMapping - Mapped to com.middleware.backend.kaotocamel.controller.IntegratedApiController#findAll(String, String, String, String, Boolean, int, int, String[])
2025-09-23 10:18:15 [http-nio-8081-exec-5] DEBUG o.s.w.s.m.m.a.HttpEntityMethodProcessor - Using 'application/json', given [application/json] and supported [application/json, application/*+json, application/yaml]
2025-09-23 10:18:15 [http-nio-8081-exec-5] DEBUG o.s.w.s.m.m.a.HttpEntityMethodProcessor - Writing [Page 1 of 1 containing com.middleware.backend.kaotocamel.dto.IntegratedApiDto instances]
2025-09-23 10:18:15 [http-nio-8081-exec-5] DEBUG o.s.web.servlet.DispatcherServlet - Completed 200 OK
2025-09-23 10:18:15 [http-nio-8081-exec-5] DEBUG o.a.camel.spring.SpringCamelContext - onApplicationEvent: ServletRequestHandledEvent: url=[/api/admin/integrated-apis]; client=[0:0:0:0:0:0:0:1]; method=[GET]; status=[200]; servlet=[dispatcherServlet]; session=[null]; user=[admin@mail.com]; time=[66ms]
2025-09-23 10:18:15 [http-nio-8081-exec-5] DEBUG o.s.w.f.CommonsRequestLoggingFilter - After request [GET /api/admin/integrated-apis?size=1000, client=0:0:0:0:0:0:0:1, user=admin@mail.com]
2025-09-23 10:18:15 [http-nio-8081-exec-3] DEBUG o.s.w.f.CommonsRequestLoggingFilter - Before request [GET /api/admin/integration-mappings?page=0&size=10, client=0:0:0:0:0:0:0:1, user=admin@mail.com]
2025-09-23 10:18:15 [http-nio-8081-exec-3] DEBUG o.s.web.servlet.DispatcherServlet - GET "/api/admin/integration-mappings?page=0&size=10", parameters={masked}
2025-09-23 10:18:15 [http-nio-8081-exec-3] DEBUG o.s.w.s.m.m.a.RequestMappingHandlerMapping - Mapped to com.middleware.backend.kaotocamel.controller.IntegrationMappingAdminController#findAll(String, Long, String, String, Boolean, int, int, String[])
2025-09-23 10:18:15 [http-nio-8081-exec-3] DEBUG o.s.w.s.m.m.a.HttpEntityMethodProcessor - Using 'application/json', given [application/json] and supported [application/json, application/*+json, application/yaml]
2025-09-23 10:18:15 [http-nio-8081-exec-3] DEBUG o.s.w.s.m.m.a.HttpEntityMethodProcessor - Writing [Page 1 of 1 containing com.middleware.backend.kaotocamel.dto.IntegrationMappingDto instances]
2025-09-23 10:18:15 [http-nio-8081-exec-3] DEBUG o.s.web.servlet.DispatcherServlet - Completed 200 OK
2025-09-23 10:18:15 [http-nio-8081-exec-3] DEBUG o.a.camel.spring.SpringCamelContext - onApplicationEvent: ServletRequestHandledEvent: url=[/api/admin/integration-mappings]; client=[0:0:0:0:0:0:0:1]; method=[GET]; status=[200]; servlet=[dispatcherServlet]; session=[null]; user=[admin@mail.com]; time=[74ms]
2025-09-23 10:18:15 [http-nio-8081-exec-3] DEBUG o.s.w.f.CommonsRequestLoggingFilter - After request [GET /api/admin/integration-mappings?page=0&size=10, client=0:0:0:0:0:0:0:1, user=admin@mail.com]
2025-09-23 10:18:20 [scheduling-1] INFO  c.m.b.k.service.DynamicRouteService - Starting route status sync with Camel context
2025-09-23 10:18:20 [scheduling-1] INFO  c.m.b.k.service.DynamicRouteService - Completed route status sync
2025-09-23 10:18:21 [http-nio-8081-exec-2] INFO  c.m.b.k.service.DynamicRouteService - Fetching active routes with pagination
2025-09-23 10:18:22 [http-nio-8081-exec-2] DEBUG o.s.w.f.CommonsRequestLoggingFilter - Before request [GET /api/admin/integration-mappings/5, client=0:0:0:0:0:0:0:1, user=admin@mail.com]
2025-09-23 10:18:22 [http-nio-8081-exec-2] DEBUG o.s.web.servlet.DispatcherServlet - GET "/api/admin/integration-mappings/5", parameters={}
2025-09-23 10:18:22 [http-nio-8081-exec-2] DEBUG o.s.w.s.m.m.a.RequestMappingHandlerMapping - Mapped to com.middleware.backend.kaotocamel.controller.IntegrationMappingAdminController#findById(Long)
2025-09-23 10:18:22 [http-nio-8081-exec-2] DEBUG o.s.w.s.m.m.a.HttpEntityMethodProcessor - Using 'application/json', given [application/json] and supported [application/json, application/*+json, application/yaml]
2025-09-23 10:18:22 [http-nio-8081-exec-2] DEBUG o.s.w.s.m.m.a.HttpEntityMethodProcessor - Writing [IntegrationMappingDto(id=5, middlewareApiName=/healthmap, integratedApiId=1, integratedApiCode=HEALT (truncated)...]
2025-09-23 10:18:22 [http-nio-8081-exec-2] DEBUG o.s.web.servlet.DispatcherServlet - Completed 200 OK
2025-09-23 10:18:22 [http-nio-8081-exec-2] DEBUG o.a.camel.spring.SpringCamelContext - onApplicationEvent: ServletRequestHandledEvent: url=[/api/admin/integration-mappings/5]; client=[0:0:0:0:0:0:0:1]; method=[GET]; status=[200]; servlet=[dispatcherServlet]; session=[null]; user=[admin@mail.com]; time=[110ms]
2025-09-23 10:18:22 [http-nio-8081-exec-2] DEBUG o.s.w.f.CommonsRequestLoggingFilter - After request [GET /api/admin/integration-mappings/5, client=0:0:0:0:0:0:0:1, user=admin@mail.com]
2025-09-23 10:18:39 [SpringApplicationShutdownHook] DEBUG o.a.camel.spring.SpringCamelContext - onApplicationEvent: org.springframework.boot.availability.AvailabilityChangeEvent[source=org.springframework.boot.web.servlet.context.AnnotationConfigServletWebServerApplicationContext@3fabf088, started on Tue Sep 23 10:11:28 EEST 2025]
2025-09-23 10:18:39 [SpringApplicationShutdownHook] DEBUG o.a.camel.spring.SpringCamelContext - onApplicationEvent: org.springframework.context.event.ContextClosedEvent[source=org.springframework.boot.web.servlet.context.AnnotationConfigServletWebServerApplicationContext@3fabf088, started on Tue Sep 23 10:11:28 EEST 2025]
2025-09-23 10:18:39 [SpringApplicationShutdownHook] INFO  org.quartz.core.QuartzScheduler - Scheduler quartzScheduler_$_NON_CLUSTERED paused.
2025-09-23 10:18:39 [SpringApplicationShutdownHook] INFO  o.a.c.i.engine.AbstractCamelContext - Apache Camel 4.4.0 (camel-1) is shutting down (timeout:45s)
2025-09-23 10:18:39 [SpringApplicationShutdownHook] DEBUG o.a.c.i.e.DefaultShutdownStrategy - Starting to graceful shutdown 1 routes (timeout 45 seconds)
2025-09-23 10:18:39 [SpringApplicationShutdownHook] DEBUG o.a.c.i.e.BaseExecutorServiceManager - Created new ThreadPool for source: org.apache.camel.impl.engine.DefaultShutdownStrategy@24ceb55d with name: ShutdownTask. -> org.apache.camel.util.concurrent.RejectableThreadPoolExecutor@6a63364a[Running, pool size = 0, active threads = 0, queued tasks = 0, completed tasks = 0][ShutdownTask]
2025-09-23 10:18:39 [Camel (camel-1) thread #1 - ShutdownTask] DEBUG o.a.c.i.e.DefaultShutdownStrategy - There are 1 routes to shutdown
2025-09-23 10:18:39 [Camel (camel-1) thread #1 - ShutdownTask] DEBUG o.a.c.i.e.DefaultShutdownStrategy - Route: dhis2-hakeem-route suspended and shutdown deferred, was consuming from: rest://post:/dhis2/dataset
2025-09-23 10:18:39 [Camel (camel-1) thread #1 - ShutdownTask] DEBUG o.a.c.h.common.DefaultHttpRegistry - Unregistering consumer for path /dhis2/dataset
2025-09-23 10:18:39 [Camel (camel-1) thread #1 - ShutdownTask] DEBUG o.a.c.c.s.CamelHttpTransportServlet - Disconnecting consumer: Consumer[servlet:/dhis2/dataset?httpMethodRestrict=POST]
2025-09-23 10:18:39 [Camel (camel-1) thread #1 - ShutdownTask] DEBUG o.a.camel.support.DefaultConsumer - Stopping consumer: Consumer[servlet:/dhis2/dataset?httpMethodRestrict=POST]
2025-09-23 10:18:39 [Camel (camel-1) thread #1 - ShutdownTask] DEBUG o.a.camel.support.DefaultProducer - Stopping producer: Producer[hakeem://process]
2025-09-23 10:18:39 [Camel (camel-1) thread #1 - ShutdownTask] DEBUG o.a.c.i.e.DefaultShutdownStrategy - Route: dhis2-hakeem-route shutdown complete, was consuming from: rest://post:/dhis2/dataset
2025-09-23 10:18:39 [SpringApplicationShutdownHook] DEBUG o.a.c.i.e.DefaultShutdownStrategy - Graceful shutdown of 1 routes completed in 9ms
2025-09-23 10:18:39 [SpringApplicationShutdownHook] DEBUG o.a.c.i.e.DefaultAsyncProcessorAwaitManager - Shutting down with no inflight threads.
2025-09-23 10:18:39 [SpringApplicationShutdownHook] DEBUG o.a.camel.support.DefaultConsumer - Shutting down consumer: Consumer[servlet:/dhis2/dataset?httpMethodRestrict=POST]
2025-09-23 10:18:39 [SpringApplicationShutdownHook] INFO  o.a.c.i.engine.AbstractCamelContext - Routes stopped (stopped:1)
2025-09-23 10:18:39 [SpringApplicationShutdownHook] INFO  o.a.c.i.engine.AbstractCamelContext -     Stopped dhis2-hakeem-route (rest://post:/dhis2/dataset)
2025-09-23 10:18:39 [SpringApplicationShutdownHook] DEBUG o.a.c.i.e.BaseExecutorServiceManager - Forcing shutdown of ExecutorService: org.apache.camel.util.concurrent.SizedScheduledExecutorService@23e782e0[ErrorHandlerRedeliveryTask]
2025-09-23 10:18:39 [SpringApplicationShutdownHook] DEBUG o.a.c.i.e.DefaultInflightRepository - Shutting down with no inflight exchanges.
2025-09-23 10:18:39 [SpringApplicationShutdownHook] DEBUG o.a.c.i.e.BaseExecutorServiceManager - Forcing shutdown of ExecutorService: org.apache.camel.util.concurrent.RejectableThreadPoolExecutor@6a63364a[Running, pool size = 1, active threads = 0, queued tasks = 0, completed tasks = 1][ShutdownTask]
2025-09-23 10:18:39 [SpringApplicationShutdownHook] DEBUG o.a.c.i.e.DefaultBeanIntrospection - Stopping BeanIntrospection which was invoked: 9 times
2025-09-23 10:18:39 [SpringApplicationShutdownHook] INFO  o.a.c.i.engine.AbstractCamelContext - Apache Camel 4.4.0 (camel-1) shutdown in 15ms (uptime:6m49s)
2025-09-23 10:18:39 [SpringApplicationShutdownHook] DEBUG o.a.c.m.SimpleMainShutdownStrategy - Shutdown called
2025-09-23 10:18:39 [SpringApplicationShutdownHook] INFO  org.quartz.core.QuartzScheduler - Scheduler quartzScheduler_$_NON_CLUSTERED shutting down.
2025-09-23 10:18:39 [SpringApplicationShutdownHook] INFO  org.quartz.core.QuartzScheduler - Scheduler quartzScheduler_$_NON_CLUSTERED paused.
2025-09-23 10:18:39 [SpringApplicationShutdownHook] INFO  org.quartz.core.QuartzScheduler - Scheduler quartzScheduler_$_NON_CLUSTERED shutdown complete.
2025-09-23 10:18:39 [SpringApplicationShutdownHook] DEBUG o.a.c.h.common.DefaultHttpRegistry - Unregistering CamelServlet with name CamelServlet
2025-09-23 10:18:39 [SpringApplicationShutdownHook] INFO  o.a.c.c.s.CamelHttpTransportServlet - Destroyed CamelHttpTransportServlet[CamelServlet]
2025-09-23 23:07:50 [background-preinit] INFO  o.h.validator.internal.util.Version - HV000001: Hibernate Validator 8.0.2.Final
2025-09-23 23:07:50 [main] INFO  c.middleware.MiddlewareApplication - Starting MiddlewareApplication using Java 23-valhalla with PID 21004 (C:\Users\omard\Desktop\Work\back-end - Copy\target\classes started by omard in C:\Users\omard\Desktop\Work\back-end - Copy)
2025-09-23 23:07:50 [main] INFO  c.middleware.MiddlewareApplication - No active profile set, falling back to 1 default profile: "default"
2025-09-23 23:07:56 [main] INFO  o.a.coyote.http11.Http11NioProtocol - Initializing ProtocolHandler ["http-nio-8081"]
2025-09-23 23:07:56 [main] INFO  o.a.catalina.core.StandardService - Starting service [Tomcat]
2025-09-23 23:07:56 [main] INFO  o.a.catalina.core.StandardEngine - Starting Servlet engine: [Apache Tomcat/10.1.39]
2025-09-23 23:07:56 [main] INFO  o.a.c.c.C.[Tomcat].[localhost].[/] - Initializing Spring embedded WebApplicationContext
2025-09-23 23:07:57 [main] INFO  o.h.jpa.internal.util.LogHelper - HHH000204: Processing PersistenceUnitInfo [name: default]
2025-09-23 23:07:57 [main] INFO  org.hibernate.Version - HHH000412: Hibernate ORM core version 6.6.11.Final
2025-09-23 23:07:57 [main] INFO  o.h.c.i.RegionFactoryInitiator - HHH000026: Second-level cache disabled
2025-09-23 23:07:58 [main] WARN  org.hibernate.orm.deprecation - HHH90000025: PostgreSQLDialect does not need to be specified explicitly using 'hibernate.dialect' (remove the property setting and it will be selected by default)
2025-09-23 23:07:58 [main] INFO  o.hibernate.orm.connections.pooling - HHH10001005: Database info:
	Database JDBC URL [Connecting through datasource 'org.springframework.jdbc.datasource.DriverManagerDataSource@7df5549e']
	Database driver: undefined/unknown
	Database version: 17.4
	Autocommit mode: undefined/unknown
	Isolation level: undefined/unknown
	Minimum pool size: undefined/unknown
	Maximum pool size: undefined/unknown
2025-09-23 23:08:02 [main] INFO  o.h.e.t.j.p.i.JtaPlatformInitiator - HHH000489: No JTA platform available (set 'hibernate.transaction.jta.platform' to enable JTA platform integration)
2025-09-23 23:08:04 [main] DEBUG o.a.camel.spring.SpringCamelContext - Set the application context classloader to: TomcatEmbeddedWebappClassLoader
  context: ROOT
  delegate: true
----------> Parent Classloader:
jdk.internal.loader.ClassLoaders$AppClassLoader@5451c3a8

2025-09-23 23:08:04 [main] DEBUG o.a.camel.support.LRUCacheFactory - Creating DefaultLRUCacheFactory
2025-09-23 23:08:04 [main] DEBUG o.a.c.i.e.DefaultCamelContextExtension - Setting up management with factory: org.apache.camel.impl.engine.DefaultManagementStrategyFactory@6ef7e510
2025-09-23 23:08:04 [main] DEBUG o.a.camel.support.ResolverHelper - Found HealthCheckRegistry: org.apache.camel.impl.health.DefaultHealthCheckRegistry via: META-INF/services/org/apache/camel/health-check/default-registry
2025-09-23 23:08:04 [main] DEBUG o.a.camel.support.ResolverHelper - Detected and using HealthCheckRegistry: org.apache.camel.impl.health.DefaultHealthCheckRegistry@3c05fb12
2025-09-23 23:08:04 [main] DEBUG o.a.c.i.h.DefaultHealthCheckRegistry - HealthCheckRepository with id registry-health-check-repository successfully registered
2025-09-23 23:08:04 [main] DEBUG o.a.c.i.c.BaseTypeConverterRegistry - Loading file META-INF/services/org/apache/camel/TypeConverterLoader to retrieve list of type converters, from url: jar:file:/C:/Users/omard/.m2/repository/org/apache/camel/camel-spring/4.4.0/camel-spring-4.4.0.jar!/META-INF/services/org/apache/camel/TypeConverterLoader
2025-09-23 23:08:04 [main] DEBUG o.a.c.i.c.BaseTypeConverterRegistry - Loading file META-INF/services/org/apache/camel/TypeConverterLoader to retrieve list of type converters, from url: jar:file:/C:/Users/omard/.m2/repository/org/apache/camel/camel-xml-jaxp/4.4.0/camel-xml-jaxp-4.4.0.jar!/META-INF/services/org/apache/camel/TypeConverterLoader
2025-09-23 23:08:04 [main] DEBUG o.a.c.i.c.BaseTypeConverterRegistry - Loading file META-INF/services/org/apache/camel/TypeConverterLoader to retrieve list of type converters, from url: jar:file:/C:/Users/omard/.m2/repository/org/apache/camel/camel-http/4.4.0/camel-http-4.4.0.jar!/META-INF/services/org/apache/camel/TypeConverterLoader
2025-09-23 23:08:04 [main] DEBUG o.a.c.i.c.BaseTypeConverterRegistry - Loading file META-INF/services/org/apache/camel/TypeConverterLoader to retrieve list of type converters, from url: jar:file:/C:/Users/omard/.m2/repository/org/apache/camel/camel-http-common/4.4.0/camel-http-common-4.4.0.jar!/META-INF/services/org/apache/camel/TypeConverterLoader
2025-09-23 23:08:04 [main] DEBUG o.a.c.i.c.BaseTypeConverterRegistry - Loading file META-INF/services/org/apache/camel/TypeConverterLoader to retrieve list of type converters, from url: jar:file:/C:/Users/omard/.m2/repository/org/apache/camel/camel-attachments/4.4.0/camel-attachments-4.4.0.jar!/META-INF/services/org/apache/camel/TypeConverterLoader
2025-09-23 23:08:04 [main] DEBUG o.a.c.i.c.BaseTypeConverterRegistry - Loading file META-INF/services/org/apache/camel/TypeConverterLoader to retrieve list of type converters, from url: jar:file:/C:/Users/omard/.m2/repository/org/apache/camel/camel-jackson/4.4.0/camel-jackson-4.4.0.jar!/META-INF/services/org/apache/camel/TypeConverterLoader
2025-09-23 23:08:04 [main] DEBUG o.a.c.i.c.BaseTypeConverterRegistry - Loading file META-INF/services/org/apache/camel/TypeConverterLoader to retrieve list of type converters, from url: jar:file:/C:/Users/omard/.m2/repository/org/apache/camel/camel-support/4.4.0/camel-support-4.4.0.jar!/META-INF/services/org/apache/camel/TypeConverterLoader
2025-09-23 23:08:04 [main] DEBUG o.a.c.i.c.BaseTypeConverterRegistry - Loading file META-INF/services/org/apache/camel/TypeConverterLoader to retrieve list of type converters, from url: jar:file:/C:/Users/omard/.m2/repository/org/apache/camel/camel-file/4.4.0/camel-file-4.4.0.jar!/META-INF/services/org/apache/camel/TypeConverterLoader
2025-09-23 23:08:04 [main] DEBUG o.a.c.i.c.BaseTypeConverterRegistry - Loading file META-INF/services/org/apache/camel/TypeConverterLoader to retrieve list of type converters, from url: jar:file:/C:/Users/omard/.m2/repository/org/apache/camel/camel-base/4.4.0/camel-base-4.4.0.jar!/META-INF/services/org/apache/camel/TypeConverterLoader
2025-09-23 23:08:04 [main] DEBUG o.a.c.i.c.BaseTypeConverterRegistry - Loading file META-INF/services/org/apache/camel/TypeConverterLoader to retrieve list of type converters, from url: jar:file:/C:/Users/omard/.m2/repository/org/apache/camel/camel-spring/4.4.0/camel-spring-4.4.0.jar!/META-INF/services/org/apache/camel/TypeConverterLoader
2025-09-23 23:08:04 [main] DEBUG o.a.c.i.c.BaseTypeConverterRegistry - Loading file META-INF/services/org/apache/camel/TypeConverterLoader to retrieve list of type converters, from url: jar:file:/C:/Users/omard/.m2/repository/org/apache/camel/camel-xml-jaxp/4.4.0/camel-xml-jaxp-4.4.0.jar!/META-INF/services/org/apache/camel/TypeConverterLoader
2025-09-23 23:08:04 [main] DEBUG o.a.c.i.c.BaseTypeConverterRegistry - Loading file META-INF/services/org/apache/camel/TypeConverterLoader to retrieve list of type converters, from url: jar:file:/C:/Users/omard/.m2/repository/org/apache/camel/camel-http/4.4.0/camel-http-4.4.0.jar!/META-INF/services/org/apache/camel/TypeConverterLoader
2025-09-23 23:08:04 [main] DEBUG o.a.c.i.c.BaseTypeConverterRegistry - Loading file META-INF/services/org/apache/camel/TypeConverterLoader to retrieve list of type converters, from url: jar:file:/C:/Users/omard/.m2/repository/org/apache/camel/camel-http-common/4.4.0/camel-http-common-4.4.0.jar!/META-INF/services/org/apache/camel/TypeConverterLoader
2025-09-23 23:08:04 [main] DEBUG o.a.c.i.c.BaseTypeConverterRegistry - Loading file META-INF/services/org/apache/camel/TypeConverterLoader to retrieve list of type converters, from url: jar:file:/C:/Users/omard/.m2/repository/org/apache/camel/camel-attachments/4.4.0/camel-attachments-4.4.0.jar!/META-INF/services/org/apache/camel/TypeConverterLoader
2025-09-23 23:08:04 [main] DEBUG o.a.c.i.c.BaseTypeConverterRegistry - Loading file META-INF/services/org/apache/camel/TypeConverterLoader to retrieve list of type converters, from url: jar:file:/C:/Users/omard/.m2/repository/org/apache/camel/camel-jackson/4.4.0/camel-jackson-4.4.0.jar!/META-INF/services/org/apache/camel/TypeConverterLoader
2025-09-23 23:08:04 [main] DEBUG o.a.c.i.c.BaseTypeConverterRegistry - Loading file META-INF/services/org/apache/camel/TypeConverterLoader to retrieve list of type converters, from url: jar:file:/C:/Users/omard/.m2/repository/org/apache/camel/camel-support/4.4.0/camel-support-4.4.0.jar!/META-INF/services/org/apache/camel/TypeConverterLoader
2025-09-23 23:08:04 [main] DEBUG o.a.c.i.c.BaseTypeConverterRegistry - Loading file META-INF/services/org/apache/camel/TypeConverterLoader to retrieve list of type converters, from url: jar:file:/C:/Users/omard/.m2/repository/org/apache/camel/camel-file/4.4.0/camel-file-4.4.0.jar!/META-INF/services/org/apache/camel/TypeConverterLoader
2025-09-23 23:08:04 [main] DEBUG o.a.c.i.c.BaseTypeConverterRegistry - Loading file META-INF/services/org/apache/camel/TypeConverterLoader to retrieve list of type converters, from url: jar:file:/C:/Users/omard/.m2/repository/org/apache/camel/camel-base/4.4.0/camel-base-4.4.0.jar!/META-INF/services/org/apache/camel/TypeConverterLoader
2025-09-23 23:08:04 [main] DEBUG o.a.c.i.c.BaseTypeConverterRegistry - Resolving TypeConverterLoader: org.apache.camel.spring.converter.ResourceConverterLoader
2025-09-23 23:08:04 [main] DEBUG o.a.c.i.c.BaseTypeConverterRegistry - TypeConverterLoader: org.apache.camel.spring.converter.ResourceConverterLoader loading converters
2025-09-23 23:08:04 [main] DEBUG o.a.c.i.c.BaseTypeConverterRegistry - Resolving TypeConverterLoader: org.apache.camel.converter.jaxp.CamelXmlJaxpBulkConverterLoader
2025-09-23 23:08:04 [main] DEBUG o.a.c.i.c.BaseTypeConverterRegistry - TypeConverterLoader: org.apache.camel.converter.jaxp.CamelXmlJaxpBulkConverterLoader loading converters
2025-09-23 23:08:04 [main] DEBUG o.a.c.i.c.BaseTypeConverterRegistry - Resolving TypeConverterLoader: org.apache.camel.component.http.HttpConvertersLoader
2025-09-23 23:08:04 [main] DEBUG o.a.c.i.c.BaseTypeConverterRegistry - TypeConverterLoader: org.apache.camel.component.http.HttpConvertersLoader loading converters
2025-09-23 23:08:04 [main] DEBUG o.a.c.i.c.BaseTypeConverterRegistry - Resolving TypeConverterLoader: org.apache.camel.component.http.HttpEntityConverterLoader
2025-09-23 23:08:04 [main] DEBUG o.a.c.i.c.BaseTypeConverterRegistry - TypeConverterLoader: org.apache.camel.component.http.HttpEntityConverterLoader loading converters
2025-09-23 23:08:04 [main] DEBUG o.a.c.i.c.BaseTypeConverterRegistry - Resolving TypeConverterLoader: org.apache.camel.http.common.HttpConverterLoader
2025-09-23 23:08:04 [main] DEBUG o.a.c.i.c.BaseTypeConverterRegistry - TypeConverterLoader: org.apache.camel.http.common.HttpConverterLoader loading converters
2025-09-23 23:08:04 [main] DEBUG o.a.c.i.c.BaseTypeConverterRegistry - Resolving TypeConverterLoader: org.apache.camel.attachment.AttachmentConverterLoader
2025-09-23 23:08:04 [main] DEBUG o.a.c.i.c.BaseTypeConverterRegistry - TypeConverterLoader: org.apache.camel.attachment.AttachmentConverterLoader loading converters
2025-09-23 23:08:04 [main] DEBUG o.a.c.i.c.BaseTypeConverterRegistry - Resolving TypeConverterLoader: org.apache.camel.component.jackson.converter.JacksonTypeConvertersLoader
2025-09-23 23:08:04 [main] DEBUG o.a.c.i.c.BaseTypeConverterRegistry - TypeConverterLoader: org.apache.camel.component.jackson.converter.JacksonTypeConvertersLoader loading converters
2025-09-23 23:08:04 [main] DEBUG o.a.c.i.c.BaseTypeConverterRegistry - Resolving TypeConverterLoader: org.apache.camel.converter.stream.StreamCacheBulkConverterLoader
2025-09-23 23:08:04 [main] DEBUG o.a.c.i.c.BaseTypeConverterRegistry - TypeConverterLoader: org.apache.camel.converter.stream.StreamCacheBulkConverterLoader loading converters
2025-09-23 23:08:04 [main] DEBUG o.a.c.i.c.BaseTypeConverterRegistry - Resolving TypeConverterLoader: org.apache.camel.component.file.GenericFileConverterLoader
2025-09-23 23:08:04 [main] DEBUG o.a.c.i.c.BaseTypeConverterRegistry - TypeConverterLoader: org.apache.camel.component.file.GenericFileConverterLoader loading converters
2025-09-23 23:08:04 [main] DEBUG o.a.c.i.c.BaseTypeConverterRegistry - Resolving TypeConverterLoader: org.apache.camel.converter.CamelBaseBulkConverterLoader
2025-09-23 23:08:04 [main] DEBUG o.a.c.i.c.BaseTypeConverterRegistry - TypeConverterLoader: org.apache.camel.converter.CamelBaseBulkConverterLoader loading converters
2025-09-23 23:08:04 [main] DEBUG o.a.c.i.c.DefaultTypeConverter - Loaded 259 type converters in 100ms
2025-09-23 23:08:04 [main] DEBUG o.a.c.i.engine.AbstractCamelContext - Apache Camel 4.4.0 (camel-1) built in 169ms
2025-09-23 23:08:04 [main] INFO  o.a.camel.util.concurrent.ThreadType - The type of thread detected is PLATFORM
2025-09-23 23:08:04 [main] DEBUG o.a.c.i.e.BaseExecutorServiceManager - Created new ScheduledThreadPool for source: ErrorHandlerRedeliveryThreadPool with name: ErrorHandlerRedeliveryTask -> org.apache.camel.util.concurrent.SizedScheduledExecutorService@87060c0[ErrorHandlerRedeliveryTask]
2025-09-23 23:08:04 [main] DEBUG o.a.c.i.e.DefaultConfigurerResolver - Found configurer: spring-event-component via type: org.apache.camel.component.event.EventComponentConfigurer via: META-INF/services/org/apache/camel/configurer/spring-event-component
2025-09-23 23:08:04 [main] DEBUG o.a.c.i.e.DefaultConfigurerResolver - Found configurer: spring-event-endpoint via type: org.apache.camel.component.event.EventEndpointConfigurer via: META-INF/services/org/apache/camel/configurer/spring-event-endpoint
2025-09-23 23:08:04 [main] DEBUG o.a.c.i.e.DefaultConfigurerResolver - Found configurer: spring-event-component via type: org.apache.camel.component.event.EventComponentConfigurer via: META-INF/services/org/apache/camel/configurer/spring-event-component
2025-09-23 23:08:05 [main] DEBUG o.a.camel.spring.SpringCamelContext - Set the application context classloader to: TomcatEmbeddedWebappClassLoader
  context: ROOT
  delegate: true
----------> Parent Classloader:
jdk.internal.loader.ClassLoaders$AppClassLoader@5451c3a8

2025-09-23 23:08:07 [main] DEBUG o.s.w.f.ServerHttpObservationFilter - Filter 'webMvcObservationFilter' configured for use
2025-09-23 23:08:07 [main] DEBUG o.s.w.f.CommonsRequestLoggingFilter - Filter 'logFilter' configured for use
2025-09-23 23:08:07 [main] DEBUG c.m.b.users.config.JwtRequestFilter - Filter 'jwtRequestFilter' configured for use
2025-09-23 23:08:08 [main] INFO  c.m.b.config.RestTemplateConfig - Creating RestTemplate with SSL trust-all configuration
2025-09-23 23:08:08 [main] WARN  c.m.b.config.RestTemplateConfig - ⚠️  DISABLING SSL VERIFICATION - FOR DEVELOPMENT ONLY!
2025-09-23 23:08:08 [main] INFO  c.m.b.config.RestTemplateConfig - ✅ SSL verification disabled successfully
2025-09-23 23:08:08 [main] INFO  c.m.b.config.RestTemplateConfig - RestTemplate configured with connect-timeout: 10000ms, read-timeout: 30000ms
2025-09-23 23:08:09 [main] INFO  org.quartz.impl.StdSchedulerFactory - Using default implementation for ThreadExecutor
2025-09-23 23:08:09 [main] INFO  o.quartz.core.SchedulerSignalerImpl - Initialized Scheduler Signaller of type: class org.quartz.core.SchedulerSignalerImpl
2025-09-23 23:08:09 [main] INFO  org.quartz.core.QuartzScheduler - Quartz Scheduler v.2.3.2 created.
2025-09-23 23:08:09 [main] INFO  org.quartz.simpl.RAMJobStore - RAMJobStore initialized.
2025-09-23 23:08:09 [main] INFO  org.quartz.core.QuartzScheduler - Scheduler meta-data: Quartz Scheduler (v2.3.2) 'quartzScheduler' with instanceId 'NON_CLUSTERED'
  Scheduler class: 'org.quartz.core.QuartzScheduler' - running locally.
  NOT STARTED.
  Currently in standby mode.
  Number of jobs executed: 0
  Using thread pool 'org.quartz.simpl.SimpleThreadPool' - with 10 threads.
  Using job-store 'org.quartz.simpl.RAMJobStore' - which does not support persistence. and is not clustered.

2025-09-23 23:08:09 [main] INFO  org.quartz.impl.StdSchedulerFactory - Quartz scheduler 'quartzScheduler' initialized from an externally provided properties instance.
2025-09-23 23:08:09 [main] INFO  org.quartz.impl.StdSchedulerFactory - Quartz scheduler version: 2.3.2
2025-09-23 23:08:09 [main] INFO  org.quartz.core.QuartzScheduler - JobFactory set to: org.springframework.scheduling.quartz.SpringBeanJobFactory@51fcb8d0
2025-09-23 23:08:10 [main] INFO  c.m.b.k.i.Dhis2HeaderFilterConfig - === Configuring DHIS2 Header Filter (Static Test) ===
2025-09-23 23:08:10 [main] INFO  c.m.b.k.i.Dhis2HeaderFilterConfig - DHIS2 Header Filter configured - allowing most headers for testing
2025-09-23 23:08:11 [main] DEBUG o.s.w.s.m.m.a.RequestMappingHandlerMapping - 138 mappings in 'requestMappingHandlerMapping'
2025-09-23 23:08:11 [main] DEBUG o.s.w.s.h.SimpleUrlHandlerMapping - Patterns [/webjars/**, /**, /swagger-ui*/*swagger-initializer.js, /swagger-ui*/**] in 'resourceHandlerMapping'
2025-09-23 23:08:11 [main] DEBUG o.a.c.i.h.DefaultHealthCheckRegistry - HealthCheck with id context successfully registered
2025-09-23 23:08:12 [main] DEBUG o.a.c.i.h.DefaultHealthCheckRegistry - HealthCheckRepository with id routes successfully registered
2025-09-23 23:08:12 [main] DEBUG o.a.c.i.h.DefaultHealthCheckRegistry - HealthCheckRepository with id producers successfully registered
2025-09-23 23:08:12 [main] DEBUG o.a.c.i.h.DefaultHealthCheckRegistry - HealthCheckRepository with id consumers successfully registered
2025-09-23 23:08:13 [main] DEBUG o.s.w.s.m.m.a.RequestMappingHandlerAdapter - ControllerAdvice beans: 0 @ModelAttribute, 0 @InitBinder, 1 RequestBodyAdvice, 1 ResponseBodyAdvice
2025-09-23 23:08:13 [main] DEBUG o.s.w.s.m.m.a.ExceptionHandlerExceptionResolver - ControllerAdvice beans: 2 @ExceptionHandler, 1 ResponseBodyAdvice
2025-09-23 23:08:15 [main] INFO  o.a.coyote.http11.Http11NioProtocol - Starting ProtocolHandler ["http-nio-8081"]
2025-09-23 23:08:15 [main] DEBUG o.a.c.h.common.DefaultHttpRegistry - Registering CamelServlet with name CamelServlet consumers present: 0
2025-09-23 23:08:15 [main] INFO  o.a.c.c.s.CamelHttpTransportServlet - Initialized CamelHttpTransportServlet[name=CamelServlet, contextPath=]
2025-09-23 23:08:15 [main] DEBUG o.a.camel.spring.SpringCamelContext - onApplicationEvent: org.springframework.boot.web.servlet.context.ServletWebServerInitializedEvent[source=org.springframework.boot.web.embedded.tomcat.TomcatWebServer@400e5893]
2025-09-23 23:08:15 [main] INFO  org.quartz.core.QuartzScheduler - Scheduler quartzScheduler_$_NON_CLUSTERED started.
2025-09-23 23:08:15 [main] DEBUG o.a.c.s.b.CamelSpringBootApplicationListener - Post-processing CamelContext bean: camel-1
2025-09-23 23:08:15 [main] DEBUG o.apache.camel.main.RoutesConfigurer - RoutesCollectorEnabled: org.apache.camel.spring.boot.CamelSpringBootRoutesCollector@584706be
2025-09-23 23:08:15 [main] DEBUG o.a.c.s.b.CamelSpringBootRoutesCollector - Finding additional routes from: classpath:camel/*
2025-09-23 23:08:15 [main] DEBUG o.a.c.s.b.CamelSpringBootRoutesCollector - Finding additional routes from: classpath:camel-template/*
2025-09-23 23:08:15 [main] DEBUG o.a.c.s.b.CamelSpringBootRoutesCollector - Finding additional routes from: classpath:camel-rest/*
2025-09-23 23:08:15 [main] DEBUG o.a.c.s.b.CamelSpringBootRoutesCollector - No additional RoutesBuilder discovered from: classpath:camel/*,classpath:camel-template/*,classpath:camel-rest/*
2025-09-23 23:08:15 [main] DEBUG o.a.camel.spring.SpringCamelContext - onApplicationEvent: org.springframework.context.event.ContextRefreshedEvent[source=org.springframework.boot.web.servlet.context.AnnotationConfigServletWebServerApplicationContext@388ba540, started on Tue Sep 23 23:07:50 EEST 2025]
2025-09-23 23:08:15 [main] DEBUG o.a.c.i.engine.AbstractCamelContext - Resolving language: simple
2025-09-23 23:08:15 [main] DEBUG o.a.camel.support.ResolverHelper - Lookup Language with name simple in registry. Found: null
2025-09-23 23:08:15 [main] DEBUG o.a.camel.support.ResolverHelper - Lookup Language with name simple-language in registry. Found: null
2025-09-23 23:08:15 [main] DEBUG o.a.c.language.simple.SimpleLanguage - Simple language predicate/expression cache size: 1000
2025-09-23 23:08:15 [main] DEBUG o.a.c.i.engine.AbstractCamelContext - Apache Camel 4.4.0 (camel-1) initialized in 233ms
2025-09-23 23:08:15 [main] INFO  o.a.c.i.engine.AbstractCamelContext - Apache Camel 4.4.0 (camel-1) is starting
2025-09-23 23:08:15 [main] DEBUG o.a.c.i.engine.AbstractCamelContext - Using ClassResolver=org.apache.camel.impl.engine.DefaultClassResolver@6d654064, PackageScanClassResolver=org.apache.camel.spring.boot.FatJarPackageScanClassResolver@373dcd9d, ApplicationContextClassLoader=TomcatEmbeddedWebappClassLoader
  context: ROOT
  delegate: true
----------> Parent Classloader:
jdk.internal.loader.ClassLoaders$AppClassLoader@5451c3a8
, RouteController=org.apache.camel.impl.engine.DefaultRouteController@341ba2e0
2025-09-23 23:08:15 [main] DEBUG o.a.c.i.engine.AbstractCamelContext - StreamCaching is disabled on CamelContext: camel-1
2025-09-23 23:08:15 [main] DEBUG o.a.c.i.engine.AbstractCamelContext - Using HeadersMapFactory: org.apache.camel.impl.engine.DefaultHeadersMapFactory@2603c822
2025-09-23 23:08:15 [main] DEBUG o.a.c.i.engine.AbstractCamelContext - Using ReactiveExecutor: org.apache.camel.impl.engine.DefaultReactiveExecutor@bb1da04
2025-09-23 23:08:15 [main] DEBUG o.a.c.i.engine.AbstractCamelContext - Using ThreadPoolFactory: org.apache.camel.support.DefaultThreadPoolFactory@61ad9bfb
2025-09-23 23:08:15 [main] DEBUG o.a.c.i.engine.AbstractCamelContext - Using HealthCheck: camel-spring-boot
2025-09-23 23:08:15 [main] DEBUG o.a.c.i.e.DefaultStreamCachingStrategy - StreamCaching configuration DefaultStreamCachingStrategy[spoolDirectoryEnabled=false, spoolDirectory=null, spoolCipher=null, spoolThreshold=131072, spoolUsedHeapMemoryThreshold=0, bufferSize=0, anySpoolRules=false]
2025-09-23 23:08:15 [main] DEBUG o.a.c.i.e.DefaultStreamCachingStrategy - StreamCaching in use
2025-09-23 23:08:15 [main] DEBUG o.a.c.i.engine.AbstractCamelContext - Clearing BeanIntrospection cache with 1 objects using during starting Camel
2025-09-23 23:08:15 [main] DEBUG o.a.c.i.engine.AbstractCamelContext - BeanIntrospection invoked 4 times during starting Camel
2025-09-23 23:08:15 [main] INFO  o.a.c.i.engine.AbstractCamelContext - Routes startup (started:0)
2025-09-23 23:08:15 [main] INFO  o.a.c.i.engine.AbstractCamelContext - Apache Camel 4.4.0 (camel-1) started in 444ms (build:169ms init:233ms start:42ms)
2025-09-23 23:08:15 [main] DEBUG o.a.camel.support.ResolverHelper - Found ProcessorFactory: org.apache.camel.processor.DefaultProcessorFactory via: META-INF/services/org/apache/camel/processor-factory
2025-09-23 23:08:15 [main] DEBUG o.a.camel.support.ResolverHelper - Detected and using ProcessorFactory: org.apache.camel.processor.DefaultProcessorFactory@7c0f5c63
2025-09-23 23:08:15 [main] DEBUG o.a.camel.impl.DefaultCamelContext - start() took 290 millis
2025-09-23 23:08:15 [main] INFO  c.middleware.MiddlewareApplication - Started MiddlewareApplication in 25.675 seconds (process running for 28.168)
2025-09-23 23:08:15 [main] DEBUG o.a.camel.spring.SpringCamelContext - onApplicationEvent: org.springframework.boot.context.event.ApplicationStartedEvent[source=org.springframework.boot.SpringApplication@37816f9e]
2025-09-23 23:08:15 [main] DEBUG o.a.camel.spring.SpringCamelContext - onApplicationEvent: org.springframework.boot.availability.AvailabilityChangeEvent[source=org.springframework.boot.web.servlet.context.AnnotationConfigServletWebServerApplicationContext@388ba540, started on Tue Sep 23 23:07:50 EEST 2025]
2025-09-23 23:08:15 [scheduling-1] INFO  c.m.b.k.service.DynamicRouteService - Starting route status sync with Camel context
2025-09-23 23:08:15 [main] DEBUG o.a.camel.spring.SpringCamelContext - onApplicationEvent: org.springframework.boot.context.event.ApplicationReadyEvent[source=org.springframework.boot.SpringApplication@37816f9e]
2025-09-23 23:08:15 [main] INFO  c.m.b.k.service.SequenceFixService - Fixing sequence for integration_mapping.id ...
2025-09-23 23:08:15 [scheduling-1] DEBUG o.a.c.i.engine.AbstractCamelContext - Adding route configurations from builder: Routes: []
2025-09-23 23:08:15 [scheduling-1] DEBUG o.a.c.i.engine.AbstractCamelContext - Adding routes from builder: Routes: []
2025-09-23 23:08:15 [scheduling-1] DEBUG o.a.c.i.e.DefaultUriFactoryResolver - Found EndpointUriFactory: rest via type: org.apache.camel.component.rest.RestEndpointUriFactory via: META-INF/services/org/apache/camel/urifactory/rest
2025-09-23 23:08:15 [scheduling-1] DEBUG o.a.c.i.e.DefaultConfigurerResolver - Found configurer: org.apache.camel.spi.RestConfiguration via type: org.apache.camel.impl.RestConfigurationConfigurer via: META-INF/services/org/apache/camel/configurer/org.apache.camel.spi.RestConfiguration
2025-09-23 23:08:15 [scheduling-1] DEBUG o.a.c.i.e.DefaultConfigurerResolver - Found configurer: org.apache.camel.spi.RestConfiguration via type: org.apache.camel.impl.RestConfigurationConfigurer via: META-INF/services/org/apache/camel/configurer/org.apache.camel.spi.RestConfiguration
2025-09-23 23:08:15 [scheduling-1] DEBUG o.a.c.i.e.DefaultConfigurerResolver - Found configurer: org.apache.camel.spi.RestConfiguration via type: org.apache.camel.impl.RestConfigurationConfigurer via: META-INF/services/org/apache/camel/configurer/org.apache.camel.spi.RestConfiguration
2025-09-23 23:08:15 [scheduling-1] DEBUG o.a.c.i.e.DefaultConfigurerResolver - Found configurer: org.apache.camel.spi.RestConfiguration via type: org.apache.camel.impl.RestConfigurationConfigurer via: META-INF/services/org/apache/camel/configurer/org.apache.camel.spi.RestConfiguration
2025-09-23 23:08:15 [scheduling-1] DEBUG o.a.c.i.e.DefaultConfigurerResolver - Found configurer: org.apache.camel.spi.RestConfiguration via type: org.apache.camel.impl.RestConfigurationConfigurer via: META-INF/services/org/apache/camel/configurer/org.apache.camel.spi.RestConfiguration
2025-09-23 23:08:15 [scheduling-1] DEBUG o.a.c.i.e.DefaultConfigurerResolver - Found configurer: org.apache.camel.spi.RestConfiguration via type: org.apache.camel.impl.RestConfigurationConfigurer via: META-INF/services/org/apache/camel/configurer/org.apache.camel.spi.RestConfiguration
2025-09-23 23:08:15 [scheduling-1] DEBUG o.a.c.i.e.DefaultConfigurerResolver - Found configurer: org.apache.camel.spi.RestConfiguration via type: org.apache.camel.impl.RestConfigurationConfigurer via: META-INF/services/org/apache/camel/configurer/org.apache.camel.spi.RestConfiguration
2025-09-23 23:08:15 [scheduling-1] DEBUG o.a.c.i.e.DefaultConfigurerResolver - Found configurer: org.apache.camel.spi.RestConfiguration via type: org.apache.camel.impl.RestConfigurationConfigurer via: META-INF/services/org/apache/camel/configurer/org.apache.camel.spi.RestConfiguration
2025-09-23 23:08:15 [scheduling-1] DEBUG o.a.c.i.e.DefaultConfigurerResolver - Found configurer: org.apache.camel.spi.RestConfiguration via type: org.apache.camel.impl.RestConfigurationConfigurer via: META-INF/services/org/apache/camel/configurer/org.apache.camel.spi.RestConfiguration
2025-09-23 23:08:15 [scheduling-1] DEBUG o.a.c.i.e.DefaultConfigurerResolver - Found configurer: org.apache.camel.spi.RestConfiguration via type: org.apache.camel.impl.RestConfigurationConfigurer via: META-INF/services/org/apache/camel/configurer/org.apache.camel.spi.RestConfiguration
2025-09-23 23:08:15 [scheduling-1] DEBUG o.a.c.i.e.DefaultConfigurerResolver - Found configurer: org.apache.camel.spi.RestConfiguration via type: org.apache.camel.impl.RestConfigurationConfigurer via: META-INF/services/org/apache/camel/configurer/org.apache.camel.spi.RestConfiguration
2025-09-23 23:08:15 [scheduling-1] DEBUG o.a.c.i.e.DefaultConfigurerResolver - Found configurer: org.apache.camel.spi.RestConfiguration via type: org.apache.camel.impl.RestConfigurationConfigurer via: META-INF/services/org/apache/camel/configurer/org.apache.camel.spi.RestConfiguration
2025-09-23 23:08:15 [scheduling-1] DEBUG o.a.c.i.engine.AbstractCamelContext - Using ComponentResolver: org.apache.camel.impl.engine.DefaultComponentResolver@526eabbe to resolve component with name: rest
2025-09-23 23:08:15 [scheduling-1] DEBUG o.a.camel.support.ResolverHelper - Lookup Component with name rest in registry. Found: null
2025-09-23 23:08:15 [scheduling-1] DEBUG o.a.camel.support.ResolverHelper - Lookup Component with name rest-component in registry. Found: null
2025-09-23 23:08:15 [scheduling-1] DEBUG o.a.c.i.e.DefaultComponentResolver - Found component: rest via type: org.apache.camel.component.rest.RestComponent via: META-INF/services/org/apache/camel/component/rest
2025-09-23 23:08:15 [scheduling-1] DEBUG o.a.c.i.e.DefaultConfigurerResolver - Found configurer: rest-component via type: org.apache.camel.component.rest.RestComponentConfigurer via: META-INF/services/org/apache/camel/configurer/rest-component
2025-09-23 23:08:15 [scheduling-1] DEBUG o.a.c.i.e.DefaultConfigurerResolver - Found configurer: rest-endpoint via type: org.apache.camel.component.rest.RestEndpointConfigurer via: META-INF/services/org/apache/camel/configurer/rest-endpoint
2025-09-23 23:08:15 [main] INFO  c.m.b.k.service.SequenceFixService - Sequence public.integration_mapping_id_seq synced to 5. setval returned 5
2025-09-23 23:08:15 [main] INFO  c.m.b.k.service.SequenceFixService - Sequence fix done.
2025-09-23 23:08:15 [main] DEBUG o.a.camel.spring.SpringCamelContext - onApplicationEvent: org.springframework.boot.availability.AvailabilityChangeEvent[source=org.springframework.boot.web.servlet.context.AnnotationConfigServletWebServerApplicationContext@388ba540, started on Tue Sep 23 23:07:50 EEST 2025]
2025-09-23 23:08:16 [scheduling-1] DEBUG o.a.c.i.e.DefaultConfigurerResolver - Found configurer: rest-component via type: org.apache.camel.component.rest.RestComponentConfigurer via: META-INF/services/org/apache/camel/configurer/rest-component
2025-09-23 23:08:16 [scheduling-1] DEBUG o.a.camel.support.DefaultComponent - Creating endpoint uri=[rest://post:/dhis2/dataset], path=[post:/dhis2/dataset]
2025-09-23 23:08:16 [scheduling-1] DEBUG o.a.c.i.engine.AbstractCamelContext - rest://post:/dhis2/dataset converted to endpoint: rest://post:/dhis2/dataset by component: org.apache.camel.component.rest.RestComponent@29e2942f
2025-09-23 23:08:16 [scheduling-1] DEBUG o.a.c.i.engine.AbstractCamelContext - Using ComponentResolver: org.apache.camel.impl.engine.DefaultComponentResolver@526eabbe to resolve component with name: hakeem
2025-09-23 23:08:16 [scheduling-1] DEBUG o.a.camel.support.ResolverHelper - Lookup Component with name hakeem in registry. Found: null
2025-09-23 23:08:16 [scheduling-1] DEBUG o.a.camel.support.ResolverHelper - Lookup Component with name hakeem-component in registry. Found: null
2025-09-23 23:08:16 [scheduling-1] DEBUG o.a.c.i.e.DefaultComponentResolver - Found component: hakeem via type: com.middleware.dhis2.Dhis2Component via: META-INF/services/org/apache/camel/component/hakeem
2025-09-23 23:08:16 [scheduling-1] INFO  com.middleware.dhis2.Dhis2Component - Dhis2Component initialized.
2025-09-23 23:08:16 [scheduling-1] DEBUG o.a.c.i.e.DefaultConfigurerResolver - Found configurer: hakeem-component via type: com.middleware.dhis2.Dhis2ComponentConfigurer via: META-INF/services/org/apache/camel/configurer/hakeem-component
2025-09-23 23:08:16 [scheduling-1] DEBUG o.a.c.i.e.DefaultConfigurerResolver - Found configurer: hakeem-endpoint via type: com.middleware.dhis2.Dhis2EndpointConfigurer via: META-INF/services/org/apache/camel/configurer/hakeem-endpoint
2025-09-23 23:08:16 [scheduling-1] DEBUG o.a.c.i.e.DefaultConfigurerResolver - Found configurer: hakeem-component via type: com.middleware.dhis2.Dhis2ComponentConfigurer via: META-INF/services/org/apache/camel/configurer/hakeem-component
2025-09-23 23:08:16 [scheduling-1] DEBUG o.a.camel.support.DefaultComponent - Creating endpoint uri=[hakeem://process], path=[process]
2025-09-23 23:08:16 [scheduling-1] INFO  com.middleware.dhis2.Dhis2Endpoint - Dhis2Endpoint created for URI: hakeem://process with operation: process
2025-09-23 23:08:16 [scheduling-1] INFO  com.middleware.dhis2.Dhis2Component - Dhis2Service successfully looked up from Camel registry.
2025-09-23 23:08:16 [scheduling-1] INFO  com.middleware.dhis2.Dhis2Component - Created Dhis2Endpoint: hakeem://process
2025-09-23 23:08:16 [scheduling-1] DEBUG o.a.c.i.engine.AbstractCamelContext - hakeem://process converted to endpoint: hakeem://process by component: com.middleware.dhis2.Dhis2Component@4bea02bf
2025-09-23 23:08:16 [scheduling-1] DEBUG o.a.camel.support.ResolverHelper - Found InternalProcessorFactory: org.apache.camel.processor.DefaultInternalProcessorFactory via: META-INF/services/org/apache/camel/internal-processor-factory
2025-09-23 23:08:16 [scheduling-1] DEBUG o.a.camel.support.ResolverHelper - Detected and using InternalProcessorFactory: org.apache.camel.processor.DefaultInternalProcessorFactory@54931e3d
2025-09-23 23:08:16 [scheduling-1] DEBUG o.apache.camel.reifier.RouteReifier - RoutePolicy is enabled: com.middleware.backend.policy.LoggingRoutePolicy@4a6ef523 on route: dhis2-hakeem-route
2025-09-23 23:08:16 [scheduling-1] DEBUG o.a.c.i.e.InternalRouteStartupManager - Warming up route id: dhis2-hakeem-route having autoStartup=true
2025-09-23 23:08:16 [RMI TCP Connection(2)-192.168.88.13] INFO  o.a.c.c.C.[Tomcat].[localhost].[/] - Initializing Spring DispatcherServlet 'dispatcherServlet'
2025-09-23 23:08:16 [RMI TCP Connection(2)-192.168.88.13] INFO  o.s.web.servlet.DispatcherServlet - Initializing Servlet 'dispatcherServlet'
2025-09-23 23:08:16 [RMI TCP Connection(3)-192.168.88.13] DEBUG o.a.c.i.health.AbstractHealthCheck - Invoke health-check (LIVENESS) camel/context
2025-09-23 23:08:16 [RMI TCP Connection(2)-192.168.88.13] DEBUG o.s.web.servlet.DispatcherServlet - Detected StandardServletMultipartResolver
2025-09-23 23:08:16 [RMI TCP Connection(2)-192.168.88.13] DEBUG o.s.web.servlet.DispatcherServlet - Detected AcceptHeaderLocaleResolver
2025-09-23 23:08:16 [RMI TCP Connection(2)-192.168.88.13] DEBUG o.s.web.servlet.DispatcherServlet - Detected FixedThemeResolver
2025-09-23 23:08:16 [scheduling-1] DEBUG o.a.c.i.engine.AbstractCamelContext - Using ComponentResolver: org.apache.camel.impl.engine.DefaultComponentResolver@526eabbe to resolve component with name: servlet
2025-09-23 23:08:16 [scheduling-1] DEBUG o.a.camel.support.ResolverHelper - Lookup Component with name servlet in registry. Found: null
2025-09-23 23:08:16 [RMI TCP Connection(2)-192.168.88.13] DEBUG o.s.web.servlet.DispatcherServlet - Detected org.springframework.web.servlet.view.DefaultRequestToViewNameTranslator@a13a3e0
2025-09-23 23:08:16 [RMI TCP Connection(3)-192.168.88.13] DEBUG o.a.c.i.health.AbstractHealthCheck - Invoke health-check (READINESS) camel/context
2025-09-23 23:08:16 [RMI TCP Connection(2)-192.168.88.13] DEBUG o.s.web.servlet.DispatcherServlet - Detected org.springframework.web.servlet.support.SessionFlashMapManager@108f19c7
2025-09-23 23:08:16 [RMI TCP Connection(2)-192.168.88.13] DEBUG o.s.web.servlet.DispatcherServlet - enableLoggingRequestDetails='false': request parameters and headers will be masked to prevent unsafe logging of potentially sensitive data
2025-09-23 23:08:16 [RMI TCP Connection(3)-192.168.88.13] DEBUG o.a.c.i.health.AbstractHealthCheck - Invoke health-check (ALL) camel/context
2025-09-23 23:08:16 [RMI TCP Connection(2)-192.168.88.13] INFO  o.s.web.servlet.DispatcherServlet - Completed initialization in 5 ms
2025-09-23 23:08:16 [scheduling-1] DEBUG o.a.camel.support.ResolverHelper - Lookup Component with name servlet-component in registry. Found: org.apache.camel.component.servlet.ServletComponent@7304cb59
2025-09-23 23:08:16 [scheduling-1] DEBUG o.a.c.i.e.DefaultConfigurerResolver - Found configurer: servlet-component via type: org.apache.camel.component.servlet.ServletComponentConfigurer via: META-INF/services/org/apache/camel/configurer/servlet-component
2025-09-23 23:08:16 [scheduling-1] DEBUG o.a.c.i.e.DefaultConfigurerResolver - Found configurer: servlet-endpoint via type: org.apache.camel.component.servlet.ServletEndpointConfigurer via: META-INF/services/org/apache/camel/configurer/servlet-endpoint
2025-09-23 23:08:16 [scheduling-1] DEBUG o.a.c.i.e.DefaultConfigurerResolver - Found configurer: servlet-component via type: org.apache.camel.component.servlet.ServletComponentConfigurer via: META-INF/services/org/apache/camel/configurer/servlet-component
2025-09-23 23:08:16 [scheduling-1] DEBUG o.a.camel.support.DefaultComponent - Creating endpoint uri=[servlet:///dhis2/dataset?httpMethodRestrict=POST], path=[/dhis2/dataset]
2025-09-23 23:08:16 [scheduling-1] DEBUG o.a.c.i.engine.AbstractCamelContext - servlet:///dhis2/dataset?httpMethodRestrict=POST converted to endpoint: servlet:/dhis2/dataset?httpMethodRestrict=POST by component: org.apache.camel.component.servlet.ServletComponent@7304cb59
2025-09-23 23:08:16 [scheduling-1] DEBUG o.a.camel.support.ResolverHelper - Found RestRegistryFactory: org.apache.camel.component.rest.DefaultRestRegistryFactory via: META-INF/services/org/apache/camel/rest-registry-factory
2025-09-23 23:08:16 [scheduling-1] DEBUG o.a.camel.support.ResolverHelper - Detected and using RestRegistryFactory: org.apache.camel.component.rest.DefaultRestRegistryFactory@714d344d
2025-09-23 23:08:16 [scheduling-1] INFO  com.middleware.dhis2.Dhis2Endpoint - Creating Dhis2Producer for endpoint: hakeem://process with operation: process
2025-09-23 23:08:16 [scheduling-1] DEBUG o.a.camel.support.DefaultProducer - Starting producer: Producer[hakeem://process]
2025-09-23 23:08:16 [scheduling-1] DEBUG o.a.c.i.e.InternalRouteStartupManager - Route: dhis2-hakeem-route >>> Route[rest://post:/dhis2/dataset -> null]
2025-09-23 23:08:16 [scheduling-1] DEBUG o.a.c.i.e.InternalRouteStartupManager - Starting consumer (order: 1000) on route: dhis2-hakeem-route
2025-09-23 23:08:16 [scheduling-1] DEBUG o.a.camel.support.DefaultConsumer - Build consumer: Consumer[servlet:/dhis2/dataset?httpMethodRestrict=POST]
2025-09-23 23:08:16 [scheduling-1] DEBUG o.a.camel.support.DefaultConsumer - Init consumer: Consumer[servlet:/dhis2/dataset?httpMethodRestrict=POST]
2025-09-23 23:08:16 [scheduling-1] DEBUG o.a.camel.support.DefaultConsumer - Starting consumer: Consumer[servlet:/dhis2/dataset?httpMethodRestrict=POST]
2025-09-23 23:08:16 [scheduling-1] DEBUG o.a.c.h.common.DefaultHttpRegistry - Registering consumer for path /dhis2/dataset providers present: 1
2025-09-23 23:08:16 [scheduling-1] DEBUG o.a.c.c.s.CamelHttpTransportServlet - Connecting consumer: Consumer[servlet:/dhis2/dataset?httpMethodRestrict=POST]
2025-09-23 23:08:16 [scheduling-1] DEBUG o.a.c.i.e.InternalRouteStartupManager - Route: dhis2-hakeem-route started and consuming from: servlet:/dhis2/dataset
2025-09-23 23:08:16 [scheduling-1] DEBUG o.a.c.i.e.InternalRouteStartupManager - Warming up route id: dhis2-hakeem-route having autoStartup=true
2025-09-23 23:08:16 [scheduling-1] DEBUG o.a.c.i.e.InternalRouteStartupManager - Route: dhis2-hakeem-route >>> Route[rest://post:/dhis2/dataset -> null]
2025-09-23 23:08:16 [scheduling-1] DEBUG o.a.c.i.e.InternalRouteStartupManager - Starting consumer (order: 1001) on route: dhis2-hakeem-route
2025-09-23 23:08:16 [scheduling-1] DEBUG o.a.c.i.e.InternalRouteStartupManager - Route: dhis2-hakeem-route started and consuming from: servlet:/dhis2/dataset
2025-09-23 23:08:16 [scheduling-1] INFO  c.m.b.k.service.DynamicRouteService - Re-added route dhis2-hakeem-route to context (DB says active)
2025-09-23 23:08:16 [scheduling-1] INFO  c.m.b.k.service.DynamicRouteService - Completed route status sync
2025-09-23 23:08:45 [scheduling-1] INFO  c.m.b.k.service.DynamicRouteService - Starting route status sync with Camel context
2025-09-23 23:08:45 [scheduling-1] INFO  c.m.b.k.service.DynamicRouteService - Completed route status sync
2025-09-23 23:09:15 [scheduling-1] INFO  c.m.b.k.service.DynamicRouteService - Starting route status sync with Camel context
2025-09-23 23:09:15 [scheduling-1] INFO  c.m.b.k.service.DynamicRouteService - Completed route status sync
2025-09-23 23:09:45 [scheduling-1] INFO  c.m.b.k.service.DynamicRouteService - Starting route status sync with Camel context
2025-09-23 23:09:45 [scheduling-1] INFO  c.m.b.k.service.DynamicRouteService - Completed route status sync
2025-09-23 23:10:15 [scheduling-1] INFO  c.m.b.k.service.DynamicRouteService - Starting route status sync with Camel context
2025-09-23 23:10:15 [scheduling-1] INFO  c.m.b.k.service.DynamicRouteService - Completed route status sync
2025-09-23 23:10:45 [scheduling-1] INFO  c.m.b.k.service.DynamicRouteService - Starting route status sync with Camel context
2025-09-23 23:10:45 [scheduling-1] INFO  c.m.b.k.service.DynamicRouteService - Completed route status sync
2025-09-23 23:15:34 [scheduling-1] INFO  c.m.b.k.service.DynamicRouteService - Starting route status sync with Camel context
2025-09-23 23:15:34 [scheduling-1] INFO  c.m.b.k.service.DynamicRouteService - Completed route status sync
2025-09-23 23:15:34 [scheduling-1] INFO  c.m.b.k.service.DynamicRouteService - Starting route status sync with Camel context
2025-09-23 23:15:34 [scheduling-1] INFO  c.m.b.k.service.DynamicRouteService - Completed route status sync
2025-09-23 23:15:34 [scheduling-1] INFO  c.m.b.k.service.DynamicRouteService - Starting route status sync with Camel context
2025-09-23 23:15:34 [scheduling-1] INFO  c.m.b.k.service.DynamicRouteService - Completed route status sync
2025-09-23 23:15:34 [scheduling-1] INFO  c.m.b.k.service.DynamicRouteService - Starting route status sync with Camel context
2025-09-23 23:15:34 [scheduling-1] INFO  c.m.b.k.service.DynamicRouteService - Completed route status sync
2025-09-23 23:15:34 [scheduling-1] INFO  c.m.b.k.service.DynamicRouteService - Starting route status sync with Camel context
2025-09-23 23:15:34 [scheduling-1] INFO  c.m.b.k.service.DynamicRouteService - Completed route status sync
2025-09-23 23:15:34 [scheduling-1] INFO  c.m.b.k.service.DynamicRouteService - Starting route status sync with Camel context
2025-09-23 23:15:34 [scheduling-1] INFO  c.m.b.k.service.DynamicRouteService - Completed route status sync
2025-09-23 23:15:35 [scheduling-1] INFO  c.m.b.k.service.DynamicRouteService - Starting route status sync with Camel context
2025-09-23 23:15:35 [scheduling-1] INFO  c.m.b.k.service.DynamicRouteService - Completed route status sync
2025-09-23 23:15:35 [scheduling-1] INFO  c.m.b.k.service.DynamicRouteService - Starting route status sync with Camel context
2025-09-23 23:15:35 [scheduling-1] INFO  c.m.b.k.service.DynamicRouteService - Completed route status sync
2025-09-23 23:15:35 [scheduling-1] INFO  c.m.b.k.service.DynamicRouteService - Starting route status sync with Camel context
2025-09-23 23:15:35 [scheduling-1] INFO  c.m.b.k.service.DynamicRouteService - Completed route status sync
2025-09-23 23:15:45 [scheduling-1] INFO  c.m.b.k.service.DynamicRouteService - Starting route status sync with Camel context
2025-09-23 23:15:45 [scheduling-1] INFO  c.m.b.k.service.DynamicRouteService - Completed route status sync
2025-09-23 23:16:15 [scheduling-1] INFO  c.m.b.k.service.DynamicRouteService - Starting route status sync with Camel context
2025-09-23 23:16:15 [scheduling-1] INFO  c.m.b.k.service.DynamicRouteService - Completed route status sync
2025-09-23 23:16:45 [scheduling-1] INFO  c.m.b.k.service.DynamicRouteService - Starting route status sync with Camel context
2025-09-23 23:16:45 [scheduling-1] INFO  c.m.b.k.service.DynamicRouteService - Completed route status sync
2025-09-23 23:17:15 [scheduling-1] INFO  c.m.b.k.service.DynamicRouteService - Starting route status sync with Camel context
2025-09-23 23:17:15 [scheduling-1] INFO  c.m.b.k.service.DynamicRouteService - Completed route status sync
2025-09-23 23:17:45 [scheduling-1] INFO  c.m.b.k.service.DynamicRouteService - Starting route status sync with Camel context
2025-09-23 23:17:45 [scheduling-1] INFO  c.m.b.k.service.DynamicRouteService - Completed route status sync
2025-09-23 23:18:15 [scheduling-1] INFO  c.m.b.k.service.DynamicRouteService - Starting route status sync with Camel context
2025-09-23 23:18:15 [scheduling-1] INFO  c.m.b.k.service.DynamicRouteService - Completed route status sync
2025-09-23 23:18:45 [scheduling-1] INFO  c.m.b.k.service.DynamicRouteService - Starting route status sync with Camel context
2025-09-23 23:18:45 [scheduling-1] INFO  c.m.b.k.service.DynamicRouteService - Completed route status sync
2025-09-23 23:19:15 [scheduling-1] INFO  c.m.b.k.service.DynamicRouteService - Starting route status sync with Camel context
2025-09-23 23:19:15 [scheduling-1] INFO  c.m.b.k.service.DynamicRouteService - Completed route status sync
2025-09-23 23:19:45 [scheduling-1] INFO  c.m.b.k.service.DynamicRouteService - Starting route status sync with Camel context
2025-09-23 23:19:45 [scheduling-1] INFO  c.m.b.k.service.DynamicRouteService - Completed route status sync
2025-09-23 23:20:15 [scheduling-1] INFO  c.m.b.k.service.DynamicRouteService - Starting route status sync with Camel context
2025-09-23 23:20:15 [scheduling-1] INFO  c.m.b.k.service.DynamicRouteService - Completed route status sync
2025-09-23 23:20:45 [scheduling-1] INFO  c.m.b.k.service.DynamicRouteService - Starting route status sync with Camel context
2025-09-23 23:20:45 [scheduling-1] INFO  c.m.b.k.service.DynamicRouteService - Completed route status sync
2025-09-23 23:21:15 [scheduling-1] INFO  c.m.b.k.service.DynamicRouteService - Starting route status sync with Camel context
2025-09-23 23:21:15 [scheduling-1] INFO  c.m.b.k.service.DynamicRouteService - Completed route status sync
2025-09-23 23:21:45 [scheduling-1] INFO  c.m.b.k.service.DynamicRouteService - Starting route status sync with Camel context
2025-09-23 23:21:46 [scheduling-1] INFO  c.m.b.k.service.DynamicRouteService - Completed route status sync
2025-09-23 23:22:07 [http-nio-8081-exec-2] DEBUG o.s.w.f.CommonsRequestLoggingFilter - Before request [POST /api/auth/login, client=0:0:0:0:0:0:0:1]
2025-09-23 23:22:07 [http-nio-8081-exec-2] DEBUG o.s.web.servlet.DispatcherServlet - POST "/api/auth/login", parameters={}
2025-09-23 23:22:07 [http-nio-8081-exec-2] DEBUG o.s.w.s.m.m.a.RequestMappingHandlerMapping - Mapped to com.middleware.backend.users.auth.AuthController#login(AuthRequest)
2025-09-23 23:22:07 [http-nio-8081-exec-2] DEBUG o.s.w.s.m.m.a.RequestResponseBodyMethodProcessor - Read "application/json;charset=UTF-8" to [AuthController.AuthRequest(email=admin@mail.com, password=S123@@31)]
2025-09-23 23:22:07 [http-nio-8081-exec-2] DEBUG o.a.camel.spring.SpringCamelContext - onApplicationEvent: org.springframework.security.authentication.event.AuthenticationFailureBadCredentialsEvent[source=UsernamePasswordAuthenticationToken [Principal=admin@mail.com, Credentials=[PROTECTED], Authenticated=false, Details=null, Granted Authorities=[]]]
2025-09-23 23:22:07 [http-nio-8081-exec-2] DEBUG o.s.w.s.m.m.a.ExceptionHandlerExceptionResolver - Using @ExceptionHandler com.middleware.backend.exception.GlobalExceptionHandler#handleRuntimeException(RuntimeException)
2025-09-23 23:22:08 [http-nio-8081-exec-2] DEBUG o.s.w.s.m.m.a.HttpEntityMethodProcessor - Using 'application/json', given [*/*] and supported [application/json, application/*+json, application/yaml]
2025-09-23 23:22:08 [http-nio-8081-exec-2] DEBUG o.s.w.s.m.m.a.HttpEntityMethodProcessor - Writing [{message=Bad credentials, timestamp=2025-09-23T23:22:07.991841300}]
2025-09-23 23:22:08 [http-nio-8081-exec-2] DEBUG o.s.w.s.m.m.a.ExceptionHandlerExceptionResolver - Resolved [org.springframework.security.authentication.BadCredentialsException: Bad credentials]
2025-09-23 23:22:08 [http-nio-8081-exec-2] DEBUG o.s.web.servlet.DispatcherServlet - Completed 400 BAD_REQUEST
2025-09-23 23:22:08 [http-nio-8081-exec-2] DEBUG o.a.camel.spring.SpringCamelContext - onApplicationEvent: ServletRequestHandledEvent: url=[/api/auth/login]; client=[0:0:0:0:0:0:0:1]; method=[POST]; status=[400]; servlet=[dispatcherServlet]; session=[null]; user=[null]; time=[500ms]
2025-09-23 23:22:08 [http-nio-8081-exec-2] DEBUG o.s.w.f.CommonsRequestLoggingFilter - After request [POST /api/auth/login, client=0:0:0:0:0:0:0:1, payload={"email":"admin@mail.com","password":"S123@@31"}]
2025-09-23 23:22:12 [http-nio-8081-exec-3] DEBUG o.s.w.f.CommonsRequestLoggingFilter - Before request [POST /api/auth/login, client=0:0:0:0:0:0:0:1]
2025-09-23 23:22:12 [http-nio-8081-exec-3] DEBUG o.s.web.servlet.DispatcherServlet - POST "/api/auth/login", parameters={}
2025-09-23 23:22:12 [http-nio-8081-exec-3] DEBUG o.s.w.s.m.m.a.RequestMappingHandlerMapping - Mapped to com.middleware.backend.users.auth.AuthController#login(AuthRequest)
2025-09-23 23:22:12 [http-nio-8081-exec-3] DEBUG o.s.w.s.m.m.a.RequestResponseBodyMethodProcessor - Read "application/json;charset=UTF-8" to [AuthController.AuthRequest(email=admin@mail.com, password=S123@@31)]
2025-09-23 23:22:13 [http-nio-8081-exec-3] DEBUG o.a.camel.spring.SpringCamelContext - onApplicationEvent: org.springframework.security.authentication.event.AuthenticationFailureBadCredentialsEvent[source=UsernamePasswordAuthenticationToken [Principal=admin@mail.com, Credentials=[PROTECTED], Authenticated=false, Details=null, Granted Authorities=[]]]
2025-09-23 23:22:13 [http-nio-8081-exec-3] DEBUG o.s.w.s.m.m.a.ExceptionHandlerExceptionResolver - Using @ExceptionHandler com.middleware.backend.exception.GlobalExceptionHandler#handleRuntimeException(RuntimeException)
2025-09-23 23:22:13 [http-nio-8081-exec-3] DEBUG o.s.w.s.m.m.a.HttpEntityMethodProcessor - Using 'application/json', given [*/*] and supported [application/json, application/*+json, application/yaml]
2025-09-23 23:22:13 [http-nio-8081-exec-3] DEBUG o.s.w.s.m.m.a.HttpEntityMethodProcessor - Writing [{message=Bad credentials, timestamp=2025-09-23T23:22:13.014665300}]
2025-09-23 23:22:13 [http-nio-8081-exec-3] DEBUG o.s.w.s.m.m.a.ExceptionHandlerExceptionResolver - Resolved [org.springframework.security.authentication.BadCredentialsException: Bad credentials]
2025-09-23 23:22:13 [http-nio-8081-exec-3] DEBUG o.s.web.servlet.DispatcherServlet - Completed 400 BAD_REQUEST
2025-09-23 23:22:13 [http-nio-8081-exec-3] DEBUG o.a.camel.spring.SpringCamelContext - onApplicationEvent: ServletRequestHandledEvent: url=[/api/auth/login]; client=[0:0:0:0:0:0:0:1]; method=[POST]; status=[400]; servlet=[dispatcherServlet]; session=[null]; user=[null]; time=[232ms]
2025-09-23 23:22:13 [http-nio-8081-exec-3] DEBUG o.s.w.f.CommonsRequestLoggingFilter - After request [POST /api/auth/login, client=0:0:0:0:0:0:0:1, payload={"email":"admin@mail.com","password":"S123@@31"}]
2025-09-23 23:22:15 [scheduling-1] INFO  c.m.b.k.service.DynamicRouteService - Starting route status sync with Camel context
2025-09-23 23:22:15 [scheduling-1] INFO  c.m.b.k.service.DynamicRouteService - Completed route status sync
2025-09-23 23:22:27 [http-nio-8081-exec-4] DEBUG o.s.w.f.CommonsRequestLoggingFilter - Before request [POST /api/auth/login, client=0:0:0:0:0:0:0:1]
2025-09-23 23:22:27 [http-nio-8081-exec-4] DEBUG o.s.web.servlet.DispatcherServlet - POST "/api/auth/login", parameters={}
2025-09-23 23:22:27 [http-nio-8081-exec-4] DEBUG o.s.w.s.m.m.a.RequestMappingHandlerMapping - Mapped to com.middleware.backend.users.auth.AuthController#login(AuthRequest)
2025-09-23 23:22:27 [http-nio-8081-exec-4] DEBUG o.s.w.s.m.m.a.RequestResponseBodyMethodProcessor - Read "application/json;charset=UTF-8" to [AuthController.AuthRequest(email=admin@mail.com, password=S123@231)]
2025-09-23 23:22:27 [http-nio-8081-exec-4] DEBUG o.a.camel.spring.SpringCamelContext - onApplicationEvent: org.springframework.security.authentication.event.AuthenticationSuccessEvent[source=UsernamePasswordAuthenticationToken [Principal=org.springframework.security.core.userdetails.User [Username=admin@mail.com, Password=[PROTECTED], Enabled=true, AccountNonExpired=true, CredentialsNonExpired=true, AccountNonLocked=true, Granted Authorities=[ROLE_ADMIN, auditLogs:export, auditLogs:view, dhis2:edit, dhis2:view, dynamicRoutes:create, dynamicRoutes:delete, dynamicRoutes:edit, dynamicRoutes:export, dynamicRoutes:revert, dynamicRoutes:start, dynamicRoutes:stop, dynamicRoutes:test, dynamicRoutes:validate, dynamicRoutes:view, dynamicRoutesLogs:export, dynamicRoutesLogs:view, errorCategories:create, errorCategories:edit, errorCategories:export, errorCategories:view, errorMappings:create, errorMappings:edit, errorMappings:export, errorMappings:view, integrationMapping:create, integrationMapping:delete, integrationMapping:edit, integrationMapping:export, integrationMapping:view, jobExecutionLogs:export, jobExecutionLogs:view, middlewareLogs:export, middlewareLogs:retry, middlewareLogs:view, role:create, role:view, routePermissions:edit, routePermissions:view, scheduledJobs:create, scheduledJobs:delete, scheduledJobs:edit, scheduledJobs:export, scheduledJobs:pause, scheduledJobs:resume, scheduledJobs:test, scheduledJobs:view, scheduledJobsLogs:export, scheduledJobsLogs:view, sourceSystems:create, sourceSystems:edit, sourceSystems:export, sourceSystems:view, throttling:edit, throttling:view, user:activate, user:create, user:delete, user:edit, user:generate-token, user:view, user:viewByRole, userPermissions:edit, userPermissions:view]], Credentials=[PROTECTED], Authenticated=true, Details=null, Granted Authorities=[ROLE_ADMIN, auditLogs:export, auditLogs:view, dhis2:edit, dhis2:view, dynamicRoutes:create, dynamicRoutes:delete, dynamicRoutes:edit, dynamicRoutes:export, dynamicRoutes:revert, dynamicRoutes:start, dynamicRoutes:stop, dynamicRoutes:test, dynamicRoutes:validate, dynamicRoutes:view, dynamicRoutesLogs:export, dynamicRoutesLogs:view, errorCategories:create, errorCategories:edit, errorCategories:export, errorCategories:view, errorMappings:create, errorMappings:edit, errorMappings:export, errorMappings:view, integrationMapping:create, integrationMapping:delete, integrationMapping:edit, integrationMapping:export, integrationMapping:view, jobExecutionLogs:export, jobExecutionLogs:view, middlewareLogs:export, middlewareLogs:retry, middlewareLogs:view, role:create, role:view, routePermissions:edit, routePermissions:view, scheduledJobs:create, scheduledJobs:delete, scheduledJobs:edit, scheduledJobs:export, scheduledJobs:pause, scheduledJobs:resume, scheduledJobs:test, scheduledJobs:view, scheduledJobsLogs:export, scheduledJobsLogs:view, sourceSystems:create, sourceSystems:edit, sourceSystems:export, sourceSystems:view, throttling:edit, throttling:view, user:activate, user:create, user:delete, user:edit, user:generate-token, user:view, user:viewByRole, userPermissions:edit, userPermissions:view]]]
2025-09-23 23:22:28 [http-nio-8081-exec-4] DEBUG o.s.w.s.m.m.a.HttpEntityMethodProcessor - Using 'application/json', given [*/*] and supported [application/json, application/*+json, application/yaml]
2025-09-23 23:22:28 [http-nio-8081-exec-4] DEBUG o.s.w.s.m.m.a.HttpEntityMethodProcessor - Writing [AuthController.AuthResponse(token=eyJhbGciOiJIUzI1NiJ9.eyJzdWIiOiJhZG1pbkBtYWlsLmNvbSIsImlhdCI6MTc1O (truncated)...]
2025-09-23 23:22:28 [http-nio-8081-exec-4] DEBUG o.s.web.servlet.DispatcherServlet - Completed 200 OK
2025-09-23 23:22:28 [http-nio-8081-exec-4] DEBUG o.a.camel.spring.SpringCamelContext - onApplicationEvent: ServletRequestHandledEvent: url=[/api/auth/login]; client=[0:0:0:0:0:0:0:1]; method=[POST]; status=[200]; servlet=[dispatcherServlet]; session=[null]; user=[null]; time=[1032ms]
2025-09-23 23:22:28 [http-nio-8081-exec-4] DEBUG o.s.w.f.CommonsRequestLoggingFilter - After request [POST /api/auth/login, client=0:0:0:0:0:0:0:1, payload={"email":"admin@mail.com","password":"S123@231"}]
2025-09-23 23:22:31 [http-nio-8081-exec-7] INFO  c.m.b.k.service.DynamicRouteService - Fetching active routes with pagination
2025-09-23 23:22:31 [http-nio-8081-exec-8] INFO  c.m.b.k.service.DynamicRouteService - Fetching active routes with pagination
2025-09-23 23:22:31 [http-nio-8081-exec-7] DEBUG o.s.w.f.CommonsRequestLoggingFilter - Before request [GET /api/admin/integrated-apis?size=1000&isActive=true, client=0:0:0:0:0:0:0:1, user=admin@mail.com]
2025-09-23 23:22:31 [http-nio-8081-exec-7] DEBUG o.s.web.servlet.DispatcherServlet - GET "/api/admin/integrated-apis?size=1000&isActive=true", parameters={masked}
2025-09-23 23:22:31 [http-nio-8081-exec-7] DEBUG o.s.w.s.m.m.a.RequestMappingHandlerMapping - Mapped to com.middleware.backend.kaotocamel.controller.IntegratedApiController#findAll(String, String, String, String, Boolean, int, int, String[])
2025-09-23 23:22:31 [http-nio-8081-exec-8] DEBUG o.s.w.f.CommonsRequestLoggingFilter - Before request [GET /api/admin/integration-mappings?page=0&size=10, client=0:0:0:0:0:0:0:1, user=admin@mail.com]
2025-09-23 23:22:31 [http-nio-8081-exec-8] DEBUG o.s.web.servlet.DispatcherServlet - GET "/api/admin/integration-mappings?page=0&size=10", parameters={masked}
2025-09-23 23:22:31 [http-nio-8081-exec-8] DEBUG o.s.w.s.m.m.a.RequestMappingHandlerMapping - Mapped to com.middleware.backend.kaotocamel.controller.IntegrationMappingAdminController#findAll(String, Long, String, String, Boolean, int, int, String[])
2025-09-23 23:22:31 [http-nio-8081-exec-7] WARN  o.s.d.w.c.SpringDataJacksonConfiguration$PageModule$WarningLoggingModifier - Serializing PageImpl instances as-is is not supported, meaning that there is no guarantee about the stability of the resulting JSON structure!
	For a stable JSON structure, please use Spring Data's PagedModel (globally via @EnableSpringDataWebSupport(pageSerializationMode = VIA_DTO))
	or Spring HATEOAS and Spring Data's PagedResourcesAssembler as documented in https://docs.spring.io/spring-data/commons/reference/repositories/core-extensions.html#core.web.pageables.

2025-09-23 23:22:31 [http-nio-8081-exec-7] DEBUG o.s.w.s.m.m.a.HttpEntityMethodProcessor - Using 'application/json', given [application/json] and supported [application/json, application/*+json, application/yaml]
2025-09-23 23:22:31 [http-nio-8081-exec-7] DEBUG o.s.w.s.m.m.a.HttpEntityMethodProcessor - Writing [Page 1 of 1 containing com.middleware.backend.kaotocamel.dto.IntegratedApiDto instances]
2025-09-23 23:22:32 [http-nio-8081-exec-7] DEBUG o.s.web.servlet.DispatcherServlet - Completed 200 OK
2025-09-23 23:22:32 [http-nio-8081-exec-7] DEBUG o.a.camel.spring.SpringCamelContext - onApplicationEvent: ServletRequestHandledEvent: url=[/api/admin/integrated-apis]; client=[0:0:0:0:0:0:0:1]; method=[GET]; status=[200]; servlet=[dispatcherServlet]; session=[null]; user=[admin@mail.com]; time=[152ms]
2025-09-23 23:22:32 [http-nio-8081-exec-7] DEBUG o.s.w.f.CommonsRequestLoggingFilter - After request [GET /api/admin/integrated-apis?size=1000&isActive=true, client=0:0:0:0:0:0:0:1, user=admin@mail.com]
2025-09-23 23:22:32 [http-nio-8081-exec-8] DEBUG o.s.w.s.m.m.a.HttpEntityMethodProcessor - Using 'application/json', given [application/json] and supported [application/json, application/*+json, application/yaml]
2025-09-23 23:22:32 [http-nio-8081-exec-8] DEBUG o.s.w.s.m.m.a.HttpEntityMethodProcessor - Writing [Page 1 of 1 containing com.middleware.backend.kaotocamel.dto.IntegrationMappingDto instances]
2025-09-23 23:22:32 [http-nio-8081-exec-8] DEBUG o.s.web.servlet.DispatcherServlet - Completed 200 OK
2025-09-23 23:22:32 [http-nio-8081-exec-8] DEBUG o.a.camel.spring.SpringCamelContext - onApplicationEvent: ServletRequestHandledEvent: url=[/api/admin/integration-mappings]; client=[0:0:0:0:0:0:0:1]; method=[GET]; status=[200]; servlet=[dispatcherServlet]; session=[null]; user=[admin@mail.com]; time=[236ms]
2025-09-23 23:22:32 [http-nio-8081-exec-8] DEBUG o.s.w.f.CommonsRequestLoggingFilter - After request [GET /api/admin/integration-mappings?page=0&size=10, client=0:0:0:0:0:0:0:1, user=admin@mail.com]
2025-09-23 23:22:45 [scheduling-1] INFO  c.m.b.k.service.DynamicRouteService - Starting route status sync with Camel context
2025-09-23 23:22:45 [scheduling-1] INFO  c.m.b.k.service.DynamicRouteService - Completed route status sync
2025-09-23 23:22:47 [http-nio-8081-exec-10] INFO  c.m.b.k.service.DynamicRouteService - Fetching active routes with pagination
2025-09-23 23:22:47 [http-nio-8081-exec-10] DEBUG o.s.w.f.CommonsRequestLoggingFilter - Before request [GET /api/admin/integration-mappings?page=0&size=10&mappingType=DATA_ELEMENT, client=0:0:0:0:0:0:0:1, user=admin@mail.com]
2025-09-23 23:22:47 [http-nio-8081-exec-10] DEBUG o.s.web.servlet.DispatcherServlet - GET "/api/admin/integration-mappings?page=0&size=10&mappingType=DATA_ELEMENT", parameters={masked}
2025-09-23 23:22:47 [http-nio-8081-exec-10] DEBUG o.s.w.s.m.m.a.RequestMappingHandlerMapping - Mapped to com.middleware.backend.kaotocamel.controller.IntegrationMappingAdminController#findAll(String, Long, String, String, Boolean, int, int, String[])
2025-09-23 23:22:47 [http-nio-8081-exec-10] DEBUG o.s.w.s.m.m.a.HttpEntityMethodProcessor - Using 'application/json', given [application/json] and supported [application/json, application/*+json, application/yaml]
2025-09-23 23:22:47 [http-nio-8081-exec-10] DEBUG o.s.w.s.m.m.a.HttpEntityMethodProcessor - Writing [Page 1 of 1 containing com.middleware.backend.kaotocamel.dto.IntegrationMappingDto instances]
2025-09-23 23:22:47 [http-nio-8081-exec-10] DEBUG o.s.web.servlet.DispatcherServlet - Completed 200 OK
2025-09-23 23:22:47 [http-nio-8081-exec-10] DEBUG o.a.camel.spring.SpringCamelContext - onApplicationEvent: ServletRequestHandledEvent: url=[/api/admin/integration-mappings]; client=[0:0:0:0:0:0:0:1]; method=[GET]; status=[200]; servlet=[dispatcherServlet]; session=[null]; user=[admin@mail.com]; time=[111ms]
2025-09-23 23:22:47 [http-nio-8081-exec-10] DEBUG o.s.w.f.CommonsRequestLoggingFilter - After request [GET /api/admin/integration-mappings?page=0&size=10&mappingType=DATA_ELEMENT, client=0:0:0:0:0:0:0:1, user=admin@mail.com]
2025-09-23 23:22:48 [http-nio-8081-exec-1] INFO  c.m.b.k.service.DynamicRouteService - Fetching active routes with pagination
2025-09-23 23:22:49 [http-nio-8081-exec-1] DEBUG o.s.w.f.CommonsRequestLoggingFilter - Before request [GET /api/admin/integration-mappings?page=0&size=10, client=0:0:0:0:0:0:0:1, user=admin@mail.com]
2025-09-23 23:22:49 [http-nio-8081-exec-1] DEBUG o.s.web.servlet.DispatcherServlet - GET "/api/admin/integration-mappings?page=0&size=10", parameters={masked}
2025-09-23 23:22:49 [http-nio-8081-exec-1] DEBUG o.s.w.s.m.m.a.RequestMappingHandlerMapping - Mapped to com.middleware.backend.kaotocamel.controller.IntegrationMappingAdminController#findAll(String, Long, String, String, Boolean, int, int, String[])
2025-09-23 23:22:49 [http-nio-8081-exec-1] DEBUG o.s.w.s.m.m.a.HttpEntityMethodProcessor - Using 'application/json', given [application/json] and supported [application/json, application/*+json, application/yaml]
2025-09-23 23:22:49 [http-nio-8081-exec-1] DEBUG o.s.w.s.m.m.a.HttpEntityMethodProcessor - Writing [Page 1 of 1 containing com.middleware.backend.kaotocamel.dto.IntegrationMappingDto instances]
2025-09-23 23:22:49 [http-nio-8081-exec-1] DEBUG o.s.web.servlet.DispatcherServlet - Completed 200 OK
2025-09-23 23:22:49 [http-nio-8081-exec-1] DEBUG o.a.camel.spring.SpringCamelContext - onApplicationEvent: ServletRequestHandledEvent: url=[/api/admin/integration-mappings]; client=[0:0:0:0:0:0:0:1]; method=[GET]; status=[200]; servlet=[dispatcherServlet]; session=[null]; user=[admin@mail.com]; time=[162ms]
2025-09-23 23:22:49 [http-nio-8081-exec-1] DEBUG o.s.w.f.CommonsRequestLoggingFilter - After request [GET /api/admin/integration-mappings?page=0&size=10, client=0:0:0:0:0:0:0:1, user=admin@mail.com]
2025-09-23 23:22:55 [http-nio-8081-exec-3] INFO  c.m.b.k.service.DynamicRouteService - Fetching active routes with pagination
2025-09-23 23:22:55 [http-nio-8081-exec-3] DEBUG o.s.w.f.CommonsRequestLoggingFilter - Before request [GET /api/admin/integration-mappings?page=0&size=10&sort=integratedApiId%2Casc, client=0:0:0:0:0:0:0:1, user=admin@mail.com]
2025-09-23 23:22:55 [http-nio-8081-exec-3] DEBUG o.s.web.servlet.DispatcherServlet - GET "/api/admin/integration-mappings?page=0&size=10&sort=integratedApiId%2Casc", parameters={masked}
2025-09-23 23:22:55 [http-nio-8081-exec-3] DEBUG o.s.w.s.m.m.a.RequestMappingHandlerMapping - Mapped to com.middleware.backend.kaotocamel.controller.IntegrationMappingAdminController#findAll(String, Long, String, String, Boolean, int, int, String[])
2025-09-23 23:22:55 [http-nio-8081-exec-3] DEBUG o.s.w.s.m.m.a.HttpEntityMethodProcessor - Using 'application/json', given [application/json] and supported [application/json, application/*+json, application/yaml]
2025-09-23 23:22:55 [http-nio-8081-exec-3] DEBUG o.s.w.s.m.m.a.HttpEntityMethodProcessor - Writing [Page 1 of 1 containing com.middleware.backend.kaotocamel.dto.IntegrationMappingDto instances]
2025-09-23 23:22:55 [http-nio-8081-exec-3] DEBUG o.s.web.servlet.DispatcherServlet - Completed 200 OK
2025-09-23 23:22:55 [http-nio-8081-exec-3] DEBUG o.a.camel.spring.SpringCamelContext - onApplicationEvent: ServletRequestHandledEvent: url=[/api/admin/integration-mappings]; client=[0:0:0:0:0:0:0:1]; method=[GET]; status=[200]; servlet=[dispatcherServlet]; session=[null]; user=[admin@mail.com]; time=[69ms]
2025-09-23 23:22:55 [http-nio-8081-exec-3] DEBUG o.s.w.f.CommonsRequestLoggingFilter - After request [GET /api/admin/integration-mappings?page=0&size=10&sort=integratedApiId%2Casc, client=0:0:0:0:0:0:0:1, user=admin@mail.com]
2025-09-23 23:23:15 [scheduling-1] INFO  c.m.b.k.service.DynamicRouteService - Starting route status sync with Camel context
2025-09-23 23:23:15 [scheduling-1] INFO  c.m.b.k.service.DynamicRouteService - Completed route status sync
2025-09-23 23:23:36 [http-nio-8081-exec-6] INFO  c.m.b.k.service.DynamicRouteService - Fetching active routes with pagination
2025-09-23 23:23:36 [http-nio-8081-exec-6] DEBUG o.s.w.f.CommonsRequestLoggingFilter - Before request [GET /api/admin/integration-mappings/export?sort=integratedApiId%2Casc, client=0:0:0:0:0:0:0:1, user=admin@mail.com]
2025-09-23 23:23:36 [http-nio-8081-exec-6] DEBUG o.s.web.servlet.DispatcherServlet - GET "/api/admin/integration-mappings/export?sort=integratedApiId%2Casc", parameters={masked}
2025-09-23 23:23:36 [http-nio-8081-exec-6] DEBUG o.s.w.s.m.m.a.RequestMappingHandlerMapping - Mapped to com.middleware.backend.kaotocamel.controller.IntegrationMappingAdminController#exportMappings(String)
2025-09-23 23:23:36 [http-nio-8081-exec-6] DEBUG o.s.w.s.m.m.a.HttpEntityMethodProcessor - Using 'application/json', given [*/*] and supported [application/json, application/*+json, application/yaml]
2025-09-23 23:23:36 [http-nio-8081-exec-6] DEBUG o.s.w.s.m.m.a.HttpEntityMethodProcessor - Writing [[IntegrationMappingDto(id=1, middlewareApiName=/healthmap, integratedApiId=1, integratedApiCode=HEAL (truncated)...]
2025-09-23 23:23:36 [http-nio-8081-exec-6] DEBUG o.s.web.servlet.DispatcherServlet - Completed 200 OK
2025-09-23 23:23:36 [http-nio-8081-exec-6] DEBUG o.a.camel.spring.SpringCamelContext - onApplicationEvent: ServletRequestHandledEvent: url=[/api/admin/integration-mappings/export]; client=[0:0:0:0:0:0:0:1]; method=[GET]; status=[200]; servlet=[dispatcherServlet]; session=[null]; user=[admin@mail.com]; time=[138ms]
2025-09-23 23:23:36 [http-nio-8081-exec-6] DEBUG o.s.w.f.CommonsRequestLoggingFilter - After request [GET /api/admin/integration-mappings/export?sort=integratedApiId%2Casc, client=0:0:0:0:0:0:0:1, user=admin@mail.com]
2025-09-23 23:23:40 [http-nio-8081-exec-7] INFO  c.m.b.k.service.DynamicRouteService - Fetching active routes with pagination
2025-09-23 23:23:40 [http-nio-8081-exec-7] DEBUG o.s.w.f.CommonsRequestLoggingFilter - Before request [GET /api/admin/integration-mappings/export?sort=integratedApiId%2Casc, client=0:0:0:0:0:0:0:1, user=admin@mail.com]
2025-09-23 23:23:40 [http-nio-8081-exec-7] DEBUG o.s.web.servlet.DispatcherServlet - GET "/api/admin/integration-mappings/export?sort=integratedApiId%2Casc", parameters={masked}
2025-09-23 23:23:40 [http-nio-8081-exec-7] DEBUG o.s.w.s.m.m.a.RequestMappingHandlerMapping - Mapped to com.middleware.backend.kaotocamel.controller.IntegrationMappingAdminController#exportMappings(String)
2025-09-23 23:23:40 [http-nio-8081-exec-7] DEBUG o.s.w.s.m.m.a.HttpEntityMethodProcessor - No match for [text/csv], supported: [application/json, application/*+json, application/yaml]
2025-09-23 23:23:40 [http-nio-8081-exec-7] DEBUG o.s.w.s.m.m.a.ExceptionHandlerExceptionResolver - Using @ExceptionHandler com.middleware.backend.exception.GlobalExceptionHandler#handleGenericException(Exception)
2025-09-23 23:23:40 [http-nio-8081-exec-7] DEBUG o.s.w.s.m.m.a.HttpEntityMethodProcessor - No match for [text/csv], supported: [application/json, application/*+json, application/yaml]
2025-09-23 23:23:40 [http-nio-8081-exec-7] WARN  o.s.w.s.m.m.a.ExceptionHandlerExceptionResolver - Failure in @ExceptionHandler com.middleware.backend.exception.GlobalExceptionHandler#handleGenericException(Exception)
org.springframework.web.HttpMediaTypeNotAcceptableException: No acceptable representation
	at org.springframework.web.servlet.mvc.method.annotation.AbstractMessageConverterMethodProcessor.writeWithMessageConverters(AbstractMessageConverterMethodProcessor.java:291)
	at org.springframework.web.servlet.mvc.method.annotation.HttpEntityMethodProcessor.handleReturnValue(HttpEntityMethodProcessor.java:263)
	at org.springframework.web.method.support.HandlerMethodReturnValueHandlerComposite.handleReturnValue(HandlerMethodReturnValueHandlerComposite.java:78)
	at org.springframework.web.servlet.mvc.method.annotation.ServletInvocableHandlerMethod.invokeAndHandle(ServletInvocableHandlerMethod.java:136)
	at org.springframework.web.servlet.mvc.method.annotation.ExceptionHandlerExceptionResolver.doResolveHandlerMethodException(ExceptionHandlerExceptionResolver.java:471)
	at org.springframework.web.servlet.handler.AbstractHandlerMethodExceptionResolver.doResolveException(AbstractHandlerMethodExceptionResolver.java:73)
	at org.springframework.web.servlet.handler.AbstractHandlerExceptionResolver.resolveException(AbstractHandlerExceptionResolver.java:182)
	at org.springframework.web.servlet.handler.HandlerExceptionResolverComposite.resolveException(HandlerExceptionResolverComposite.java:80)
	at org.springframework.web.servlet.DispatcherServlet.processHandlerException(DispatcherServlet.java:1359)
	at org.springframework.web.servlet.DispatcherServlet.processDispatchResult(DispatcherServlet.java:1161)
	at org.springframework.web.servlet.DispatcherServlet.doDispatch(DispatcherServlet.java:1106)
	at org.springframework.web.servlet.DispatcherServlet.doService(DispatcherServlet.java:979)
	at org.springframework.web.servlet.FrameworkServlet.processRequest(FrameworkServlet.java:1014)
	at org.springframework.web.servlet.FrameworkServlet.doGet(FrameworkServlet.java:903)
	at jakarta.servlet.http.HttpServlet.service(HttpServlet.java:564)
	at org.springframework.web.servlet.FrameworkServlet.service(FrameworkServlet.java:885)
	at jakarta.servlet.http.HttpServlet.service(HttpServlet.java:658)
	at org.apache.catalina.core.ApplicationFilterChain.internalDoFilter(ApplicationFilterChain.java:195)
	at org.apache.catalina.core.ApplicationFilterChain.doFilter(ApplicationFilterChain.java:140)
	at org.apache.tomcat.websocket.server.WsFilter.doFilter(WsFilter.java:51)
	at org.apache.catalina.core.ApplicationFilterChain.internalDoFilter(ApplicationFilterChain.java:164)
	at org.apache.catalina.core.ApplicationFilterChain.doFilter(ApplicationFilterChain.java:140)
	at org.springframework.web.filter.AbstractRequestLoggingFilter.doFilterInternal(AbstractRequestLoggingFilter.java:289)
	at org.springframework.web.filter.OncePerRequestFilter.doFilter(OncePerRequestFilter.java:116)
	at org.apache.catalina.core.ApplicationFilterChain.internalDoFilter(ApplicationFilterChain.java:164)
	at org.apache.catalina.core.ApplicationFilterChain.doFilter(ApplicationFilterChain.java:140)
	at org.springframework.web.filter.OncePerRequestFilter.doFilter(OncePerRequestFilter.java:110)
	at org.apache.catalina.core.ApplicationFilterChain.internalDoFilter(ApplicationFilterChain.java:164)
	at org.apache.catalina.core.ApplicationFilterChain.doFilter(ApplicationFilterChain.java:140)
	at com.middleware.backend.throttling.config.GlobalRateLimitFilter.doFilter(GlobalRateLimitFilter.java:169)
	at org.apache.catalina.core.ApplicationFilterChain.internalDoFilter(ApplicationFilterChain.java:164)
	at org.apache.catalina.core.ApplicationFilterChain.doFilter(ApplicationFilterChain.java:140)
	at com.middleware.backend.audit_logs_interceptor.config.RequestLoggingFilter.doFilter(RequestLoggingFilter.java:71)
	at org.apache.catalina.core.ApplicationFilterChain.internalDoFilter(ApplicationFilterChain.java:164)
	at org.apache.catalina.core.ApplicationFilterChain.doFilter(ApplicationFilterChain.java:140)
	at org.springframework.web.filter.CompositeFilter$VirtualFilterChain.doFilter(CompositeFilter.java:108)
	at org.springframework.security.web.FilterChainProxy.lambda$doFilterInternal$3(FilterChainProxy.java:231)
	at org.springframework.security.web.ObservationFilterChainDecorator$FilterObservation$SimpleFilterObservation.lambda$wrap$1(ObservationFilterChainDecorator.java:479)
	at org.springframework.security.web.ObservationFilterChainDecorator$AroundFilterObservation$SimpleAroundFilterObservation.lambda$wrap$1(ObservationFilterChainDecorator.java:340)
	at org.springframework.security.web.ObservationFilterChainDecorator.lambda$wrapSecured$0(ObservationFilterChainDecorator.java:82)
	at org.springframework.security.web.ObservationFilterChainDecorator$VirtualFilterChain.doFilter(ObservationFilterChainDecorator.java:128)
	at org.springframework.security.web.access.intercept.AuthorizationFilter.doFilter(AuthorizationFilter.java:101)
	at org.springframework.security.web.ObservationFilterChainDecorator$ObservationFilter.wrapFilter(ObservationFilterChainDecorator.java:240)
	at org.springframework.security.web.ObservationFilterChainDecorator$ObservationFilter.doFilter(ObservationFilterChainDecorator.java:227)
	at org.springframework.security.web.ObservationFilterChainDecorator$VirtualFilterChain.doFilter(ObservationFilterChainDecorator.java:137)
	at org.springframework.security.web.access.ExceptionTranslationFilter.doFilter(ExceptionTranslationFilter.java:126)
	at org.springframework.security.web.access.ExceptionTranslationFilter.doFilter(ExceptionTranslationFilter.java:120)
	at org.springframework.security.web.ObservationFilterChainDecorator$ObservationFilter.wrapFilter(ObservationFilterChainDecorator.java:240)
	at org.springframework.security.web.ObservationFilterChainDecorator$ObservationFilter.doFilter(ObservationFilterChainDecorator.java:227)
	at org.springframework.security.web.ObservationFilterChainDecorator$VirtualFilterChain.doFilter(ObservationFilterChainDecorator.java:137)
	at org.springframework.security.web.session.SessionManagementFilter.doFilter(SessionManagementFilter.java:131)
	at org.springframework.security.web.session.SessionManagementFilter.doFilter(SessionManagementFilter.java:85)
	at org.springframework.security.web.ObservationFilterChainDecorator$ObservationFilter.wrapFilter(ObservationFilterChainDecorator.java:240)
	at org.springframework.security.web.ObservationFilterChainDecorator$ObservationFilter.doFilter(ObservationFilterChainDecorator.java:227)
	at org.springframework.security.web.ObservationFilterChainDecorator$VirtualFilterChain.doFilter(ObservationFilterChainDecorator.java:137)
	at org.springframework.security.web.authentication.AnonymousAuthenticationFilter.doFilter(AnonymousAuthenticationFilter.java:100)
	at org.springframework.security.web.ObservationFilterChainDecorator$ObservationFilter.wrapFilter(ObservationFilterChainDecorator.java:240)
	at org.springframework.security.web.ObservationFilterChainDecorator$ObservationFilter.doFilter(ObservationFilterChainDecorator.java:227)
	at org.springframework.security.web.ObservationFilterChainDecorator$VirtualFilterChain.doFilter(ObservationFilterChainDecorator.java:137)
	at org.springframework.security.web.servletapi.SecurityContextHolderAwareRequestFilter.doFilter(SecurityContextHolderAwareRequestFilter.java:179)
	at org.springframework.security.web.ObservationFilterChainDecorator$ObservationFilter.wrapFilter(ObservationFilterChainDecorator.java:240)
	at org.springframework.security.web.ObservationFilterChainDecorator$ObservationFilter.doFilter(ObservationFilterChainDecorator.java:227)
	at org.springframework.security.web.ObservationFilterChainDecorator$VirtualFilterChain.doFilter(ObservationFilterChainDecorator.java:137)
	at org.springframework.security.web.savedrequest.RequestCacheAwareFilter.doFilter(RequestCacheAwareFilter.java:63)
	at org.springframework.security.web.ObservationFilterChainDecorator$ObservationFilter.wrapFilter(ObservationFilterChainDecorator.java:240)
	at org.springframework.security.web.ObservationFilterChainDecorator$ObservationFilter.doFilter(ObservationFilterChainDecorator.java:227)
	at org.springframework.security.web.ObservationFilterChainDecorator$VirtualFilterChain.doFilter(ObservationFilterChainDecorator.java:137)
	at com.middleware.backend.users.config.JwtRequestFilter.doFilterInternal(JwtRequestFilter.java:120)
	at org.springframework.web.filter.OncePerRequestFilter.doFilter(OncePerRequestFilter.java:116)
	at org.springframework.security.web.ObservationFilterChainDecorator$ObservationFilter.wrapFilter(ObservationFilterChainDecorator.java:240)
	at org.springframework.security.web.ObservationFilterChainDecorator$ObservationFilter.doFilter(ObservationFilterChainDecorator.java:227)
	at org.springframework.security.web.ObservationFilterChainDecorator$VirtualFilterChain.doFilter(ObservationFilterChainDecorator.java:137)
	at org.springframework.security.web.authentication.logout.LogoutFilter.doFilter(LogoutFilter.java:107)
	at org.springframework.security.web.authentication.logout.LogoutFilter.doFilter(LogoutFilter.java:93)
	at org.springframework.security.web.ObservationFilterChainDecorator$ObservationFilter.wrapFilter(ObservationFilterChainDecorator.java:240)
	at org.springframework.security.web.ObservationFilterChainDecorator$ObservationFilter.doFilter(ObservationFilterChainDecorator.java:227)
	at org.springframework.security.web.ObservationFilterChainDecorator$VirtualFilterChain.doFilter(ObservationFilterChainDecorator.java:137)
	at org.springframework.web.filter.CorsFilter.doFilterInternal(CorsFilter.java:91)
	at org.springframework.web.filter.OncePerRequestFilter.doFilter(OncePerRequestFilter.java:116)
	at org.springframework.security.web.ObservationFilterChainDecorator$ObservationFilter.wrapFilter(ObservationFilterChainDecorator.java:240)
	at org.springframework.security.web.ObservationFilterChainDecorator$ObservationFilter.doFilter(ObservationFilterChainDecorator.java:227)
	at org.springframework.security.web.ObservationFilterChainDecorator$VirtualFilterChain.doFilter(ObservationFilterChainDecorator.java:137)
	at org.springframework.security.web.header.HeaderWriterFilter.doHeadersAfter(HeaderWriterFilter.java:90)
	at org.springframework.security.web.header.HeaderWriterFilter.doFilterInternal(HeaderWriterFilter.java:75)
	at org.springframework.web.filter.OncePerRequestFilter.doFilter(OncePerRequestFilter.java:116)
	at org.springframework.security.web.ObservationFilterChainDecorator$ObservationFilter.wrapFilter(ObservationFilterChainDecorator.java:240)
	at org.springframework.security.web.ObservationFilterChainDecorator$ObservationFilter.doFilter(ObservationFilterChainDecorator.java:227)
	at org.springframework.security.web.ObservationFilterChainDecorator$VirtualFilterChain.doFilter(ObservationFilterChainDecorator.java:137)
	at org.springframework.security.web.context.SecurityContextHolderFilter.doFilter(SecurityContextHolderFilter.java:82)
	at org.springframework.security.web.context.SecurityContextHolderFilter.doFilter(SecurityContextHolderFilter.java:69)
	at org.springframework.security.web.ObservationFilterChainDecorator$ObservationFilter.wrapFilter(ObservationFilterChainDecorator.java:240)
	at org.springframework.security.web.ObservationFilterChainDecorator$ObservationFilter.doFilter(ObservationFilterChainDecorator.java:227)
	at org.springframework.security.web.ObservationFilterChainDecorator$VirtualFilterChain.doFilter(ObservationFilterChainDecorator.java:137)
	at org.springframework.security.web.context.request.async.WebAsyncManagerIntegrationFilter.doFilterInternal(WebAsyncManagerIntegrationFilter.java:62)
	at org.springframework.web.filter.OncePerRequestFilter.doFilter(OncePerRequestFilter.java:116)
	at org.springframework.security.web.ObservationFilterChainDecorator$ObservationFilter.wrapFilter(ObservationFilterChainDecorator.java:240)
	at org.springframework.security.web.ObservationFilterChainDecorator$ObservationFilter.doFilter(ObservationFilterChainDecorator.java:227)
	at org.springframework.security.web.ObservationFilterChainDecorator$VirtualFilterChain.doFilter(ObservationFilterChainDecorator.java:137)
	at org.springframework.security.web.session.DisableEncodeUrlFilter.doFilterInternal(DisableEncodeUrlFilter.java:42)
	at org.springframework.web.filter.OncePerRequestFilter.doFilter(OncePerRequestFilter.java:116)
	at org.springframework.security.web.ObservationFilterChainDecorator$ObservationFilter.wrapFilter(ObservationFilterChainDecorator.java:240)
	at org.springframework.security.web.ObservationFilterChainDecorator$AroundFilterObservation$SimpleAroundFilterObservation.lambda$wrap$0(ObservationFilterChainDecorator.java:323)
	at org.springframework.security.web.ObservationFilterChainDecorator$ObservationFilter.doFilter(ObservationFilterChainDecorator.java:224)
	at org.springframework.security.web.ObservationFilterChainDecorator$VirtualFilterChain.doFilter(ObservationFilterChainDecorator.java:137)
	at org.springframework.security.web.FilterChainProxy.doFilterInternal(FilterChainProxy.java:233)
	at org.springframework.security.web.FilterChainProxy.doFilter(FilterChainProxy.java:191)
	at org.springframework.web.filter.CompositeFilter$VirtualFilterChain.doFilter(CompositeFilter.java:113)
	at org.springframework.web.servlet.handler.HandlerMappingIntrospector.lambda$createCacheFilter$3(HandlerMappingIntrospector.java:243)
	at org.springframework.web.filter.CompositeFilter$VirtualFilterChain.doFilter(CompositeFilter.java:113)
	at org.springframework.web.filter.CompositeFilter.doFilter(CompositeFilter.java:74)
	at org.springframework.security.config.annotation.web.configuration.WebMvcSecurityConfiguration$CompositeFilterChainProxy.doFilter(WebMvcSecurityConfiguration.java:238)
	at org.springframework.web.filter.DelegatingFilterProxy.invokeDelegate(DelegatingFilterProxy.java:362)
	at org.springframework.web.filter.DelegatingFilterProxy.doFilter(DelegatingFilterProxy.java:278)
	at org.apache.catalina.core.ApplicationFilterChain.internalDoFilter(ApplicationFilterChain.java:164)
	at org.apache.catalina.core.ApplicationFilterChain.doFilter(ApplicationFilterChain.java:140)
	at org.springframework.web.filter.RequestContextFilter.doFilterInternal(RequestContextFilter.java:100)
	at org.springframework.web.filter.OncePerRequestFilter.doFilter(OncePerRequestFilter.java:116)
	at org.apache.catalina.core.ApplicationFilterChain.internalDoFilter(ApplicationFilterChain.java:164)
	at org.apache.catalina.core.ApplicationFilterChain.doFilter(ApplicationFilterChain.java:140)
	at org.springframework.web.filter.FormContentFilter.doFilterInternal(FormContentFilter.java:93)
	at org.springframework.web.filter.OncePerRequestFilter.doFilter(OncePerRequestFilter.java:116)
	at org.apache.catalina.core.ApplicationFilterChain.internalDoFilter(ApplicationFilterChain.java:164)
	at org.apache.catalina.core.ApplicationFilterChain.doFilter(ApplicationFilterChain.java:140)
	at org.springframework.web.filter.ServerHttpObservationFilter.doFilterInternal(ServerHttpObservationFilter.java:114)
	at org.springframework.web.filter.OncePerRequestFilter.doFilter(OncePerRequestFilter.java:116)
	at org.apache.catalina.core.ApplicationFilterChain.internalDoFilter(ApplicationFilterChain.java:164)
	at org.apache.catalina.core.ApplicationFilterChain.doFilter(ApplicationFilterChain.java:140)
	at org.springframework.web.filter.CharacterEncodingFilter.doFilterInternal(CharacterEncodingFilter.java:201)
	at org.springframework.web.filter.OncePerRequestFilter.doFilter(OncePerRequestFilter.java:116)
	at org.apache.catalina.core.ApplicationFilterChain.internalDoFilter(ApplicationFilterChain.java:164)
	at org.apache.catalina.core.ApplicationFilterChain.doFilter(ApplicationFilterChain.java:140)
	at org.apache.catalina.core.StandardWrapperValve.invoke(StandardWrapperValve.java:167)
	at org.apache.catalina.core.StandardContextValve.invoke(StandardContextValve.java:90)
	at org.apache.catalina.authenticator.AuthenticatorBase.invoke(AuthenticatorBase.java:483)
	at org.apache.catalina.core.StandardHostValve.invoke(StandardHostValve.java:115)
	at org.apache.catalina.valves.ErrorReportValve.invoke(ErrorReportValve.java:93)
	at org.apache.catalina.core.StandardEngineValve.invoke(StandardEngineValve.java:74)
	at org.apache.catalina.connector.CoyoteAdapter.service(CoyoteAdapter.java:344)
	at org.apache.coyote.http11.Http11Processor.service(Http11Processor.java:397)
	at org.apache.coyote.AbstractProcessorLight.process(AbstractProcessorLight.java:63)
	at org.apache.coyote.AbstractProtocol$ConnectionHandler.process(AbstractProtocol.java:905)
	at org.apache.tomcat.util.net.NioEndpoint$SocketProcessor.doRun(NioEndpoint.java:1743)
	at org.apache.tomcat.util.net.SocketProcessorBase.run(SocketProcessorBase.java:52)
	at org.apache.tomcat.util.threads.ThreadPoolExecutor.runWorker(ThreadPoolExecutor.java:1190)
	at org.apache.tomcat.util.threads.ThreadPoolExecutor$Worker.run(ThreadPoolExecutor.java:659)
	at org.apache.tomcat.util.threads.TaskThread$WrappingRunnable.run(TaskThread.java:63)
	at java.base/java.lang.Thread.run(Thread.java:1575)
2025-09-23 23:23:40 [http-nio-8081-exec-7] WARN  o.s.w.s.m.s.DefaultHandlerExceptionResolver - Resolved [org.springframework.web.HttpMediaTypeNotAcceptableException: No acceptable representation]
2025-09-23 23:23:40 [http-nio-8081-exec-7] DEBUG o.s.web.servlet.DispatcherServlet - Completed 406 NOT_ACCEPTABLE
2025-09-23 23:23:40 [http-nio-8081-exec-7] DEBUG o.a.camel.spring.SpringCamelContext - onApplicationEvent: ServletRequestHandledEvent: url=[/api/admin/integration-mappings/export]; client=[0:0:0:0:0:0:0:1]; method=[GET]; status=[406]; servlet=[dispatcherServlet]; session=[null]; user=[admin@mail.com]; time=[135ms]
2025-09-23 23:23:40 [http-nio-8081-exec-7] DEBUG o.s.w.f.CommonsRequestLoggingFilter - After request [GET /api/admin/integration-mappings/export?sort=integratedApiId%2Casc, client=0:0:0:0:0:0:0:1, user=admin@mail.com]
2025-09-23 23:23:41 [http-nio-8081-exec-7] DEBUG o.a.camel.spring.SpringCamelContext - onApplicationEvent: org.springframework.security.authorization.event.AuthorizationDeniedEvent[source=SecurityContextHolderAwareRequestWrapper[ FirewalledRequest[ org.apache.catalina.core.ApplicationHttpRequest@6cdfb562]]]
2025-09-23 23:23:45 [scheduling-1] INFO  c.m.b.k.service.DynamicRouteService - Starting route status sync with Camel context
2025-09-23 23:23:45 [scheduling-1] INFO  c.m.b.k.service.DynamicRouteService - Completed route status sync
2025-09-23 23:23:53 [http-nio-8081-exec-8] DEBUG o.s.w.f.CommonsRequestLoggingFilter - Before request [POST /api/auth/login, client=0:0:0:0:0:0:0:1]
2025-09-23 23:23:53 [http-nio-8081-exec-8] DEBUG o.s.web.servlet.DispatcherServlet - POST "/api/auth/login", parameters={}
2025-09-23 23:23:53 [http-nio-8081-exec-8] DEBUG o.s.w.s.m.m.a.RequestMappingHandlerMapping - Mapped to com.middleware.backend.users.auth.AuthController#login(AuthRequest)
2025-09-23 23:23:53 [http-nio-8081-exec-8] DEBUG o.s.w.s.m.m.a.RequestResponseBodyMethodProcessor - Read "application/json;charset=UTF-8" to [AuthController.AuthRequest(email=admin@mail.com, password=S123@2321)]
2025-09-23 23:23:54 [http-nio-8081-exec-8] DEBUG o.a.camel.spring.SpringCamelContext - onApplicationEvent: org.springframework.security.authentication.event.AuthenticationFailureBadCredentialsEvent[source=UsernamePasswordAuthenticationToken [Principal=admin@mail.com, Credentials=[PROTECTED], Authenticated=false, Details=null, Granted Authorities=[]]]
2025-09-23 23:23:54 [http-nio-8081-exec-8] DEBUG o.s.w.s.m.m.a.ExceptionHandlerExceptionResolver - Using @ExceptionHandler com.middleware.backend.exception.GlobalExceptionHandler#handleRuntimeException(RuntimeException)
2025-09-23 23:23:54 [http-nio-8081-exec-8] DEBUG o.s.w.s.m.m.a.HttpEntityMethodProcessor - Using 'application/json', given [*/*] and supported [application/json, application/*+json, application/yaml]
2025-09-23 23:23:54 [http-nio-8081-exec-8] DEBUG o.s.w.s.m.m.a.HttpEntityMethodProcessor - Writing [{message=Bad credentials, timestamp=2025-09-23T23:23:54.359368700}]
2025-09-23 23:23:54 [http-nio-8081-exec-8] DEBUG o.s.w.s.m.m.a.ExceptionHandlerExceptionResolver - Resolved [org.springframework.security.authentication.BadCredentialsException: Bad credentials]
2025-09-23 23:23:54 [http-nio-8081-exec-8] DEBUG o.s.web.servlet.DispatcherServlet - Completed 400 BAD_REQUEST
2025-09-23 23:23:54 [http-nio-8081-exec-8] DEBUG o.a.camel.spring.SpringCamelContext - onApplicationEvent: ServletRequestHandledEvent: url=[/api/auth/login]; client=[0:0:0:0:0:0:0:1]; method=[POST]; status=[400]; servlet=[dispatcherServlet]; session=[null]; user=[null]; time=[514ms]
2025-09-23 23:23:54 [http-nio-8081-exec-8] DEBUG o.s.w.f.CommonsRequestLoggingFilter - After request [POST /api/auth/login, client=0:0:0:0:0:0:0:1, payload={"email":"admin@mail.com","password":"S123@2321"}]
2025-09-23 23:24:02 [http-nio-8081-exec-9] DEBUG o.s.w.f.CommonsRequestLoggingFilter - Before request [POST /api/auth/login, client=0:0:0:0:0:0:0:1]
2025-09-23 23:24:02 [http-nio-8081-exec-9] DEBUG o.s.web.servlet.DispatcherServlet - POST "/api/auth/login", parameters={}
2025-09-23 23:24:02 [http-nio-8081-exec-9] DEBUG o.s.w.s.m.m.a.RequestMappingHandlerMapping - Mapped to com.middleware.backend.users.auth.AuthController#login(AuthRequest)
2025-09-23 23:24:02 [http-nio-8081-exec-9] DEBUG o.s.w.s.m.m.a.RequestResponseBodyMethodProcessor - Read "application/json;charset=UTF-8" to [AuthController.AuthRequest(email=admin@mail.com, password=S123@231)]
2025-09-23 23:24:03 [http-nio-8081-exec-9] DEBUG o.a.camel.spring.SpringCamelContext - onApplicationEvent: org.springframework.security.authentication.event.AuthenticationSuccessEvent[source=UsernamePasswordAuthenticationToken [Principal=org.springframework.security.core.userdetails.User [Username=admin@mail.com, Password=[PROTECTED], Enabled=true, AccountNonExpired=true, CredentialsNonExpired=true, AccountNonLocked=true, Granted Authorities=[ROLE_ADMIN, auditLogs:export, auditLogs:view, dhis2:edit, dhis2:view, dynamicRoutes:create, dynamicRoutes:delete, dynamicRoutes:edit, dynamicRoutes:export, dynamicRoutes:revert, dynamicRoutes:start, dynamicRoutes:stop, dynamicRoutes:test, dynamicRoutes:validate, dynamicRoutes:view, dynamicRoutesLogs:export, dynamicRoutesLogs:view, errorCategories:create, errorCategories:edit, errorCategories:export, errorCategories:view, errorMappings:create, errorMappings:edit, errorMappings:export, errorMappings:view, integrationMapping:create, integrationMapping:delete, integrationMapping:edit, integrationMapping:export, integrationMapping:view, jobExecutionLogs:export, jobExecutionLogs:view, middlewareLogs:export, middlewareLogs:retry, middlewareLogs:view, role:create, role:view, routePermissions:edit, routePermissions:view, scheduledJobs:create, scheduledJobs:delete, scheduledJobs:edit, scheduledJobs:export, scheduledJobs:pause, scheduledJobs:resume, scheduledJobs:test, scheduledJobs:view, scheduledJobsLogs:export, scheduledJobsLogs:view, sourceSystems:create, sourceSystems:edit, sourceSystems:export, sourceSystems:view, throttling:edit, throttling:view, user:activate, user:create, user:delete, user:edit, user:generate-token, user:view, user:viewByRole, userPermissions:edit, userPermissions:view]], Credentials=[PROTECTED], Authenticated=true, Details=null, Granted Authorities=[ROLE_ADMIN, auditLogs:export, auditLogs:view, dhis2:edit, dhis2:view, dynamicRoutes:create, dynamicRoutes:delete, dynamicRoutes:edit, dynamicRoutes:export, dynamicRoutes:revert, dynamicRoutes:start, dynamicRoutes:stop, dynamicRoutes:test, dynamicRoutes:validate, dynamicRoutes:view, dynamicRoutesLogs:export, dynamicRoutesLogs:view, errorCategories:create, errorCategories:edit, errorCategories:export, errorCategories:view, errorMappings:create, errorMappings:edit, errorMappings:export, errorMappings:view, integrationMapping:create, integrationMapping:delete, integrationMapping:edit, integrationMapping:export, integrationMapping:view, jobExecutionLogs:export, jobExecutionLogs:view, middlewareLogs:export, middlewareLogs:retry, middlewareLogs:view, role:create, role:view, routePermissions:edit, routePermissions:view, scheduledJobs:create, scheduledJobs:delete, scheduledJobs:edit, scheduledJobs:export, scheduledJobs:pause, scheduledJobs:resume, scheduledJobs:test, scheduledJobs:view, scheduledJobsLogs:export, scheduledJobsLogs:view, sourceSystems:create, sourceSystems:edit, sourceSystems:export, sourceSystems:view, throttling:edit, throttling:view, user:activate, user:create, user:delete, user:edit, user:generate-token, user:view, user:viewByRole, userPermissions:edit, userPermissions:view]]]
2025-09-23 23:24:03 [http-nio-8081-exec-9] DEBUG o.s.w.s.m.m.a.HttpEntityMethodProcessor - Using 'application/json', given [*/*] and supported [application/json, application/*+json, application/yaml]
2025-09-23 23:24:03 [http-nio-8081-exec-9] DEBUG o.s.w.s.m.m.a.HttpEntityMethodProcessor - Writing [AuthController.AuthResponse(token=eyJhbGciOiJIUzI1NiJ9.eyJzdWIiOiJhZG1pbkBtYWlsLmNvbSIsImlhdCI6MTc1O (truncated)...]
2025-09-23 23:24:03 [http-nio-8081-exec-9] DEBUG o.s.web.servlet.DispatcherServlet - Completed 200 OK
2025-09-23 23:24:03 [http-nio-8081-exec-9] DEBUG o.a.camel.spring.SpringCamelContext - onApplicationEvent: ServletRequestHandledEvent: url=[/api/auth/login]; client=[0:0:0:0:0:0:0:1]; method=[POST]; status=[200]; servlet=[dispatcherServlet]; session=[null]; user=[null]; time=[1172ms]
2025-09-23 23:24:03 [http-nio-8081-exec-9] DEBUG o.s.w.f.CommonsRequestLoggingFilter - After request [POST /api/auth/login, client=0:0:0:0:0:0:0:1, payload={"email":"admin@mail.com","password":"S123@231"}]
2025-09-23 23:24:08 [http-nio-8081-exec-10] INFO  c.m.b.k.service.DynamicRouteService - Fetching active routes with pagination
2025-09-23 23:24:08 [http-nio-8081-exec-1] INFO  c.m.b.k.service.DynamicRouteService - Fetching active routes with pagination
2025-09-23 23:24:08 [http-nio-8081-exec-1] DEBUG o.s.w.f.CommonsRequestLoggingFilter - Before request [GET /api/admin/integration-mappings?page=0&size=10, client=0:0:0:0:0:0:0:1, user=admin@mail.com]
2025-09-23 23:24:08 [http-nio-8081-exec-1] DEBUG o.s.web.servlet.DispatcherServlet - GET "/api/admin/integration-mappings?page=0&size=10", parameters={masked}
2025-09-23 23:24:08 [http-nio-8081-exec-1] DEBUG o.s.w.s.m.m.a.RequestMappingHandlerMapping - Mapped to com.middleware.backend.kaotocamel.controller.IntegrationMappingAdminController#findAll(String, Long, String, String, Boolean, int, int, String[])
2025-09-23 23:24:08 [http-nio-8081-exec-10] DEBUG o.s.w.f.CommonsRequestLoggingFilter - Before request [GET /api/admin/integrated-apis?size=1000&isActive=true, client=0:0:0:0:0:0:0:1, user=admin@mail.com]
2025-09-23 23:24:08 [http-nio-8081-exec-10] DEBUG o.s.web.servlet.DispatcherServlet - GET "/api/admin/integrated-apis?size=1000&isActive=true", parameters={masked}
2025-09-23 23:24:08 [http-nio-8081-exec-10] DEBUG o.s.w.s.m.m.a.RequestMappingHandlerMapping - Mapped to com.middleware.backend.kaotocamel.controller.IntegratedApiController#findAll(String, String, String, String, Boolean, int, int, String[])
2025-09-23 23:24:08 [http-nio-8081-exec-1] DEBUG o.s.w.s.m.m.a.HttpEntityMethodProcessor - Using 'application/json', given [application/json] and supported [application/json, application/*+json, application/yaml]
2025-09-23 23:24:08 [http-nio-8081-exec-1] DEBUG o.s.w.s.m.m.a.HttpEntityMethodProcessor - Writing [Page 1 of 1 containing com.middleware.backend.kaotocamel.dto.IntegrationMappingDto instances]
2025-09-23 23:24:08 [http-nio-8081-exec-1] DEBUG o.s.web.servlet.DispatcherServlet - Completed 200 OK
2025-09-23 23:24:08 [http-nio-8081-exec-1] DEBUG o.a.camel.spring.SpringCamelContext - onApplicationEvent: ServletRequestHandledEvent: url=[/api/admin/integration-mappings]; client=[0:0:0:0:0:0:0:1]; method=[GET]; status=[200]; servlet=[dispatcherServlet]; session=[null]; user=[admin@mail.com]; time=[127ms]
2025-09-23 23:24:08 [http-nio-8081-exec-1] DEBUG o.s.w.f.CommonsRequestLoggingFilter - After request [GET /api/admin/integration-mappings?page=0&size=10, client=0:0:0:0:0:0:0:1, user=admin@mail.com]
2025-09-23 23:24:08 [http-nio-8081-exec-10] DEBUG o.s.w.s.m.m.a.HttpEntityMethodProcessor - Using 'application/json', given [application/json] and supported [application/json, application/*+json, application/yaml]
2025-09-23 23:24:08 [http-nio-8081-exec-10] DEBUG o.s.w.s.m.m.a.HttpEntityMethodProcessor - Writing [Page 1 of 1 containing com.middleware.backend.kaotocamel.dto.IntegratedApiDto instances]
2025-09-23 23:24:08 [http-nio-8081-exec-10] DEBUG o.s.web.servlet.DispatcherServlet - Completed 200 OK
2025-09-23 23:24:08 [http-nio-8081-exec-10] DEBUG o.a.camel.spring.SpringCamelContext - onApplicationEvent: ServletRequestHandledEvent: url=[/api/admin/integrated-apis]; client=[0:0:0:0:0:0:0:1]; method=[GET]; status=[200]; servlet=[dispatcherServlet]; session=[null]; user=[admin@mail.com]; time=[219ms]
2025-09-23 23:24:08 [http-nio-8081-exec-10] DEBUG o.s.w.f.CommonsRequestLoggingFilter - After request [GET /api/admin/integrated-apis?size=1000&isActive=true, client=0:0:0:0:0:0:0:1, user=admin@mail.com]
2025-09-23 23:24:15 [scheduling-1] INFO  c.m.b.k.service.DynamicRouteService - Starting route status sync with Camel context
2025-09-23 23:24:15 [scheduling-1] INFO  c.m.b.k.service.DynamicRouteService - Completed route status sync
2025-09-23 23:24:45 [scheduling-1] INFO  c.m.b.k.service.DynamicRouteService - Starting route status sync with Camel context
2025-09-23 23:24:45 [scheduling-1] INFO  c.m.b.k.service.DynamicRouteService - Completed route status sync
2025-09-23 23:25:15 [scheduling-1] INFO  c.m.b.k.service.DynamicRouteService - Starting route status sync with Camel context
2025-09-23 23:25:15 [scheduling-1] INFO  c.m.b.k.service.DynamicRouteService - Completed route status sync
2025-09-23 23:25:45 [scheduling-1] INFO  c.m.b.k.service.DynamicRouteService - Starting route status sync with Camel context
2025-09-23 23:25:45 [scheduling-1] INFO  c.m.b.k.service.DynamicRouteService - Completed route status sync
2025-09-23 23:26:15 [scheduling-1] INFO  c.m.b.k.service.DynamicRouteService - Starting route status sync with Camel context
2025-09-23 23:26:15 [scheduling-1] INFO  c.m.b.k.service.DynamicRouteService - Completed route status sync
2025-09-23 23:26:18 [http-nio-8081-exec-4] INFO  c.m.b.k.service.DynamicRouteService - Fetching active routes with pagination
2025-09-23 23:26:18 [http-nio-8081-exec-4] DEBUG o.s.w.f.CommonsRequestLoggingFilter - Before request [GET /api/admin/integration-mappings?page=0&size=10, client=0:0:0:0:0:0:0:1, user=admin@mail.com]
2025-09-23 23:26:18 [http-nio-8081-exec-4] DEBUG o.s.web.servlet.DispatcherServlet - GET "/api/admin/integration-mappings?page=0&size=10", parameters={masked}
2025-09-23 23:26:18 [http-nio-8081-exec-4] DEBUG o.s.w.s.m.m.a.RequestMappingHandlerMapping - Mapped to com.middleware.backend.kaotocamel.controller.IntegrationMappingAdminController#findAll(String, Long, String, String, Boolean, int, int, String[])
2025-09-23 23:26:18 [http-nio-8081-exec-4] DEBUG o.s.w.s.m.m.a.HttpEntityMethodProcessor - Using 'application/json', given [application/json] and supported [application/json, application/*+json, application/yaml]
2025-09-23 23:26:18 [http-nio-8081-exec-4] DEBUG o.s.w.s.m.m.a.HttpEntityMethodProcessor - Writing [Page 1 of 1 containing com.middleware.backend.kaotocamel.dto.IntegrationMappingDto instances]
2025-09-23 23:26:18 [http-nio-8081-exec-4] DEBUG o.s.web.servlet.DispatcherServlet - Completed 200 OK
2025-09-23 23:26:18 [http-nio-8081-exec-4] DEBUG o.a.camel.spring.SpringCamelContext - onApplicationEvent: ServletRequestHandledEvent: url=[/api/admin/integration-mappings]; client=[0:0:0:0:0:0:0:1]; method=[GET]; status=[200]; servlet=[dispatcherServlet]; session=[null]; user=[admin@mail.com]; time=[124ms]
2025-09-23 23:26:18 [http-nio-8081-exec-4] DEBUG o.s.w.f.CommonsRequestLoggingFilter - After request [GET /api/admin/integration-mappings?page=0&size=10, client=0:0:0:0:0:0:0:1, user=admin@mail.com]
2025-09-23 23:26:45 [scheduling-1] INFO  c.m.b.k.service.DynamicRouteService - Starting route status sync with Camel context
2025-09-23 23:26:45 [scheduling-1] INFO  c.m.b.k.service.DynamicRouteService - Completed route status sync
2025-09-23 23:27:15 [scheduling-1] INFO  c.m.b.k.service.DynamicRouteService - Starting route status sync with Camel context
2025-09-23 23:27:15 [scheduling-1] INFO  c.m.b.k.service.DynamicRouteService - Completed route status sync
2025-09-23 23:27:45 [scheduling-1] INFO  c.m.b.k.service.DynamicRouteService - Starting route status sync with Camel context
2025-09-23 23:27:45 [scheduling-1] INFO  c.m.b.k.service.DynamicRouteService - Completed route status sync
2025-09-23 23:28:15 [scheduling-1] INFO  c.m.b.k.service.DynamicRouteService - Starting route status sync with Camel context
2025-09-23 23:28:15 [scheduling-1] INFO  c.m.b.k.service.DynamicRouteService - Completed route status sync
2025-09-23 23:28:45 [scheduling-1] INFO  c.m.b.k.service.DynamicRouteService - Starting route status sync with Camel context
2025-09-23 23:28:45 [scheduling-1] INFO  c.m.b.k.service.DynamicRouteService - Completed route status sync
2025-09-23 23:29:15 [scheduling-1] INFO  c.m.b.k.service.DynamicRouteService - Starting route status sync with Camel context
2025-09-23 23:29:15 [scheduling-1] INFO  c.m.b.k.service.DynamicRouteService - Completed route status sync
2025-09-23 23:29:44 [http-nio-8081-exec-7] INFO  c.m.b.k.service.DynamicRouteService - Fetching active routes with pagination
2025-09-23 23:29:44 [http-nio-8081-exec-7] DEBUG o.s.w.f.CommonsRequestLoggingFilter - Before request [GET /api/admin/integration-mappings/5, client=0:0:0:0:0:0:0:1, user=admin@mail.com]
2025-09-23 23:29:44 [http-nio-8081-exec-7] DEBUG o.s.web.servlet.DispatcherServlet - GET "/api/admin/integration-mappings/5", parameters={}
2025-09-23 23:29:44 [http-nio-8081-exec-7] DEBUG o.s.w.s.m.m.a.RequestMappingHandlerMapping - Mapped to com.middleware.backend.kaotocamel.controller.IntegrationMappingAdminController#findById(Long)
2025-09-23 23:29:44 [http-nio-8081-exec-7] DEBUG o.s.w.s.m.m.a.HttpEntityMethodProcessor - Using 'application/json', given [application/json] and supported [application/json, application/*+json, application/yaml]
2025-09-23 23:29:44 [http-nio-8081-exec-7] DEBUG o.s.w.s.m.m.a.HttpEntityMethodProcessor - Writing [IntegrationMappingDto(id=5, middlewareApiName=/healthmap, integratedApiId=1, integratedApiCode=HEALT (truncated)...]
2025-09-23 23:29:44 [http-nio-8081-exec-7] DEBUG o.s.web.servlet.DispatcherServlet - Completed 200 OK
2025-09-23 23:29:44 [http-nio-8081-exec-7] DEBUG o.a.camel.spring.SpringCamelContext - onApplicationEvent: ServletRequestHandledEvent: url=[/api/admin/integration-mappings/5]; client=[0:0:0:0:0:0:0:1]; method=[GET]; status=[200]; servlet=[dispatcherServlet]; session=[null]; user=[admin@mail.com]; time=[99ms]
2025-09-23 23:29:44 [http-nio-8081-exec-7] DEBUG o.s.w.f.CommonsRequestLoggingFilter - After request [GET /api/admin/integration-mappings/5, client=0:0:0:0:0:0:0:1, user=admin@mail.com]
2025-09-23 23:29:45 [scheduling-1] INFO  c.m.b.k.service.DynamicRouteService - Starting route status sync with Camel context
2025-09-23 23:29:45 [scheduling-1] INFO  c.m.b.k.service.DynamicRouteService - Completed route status sync
2025-09-23 23:29:55 [http-nio-8081-exec-9] INFO  c.m.b.k.service.DynamicRouteService - Fetching active routes with pagination
2025-09-23 23:29:56 [http-nio-8081-exec-9] DEBUG o.s.w.f.CommonsRequestLoggingFilter - Before request [PUT /api/admin/integration-mappings/5, client=0:0:0:0:0:0:0:1, user=admin@mail.com]
2025-09-23 23:29:56 [http-nio-8081-exec-9] DEBUG o.s.web.servlet.DispatcherServlet - PUT "/api/admin/integration-mappings/5", parameters={}
2025-09-23 23:29:56 [http-nio-8081-exec-9] DEBUG o.s.w.s.m.m.a.RequestMappingHandlerMapping - Mapped to com.middleware.backend.kaotocamel.controller.IntegrationMappingAdminController#update(Long, IntegrationMappingRequestDto)
2025-09-23 23:29:56 [http-nio-8081-exec-9] DEBUG o.s.w.s.m.m.a.RequestResponseBodyMethodProcessor - Read "application/json;charset=UTF-8" to [IntegrationMappingRequestDto(middlewareApiName=/healthmap, integratedApiId=1, mappingType=INDICATOR, (truncated)...]
2025-09-23 23:29:56 [http-nio-8081-exec-9] INFO  c.m.b.k.s.IntegrationMappingService - Updating integration mapping: 5
2025-09-23 23:29:56 [http-nio-8081-exec-9] INFO  c.m.b.k.s.IntegrationMappingService - Updated integration mapping: 5
2025-09-23 23:29:56 [http-nio-8081-exec-9] INFO  c.m.b.k.c.IntegrationMappingAdminController - Updated integration mapping: 5
2025-09-23 23:29:56 [http-nio-8081-exec-9] DEBUG o.s.w.s.m.m.a.HttpEntityMethodProcessor - Using 'application/json', given [application/json] and supported [application/json, application/*+json, application/yaml]
2025-09-23 23:29:56 [http-nio-8081-exec-9] DEBUG o.s.w.s.m.m.a.HttpEntityMethodProcessor - Writing [IntegrationMappingDto(id=5, middlewareApiName=/healthmap, integratedApiId=1, integratedApiCode=HEALT (truncated)...]
2025-09-23 23:29:56 [http-nio-8081-exec-9] DEBUG o.s.web.servlet.DispatcherServlet - Completed 200 OK
2025-09-23 23:29:56 [http-nio-8081-exec-9] DEBUG o.a.camel.spring.SpringCamelContext - onApplicationEvent: ServletRequestHandledEvent: url=[/api/admin/integration-mappings/5]; client=[0:0:0:0:0:0:0:1]; method=[PUT]; status=[200]; servlet=[dispatcherServlet]; session=[null]; user=[admin@mail.com]; time=[184ms]
2025-09-23 23:29:56 [http-nio-8081-exec-9] DEBUG o.s.w.f.CommonsRequestLoggingFilter - After request [PUT /api/admin/integration-mappings/5, client=0:0:0:0:0:0:0:1, user=admin@mail.com, payload={"middlewareApiName":"/healthmap","integratedApiId":1,"mappingType":"INDICATOR","data":"XT0h5EGwdf9","externalKey":"gp_0_1_female_indicator","isActive":true,"notes":"مؤشر الإناث 0"}]
2025-09-23 23:29:56 [http-nio-8081-exec-1] INFO  c.m.b.k.service.DynamicRouteService - Fetching active routes with pagination
2025-09-23 23:29:56 [http-nio-8081-exec-1] DEBUG o.s.w.f.CommonsRequestLoggingFilter - Before request [GET /api/admin/integration-mappings?page=0&size=10, client=0:0:0:0:0:0:0:1, user=admin@mail.com]
2025-09-23 23:29:56 [http-nio-8081-exec-1] DEBUG o.s.web.servlet.DispatcherServlet - GET "/api/admin/integration-mappings?page=0&size=10", parameters={masked}
2025-09-23 23:29:56 [http-nio-8081-exec-1] DEBUG o.s.w.s.m.m.a.RequestMappingHandlerMapping - Mapped to com.middleware.backend.kaotocamel.controller.IntegrationMappingAdminController#findAll(String, Long, String, String, Boolean, int, int, String[])
2025-09-23 23:29:56 [http-nio-8081-exec-1] DEBUG o.s.w.s.m.m.a.HttpEntityMethodProcessor - Using 'application/json', given [application/json] and supported [application/json, application/*+json, application/yaml]
2025-09-23 23:29:56 [http-nio-8081-exec-1] DEBUG o.s.w.s.m.m.a.HttpEntityMethodProcessor - Writing [Page 1 of 1 containing com.middleware.backend.kaotocamel.dto.IntegrationMappingDto instances]
2025-09-23 23:29:56 [http-nio-8081-exec-1] DEBUG o.s.web.servlet.DispatcherServlet - Completed 200 OK
2025-09-23 23:29:56 [http-nio-8081-exec-1] DEBUG o.a.camel.spring.SpringCamelContext - onApplicationEvent: ServletRequestHandledEvent: url=[/api/admin/integration-mappings]; client=[0:0:0:0:0:0:0:1]; method=[GET]; status=[200]; servlet=[dispatcherServlet]; session=[null]; user=[admin@mail.com]; time=[67ms]
2025-09-23 23:29:56 [http-nio-8081-exec-1] DEBUG o.s.w.f.CommonsRequestLoggingFilter - After request [GET /api/admin/integration-mappings?page=0&size=10, client=0:0:0:0:0:0:0:1, user=admin@mail.com]
2025-09-23 23:30:15 [scheduling-1] INFO  c.m.b.k.service.DynamicRouteService - Starting route status sync with Camel context
2025-09-23 23:30:15 [scheduling-1] INFO  c.m.b.k.service.DynamicRouteService - Completed route status sync
2025-09-23 23:30:26 [http-nio-8081-exec-10] INFO  c.m.b.k.service.DynamicRouteService - Fetching active routes with pagination
2025-09-23 23:30:26 [http-nio-8081-exec-2] INFO  c.m.b.k.service.DynamicRouteService - Fetching active routes with pagination
2025-09-23 23:30:27 [http-nio-8081-exec-10] DEBUG o.s.w.f.CommonsRequestLoggingFilter - Before request [GET /api/admin/integrated-apis?size=1000&isActive=true, client=0:0:0:0:0:0:0:1, user=admin@mail.com]
2025-09-23 23:30:27 [http-nio-8081-exec-10] DEBUG o.s.web.servlet.DispatcherServlet - GET "/api/admin/integrated-apis?size=1000&isActive=true", parameters={masked}
2025-09-23 23:30:27 [http-nio-8081-exec-10] DEBUG o.s.w.s.m.m.a.RequestMappingHandlerMapping - Mapped to com.middleware.backend.kaotocamel.controller.IntegratedApiController#findAll(String, String, String, String, Boolean, int, int, String[])
2025-09-23 23:30:27 [http-nio-8081-exec-2] DEBUG o.s.w.f.CommonsRequestLoggingFilter - Before request [GET /api/admin/integration-mappings?page=0&size=10, client=0:0:0:0:0:0:0:1, user=admin@mail.com]
2025-09-23 23:30:27 [http-nio-8081-exec-2] DEBUG o.s.web.servlet.DispatcherServlet - GET "/api/admin/integration-mappings?page=0&size=10", parameters={masked}
2025-09-23 23:30:27 [http-nio-8081-exec-2] DEBUG o.s.w.s.m.m.a.RequestMappingHandlerMapping - Mapped to com.middleware.backend.kaotocamel.controller.IntegrationMappingAdminController#findAll(String, Long, String, String, Boolean, int, int, String[])
2025-09-23 23:30:27 [http-nio-8081-exec-10] DEBUG o.s.w.s.m.m.a.HttpEntityMethodProcessor - Using 'application/json', given [application/json] and supported [application/json, application/*+json, application/yaml]
2025-09-23 23:30:27 [http-nio-8081-exec-10] DEBUG o.s.w.s.m.m.a.HttpEntityMethodProcessor - Writing [Page 1 of 1 containing com.middleware.backend.kaotocamel.dto.IntegratedApiDto instances]
2025-09-23 23:30:27 [http-nio-8081-exec-10] DEBUG o.s.web.servlet.DispatcherServlet - Completed 200 OK
2025-09-23 23:30:27 [http-nio-8081-exec-10] DEBUG o.a.camel.spring.SpringCamelContext - onApplicationEvent: ServletRequestHandledEvent: url=[/api/admin/integrated-apis]; client=[0:0:0:0:0:0:0:1]; method=[GET]; status=[200]; servlet=[dispatcherServlet]; session=[null]; user=[admin@mail.com]; time=[129ms]
2025-09-23 23:30:27 [http-nio-8081-exec-10] DEBUG o.s.w.f.CommonsRequestLoggingFilter - After request [GET /api/admin/integrated-apis?size=1000&isActive=true, client=0:0:0:0:0:0:0:1, user=admin@mail.com]
2025-09-23 23:30:27 [http-nio-8081-exec-2] DEBUG o.s.w.s.m.m.a.HttpEntityMethodProcessor - Using 'application/json', given [application/json] and supported [application/json, application/*+json, application/yaml]
2025-09-23 23:30:27 [http-nio-8081-exec-2] DEBUG o.s.w.s.m.m.a.HttpEntityMethodProcessor - Writing [Page 1 of 1 containing com.middleware.backend.kaotocamel.dto.IntegrationMappingDto instances]
2025-09-23 23:30:27 [http-nio-8081-exec-2] DEBUG o.s.web.servlet.DispatcherServlet - Completed 200 OK
2025-09-23 23:30:27 [http-nio-8081-exec-2] DEBUG o.a.camel.spring.SpringCamelContext - onApplicationEvent: ServletRequestHandledEvent: url=[/api/admin/integration-mappings]; client=[0:0:0:0:0:0:0:1]; method=[GET]; status=[200]; servlet=[dispatcherServlet]; session=[null]; user=[admin@mail.com]; time=[204ms]
2025-09-23 23:30:27 [http-nio-8081-exec-2] DEBUG o.s.w.f.CommonsRequestLoggingFilter - After request [GET /api/admin/integration-mappings?page=0&size=10, client=0:0:0:0:0:0:0:1, user=admin@mail.com]
2025-09-23 23:30:39 [http-nio-8081-exec-4] INFO  c.m.b.k.service.DynamicRouteService - Fetching active routes with pagination
2025-09-23 23:30:39 [http-nio-8081-exec-3] INFO  c.m.b.k.service.DynamicRouteService - Fetching active routes with pagination
2025-09-23 23:30:39 [http-nio-8081-exec-4] DEBUG o.s.w.f.CommonsRequestLoggingFilter - Before request [GET /api/admin/integration-mappings?page=0&size=10, client=0:0:0:0:0:0:0:1, user=admin@mail.com]
2025-09-23 23:30:39 [http-nio-8081-exec-4] DEBUG o.s.web.servlet.DispatcherServlet - GET "/api/admin/integration-mappings?page=0&size=10", parameters={masked}
2025-09-23 23:30:39 [http-nio-8081-exec-4] DEBUG o.s.w.s.m.m.a.RequestMappingHandlerMapping - Mapped to com.middleware.backend.kaotocamel.controller.IntegrationMappingAdminController#findAll(String, Long, String, String, Boolean, int, int, String[])
2025-09-23 23:30:39 [http-nio-8081-exec-3] DEBUG o.s.w.f.CommonsRequestLoggingFilter - Before request [GET /api/admin/integrated-apis?size=1000&isActive=true, client=0:0:0:0:0:0:0:1, user=admin@mail.com]
2025-09-23 23:30:39 [http-nio-8081-exec-3] DEBUG o.s.web.servlet.DispatcherServlet - GET "/api/admin/integrated-apis?size=1000&isActive=true", parameters={masked}
2025-09-23 23:30:39 [http-nio-8081-exec-3] DEBUG o.s.w.s.m.m.a.RequestMappingHandlerMapping - Mapped to com.middleware.backend.kaotocamel.controller.IntegratedApiController#findAll(String, String, String, String, Boolean, int, int, String[])
2025-09-23 23:30:39 [http-nio-8081-exec-4] DEBUG o.s.w.s.m.m.a.HttpEntityMethodProcessor - Using 'application/json', given [application/json] and supported [application/json, application/*+json, application/yaml]
2025-09-23 23:30:39 [http-nio-8081-exec-4] DEBUG o.s.w.s.m.m.a.HttpEntityMethodProcessor - Writing [Page 1 of 1 containing com.middleware.backend.kaotocamel.dto.IntegrationMappingDto instances]
2025-09-23 23:30:39 [http-nio-8081-exec-4] DEBUG o.s.web.servlet.DispatcherServlet - Completed 200 OK
2025-09-23 23:30:39 [http-nio-8081-exec-4] DEBUG o.a.camel.spring.SpringCamelContext - onApplicationEvent: ServletRequestHandledEvent: url=[/api/admin/integration-mappings]; client=[0:0:0:0:0:0:0:1]; method=[GET]; status=[200]; servlet=[dispatcherServlet]; session=[null]; user=[admin@mail.com]; time=[91ms]
2025-09-23 23:30:39 [http-nio-8081-exec-4] DEBUG o.s.w.f.CommonsRequestLoggingFilter - After request [GET /api/admin/integration-mappings?page=0&size=10, client=0:0:0:0:0:0:0:1, user=admin@mail.com]
2025-09-23 23:30:39 [http-nio-8081-exec-3] DEBUG o.s.w.s.m.m.a.HttpEntityMethodProcessor - Using 'application/json', given [application/json] and supported [application/json, application/*+json, application/yaml]
2025-09-23 23:30:39 [http-nio-8081-exec-3] DEBUG o.s.w.s.m.m.a.HttpEntityMethodProcessor - Writing [Page 1 of 1 containing com.middleware.backend.kaotocamel.dto.IntegratedApiDto instances]
2025-09-23 23:30:39 [http-nio-8081-exec-3] DEBUG o.s.web.servlet.DispatcherServlet - Completed 200 OK
2025-09-23 23:30:39 [http-nio-8081-exec-3] DEBUG o.a.camel.spring.SpringCamelContext - onApplicationEvent: ServletRequestHandledEvent: url=[/api/admin/integrated-apis]; client=[0:0:0:0:0:0:0:1]; method=[GET]; status=[200]; servlet=[dispatcherServlet]; session=[null]; user=[admin@mail.com]; time=[89ms]
2025-09-23 23:30:39 [http-nio-8081-exec-3] DEBUG o.s.w.f.CommonsRequestLoggingFilter - After request [GET /api/admin/integrated-apis?size=1000&isActive=true, client=0:0:0:0:0:0:0:1, user=admin@mail.com]
2025-09-23 23:30:45 [scheduling-1] INFO  c.m.b.k.service.DynamicRouteService - Starting route status sync with Camel context
2025-09-23 23:30:45 [scheduling-1] INFO  c.m.b.k.service.DynamicRouteService - Completed route status sync
2025-09-23 23:31:03 [http-nio-8081-exec-6] INFO  c.m.b.k.service.DynamicRouteService - Fetching active routes with pagination
2025-09-23 23:31:03 [http-nio-8081-exec-5] INFO  c.m.b.k.service.DynamicRouteService - Fetching active routes with pagination
2025-09-23 23:31:03 [http-nio-8081-exec-6] DEBUG o.s.w.f.CommonsRequestLoggingFilter - Before request [GET /api/admin/integration-mappings?page=0&size=10, client=0:0:0:0:0:0:0:1, user=admin@mail.com]
2025-09-23 23:31:03 [http-nio-8081-exec-6] DEBUG o.s.web.servlet.DispatcherServlet - GET "/api/admin/integration-mappings?page=0&size=10", parameters={masked}
2025-09-23 23:31:03 [http-nio-8081-exec-6] DEBUG o.s.w.s.m.m.a.RequestMappingHandlerMapping - Mapped to com.middleware.backend.kaotocamel.controller.IntegrationMappingAdminController#findAll(String, Long, String, String, Boolean, int, int, String[])
2025-09-23 23:31:03 [http-nio-8081-exec-5] DEBUG o.s.w.f.CommonsRequestLoggingFilter - Before request [GET /api/admin/integrated-apis?size=1000&isActive=true, client=0:0:0:0:0:0:0:1, user=admin@mail.com]
2025-09-23 23:31:03 [http-nio-8081-exec-5] DEBUG o.s.web.servlet.DispatcherServlet - GET "/api/admin/integrated-apis?size=1000&isActive=true", parameters={masked}
2025-09-23 23:31:03 [http-nio-8081-exec-5] DEBUG o.s.w.s.m.m.a.RequestMappingHandlerMapping - Mapped to com.middleware.backend.kaotocamel.controller.IntegratedApiController#findAll(String, String, String, String, Boolean, int, int, String[])
2025-09-23 23:31:03 [http-nio-8081-exec-6] DEBUG o.s.w.s.m.m.a.HttpEntityMethodProcessor - Using 'application/json', given [application/json] and supported [application/json, application/*+json, application/yaml]
2025-09-23 23:31:03 [http-nio-8081-exec-6] DEBUG o.s.w.s.m.m.a.HttpEntityMethodProcessor - Writing [Page 1 of 1 containing com.middleware.backend.kaotocamel.dto.IntegrationMappingDto instances]
2025-09-23 23:31:03 [http-nio-8081-exec-6] DEBUG o.s.web.servlet.DispatcherServlet - Completed 200 OK
2025-09-23 23:31:03 [http-nio-8081-exec-6] DEBUG o.a.camel.spring.SpringCamelContext - onApplicationEvent: ServletRequestHandledEvent: url=[/api/admin/integration-mappings]; client=[0:0:0:0:0:0:0:1]; method=[GET]; status=[200]; servlet=[dispatcherServlet]; session=[null]; user=[admin@mail.com]; time=[88ms]
2025-09-23 23:31:03 [http-nio-8081-exec-6] DEBUG o.s.w.f.CommonsRequestLoggingFilter - After request [GET /api/admin/integration-mappings?page=0&size=10, client=0:0:0:0:0:0:0:1, user=admin@mail.com]
2025-09-23 23:31:03 [http-nio-8081-exec-5] DEBUG o.s.w.s.m.m.a.HttpEntityMethodProcessor - Using 'application/json', given [application/json] and supported [application/json, application/*+json, application/yaml]
2025-09-23 23:31:03 [http-nio-8081-exec-5] DEBUG o.s.w.s.m.m.a.HttpEntityMethodProcessor - Writing [Page 1 of 1 containing com.middleware.backend.kaotocamel.dto.IntegratedApiDto instances]
2025-09-23 23:31:03 [http-nio-8081-exec-5] DEBUG o.s.web.servlet.DispatcherServlet - Completed 200 OK
2025-09-23 23:31:03 [http-nio-8081-exec-5] DEBUG o.a.camel.spring.SpringCamelContext - onApplicationEvent: ServletRequestHandledEvent: url=[/api/admin/integrated-apis]; client=[0:0:0:0:0:0:0:1]; method=[GET]; status=[200]; servlet=[dispatcherServlet]; session=[null]; user=[admin@mail.com]; time=[213ms]
2025-09-23 23:31:03 [http-nio-8081-exec-5] DEBUG o.s.w.f.CommonsRequestLoggingFilter - After request [GET /api/admin/integrated-apis?size=1000&isActive=true, client=0:0:0:0:0:0:0:1, user=admin@mail.com]
2025-09-23 23:31:15 [scheduling-1] INFO  c.m.b.k.service.DynamicRouteService - Starting route status sync with Camel context
2025-09-23 23:31:15 [scheduling-1] INFO  c.m.b.k.service.DynamicRouteService - Completed route status sync
2025-09-23 23:31:45 [scheduling-1] INFO  c.m.b.k.service.DynamicRouteService - Starting route status sync with Camel context
2025-09-23 23:31:45 [scheduling-1] INFO  c.m.b.k.service.DynamicRouteService - Completed route status sync
2025-09-23 23:32:00 [quartzScheduler_Worker-1] DEBUG o.s.web.client.RestTemplate - HTTP GET https://api.example.com/endpoint
2025-09-23 23:32:00 [quartzScheduler_Worker-1] DEBUG o.s.web.client.RestTemplate - Accept=[text/plain, application/json, application/yaml, application/*+json, */*]
2025-09-23 23:32:00 [quartzScheduler_Worker-1] DEBUG o.s.web.client.RestTemplate - Writing [] as "application/json"
2025-09-23 23:32:15 [scheduling-1] INFO  c.m.b.k.service.DynamicRouteService - Starting route status sync with Camel context
2025-09-23 23:32:15 [scheduling-1] INFO  c.m.b.k.service.DynamicRouteService - Completed route status sync
2025-09-23 23:32:37 [http-nio-8081-exec-9] INFO  c.m.b.k.service.DynamicRouteService - Fetching active routes with pagination
2025-09-23 23:32:37 [http-nio-8081-exec-1] INFO  c.m.b.k.service.DynamicRouteService - Fetching active routes with pagination
2025-09-23 23:32:37 [http-nio-8081-exec-9] DEBUG o.s.w.f.CommonsRequestLoggingFilter - Before request [GET /api/admin/integrated-apis?size=1000&isActive=true, client=0:0:0:0:0:0:0:1, user=admin@mail.com]
2025-09-23 23:32:37 [http-nio-8081-exec-9] DEBUG o.s.web.servlet.DispatcherServlet - GET "/api/admin/integrated-apis?size=1000&isActive=true", parameters={masked}
2025-09-23 23:32:37 [http-nio-8081-exec-9] DEBUG o.s.w.s.m.m.a.RequestMappingHandlerMapping - Mapped to com.middleware.backend.kaotocamel.controller.IntegratedApiController#findAll(String, String, String, String, Boolean, int, int, String[])
2025-09-23 23:32:37 [http-nio-8081-exec-9] DEBUG o.s.w.s.m.m.a.HttpEntityMethodProcessor - Using 'application/json', given [application/json] and supported [application/json, application/*+json, application/yaml]
2025-09-23 23:32:37 [http-nio-8081-exec-9] DEBUG o.s.w.s.m.m.a.HttpEntityMethodProcessor - Writing [Page 1 of 1 containing com.middleware.backend.kaotocamel.dto.IntegratedApiDto instances]
2025-09-23 23:32:37 [http-nio-8081-exec-9] DEBUG o.s.web.servlet.DispatcherServlet - Completed 200 OK
2025-09-23 23:32:37 [http-nio-8081-exec-9] DEBUG o.a.camel.spring.SpringCamelContext - onApplicationEvent: ServletRequestHandledEvent: url=[/api/admin/integrated-apis]; client=[0:0:0:0:0:0:0:1]; method=[GET]; status=[200]; servlet=[dispatcherServlet]; session=[null]; user=[admin@mail.com]; time=[95ms]
2025-09-23 23:32:37 [http-nio-8081-exec-9] DEBUG o.s.w.f.CommonsRequestLoggingFilter - After request [GET /api/admin/integrated-apis?size=1000&isActive=true, client=0:0:0:0:0:0:0:1, user=admin@mail.com]
2025-09-23 23:32:37 [http-nio-8081-exec-1] DEBUG o.s.w.f.CommonsRequestLoggingFilter - Before request [GET /api/admin/integration-mappings?page=0&size=10, client=0:0:0:0:0:0:0:1, user=admin@mail.com]
2025-09-23 23:32:37 [http-nio-8081-exec-1] DEBUG o.s.web.servlet.DispatcherServlet - GET "/api/admin/integration-mappings?page=0&size=10", parameters={masked}
2025-09-23 23:32:37 [http-nio-8081-exec-1] DEBUG o.s.w.s.m.m.a.RequestMappingHandlerMapping - Mapped to com.middleware.backend.kaotocamel.controller.IntegrationMappingAdminController#findAll(String, Long, String, String, Boolean, int, int, String[])
2025-09-23 23:32:37 [http-nio-8081-exec-1] DEBUG o.s.w.s.m.m.a.HttpEntityMethodProcessor - Using 'application/json', given [application/json] and supported [application/json, application/*+json, application/yaml]
2025-09-23 23:32:37 [http-nio-8081-exec-1] DEBUG o.s.w.s.m.m.a.HttpEntityMethodProcessor - Writing [Page 1 of 1 containing com.middleware.backend.kaotocamel.dto.IntegrationMappingDto instances]
2025-09-23 23:32:37 [http-nio-8081-exec-1] DEBUG o.s.web.servlet.DispatcherServlet - Completed 200 OK
2025-09-23 23:32:37 [http-nio-8081-exec-1] DEBUG o.a.camel.spring.SpringCamelContext - onApplicationEvent: ServletRequestHandledEvent: url=[/api/admin/integration-mappings]; client=[0:0:0:0:0:0:0:1]; method=[GET]; status=[200]; servlet=[dispatcherServlet]; session=[null]; user=[admin@mail.com]; time=[247ms]
2025-09-23 23:32:37 [http-nio-8081-exec-1] DEBUG o.s.w.f.CommonsRequestLoggingFilter - After request [GET /api/admin/integration-mappings?page=0&size=10, client=0:0:0:0:0:0:0:1, user=admin@mail.com]
2025-09-23 23:32:45 [scheduling-1] INFO  c.m.b.k.service.DynamicRouteService - Starting route status sync with Camel context
2025-09-23 23:32:45 [scheduling-1] INFO  c.m.b.k.service.DynamicRouteService - Completed route status sync
2025-09-23 23:33:15 [scheduling-1] INFO  c.m.b.k.service.DynamicRouteService - Starting route status sync with Camel context
2025-09-23 23:33:15 [scheduling-1] INFO  c.m.b.k.service.DynamicRouteService - Completed route status sync
2025-09-23 23:33:45 [scheduling-1] INFO  c.m.b.k.service.DynamicRouteService - Starting route status sync with Camel context
2025-09-23 23:33:45 [scheduling-1] INFO  c.m.b.k.service.DynamicRouteService - Completed route status sync
2025-09-23 23:34:15 [scheduling-1] INFO  c.m.b.k.service.DynamicRouteService - Starting route status sync with Camel context
2025-09-23 23:34:15 [scheduling-1] INFO  c.m.b.k.service.DynamicRouteService - Completed route status sync
2025-09-23 23:34:45 [scheduling-1] INFO  c.m.b.k.service.DynamicRouteService - Starting route status sync with Camel context
2025-09-23 23:34:45 [scheduling-1] INFO  c.m.b.k.service.DynamicRouteService - Completed route status sync
2025-09-23 23:35:15 [scheduling-1] INFO  c.m.b.k.service.DynamicRouteService - Starting route status sync with Camel context
2025-09-23 23:35:15 [scheduling-1] INFO  c.m.b.k.service.DynamicRouteService - Completed route status sync
2025-09-23 23:35:45 [scheduling-1] INFO  c.m.b.k.service.DynamicRouteService - Starting route status sync with Camel context
2025-09-23 23:35:45 [scheduling-1] INFO  c.m.b.k.service.DynamicRouteService - Completed route status sync
2025-09-23 23:36:15 [scheduling-1] INFO  c.m.b.k.service.DynamicRouteService - Starting route status sync with Camel context
2025-09-23 23:36:15 [scheduling-1] INFO  c.m.b.k.service.DynamicRouteService - Completed route status sync
2025-09-23 23:36:45 [scheduling-1] INFO  c.m.b.k.service.DynamicRouteService - Starting route status sync with Camel context
2025-09-23 23:36:45 [scheduling-1] INFO  c.m.b.k.service.DynamicRouteService - Completed route status sync
2025-09-23 23:37:15 [scheduling-1] INFO  c.m.b.k.service.DynamicRouteService - Starting route status sync with Camel context
2025-09-23 23:37:15 [scheduling-1] INFO  c.m.b.k.service.DynamicRouteService - Completed route status sync
2025-09-23 23:37:45 [scheduling-1] INFO  c.m.b.k.service.DynamicRouteService - Starting route status sync with Camel context
2025-09-23 23:37:45 [scheduling-1] INFO  c.m.b.k.service.DynamicRouteService - Completed route status sync
2025-09-23 23:38:06 [http-nio-8081-exec-4] INFO  c.m.b.k.service.DynamicRouteService - Fetching active routes with pagination
2025-09-23 23:38:06 [http-nio-8081-exec-3] INFO  c.m.b.k.service.DynamicRouteService - Fetching active routes with pagination
2025-09-23 23:38:06 [http-nio-8081-exec-4] DEBUG o.s.w.f.CommonsRequestLoggingFilter - Before request [GET /api/admin/integrated-apis?size=1000&isActive=true, client=0:0:0:0:0:0:0:1, user=admin@mail.com]
2025-09-23 23:38:06 [http-nio-8081-exec-4] DEBUG o.s.web.servlet.DispatcherServlet - GET "/api/admin/integrated-apis?size=1000&isActive=true", parameters={masked}
2025-09-23 23:38:06 [http-nio-8081-exec-4] DEBUG o.s.w.s.m.m.a.RequestMappingHandlerMapping - Mapped to com.middleware.backend.kaotocamel.controller.IntegratedApiController#findAll(String, String, String, String, Boolean, int, int, String[])
2025-09-23 23:38:06 [http-nio-8081-exec-3] DEBUG o.s.w.f.CommonsRequestLoggingFilter - Before request [GET /api/admin/integration-mappings?page=0&size=10, client=0:0:0:0:0:0:0:1, user=admin@mail.com]
2025-09-23 23:38:06 [http-nio-8081-exec-3] DEBUG o.s.web.servlet.DispatcherServlet - GET "/api/admin/integration-mappings?page=0&size=10", parameters={masked}
2025-09-23 23:38:06 [http-nio-8081-exec-3] DEBUG o.s.w.s.m.m.a.RequestMappingHandlerMapping - Mapped to com.middleware.backend.kaotocamel.controller.IntegrationMappingAdminController#findAll(String, Long, String, String, Boolean, int, int, String[])
2025-09-23 23:38:07 [http-nio-8081-exec-4] DEBUG o.s.w.s.m.m.a.HttpEntityMethodProcessor - Using 'application/json', given [application/json] and supported [application/json, application/*+json, application/yaml]
2025-09-23 23:38:07 [http-nio-8081-exec-4] DEBUG o.s.w.s.m.m.a.HttpEntityMethodProcessor - Writing [Page 1 of 1 containing com.middleware.backend.kaotocamel.dto.IntegratedApiDto instances]
2025-09-23 23:38:07 [http-nio-8081-exec-4] DEBUG o.s.web.servlet.DispatcherServlet - Completed 200 OK
2025-09-23 23:38:07 [http-nio-8081-exec-4] DEBUG o.a.camel.spring.SpringCamelContext - onApplicationEvent: ServletRequestHandledEvent: url=[/api/admin/integrated-apis]; client=[0:0:0:0:0:0:0:1]; method=[GET]; status=[200]; servlet=[dispatcherServlet]; session=[null]; user=[admin@mail.com]; time=[126ms]
2025-09-23 23:38:07 [http-nio-8081-exec-4] DEBUG o.s.w.f.CommonsRequestLoggingFilter - After request [GET /api/admin/integrated-apis?size=1000&isActive=true, client=0:0:0:0:0:0:0:1, user=admin@mail.com]
2025-09-23 23:38:07 [http-nio-8081-exec-3] DEBUG o.s.w.s.m.m.a.HttpEntityMethodProcessor - Using 'application/json', given [application/json] and supported [application/json, application/*+json, application/yaml]
2025-09-23 23:38:07 [http-nio-8081-exec-3] DEBUG o.s.w.s.m.m.a.HttpEntityMethodProcessor - Writing [Page 1 of 1 containing com.middleware.backend.kaotocamel.dto.IntegrationMappingDto instances]
2025-09-23 23:38:07 [http-nio-8081-exec-3] DEBUG o.s.web.servlet.DispatcherServlet - Completed 200 OK
2025-09-23 23:38:07 [http-nio-8081-exec-3] DEBUG o.a.camel.spring.SpringCamelContext - onApplicationEvent: ServletRequestHandledEvent: url=[/api/admin/integration-mappings]; client=[0:0:0:0:0:0:0:1]; method=[GET]; status=[200]; servlet=[dispatcherServlet]; session=[null]; user=[admin@mail.com]; time=[118ms]
2025-09-23 23:38:07 [http-nio-8081-exec-3] DEBUG o.s.w.f.CommonsRequestLoggingFilter - After request [GET /api/admin/integration-mappings?page=0&size=10, client=0:0:0:0:0:0:0:1, user=admin@mail.com]
2025-09-23 23:38:15 [scheduling-1] INFO  c.m.b.k.service.DynamicRouteService - Starting route status sync with Camel context
2025-09-23 23:38:15 [scheduling-1] INFO  c.m.b.k.service.DynamicRouteService - Completed route status sync
2025-09-23 23:38:45 [scheduling-1] INFO  c.m.b.k.service.DynamicRouteService - Starting route status sync with Camel context
2025-09-23 23:38:45 [scheduling-1] INFO  c.m.b.k.service.DynamicRouteService - Completed route status sync
2025-09-23 23:39:15 [scheduling-1] INFO  c.m.b.k.service.DynamicRouteService - Starting route status sync with Camel context
2025-09-23 23:39:15 [scheduling-1] INFO  c.m.b.k.service.DynamicRouteService - Completed route status sync
2025-09-23 23:39:45 [scheduling-1] INFO  c.m.b.k.service.DynamicRouteService - Starting route status sync with Camel context
2025-09-23 23:39:45 [scheduling-1] INFO  c.m.b.k.service.DynamicRouteService - Completed route status sync
2025-09-23 23:40:15 [scheduling-1] INFO  c.m.b.k.service.DynamicRouteService - Starting route status sync with Camel context
2025-09-23 23:40:15 [scheduling-1] INFO  c.m.b.k.service.DynamicRouteService - Completed route status sync
2025-09-23 23:40:25 [http-nio-8081-exec-7] INFO  c.m.b.k.service.DynamicRouteService - Fetching active routes with pagination
2025-09-23 23:40:25 [http-nio-8081-exec-7] DEBUG o.s.w.f.CommonsRequestLoggingFilter - Before request [GET /api/admin/integration-mappings?page=0&size=10&sort=id%2Casc, client=0:0:0:0:0:0:0:1, user=admin@mail.com]
2025-09-23 23:40:25 [http-nio-8081-exec-7] DEBUG o.s.web.servlet.DispatcherServlet - GET "/api/admin/integration-mappings?page=0&size=10&sort=id%2Casc", parameters={masked}
2025-09-23 23:40:25 [http-nio-8081-exec-7] DEBUG o.s.w.s.m.m.a.RequestMappingHandlerMapping - Mapped to com.middleware.backend.kaotocamel.controller.IntegrationMappingAdminController#findAll(String, Long, String, String, Boolean, int, int, String[])
2025-09-23 23:40:25 [http-nio-8081-exec-7] DEBUG o.s.w.s.m.m.a.HttpEntityMethodProcessor - Using 'application/json', given [application/json] and supported [application/json, application/*+json, application/yaml]
2025-09-23 23:40:25 [http-nio-8081-exec-7] DEBUG o.s.w.s.m.m.a.HttpEntityMethodProcessor - Writing [Page 1 of 1 containing com.middleware.backend.kaotocamel.dto.IntegrationMappingDto instances]
2025-09-23 23:40:25 [http-nio-8081-exec-7] DEBUG o.s.web.servlet.DispatcherServlet - Completed 200 OK
2025-09-23 23:40:25 [http-nio-8081-exec-7] DEBUG o.a.camel.spring.SpringCamelContext - onApplicationEvent: ServletRequestHandledEvent: url=[/api/admin/integration-mappings]; client=[0:0:0:0:0:0:0:1]; method=[GET]; status=[200]; servlet=[dispatcherServlet]; session=[null]; user=[admin@mail.com]; time=[123ms]
2025-09-23 23:40:25 [http-nio-8081-exec-7] DEBUG o.s.w.f.CommonsRequestLoggingFilter - After request [GET /api/admin/integration-mappings?page=0&size=10&sort=id%2Casc, client=0:0:0:0:0:0:0:1, user=admin@mail.com]
2025-09-23 23:40:26 [http-nio-8081-exec-1] INFO  c.m.b.k.service.DynamicRouteService - Fetching active routes with pagination
2025-09-23 23:40:27 [http-nio-8081-exec-1] DEBUG o.s.w.f.CommonsRequestLoggingFilter - Before request [GET /api/admin/integration-mappings?page=0&size=10&sort=id%2Cdesc, client=0:0:0:0:0:0:0:1, user=admin@mail.com]
2025-09-23 23:40:27 [http-nio-8081-exec-1] DEBUG o.s.web.servlet.DispatcherServlet - GET "/api/admin/integration-mappings?page=0&size=10&sort=id%2Cdesc", parameters={masked}
2025-09-23 23:40:27 [http-nio-8081-exec-1] DEBUG o.s.w.s.m.m.a.RequestMappingHandlerMapping - Mapped to com.middleware.backend.kaotocamel.controller.IntegrationMappingAdminController#findAll(String, Long, String, String, Boolean, int, int, String[])
2025-09-23 23:40:27 [http-nio-8081-exec-1] DEBUG o.s.w.s.m.m.a.HttpEntityMethodProcessor - Using 'application/json', given [application/json] and supported [application/json, application/*+json, application/yaml]
2025-09-23 23:40:27 [http-nio-8081-exec-1] DEBUG o.s.w.s.m.m.a.HttpEntityMethodProcessor - Writing [Page 1 of 1 containing com.middleware.backend.kaotocamel.dto.IntegrationMappingDto instances]
2025-09-23 23:40:27 [http-nio-8081-exec-1] DEBUG o.s.web.servlet.DispatcherServlet - Completed 200 OK
2025-09-23 23:40:27 [http-nio-8081-exec-1] DEBUG o.a.camel.spring.SpringCamelContext - onApplicationEvent: ServletRequestHandledEvent: url=[/api/admin/integration-mappings]; client=[0:0:0:0:0:0:0:1]; method=[GET]; status=[200]; servlet=[dispatcherServlet]; session=[null]; user=[admin@mail.com]; time=[120ms]
2025-09-23 23:40:27 [http-nio-8081-exec-1] DEBUG o.s.w.f.CommonsRequestLoggingFilter - After request [GET /api/admin/integration-mappings?page=0&size=10&sort=id%2Cdesc, client=0:0:0:0:0:0:0:1, user=admin@mail.com]
2025-09-23 23:40:45 [scheduling-1] INFO  c.m.b.k.service.DynamicRouteService - Starting route status sync with Camel context
2025-09-23 23:40:45 [scheduling-1] INFO  c.m.b.k.service.DynamicRouteService - Completed route status sync
2025-09-23 23:41:15 [scheduling-1] INFO  c.m.b.k.service.DynamicRouteService - Starting route status sync with Camel context
2025-09-23 23:41:15 [scheduling-1] INFO  c.m.b.k.service.DynamicRouteService - Completed route status sync
2025-09-23 23:41:45 [scheduling-1] INFO  c.m.b.k.service.DynamicRouteService - Starting route status sync with Camel context
2025-09-23 23:41:45 [scheduling-1] INFO  c.m.b.k.service.DynamicRouteService - Completed route status sync
2025-09-23 23:42:15 [scheduling-1] INFO  c.m.b.k.service.DynamicRouteService - Starting route status sync with Camel context
2025-09-23 23:42:15 [scheduling-1] INFO  c.m.b.k.service.DynamicRouteService - Completed route status sync
2025-09-23 23:42:45 [scheduling-1] INFO  c.m.b.k.service.DynamicRouteService - Starting route status sync with Camel context
2025-09-23 23:42:45 [scheduling-1] INFO  c.m.b.k.service.DynamicRouteService - Completed route status sync
2025-09-23 23:43:15 [scheduling-1] INFO  c.m.b.k.service.DynamicRouteService - Starting route status sync with Camel context
2025-09-23 23:43:15 [scheduling-1] INFO  c.m.b.k.service.DynamicRouteService - Completed route status sync
2025-09-23 23:43:45 [scheduling-1] INFO  c.m.b.k.service.DynamicRouteService - Starting route status sync with Camel context
2025-09-23 23:43:45 [scheduling-1] INFO  c.m.b.k.service.DynamicRouteService - Completed route status sync
2025-09-23 23:44:04 [http-nio-8081-exec-3] INFO  c.m.b.k.service.DynamicRouteService - Fetching active routes with pagination
2025-09-23 23:44:04 [http-nio-8081-exec-4] INFO  c.m.b.k.service.DynamicRouteService - Fetching active routes with pagination
2025-09-23 23:44:04 [http-nio-8081-exec-3] DEBUG o.s.w.f.CommonsRequestLoggingFilter - Before request [GET /api/admin/integrated-apis?size=1000, client=0:0:0:0:0:0:0:1, user=admin@mail.com]
2025-09-23 23:44:04 [http-nio-8081-exec-3] DEBUG o.s.web.servlet.DispatcherServlet - GET "/api/admin/integrated-apis?size=1000", parameters={masked}
2025-09-23 23:44:04 [http-nio-8081-exec-3] DEBUG o.s.w.s.m.m.a.RequestMappingHandlerMapping - Mapped to com.middleware.backend.kaotocamel.controller.IntegratedApiController#findAll(String, String, String, String, Boolean, int, int, String[])
2025-09-23 23:44:05 [http-nio-8081-exec-4] DEBUG o.s.w.f.CommonsRequestLoggingFilter - Before request [GET /api/admin/integration-mappings?page=0&size=10, client=0:0:0:0:0:0:0:1, user=admin@mail.com]
2025-09-23 23:44:05 [http-nio-8081-exec-4] DEBUG o.s.web.servlet.DispatcherServlet - GET "/api/admin/integration-mappings?page=0&size=10", parameters={masked}
2025-09-23 23:44:05 [http-nio-8081-exec-4] DEBUG o.s.w.s.m.m.a.RequestMappingHandlerMapping - Mapped to com.middleware.backend.kaotocamel.controller.IntegrationMappingAdminController#findAll(String, Long, String, String, Boolean, int, int, String[])
2025-09-23 23:44:05 [http-nio-8081-exec-4] DEBUG o.s.w.s.m.m.a.HttpEntityMethodProcessor - Using 'application/json', given [application/json] and supported [application/json, application/*+json, application/yaml]
2025-09-23 23:44:05 [http-nio-8081-exec-4] DEBUG o.s.w.s.m.m.a.HttpEntityMethodProcessor - Writing [Page 1 of 1 containing com.middleware.backend.kaotocamel.dto.IntegrationMappingDto instances]
2025-09-23 23:44:05 [http-nio-8081-exec-4] DEBUG o.s.web.servlet.DispatcherServlet - Completed 200 OK
2025-09-23 23:44:05 [http-nio-8081-exec-4] DEBUG o.a.camel.spring.SpringCamelContext - onApplicationEvent: ServletRequestHandledEvent: url=[/api/admin/integration-mappings]; client=[0:0:0:0:0:0:0:1]; method=[GET]; status=[200]; servlet=[dispatcherServlet]; session=[null]; user=[admin@mail.com]; time=[107ms]
2025-09-23 23:44:05 [http-nio-8081-exec-4] DEBUG o.s.w.f.CommonsRequestLoggingFilter - After request [GET /api/admin/integration-mappings?page=0&size=10, client=0:0:0:0:0:0:0:1, user=admin@mail.com]
2025-09-23 23:44:05 [http-nio-8081-exec-3] DEBUG o.s.w.s.m.m.a.HttpEntityMethodProcessor - Using 'application/json', given [application/json] and supported [application/json, application/*+json, application/yaml]
2025-09-23 23:44:05 [http-nio-8081-exec-3] DEBUG o.s.w.s.m.m.a.HttpEntityMethodProcessor - Writing [Page 1 of 1 containing com.middleware.backend.kaotocamel.dto.IntegratedApiDto instances]
2025-09-23 23:44:05 [http-nio-8081-exec-3] DEBUG o.s.web.servlet.DispatcherServlet - Completed 200 OK
2025-09-23 23:44:05 [http-nio-8081-exec-3] DEBUG o.a.camel.spring.SpringCamelContext - onApplicationEvent: ServletRequestHandledEvent: url=[/api/admin/integrated-apis]; client=[0:0:0:0:0:0:0:1]; method=[GET]; status=[200]; servlet=[dispatcherServlet]; session=[null]; user=[admin@mail.com]; time=[210ms]
2025-09-23 23:44:05 [http-nio-8081-exec-3] DEBUG o.s.w.f.CommonsRequestLoggingFilter - After request [GET /api/admin/integrated-apis?size=1000, client=0:0:0:0:0:0:0:1, user=admin@mail.com]
2025-09-23 23:44:15 [scheduling-1] INFO  c.m.b.k.service.DynamicRouteService - Starting route status sync with Camel context
2025-09-23 23:44:15 [scheduling-1] INFO  c.m.b.k.service.DynamicRouteService - Completed route status sync
2025-09-23 23:44:45 [scheduling-1] INFO  c.m.b.k.service.DynamicRouteService - Starting route status sync with Camel context
2025-09-23 23:44:45 [scheduling-1] INFO  c.m.b.k.service.DynamicRouteService - Completed route status sync
2025-09-23 23:45:15 [scheduling-1] INFO  c.m.b.k.service.DynamicRouteService - Starting route status sync with Camel context
2025-09-23 23:45:15 [scheduling-1] INFO  c.m.b.k.service.DynamicRouteService - Completed route status sync
2025-09-23 23:45:45 [scheduling-1] INFO  c.m.b.k.service.DynamicRouteService - Starting route status sync with Camel context
2025-09-23 23:45:45 [scheduling-1] INFO  c.m.b.k.service.DynamicRouteService - Completed route status sync
2025-09-23 23:46:15 [scheduling-1] INFO  c.m.b.k.service.DynamicRouteService - Starting route status sync with Camel context
2025-09-23 23:46:15 [scheduling-1] INFO  c.m.b.k.service.DynamicRouteService - Completed route status sync
2025-09-23 23:46:45 [scheduling-1] INFO  c.m.b.k.service.DynamicRouteService - Starting route status sync with Camel context
2025-09-23 23:46:45 [scheduling-1] INFO  c.m.b.k.service.DynamicRouteService - Completed route status sync
2025-09-23 23:47:15 [scheduling-1] INFO  c.m.b.k.service.DynamicRouteService - Starting route status sync with Camel context
2025-09-23 23:47:15 [scheduling-1] INFO  c.m.b.k.service.DynamicRouteService - Completed route status sync
2025-09-23 23:47:37 [http-nio-8081-exec-8] INFO  c.m.b.k.service.DynamicRouteService - Fetching active routes with pagination
2025-09-23 23:47:37 [http-nio-8081-exec-7] INFO  c.m.b.k.service.DynamicRouteService - Fetching active routes with pagination
2025-09-23 23:47:37 [http-nio-8081-exec-8] DEBUG o.s.w.f.CommonsRequestLoggingFilter - Before request [GET /api/admin/integrated-apis?size=1000&isActive=true, client=0:0:0:0:0:0:0:1, user=admin@mail.com]
2025-09-23 23:47:37 [http-nio-8081-exec-8] DEBUG o.s.web.servlet.DispatcherServlet - GET "/api/admin/integrated-apis?size=1000&isActive=true", parameters={masked}
2025-09-23 23:47:37 [http-nio-8081-exec-8] DEBUG o.s.w.s.m.m.a.RequestMappingHandlerMapping - Mapped to com.middleware.backend.kaotocamel.controller.IntegratedApiController#findAll(String, String, String, String, Boolean, int, int, String[])
2025-09-23 23:47:37 [http-nio-8081-exec-7] DEBUG o.s.w.f.CommonsRequestLoggingFilter - Before request [GET /api/admin/integration-mappings?page=0&size=10, client=0:0:0:0:0:0:0:1, user=admin@mail.com]
2025-09-23 23:47:37 [http-nio-8081-exec-7] DEBUG o.s.web.servlet.DispatcherServlet - GET "/api/admin/integration-mappings?page=0&size=10", parameters={masked}
2025-09-23 23:47:37 [http-nio-8081-exec-7] DEBUG o.s.w.s.m.m.a.RequestMappingHandlerMapping - Mapped to com.middleware.backend.kaotocamel.controller.IntegrationMappingAdminController#findAll(String, Long, String, String, Boolean, int, int, String[])
2025-09-23 23:47:37 [http-nio-8081-exec-8] DEBUG o.s.w.s.m.m.a.HttpEntityMethodProcessor - Using 'application/json', given [application/json] and supported [application/json, application/*+json, application/yaml]
2025-09-23 23:47:37 [http-nio-8081-exec-8] DEBUG o.s.w.s.m.m.a.HttpEntityMethodProcessor - Writing [Page 1 of 1 containing com.middleware.backend.kaotocamel.dto.IntegratedApiDto instances]
2025-09-23 23:47:37 [http-nio-8081-exec-8] DEBUG o.s.web.servlet.DispatcherServlet - Completed 200 OK
2025-09-23 23:47:37 [http-nio-8081-exec-8] DEBUG o.a.camel.spring.SpringCamelContext - onApplicationEvent: ServletRequestHandledEvent: url=[/api/admin/integrated-apis]; client=[0:0:0:0:0:0:0:1]; method=[GET]; status=[200]; servlet=[dispatcherServlet]; session=[null]; user=[admin@mail.com]; time=[124ms]
2025-09-23 23:47:37 [http-nio-8081-exec-8] DEBUG o.s.w.f.CommonsRequestLoggingFilter - After request [GET /api/admin/integrated-apis?size=1000&isActive=true, client=0:0:0:0:0:0:0:1, user=admin@mail.com]
2025-09-23 23:47:38 [http-nio-8081-exec-7] DEBUG o.s.w.s.m.m.a.HttpEntityMethodProcessor - Using 'application/json', given [application/json] and supported [application/json, application/*+json, application/yaml]
2025-09-23 23:47:38 [http-nio-8081-exec-7] DEBUG o.s.w.s.m.m.a.HttpEntityMethodProcessor - Writing [Page 1 of 1 containing com.middleware.backend.kaotocamel.dto.IntegrationMappingDto instances]
2025-09-23 23:47:38 [http-nio-8081-exec-7] DEBUG o.s.web.servlet.DispatcherServlet - Completed 200 OK
2025-09-23 23:47:38 [http-nio-8081-exec-7] DEBUG o.a.camel.spring.SpringCamelContext - onApplicationEvent: ServletRequestHandledEvent: url=[/api/admin/integration-mappings]; client=[0:0:0:0:0:0:0:1]; method=[GET]; status=[200]; servlet=[dispatcherServlet]; session=[null]; user=[admin@mail.com]; time=[120ms]
2025-09-23 23:47:38 [http-nio-8081-exec-7] DEBUG o.s.w.f.CommonsRequestLoggingFilter - After request [GET /api/admin/integration-mappings?page=0&size=10, client=0:0:0:0:0:0:0:1, user=admin@mail.com]
2025-09-23 23:47:45 [scheduling-1] INFO  c.m.b.k.service.DynamicRouteService - Starting route status sync with Camel context
2025-09-23 23:47:45 [scheduling-1] INFO  c.m.b.k.service.DynamicRouteService - Completed route status sync
2025-09-23 23:48:15 [scheduling-1] INFO  c.m.b.k.service.DynamicRouteService - Starting route status sync with Camel context
2025-09-23 23:48:15 [scheduling-1] INFO  c.m.b.k.service.DynamicRouteService - Completed route status sync
2025-09-23 23:48:45 [scheduling-1] INFO  c.m.b.k.service.DynamicRouteService - Starting route status sync with Camel context
2025-09-23 23:48:45 [scheduling-1] INFO  c.m.b.k.service.DynamicRouteService - Completed route status sync
2025-09-23 23:49:15 [scheduling-1] INFO  c.m.b.k.service.DynamicRouteService - Starting route status sync with Camel context
2025-09-23 23:49:15 [scheduling-1] INFO  c.m.b.k.service.DynamicRouteService - Completed route status sync
2025-09-23 23:49:45 [scheduling-1] INFO  c.m.b.k.service.DynamicRouteService - Starting route status sync with Camel context
2025-09-23 23:49:45 [scheduling-1] INFO  c.m.b.k.service.DynamicRouteService - Completed route status sync
2025-09-23 23:50:15 [scheduling-1] INFO  c.m.b.k.service.DynamicRouteService - Starting route status sync with Camel context
2025-09-23 23:50:15 [scheduling-1] INFO  c.m.b.k.service.DynamicRouteService - Completed route status sync
2025-09-23 23:50:45 [scheduling-1] INFO  c.m.b.k.service.DynamicRouteService - Starting route status sync with Camel context
2025-09-23 23:50:45 [scheduling-1] INFO  c.m.b.k.service.DynamicRouteService - Completed route status sync
2025-09-23 23:50:52 [http-nio-8081-exec-10] INFO  c.m.b.k.service.DynamicRouteService - Fetching active routes with pagination
2025-09-23 23:50:52 [http-nio-8081-exec-2] INFO  c.m.b.k.service.DynamicRouteService - Fetching active routes with pagination
2025-09-23 23:50:53 [http-nio-8081-exec-2] DEBUG o.s.w.f.CommonsRequestLoggingFilter - Before request [GET /api/admin/integrated-apis?size=1000&isActive=true, client=0:0:0:0:0:0:0:1, user=admin@mail.com]
2025-09-23 23:50:53 [http-nio-8081-exec-10] DEBUG o.s.w.f.CommonsRequestLoggingFilter - Before request [GET /api/admin/integration-mappings?page=0&size=10, client=0:0:0:0:0:0:0:1, user=admin@mail.com]
2025-09-23 23:50:53 [http-nio-8081-exec-10] DEBUG o.s.web.servlet.DispatcherServlet - GET "/api/admin/integration-mappings?page=0&size=10", parameters={masked}
2025-09-23 23:50:53 [http-nio-8081-exec-2] DEBUG o.s.web.servlet.DispatcherServlet - GET "/api/admin/integrated-apis?size=1000&isActive=true", parameters={masked}
2025-09-23 23:50:53 [http-nio-8081-exec-10] DEBUG o.s.w.s.m.m.a.RequestMappingHandlerMapping - Mapped to com.middleware.backend.kaotocamel.controller.IntegrationMappingAdminController#findAll(String, Long, String, String, Boolean, int, int, String[])
2025-09-23 23:50:53 [http-nio-8081-exec-2] DEBUG o.s.w.s.m.m.a.RequestMappingHandlerMapping - Mapped to com.middleware.backend.kaotocamel.controller.IntegratedApiController#findAll(String, String, String, String, Boolean, int, int, String[])
2025-09-23 23:50:53 [http-nio-8081-exec-2] DEBUG o.s.w.s.m.m.a.HttpEntityMethodProcessor - Using 'application/json', given [application/json] and supported [application/json, application/*+json, application/yaml]
2025-09-23 23:50:53 [http-nio-8081-exec-2] DEBUG o.s.w.s.m.m.a.HttpEntityMethodProcessor - Writing [Page 1 of 1 containing com.middleware.backend.kaotocamel.dto.IntegratedApiDto instances]
2025-09-23 23:50:53 [http-nio-8081-exec-10] DEBUG o.s.w.s.m.m.a.HttpEntityMethodProcessor - Using 'application/json', given [application/json] and supported [application/json, application/*+json, application/yaml]
2025-09-23 23:50:53 [http-nio-8081-exec-10] DEBUG o.s.w.s.m.m.a.HttpEntityMethodProcessor - Writing [Page 1 of 1 containing com.middleware.backend.kaotocamel.dto.IntegrationMappingDto instances]
2025-09-23 23:50:53 [http-nio-8081-exec-2] DEBUG o.s.web.servlet.DispatcherServlet - Completed 200 OK
2025-09-23 23:50:53 [http-nio-8081-exec-2] DEBUG o.a.camel.spring.SpringCamelContext - onApplicationEvent: ServletRequestHandledEvent: url=[/api/admin/integrated-apis]; client=[0:0:0:0:0:0:0:1]; method=[GET]; status=[200]; servlet=[dispatcherServlet]; session=[null]; user=[admin@mail.com]; time=[172ms]
2025-09-23 23:50:53 [http-nio-8081-exec-2] DEBUG o.s.w.f.CommonsRequestLoggingFilter - After request [GET /api/admin/integrated-apis?size=1000&isActive=true, client=0:0:0:0:0:0:0:1, user=admin@mail.com]
2025-09-23 23:50:53 [http-nio-8081-exec-10] DEBUG o.s.web.servlet.DispatcherServlet - Completed 200 OK
2025-09-23 23:50:53 [http-nio-8081-exec-10] DEBUG o.a.camel.spring.SpringCamelContext - onApplicationEvent: ServletRequestHandledEvent: url=[/api/admin/integration-mappings]; client=[0:0:0:0:0:0:0:1]; method=[GET]; status=[200]; servlet=[dispatcherServlet]; session=[null]; user=[admin@mail.com]; time=[172ms]
2025-09-23 23:50:53 [http-nio-8081-exec-10] DEBUG o.s.w.f.CommonsRequestLoggingFilter - After request [GET /api/admin/integration-mappings?page=0&size=10, client=0:0:0:0:0:0:0:1, user=admin@mail.com]
2025-09-23 23:51:15 [scheduling-1] INFO  c.m.b.k.service.DynamicRouteService - Starting route status sync with Camel context
2025-09-23 23:51:15 [scheduling-1] INFO  c.m.b.k.service.DynamicRouteService - Completed route status sync
2025-09-23 23:51:42 [http-nio-8081-exec-3] INFO  c.m.b.k.service.DynamicRouteService - Fetching active routes with pagination
2025-09-23 23:51:42 [http-nio-8081-exec-4] INFO  c.m.b.k.service.DynamicRouteService - Fetching active routes with pagination
2025-09-23 23:51:43 [http-nio-8081-exec-3] DEBUG o.s.w.f.CommonsRequestLoggingFilter - Before request [GET /api/admin/integrated-apis?size=1000&isActive=true, client=0:0:0:0:0:0:0:1, user=admin@mail.com]
2025-09-23 23:51:43 [http-nio-8081-exec-3] DEBUG o.s.web.servlet.DispatcherServlet - GET "/api/admin/integrated-apis?size=1000&isActive=true", parameters={masked}
2025-09-23 23:51:43 [http-nio-8081-exec-3] DEBUG o.s.w.s.m.m.a.RequestMappingHandlerMapping - Mapped to com.middleware.backend.kaotocamel.controller.IntegratedApiController#findAll(String, String, String, String, Boolean, int, int, String[])
2025-09-23 23:51:43 [http-nio-8081-exec-4] DEBUG o.s.w.f.CommonsRequestLoggingFilter - Before request [GET /api/admin/integration-mappings?page=0&size=10, client=0:0:0:0:0:0:0:1, user=admin@mail.com]
2025-09-23 23:51:43 [http-nio-8081-exec-4] DEBUG o.s.web.servlet.DispatcherServlet - GET "/api/admin/integration-mappings?page=0&size=10", parameters={masked}
2025-09-23 23:51:43 [http-nio-8081-exec-4] DEBUG o.s.w.s.m.m.a.RequestMappingHandlerMapping - Mapped to com.middleware.backend.kaotocamel.controller.IntegrationMappingAdminController#findAll(String, Long, String, String, Boolean, int, int, String[])
2025-09-23 23:51:43 [http-nio-8081-exec-3] DEBUG o.s.w.s.m.m.a.HttpEntityMethodProcessor - Using 'application/json', given [application/json] and supported [application/json, application/*+json, application/yaml]
2025-09-23 23:51:43 [http-nio-8081-exec-3] DEBUG o.s.w.s.m.m.a.HttpEntityMethodProcessor - Writing [Page 1 of 1 containing com.middleware.backend.kaotocamel.dto.IntegratedApiDto instances]
2025-09-23 23:51:43 [http-nio-8081-exec-3] DEBUG o.s.web.servlet.DispatcherServlet - Completed 200 OK
2025-09-23 23:51:43 [http-nio-8081-exec-3] DEBUG o.a.camel.spring.SpringCamelContext - onApplicationEvent: ServletRequestHandledEvent: url=[/api/admin/integrated-apis]; client=[0:0:0:0:0:0:0:1]; method=[GET]; status=[200]; servlet=[dispatcherServlet]; session=[null]; user=[admin@mail.com]; time=[113ms]
2025-09-23 23:51:43 [http-nio-8081-exec-3] DEBUG o.s.w.f.CommonsRequestLoggingFilter - After request [GET /api/admin/integrated-apis?size=1000&isActive=true, client=0:0:0:0:0:0:0:1, user=admin@mail.com]
2025-09-23 23:51:43 [http-nio-8081-exec-4] DEBUG o.s.w.s.m.m.a.HttpEntityMethodProcessor - Using 'application/json', given [application/json] and supported [application/json, application/*+json, application/yaml]
2025-09-23 23:51:43 [http-nio-8081-exec-4] DEBUG o.s.w.s.m.m.a.HttpEntityMethodProcessor - Writing [Page 1 of 1 containing com.middleware.backend.kaotocamel.dto.IntegrationMappingDto instances]
2025-09-23 23:51:43 [http-nio-8081-exec-4] DEBUG o.s.web.servlet.DispatcherServlet - Completed 200 OK
2025-09-23 23:51:43 [http-nio-8081-exec-4] DEBUG o.a.camel.spring.SpringCamelContext - onApplicationEvent: ServletRequestHandledEvent: url=[/api/admin/integration-mappings]; client=[0:0:0:0:0:0:0:1]; method=[GET]; status=[200]; servlet=[dispatcherServlet]; session=[null]; user=[admin@mail.com]; time=[120ms]
2025-09-23 23:51:43 [http-nio-8081-exec-4] DEBUG o.s.w.f.CommonsRequestLoggingFilter - After request [GET /api/admin/integration-mappings?page=0&size=10, client=0:0:0:0:0:0:0:1, user=admin@mail.com]
2025-09-23 23:51:45 [scheduling-1] INFO  c.m.b.k.service.DynamicRouteService - Starting route status sync with Camel context
2025-09-23 23:51:45 [scheduling-1] INFO  c.m.b.k.service.DynamicRouteService - Completed route status sync
2025-09-23 23:52:15 [scheduling-1] INFO  c.m.b.k.service.DynamicRouteService - Starting route status sync with Camel context
2025-09-23 23:52:15 [scheduling-1] INFO  c.m.b.k.service.DynamicRouteService - Completed route status sync
2025-09-23 23:52:32 [http-nio-8081-exec-5] INFO  c.m.b.k.service.DynamicRouteService - Fetching active routes with pagination
2025-09-23 23:52:32 [http-nio-8081-exec-6] INFO  c.m.b.k.service.DynamicRouteService - Fetching active routes with pagination
2025-09-23 23:52:32 [http-nio-8081-exec-5] DEBUG o.s.w.f.CommonsRequestLoggingFilter - Before request [GET /api/admin/integration-mappings?page=0&size=10, client=0:0:0:0:0:0:0:1, user=admin@mail.com]
2025-09-23 23:52:32 [http-nio-8081-exec-5] DEBUG o.s.web.servlet.DispatcherServlet - GET "/api/admin/integration-mappings?page=0&size=10", parameters={masked}
2025-09-23 23:52:32 [http-nio-8081-exec-5] DEBUG o.s.w.s.m.m.a.RequestMappingHandlerMapping - Mapped to com.middleware.backend.kaotocamel.controller.IntegrationMappingAdminController#findAll(String, Long, String, String, Boolean, int, int, String[])
2025-09-23 23:52:32 [http-nio-8081-exec-6] DEBUG o.s.w.f.CommonsRequestLoggingFilter - Before request [GET /api/admin/integrated-apis?size=1000&isActive=true, client=0:0:0:0:0:0:0:1, user=admin@mail.com]
2025-09-23 23:52:32 [http-nio-8081-exec-6] DEBUG o.s.web.servlet.DispatcherServlet - GET "/api/admin/integrated-apis?size=1000&isActive=true", parameters={masked}
2025-09-23 23:52:32 [http-nio-8081-exec-6] DEBUG o.s.w.s.m.m.a.RequestMappingHandlerMapping - Mapped to com.middleware.backend.kaotocamel.controller.IntegratedApiController#findAll(String, String, String, String, Boolean, int, int, String[])
2025-09-23 23:52:32 [http-nio-8081-exec-5] DEBUG o.s.w.s.m.m.a.HttpEntityMethodProcessor - Using 'application/json', given [application/json] and supported [application/json, application/*+json, application/yaml]
2025-09-23 23:52:32 [http-nio-8081-exec-5] DEBUG o.s.w.s.m.m.a.HttpEntityMethodProcessor - Writing [Page 1 of 1 containing com.middleware.backend.kaotocamel.dto.IntegrationMappingDto instances]
2025-09-23 23:52:32 [http-nio-8081-exec-5] DEBUG o.s.web.servlet.DispatcherServlet - Completed 200 OK
2025-09-23 23:52:32 [http-nio-8081-exec-5] DEBUG o.a.camel.spring.SpringCamelContext - onApplicationEvent: ServletRequestHandledEvent: url=[/api/admin/integration-mappings]; client=[0:0:0:0:0:0:0:1]; method=[GET]; status=[200]; servlet=[dispatcherServlet]; session=[null]; user=[admin@mail.com]; time=[118ms]
2025-09-23 23:52:32 [http-nio-8081-exec-5] DEBUG o.s.w.f.CommonsRequestLoggingFilter - After request [GET /api/admin/integration-mappings?page=0&size=10, client=0:0:0:0:0:0:0:1, user=admin@mail.com]
2025-09-23 23:52:32 [http-nio-8081-exec-6] DEBUG o.s.w.s.m.m.a.HttpEntityMethodProcessor - Using 'application/json', given [application/json] and supported [application/json, application/*+json, application/yaml]
2025-09-23 23:52:32 [http-nio-8081-exec-6] DEBUG o.s.w.s.m.m.a.HttpEntityMethodProcessor - Writing [Page 1 of 1 containing com.middleware.backend.kaotocamel.dto.IntegratedApiDto instances]
2025-09-23 23:52:32 [http-nio-8081-exec-6] DEBUG o.s.web.servlet.DispatcherServlet - Completed 200 OK
2025-09-23 23:52:32 [http-nio-8081-exec-6] DEBUG o.a.camel.spring.SpringCamelContext - onApplicationEvent: ServletRequestHandledEvent: url=[/api/admin/integrated-apis]; client=[0:0:0:0:0:0:0:1]; method=[GET]; status=[200]; servlet=[dispatcherServlet]; session=[null]; user=[admin@mail.com]; time=[113ms]
2025-09-23 23:52:32 [http-nio-8081-exec-6] DEBUG o.s.w.f.CommonsRequestLoggingFilter - After request [GET /api/admin/integrated-apis?size=1000&isActive=true, client=0:0:0:0:0:0:0:1, user=admin@mail.com]
2025-09-23 23:52:33 [http-nio-8081-exec-8] INFO  c.m.b.k.service.DynamicRouteService - Fetching active routes with pagination
2025-09-23 23:52:33 [http-nio-8081-exec-7] INFO  c.m.b.k.service.DynamicRouteService - Fetching active routes with pagination
2025-09-23 23:52:33 [http-nio-8081-exec-8] DEBUG o.s.w.f.CommonsRequestLoggingFilter - Before request [GET /api/admin/integrated-apis?size=1000&isActive=true, client=0:0:0:0:0:0:0:1, user=admin@mail.com]
2025-09-23 23:52:33 [http-nio-8081-exec-8] DEBUG o.s.web.servlet.DispatcherServlet - GET "/api/admin/integrated-apis?size=1000&isActive=true", parameters={masked}
2025-09-23 23:52:33 [http-nio-8081-exec-8] DEBUG o.s.w.s.m.m.a.RequestMappingHandlerMapping - Mapped to com.middleware.backend.kaotocamel.controller.IntegratedApiController#findAll(String, String, String, String, Boolean, int, int, String[])
2025-09-23 23:52:33 [http-nio-8081-exec-7] DEBUG o.s.w.f.CommonsRequestLoggingFilter - Before request [GET /api/admin/integration-mappings?page=0&size=10, client=0:0:0:0:0:0:0:1, user=admin@mail.com]
2025-09-23 23:52:33 [http-nio-8081-exec-7] DEBUG o.s.web.servlet.DispatcherServlet - GET "/api/admin/integration-mappings?page=0&size=10", parameters={masked}
2025-09-23 23:52:33 [http-nio-8081-exec-7] DEBUG o.s.w.s.m.m.a.RequestMappingHandlerMapping - Mapped to com.middleware.backend.kaotocamel.controller.IntegrationMappingAdminController#findAll(String, Long, String, String, Boolean, int, int, String[])
2025-09-23 23:52:33 [http-nio-8081-exec-7] DEBUG o.s.w.s.m.m.a.HttpEntityMethodProcessor - Using 'application/json', given [application/json] and supported [application/json, application/*+json, application/yaml]
2025-09-23 23:52:33 [http-nio-8081-exec-7] DEBUG o.s.w.s.m.m.a.HttpEntityMethodProcessor - Writing [Page 1 of 1 containing com.middleware.backend.kaotocamel.dto.IntegrationMappingDto instances]
2025-09-23 23:52:33 [http-nio-8081-exec-7] DEBUG o.s.web.servlet.DispatcherServlet - Completed 200 OK
2025-09-23 23:52:33 [http-nio-8081-exec-7] DEBUG o.a.camel.spring.SpringCamelContext - onApplicationEvent: ServletRequestHandledEvent: url=[/api/admin/integration-mappings]; client=[0:0:0:0:0:0:0:1]; method=[GET]; status=[200]; servlet=[dispatcherServlet]; session=[null]; user=[admin@mail.com]; time=[149ms]
2025-09-23 23:52:33 [http-nio-8081-exec-7] DEBUG o.s.w.f.CommonsRequestLoggingFilter - After request [GET /api/admin/integration-mappings?page=0&size=10, client=0:0:0:0:0:0:0:1, user=admin@mail.com]
2025-09-23 23:52:33 [http-nio-8081-exec-8] DEBUG o.s.w.s.m.m.a.HttpEntityMethodProcessor - Using 'application/json', given [application/json] and supported [application/json, application/*+json, application/yaml]
2025-09-23 23:52:33 [http-nio-8081-exec-8] DEBUG o.s.w.s.m.m.a.HttpEntityMethodProcessor - Writing [Page 1 of 1 containing com.middleware.backend.kaotocamel.dto.IntegratedApiDto instances]
2025-09-23 23:52:33 [http-nio-8081-exec-8] DEBUG o.s.web.servlet.DispatcherServlet - Completed 200 OK
2025-09-23 23:52:33 [http-nio-8081-exec-8] DEBUG o.a.camel.spring.SpringCamelContext - onApplicationEvent: ServletRequestHandledEvent: url=[/api/admin/integrated-apis]; client=[0:0:0:0:0:0:0:1]; method=[GET]; status=[200]; servlet=[dispatcherServlet]; session=[null]; user=[admin@mail.com]; time=[290ms]
2025-09-23 23:52:33 [http-nio-8081-exec-8] DEBUG o.s.w.f.CommonsRequestLoggingFilter - After request [GET /api/admin/integrated-apis?size=1000&isActive=true, client=0:0:0:0:0:0:0:1, user=admin@mail.com]
2025-09-23 23:52:45 [scheduling-1] INFO  c.m.b.k.service.DynamicRouteService - Starting route status sync with Camel context
2025-09-23 23:52:45 [scheduling-1] INFO  c.m.b.k.service.DynamicRouteService - Completed route status sync
2025-09-23 23:52:59 [http-nio-8081-exec-9] INFO  c.m.b.k.service.DynamicRouteService - Fetching active routes with pagination
2025-09-23 23:52:59 [http-nio-8081-exec-1] INFO  c.m.b.k.service.DynamicRouteService - Fetching active routes with pagination
2025-09-23 23:53:00 [http-nio-8081-exec-9] DEBUG o.s.w.f.CommonsRequestLoggingFilter - Before request [GET /api/admin/integration-mappings?page=0&size=10, client=0:0:0:0:0:0:0:1, user=admin@mail.com]
2025-09-23 23:53:00 [http-nio-8081-exec-9] DEBUG o.s.web.servlet.DispatcherServlet - GET "/api/admin/integration-mappings?page=0&size=10", parameters={masked}
2025-09-23 23:53:00 [http-nio-8081-exec-9] DEBUG o.s.w.s.m.m.a.RequestMappingHandlerMapping - Mapped to com.middleware.backend.kaotocamel.controller.IntegrationMappingAdminController#findAll(String, Long, String, String, Boolean, int, int, String[])
2025-09-23 23:53:00 [http-nio-8081-exec-1] DEBUG o.s.w.f.CommonsRequestLoggingFilter - Before request [GET /api/admin/integrated-apis?size=1000&isActive=true, client=0:0:0:0:0:0:0:1, user=admin@mail.com]
2025-09-23 23:53:00 [http-nio-8081-exec-1] DEBUG o.s.web.servlet.DispatcherServlet - GET "/api/admin/integrated-apis?size=1000&isActive=true", parameters={masked}
2025-09-23 23:53:00 [http-nio-8081-exec-1] DEBUG o.s.w.s.m.m.a.RequestMappingHandlerMapping - Mapped to com.middleware.backend.kaotocamel.controller.IntegratedApiController#findAll(String, String, String, String, Boolean, int, int, String[])
2025-09-23 23:53:00 [http-nio-8081-exec-9] DEBUG o.s.w.s.m.m.a.HttpEntityMethodProcessor - Using 'application/json', given [application/json] and supported [application/json, application/*+json, application/yaml]
2025-09-23 23:53:00 [http-nio-8081-exec-9] DEBUG o.s.w.s.m.m.a.HttpEntityMethodProcessor - Writing [Page 1 of 1 containing com.middleware.backend.kaotocamel.dto.IntegrationMappingDto instances]
2025-09-23 23:53:00 [http-nio-8081-exec-9] DEBUG o.s.web.servlet.DispatcherServlet - Completed 200 OK
2025-09-23 23:53:00 [http-nio-8081-exec-9] DEBUG o.a.camel.spring.SpringCamelContext - onApplicationEvent: ServletRequestHandledEvent: url=[/api/admin/integration-mappings]; client=[0:0:0:0:0:0:0:1]; method=[GET]; status=[200]; servlet=[dispatcherServlet]; session=[null]; user=[admin@mail.com]; time=[172ms]
2025-09-23 23:53:00 [http-nio-8081-exec-9] DEBUG o.s.w.f.CommonsRequestLoggingFilter - After request [GET /api/admin/integration-mappings?page=0&size=10, client=0:0:0:0:0:0:0:1, user=admin@mail.com]
2025-09-23 23:53:00 [http-nio-8081-exec-1] DEBUG o.s.w.s.m.m.a.HttpEntityMethodProcessor - Using 'application/json', given [application/json] and supported [application/json, application/*+json, application/yaml]
2025-09-23 23:53:00 [http-nio-8081-exec-1] DEBUG o.s.w.s.m.m.a.HttpEntityMethodProcessor - Writing [Page 1 of 1 containing com.middleware.backend.kaotocamel.dto.IntegratedApiDto instances]
2025-09-23 23:53:00 [http-nio-8081-exec-1] DEBUG o.s.web.servlet.DispatcherServlet - Completed 200 OK
2025-09-23 23:53:00 [http-nio-8081-exec-1] DEBUG o.a.camel.spring.SpringCamelContext - onApplicationEvent: ServletRequestHandledEvent: url=[/api/admin/integrated-apis]; client=[0:0:0:0:0:0:0:1]; method=[GET]; status=[200]; servlet=[dispatcherServlet]; session=[null]; user=[admin@mail.com]; time=[173ms]
2025-09-23 23:53:00 [http-nio-8081-exec-1] DEBUG o.s.w.f.CommonsRequestLoggingFilter - After request [GET /api/admin/integrated-apis?size=1000&isActive=true, client=0:0:0:0:0:0:0:1, user=admin@mail.com]
2025-09-23 23:53:06 [http-nio-8081-exec-2] INFO  c.m.b.k.service.DynamicRouteService - Fetching active routes with pagination
2025-09-23 23:53:06 [http-nio-8081-exec-10] INFO  c.m.b.k.service.DynamicRouteService - Fetching active routes with pagination
2025-09-23 23:53:06 [http-nio-8081-exec-2] DEBUG o.s.w.f.CommonsRequestLoggingFilter - Before request [GET /api/admin/integrated-apis?size=1000&isActive=true, client=0:0:0:0:0:0:0:1, user=admin@mail.com]
2025-09-23 23:53:06 [http-nio-8081-exec-2] DEBUG o.s.web.servlet.DispatcherServlet - GET "/api/admin/integrated-apis?size=1000&isActive=true", parameters={masked}
2025-09-23 23:53:06 [http-nio-8081-exec-2] DEBUG o.s.w.s.m.m.a.RequestMappingHandlerMapping - Mapped to com.middleware.backend.kaotocamel.controller.IntegratedApiController#findAll(String, String, String, String, Boolean, int, int, String[])
2025-09-23 23:53:06 [http-nio-8081-exec-10] DEBUG o.s.w.f.CommonsRequestLoggingFilter - Before request [GET /api/admin/integration-mappings?page=0&size=10, client=0:0:0:0:0:0:0:1, user=admin@mail.com]
2025-09-23 23:53:06 [http-nio-8081-exec-10] DEBUG o.s.web.servlet.DispatcherServlet - GET "/api/admin/integration-mappings?page=0&size=10", parameters={masked}
2025-09-23 23:53:06 [http-nio-8081-exec-10] DEBUG o.s.w.s.m.m.a.RequestMappingHandlerMapping - Mapped to com.middleware.backend.kaotocamel.controller.IntegrationMappingAdminController#findAll(String, Long, String, String, Boolean, int, int, String[])
2025-09-23 23:53:06 [http-nio-8081-exec-2] DEBUG o.s.w.s.m.m.a.HttpEntityMethodProcessor - Using 'application/json', given [application/json] and supported [application/json, application/*+json, application/yaml]
2025-09-23 23:53:06 [http-nio-8081-exec-2] DEBUG o.s.w.s.m.m.a.HttpEntityMethodProcessor - Writing [Page 1 of 1 containing com.middleware.backend.kaotocamel.dto.IntegratedApiDto instances]
2025-09-23 23:53:06 [http-nio-8081-exec-2] DEBUG o.s.web.servlet.DispatcherServlet - Completed 200 OK
2025-09-23 23:53:06 [http-nio-8081-exec-2] DEBUG o.a.camel.spring.SpringCamelContext - onApplicationEvent: ServletRequestHandledEvent: url=[/api/admin/integrated-apis]; client=[0:0:0:0:0:0:0:1]; method=[GET]; status=[200]; servlet=[dispatcherServlet]; session=[null]; user=[admin@mail.com]; time=[322ms]
2025-09-23 23:53:06 [http-nio-8081-exec-2] DEBUG o.s.w.f.CommonsRequestLoggingFilter - After request [GET /api/admin/integrated-apis?size=1000&isActive=true, client=0:0:0:0:0:0:0:1, user=admin@mail.com]
2025-09-23 23:53:06 [http-nio-8081-exec-10] DEBUG o.s.w.s.m.m.a.HttpEntityMethodProcessor - Using 'application/json', given [application/json] and supported [application/json, application/*+json, application/yaml]
2025-09-23 23:53:06 [http-nio-8081-exec-10] DEBUG o.s.w.s.m.m.a.HttpEntityMethodProcessor - Writing [Page 1 of 1 containing com.middleware.backend.kaotocamel.dto.IntegrationMappingDto instances]
2025-09-23 23:53:06 [http-nio-8081-exec-10] DEBUG o.s.web.servlet.DispatcherServlet - Completed 200 OK
2025-09-23 23:53:06 [http-nio-8081-exec-10] DEBUG o.a.camel.spring.SpringCamelContext - onApplicationEvent: ServletRequestHandledEvent: url=[/api/admin/integration-mappings]; client=[0:0:0:0:0:0:0:1]; method=[GET]; status=[200]; servlet=[dispatcherServlet]; session=[null]; user=[admin@mail.com]; time=[160ms]
2025-09-23 23:53:06 [http-nio-8081-exec-10] DEBUG o.s.w.f.CommonsRequestLoggingFilter - After request [GET /api/admin/integration-mappings?page=0&size=10, client=0:0:0:0:0:0:0:1, user=admin@mail.com]
2025-09-23 23:53:15 [scheduling-1] INFO  c.m.b.k.service.DynamicRouteService - Starting route status sync with Camel context
2025-09-23 23:53:15 [scheduling-1] INFO  c.m.b.k.service.DynamicRouteService - Completed route status sync
2025-09-23 23:53:29 [http-nio-8081-exec-4] INFO  c.m.b.k.service.DynamicRouteService - Fetching active routes with pagination
2025-09-23 23:53:29 [http-nio-8081-exec-3] INFO  c.m.b.k.service.DynamicRouteService - Fetching active routes with pagination
2025-09-23 23:53:29 [http-nio-8081-exec-4] DEBUG o.s.w.f.CommonsRequestLoggingFilter - Before request [GET /api/admin/integration-mappings?page=0&size=10, client=0:0:0:0:0:0:0:1, user=admin@mail.com]
2025-09-23 23:53:29 [http-nio-8081-exec-4] DEBUG o.s.web.servlet.DispatcherServlet - GET "/api/admin/integration-mappings?page=0&size=10", parameters={masked}
2025-09-23 23:53:29 [http-nio-8081-exec-3] DEBUG o.s.w.f.CommonsRequestLoggingFilter - Before request [GET /api/admin/integrated-apis?size=1000&isActive=true, client=0:0:0:0:0:0:0:1, user=admin@mail.com]
2025-09-23 23:53:29 [http-nio-8081-exec-3] DEBUG o.s.web.servlet.DispatcherServlet - GET "/api/admin/integrated-apis?size=1000&isActive=true", parameters={masked}
2025-09-23 23:53:29 [http-nio-8081-exec-4] DEBUG o.s.w.s.m.m.a.RequestMappingHandlerMapping - Mapped to com.middleware.backend.kaotocamel.controller.IntegrationMappingAdminController#findAll(String, Long, String, String, Boolean, int, int, String[])
2025-09-23 23:53:29 [http-nio-8081-exec-3] DEBUG o.s.w.s.m.m.a.RequestMappingHandlerMapping - Mapped to com.middleware.backend.kaotocamel.controller.IntegratedApiController#findAll(String, String, String, String, Boolean, int, int, String[])
2025-09-23 23:53:29 [http-nio-8081-exec-4] DEBUG o.s.w.s.m.m.a.HttpEntityMethodProcessor - Using 'application/json', given [application/json] and supported [application/json, application/*+json, application/yaml]
2025-09-23 23:53:29 [http-nio-8081-exec-4] DEBUG o.s.w.s.m.m.a.HttpEntityMethodProcessor - Writing [Page 1 of 1 containing com.middleware.backend.kaotocamel.dto.IntegrationMappingDto instances]
2025-09-23 23:53:29 [http-nio-8081-exec-4] DEBUG o.s.web.servlet.DispatcherServlet - Completed 200 OK
2025-09-23 23:53:29 [http-nio-8081-exec-4] DEBUG o.a.camel.spring.SpringCamelContext - onApplicationEvent: ServletRequestHandledEvent: url=[/api/admin/integration-mappings]; client=[0:0:0:0:0:0:0:1]; method=[GET]; status=[200]; servlet=[dispatcherServlet]; session=[null]; user=[admin@mail.com]; time=[139ms]
2025-09-23 23:53:29 [http-nio-8081-exec-4] DEBUG o.s.w.f.CommonsRequestLoggingFilter - After request [GET /api/admin/integration-mappings?page=0&size=10, client=0:0:0:0:0:0:0:1, user=admin@mail.com]
2025-09-23 23:53:29 [http-nio-8081-exec-3] DEBUG o.s.w.s.m.m.a.HttpEntityMethodProcessor - Using 'application/json', given [application/json] and supported [application/json, application/*+json, application/yaml]
2025-09-23 23:53:29 [http-nio-8081-exec-3] DEBUG o.s.w.s.m.m.a.HttpEntityMethodProcessor - Writing [Page 1 of 1 containing com.middleware.backend.kaotocamel.dto.IntegratedApiDto instances]
2025-09-23 23:53:29 [http-nio-8081-exec-3] DEBUG o.s.web.servlet.DispatcherServlet - Completed 200 OK
2025-09-23 23:53:29 [http-nio-8081-exec-3] DEBUG o.a.camel.spring.SpringCamelContext - onApplicationEvent: ServletRequestHandledEvent: url=[/api/admin/integrated-apis]; client=[0:0:0:0:0:0:0:1]; method=[GET]; status=[200]; servlet=[dispatcherServlet]; session=[null]; user=[admin@mail.com]; time=[225ms]
2025-09-23 23:53:29 [http-nio-8081-exec-3] DEBUG o.s.w.f.CommonsRequestLoggingFilter - After request [GET /api/admin/integrated-apis?size=1000&isActive=true, client=0:0:0:0:0:0:0:1, user=admin@mail.com]
2025-09-23 23:53:45 [scheduling-1] INFO  c.m.b.k.service.DynamicRouteService - Starting route status sync with Camel context
2025-09-23 23:53:45 [scheduling-1] INFO  c.m.b.k.service.DynamicRouteService - Completed route status sync
2025-09-23 23:54:15 [scheduling-1] INFO  c.m.b.k.service.DynamicRouteService - Starting route status sync with Camel context
2025-09-23 23:54:15 [scheduling-1] INFO  c.m.b.k.service.DynamicRouteService - Completed route status sync
2025-09-23 23:54:45 [scheduling-1] INFO  c.m.b.k.service.DynamicRouteService - Starting route status sync with Camel context
2025-09-23 23:54:45 [scheduling-1] INFO  c.m.b.k.service.DynamicRouteService - Completed route status sync
2025-09-23 23:55:15 [scheduling-1] INFO  c.m.b.k.service.DynamicRouteService - Starting route status sync with Camel context
2025-09-23 23:55:15 [scheduling-1] INFO  c.m.b.k.service.DynamicRouteService - Completed route status sync
2025-09-23 23:55:45 [scheduling-1] INFO  c.m.b.k.service.DynamicRouteService - Starting route status sync with Camel context
2025-09-23 23:55:45 [scheduling-1] INFO  c.m.b.k.service.DynamicRouteService - Completed route status sync
2025-09-23 23:56:15 [scheduling-1] INFO  c.m.b.k.service.DynamicRouteService - Starting route status sync with Camel context
2025-09-23 23:56:15 [scheduling-1] INFO  c.m.b.k.service.DynamicRouteService - Completed route status sync
2025-09-23 23:56:45 [scheduling-1] INFO  c.m.b.k.service.DynamicRouteService - Starting route status sync with Camel context
2025-09-23 23:56:45 [scheduling-1] INFO  c.m.b.k.service.DynamicRouteService - Completed route status sync
2025-09-23 23:56:48 [http-nio-8081-exec-8] INFO  c.m.b.k.service.DynamicRouteService - Fetching active routes with pagination
2025-09-23 23:56:48 [http-nio-8081-exec-7] INFO  c.m.b.k.service.DynamicRouteService - Fetching active routes with pagination
2025-09-23 23:56:49 [http-nio-8081-exec-8] DEBUG o.s.w.f.CommonsRequestLoggingFilter - Before request [GET /api/admin/integrated-apis?size=1000&isActive=true, client=0:0:0:0:0:0:0:1, user=admin@mail.com]
2025-09-23 23:56:49 [http-nio-8081-exec-8] DEBUG o.s.web.servlet.DispatcherServlet - GET "/api/admin/integrated-apis?size=1000&isActive=true", parameters={masked}
2025-09-23 23:56:49 [http-nio-8081-exec-8] DEBUG o.s.w.s.m.m.a.RequestMappingHandlerMapping - Mapped to com.middleware.backend.kaotocamel.controller.IntegratedApiController#findAll(String, String, String, String, Boolean, int, int, String[])
2025-09-23 23:56:49 [http-nio-8081-exec-7] DEBUG o.s.w.f.CommonsRequestLoggingFilter - Before request [GET /api/admin/integration-mappings?page=0&size=10, client=0:0:0:0:0:0:0:1, user=admin@mail.com]
2025-09-23 23:56:49 [http-nio-8081-exec-7] DEBUG o.s.web.servlet.DispatcherServlet - GET "/api/admin/integration-mappings?page=0&size=10", parameters={masked}
2025-09-23 23:56:49 [http-nio-8081-exec-7] DEBUG o.s.w.s.m.m.a.RequestMappingHandlerMapping - Mapped to com.middleware.backend.kaotocamel.controller.IntegrationMappingAdminController#findAll(String, Long, String, String, Boolean, int, int, String[])
2025-09-23 23:56:49 [http-nio-8081-exec-8] DEBUG o.s.w.s.m.m.a.HttpEntityMethodProcessor - Using 'application/json', given [application/json] and supported [application/json, application/*+json, application/yaml]
2025-09-23 23:56:49 [http-nio-8081-exec-8] DEBUG o.s.w.s.m.m.a.HttpEntityMethodProcessor - Writing [Page 1 of 1 containing com.middleware.backend.kaotocamel.dto.IntegratedApiDto instances]
2025-09-23 23:56:49 [http-nio-8081-exec-8] DEBUG o.s.web.servlet.DispatcherServlet - Completed 200 OK
2025-09-23 23:56:49 [http-nio-8081-exec-8] DEBUG o.a.camel.spring.SpringCamelContext - onApplicationEvent: ServletRequestHandledEvent: url=[/api/admin/integrated-apis]; client=[0:0:0:0:0:0:0:1]; method=[GET]; status=[200]; servlet=[dispatcherServlet]; session=[null]; user=[admin@mail.com]; time=[130ms]
2025-09-23 23:56:49 [http-nio-8081-exec-8] DEBUG o.s.w.f.CommonsRequestLoggingFilter - After request [GET /api/admin/integrated-apis?size=1000&isActive=true, client=0:0:0:0:0:0:0:1, user=admin@mail.com]
2025-09-23 23:56:49 [http-nio-8081-exec-7] DEBUG o.s.w.s.m.m.a.HttpEntityMethodProcessor - Using 'application/json', given [application/json] and supported [application/json, application/*+json, application/yaml]
2025-09-23 23:56:49 [http-nio-8081-exec-7] DEBUG o.s.w.s.m.m.a.HttpEntityMethodProcessor - Writing [Page 1 of 1 containing com.middleware.backend.kaotocamel.dto.IntegrationMappingDto instances]
2025-09-23 23:56:49 [http-nio-8081-exec-7] DEBUG o.s.web.servlet.DispatcherServlet - Completed 200 OK
2025-09-23 23:56:49 [http-nio-8081-exec-7] DEBUG o.a.camel.spring.SpringCamelContext - onApplicationEvent: ServletRequestHandledEvent: url=[/api/admin/integration-mappings]; client=[0:0:0:0:0:0:0:1]; method=[GET]; status=[200]; servlet=[dispatcherServlet]; session=[null]; user=[admin@mail.com]; time=[148ms]
2025-09-23 23:56:49 [http-nio-8081-exec-7] DEBUG o.s.w.f.CommonsRequestLoggingFilter - After request [GET /api/admin/integration-mappings?page=0&size=10, client=0:0:0:0:0:0:0:1, user=admin@mail.com]
2025-09-23 23:57:15 [scheduling-1] INFO  c.m.b.k.service.DynamicRouteService - Starting route status sync with Camel context
2025-09-23 23:57:15 [scheduling-1] INFO  c.m.b.k.service.DynamicRouteService - Completed route status sync
2025-09-23 23:57:45 [scheduling-1] INFO  c.m.b.k.service.DynamicRouteService - Starting route status sync with Camel context
2025-09-23 23:57:45 [scheduling-1] INFO  c.m.b.k.service.DynamicRouteService - Completed route status sync
2025-09-23 23:58:15 [scheduling-1] INFO  c.m.b.k.service.DynamicRouteService - Starting route status sync with Camel context
2025-09-23 23:58:15 [scheduling-1] INFO  c.m.b.k.service.DynamicRouteService - Completed route status sync
2025-09-23 23:58:45 [scheduling-1] INFO  c.m.b.k.service.DynamicRouteService - Starting route status sync with Camel context
2025-09-23 23:58:45 [scheduling-1] INFO  c.m.b.k.service.DynamicRouteService - Completed route status sync
2025-09-23 23:59:15 [scheduling-1] INFO  c.m.b.k.service.DynamicRouteService - Starting route status sync with Camel context
2025-09-23 23:59:15 [scheduling-1] INFO  c.m.b.k.service.DynamicRouteService - Completed route status sync
2025-09-23 23:59:45 [scheduling-1] INFO  c.m.b.k.service.DynamicRouteService - Starting route status sync with Camel context
2025-09-23 23:59:45 [scheduling-1] INFO  c.m.b.k.service.DynamicRouteService - Completed route status sync
