2025-11-22 21:01:05 [background-preinit] INFO  o.h.validator.internal.util.Version - HV000001: Hibernate Validator 8.0.2.Final
2025-11-22 21:01:05 [main] INFO  c.middleware.MiddlewareApplication - Starting MiddlewareApplication using Java 23-valhalla with PID 19916 (C:\Users\omard\Desktop\Work\back-end - Copy\target\classes started by omard in C:\Users\omard\Desktop\Work\back-end - Copy)
2025-11-22 21:01:05 [main] INFO  c.middleware.MiddlewareApplication - No active profile set, falling back to 1 default profile: "default"
2025-11-22 21:01:19 [main] INFO  o.a.coyote.http11.Http11NioProtocol - Initializing ProtocolHandler ["http-nio-8081"]
2025-11-22 21:01:19 [main] INFO  o.a.catalina.core.StandardService - Starting service [Tomcat]
2025-11-22 21:01:19 [main] INFO  o.a.catalina.core.StandardEngine - Starting Servlet engine: [Apache Tomcat/10.1.39]
2025-11-22 21:01:20 [main] INFO  o.a.c.c.C.[Tomcat].[localhost].[/] - Initializing Spring embedded WebApplicationContext
2025-11-22 21:01:21 [main] INFO  o.h.jpa.internal.util.LogHelper - HHH000204: Processing PersistenceUnitInfo [name: default]
2025-11-22 21:01:22 [main] INFO  org.hibernate.Version - HHH000412: Hibernate ORM core version 6.6.11.Final
2025-11-22 21:01:22 [main] INFO  o.h.c.i.RegionFactoryInitiator - HHH000026: Second-level cache disabled
2025-11-22 21:01:24 [main] WARN  org.hibernate.orm.deprecation - HHH90000025: PostgreSQLDialect does not need to be specified explicitly using 'hibernate.dialect' (remove the property setting and it will be selected by default)
2025-11-22 21:01:24 [main] INFO  o.hibernate.orm.connections.pooling - HHH10001005: Database info:
	Database JDBC URL [Connecting through datasource 'org.springframework.jdbc.datasource.DriverManagerDataSource@77307b51']
	Database driver: undefined/unknown
	Database version: 17.4
	Autocommit mode: undefined/unknown
	Isolation level: undefined/unknown
	Minimum pool size: undefined/unknown
	Maximum pool size: undefined/unknown
2025-11-22 21:01:32 [main] INFO  o.h.e.t.j.p.i.JtaPlatformInitiator - HHH000489: No JTA platform available (set 'hibernate.transaction.jta.platform' to enable JTA platform integration)
2025-11-22 21:01:38 [main] DEBUG o.a.camel.spring.SpringCamelContext - Set the application context classloader to: TomcatEmbeddedWebappClassLoader
  context: ROOT
  delegate: true
----------> Parent Classloader:
jdk.internal.loader.ClassLoaders$AppClassLoader@5451c3a8

2025-11-22 21:01:38 [main] DEBUG o.a.camel.support.LRUCacheFactory - Creating DefaultLRUCacheFactory
2025-11-22 21:01:38 [main] DEBUG o.a.c.i.e.DefaultCamelContextExtension - Setting up management with factory: org.apache.camel.impl.engine.DefaultManagementStrategyFactory@5d73aa0e
2025-11-22 21:01:38 [main] DEBUG o.a.camel.support.ResolverHelper - Found HealthCheckRegistry: org.apache.camel.impl.health.DefaultHealthCheckRegistry via: META-INF/services/org/apache/camel/health-check/default-registry
2025-11-22 21:01:38 [main] DEBUG o.a.camel.support.ResolverHelper - Detected and using HealthCheckRegistry: org.apache.camel.impl.health.DefaultHealthCheckRegistry@2182cd7c
2025-11-22 21:01:38 [main] DEBUG o.a.c.i.h.DefaultHealthCheckRegistry - HealthCheckRepository with id registry-health-check-repository successfully registered
2025-11-22 21:01:38 [main] DEBUG o.a.c.i.c.BaseTypeConverterRegistry - Loading file META-INF/services/org/apache/camel/TypeConverterLoader to retrieve list of type converters, from url: jar:file:/C:/Users/omard/.m2/repository/org/apache/camel/camel-spring/4.4.0/camel-spring-4.4.0.jar!/META-INF/services/org/apache/camel/TypeConverterLoader
2025-11-22 21:01:38 [main] DEBUG o.a.c.i.c.BaseTypeConverterRegistry - Loading file META-INF/services/org/apache/camel/TypeConverterLoader to retrieve list of type converters, from url: jar:file:/C:/Users/omard/.m2/repository/org/apache/camel/camel-xml-jaxp/4.4.0/camel-xml-jaxp-4.4.0.jar!/META-INF/services/org/apache/camel/TypeConverterLoader
2025-11-22 21:01:38 [main] DEBUG o.a.c.i.c.BaseTypeConverterRegistry - Loading file META-INF/services/org/apache/camel/TypeConverterLoader to retrieve list of type converters, from url: jar:file:/C:/Users/omard/.m2/repository/org/apache/camel/camel-http/4.4.0/camel-http-4.4.0.jar!/META-INF/services/org/apache/camel/TypeConverterLoader
2025-11-22 21:01:38 [main] DEBUG o.a.c.i.c.BaseTypeConverterRegistry - Loading file META-INF/services/org/apache/camel/TypeConverterLoader to retrieve list of type converters, from url: jar:file:/C:/Users/omard/.m2/repository/org/apache/camel/camel-http-common/4.4.0/camel-http-common-4.4.0.jar!/META-INF/services/org/apache/camel/TypeConverterLoader
2025-11-22 21:01:38 [main] DEBUG o.a.c.i.c.BaseTypeConverterRegistry - Loading file META-INF/services/org/apache/camel/TypeConverterLoader to retrieve list of type converters, from url: jar:file:/C:/Users/omard/.m2/repository/org/apache/camel/camel-attachments/4.4.0/camel-attachments-4.4.0.jar!/META-INF/services/org/apache/camel/TypeConverterLoader
2025-11-22 21:01:38 [main] DEBUG o.a.c.i.c.BaseTypeConverterRegistry - Loading file META-INF/services/org/apache/camel/TypeConverterLoader to retrieve list of type converters, from url: jar:file:/C:/Users/omard/.m2/repository/org/apache/camel/camel-jackson/4.4.0/camel-jackson-4.4.0.jar!/META-INF/services/org/apache/camel/TypeConverterLoader
2025-11-22 21:01:38 [main] DEBUG o.a.c.i.c.BaseTypeConverterRegistry - Loading file META-INF/services/org/apache/camel/TypeConverterLoader to retrieve list of type converters, from url: jar:file:/C:/Users/omard/.m2/repository/org/apache/camel/camel-support/4.4.0/camel-support-4.4.0.jar!/META-INF/services/org/apache/camel/TypeConverterLoader
2025-11-22 21:01:38 [main] DEBUG o.a.c.i.c.BaseTypeConverterRegistry - Loading file META-INF/services/org/apache/camel/TypeConverterLoader to retrieve list of type converters, from url: jar:file:/C:/Users/omard/.m2/repository/org/apache/camel/camel-file/4.4.0/camel-file-4.4.0.jar!/META-INF/services/org/apache/camel/TypeConverterLoader
2025-11-22 21:01:38 [main] DEBUG o.a.c.i.c.BaseTypeConverterRegistry - Loading file META-INF/services/org/apache/camel/TypeConverterLoader to retrieve list of type converters, from url: jar:file:/C:/Users/omard/.m2/repository/org/apache/camel/camel-base/4.4.0/camel-base-4.4.0.jar!/META-INF/services/org/apache/camel/TypeConverterLoader
2025-11-22 21:01:38 [main] DEBUG o.a.c.i.c.BaseTypeConverterRegistry - Loading file META-INF/services/org/apache/camel/TypeConverterLoader to retrieve list of type converters, from url: jar:file:/C:/Users/omard/.m2/repository/org/apache/camel/camel-spring/4.4.0/camel-spring-4.4.0.jar!/META-INF/services/org/apache/camel/TypeConverterLoader
2025-11-22 21:01:38 [main] DEBUG o.a.c.i.c.BaseTypeConverterRegistry - Loading file META-INF/services/org/apache/camel/TypeConverterLoader to retrieve list of type converters, from url: jar:file:/C:/Users/omard/.m2/repository/org/apache/camel/camel-xml-jaxp/4.4.0/camel-xml-jaxp-4.4.0.jar!/META-INF/services/org/apache/camel/TypeConverterLoader
2025-11-22 21:01:38 [main] DEBUG o.a.c.i.c.BaseTypeConverterRegistry - Loading file META-INF/services/org/apache/camel/TypeConverterLoader to retrieve list of type converters, from url: jar:file:/C:/Users/omard/.m2/repository/org/apache/camel/camel-http/4.4.0/camel-http-4.4.0.jar!/META-INF/services/org/apache/camel/TypeConverterLoader
2025-11-22 21:01:38 [main] DEBUG o.a.c.i.c.BaseTypeConverterRegistry - Loading file META-INF/services/org/apache/camel/TypeConverterLoader to retrieve list of type converters, from url: jar:file:/C:/Users/omard/.m2/repository/org/apache/camel/camel-http-common/4.4.0/camel-http-common-4.4.0.jar!/META-INF/services/org/apache/camel/TypeConverterLoader
2025-11-22 21:01:38 [main] DEBUG o.a.c.i.c.BaseTypeConverterRegistry - Loading file META-INF/services/org/apache/camel/TypeConverterLoader to retrieve list of type converters, from url: jar:file:/C:/Users/omard/.m2/repository/org/apache/camel/camel-attachments/4.4.0/camel-attachments-4.4.0.jar!/META-INF/services/org/apache/camel/TypeConverterLoader
2025-11-22 21:01:38 [main] DEBUG o.a.c.i.c.BaseTypeConverterRegistry - Loading file META-INF/services/org/apache/camel/TypeConverterLoader to retrieve list of type converters, from url: jar:file:/C:/Users/omard/.m2/repository/org/apache/camel/camel-jackson/4.4.0/camel-jackson-4.4.0.jar!/META-INF/services/org/apache/camel/TypeConverterLoader
2025-11-22 21:01:38 [main] DEBUG o.a.c.i.c.BaseTypeConverterRegistry - Loading file META-INF/services/org/apache/camel/TypeConverterLoader to retrieve list of type converters, from url: jar:file:/C:/Users/omard/.m2/repository/org/apache/camel/camel-support/4.4.0/camel-support-4.4.0.jar!/META-INF/services/org/apache/camel/TypeConverterLoader
2025-11-22 21:01:38 [main] DEBUG o.a.c.i.c.BaseTypeConverterRegistry - Loading file META-INF/services/org/apache/camel/TypeConverterLoader to retrieve list of type converters, from url: jar:file:/C:/Users/omard/.m2/repository/org/apache/camel/camel-file/4.4.0/camel-file-4.4.0.jar!/META-INF/services/org/apache/camel/TypeConverterLoader
2025-11-22 21:01:38 [main] DEBUG o.a.c.i.c.BaseTypeConverterRegistry - Loading file META-INF/services/org/apache/camel/TypeConverterLoader to retrieve list of type converters, from url: jar:file:/C:/Users/omard/.m2/repository/org/apache/camel/camel-base/4.4.0/camel-base-4.4.0.jar!/META-INF/services/org/apache/camel/TypeConverterLoader
2025-11-22 21:01:38 [main] DEBUG o.a.c.i.c.BaseTypeConverterRegistry - Resolving TypeConverterLoader: org.apache.camel.spring.converter.ResourceConverterLoader
2025-11-22 21:01:38 [main] DEBUG o.a.c.i.c.BaseTypeConverterRegistry - TypeConverterLoader: org.apache.camel.spring.converter.ResourceConverterLoader loading converters
2025-11-22 21:01:38 [main] DEBUG o.a.c.i.c.BaseTypeConverterRegistry - Resolving TypeConverterLoader: org.apache.camel.converter.jaxp.CamelXmlJaxpBulkConverterLoader
2025-11-22 21:01:38 [main] DEBUG o.a.c.i.c.BaseTypeConverterRegistry - TypeConverterLoader: org.apache.camel.converter.jaxp.CamelXmlJaxpBulkConverterLoader loading converters
2025-11-22 21:01:38 [main] DEBUG o.a.c.i.c.BaseTypeConverterRegistry - Resolving TypeConverterLoader: org.apache.camel.component.http.HttpConvertersLoader
2025-11-22 21:01:38 [main] DEBUG o.a.c.i.c.BaseTypeConverterRegistry - TypeConverterLoader: org.apache.camel.component.http.HttpConvertersLoader loading converters
2025-11-22 21:01:38 [main] DEBUG o.a.c.i.c.BaseTypeConverterRegistry - Resolving TypeConverterLoader: org.apache.camel.component.http.HttpEntityConverterLoader
2025-11-22 21:01:38 [main] DEBUG o.a.c.i.c.BaseTypeConverterRegistry - TypeConverterLoader: org.apache.camel.component.http.HttpEntityConverterLoader loading converters
2025-11-22 21:01:38 [main] DEBUG o.a.c.i.c.BaseTypeConverterRegistry - Resolving TypeConverterLoader: org.apache.camel.http.common.HttpConverterLoader
2025-11-22 21:01:38 [main] DEBUG o.a.c.i.c.BaseTypeConverterRegistry - TypeConverterLoader: org.apache.camel.http.common.HttpConverterLoader loading converters
2025-11-22 21:01:38 [main] DEBUG o.a.c.i.c.BaseTypeConverterRegistry - Resolving TypeConverterLoader: org.apache.camel.attachment.AttachmentConverterLoader
2025-11-22 21:01:38 [main] DEBUG o.a.c.i.c.BaseTypeConverterRegistry - TypeConverterLoader: org.apache.camel.attachment.AttachmentConverterLoader loading converters
2025-11-22 21:01:38 [main] DEBUG o.a.c.i.c.BaseTypeConverterRegistry - Resolving TypeConverterLoader: org.apache.camel.component.jackson.converter.JacksonTypeConvertersLoader
2025-11-22 21:01:38 [main] DEBUG o.a.c.i.c.BaseTypeConverterRegistry - TypeConverterLoader: org.apache.camel.component.jackson.converter.JacksonTypeConvertersLoader loading converters
2025-11-22 21:01:38 [main] DEBUG o.a.c.i.c.BaseTypeConverterRegistry - Resolving TypeConverterLoader: org.apache.camel.converter.stream.StreamCacheBulkConverterLoader
2025-11-22 21:01:38 [main] DEBUG o.a.c.i.c.BaseTypeConverterRegistry - TypeConverterLoader: org.apache.camel.converter.stream.StreamCacheBulkConverterLoader loading converters
2025-11-22 21:01:38 [main] DEBUG o.a.c.i.c.BaseTypeConverterRegistry - Resolving TypeConverterLoader: org.apache.camel.component.file.GenericFileConverterLoader
2025-11-22 21:01:38 [main] DEBUG o.a.c.i.c.BaseTypeConverterRegistry - TypeConverterLoader: org.apache.camel.component.file.GenericFileConverterLoader loading converters
2025-11-22 21:01:38 [main] DEBUG o.a.c.i.c.BaseTypeConverterRegistry - Resolving TypeConverterLoader: org.apache.camel.converter.CamelBaseBulkConverterLoader
2025-11-22 21:01:38 [main] DEBUG o.a.c.i.c.BaseTypeConverterRegistry - TypeConverterLoader: org.apache.camel.converter.CamelBaseBulkConverterLoader loading converters
2025-11-22 21:01:38 [main] DEBUG o.a.c.i.c.DefaultTypeConverter - Loaded 259 type converters in 248ms
2025-11-22 21:01:38 [main] DEBUG o.a.c.i.engine.AbstractCamelContext - Apache Camel 4.4.0 (camel-1) built in 408ms
2025-11-22 21:01:38 [main] INFO  o.a.camel.util.concurrent.ThreadType - The type of thread detected is PLATFORM
2025-11-22 21:01:38 [main] DEBUG o.a.c.i.e.BaseExecutorServiceManager - Created new ScheduledThreadPool for source: ErrorHandlerRedeliveryThreadPool with name: ErrorHandlerRedeliveryTask -> org.apache.camel.util.concurrent.SizedScheduledExecutorService@42d6aa88[ErrorHandlerRedeliveryTask]
2025-11-22 21:01:38 [main] DEBUG o.a.c.i.e.DefaultConfigurerResolver - Found configurer: spring-event-component via type: org.apache.camel.component.event.EventComponentConfigurer via: META-INF/services/org/apache/camel/configurer/spring-event-component
2025-11-22 21:01:38 [main] DEBUG o.a.c.i.e.DefaultConfigurerResolver - Found configurer: spring-event-endpoint via type: org.apache.camel.component.event.EventEndpointConfigurer via: META-INF/services/org/apache/camel/configurer/spring-event-endpoint
2025-11-22 21:01:39 [main] DEBUG o.a.c.i.e.DefaultConfigurerResolver - Found configurer: spring-event-component via type: org.apache.camel.component.event.EventComponentConfigurer via: META-INF/services/org/apache/camel/configurer/spring-event-component
2025-11-22 21:01:40 [main] DEBUG o.a.camel.spring.SpringCamelContext - Set the application context classloader to: TomcatEmbeddedWebappClassLoader
  context: ROOT
  delegate: true
----------> Parent Classloader:
jdk.internal.loader.ClassLoaders$AppClassLoader@5451c3a8

2025-11-22 21:01:48 [main] DEBUG o.s.w.f.ServerHttpObservationFilter - Filter 'webMvcObservationFilter' configured for use
2025-11-22 21:01:48 [main] DEBUG o.s.w.f.CommonsRequestLoggingFilter - Filter 'logFilter' configured for use
2025-11-22 21:01:48 [main] DEBUG c.m.b.users.config.JwtRequestFilter - Filter 'jwtRequestFilter' configured for use
2025-11-22 21:01:49 [main] INFO  c.m.b.config.RestTemplateConfig - Creating RestTemplate with SSL trust-all configuration
2025-11-22 21:01:49 [main] INFO  c.m.b.config.RestTemplateConfig - RestTemplate configured with connect-timeout: 10000ms, read-timeout: 30000ms
2025-11-22 21:01:53 [main] INFO  org.quartz.impl.StdSchedulerFactory - Using default implementation for ThreadExecutor
2025-11-22 21:01:53 [main] INFO  o.quartz.core.SchedulerSignalerImpl - Initialized Scheduler Signaller of type: class org.quartz.core.SchedulerSignalerImpl
2025-11-22 21:01:53 [main] INFO  org.quartz.core.QuartzScheduler - Quartz Scheduler v.2.3.2 created.
2025-11-22 21:01:53 [main] INFO  org.quartz.simpl.RAMJobStore - RAMJobStore initialized.
2025-11-22 21:01:53 [main] INFO  org.quartz.core.QuartzScheduler - Scheduler meta-data: Quartz Scheduler (v2.3.2) 'quartzScheduler' with instanceId 'NON_CLUSTERED'
  Scheduler class: 'org.quartz.core.QuartzScheduler' - running locally.
  NOT STARTED.
  Currently in standby mode.
  Number of jobs executed: 0
  Using thread pool 'org.quartz.simpl.SimpleThreadPool' - with 10 threads.
  Using job-store 'org.quartz.simpl.RAMJobStore' - which does not support persistence. and is not clustered.

2025-11-22 21:01:53 [main] INFO  org.quartz.impl.StdSchedulerFactory - Quartz scheduler 'quartzScheduler' initialized from an externally provided properties instance.
2025-11-22 21:01:53 [main] INFO  org.quartz.impl.StdSchedulerFactory - Quartz scheduler version: 2.3.2
2025-11-22 21:01:53 [main] INFO  org.quartz.core.QuartzScheduler - JobFactory set to: org.springframework.scheduling.quartz.SpringBeanJobFactory@70fe6835
2025-11-22 21:01:54 [main] INFO  c.m.IntegrationMappingComponent - IntegrationMappingComponent initialized with CamelContext.
2025-11-22 21:01:54 [main] INFO  c.m.b.c.IntegrationMappingConfiguration - Registered custom Camel component: integrationmapping
2025-11-22 21:01:54 [main] INFO  c.m.b.k.i.Dhis2HeaderFilterConfig - === Configuring DHIS2 Header Filter (Static Test) ===
2025-11-22 21:01:54 [main] INFO  c.m.b.k.i.Dhis2HeaderFilterConfig - DHIS2 Header Filter configured - allowing most headers for testing
2025-11-22 21:01:56 [main] DEBUG o.s.w.s.m.m.a.RequestMappingHandlerMapping - 167 mappings in 'requestMappingHandlerMapping'
2025-11-22 21:01:57 [main] DEBUG o.s.w.s.h.SimpleUrlHandlerMapping - Patterns [/webjars/**, /**, /swagger-ui*/*swagger-initializer.js, /swagger-ui*/**] in 'resourceHandlerMapping'
2025-11-22 21:01:57 [main] DEBUG o.a.c.i.h.DefaultHealthCheckRegistry - HealthCheck with id context successfully registered
2025-11-22 21:01:57 [main] DEBUG o.a.c.i.h.DefaultHealthCheckRegistry - HealthCheckRepository with id routes successfully registered
2025-11-22 21:01:57 [main] DEBUG o.a.c.i.h.DefaultHealthCheckRegistry - HealthCheckRepository with id producers successfully registered
2025-11-22 21:01:57 [main] DEBUG o.a.c.i.h.DefaultHealthCheckRegistry - HealthCheckRepository with id consumers successfully registered
2025-11-22 21:01:59 [main] DEBUG o.s.w.s.m.m.a.RequestMappingHandlerAdapter - ControllerAdvice beans: 0 @ModelAttribute, 0 @InitBinder, 1 RequestBodyAdvice, 1 ResponseBodyAdvice
2025-11-22 21:01:59 [main] DEBUG o.s.w.s.m.m.a.ExceptionHandlerExceptionResolver - ControllerAdvice beans: 2 @ExceptionHandler, 1 ResponseBodyAdvice
2025-11-22 21:02:04 [main] INFO  o.a.coyote.http11.Http11NioProtocol - Starting ProtocolHandler ["http-nio-8081"]
2025-11-22 21:02:04 [main] DEBUG o.a.c.h.common.DefaultHttpRegistry - Registering CamelServlet with name CamelServlet consumers present: 0
2025-11-22 21:02:04 [main] INFO  o.a.c.c.s.CamelHttpTransportServlet - Initialized CamelHttpTransportServlet[name=CamelServlet, contextPath=]
2025-11-22 21:02:04 [main] DEBUG o.a.camel.spring.SpringCamelContext - onApplicationEvent: org.springframework.boot.web.servlet.context.ServletWebServerInitializedEvent[source=org.springframework.boot.web.embedded.tomcat.TomcatWebServer@56160a76]
2025-11-22 21:02:04 [main] INFO  org.quartz.core.QuartzScheduler - Scheduler quartzScheduler_$_NON_CLUSTERED started.
2025-11-22 21:02:04 [main] DEBUG o.a.c.s.b.CamelSpringBootApplicationListener - Post-processing CamelContext bean: camel-1
2025-11-22 21:02:04 [main] DEBUG o.apache.camel.main.RoutesConfigurer - RoutesCollectorEnabled: org.apache.camel.spring.boot.CamelSpringBootRoutesCollector@1b01cc27
2025-11-22 21:02:04 [main] DEBUG o.a.c.s.b.CamelSpringBootRoutesCollector - Finding additional routes from: classpath:camel/*
2025-11-22 21:02:04 [main] DEBUG o.a.c.s.b.CamelSpringBootRoutesCollector - Finding additional routes from: classpath:camel-template/*
2025-11-22 21:02:04 [main] DEBUG o.a.c.s.b.CamelSpringBootRoutesCollector - Finding additional routes from: classpath:camel-rest/*
2025-11-22 21:02:04 [main] DEBUG o.a.c.s.b.CamelSpringBootRoutesCollector - No additional RoutesBuilder discovered from: classpath:camel/*,classpath:camel-template/*,classpath:camel-rest/*
2025-11-22 21:02:04 [main] DEBUG o.a.camel.spring.SpringCamelContext - onApplicationEvent: org.springframework.context.event.ContextRefreshedEvent[source=org.springframework.boot.web.servlet.context.AnnotationConfigServletWebServerApplicationContext@47404bea, started on Sat Nov 22 21:01:06 EET 2025]
2025-11-22 21:02:04 [main] DEBUG o.a.c.i.engine.AbstractCamelContext - Resolving language: simple
2025-11-22 21:02:04 [main] DEBUG o.a.camel.support.ResolverHelper - Lookup Language with name simple in registry. Found: null
2025-11-22 21:02:04 [main] DEBUG o.a.camel.support.ResolverHelper - Lookup Language with name simple-language in registry. Found: null
2025-11-22 21:02:04 [main] DEBUG o.a.c.language.simple.SimpleLanguage - Simple language predicate/expression cache size: 1000
2025-11-22 21:02:04 [main] DEBUG o.a.c.i.engine.AbstractCamelContext - Apache Camel 4.4.0 (camel-1) initialized in 298ms
2025-11-22 21:02:04 [main] INFO  o.a.c.i.engine.AbstractCamelContext - Apache Camel 4.4.0 (camel-1) is starting
2025-11-22 21:02:04 [main] DEBUG o.a.c.i.engine.AbstractCamelContext - Using ClassResolver=org.apache.camel.impl.engine.DefaultClassResolver@7acf6dd5, PackageScanClassResolver=org.apache.camel.spring.boot.FatJarPackageScanClassResolver@827335b, ApplicationContextClassLoader=TomcatEmbeddedWebappClassLoader
  context: ROOT
  delegate: true
----------> Parent Classloader:
jdk.internal.loader.ClassLoaders$AppClassLoader@5451c3a8
, RouteController=org.apache.camel.impl.engine.DefaultRouteController@442e3c9a
2025-11-22 21:02:04 [main] DEBUG o.a.c.i.engine.AbstractCamelContext - StreamCaching is disabled on CamelContext: camel-1
2025-11-22 21:02:04 [main] DEBUG o.a.c.i.engine.AbstractCamelContext - Using HeadersMapFactory: org.apache.camel.impl.engine.DefaultHeadersMapFactory@446d817c
2025-11-22 21:02:04 [main] DEBUG o.a.c.i.engine.AbstractCamelContext - Using ReactiveExecutor: org.apache.camel.impl.engine.DefaultReactiveExecutor@51e92ae3
2025-11-22 21:02:04 [main] DEBUG o.a.c.i.engine.AbstractCamelContext - Using ThreadPoolFactory: org.apache.camel.support.DefaultThreadPoolFactory@486e000a
2025-11-22 21:02:04 [main] DEBUG o.a.c.i.engine.AbstractCamelContext - Using HealthCheck: camel-spring-boot
2025-11-22 21:02:04 [main] DEBUG o.a.c.i.e.DefaultStreamCachingStrategy - StreamCaching configuration DefaultStreamCachingStrategy[spoolDirectoryEnabled=false, spoolDirectory=null, spoolCipher=null, spoolThreshold=131072, spoolUsedHeapMemoryThreshold=0, bufferSize=0, anySpoolRules=false]
2025-11-22 21:02:04 [main] DEBUG o.a.c.i.e.DefaultStreamCachingStrategy - StreamCaching in use
2025-11-22 21:02:04 [main] DEBUG o.a.c.i.engine.AbstractCamelContext - Clearing BeanIntrospection cache with 1 objects using during starting Camel
2025-11-22 21:02:04 [main] DEBUG o.a.c.i.engine.AbstractCamelContext - BeanIntrospection invoked 4 times during starting Camel
2025-11-22 21:02:04 [main] INFO  o.a.c.i.engine.AbstractCamelContext - Routes startup (started:0)
2025-11-22 21:02:04 [main] INFO  o.a.c.i.engine.AbstractCamelContext - Apache Camel 4.4.0 (camel-1) started in 787ms (build:408ms init:298ms start:81ms)
2025-11-22 21:02:04 [main] DEBUG o.a.camel.support.ResolverHelper - Found ProcessorFactory: org.apache.camel.processor.DefaultProcessorFactory via: META-INF/services/org/apache/camel/processor-factory
2025-11-22 21:02:04 [main] DEBUG o.a.camel.support.ResolverHelper - Detected and using ProcessorFactory: org.apache.camel.processor.DefaultProcessorFactory@3e32f0b2
2025-11-22 21:02:04 [main] DEBUG o.a.camel.impl.DefaultCamelContext - start() took 404 millis
2025-11-22 21:02:04 [main] INFO  c.middleware.MiddlewareApplication - Started MiddlewareApplication in 60.795 seconds (process running for 64.875)
2025-11-22 21:02:04 [main] DEBUG o.a.camel.spring.SpringCamelContext - onApplicationEvent: org.springframework.boot.context.event.ApplicationStartedEvent[source=org.springframework.boot.SpringApplication@2c6e269b]
2025-11-22 21:02:04 [main] DEBUG o.a.camel.spring.SpringCamelContext - onApplicationEvent: org.springframework.boot.availability.AvailabilityChangeEvent[source=org.springframework.boot.web.servlet.context.AnnotationConfigServletWebServerApplicationContext@47404bea, started on Sat Nov 22 21:01:06 EET 2025]
2025-11-22 21:02:04 [scheduling-1] INFO  c.m.b.k.service.DynamicRouteService - Starting route status sync with Camel context
2025-11-22 21:02:05 [main] DEBUG o.a.camel.spring.SpringCamelContext - onApplicationEvent: org.springframework.boot.context.event.ApplicationReadyEvent[source=org.springframework.boot.SpringApplication@2c6e269b]
2025-11-22 21:02:05 [main] INFO  c.m.b.k.service.SequenceFixService - Fixing sequence for integration_mapping.id ...
2025-11-22 21:02:05 [scheduling-1] DEBUG o.a.c.i.engine.AbstractCamelContext - Adding route configurations from builder: Routes: []
2025-11-22 21:02:05 [scheduling-1] DEBUG o.a.c.i.engine.AbstractCamelContext - Adding routes from builder: Routes: []
2025-11-22 21:02:05 [scheduling-1] DEBUG o.a.c.i.e.DefaultUriFactoryResolver - Found EndpointUriFactory: integratedSystem via type: com.middleware.IntegratedSystemEndpointUriFactory via: META-INF/services/org/apache/camel/urifactory/integratedSystem
2025-11-22 21:02:05 [scheduling-1] DEBUG o.a.c.i.e.DefaultUriFactoryResolver - Found EndpointUriFactory: https via type: org.apache.camel.component.http.HttpEndpointUriFactory via: META-INF/services/org/apache/camel/urifactory/https
2025-11-22 21:02:05 [scheduling-1] DEBUG o.a.c.i.e.DefaultUriFactoryResolver - Found EndpointUriFactory: rest via type: org.apache.camel.component.rest.RestEndpointUriFactory via: META-INF/services/org/apache/camel/urifactory/rest
2025-11-22 21:02:05 [scheduling-1] DEBUG o.a.c.i.e.DefaultConfigurerResolver - Found configurer: org.apache.camel.spi.RestConfiguration via type: org.apache.camel.impl.RestConfigurationConfigurer via: META-INF/services/org/apache/camel/configurer/org.apache.camel.spi.RestConfiguration
2025-11-22 21:02:05 [scheduling-1] DEBUG o.a.c.i.e.DefaultConfigurerResolver - Found configurer: org.apache.camel.spi.RestConfiguration via type: org.apache.camel.impl.RestConfigurationConfigurer via: META-INF/services/org/apache/camel/configurer/org.apache.camel.spi.RestConfiguration
2025-11-22 21:02:05 [scheduling-1] DEBUG o.a.c.i.e.DefaultConfigurerResolver - Found configurer: org.apache.camel.spi.RestConfiguration via type: org.apache.camel.impl.RestConfigurationConfigurer via: META-INF/services/org/apache/camel/configurer/org.apache.camel.spi.RestConfiguration
2025-11-22 21:02:05 [scheduling-1] DEBUG o.a.c.i.e.DefaultConfigurerResolver - Found configurer: org.apache.camel.spi.RestConfiguration via type: org.apache.camel.impl.RestConfigurationConfigurer via: META-INF/services/org/apache/camel/configurer/org.apache.camel.spi.RestConfiguration
2025-11-22 21:02:05 [scheduling-1] DEBUG o.a.c.i.e.DefaultConfigurerResolver - Found configurer: org.apache.camel.spi.RestConfiguration via type: org.apache.camel.impl.RestConfigurationConfigurer via: META-INF/services/org/apache/camel/configurer/org.apache.camel.spi.RestConfiguration
2025-11-22 21:02:05 [scheduling-1] DEBUG o.a.c.i.e.DefaultConfigurerResolver - Found configurer: org.apache.camel.spi.RestConfiguration via type: org.apache.camel.impl.RestConfigurationConfigurer via: META-INF/services/org/apache/camel/configurer/org.apache.camel.spi.RestConfiguration
2025-11-22 21:02:05 [scheduling-1] DEBUG o.a.c.i.e.DefaultConfigurerResolver - Found configurer: org.apache.camel.spi.RestConfiguration via type: org.apache.camel.impl.RestConfigurationConfigurer via: META-INF/services/org/apache/camel/configurer/org.apache.camel.spi.RestConfiguration
2025-11-22 21:02:05 [scheduling-1] DEBUG o.a.c.i.e.DefaultConfigurerResolver - Found configurer: org.apache.camel.spi.RestConfiguration via type: org.apache.camel.impl.RestConfigurationConfigurer via: META-INF/services/org/apache/camel/configurer/org.apache.camel.spi.RestConfiguration
2025-11-22 21:02:05 [scheduling-1] DEBUG o.a.c.i.e.DefaultConfigurerResolver - Found configurer: org.apache.camel.spi.RestConfiguration via type: org.apache.camel.impl.RestConfigurationConfigurer via: META-INF/services/org/apache/camel/configurer/org.apache.camel.spi.RestConfiguration
2025-11-22 21:02:05 [scheduling-1] DEBUG o.a.c.i.e.DefaultConfigurerResolver - Found configurer: org.apache.camel.spi.RestConfiguration via type: org.apache.camel.impl.RestConfigurationConfigurer via: META-INF/services/org/apache/camel/configurer/org.apache.camel.spi.RestConfiguration
2025-11-22 21:02:05 [scheduling-1] DEBUG o.a.c.i.e.DefaultConfigurerResolver - Found configurer: org.apache.camel.spi.RestConfiguration via type: org.apache.camel.impl.RestConfigurationConfigurer via: META-INF/services/org/apache/camel/configurer/org.apache.camel.spi.RestConfiguration
2025-11-22 21:02:05 [scheduling-1] DEBUG o.a.c.i.e.DefaultConfigurerResolver - Found configurer: org.apache.camel.spi.RestConfiguration via type: org.apache.camel.impl.RestConfigurationConfigurer via: META-INF/services/org/apache/camel/configurer/org.apache.camel.spi.RestConfiguration
2025-11-22 21:02:06 [scheduling-1] DEBUG o.a.c.i.engine.AbstractCamelContext - Using ComponentResolver: org.apache.camel.impl.engine.DefaultComponentResolver@7a8193ac to resolve component with name: rest
2025-11-22 21:02:06 [scheduling-1] DEBUG o.a.camel.support.ResolverHelper - Lookup Component with name rest in registry. Found: null
2025-11-22 21:02:06 [scheduling-1] DEBUG o.a.camel.support.ResolverHelper - Lookup Component with name rest-component in registry. Found: null
2025-11-22 21:02:06 [scheduling-1] DEBUG o.a.c.i.e.DefaultComponentResolver - Found component: rest via type: org.apache.camel.component.rest.RestComponent via: META-INF/services/org/apache/camel/component/rest
2025-11-22 21:02:06 [main] INFO  c.m.b.k.service.SequenceFixService - Sequence public.integration_mapping_id_seq synced to 37. setval returned 37
2025-11-22 21:02:06 [main] INFO  c.m.b.k.service.SequenceFixService - Sequence fix done.
2025-11-22 21:02:06 [main] DEBUG o.a.camel.spring.SpringCamelContext - onApplicationEvent: org.springframework.boot.availability.AvailabilityChangeEvent[source=org.springframework.boot.web.servlet.context.AnnotationConfigServletWebServerApplicationContext@47404bea, started on Sat Nov 22 21:01:06 EET 2025]
2025-11-22 21:02:06 [scheduling-1] DEBUG o.a.c.i.e.DefaultConfigurerResolver - Found configurer: rest-component via type: org.apache.camel.component.rest.RestComponentConfigurer via: META-INF/services/org/apache/camel/configurer/rest-component
2025-11-22 21:02:06 [scheduling-1] DEBUG o.a.c.i.e.DefaultConfigurerResolver - Found configurer: rest-endpoint via type: org.apache.camel.component.rest.RestEndpointConfigurer via: META-INF/services/org/apache/camel/configurer/rest-endpoint
2025-11-22 21:02:06 [RMI TCP Connection(3)-192.168.88.10] DEBUG o.a.c.i.health.AbstractHealthCheck - Invoke health-check (LIVENESS) camel/context
2025-11-22 21:02:06 [RMI TCP Connection(3)-192.168.88.10] DEBUG o.a.c.i.health.AbstractHealthCheck - Invoke health-check (READINESS) camel/context
2025-11-22 21:02:06 [RMI TCP Connection(3)-192.168.88.10] DEBUG o.a.c.i.health.AbstractHealthCheck - Invoke health-check (ALL) camel/context
2025-11-22 21:02:06 [RMI TCP Connection(4)-192.168.88.10] INFO  o.a.c.c.C.[Tomcat].[localhost].[/] - Initializing Spring DispatcherServlet 'dispatcherServlet'
2025-11-22 21:02:06 [RMI TCP Connection(4)-192.168.88.10] INFO  o.s.web.servlet.DispatcherServlet - Initializing Servlet 'dispatcherServlet'
2025-11-22 21:02:06 [RMI TCP Connection(4)-192.168.88.10] DEBUG o.s.web.servlet.DispatcherServlet - Detected StandardServletMultipartResolver
2025-11-22 21:02:06 [RMI TCP Connection(4)-192.168.88.10] DEBUG o.s.web.servlet.DispatcherServlet - Detected AcceptHeaderLocaleResolver
2025-11-22 21:02:06 [RMI TCP Connection(4)-192.168.88.10] DEBUG o.s.web.servlet.DispatcherServlet - Detected FixedThemeResolver
2025-11-22 21:02:06 [RMI TCP Connection(4)-192.168.88.10] DEBUG o.s.web.servlet.DispatcherServlet - Detected org.springframework.web.servlet.view.DefaultRequestToViewNameTranslator@5130ed87
2025-11-22 21:02:06 [RMI TCP Connection(4)-192.168.88.10] DEBUG o.s.web.servlet.DispatcherServlet - Detected org.springframework.web.servlet.support.SessionFlashMapManager@66a9ecdc
2025-11-22 21:02:06 [RMI TCP Connection(4)-192.168.88.10] DEBUG o.s.web.servlet.DispatcherServlet - enableLoggingRequestDetails='false': request parameters and headers will be masked to prevent unsafe logging of potentially sensitive data
2025-11-22 21:02:06 [RMI TCP Connection(4)-192.168.88.10] INFO  o.s.web.servlet.DispatcherServlet - Completed initialization in 24 ms
2025-11-22 21:02:06 [scheduling-1] DEBUG o.a.c.i.e.DefaultConfigurerResolver - Found configurer: rest-component via type: org.apache.camel.component.rest.RestComponentConfigurer via: META-INF/services/org/apache/camel/configurer/rest-component
2025-11-22 21:02:06 [scheduling-1] DEBUG o.a.camel.support.DefaultComponent - Creating endpoint uri=[rest://get:/api/hell], path=[get:/api/hell]
2025-11-22 21:02:06 [scheduling-1] DEBUG o.a.c.i.engine.AbstractCamelContext - rest://get:/api/hell converted to endpoint: rest://get:/api/hell by component: org.apache.camel.component.rest.RestComponent@10645cfb
2025-11-22 21:02:06 [scheduling-1] DEBUG o.a.c.i.engine.AbstractCamelContext - Using ComponentResolver: org.apache.camel.impl.engine.DefaultComponentResolver@7a8193ac to resolve component with name: integratedSystem
2025-11-22 21:02:06 [scheduling-1] DEBUG o.a.camel.support.ResolverHelper - Lookup Component with name integratedSystem in registry. Found: null
2025-11-22 21:02:06 [scheduling-1] DEBUG o.a.camel.support.ResolverHelper - Lookup Component with name integratedSystem-component in registry. Found: null
2025-11-22 21:02:06 [scheduling-1] DEBUG o.a.c.i.e.DefaultComponentResolver - Found component: integratedSystem via type: com.middleware.IntegratedSystemComponent via: META-INF/services/org/apache/camel/component/integratedSystem
2025-11-22 21:02:06 [scheduling-1] DEBUG o.a.c.i.e.DefaultConfigurerResolver - Found configurer: integratedSystem-component via type: com.middleware.IntegratedSystemComponentConfigurer via: META-INF/services/org/apache/camel/configurer/integratedSystem-component
2025-11-22 21:02:06 [scheduling-1] DEBUG o.a.c.i.e.DefaultConfigurerResolver - Found configurer: integratedSystem-endpoint via type: com.middleware.IntegratedSystemEndpointConfigurer via: META-INF/services/org/apache/camel/configurer/integratedSystem-endpoint
2025-11-22 21:02:06 [scheduling-1] DEBUG o.a.c.i.e.DefaultConfigurerResolver - Found configurer: integratedSystem-component via type: com.middleware.IntegratedSystemComponentConfigurer via: META-INF/services/org/apache/camel/configurer/integratedSystem-component
2025-11-22 21:02:06 [scheduling-1] DEBUG o.a.camel.support.DefaultComponent - Creating endpoint uri=[integratedSystem://null?code=DHIS2.STABLE], path=[null]
2025-11-22 21:02:06 [scheduling-1] INFO  c.m.IntegratedSystemComponent - Created IntegratedSystemEndpoint for URI: integratedSystem://null?code=DHIS2.STABLE
2025-11-22 21:02:06 [scheduling-1] DEBUG o.a.c.i.engine.AbstractCamelContext - integratedSystem://null?code=DHIS2.STABLE converted to endpoint: integratedSystem://null?code=DHIS2.STABLE by component: com.middleware.IntegratedSystemComponent@7764a8c1
2025-11-22 21:02:06 [scheduling-1] DEBUG o.a.camel.support.ResolverHelper - Found InternalProcessorFactory: org.apache.camel.processor.DefaultInternalProcessorFactory via: META-INF/services/org/apache/camel/internal-processor-factory
2025-11-22 21:02:06 [scheduling-1] DEBUG o.a.camel.support.ResolverHelper - Detected and using InternalProcessorFactory: org.apache.camel.processor.DefaultInternalProcessorFactory@a45aeca
2025-11-22 21:02:06 [scheduling-1] DEBUG o.a.c.i.engine.AbstractCamelContext - Using ComponentResolver: org.apache.camel.impl.engine.DefaultComponentResolver@7a8193ac to resolve component with name: https
2025-11-22 21:02:06 [scheduling-1] DEBUG o.a.camel.support.ResolverHelper - Lookup Component with name https in registry. Found: null
2025-11-22 21:02:06 [scheduling-1] DEBUG o.a.camel.support.ResolverHelper - Lookup Component with name https-component in registry. Found: null
2025-11-22 21:02:06 [scheduling-1] DEBUG o.a.c.i.e.DefaultComponentResolver - Found component: https via type: org.apache.camel.component.http.HttpComponent via: META-INF/services/org/apache/camel/component/https
2025-11-22 21:02:06 [scheduling-1] DEBUG o.a.c.i.e.DefaultConfigurerResolver - Found configurer: http-component via type: org.apache.camel.component.http.HttpComponentConfigurer via: META-INF/services/org/apache/camel/configurer/http-component
2025-11-22 21:02:07 [scheduling-1] DEBUG o.a.c.i.e.DefaultConfigurerResolver - Found configurer: http-endpoint via type: org.apache.camel.component.http.HttpEndpointConfigurer via: META-INF/services/org/apache/camel/configurer/http-endpoint
2025-11-22 21:02:07 [scheduling-1] DEBUG o.a.camel.support.DefaultComponent - Creating endpoint uri=[https://https://test.e2e.dhis2.org/ca-test-2.41/api/system/info?bridgeEndpoint=true], path=[https://test.e2e.dhis2.org/ca-test-2.41/api/system/info]
2025-11-22 21:02:07 [scheduling-1] DEBUG o.a.c.component.http.HttpComponent - Creating endpoint uri https://test.e2e.dhis2.org/ca-test-2.41/api/system/info?bridgeEndpoint=true
2025-11-22 21:02:07 [scheduling-1] DEBUG o.a.c.component.http.HttpComponent - Created ClientConnectionManager org.apache.hc.client5.http.impl.io.PoolingHttpClientConnectionManager@77f6d958
2025-11-22 21:02:07 [scheduling-1] DEBUG o.a.c.i.engine.AbstractCamelContext - https://https://test.e2e.dhis2.org/ca-test-2.41/api/system/info?bridgeEndpoint=true converted to endpoint: https://test.e2e.dhis2.org/ca-test-2.41/api/system/info?bridgeEndpoint=true by component: org.apache.camel.component.http.HttpComponent@7040e968
2025-11-22 21:02:07 [scheduling-1] DEBUG o.a.c.i.engine.AbstractCamelContext - Resolving language: simple
2025-11-22 21:02:07 [scheduling-1] DEBUG o.a.c.i.engine.AbstractCamelContext - Using ComponentResolver: org.apache.camel.impl.engine.DefaultComponentResolver@7a8193ac to resolve component with name: log
2025-11-22 21:02:07 [scheduling-1] DEBUG o.a.camel.support.ResolverHelper - Lookup Component with name log in registry. Found: null
2025-11-22 21:02:07 [scheduling-1] DEBUG o.a.camel.support.ResolverHelper - Lookup Component with name log-component in registry. Found: null
2025-11-22 21:02:07 [scheduling-1] DEBUG o.a.c.i.e.DefaultComponentResolver - Found component: log via type: org.apache.camel.component.log.LogComponent via: META-INF/services/org/apache/camel/component/log
2025-11-22 21:02:07 [scheduling-1] DEBUG o.a.c.i.e.DefaultConfigurerResolver - Found configurer: log-component via type: org.apache.camel.component.log.LogComponentConfigurer via: META-INF/services/org/apache/camel/configurer/log-component
2025-11-22 21:02:07 [scheduling-1] DEBUG o.a.c.i.e.DefaultConfigurerResolver - Found configurer: log-endpoint via type: org.apache.camel.component.log.LogEndpointConfigurer via: META-INF/services/org/apache/camel/configurer/log-endpoint
2025-11-22 21:02:07 [scheduling-1] DEBUG o.a.c.i.e.DefaultConfigurerResolver - Found configurer: log-component via type: org.apache.camel.component.log.LogComponentConfigurer via: META-INF/services/org/apache/camel/configurer/log-component
2025-11-22 21:02:07 [scheduling-1] DEBUG o.a.camel.support.DefaultComponent - Creating endpoint uri=[log://InfoLogger], path=[InfoLogger]
2025-11-22 21:02:07 [scheduling-1] DEBUG o.a.c.i.engine.AbstractCamelContext - log://InfoLogger converted to endpoint: log://InfoLogger by component: org.apache.camel.component.log.LogComponent@52bbfed0
2025-11-22 21:02:07 [scheduling-1] DEBUG o.apache.camel.reifier.RouteReifier - RoutePolicy is enabled: com.middleware.backend.policy.LoggingRoutePolicy@4e432578 on route: dhis2-system-info
2025-11-22 21:02:07 [scheduling-1] DEBUG o.a.c.i.e.InternalRouteStartupManager - Warming up route id: dhis2-system-info having autoStartup=true
2025-11-22 21:02:07 [scheduling-1] DEBUG o.a.c.i.engine.AbstractCamelContext - Using ComponentResolver: org.apache.camel.impl.engine.DefaultComponentResolver@7a8193ac to resolve component with name: servlet
2025-11-22 21:02:07 [scheduling-1] DEBUG o.a.camel.support.ResolverHelper - Lookup Component with name servlet in registry. Found: null
2025-11-22 21:02:07 [scheduling-1] DEBUG o.a.camel.support.ResolverHelper - Lookup Component with name servlet-component in registry. Found: org.apache.camel.component.servlet.ServletComponent@1d930573
2025-11-22 21:02:07 [scheduling-1] DEBUG o.a.c.i.e.DefaultConfigurerResolver - Found configurer: servlet-component via type: org.apache.camel.component.servlet.ServletComponentConfigurer via: META-INF/services/org/apache/camel/configurer/servlet-component
2025-11-22 21:02:07 [scheduling-1] DEBUG o.a.c.i.e.DefaultConfigurerResolver - Found configurer: servlet-endpoint via type: org.apache.camel.component.servlet.ServletEndpointConfigurer via: META-INF/services/org/apache/camel/configurer/servlet-endpoint
2025-11-22 21:02:07 [scheduling-1] DEBUG o.a.c.i.e.DefaultConfigurerResolver - Found configurer: servlet-component via type: org.apache.camel.component.servlet.ServletComponentConfigurer via: META-INF/services/org/apache/camel/configurer/servlet-component
2025-11-22 21:02:07 [scheduling-1] DEBUG o.a.camel.support.DefaultComponent - Creating endpoint uri=[servlet:///api/hell?httpMethodRestrict=GET], path=[/api/hell]
2025-11-22 21:02:07 [scheduling-1] DEBUG o.a.c.i.engine.AbstractCamelContext - servlet:///api/hell?httpMethodRestrict=GET converted to endpoint: servlet:/api/hell?httpMethodRestrict=GET by component: org.apache.camel.component.servlet.ServletComponent@1d930573
2025-11-22 21:02:07 [scheduling-1] DEBUG o.a.camel.support.ResolverHelper - Found RestRegistryFactory: org.apache.camel.component.rest.DefaultRestRegistryFactory via: META-INF/services/org/apache/camel/rest-registry-factory
2025-11-22 21:02:07 [scheduling-1] DEBUG o.a.camel.support.ResolverHelper - Detected and using RestRegistryFactory: org.apache.camel.component.rest.DefaultRestRegistryFactory@574c08d9
2025-11-22 21:02:07 [scheduling-1] DEBUG o.a.camel.support.DefaultProducer - Starting producer: Producer[integratedSystem://null?code=DHIS2.STABLE]
2025-11-22 21:02:07 [scheduling-1] DEBUG o.a.c.component.http.HttpEndpoint - Setup the HttpClientBuilder org.apache.hc.client5.http.impl.classic.HttpClientBuilder@5291888f
2025-11-22 21:02:07 [scheduling-1] DEBUG o.a.camel.support.DefaultProducer - Starting producer: Producer[https://test.e2e.dhis2.org/ca-test-2.41/api/system/info?bridgeEndpoint=true]
2025-11-22 21:02:07 [scheduling-1] DEBUG o.a.camel.support.DefaultProducer - Starting producer: Producer[log://InfoLogger]
2025-11-22 21:02:07 [scheduling-1] DEBUG o.a.c.i.e.InternalRouteStartupManager - Route: dhis2-system-info >>> Route[rest://get:/api/hell -> null]
2025-11-22 21:02:07 [scheduling-1] DEBUG o.a.c.i.e.InternalRouteStartupManager - Starting consumer (order: 1000) on route: dhis2-system-info
2025-11-22 21:02:07 [scheduling-1] DEBUG o.a.camel.support.DefaultConsumer - Build consumer: Consumer[servlet:/api/hell?httpMethodRestrict=GET]
2025-11-22 21:02:07 [scheduling-1] DEBUG o.a.camel.support.DefaultConsumer - Init consumer: Consumer[servlet:/api/hell?httpMethodRestrict=GET]
2025-11-22 21:02:07 [scheduling-1] DEBUG o.a.camel.support.DefaultConsumer - Starting consumer: Consumer[servlet:/api/hell?httpMethodRestrict=GET]
2025-11-22 21:02:07 [scheduling-1] DEBUG o.a.c.h.common.DefaultHttpRegistry - Registering consumer for path /api/hell providers present: 1
2025-11-22 21:02:07 [scheduling-1] DEBUG o.a.c.c.s.CamelHttpTransportServlet - Connecting consumer: Consumer[servlet:/api/hell?httpMethodRestrict=GET]
2025-11-22 21:02:07 [scheduling-1] DEBUG o.a.c.i.e.InternalRouteStartupManager - Route: dhis2-system-info started and consuming from: servlet:/api/hell
2025-11-22 21:02:07 [scheduling-1] DEBUG o.a.c.i.e.InternalRouteStartupManager - Warming up route id: dhis2-system-info having autoStartup=true
2025-11-22 21:02:07 [scheduling-1] DEBUG o.a.c.i.e.InternalRouteStartupManager - Route: dhis2-system-info >>> Route[rest://get:/api/hell -> null]
2025-11-22 21:02:07 [scheduling-1] DEBUG o.a.c.i.e.InternalRouteStartupManager - Starting consumer (order: 1001) on route: dhis2-system-info
2025-11-22 21:02:07 [scheduling-1] DEBUG o.a.c.i.e.InternalRouteStartupManager - Route: dhis2-system-info started and consuming from: servlet:/api/hell
2025-11-22 21:02:07 [scheduling-1] INFO  c.m.b.k.service.DynamicRouteService - Re-added route dhis2-system-info to context (DB says active)
2025-11-22 21:02:07 [scheduling-1] DEBUG o.a.c.i.engine.AbstractCamelContext - Adding route configurations from builder: Routes: []
2025-11-22 21:02:07 [scheduling-1] DEBUG o.a.c.i.engine.AbstractCamelContext - Adding routes from builder: Routes: []
2025-11-22 21:02:07 [scheduling-1] DEBUG o.a.c.i.e.DefaultUriFactoryResolver - Found EndpointUriFactory: servlet via type: org.apache.camel.component.servlet.ServletEndpointUriFactory via: META-INF/services/org/apache/camel/urifactory/servlet
2025-11-22 21:02:07 [scheduling-1] DEBUG o.a.camel.support.DefaultComponent - Creating endpoint uri=[servlet:///external-user/*?httpMethodRestrict=GET], path=[/external-user/*]
2025-11-22 21:02:07 [scheduling-1] DEBUG o.a.c.i.engine.AbstractCamelContext - servlet:///external-user/*?httpMethodRestrict=GET converted to endpoint: servlet:/external-user/*?httpMethodRestrict=GET by component: org.apache.camel.component.servlet.ServletComponent@1d930573
2025-11-22 21:02:08 [scheduling-1] DEBUG o.a.c.i.engine.AbstractCamelContext - Resolving language: simple
2025-11-22 21:02:08 [scheduling-1] DEBUG o.a.c.i.engine.AbstractCamelContext - Resolving language: bean
2025-11-22 21:02:08 [scheduling-1] DEBUG o.a.camel.support.ResolverHelper - Lookup Language with name bean in registry. Found: null
2025-11-22 21:02:08 [scheduling-1] DEBUG o.a.camel.support.ResolverHelper - Lookup Language with name bean-language in registry. Found: null
2025-11-22 21:02:08 [scheduling-1] DEBUG o.a.c.i.engine.AbstractCamelContext - Using ComponentResolver: org.apache.camel.impl.engine.DefaultComponentResolver@7a8193ac to resolve component with name: bean
2025-11-22 21:02:08 [scheduling-1] DEBUG o.a.camel.support.ResolverHelper - Lookup Component with name bean in registry. Found: null
2025-11-22 21:02:08 [scheduling-1] DEBUG o.a.camel.support.ResolverHelper - Lookup Component with name bean-component in registry. Found: null
2025-11-22 21:02:08 [scheduling-1] DEBUG o.a.c.i.e.DefaultComponentResolver - Found component: bean via type: org.apache.camel.component.bean.BeanComponent via: META-INF/services/org/apache/camel/component/bean
2025-11-22 21:02:08 [scheduling-1] DEBUG o.a.c.i.e.DefaultConfigurerResolver - Found configurer: bean-component via type: org.apache.camel.component.bean.BeanComponentConfigurer via: META-INF/services/org/apache/camel/configurer/bean-component
2025-11-22 21:02:08 [scheduling-1] DEBUG o.a.c.i.e.DefaultConfigurerResolver - Found configurer: bean-endpoint via type: org.apache.camel.component.bean.BeanEndpointConfigurer via: META-INF/services/org/apache/camel/configurer/bean-endpoint
2025-11-22 21:02:08 [scheduling-1] DEBUG o.a.c.component.bean.BeanComponent - Creating BeanInfo with maximum cache size: 1000
2025-11-22 21:02:08 [scheduling-1] DEBUG o.a.c.i.e.DefaultConfigurerResolver - Found configurer: bean-component via type: org.apache.camel.component.bean.BeanComponentConfigurer via: META-INF/services/org/apache/camel/configurer/bean-component
2025-11-22 21:02:08 [scheduling-1] DEBUG o.a.c.i.engine.AbstractCamelContext - Resolving language: simple
2025-11-22 21:02:08 [scheduling-1] DEBUG o.a.c.i.engine.AbstractCamelContext - Resolving language: bean
2025-11-22 21:02:08 [scheduling-1] DEBUG o.a.c.i.engine.AbstractCamelContext - Resolving language: constant
2025-11-22 21:02:08 [scheduling-1] DEBUG o.a.camel.support.ResolverHelper - Lookup Language with name constant in registry. Found: null
2025-11-22 21:02:08 [scheduling-1] DEBUG o.a.camel.support.ResolverHelper - Lookup Language with name constant-language in registry. Found: null
2025-11-22 21:02:08 [scheduling-1] DEBUG o.a.c.i.engine.AbstractCamelContext - Resolving language: constant
2025-11-22 21:02:08 [scheduling-1] DEBUG o.a.c.i.engine.AbstractCamelContext - Resolving language: constant
2025-11-22 21:02:08 [scheduling-1] DEBUG o.a.c.i.engine.AbstractCamelContext - Resolving language: simple
2025-11-22 21:02:08 [scheduling-1] DEBUG o.apache.camel.reifier.RouteReifier - RoutePolicy is enabled: com.middleware.backend.policy.LoggingRoutePolicy@5ad72cd8 on route: get-user-from-api
2025-11-22 21:02:08 [scheduling-1] DEBUG o.a.c.i.e.InternalRouteStartupManager - Warming up route id: get-user-from-api having autoStartup=true
2025-11-22 21:02:08 [scheduling-1] DEBUG o.a.c.p.SendDynamicAwareResolver - Found SendDynamicAware: org.apache.camel.component.http.HttpSendDynamicAware via: META-INF/services/org/apache/camel/send-dynamic/https
2025-11-22 21:02:08 [scheduling-1] DEBUG o.a.c.processor.SendDynamicProcessor - Detected SendDynamicAware component: https optimising toD: https://jsonplaceholder.typicode.com/users/${header.id}?bridgeEndpoint=true&throwExceptionOnFailure=false
2025-11-22 21:02:08 [scheduling-1] DEBUG o.a.c.i.e.DefaultUriFactoryResolver - Found EndpointUriFactory: https via type: org.apache.camel.component.http.HttpEndpointUriFactory via: META-INF/services/org/apache/camel/urifactory/https
2025-11-22 21:02:08 [scheduling-1] DEBUG o.a.c.processor.SendDynamicProcessor - DynamicSendTo toD1 using ProducerCache with cacheSize=0
2025-11-22 21:02:08 [scheduling-1] DEBUG o.a.c.i.e.InternalRouteStartupManager - Route: get-user-from-api >>> Route[servlet:/external-user/*?httpMethodRestrict=GET -> null]
2025-11-22 21:02:08 [scheduling-1] DEBUG o.a.c.i.e.InternalRouteStartupManager - Starting consumer (order: 1002) on route: get-user-from-api
2025-11-22 21:02:08 [scheduling-1] DEBUG o.a.camel.support.DefaultConsumer - Build consumer: Consumer[servlet:/external-user/*?httpMethodRestrict=GET]
2025-11-22 21:02:08 [scheduling-1] DEBUG o.a.camel.support.DefaultConsumer - Init consumer: Consumer[servlet:/external-user/*?httpMethodRestrict=GET]
2025-11-22 21:02:08 [scheduling-1] DEBUG o.a.camel.support.DefaultConsumer - Starting consumer: Consumer[servlet:/external-user/*?httpMethodRestrict=GET]
2025-11-22 21:02:08 [scheduling-1] DEBUG o.a.c.h.common.DefaultHttpRegistry - Registering consumer for path /external-user/* providers present: 1
2025-11-22 21:02:08 [scheduling-1] DEBUG o.a.c.c.s.CamelHttpTransportServlet - Connecting consumer: Consumer[servlet:/external-user/*?httpMethodRestrict=GET]
2025-11-22 21:02:08 [scheduling-1] DEBUG o.a.c.i.e.InternalRouteStartupManager - Route: get-user-from-api started and consuming from: servlet:/external-user/*
2025-11-22 21:02:08 [scheduling-1] DEBUG o.a.c.i.e.InternalRouteStartupManager - Warming up route id: get-user-from-api having autoStartup=true
2025-11-22 21:02:08 [scheduling-1] DEBUG o.a.c.i.e.InternalRouteStartupManager - Route: get-user-from-api >>> Route[servlet:/external-user/*?httpMethodRestrict=GET -> null]
2025-11-22 21:02:08 [scheduling-1] DEBUG o.a.c.i.e.InternalRouteStartupManager - Starting consumer (order: 1003) on route: get-user-from-api
2025-11-22 21:02:08 [scheduling-1] DEBUG o.a.c.i.e.InternalRouteStartupManager - Route: get-user-from-api started and consuming from: servlet:/external-user/*
2025-11-22 21:02:08 [scheduling-1] INFO  c.m.b.k.service.DynamicRouteService - Re-added route get-user-from-api to context (DB says active)
2025-11-22 21:02:08 [scheduling-1] DEBUG o.a.c.i.engine.AbstractCamelContext - Adding route configurations from builder: Routes: []
2025-11-22 21:02:08 [scheduling-1] DEBUG o.a.c.i.engine.AbstractCamelContext - Adding routes from builder: Routes: []
2025-11-22 21:02:08 [scheduling-1] DEBUG o.a.c.i.e.DefaultUriFactoryResolver - Found EndpointUriFactory: integrationmapping via type: com.middleware.IntegrationMappingEndpointUriFactory via: META-INF/services/org/apache/camel/urifactory/integrationmapping
2025-11-22 21:02:08 [scheduling-1] DEBUG o.a.c.i.e.DefaultUriFactoryResolver - Found EndpointUriFactory: rest via type: org.apache.camel.component.rest.RestEndpointUriFactory via: META-INF/services/org/apache/camel/urifactory/rest
2025-11-22 21:02:08 [scheduling-1] DEBUG o.a.camel.support.DefaultComponent - Creating endpoint uri=[rest://get:/HealthCenter], path=[get:/HealthCenter]
2025-11-22 21:02:08 [scheduling-1] DEBUG o.a.c.i.engine.AbstractCamelContext - rest://get:/HealthCenter converted to endpoint: rest://get:/HealthCenter by component: org.apache.camel.component.rest.RestComponent@10645cfb
2025-11-22 21:02:08 [scheduling-1] DEBUG o.a.c.i.engine.AbstractCamelContext - Using ComponentResolver: org.apache.camel.impl.engine.DefaultComponentResolver@7a8193ac to resolve component with name: integrationmapping
2025-11-22 21:02:08 [scheduling-1] DEBUG o.a.camel.support.ResolverHelper - Lookup Component with name integrationmapping in registry. Found: com.middleware.IntegrationMappingComponent@5eb23278
2025-11-22 21:02:08 [scheduling-1] DEBUG o.a.c.i.e.DefaultConfigurerResolver - Found configurer: integrationmapping-component via type: com.middleware.IntegrationMappingComponentConfigurer via: META-INF/services/org/apache/camel/configurer/integrationmapping-component
2025-11-22 21:02:08 [scheduling-1] DEBUG o.a.c.i.e.DefaultConfigurerResolver - Found configurer: integrationmapping-endpoint via type: com.middleware.IntegrationMappingEndpointConfigurer via: META-INF/services/org/apache/camel/configurer/integrationmapping-endpoint
2025-11-22 21:02:08 [scheduling-1] DEBUG o.a.c.i.e.DefaultConfigurerResolver - Found configurer: integrationmapping-component via type: com.middleware.IntegrationMappingComponentConfigurer via: META-INF/services/org/apache/camel/configurer/integrationmapping-component
2025-11-22 21:02:08 [scheduling-1] DEBUG o.a.camel.support.DefaultComponent - Creating endpoint uri=[integrationmapping://null?code=default], path=[null]
2025-11-22 21:02:08 [scheduling-1] INFO  c.m.IntegrationMappingEndpoint - IntegrationMappingEndpoint created for URI: integrationmapping://null?code=default
2025-11-22 21:02:08 [scheduling-1] DEBUG o.a.c.i.engine.AbstractCamelContext - integrationmapping://null?code=default converted to endpoint: integrationmapping://null?code=default by component: com.middleware.IntegrationMappingComponent@5eb23278
2025-11-22 21:02:08 [scheduling-1] DEBUG o.apache.camel.reifier.RouteReifier - RoutePolicy is enabled: com.middleware.backend.policy.LoggingRoutePolicy@4f7a60d2 on route: HealthCenter-mapping
2025-11-22 21:02:08 [scheduling-1] DEBUG o.a.c.i.e.InternalRouteStartupManager - Warming up route id: HealthCenter-mapping having autoStartup=true
2025-11-22 21:02:08 [scheduling-1] DEBUG o.a.camel.support.DefaultComponent - Creating endpoint uri=[servlet:///HealthCenter?httpMethodRestrict=GET], path=[/HealthCenter]
2025-11-22 21:02:08 [scheduling-1] DEBUG o.a.c.i.engine.AbstractCamelContext - servlet:///HealthCenter?httpMethodRestrict=GET converted to endpoint: servlet:/HealthCenter?httpMethodRestrict=GET by component: org.apache.camel.component.servlet.ServletComponent@1d930573
2025-11-22 21:02:08 [scheduling-1] INFO  c.m.IntegrationMappingEndpoint - Creating IntegrationMappingProducer for endpoint: integrationmapping://null?code=default with mapping: null
2025-11-22 21:02:08 [scheduling-1] DEBUG o.a.camel.support.DefaultProducer - Starting producer: Producer[integrationmapping://null?code=default]
2025-11-22 21:02:08 [scheduling-1] DEBUG o.a.c.i.e.InternalRouteStartupManager - Route: HealthCenter-mapping >>> Route[rest://get:/HealthCenter -> null]
2025-11-22 21:02:08 [scheduling-1] DEBUG o.a.c.i.e.InternalRouteStartupManager - Starting consumer (order: 1004) on route: HealthCenter-mapping
2025-11-22 21:02:08 [scheduling-1] DEBUG o.a.camel.support.DefaultConsumer - Build consumer: Consumer[servlet:/HealthCenter?httpMethodRestrict=GET]
2025-11-22 21:02:08 [scheduling-1] DEBUG o.a.camel.support.DefaultConsumer - Init consumer: Consumer[servlet:/HealthCenter?httpMethodRestrict=GET]
2025-11-22 21:02:08 [scheduling-1] DEBUG o.a.camel.support.DefaultConsumer - Starting consumer: Consumer[servlet:/HealthCenter?httpMethodRestrict=GET]
2025-11-22 21:02:08 [scheduling-1] DEBUG o.a.c.h.common.DefaultHttpRegistry - Registering consumer for path /HealthCenter providers present: 1
2025-11-22 21:02:08 [scheduling-1] DEBUG o.a.c.c.s.CamelHttpTransportServlet - Connecting consumer: Consumer[servlet:/HealthCenter?httpMethodRestrict=GET]
2025-11-22 21:02:08 [scheduling-1] DEBUG o.a.c.i.e.InternalRouteStartupManager - Route: HealthCenter-mapping started and consuming from: servlet:/HealthCenter
2025-11-22 21:02:08 [scheduling-1] DEBUG o.a.c.i.e.InternalRouteStartupManager - Warming up route id: HealthCenter-mapping having autoStartup=true
2025-11-22 21:02:08 [scheduling-1] DEBUG o.a.c.i.e.InternalRouteStartupManager - Route: HealthCenter-mapping >>> Route[rest://get:/HealthCenter -> null]
2025-11-22 21:02:08 [scheduling-1] DEBUG o.a.c.i.e.InternalRouteStartupManager - Starting consumer (order: 1005) on route: HealthCenter-mapping
2025-11-22 21:02:08 [scheduling-1] DEBUG o.a.c.i.e.InternalRouteStartupManager - Route: HealthCenter-mapping started and consuming from: servlet:/HealthCenter
2025-11-22 21:02:08 [scheduling-1] INFO  c.m.b.k.service.DynamicRouteService - Re-added route HealthCenter-mapping to context (DB says active)
2025-11-22 21:02:08 [scheduling-1] DEBUG o.a.c.i.engine.AbstractCamelContext - Adding route configurations from builder: Routes: []
2025-11-22 21:02:08 [scheduling-1] DEBUG o.a.c.i.engine.AbstractCamelContext - Adding routes from builder: Routes: []
2025-11-22 21:02:08 [scheduling-1] DEBUG o.a.c.i.e.DefaultUriFactoryResolver - Found EndpointUriFactory: integratedSystem via type: com.middleware.IntegratedSystemEndpointUriFactory via: META-INF/services/org/apache/camel/urifactory/integratedSystem
2025-11-22 21:02:08 [scheduling-1] DEBUG o.a.c.i.e.DefaultUriFactoryResolver - Found EndpointUriFactory: https via type: org.apache.camel.component.http.HttpEndpointUriFactory via: META-INF/services/org/apache/camel/urifactory/https
2025-11-22 21:02:08 [scheduling-1] DEBUG o.a.c.i.e.DefaultUriFactoryResolver - Found EndpointUriFactory: rest via type: org.apache.camel.component.rest.RestEndpointUriFactory via: META-INF/services/org/apache/camel/urifactory/rest
2025-11-22 21:02:08 [scheduling-1] DEBUG o.a.camel.support.DefaultComponent - Creating endpoint uri=[rest://get:/api/hello], path=[get:/api/hello]
2025-11-22 21:02:08 [scheduling-1] DEBUG o.a.c.i.engine.AbstractCamelContext - rest://get:/api/hello converted to endpoint: rest://get:/api/hello by component: org.apache.camel.component.rest.RestComponent@10645cfb
2025-11-22 21:02:08 [scheduling-1] DEBUG o.a.camel.support.DefaultComponent - Creating endpoint uri=[integratedSystem://null?code=DHIS2.DWH], path=[null]
2025-11-22 21:02:08 [scheduling-1] INFO  c.m.IntegratedSystemComponent - Created IntegratedSystemEndpoint for URI: integratedSystem://null?code=DHIS2.DWH
2025-11-22 21:02:08 [scheduling-1] DEBUG o.a.c.i.engine.AbstractCamelContext - integratedSystem://null?code=DHIS2.DWH converted to endpoint: integratedSystem://null?code=DHIS2.DWH by component: com.middleware.IntegratedSystemComponent@7764a8c1
2025-11-22 21:02:08 [scheduling-1] DEBUG o.a.camel.support.DefaultComponent - Creating endpoint uri=[https://hmis-dev.moh.gov.jo/dwh/api/system/info?bridgeEndpoint=true], path=[hmis-dev.moh.gov.jo/dwh/api/system/info]
2025-11-22 21:02:08 [scheduling-1] DEBUG o.a.c.component.http.HttpComponent - Creating endpoint uri https://hmis-dev.moh.gov.jo/dwh/api/system/info?bridgeEndpoint=true
2025-11-22 21:02:08 [scheduling-1] DEBUG o.a.c.component.http.HttpComponent - Created ClientConnectionManager org.apache.hc.client5.http.impl.io.PoolingHttpClientConnectionManager@424c9f8
2025-11-22 21:02:08 [scheduling-1] DEBUG o.a.c.i.engine.AbstractCamelContext - https://hmis-dev.moh.gov.jo/dwh/api/system/info?bridgeEndpoint=true converted to endpoint: https://hmis-dev.moh.gov.jo/dwh/api/system/info?bridgeEndpoint=true by component: org.apache.camel.component.http.HttpComponent@7040e968
2025-11-22 21:02:08 [scheduling-1] DEBUG o.a.c.i.engine.AbstractCamelContext - Resolving language: simple
2025-11-22 21:02:08 [scheduling-1] DEBUG o.apache.camel.reifier.RouteReifier - RoutePolicy is enabled: com.middleware.backend.policy.LoggingRoutePolicy@4f5835a5 on route: my-new-route
2025-11-22 21:02:08 [scheduling-1] DEBUG o.a.c.i.e.InternalRouteStartupManager - Warming up route id: my-new-route having autoStartup=true
2025-11-22 21:02:08 [scheduling-1] DEBUG o.a.camel.support.DefaultComponent - Creating endpoint uri=[servlet:///api/hello?httpMethodRestrict=GET], path=[/api/hello]
2025-11-22 21:02:08 [scheduling-1] DEBUG o.a.c.i.engine.AbstractCamelContext - servlet:///api/hello?httpMethodRestrict=GET converted to endpoint: servlet:/api/hello?httpMethodRestrict=GET by component: org.apache.camel.component.servlet.ServletComponent@1d930573
2025-11-22 21:02:08 [scheduling-1] DEBUG o.a.camel.support.DefaultProducer - Starting producer: Producer[integratedSystem://null?code=DHIS2.DWH]
2025-11-22 21:02:08 [scheduling-1] DEBUG o.a.c.component.http.HttpEndpoint - Setup the HttpClientBuilder org.apache.hc.client5.http.impl.classic.HttpClientBuilder@53070302
2025-11-22 21:02:08 [scheduling-1] DEBUG o.a.camel.support.DefaultProducer - Starting producer: Producer[https://hmis-dev.moh.gov.jo/dwh/api/system/info?bridgeEndpoint=true]
2025-11-22 21:02:08 [scheduling-1] DEBUG o.a.camel.support.DefaultProducer - Starting producer: Producer[log://InfoLogger]
2025-11-22 21:02:08 [scheduling-1] DEBUG o.a.c.i.e.InternalRouteStartupManager - Route: my-new-route >>> Route[rest://get:/api/hello -> null]
2025-11-22 21:02:08 [scheduling-1] DEBUG o.a.c.i.e.InternalRouteStartupManager - Starting consumer (order: 1006) on route: my-new-route
2025-11-22 21:02:08 [scheduling-1] DEBUG o.a.camel.support.DefaultConsumer - Build consumer: Consumer[servlet:/api/hello?httpMethodRestrict=GET]
2025-11-22 21:02:08 [scheduling-1] DEBUG o.a.camel.support.DefaultConsumer - Init consumer: Consumer[servlet:/api/hello?httpMethodRestrict=GET]
2025-11-22 21:02:08 [scheduling-1] DEBUG o.a.camel.support.DefaultConsumer - Starting consumer: Consumer[servlet:/api/hello?httpMethodRestrict=GET]
2025-11-22 21:02:08 [scheduling-1] DEBUG o.a.c.h.common.DefaultHttpRegistry - Registering consumer for path /api/hello providers present: 1
2025-11-22 21:02:08 [scheduling-1] DEBUG o.a.c.c.s.CamelHttpTransportServlet - Connecting consumer: Consumer[servlet:/api/hello?httpMethodRestrict=GET]
2025-11-22 21:02:08 [scheduling-1] DEBUG o.a.c.i.e.InternalRouteStartupManager - Route: my-new-route started and consuming from: servlet:/api/hello
2025-11-22 21:02:08 [scheduling-1] DEBUG o.a.c.i.e.InternalRouteStartupManager - Warming up route id: my-new-route having autoStartup=true
2025-11-22 21:02:08 [scheduling-1] DEBUG o.a.c.i.e.InternalRouteStartupManager - Route: my-new-route >>> Route[rest://get:/api/hello -> null]
2025-11-22 21:02:08 [scheduling-1] DEBUG o.a.c.i.e.InternalRouteStartupManager - Starting consumer (order: 1007) on route: my-new-route
2025-11-22 21:02:08 [scheduling-1] DEBUG o.a.c.i.e.InternalRouteStartupManager - Route: my-new-route started and consuming from: servlet:/api/hello
2025-11-22 21:02:08 [scheduling-1] INFO  c.m.b.k.service.DynamicRouteService - Re-added route my-new-route to context (DB says active)
2025-11-22 21:02:08 [scheduling-1] DEBUG o.a.c.i.engine.AbstractCamelContext - Adding route configurations from builder: Routes: []
2025-11-22 21:02:08 [scheduling-1] DEBUG o.a.c.i.engine.AbstractCamelContext - Adding routes from builder: Routes: []
2025-11-22 21:02:08 [scheduling-1] DEBUG o.a.c.i.e.DefaultUriFactoryResolver - Found EndpointUriFactory: integrationmapping via type: com.middleware.IntegrationMappingEndpointUriFactory via: META-INF/services/org/apache/camel/urifactory/integrationmapping
2025-11-22 21:02:08 [scheduling-1] DEBUG o.a.c.i.e.DefaultUriFactoryResolver - Found EndpointUriFactory: rest via type: org.apache.camel.component.rest.RestEndpointUriFactory via: META-INF/services/org/apache/camel/urifactory/rest
2025-11-22 21:02:08 [scheduling-1] DEBUG o.a.camel.support.DefaultComponent - Creating endpoint uri=[rest://get:/v1/hospitales], path=[get:/v1/hospitales]
2025-11-22 21:02:08 [scheduling-1] DEBUG o.a.c.i.engine.AbstractCamelContext - rest://get:/v1/hospitales converted to endpoint: rest://get:/v1/hospitales by component: org.apache.camel.component.rest.RestComponent@10645cfb
2025-11-22 21:02:08 [scheduling-1] DEBUG o.apache.camel.reifier.RouteReifier - RoutePolicy is enabled: com.middleware.backend.policy.LoggingRoutePolicy@43901e22 on route: Hospital_HealthMap_Mappin
2025-11-22 21:02:08 [scheduling-1] DEBUG o.a.c.i.e.InternalRouteStartupManager - Warming up route id: Hospital_HealthMap_Mappin having autoStartup=true
2025-11-22 21:02:08 [scheduling-1] DEBUG o.a.camel.support.DefaultComponent - Creating endpoint uri=[servlet:///v1/hospitales?httpMethodRestrict=GET], path=[/v1/hospitales]
2025-11-22 21:02:08 [scheduling-1] DEBUG o.a.c.i.engine.AbstractCamelContext - servlet:///v1/hospitales?httpMethodRestrict=GET converted to endpoint: servlet:/v1/hospitales?httpMethodRestrict=GET by component: org.apache.camel.component.servlet.ServletComponent@1d930573
2025-11-22 21:02:08 [scheduling-1] INFO  c.m.IntegrationMappingEndpoint - Creating IntegrationMappingProducer for endpoint: integrationmapping://null?code=default with mapping: null
2025-11-22 21:02:08 [scheduling-1] DEBUG o.a.camel.support.DefaultProducer - Starting producer: Producer[integrationmapping://null?code=default]
2025-11-22 21:02:08 [scheduling-1] DEBUG o.a.c.i.e.InternalRouteStartupManager - Route: Hospital_HealthMap_Mappin >>> Route[rest://get:/v1/hospitales -> null]
2025-11-22 21:02:08 [scheduling-1] DEBUG o.a.c.i.e.InternalRouteStartupManager - Starting consumer (order: 1008) on route: Hospital_HealthMap_Mappin
2025-11-22 21:02:08 [scheduling-1] DEBUG o.a.camel.support.DefaultConsumer - Build consumer: Consumer[servlet:/v1/hospitales?httpMethodRestrict=GET]
2025-11-22 21:02:08 [scheduling-1] DEBUG o.a.camel.support.DefaultConsumer - Init consumer: Consumer[servlet:/v1/hospitales?httpMethodRestrict=GET]
2025-11-22 21:02:08 [scheduling-1] DEBUG o.a.camel.support.DefaultConsumer - Starting consumer: Consumer[servlet:/v1/hospitales?httpMethodRestrict=GET]
2025-11-22 21:02:08 [scheduling-1] DEBUG o.a.c.h.common.DefaultHttpRegistry - Registering consumer for path /v1/hospitales providers present: 1
2025-11-22 21:02:08 [scheduling-1] DEBUG o.a.c.c.s.CamelHttpTransportServlet - Connecting consumer: Consumer[servlet:/v1/hospitales?httpMethodRestrict=GET]
2025-11-22 21:02:08 [scheduling-1] DEBUG o.a.c.i.e.InternalRouteStartupManager - Route: Hospital_HealthMap_Mappin started and consuming from: servlet:/v1/hospitales
2025-11-22 21:02:08 [scheduling-1] DEBUG o.a.c.i.e.InternalRouteStartupManager - Warming up route id: Hospital_HealthMap_Mappin having autoStartup=true
2025-11-22 21:02:08 [scheduling-1] DEBUG o.a.c.i.e.InternalRouteStartupManager - Route: Hospital_HealthMap_Mappin >>> Route[rest://get:/v1/hospitales -> null]
2025-11-22 21:02:08 [scheduling-1] DEBUG o.a.c.i.e.InternalRouteStartupManager - Starting consumer (order: 1009) on route: Hospital_HealthMap_Mappin
2025-11-22 21:02:08 [scheduling-1] DEBUG o.a.c.i.e.InternalRouteStartupManager - Route: Hospital_HealthMap_Mappin started and consuming from: servlet:/v1/hospitales
2025-11-22 21:02:08 [scheduling-1] INFO  c.m.b.k.service.DynamicRouteService - Re-added route Hospital_HealthMap_Mappin to context (DB says active)
2025-11-22 21:02:08 [scheduling-1] DEBUG o.a.c.i.engine.AbstractCamelContext - Adding route configurations from builder: Routes: []
2025-11-22 21:02:08 [scheduling-1] DEBUG o.a.c.i.engine.AbstractCamelContext - Adding routes from builder: Routes: []
2025-11-22 21:02:08 [scheduling-1] DEBUG o.a.c.i.e.DefaultUriFactoryResolver - Found EndpointUriFactory: integratedSystem via type: com.middleware.IntegratedSystemEndpointUriFactory via: META-INF/services/org/apache/camel/urifactory/integratedSystem
2025-11-22 21:02:08 [scheduling-1] DEBUG o.a.c.i.e.DefaultUriFactoryResolver - Found EndpointUriFactory: servlet via type: org.apache.camel.component.servlet.ServletEndpointUriFactory via: META-INF/services/org/apache/camel/urifactory/servlet
2025-11-22 21:02:08 [scheduling-1] DEBUG o.a.camel.support.DefaultComponent - Creating endpoint uri=[servlet:///v1/datasets?httpMethodRestrict=POST], path=[/v1/datasets]
2025-11-22 21:02:08 [scheduling-1] DEBUG o.a.c.i.engine.AbstractCamelContext - servlet:///v1/datasets?httpMethodRestrict=POST converted to endpoint: servlet:/v1/datasets?httpMethodRestrict=POST by component: org.apache.camel.component.servlet.ServletComponent@1d930573
2025-11-22 21:02:08 [scheduling-1] DEBUG o.apache.camel.reifier.RouteReifier - RoutePolicy is enabled: com.middleware.backend.policy.LoggingRoutePolicy@6a6e9b47 on route: dhis2-upload-csv
2025-11-22 21:02:08 [scheduling-1] DEBUG o.a.c.i.e.InternalRouteStartupManager - Warming up route id: dhis2-upload-csv having autoStartup=true
2025-11-22 21:02:08 [scheduling-1] DEBUG o.a.camel.support.DefaultProducer - Starting producer: Producer[integratedSystem://null?code=DHIS2.STABLE]
2025-11-22 21:02:08 [scheduling-1] DEBUG o.a.c.i.e.InternalRouteStartupManager - Route: dhis2-upload-csv >>> Route[servlet:/v1/datasets?httpMethodRestrict=POST -> null]
2025-11-22 21:02:08 [scheduling-1] DEBUG o.a.c.i.e.InternalRouteStartupManager - Starting consumer (order: 1010) on route: dhis2-upload-csv
2025-11-22 21:02:08 [scheduling-1] DEBUG o.a.camel.support.DefaultConsumer - Build consumer: Consumer[servlet:/v1/datasets?httpMethodRestrict=POST]
2025-11-22 21:02:08 [scheduling-1] DEBUG o.a.camel.support.DefaultConsumer - Init consumer: Consumer[servlet:/v1/datasets?httpMethodRestrict=POST]
2025-11-22 21:02:08 [scheduling-1] DEBUG o.a.camel.support.DefaultConsumer - Starting consumer: Consumer[servlet:/v1/datasets?httpMethodRestrict=POST]
2025-11-22 21:02:08 [scheduling-1] DEBUG o.a.c.h.common.DefaultHttpRegistry - Registering consumer for path /v1/datasets providers present: 1
2025-11-22 21:02:08 [scheduling-1] DEBUG o.a.c.c.s.CamelHttpTransportServlet - Connecting consumer: Consumer[servlet:/v1/datasets?httpMethodRestrict=POST]
2025-11-22 21:02:08 [scheduling-1] DEBUG o.a.c.i.e.InternalRouteStartupManager - Route: dhis2-upload-csv started and consuming from: servlet:/v1/datasets
2025-11-22 21:02:08 [scheduling-1] DEBUG o.a.c.i.e.InternalRouteStartupManager - Warming up route id: dhis2-upload-csv having autoStartup=true
2025-11-22 21:02:08 [scheduling-1] DEBUG o.a.c.i.e.InternalRouteStartupManager - Route: dhis2-upload-csv >>> Route[servlet:/v1/datasets?httpMethodRestrict=POST -> null]
2025-11-22 21:02:08 [scheduling-1] DEBUG o.a.c.i.e.InternalRouteStartupManager - Starting consumer (order: 1011) on route: dhis2-upload-csv
2025-11-22 21:02:08 [scheduling-1] DEBUG o.a.c.i.e.InternalRouteStartupManager - Route: dhis2-upload-csv started and consuming from: servlet:/v1/datasets
2025-11-22 21:02:08 [scheduling-1] INFO  c.m.b.k.service.DynamicRouteService - Re-added route dhis2-upload-csv to context (DB says active)
2025-11-22 21:02:08 [scheduling-1] DEBUG o.a.c.i.engine.AbstractCamelContext - Adding route configurations from builder: Routes: []
2025-11-22 21:02:08 [scheduling-1] DEBUG o.a.c.i.engine.AbstractCamelContext - Adding routes from builder: Routes: []
2025-11-22 21:02:08 [scheduling-1] DEBUG o.a.c.i.e.DefaultUriFactoryResolver - Found EndpointUriFactory: servlet via type: org.apache.camel.component.servlet.ServletEndpointUriFactory via: META-INF/services/org/apache/camel/urifactory/servlet
2025-11-22 21:02:08 [scheduling-1] DEBUG o.a.camel.support.DefaultComponent - Creating endpoint uri=[servlet:///todos/*?httpMethodRestrict=GET], path=[/todos/*]
2025-11-22 21:02:08 [scheduling-1] DEBUG o.a.c.i.engine.AbstractCamelContext - servlet:///todos/*?httpMethodRestrict=GET converted to endpoint: servlet:/todos/*?httpMethodRestrict=GET by component: org.apache.camel.component.servlet.ServletComponent@1d930573
2025-11-22 21:02:08 [scheduling-1] DEBUG o.a.c.i.engine.AbstractCamelContext - Resolving language: simple
2025-11-22 21:02:08 [scheduling-1] DEBUG o.a.c.i.engine.AbstractCamelContext - Resolving language: bean
2025-11-22 21:02:08 [scheduling-1] DEBUG o.a.c.i.engine.AbstractCamelContext - Resolving language: constant
2025-11-22 21:02:08 [scheduling-1] DEBUG o.a.c.i.engine.AbstractCamelContext - Resolving language: constant
2025-11-22 21:02:08 [scheduling-1] DEBUG o.a.c.i.engine.AbstractCamelContext - Resolving language: constant
2025-11-22 21:02:08 [scheduling-1] DEBUG o.a.c.i.engine.AbstractCamelContext - Resolving language: simple
2025-11-22 21:02:08 [scheduling-1] DEBUG o.apache.camel.reifier.RouteReifier - RoutePolicy is enabled: com.middleware.backend.policy.LoggingRoutePolicy@18e41cde on route: get-todo
2025-11-22 21:02:08 [scheduling-1] DEBUG o.a.c.i.e.InternalRouteStartupManager - Warming up route id: get-todo having autoStartup=true
2025-11-22 21:02:08 [scheduling-1] DEBUG o.a.c.p.SendDynamicAwareResolver - Found SendDynamicAware: org.apache.camel.component.http.HttpSendDynamicAware via: META-INF/services/org/apache/camel/send-dynamic/https
2025-11-22 21:02:08 [scheduling-1] DEBUG o.a.c.processor.SendDynamicProcessor - Detected SendDynamicAware component: https optimising toD: https://jsonplaceholder.typicode.com/todos/${header.id}?bridgeEndpoint=true&throwExceptionOnFailure=false
2025-11-22 21:02:08 [scheduling-1] DEBUG o.a.c.i.e.DefaultUriFactoryResolver - Found EndpointUriFactory: https via type: org.apache.camel.component.http.HttpEndpointUriFactory via: META-INF/services/org/apache/camel/urifactory/https
2025-11-22 21:02:08 [scheduling-1] DEBUG o.a.c.processor.SendDynamicProcessor - DynamicSendTo toD2 using ProducerCache with cacheSize=0
2025-11-22 21:02:08 [scheduling-1] DEBUG o.a.c.i.e.InternalRouteStartupManager - Route: get-todo >>> Route[servlet:/todos/*?httpMethodRestrict=GET -> null]
2025-11-22 21:02:08 [scheduling-1] DEBUG o.a.c.i.e.InternalRouteStartupManager - Starting consumer (order: 1012) on route: get-todo
2025-11-22 21:02:08 [scheduling-1] DEBUG o.a.camel.support.DefaultConsumer - Build consumer: Consumer[servlet:/todos/*?httpMethodRestrict=GET]
2025-11-22 21:02:08 [scheduling-1] DEBUG o.a.camel.support.DefaultConsumer - Init consumer: Consumer[servlet:/todos/*?httpMethodRestrict=GET]
2025-11-22 21:02:08 [scheduling-1] DEBUG o.a.camel.support.DefaultConsumer - Starting consumer: Consumer[servlet:/todos/*?httpMethodRestrict=GET]
2025-11-22 21:02:08 [scheduling-1] DEBUG o.a.c.h.common.DefaultHttpRegistry - Registering consumer for path /todos/* providers present: 1
2025-11-22 21:02:08 [scheduling-1] DEBUG o.a.c.c.s.CamelHttpTransportServlet - Connecting consumer: Consumer[servlet:/todos/*?httpMethodRestrict=GET]
2025-11-22 21:02:08 [scheduling-1] DEBUG o.a.c.i.e.InternalRouteStartupManager - Route: get-todo started and consuming from: servlet:/todos/*
2025-11-22 21:02:08 [scheduling-1] DEBUG o.a.c.i.e.InternalRouteStartupManager - Warming up route id: get-todo having autoStartup=true
2025-11-22 21:02:08 [scheduling-1] DEBUG o.a.c.i.e.InternalRouteStartupManager - Route: get-todo >>> Route[servlet:/todos/*?httpMethodRestrict=GET -> null]
2025-11-22 21:02:08 [scheduling-1] DEBUG o.a.c.i.e.InternalRouteStartupManager - Starting consumer (order: 1013) on route: get-todo
2025-11-22 21:02:08 [scheduling-1] DEBUG o.a.c.i.e.InternalRouteStartupManager - Route: get-todo started and consuming from: servlet:/todos/*
2025-11-22 21:02:08 [scheduling-1] INFO  c.m.b.k.service.DynamicRouteService - Re-added route get-todo to context (DB says active)
2025-11-22 21:02:08 [scheduling-1] INFO  c.m.b.k.service.DynamicRouteService - Completed route status sync
2025-11-22 21:02:10 [RMI TCP Connection(3)-192.168.88.10] WARN  o.s.b.a.mail.MailHealthIndicator - Mail health check failed
jakarta.mail.AuthenticationFailedException: 535-5.7.8 Username and Password not accepted. For more information, go to
535 5.7.8  https://support.google.com/mail/?p=BadCredentials ffacd0b85a97d-42cb7fd8baesm18436238f8f.39 - gsmtp

	at org.eclipse.angus.mail.smtp.SMTPTransport$Authenticator.authenticate(SMTPTransport.java:954)
	at org.eclipse.angus.mail.smtp.SMTPTransport.authenticate(SMTPTransport.java:865)
	at org.eclipse.angus.mail.smtp.SMTPTransport.protocolConnect(SMTPTransport.java:769)
	at jakarta.mail.Service.connect(Service.java:342)
	at org.springframework.mail.javamail.JavaMailSenderImpl.connectTransport(JavaMailSenderImpl.java:480)
	at org.springframework.mail.javamail.JavaMailSenderImpl.testConnection(JavaMailSenderImpl.java:360)
	at org.springframework.boot.actuate.mail.MailHealthIndicator.doHealthCheck(MailHealthIndicator.java:52)
	at org.springframework.boot.actuate.health.AbstractHealthIndicator.health(AbstractHealthIndicator.java:82)
	at org.springframework.boot.actuate.health.HealthIndicator.getHealth(HealthIndicator.java:37)
	at org.springframework.boot.actuate.health.HealthEndpoint.getHealth(HealthEndpoint.java:82)
	at org.springframework.boot.actuate.health.HealthEndpoint.getHealth(HealthEndpoint.java:41)
	at org.springframework.boot.actuate.health.HealthEndpointSupport.getLoggedHealth(HealthEndpointSupport.java:172)
	at org.springframework.boot.actuate.health.HealthEndpointSupport.getContribution(HealthEndpointSupport.java:145)
	at org.springframework.boot.actuate.health.HealthEndpointSupport.getAggregateContribution(HealthEndpointSupport.java:156)
	at org.springframework.boot.actuate.health.HealthEndpointSupport.getContribution(HealthEndpointSupport.java:141)
	at org.springframework.boot.actuate.health.HealthEndpointSupport.getHealth(HealthEndpointSupport.java:110)
	at org.springframework.boot.actuate.health.HealthEndpointSupport.getHealth(HealthEndpointSupport.java:81)
	at org.springframework.boot.actuate.health.HealthEndpoint.health(HealthEndpoint.java:76)
	at org.springframework.boot.actuate.health.HealthEndpoint.health(HealthEndpoint.java:66)
	at java.base/jdk.internal.reflect.DirectMethodHandleAccessor.invoke(DirectMethodHandleAccessor.java:103)
	at java.base/java.lang.reflect.Method.invoke(Method.java:580)
	at org.springframework.util.ReflectionUtils.invokeMethod(ReflectionUtils.java:281)
	at org.springframework.boot.actuate.endpoint.invoke.reflect.ReflectiveOperationInvoker.invoke(ReflectiveOperationInvoker.java:74)
	at org.springframework.boot.actuate.endpoint.annotation.AbstractDiscoveredOperation.invoke(AbstractDiscoveredOperation.java:60)
	at org.springframework.boot.actuate.endpoint.jmx.EndpointMBean.invoke(EndpointMBean.java:124)
	at org.springframework.boot.actuate.endpoint.jmx.EndpointMBean.invoke(EndpointMBean.java:97)
	at java.management/com.sun.jmx.interceptor.DefaultMBeanServerInterceptor.invoke(DefaultMBeanServerInterceptor.java:803)
	at java.management/com.sun.jmx.mbeanserver.JmxMBeanServer.invoke(JmxMBeanServer.java:802)
	at java.management.rmi/javax.management.remote.rmi.RMIConnectionImpl.doOperation(RMIConnectionImpl.java:1472)
	at java.management.rmi/javax.management.remote.rmi.RMIConnectionImpl$PrivilegedOperation.run(RMIConnectionImpl.java:1310)
	at java.management.rmi/javax.management.remote.rmi.RMIConnectionImpl.doPrivilegedOperation(RMIConnectionImpl.java:1405)
	at java.management.rmi/javax.management.remote.rmi.RMIConnectionImpl.invoke(RMIConnectionImpl.java:829)
	at java.base/jdk.internal.reflect.DirectMethodHandleAccessor.invoke(DirectMethodHandleAccessor.java:103)
	at java.base/java.lang.reflect.Method.invoke(Method.java:580)
	at java.rmi/sun.rmi.server.UnicastServerRef.dispatch(UnicastServerRef.java:360)
	at java.rmi/sun.rmi.transport.Transport$1.run(Transport.java:200)
	at java.rmi/sun.rmi.transport.Transport$1.run(Transport.java:197)
	at java.base/java.security.AccessController.doPrivileged(AccessController.java:714)
	at java.rmi/sun.rmi.transport.Transport.serviceCall(Transport.java:196)
	at java.rmi/sun.rmi.transport.tcp.TCPTransport.handleMessages(TCPTransport.java:598)
	at java.rmi/sun.rmi.transport.tcp.TCPTransport$ConnectionHandler.run0(TCPTransport.java:844)
	at java.rmi/sun.rmi.transport.tcp.TCPTransport$ConnectionHandler.lambda$run$0(TCPTransport.java:721)
	at java.base/java.security.AccessController.doPrivileged(AccessController.java:400)
	at java.rmi/sun.rmi.transport.tcp.TCPTransport$ConnectionHandler.run(TCPTransport.java:720)
	at java.base/java.util.concurrent.ThreadPoolExecutor.runWorker(ThreadPoolExecutor.java:1144)
	at java.base/java.util.concurrent.ThreadPoolExecutor$Worker.run(ThreadPoolExecutor.java:642)
	at java.base/java.lang.Thread.run(Thread.java:1575)
2025-11-22 21:02:34 [scheduling-1] INFO  c.m.b.k.service.DynamicRouteService - Starting route status sync with Camel context
2025-11-22 21:02:34 [scheduling-1] INFO  c.m.b.k.service.DynamicRouteService - Completed route status sync
2025-11-22 21:03:04 [scheduling-1] INFO  c.m.b.k.service.DynamicRouteService - Starting route status sync with Camel context
2025-11-22 21:03:04 [scheduling-1] INFO  c.m.b.k.service.DynamicRouteService - Completed route status sync
2025-11-22 21:03:34 [scheduling-1] INFO  c.m.b.k.service.DynamicRouteService - Starting route status sync with Camel context
2025-11-22 21:03:34 [scheduling-1] INFO  c.m.b.k.service.DynamicRouteService - Completed route status sync
2025-11-22 21:10:54 [scheduling-1] INFO  c.m.b.k.service.DynamicRouteService - Starting route status sync with Camel context
2025-11-22 21:10:54 [scheduling-1] INFO  c.m.b.k.service.DynamicRouteService - Completed route status sync
2025-11-22 21:23:54 [scheduling-1] INFO  c.m.b.k.service.DynamicRouteService - Starting route status sync with Camel context
2025-11-22 21:23:54 [scheduling-1] INFO  c.m.b.k.service.DynamicRouteService - Completed route status sync
2025-11-22 21:23:54 [scheduling-1] INFO  c.m.b.k.service.DynamicRouteService - Starting route status sync with Camel context
2025-11-22 21:23:54 [scheduling-1] INFO  c.m.b.k.service.DynamicRouteService - Completed route status sync
2025-11-22 21:23:55 [scheduling-1] INFO  c.m.b.k.service.DynamicRouteService - Starting route status sync with Camel context
2025-11-22 21:23:55 [scheduling-1] INFO  c.m.b.k.service.DynamicRouteService - Completed route status sync
2025-11-22 21:23:55 [scheduling-1] INFO  c.m.b.k.service.DynamicRouteService - Starting route status sync with Camel context
2025-11-22 21:23:56 [scheduling-1] INFO  c.m.b.k.service.DynamicRouteService - Completed route status sync
2025-11-22 21:23:56 [scheduling-1] INFO  c.m.b.k.service.DynamicRouteService - Starting route status sync with Camel context
2025-11-22 21:23:57 [scheduling-1] INFO  c.m.b.k.service.DynamicRouteService - Completed route status sync
2025-11-22 21:23:57 [scheduling-1] INFO  c.m.b.k.service.DynamicRouteService - Starting route status sync with Camel context
2025-11-22 21:23:57 [scheduling-1] INFO  c.m.b.k.service.DynamicRouteService - Completed route status sync
2025-11-22 21:23:58 [scheduling-1] INFO  c.m.b.k.service.DynamicRouteService - Starting route status sync with Camel context
2025-11-22 21:23:58 [scheduling-1] INFO  c.m.b.k.service.DynamicRouteService - Completed route status sync
2025-11-22 21:23:58 [scheduling-1] INFO  c.m.b.k.service.DynamicRouteService - Starting route status sync with Camel context
2025-11-22 21:23:58 [scheduling-1] INFO  c.m.b.k.service.DynamicRouteService - Completed route status sync
2025-11-22 21:23:58 [scheduling-1] INFO  c.m.b.k.service.DynamicRouteService - Starting route status sync with Camel context
2025-11-22 21:23:58 [scheduling-1] INFO  c.m.b.k.service.DynamicRouteService - Completed route status sync
2025-11-22 21:23:58 [scheduling-1] INFO  c.m.b.k.service.DynamicRouteService - Starting route status sync with Camel context
2025-11-22 21:23:58 [scheduling-1] INFO  c.m.b.k.service.DynamicRouteService - Completed route status sync
2025-11-22 21:23:58 [scheduling-1] INFO  c.m.b.k.service.DynamicRouteService - Starting route status sync with Camel context
2025-11-22 21:23:58 [scheduling-1] INFO  c.m.b.k.service.DynamicRouteService - Completed route status sync
2025-11-22 21:23:58 [scheduling-1] INFO  c.m.b.k.service.DynamicRouteService - Starting route status sync with Camel context
2025-11-22 21:23:58 [scheduling-1] INFO  c.m.b.k.service.DynamicRouteService - Completed route status sync
2025-11-22 21:23:59 [scheduling-1] INFO  c.m.b.k.service.DynamicRouteService - Starting route status sync with Camel context
2025-11-22 21:23:59 [scheduling-1] INFO  c.m.b.k.service.DynamicRouteService - Completed route status sync
2025-11-22 21:23:59 [scheduling-1] INFO  c.m.b.k.service.DynamicRouteService - Starting route status sync with Camel context
2025-11-22 21:23:59 [scheduling-1] INFO  c.m.b.k.service.DynamicRouteService - Completed route status sync
2025-11-22 21:23:59 [scheduling-1] INFO  c.m.b.k.service.DynamicRouteService - Starting route status sync with Camel context
2025-11-22 21:23:59 [scheduling-1] INFO  c.m.b.k.service.DynamicRouteService - Completed route status sync
2025-11-22 21:23:59 [scheduling-1] INFO  c.m.b.k.service.DynamicRouteService - Starting route status sync with Camel context
2025-11-22 21:23:59 [scheduling-1] INFO  c.m.b.k.service.DynamicRouteService - Completed route status sync
2025-11-22 21:24:00 [scheduling-1] INFO  c.m.b.k.service.DynamicRouteService - Starting route status sync with Camel context
2025-11-22 21:24:00 [scheduling-1] INFO  c.m.b.k.service.DynamicRouteService - Completed route status sync
2025-11-22 21:24:00 [scheduling-1] INFO  c.m.b.k.service.DynamicRouteService - Starting route status sync with Camel context
2025-11-22 21:24:00 [scheduling-1] INFO  c.m.b.k.service.DynamicRouteService - Completed route status sync
2025-11-22 21:24:00 [scheduling-1] INFO  c.m.b.k.service.DynamicRouteService - Starting route status sync with Camel context
2025-11-22 21:24:00 [scheduling-1] INFO  c.m.b.k.service.DynamicRouteService - Completed route status sync
2025-11-22 21:24:00 [scheduling-1] INFO  c.m.b.k.service.DynamicRouteService - Starting route status sync with Camel context
2025-11-22 21:24:00 [scheduling-1] INFO  c.m.b.k.service.DynamicRouteService - Completed route status sync
2025-11-22 21:24:01 [scheduling-1] INFO  c.m.b.k.service.DynamicRouteService - Starting route status sync with Camel context
2025-11-22 21:24:01 [scheduling-1] INFO  c.m.b.k.service.DynamicRouteService - Completed route status sync
2025-11-22 21:24:01 [scheduling-1] INFO  c.m.b.k.service.DynamicRouteService - Starting route status sync with Camel context
2025-11-22 21:24:01 [scheduling-1] INFO  c.m.b.k.service.DynamicRouteService - Completed route status sync
2025-11-22 21:24:01 [scheduling-1] INFO  c.m.b.k.service.DynamicRouteService - Starting route status sync with Camel context
2025-11-22 21:24:01 [scheduling-1] INFO  c.m.b.k.service.DynamicRouteService - Completed route status sync
2025-11-22 21:24:02 [scheduling-1] INFO  c.m.b.k.service.DynamicRouteService - Starting route status sync with Camel context
2025-11-22 21:24:02 [scheduling-1] INFO  c.m.b.k.service.DynamicRouteService - Completed route status sync
2025-11-22 21:24:02 [scheduling-1] INFO  c.m.b.k.service.DynamicRouteService - Starting route status sync with Camel context
2025-11-22 21:24:02 [scheduling-1] INFO  c.m.b.k.service.DynamicRouteService - Completed route status sync
2025-11-22 21:24:02 [scheduling-1] INFO  c.m.b.k.service.DynamicRouteService - Starting route status sync with Camel context
2025-11-22 21:24:02 [scheduling-1] INFO  c.m.b.k.service.DynamicRouteService - Completed route status sync
2025-11-22 21:24:02 [scheduling-1] INFO  c.m.b.k.service.DynamicRouteService - Starting route status sync with Camel context
2025-11-22 21:24:02 [scheduling-1] INFO  c.m.b.k.service.DynamicRouteService - Completed route status sync
2025-11-22 21:24:03 [scheduling-1] INFO  c.m.b.k.service.DynamicRouteService - Starting route status sync with Camel context
2025-11-22 21:24:03 [scheduling-1] INFO  c.m.b.k.service.DynamicRouteService - Completed route status sync
2025-11-22 21:24:03 [scheduling-1] INFO  c.m.b.k.service.DynamicRouteService - Starting route status sync with Camel context
2025-11-22 21:24:03 [scheduling-1] INFO  c.m.b.k.service.DynamicRouteService - Completed route status sync
2025-11-22 21:24:03 [scheduling-1] INFO  c.m.b.k.service.DynamicRouteService - Starting route status sync with Camel context
2025-11-22 21:24:03 [scheduling-1] INFO  c.m.b.k.service.DynamicRouteService - Completed route status sync
2025-11-22 21:24:03 [scheduling-1] INFO  c.m.b.k.service.DynamicRouteService - Starting route status sync with Camel context
2025-11-22 21:24:03 [scheduling-1] INFO  c.m.b.k.service.DynamicRouteService - Completed route status sync
2025-11-22 21:24:03 [scheduling-1] INFO  c.m.b.k.service.DynamicRouteService - Starting route status sync with Camel context
2025-11-22 21:24:03 [scheduling-1] INFO  c.m.b.k.service.DynamicRouteService - Completed route status sync
2025-11-22 21:24:04 [scheduling-1] INFO  c.m.b.k.service.DynamicRouteService - Starting route status sync with Camel context
2025-11-22 21:24:04 [scheduling-1] INFO  c.m.b.k.service.DynamicRouteService - Completed route status sync
2025-11-22 21:24:04 [scheduling-1] INFO  c.m.b.k.service.DynamicRouteService - Starting route status sync with Camel context
2025-11-22 21:24:04 [scheduling-1] INFO  c.m.b.k.service.DynamicRouteService - Completed route status sync
2025-11-22 21:24:04 [scheduling-1] INFO  c.m.b.k.service.DynamicRouteService - Starting route status sync with Camel context
2025-11-22 21:24:04 [scheduling-1] INFO  c.m.b.k.service.DynamicRouteService - Completed route status sync
2025-11-22 21:24:04 [scheduling-1] INFO  c.m.b.k.service.DynamicRouteService - Starting route status sync with Camel context
2025-11-22 21:24:04 [scheduling-1] INFO  c.m.b.k.service.DynamicRouteService - Completed route status sync
2025-11-22 21:24:04 [scheduling-1] INFO  c.m.b.k.service.DynamicRouteService - Starting route status sync with Camel context
2025-11-22 21:24:05 [scheduling-1] INFO  c.m.b.k.service.DynamicRouteService - Completed route status sync
2025-11-22 21:24:05 [scheduling-1] INFO  c.m.b.k.service.DynamicRouteService - Starting route status sync with Camel context
2025-11-22 21:24:06 [scheduling-1] INFO  c.m.b.k.service.DynamicRouteService - Completed route status sync
2025-11-22 21:24:08 [scheduling-1] INFO  c.m.b.k.service.DynamicRouteService - Starting route status sync with Camel context
2025-11-22 21:24:08 [scheduling-1] INFO  c.m.b.k.service.DynamicRouteService - Completed route status sync
2025-11-22 21:24:09 [scheduling-1] INFO  c.m.b.k.service.DynamicRouteService - Starting route status sync with Camel context
2025-11-22 21:24:09 [scheduling-1] INFO  c.m.b.k.service.DynamicRouteService - Completed route status sync
2025-11-22 21:24:09 [SpringApplicationShutdownHook] DEBUG o.a.camel.spring.SpringCamelContext - onApplicationEvent: org.springframework.boot.availability.AvailabilityChangeEvent[source=org.springframework.boot.web.servlet.context.AnnotationConfigServletWebServerApplicationContext@47404bea, started on Sat Nov 22 21:01:06 EET 2025]
2025-11-22 21:24:09 [SpringApplicationShutdownHook] DEBUG o.a.camel.spring.SpringCamelContext - onApplicationEvent: org.springframework.context.event.ContextClosedEvent[source=org.springframework.boot.web.servlet.context.AnnotationConfigServletWebServerApplicationContext@47404bea, started on Sat Nov 22 21:01:06 EET 2025]
2025-11-22 21:24:09 [SpringApplicationShutdownHook] INFO  org.quartz.core.QuartzScheduler - Scheduler quartzScheduler_$_NON_CLUSTERED paused.
2025-11-22 21:24:11 [SpringApplicationShutdownHook] INFO  o.a.c.i.engine.AbstractCamelContext - Apache Camel 4.4.0 (camel-1) is shutting down (timeout:45s)
2025-11-22 21:24:11 [SpringApplicationShutdownHook] DEBUG o.a.c.i.e.DefaultShutdownStrategy - Starting to graceful shutdown 7 routes (timeout 45 seconds)
2025-11-22 21:24:11 [SpringApplicationShutdownHook] DEBUG o.a.c.i.e.BaseExecutorServiceManager - Created new ThreadPool for source: org.apache.camel.impl.engine.DefaultShutdownStrategy@1805e86d with name: ShutdownTask. -> org.apache.camel.util.concurrent.RejectableThreadPoolExecutor@1e587a1a[Running, pool size = 0, active threads = 0, queued tasks = 0, completed tasks = 0][ShutdownTask]
2025-11-22 21:24:11 [Camel (camel-1) thread #1 - ShutdownTask] DEBUG o.a.c.i.e.DefaultShutdownStrategy - There are 7 routes to shutdown
2025-11-22 21:24:11 [Camel (camel-1) thread #1 - ShutdownTask] DEBUG o.a.c.i.e.DefaultShutdownStrategy - Route: get-todo suspended and shutdown deferred, was consuming from: servlet:/todos/*
2025-11-22 21:24:11 [Camel (camel-1) thread #1 - ShutdownTask] DEBUG o.a.c.i.e.DefaultShutdownStrategy - Route: dhis2-upload-csv suspended and shutdown deferred, was consuming from: servlet:/v1/datasets
2025-11-22 21:24:11 [Camel (camel-1) thread #1 - ShutdownTask] DEBUG o.a.c.i.e.DefaultShutdownStrategy - Route: Hospital_HealthMap_Mappin suspended and shutdown deferred, was consuming from: rest://get:/v1/hospitales
2025-11-22 21:24:11 [Camel (camel-1) thread #1 - ShutdownTask] DEBUG o.a.c.i.e.DefaultShutdownStrategy - Route: my-new-route suspended and shutdown deferred, was consuming from: rest://get:/api/hello
2025-11-22 21:24:11 [Camel (camel-1) thread #1 - ShutdownTask] DEBUG o.a.c.i.e.DefaultShutdownStrategy - Route: HealthCenter-mapping suspended and shutdown deferred, was consuming from: rest://get:/HealthCenter
2025-11-22 21:24:11 [Camel (camel-1) thread #1 - ShutdownTask] DEBUG o.a.c.i.e.DefaultShutdownStrategy - Route: get-user-from-api suspended and shutdown deferred, was consuming from: servlet:/external-user/*
2025-11-22 21:24:11 [Camel (camel-1) thread #1 - ShutdownTask] DEBUG o.a.c.i.e.DefaultShutdownStrategy - Route: dhis2-system-info suspended and shutdown deferred, was consuming from: rest://get:/api/hell
2025-11-22 21:24:11 [Camel (camel-1) thread #1 - ShutdownTask] DEBUG o.a.c.h.common.DefaultHttpRegistry - Unregistering consumer for path /todos/*
2025-11-22 21:24:11 [Camel (camel-1) thread #1 - ShutdownTask] DEBUG o.a.c.c.s.CamelHttpTransportServlet - Disconnecting consumer: Consumer[servlet:/todos/*?httpMethodRestrict=GET]
2025-11-22 21:24:11 [Camel (camel-1) thread #1 - ShutdownTask] DEBUG o.a.camel.support.DefaultConsumer - Stopping consumer: Consumer[servlet:/todos/*?httpMethodRestrict=GET]
2025-11-22 21:24:11 [Camel (camel-1) thread #1 - ShutdownTask] DEBUG o.a.c.i.e.DefaultShutdownStrategy - Route: get-todo shutdown complete, was consuming from: servlet:/todos/*
2025-11-22 21:24:11 [Camel (camel-1) thread #1 - ShutdownTask] DEBUG o.a.c.h.common.DefaultHttpRegistry - Unregistering consumer for path /v1/datasets
2025-11-22 21:24:11 [Camel (camel-1) thread #1 - ShutdownTask] DEBUG o.a.c.c.s.CamelHttpTransportServlet - Disconnecting consumer: Consumer[servlet:/v1/datasets?httpMethodRestrict=POST]
2025-11-22 21:24:11 [Camel (camel-1) thread #1 - ShutdownTask] DEBUG o.a.camel.support.DefaultConsumer - Stopping consumer: Consumer[servlet:/v1/datasets?httpMethodRestrict=POST]
2025-11-22 21:24:11 [Camel (camel-1) thread #1 - ShutdownTask] DEBUG o.a.camel.support.DefaultProducer - Stopping producer: Producer[integratedSystem://null?code=DHIS2.STABLE]
2025-11-22 21:24:11 [Camel (camel-1) thread #1 - ShutdownTask] DEBUG o.a.c.i.e.DefaultShutdownStrategy - Route: dhis2-upload-csv shutdown complete, was consuming from: servlet:/v1/datasets
2025-11-22 21:24:11 [Camel (camel-1) thread #1 - ShutdownTask] DEBUG o.a.c.h.common.DefaultHttpRegistry - Unregistering consumer for path /v1/hospitales
2025-11-22 21:24:11 [Camel (camel-1) thread #1 - ShutdownTask] DEBUG o.a.c.c.s.CamelHttpTransportServlet - Disconnecting consumer: Consumer[servlet:/v1/hospitales?httpMethodRestrict=GET]
2025-11-22 21:24:11 [Camel (camel-1) thread #1 - ShutdownTask] DEBUG o.a.camel.support.DefaultConsumer - Stopping consumer: Consumer[servlet:/v1/hospitales?httpMethodRestrict=GET]
2025-11-22 21:24:11 [Camel (camel-1) thread #1 - ShutdownTask] DEBUG o.a.camel.support.DefaultProducer - Stopping producer: Producer[integrationmapping://null?code=default]
2025-11-22 21:24:11 [Camel (camel-1) thread #1 - ShutdownTask] DEBUG o.a.c.i.e.DefaultShutdownStrategy - Route: Hospital_HealthMap_Mappin shutdown complete, was consuming from: rest://get:/v1/hospitales
2025-11-22 21:24:11 [Camel (camel-1) thread #1 - ShutdownTask] DEBUG o.a.c.h.common.DefaultHttpRegistry - Unregistering consumer for path /api/hello
2025-11-22 21:24:11 [Camel (camel-1) thread #1 - ShutdownTask] DEBUG o.a.c.c.s.CamelHttpTransportServlet - Disconnecting consumer: Consumer[servlet:/api/hello?httpMethodRestrict=GET]
2025-11-22 21:24:11 [Camel (camel-1) thread #1 - ShutdownTask] DEBUG o.a.camel.support.DefaultConsumer - Stopping consumer: Consumer[servlet:/api/hello?httpMethodRestrict=GET]
2025-11-22 21:24:11 [Camel (camel-1) thread #1 - ShutdownTask] DEBUG o.a.camel.support.DefaultProducer - Stopping producer: Producer[integratedSystem://null?code=DHIS2.DWH]
2025-11-22 21:24:11 [Camel (camel-1) thread #1 - ShutdownTask] DEBUG o.a.camel.support.DefaultProducer - Stopping producer: Producer[https://hmis-dev.moh.gov.jo/dwh/api/system/info?bridgeEndpoint=true]
2025-11-22 21:24:11 [Camel (camel-1) thread #1 - ShutdownTask] DEBUG o.a.camel.support.DefaultProducer - Stopping producer: Producer[log://InfoLogger]
2025-11-22 21:24:11 [Camel (camel-1) thread #1 - ShutdownTask] DEBUG o.a.c.i.e.DefaultShutdownStrategy - Route: my-new-route shutdown complete, was consuming from: rest://get:/api/hello
2025-11-22 21:24:11 [Camel (camel-1) thread #1 - ShutdownTask] DEBUG o.a.c.h.common.DefaultHttpRegistry - Unregistering consumer for path /HealthCenter
2025-11-22 21:24:11 [Camel (camel-1) thread #1 - ShutdownTask] DEBUG o.a.c.c.s.CamelHttpTransportServlet - Disconnecting consumer: Consumer[servlet:/HealthCenter?httpMethodRestrict=GET]
2025-11-22 21:24:11 [Camel (camel-1) thread #1 - ShutdownTask] DEBUG o.a.camel.support.DefaultConsumer - Stopping consumer: Consumer[servlet:/HealthCenter?httpMethodRestrict=GET]
2025-11-22 21:24:11 [Camel (camel-1) thread #1 - ShutdownTask] DEBUG o.a.camel.support.DefaultProducer - Stopping producer: Producer[integrationmapping://null?code=default]
2025-11-22 21:24:11 [Camel (camel-1) thread #1 - ShutdownTask] DEBUG o.a.c.i.e.DefaultShutdownStrategy - Route: HealthCenter-mapping shutdown complete, was consuming from: rest://get:/HealthCenter
2025-11-22 21:24:11 [Camel (camel-1) thread #1 - ShutdownTask] DEBUG o.a.c.h.common.DefaultHttpRegistry - Unregistering consumer for path /external-user/*
2025-11-22 21:24:11 [Camel (camel-1) thread #1 - ShutdownTask] DEBUG o.a.c.c.s.CamelHttpTransportServlet - Disconnecting consumer: Consumer[servlet:/external-user/*?httpMethodRestrict=GET]
2025-11-22 21:24:11 [Camel (camel-1) thread #1 - ShutdownTask] DEBUG o.a.camel.support.DefaultConsumer - Stopping consumer: Consumer[servlet:/external-user/*?httpMethodRestrict=GET]
2025-11-22 21:24:11 [Camel (camel-1) thread #1 - ShutdownTask] DEBUG o.a.c.i.e.DefaultShutdownStrategy - Route: get-user-from-api shutdown complete, was consuming from: servlet:/external-user/*
2025-11-22 21:24:11 [Camel (camel-1) thread #1 - ShutdownTask] DEBUG o.a.c.h.common.DefaultHttpRegistry - Unregistering consumer for path /api/hell
2025-11-22 21:24:11 [Camel (camel-1) thread #1 - ShutdownTask] DEBUG o.a.c.c.s.CamelHttpTransportServlet - Disconnecting consumer: Consumer[servlet:/api/hell?httpMethodRestrict=GET]
2025-11-22 21:24:11 [Camel (camel-1) thread #1 - ShutdownTask] DEBUG o.a.camel.support.DefaultConsumer - Stopping consumer: Consumer[servlet:/api/hell?httpMethodRestrict=GET]
2025-11-22 21:24:11 [Camel (camel-1) thread #1 - ShutdownTask] DEBUG o.a.camel.support.DefaultProducer - Stopping producer: Producer[integratedSystem://null?code=DHIS2.STABLE]
2025-11-22 21:24:11 [Camel (camel-1) thread #1 - ShutdownTask] DEBUG o.a.camel.support.DefaultProducer - Stopping producer: Producer[https://test.e2e.dhis2.org/ca-test-2.41/api/system/info?bridgeEndpoint=true]
2025-11-22 21:24:11 [Camel (camel-1) thread #1 - ShutdownTask] DEBUG o.a.camel.support.DefaultProducer - Stopping producer: Producer[log://InfoLogger]
2025-11-22 21:24:11 [Camel (camel-1) thread #1 - ShutdownTask] DEBUG o.a.c.i.e.DefaultShutdownStrategy - Route: dhis2-system-info shutdown complete, was consuming from: rest://get:/api/hell
2025-11-22 21:24:11 [SpringApplicationShutdownHook] DEBUG o.a.c.i.e.DefaultShutdownStrategy - Graceful shutdown of 7 routes completed in 46ms
2025-11-22 21:24:11 [SpringApplicationShutdownHook] DEBUG o.a.c.i.e.DefaultAsyncProcessorAwaitManager - Shutting down with no inflight threads.
2025-11-22 21:24:11 [SpringApplicationShutdownHook] DEBUG o.a.camel.support.DefaultConsumer - Shutting down consumer: Consumer[servlet:/todos/*?httpMethodRestrict=GET]
2025-11-22 21:24:11 [SpringApplicationShutdownHook] DEBUG o.a.camel.support.DefaultConsumer - Shutting down consumer: Consumer[servlet:/v1/datasets?httpMethodRestrict=POST]
2025-11-22 21:24:11 [SpringApplicationShutdownHook] DEBUG o.a.camel.support.DefaultConsumer - Shutting down consumer: Consumer[servlet:/v1/hospitales?httpMethodRestrict=GET]
2025-11-22 21:24:11 [SpringApplicationShutdownHook] DEBUG o.a.camel.support.DefaultConsumer - Shutting down consumer: Consumer[servlet:/api/hello?httpMethodRestrict=GET]
2025-11-22 21:24:11 [SpringApplicationShutdownHook] DEBUG o.a.camel.support.DefaultConsumer - Shutting down consumer: Consumer[servlet:/HealthCenter?httpMethodRestrict=GET]
2025-11-22 21:24:11 [SpringApplicationShutdownHook] DEBUG o.a.camel.support.DefaultConsumer - Shutting down consumer: Consumer[servlet:/external-user/*?httpMethodRestrict=GET]
2025-11-22 21:24:11 [SpringApplicationShutdownHook] DEBUG o.a.camel.support.DefaultConsumer - Shutting down consumer: Consumer[servlet:/api/hell?httpMethodRestrict=GET]
2025-11-22 21:24:11 [SpringApplicationShutdownHook] INFO  o.a.c.i.engine.AbstractCamelContext - Routes stopped (stopped:7)
2025-11-22 21:24:11 [SpringApplicationShutdownHook] INFO  o.a.c.i.engine.AbstractCamelContext -     Stopped get-todo (servlet:/todos/*)
2025-11-22 21:24:11 [SpringApplicationShutdownHook] INFO  o.a.c.i.engine.AbstractCamelContext -     Stopped dhis2-upload-csv (servlet:/v1/datasets)
2025-11-22 21:24:11 [SpringApplicationShutdownHook] INFO  o.a.c.i.engine.AbstractCamelContext -     Stopped Hospital_HealthMap_Mappin (rest://get:/v1/hospitales)
2025-11-22 21:24:11 [SpringApplicationShutdownHook] INFO  o.a.c.i.engine.AbstractCamelContext -     Stopped my-new-route (rest://get:/api/hello)
2025-11-22 21:24:11 [SpringApplicationShutdownHook] INFO  o.a.c.i.engine.AbstractCamelContext -     Stopped HealthCenter-mapping (rest://get:/HealthCenter)
2025-11-22 21:24:11 [SpringApplicationShutdownHook] INFO  o.a.c.i.engine.AbstractCamelContext -     Stopped get-user-from-api (servlet:/external-user/*)
2025-11-22 21:24:11 [SpringApplicationShutdownHook] INFO  o.a.c.i.engine.AbstractCamelContext -     Stopped dhis2-system-info (rest://get:/api/hell)
2025-11-22 21:24:11 [SpringApplicationShutdownHook] DEBUG o.a.c.i.e.BaseExecutorServiceManager - Forcing shutdown of ExecutorService: org.apache.camel.util.concurrent.SizedScheduledExecutorService@42d6aa88[ErrorHandlerRedeliveryTask]
2025-11-22 21:24:11 [SpringApplicationShutdownHook] DEBUG o.a.c.i.e.DefaultInflightRepository - Shutting down with no inflight exchanges.
2025-11-22 21:24:11 [SpringApplicationShutdownHook] DEBUG o.a.c.i.e.BaseExecutorServiceManager - Forcing shutdown of ExecutorService: org.apache.camel.util.concurrent.RejectableThreadPoolExecutor@1e587a1a[Running, pool size = 1, active threads = 0, queued tasks = 0, completed tasks = 1][ShutdownTask]
2025-11-22 21:24:11 [SpringApplicationShutdownHook] DEBUG o.a.c.i.e.DefaultBeanIntrospection - Stopping BeanIntrospection which was invoked: 23 times
2025-11-22 21:24:11 [SpringApplicationShutdownHook] INFO  o.a.c.i.engine.AbstractCamelContext - Apache Camel 4.4.0 (camel-1) shutdown in 64ms (uptime:22m6s)
2025-11-22 21:24:11 [SpringApplicationShutdownHook] DEBUG o.a.c.m.SimpleMainShutdownStrategy - Shutdown called
2025-11-22 21:24:11 [SpringApplicationShutdownHook] INFO  org.quartz.core.QuartzScheduler - Scheduler quartzScheduler_$_NON_CLUSTERED shutting down.
2025-11-22 21:24:11 [SpringApplicationShutdownHook] INFO  org.quartz.core.QuartzScheduler - Scheduler quartzScheduler_$_NON_CLUSTERED paused.
2025-11-22 21:24:11 [SpringApplicationShutdownHook] INFO  org.quartz.core.QuartzScheduler - Scheduler quartzScheduler_$_NON_CLUSTERED shutdown complete.
2025-11-22 21:24:11 [SpringApplicationShutdownHook] DEBUG o.a.c.h.common.DefaultHttpRegistry - Unregistering CamelServlet with name CamelServlet
2025-11-22 21:24:11 [SpringApplicationShutdownHook] INFO  o.a.c.c.s.CamelHttpTransportServlet - Destroyed CamelHttpTransportServlet[CamelServlet]
