2025-10-12 16:49:35 [background-preinit] INFO  o.h.validator.internal.util.Version - HV000001: Hibernate Validator 8.0.2.Final
2025-10-12 16:49:35 [main] INFO  c.middleware.MiddlewareApplication - Starting MiddlewareApplication using Java 23-valhalla with PID 20956 (C:\Users\omard\Desktop\Work\back-end - Copy\target\classes started by omard in C:\Users\omard\Desktop\Work\back-end - Copy)
2025-10-12 16:49:35 [main] INFO  c.middleware.MiddlewareApplication - No active profile set, falling back to 1 default profile: "default"
2025-10-12 16:49:51 [main] INFO  o.a.coyote.http11.Http11NioProtocol - Initializing ProtocolHandler ["http-nio-8081"]
2025-10-12 16:49:51 [main] INFO  o.a.catalina.core.StandardService - Starting service [Tomcat]
2025-10-12 16:49:51 [main] INFO  o.a.catalina.core.StandardEngine - Starting Servlet engine: [Apache Tomcat/10.1.39]
2025-10-12 16:49:51 [main] INFO  o.a.c.c.C.[Tomcat].[localhost].[/] - Initializing Spring embedded WebApplicationContext
2025-10-12 16:49:54 [main] INFO  o.h.jpa.internal.util.LogHelper - HHH000204: Processing PersistenceUnitInfo [name: default]
2025-10-12 16:49:54 [main] INFO  org.hibernate.Version - HHH000412: Hibernate ORM core version 6.6.11.Final
2025-10-12 16:49:55 [main] INFO  o.h.c.i.RegionFactoryInitiator - HHH000026: Second-level cache disabled
2025-10-12 16:49:56 [main] WARN  org.hibernate.orm.deprecation - HHH90000025: PostgreSQLDialect does not need to be specified explicitly using 'hibernate.dialect' (remove the property setting and it will be selected by default)
2025-10-12 16:49:56 [main] INFO  o.hibernate.orm.connections.pooling - HHH10001005: Database info:
	Database JDBC URL [Connecting through datasource 'org.springframework.jdbc.datasource.DriverManagerDataSource@393bcd6b']
	Database driver: undefined/unknown
	Database version: 17.4
	Autocommit mode: undefined/unknown
	Isolation level: undefined/unknown
	Minimum pool size: undefined/unknown
	Maximum pool size: undefined/unknown
2025-10-12 16:50:04 [main] INFO  o.h.e.t.j.p.i.JtaPlatformInitiator - HHH000489: No JTA platform available (set 'hibernate.transaction.jta.platform' to enable JTA platform integration)
2025-10-12 16:50:10 [main] DEBUG o.a.camel.spring.SpringCamelContext - Set the application context classloader to: TomcatEmbeddedWebappClassLoader
  context: ROOT
  delegate: true
----------> Parent Classloader:
jdk.internal.loader.ClassLoaders$AppClassLoader@5451c3a8

2025-10-12 16:50:10 [main] DEBUG o.a.camel.support.LRUCacheFactory - Creating DefaultLRUCacheFactory
2025-10-12 16:50:10 [main] DEBUG o.a.c.i.e.DefaultCamelContextExtension - Setting up management with factory: org.apache.camel.impl.engine.DefaultManagementStrategyFactory@325fa8c
2025-10-12 16:50:10 [main] DEBUG o.a.camel.support.ResolverHelper - Found HealthCheckRegistry: org.apache.camel.impl.health.DefaultHealthCheckRegistry via: META-INF/services/org/apache/camel/health-check/default-registry
2025-10-12 16:50:10 [main] DEBUG o.a.camel.support.ResolverHelper - Detected and using HealthCheckRegistry: org.apache.camel.impl.health.DefaultHealthCheckRegistry@6bd2dd5d
2025-10-12 16:50:10 [main] DEBUG o.a.c.i.h.DefaultHealthCheckRegistry - HealthCheckRepository with id registry-health-check-repository successfully registered
2025-10-12 16:50:10 [main] DEBUG o.a.c.i.c.BaseTypeConverterRegistry - Loading file META-INF/services/org/apache/camel/TypeConverterLoader to retrieve list of type converters, from url: jar:file:/C:/Users/omard/.m2/repository/org/apache/camel/camel-spring/4.4.0/camel-spring-4.4.0.jar!/META-INF/services/org/apache/camel/TypeConverterLoader
2025-10-12 16:50:10 [main] DEBUG o.a.c.i.c.BaseTypeConverterRegistry - Loading file META-INF/services/org/apache/camel/TypeConverterLoader to retrieve list of type converters, from url: jar:file:/C:/Users/omard/.m2/repository/org/apache/camel/camel-xml-jaxp/4.4.0/camel-xml-jaxp-4.4.0.jar!/META-INF/services/org/apache/camel/TypeConverterLoader
2025-10-12 16:50:10 [main] DEBUG o.a.c.i.c.BaseTypeConverterRegistry - Loading file META-INF/services/org/apache/camel/TypeConverterLoader to retrieve list of type converters, from url: jar:file:/C:/Users/omard/.m2/repository/org/apache/camel/camel-http/4.4.0/camel-http-4.4.0.jar!/META-INF/services/org/apache/camel/TypeConverterLoader
2025-10-12 16:50:10 [main] DEBUG o.a.c.i.c.BaseTypeConverterRegistry - Loading file META-INF/services/org/apache/camel/TypeConverterLoader to retrieve list of type converters, from url: jar:file:/C:/Users/omard/.m2/repository/org/apache/camel/camel-http-common/4.4.0/camel-http-common-4.4.0.jar!/META-INF/services/org/apache/camel/TypeConverterLoader
2025-10-12 16:50:10 [main] DEBUG o.a.c.i.c.BaseTypeConverterRegistry - Loading file META-INF/services/org/apache/camel/TypeConverterLoader to retrieve list of type converters, from url: jar:file:/C:/Users/omard/.m2/repository/org/apache/camel/camel-attachments/4.4.0/camel-attachments-4.4.0.jar!/META-INF/services/org/apache/camel/TypeConverterLoader
2025-10-12 16:50:10 [main] DEBUG o.a.c.i.c.BaseTypeConverterRegistry - Loading file META-INF/services/org/apache/camel/TypeConverterLoader to retrieve list of type converters, from url: jar:file:/C:/Users/omard/.m2/repository/org/apache/camel/camel-jackson/4.4.0/camel-jackson-4.4.0.jar!/META-INF/services/org/apache/camel/TypeConverterLoader
2025-10-12 16:50:10 [main] DEBUG o.a.c.i.c.BaseTypeConverterRegistry - Loading file META-INF/services/org/apache/camel/TypeConverterLoader to retrieve list of type converters, from url: jar:file:/C:/Users/omard/.m2/repository/org/apache/camel/camel-support/4.4.0/camel-support-4.4.0.jar!/META-INF/services/org/apache/camel/TypeConverterLoader
2025-10-12 16:50:10 [main] DEBUG o.a.c.i.c.BaseTypeConverterRegistry - Loading file META-INF/services/org/apache/camel/TypeConverterLoader to retrieve list of type converters, from url: jar:file:/C:/Users/omard/.m2/repository/org/apache/camel/camel-file/4.4.0/camel-file-4.4.0.jar!/META-INF/services/org/apache/camel/TypeConverterLoader
2025-10-12 16:50:10 [main] DEBUG o.a.c.i.c.BaseTypeConverterRegistry - Loading file META-INF/services/org/apache/camel/TypeConverterLoader to retrieve list of type converters, from url: jar:file:/C:/Users/omard/.m2/repository/org/apache/camel/camel-base/4.4.0/camel-base-4.4.0.jar!/META-INF/services/org/apache/camel/TypeConverterLoader
2025-10-12 16:50:10 [main] DEBUG o.a.c.i.c.BaseTypeConverterRegistry - Loading file META-INF/services/org/apache/camel/TypeConverterLoader to retrieve list of type converters, from url: jar:file:/C:/Users/omard/.m2/repository/org/apache/camel/camel-spring/4.4.0/camel-spring-4.4.0.jar!/META-INF/services/org/apache/camel/TypeConverterLoader
2025-10-12 16:50:10 [main] DEBUG o.a.c.i.c.BaseTypeConverterRegistry - Loading file META-INF/services/org/apache/camel/TypeConverterLoader to retrieve list of type converters, from url: jar:file:/C:/Users/omard/.m2/repository/org/apache/camel/camel-xml-jaxp/4.4.0/camel-xml-jaxp-4.4.0.jar!/META-INF/services/org/apache/camel/TypeConverterLoader
2025-10-12 16:50:10 [main] DEBUG o.a.c.i.c.BaseTypeConverterRegistry - Loading file META-INF/services/org/apache/camel/TypeConverterLoader to retrieve list of type converters, from url: jar:file:/C:/Users/omard/.m2/repository/org/apache/camel/camel-http/4.4.0/camel-http-4.4.0.jar!/META-INF/services/org/apache/camel/TypeConverterLoader
2025-10-12 16:50:10 [main] DEBUG o.a.c.i.c.BaseTypeConverterRegistry - Loading file META-INF/services/org/apache/camel/TypeConverterLoader to retrieve list of type converters, from url: jar:file:/C:/Users/omard/.m2/repository/org/apache/camel/camel-http-common/4.4.0/camel-http-common-4.4.0.jar!/META-INF/services/org/apache/camel/TypeConverterLoader
2025-10-12 16:50:10 [main] DEBUG o.a.c.i.c.BaseTypeConverterRegistry - Loading file META-INF/services/org/apache/camel/TypeConverterLoader to retrieve list of type converters, from url: jar:file:/C:/Users/omard/.m2/repository/org/apache/camel/camel-attachments/4.4.0/camel-attachments-4.4.0.jar!/META-INF/services/org/apache/camel/TypeConverterLoader
2025-10-12 16:50:10 [main] DEBUG o.a.c.i.c.BaseTypeConverterRegistry - Loading file META-INF/services/org/apache/camel/TypeConverterLoader to retrieve list of type converters, from url: jar:file:/C:/Users/omard/.m2/repository/org/apache/camel/camel-jackson/4.4.0/camel-jackson-4.4.0.jar!/META-INF/services/org/apache/camel/TypeConverterLoader
2025-10-12 16:50:10 [main] DEBUG o.a.c.i.c.BaseTypeConverterRegistry - Loading file META-INF/services/org/apache/camel/TypeConverterLoader to retrieve list of type converters, from url: jar:file:/C:/Users/omard/.m2/repository/org/apache/camel/camel-support/4.4.0/camel-support-4.4.0.jar!/META-INF/services/org/apache/camel/TypeConverterLoader
2025-10-12 16:50:10 [main] DEBUG o.a.c.i.c.BaseTypeConverterRegistry - Loading file META-INF/services/org/apache/camel/TypeConverterLoader to retrieve list of type converters, from url: jar:file:/C:/Users/omard/.m2/repository/org/apache/camel/camel-file/4.4.0/camel-file-4.4.0.jar!/META-INF/services/org/apache/camel/TypeConverterLoader
2025-10-12 16:50:10 [main] DEBUG o.a.c.i.c.BaseTypeConverterRegistry - Loading file META-INF/services/org/apache/camel/TypeConverterLoader to retrieve list of type converters, from url: jar:file:/C:/Users/omard/.m2/repository/org/apache/camel/camel-base/4.4.0/camel-base-4.4.0.jar!/META-INF/services/org/apache/camel/TypeConverterLoader
2025-10-12 16:50:10 [main] DEBUG o.a.c.i.c.BaseTypeConverterRegistry - Resolving TypeConverterLoader: org.apache.camel.spring.converter.ResourceConverterLoader
2025-10-12 16:50:10 [main] DEBUG o.a.c.i.c.BaseTypeConverterRegistry - TypeConverterLoader: org.apache.camel.spring.converter.ResourceConverterLoader loading converters
2025-10-12 16:50:10 [main] DEBUG o.a.c.i.c.BaseTypeConverterRegistry - Resolving TypeConverterLoader: org.apache.camel.converter.jaxp.CamelXmlJaxpBulkConverterLoader
2025-10-12 16:50:10 [main] DEBUG o.a.c.i.c.BaseTypeConverterRegistry - TypeConverterLoader: org.apache.camel.converter.jaxp.CamelXmlJaxpBulkConverterLoader loading converters
2025-10-12 16:50:10 [main] DEBUG o.a.c.i.c.BaseTypeConverterRegistry - Resolving TypeConverterLoader: org.apache.camel.component.http.HttpConvertersLoader
2025-10-12 16:50:10 [main] DEBUG o.a.c.i.c.BaseTypeConverterRegistry - TypeConverterLoader: org.apache.camel.component.http.HttpConvertersLoader loading converters
2025-10-12 16:50:10 [main] DEBUG o.a.c.i.c.BaseTypeConverterRegistry - Resolving TypeConverterLoader: org.apache.camel.component.http.HttpEntityConverterLoader
2025-10-12 16:50:10 [main] DEBUG o.a.c.i.c.BaseTypeConverterRegistry - TypeConverterLoader: org.apache.camel.component.http.HttpEntityConverterLoader loading converters
2025-10-12 16:50:10 [main] DEBUG o.a.c.i.c.BaseTypeConverterRegistry - Resolving TypeConverterLoader: org.apache.camel.http.common.HttpConverterLoader
2025-10-12 16:50:10 [main] DEBUG o.a.c.i.c.BaseTypeConverterRegistry - TypeConverterLoader: org.apache.camel.http.common.HttpConverterLoader loading converters
2025-10-12 16:50:10 [main] DEBUG o.a.c.i.c.BaseTypeConverterRegistry - Resolving TypeConverterLoader: org.apache.camel.attachment.AttachmentConverterLoader
2025-10-12 16:50:10 [main] DEBUG o.a.c.i.c.BaseTypeConverterRegistry - TypeConverterLoader: org.apache.camel.attachment.AttachmentConverterLoader loading converters
2025-10-12 16:50:10 [main] DEBUG o.a.c.i.c.BaseTypeConverterRegistry - Resolving TypeConverterLoader: org.apache.camel.component.jackson.converter.JacksonTypeConvertersLoader
2025-10-12 16:50:10 [main] DEBUG o.a.c.i.c.BaseTypeConverterRegistry - TypeConverterLoader: org.apache.camel.component.jackson.converter.JacksonTypeConvertersLoader loading converters
2025-10-12 16:50:10 [main] DEBUG o.a.c.i.c.BaseTypeConverterRegistry - Resolving TypeConverterLoader: org.apache.camel.converter.stream.StreamCacheBulkConverterLoader
2025-10-12 16:50:10 [main] DEBUG o.a.c.i.c.BaseTypeConverterRegistry - TypeConverterLoader: org.apache.camel.converter.stream.StreamCacheBulkConverterLoader loading converters
2025-10-12 16:50:10 [main] DEBUG o.a.c.i.c.BaseTypeConverterRegistry - Resolving TypeConverterLoader: org.apache.camel.component.file.GenericFileConverterLoader
2025-10-12 16:50:10 [main] DEBUG o.a.c.i.c.BaseTypeConverterRegistry - TypeConverterLoader: org.apache.camel.component.file.GenericFileConverterLoader loading converters
2025-10-12 16:50:10 [main] DEBUG o.a.c.i.c.BaseTypeConverterRegistry - Resolving TypeConverterLoader: org.apache.camel.converter.CamelBaseBulkConverterLoader
2025-10-12 16:50:10 [main] DEBUG o.a.c.i.c.BaseTypeConverterRegistry - TypeConverterLoader: org.apache.camel.converter.CamelBaseBulkConverterLoader loading converters
2025-10-12 16:50:10 [main] DEBUG o.a.c.i.c.DefaultTypeConverter - Loaded 259 type converters in 204ms
2025-10-12 16:50:10 [main] DEBUG o.a.c.i.engine.AbstractCamelContext - Apache Camel 4.4.0 (camel-1) built in 380ms
2025-10-12 16:50:10 [main] INFO  o.a.camel.util.concurrent.ThreadType - The type of thread detected is PLATFORM
2025-10-12 16:50:11 [main] DEBUG o.a.c.i.e.BaseExecutorServiceManager - Created new ScheduledThreadPool for source: ErrorHandlerRedeliveryThreadPool with name: ErrorHandlerRedeliveryTask -> org.apache.camel.util.concurrent.SizedScheduledExecutorService@52da1357[ErrorHandlerRedeliveryTask]
2025-10-12 16:50:11 [main] DEBUG o.a.c.i.e.DefaultConfigurerResolver - Found configurer: spring-event-component via type: org.apache.camel.component.event.EventComponentConfigurer via: META-INF/services/org/apache/camel/configurer/spring-event-component
2025-10-12 16:50:11 [main] DEBUG o.a.c.i.e.DefaultConfigurerResolver - Found configurer: spring-event-endpoint via type: org.apache.camel.component.event.EventEndpointConfigurer via: META-INF/services/org/apache/camel/configurer/spring-event-endpoint
2025-10-12 16:50:11 [main] DEBUG o.a.c.i.e.DefaultConfigurerResolver - Found configurer: spring-event-component via type: org.apache.camel.component.event.EventComponentConfigurer via: META-INF/services/org/apache/camel/configurer/spring-event-component
2025-10-12 16:50:11 [main] DEBUG o.a.camel.spring.SpringCamelContext - Set the application context classloader to: TomcatEmbeddedWebappClassLoader
  context: ROOT
  delegate: true
----------> Parent Classloader:
jdk.internal.loader.ClassLoaders$AppClassLoader@5451c3a8

2025-10-12 16:50:19 [main] DEBUG o.s.w.f.ServerHttpObservationFilter - Filter 'webMvcObservationFilter' configured for use
2025-10-12 16:50:19 [main] DEBUG o.s.w.f.CommonsRequestLoggingFilter - Filter 'logFilter' configured for use
2025-10-12 16:50:19 [main] DEBUG c.m.b.users.config.JwtRequestFilter - Filter 'jwtRequestFilter' configured for use
2025-10-12 16:50:21 [main] INFO  c.m.b.config.RestTemplateConfig - Creating RestTemplate with SSL trust-all configuration
2025-10-12 16:50:21 [main] INFO  c.m.b.config.RestTemplateConfig - RestTemplate configured with connect-timeout: 10000ms, read-timeout: 30000ms
2025-10-12 16:50:24 [main] INFO  org.quartz.impl.StdSchedulerFactory - Using default implementation for ThreadExecutor
2025-10-12 16:50:24 [main] INFO  o.quartz.core.SchedulerSignalerImpl - Initialized Scheduler Signaller of type: class org.quartz.core.SchedulerSignalerImpl
2025-10-12 16:50:24 [main] INFO  org.quartz.core.QuartzScheduler - Quartz Scheduler v.2.3.2 created.
2025-10-12 16:50:24 [main] INFO  org.quartz.simpl.RAMJobStore - RAMJobStore initialized.
2025-10-12 16:50:24 [main] INFO  org.quartz.core.QuartzScheduler - Scheduler meta-data: Quartz Scheduler (v2.3.2) 'quartzScheduler' with instanceId 'NON_CLUSTERED'
  Scheduler class: 'org.quartz.core.QuartzScheduler' - running locally.
  NOT STARTED.
  Currently in standby mode.
  Number of jobs executed: 0
  Using thread pool 'org.quartz.simpl.SimpleThreadPool' - with 10 threads.
  Using job-store 'org.quartz.simpl.RAMJobStore' - which does not support persistence. and is not clustered.

2025-10-12 16:50:24 [main] INFO  org.quartz.impl.StdSchedulerFactory - Quartz scheduler 'quartzScheduler' initialized from an externally provided properties instance.
2025-10-12 16:50:24 [main] INFO  org.quartz.impl.StdSchedulerFactory - Quartz scheduler version: 2.3.2
2025-10-12 16:50:24 [main] INFO  org.quartz.core.QuartzScheduler - JobFactory set to: org.springframework.scheduling.quartz.SpringBeanJobFactory@694a6499
2025-10-12 16:50:25 [main] INFO  c.m.b.k.i.Dhis2HeaderFilterConfig - === Configuring DHIS2 Header Filter (Static Test) ===
2025-10-12 16:50:25 [main] INFO  c.m.b.k.i.Dhis2HeaderFilterConfig - DHIS2 Header Filter configured - allowing most headers for testing
2025-10-12 16:50:27 [main] DEBUG o.s.w.s.m.m.a.RequestMappingHandlerMapping - 163 mappings in 'requestMappingHandlerMapping'
2025-10-12 16:50:27 [main] DEBUG o.s.w.s.h.SimpleUrlHandlerMapping - Patterns [/webjars/**, /**, /swagger-ui*/*swagger-initializer.js, /swagger-ui*/**] in 'resourceHandlerMapping'
2025-10-12 16:50:27 [main] DEBUG o.a.c.i.h.DefaultHealthCheckRegistry - HealthCheck with id context successfully registered
2025-10-12 16:50:28 [main] DEBUG o.a.c.i.h.DefaultHealthCheckRegistry - HealthCheckRepository with id routes successfully registered
2025-10-12 16:50:28 [main] DEBUG o.a.c.i.h.DefaultHealthCheckRegistry - HealthCheckRepository with id producers successfully registered
2025-10-12 16:50:28 [main] DEBUG o.a.c.i.h.DefaultHealthCheckRegistry - HealthCheckRepository with id consumers successfully registered
2025-10-12 16:50:29 [main] DEBUG o.s.w.s.m.m.a.RequestMappingHandlerAdapter - ControllerAdvice beans: 0 @ModelAttribute, 0 @InitBinder, 1 RequestBodyAdvice, 1 ResponseBodyAdvice
2025-10-12 16:50:29 [main] DEBUG o.s.w.s.m.m.a.ExceptionHandlerExceptionResolver - ControllerAdvice beans: 2 @ExceptionHandler, 1 ResponseBodyAdvice
2025-10-12 16:50:34 [main] INFO  o.a.coyote.http11.Http11NioProtocol - Starting ProtocolHandler ["http-nio-8081"]
2025-10-12 16:50:34 [main] DEBUG o.a.c.h.common.DefaultHttpRegistry - Registering CamelServlet with name CamelServlet consumers present: 0
2025-10-12 16:50:34 [main] INFO  o.a.c.c.s.CamelHttpTransportServlet - Initialized CamelHttpTransportServlet[name=CamelServlet, contextPath=]
2025-10-12 16:50:34 [main] DEBUG o.a.camel.spring.SpringCamelContext - onApplicationEvent: org.springframework.boot.web.servlet.context.ServletWebServerInitializedEvent[source=org.springframework.boot.web.embedded.tomcat.TomcatWebServer@54d3fb75]
2025-10-12 16:50:34 [main] INFO  org.quartz.core.QuartzScheduler - Scheduler quartzScheduler_$_NON_CLUSTERED started.
2025-10-12 16:50:34 [main] DEBUG o.a.c.s.b.CamelSpringBootApplicationListener - Post-processing CamelContext bean: camel-1
2025-10-12 16:50:34 [main] DEBUG o.apache.camel.main.RoutesConfigurer - RoutesCollectorEnabled: org.apache.camel.spring.boot.CamelSpringBootRoutesCollector@2bf8a890
2025-10-12 16:50:34 [main] DEBUG o.a.c.s.b.CamelSpringBootRoutesCollector - Finding additional routes from: classpath:camel/*
2025-10-12 16:50:34 [main] DEBUG o.a.c.s.b.CamelSpringBootRoutesCollector - Finding additional routes from: classpath:camel-template/*
2025-10-12 16:50:34 [main] DEBUG o.a.c.s.b.CamelSpringBootRoutesCollector - Finding additional routes from: classpath:camel-rest/*
2025-10-12 16:50:34 [main] DEBUG o.a.c.s.b.CamelSpringBootRoutesCollector - No additional RoutesBuilder discovered from: classpath:camel/*,classpath:camel-template/*,classpath:camel-rest/*
2025-10-12 16:50:34 [main] DEBUG o.a.camel.spring.SpringCamelContext - onApplicationEvent: org.springframework.context.event.ContextRefreshedEvent[source=org.springframework.boot.web.servlet.context.AnnotationConfigServletWebServerApplicationContext@654d8173, started on Sun Oct 12 16:49:36 EEST 2025]
2025-10-12 16:50:34 [main] DEBUG o.a.c.i.engine.AbstractCamelContext - Resolving language: simple
2025-10-12 16:50:34 [main] DEBUG o.a.camel.support.ResolverHelper - Lookup Language with name simple in registry. Found: null
2025-10-12 16:50:34 [main] DEBUG o.a.camel.support.ResolverHelper - Lookup Language with name simple-language in registry. Found: null
2025-10-12 16:50:34 [main] DEBUG o.a.c.language.simple.SimpleLanguage - Simple language predicate/expression cache size: 1000
2025-10-12 16:50:34 [main] DEBUG o.a.c.i.engine.AbstractCamelContext - Apache Camel 4.4.0 (camel-1) initialized in 245ms
2025-10-12 16:50:34 [main] INFO  o.a.c.i.engine.AbstractCamelContext - Apache Camel 4.4.0 (camel-1) is starting
2025-10-12 16:50:34 [main] DEBUG o.a.c.i.engine.AbstractCamelContext - Using ClassResolver=org.apache.camel.impl.engine.DefaultClassResolver@cdbace2, PackageScanClassResolver=org.apache.camel.spring.boot.FatJarPackageScanClassResolver@77505c0e, ApplicationContextClassLoader=TomcatEmbeddedWebappClassLoader
  context: ROOT
  delegate: true
----------> Parent Classloader:
jdk.internal.loader.ClassLoaders$AppClassLoader@5451c3a8
, RouteController=org.apache.camel.impl.engine.DefaultRouteController@1be9d5f1
2025-10-12 16:50:34 [main] DEBUG o.a.c.i.engine.AbstractCamelContext - StreamCaching is disabled on CamelContext: camel-1
2025-10-12 16:50:34 [main] DEBUG o.a.c.i.engine.AbstractCamelContext - Using HeadersMapFactory: org.apache.camel.impl.engine.DefaultHeadersMapFactory@e85f30c
2025-10-12 16:50:34 [main] DEBUG o.a.c.i.engine.AbstractCamelContext - Using ReactiveExecutor: org.apache.camel.impl.engine.DefaultReactiveExecutor@4f88bf80
2025-10-12 16:50:34 [main] DEBUG o.a.c.i.engine.AbstractCamelContext - Using ThreadPoolFactory: org.apache.camel.support.DefaultThreadPoolFactory@7cd9be59
2025-10-12 16:50:34 [main] DEBUG o.a.c.i.engine.AbstractCamelContext - Using HealthCheck: camel-spring-boot
2025-10-12 16:50:34 [main] DEBUG o.a.c.i.e.DefaultStreamCachingStrategy - StreamCaching configuration DefaultStreamCachingStrategy[spoolDirectoryEnabled=false, spoolDirectory=null, spoolCipher=null, spoolThreshold=131072, spoolUsedHeapMemoryThreshold=0, bufferSize=0, anySpoolRules=false]
2025-10-12 16:50:34 [main] DEBUG o.a.c.i.e.DefaultStreamCachingStrategy - StreamCaching in use
2025-10-12 16:50:34 [main] DEBUG o.a.c.i.engine.AbstractCamelContext - Clearing BeanIntrospection cache with 1 objects using during starting Camel
2025-10-12 16:50:34 [main] DEBUG o.a.c.i.engine.AbstractCamelContext - BeanIntrospection invoked 4 times during starting Camel
2025-10-12 16:50:34 [main] INFO  o.a.c.i.engine.AbstractCamelContext - Routes startup (started:0)
2025-10-12 16:50:34 [main] INFO  o.a.c.i.engine.AbstractCamelContext - Apache Camel 4.4.0 (camel-1) started in 692ms (build:380ms init:245ms start:67ms)
2025-10-12 16:50:34 [main] DEBUG o.a.camel.support.ResolverHelper - Found ProcessorFactory: org.apache.camel.processor.DefaultProcessorFactory via: META-INF/services/org/apache/camel/processor-factory
2025-10-12 16:50:34 [main] DEBUG o.a.camel.support.ResolverHelper - Detected and using ProcessorFactory: org.apache.camel.processor.DefaultProcessorFactory@21c3b7fc
2025-10-12 16:50:34 [main] DEBUG o.a.camel.impl.DefaultCamelContext - start() took 333 millis
2025-10-12 16:50:34 [main] INFO  c.middleware.MiddlewareApplication - Started MiddlewareApplication in 60.845 seconds (process running for 64.548)
2025-10-12 16:50:34 [main] DEBUG o.a.camel.spring.SpringCamelContext - onApplicationEvent: org.springframework.boot.context.event.ApplicationStartedEvent[source=org.springframework.boot.SpringApplication@71522fb7]
2025-10-12 16:50:34 [main] DEBUG o.a.camel.spring.SpringCamelContext - onApplicationEvent: org.springframework.boot.availability.AvailabilityChangeEvent[source=org.springframework.boot.web.servlet.context.AnnotationConfigServletWebServerApplicationContext@654d8173, started on Sun Oct 12 16:49:36 EEST 2025]
2025-10-12 16:50:34 [scheduling-1] INFO  c.m.b.k.service.DynamicRouteService - Starting route status sync with Camel context
2025-10-12 16:50:35 [scheduling-1] INFO  c.m.b.k.service.DynamicRouteService - Completed route status sync
2025-10-12 16:50:35 [main] DEBUG o.a.camel.spring.SpringCamelContext - onApplicationEvent: org.springframework.boot.context.event.ApplicationReadyEvent[source=org.springframework.boot.SpringApplication@71522fb7]
2025-10-12 16:50:35 [main] INFO  c.m.b.k.service.SequenceFixService - Fixing sequence for integration_mapping.id ...
2025-10-12 16:50:35 [main] INFO  c.m.b.k.service.SequenceFixService - Sequence public.integration_mapping_id_seq synced to 11. setval returned 11
2025-10-12 16:50:35 [main] INFO  c.m.b.k.service.SequenceFixService - Sequence fix done.
2025-10-12 16:50:35 [main] DEBUG o.a.camel.spring.SpringCamelContext - onApplicationEvent: org.springframework.boot.availability.AvailabilityChangeEvent[source=org.springframework.boot.web.servlet.context.AnnotationConfigServletWebServerApplicationContext@654d8173, started on Sun Oct 12 16:49:36 EEST 2025]
2025-10-12 16:50:36 [RMI TCP Connection(1)-192.168.2.21] INFO  o.a.c.c.C.[Tomcat].[localhost].[/] - Initializing Spring DispatcherServlet 'dispatcherServlet'
2025-10-12 16:50:36 [RMI TCP Connection(1)-192.168.2.21] INFO  o.s.web.servlet.DispatcherServlet - Initializing Servlet 'dispatcherServlet'
2025-10-12 16:50:36 [RMI TCP Connection(3)-192.168.2.21] DEBUG o.a.c.i.health.AbstractHealthCheck - Invoke health-check (LIVENESS) camel/context
2025-10-12 16:50:36 [RMI TCP Connection(1)-192.168.2.21] DEBUG o.s.web.servlet.DispatcherServlet - Detected StandardServletMultipartResolver
2025-10-12 16:50:36 [RMI TCP Connection(1)-192.168.2.21] DEBUG o.s.web.servlet.DispatcherServlet - Detected AcceptHeaderLocaleResolver
2025-10-12 16:50:36 [RMI TCP Connection(1)-192.168.2.21] DEBUG o.s.web.servlet.DispatcherServlet - Detected FixedThemeResolver
2025-10-12 16:50:36 [RMI TCP Connection(3)-192.168.2.21] DEBUG o.a.c.i.health.AbstractHealthCheck - Invoke health-check (READINESS) camel/context
2025-10-12 16:50:36 [RMI TCP Connection(1)-192.168.2.21] DEBUG o.s.web.servlet.DispatcherServlet - Detected org.springframework.web.servlet.view.DefaultRequestToViewNameTranslator@632189d8
2025-10-12 16:50:36 [RMI TCP Connection(3)-192.168.2.21] DEBUG o.a.c.i.health.AbstractHealthCheck - Invoke health-check (ALL) camel/context
2025-10-12 16:50:36 [RMI TCP Connection(1)-192.168.2.21] DEBUG o.s.web.servlet.DispatcherServlet - Detected org.springframework.web.servlet.support.SessionFlashMapManager@2af5511b
2025-10-12 16:50:36 [RMI TCP Connection(1)-192.168.2.21] DEBUG o.s.web.servlet.DispatcherServlet - enableLoggingRequestDetails='false': request parameters and headers will be masked to prevent unsafe logging of potentially sensitive data
2025-10-12 16:50:36 [RMI TCP Connection(1)-192.168.2.21] INFO  o.s.web.servlet.DispatcherServlet - Completed initialization in 24 ms
2025-10-12 16:51:04 [scheduling-1] INFO  c.m.b.k.service.DynamicRouteService - Starting route status sync with Camel context
2025-10-12 16:51:04 [scheduling-1] INFO  c.m.b.k.service.DynamicRouteService - Completed route status sync
2025-10-12 16:51:34 [scheduling-1] INFO  c.m.b.k.service.DynamicRouteService - Starting route status sync with Camel context
2025-10-12 16:51:34 [scheduling-1] INFO  c.m.b.k.service.DynamicRouteService - Completed route status sync
2025-10-12 16:52:04 [scheduling-1] INFO  c.m.b.k.service.DynamicRouteService - Starting route status sync with Camel context
2025-10-12 16:52:04 [scheduling-1] INFO  c.m.b.k.service.DynamicRouteService - Completed route status sync
2025-10-12 16:52:34 [scheduling-1] INFO  c.m.b.k.service.DynamicRouteService - Starting route status sync with Camel context
2025-10-12 16:52:34 [scheduling-1] INFO  c.m.b.k.service.DynamicRouteService - Completed route status sync
2025-10-12 16:52:35 [http-nio-8081-exec-4] DEBUG o.s.w.f.CommonsRequestLoggingFilter - Before request [POST /api/auth/login, client=0:0:0:0:0:0:0:1]
2025-10-12 16:52:35 [http-nio-8081-exec-4] DEBUG o.s.web.servlet.DispatcherServlet - POST "/api/auth/login", parameters={}
2025-10-12 16:52:35 [http-nio-8081-exec-4] DEBUG o.s.w.s.m.m.a.RequestMappingHandlerMapping - Mapped to com.middleware.backend.users.auth.AuthController#login(AuthRequest)
2025-10-12 16:52:35 [http-nio-8081-exec-4] DEBUG o.s.w.s.m.m.a.RequestResponseBodyMethodProcessor - Read "application/json;charset=UTF-8" to [AuthController.AuthRequest(email=admin@mail.com, password=S123@231)]
2025-10-12 16:52:36 [http-nio-8081-exec-4] DEBUG o.a.camel.spring.SpringCamelContext - onApplicationEvent: org.springframework.security.authentication.event.AuthenticationSuccessEvent[source=UsernamePasswordAuthenticationToken [Principal=org.springframework.security.core.userdetails.User [Username=admin@mail.com, Password=[PROTECTED], Enabled=true, AccountNonExpired=true, CredentialsNonExpired=true, AccountNonLocked=true, Granted Authorities=[ROLE_ADMIN, auditLogs:export, auditLogs:view, channel:create, channel:edit, channel:view, config:create, config:edit, config:view, dashboard:jobGraph, dashboard:jobList, dashboard:summary, dashboard:tokenList, dashboard:transactionGraph, dashboard:transactionList, dhis2:edit, dhis2:view, dynamicRoutes:create, dynamicRoutes:delete, dynamicRoutes:edit, dynamicRoutes:export, dynamicRoutes:revert, dynamicRoutes:start, dynamicRoutes:stop, dynamicRoutes:test, dynamicRoutes:validate, dynamicRoutes:view, dynamicRoutesLogs:export, dynamicRoutesLogs:view, errorCategories:create, errorCategories:edit, errorCategories:export, errorCategories:view, errorMappings:create, errorMappings:edit, errorMappings:export, errorMappings:view, group:create, group:edit, group:view, groupReceivers:create, integratedSystem:create, integratedSystem:edit, integratedSystem:view, integrationMapping:create, integrationMapping:delete, integrationMapping:edit, integrationMapping:export, integrationMapping:view, jobExecutionLogs:export, jobExecutionLogs:view, middlewareLogs:export, middlewareLogs:retry, middlewareLogs:view, notification:view, notificationLogs:export, notificationLogs:view, receiver:create, receiver:edit, receiver:view, role:create, role:view, routePermissions:edit, routePermissions:view, scheduledJobs:create, scheduledJobs:delete, scheduledJobs:edit, scheduledJobs:export, scheduledJobs:pause, scheduledJobs:resume, scheduledJobs:test, scheduledJobs:view, scheduledJobsLogs:export, scheduledJobsLogs:view, sourceSystems:create, sourceSystems:edit, sourceSystems:export, sourceSystems:view, template:create, template:edit, template:validate, template:view, throttling:edit, throttling:view, user:activate, user:create, user:delete, user:edit, user:generate-token, user:view, user:viewByRole, userPermissions:edit, userPermissions:view]], Credentials=[PROTECTED], Authenticated=true, Details=null, Granted Authorities=[ROLE_ADMIN, auditLogs:export, auditLogs:view, channel:create, channel:edit, channel:view, config:create, config:edit, config:view, dashboard:jobGraph, dashboard:jobList, dashboard:summary, dashboard:tokenList, dashboard:transactionGraph, dashboard:transactionList, dhis2:edit, dhis2:view, dynamicRoutes:create, dynamicRoutes:delete, dynamicRoutes:edit, dynamicRoutes:export, dynamicRoutes:revert, dynamicRoutes:start, dynamicRoutes:stop, dynamicRoutes:test, dynamicRoutes:validate, dynamicRoutes:view, dynamicRoutesLogs:export, dynamicRoutesLogs:view, errorCategories:create, errorCategories:edit, errorCategories:export, errorCategories:view, errorMappings:create, errorMappings:edit, errorMappings:export, errorMappings:view, group:create, group:edit, group:view, groupReceivers:create, integratedSystem:create, integratedSystem:edit, integratedSystem:view, integrationMapping:create, integrationMapping:delete, integrationMapping:edit, integrationMapping:export, integrationMapping:view, jobExecutionLogs:export, jobExecutionLogs:view, middlewareLogs:export, middlewareLogs:retry, middlewareLogs:view, notification:view, notificationLogs:export, notificationLogs:view, receiver:create, receiver:edit, receiver:view, role:create, role:view, routePermissions:edit, routePermissions:view, scheduledJobs:create, scheduledJobs:delete, scheduledJobs:edit, scheduledJobs:export, scheduledJobs:pause, scheduledJobs:resume, scheduledJobs:test, scheduledJobs:view, scheduledJobsLogs:export, scheduledJobsLogs:view, sourceSystems:create, sourceSystems:edit, sourceSystems:export, sourceSystems:view, template:create, template:edit, template:validate, template:view, throttling:edit, throttling:view, user:activate, user:create, user:delete, user:edit, user:generate-token, user:view, user:viewByRole, userPermissions:edit, userPermissions:view]]]
2025-10-12 16:52:38 [http-nio-8081-exec-4] DEBUG o.s.w.s.m.m.a.HttpEntityMethodProcessor - Using 'application/json', given [*/*] and supported [application/json, application/*+json, application/yaml]
2025-10-12 16:52:38 [http-nio-8081-exec-4] DEBUG o.s.w.s.m.m.a.HttpEntityMethodProcessor - Writing [AuthController.AuthResponse(token=eyJhbGciOiJIUzI1NiJ9.eyJzdWIiOiJhZG1pbkBtYWlsLmNvbSIsImlhdCI6MTc2M (truncated)...]
2025-10-12 16:52:38 [http-nio-8081-exec-4] DEBUG o.s.web.servlet.DispatcherServlet - Completed 200 OK
2025-10-12 16:52:38 [http-nio-8081-exec-4] DEBUG o.a.camel.spring.SpringCamelContext - onApplicationEvent: ServletRequestHandledEvent: url=[/api/auth/login]; client=[0:0:0:0:0:0:0:1]; method=[POST]; status=[200]; servlet=[dispatcherServlet]; session=[null]; user=[null]; time=[3343ms]
2025-10-12 16:52:38 [http-nio-8081-exec-4] DEBUG o.s.w.f.CommonsRequestLoggingFilter - After request [POST /api/auth/login, client=0:0:0:0:0:0:0:1, payload={"email":"admin@mail.com","password":"S123@231"}]
2025-10-12 16:52:40 [http-nio-8081-exec-10] INFO  c.m.b.k.service.DynamicRouteService - Fetching active routes with pagination
2025-10-12 16:52:40 [http-nio-8081-exec-9] INFO  c.m.b.k.service.DynamicRouteService - Fetching active routes with pagination
2025-10-12 16:52:40 [http-nio-8081-exec-3] INFO  c.m.b.k.service.DynamicRouteService - Fetching active routes with pagination
2025-10-12 16:52:40 [http-nio-8081-exec-1] INFO  c.m.b.k.service.DynamicRouteService - Fetching active routes with pagination
2025-10-12 16:52:40 [http-nio-8081-exec-6] INFO  c.m.b.k.service.DynamicRouteService - Fetching active routes with pagination
2025-10-12 16:52:40 [http-nio-8081-exec-7] INFO  c.m.b.k.service.DynamicRouteService - Fetching active routes with pagination
2025-10-12 16:52:41 [http-nio-8081-exec-3] DEBUG o.s.w.f.CommonsRequestLoggingFilter - Before request [GET /api/dashboard, client=0:0:0:0:0:0:0:1, user=admin@mail.com]
2025-10-12 16:52:41 [http-nio-8081-exec-3] DEBUG o.s.web.servlet.DispatcherServlet - GET "/api/dashboard", parameters={}
2025-10-12 16:52:41 [http-nio-8081-exec-3] DEBUG o.s.w.s.m.m.a.RequestMappingHandlerMapping - Mapped to com.middleware.backend.dashboard.controller.DashboardController#getStatuses()
2025-10-12 16:52:41 [http-nio-8081-exec-10] DEBUG o.s.w.f.CommonsRequestLoggingFilter - Before request [GET /api/dashboard/token, client=0:0:0:0:0:0:0:1, user=admin@mail.com]
2025-10-12 16:52:41 [http-nio-8081-exec-10] DEBUG o.s.web.servlet.DispatcherServlet - GET "/api/dashboard/token", parameters={}
2025-10-12 16:52:41 [http-nio-8081-exec-10] DEBUG o.s.w.s.m.m.a.RequestMappingHandlerMapping - Mapped to com.middleware.backend.dashboard.controller.DashboardController#getTokenList()
2025-10-12 16:52:41 [http-nio-8081-exec-9] DEBUG o.s.w.f.CommonsRequestLoggingFilter - Before request [GET /api/dashboard/job/2025-10-12, client=0:0:0:0:0:0:0:1, user=admin@mail.com]
2025-10-12 16:52:41 [http-nio-8081-exec-9] DEBUG o.s.web.servlet.DispatcherServlet - GET "/api/dashboard/job/2025-10-12", parameters={}
2025-10-12 16:52:41 [http-nio-8081-exec-9] DEBUG o.s.w.s.m.m.a.RequestMappingHandlerMapping - Mapped to com.middleware.backend.dashboard.controller.DashboardController#getJobsGraphCoordinates(LocalDate)
2025-10-12 16:52:41 [http-nio-8081-exec-1] DEBUG o.s.w.f.CommonsRequestLoggingFilter - Before request [GET /api/dashboard/transaction, client=0:0:0:0:0:0:0:1, user=admin@mail.com]
2025-10-12 16:52:41 [http-nio-8081-exec-1] DEBUG o.s.web.servlet.DispatcherServlet - GET "/api/dashboard/transaction", parameters={}
2025-10-12 16:52:41 [http-nio-8081-exec-1] DEBUG o.s.w.s.m.m.a.RequestMappingHandlerMapping - Mapped to com.middleware.backend.dashboard.controller.DashboardController#getTransactionList()
2025-10-12 16:52:41 [http-nio-8081-exec-7] DEBUG o.s.w.f.CommonsRequestLoggingFilter - Before request [GET /api/dashboard/job, client=0:0:0:0:0:0:0:1, user=admin@mail.com]
2025-10-12 16:52:41 [http-nio-8081-exec-7] DEBUG o.s.web.servlet.DispatcherServlet - GET "/api/dashboard/job", parameters={}
2025-10-12 16:52:41 [http-nio-8081-exec-7] DEBUG o.s.w.s.m.m.a.RequestMappingHandlerMapping - Mapped to com.middleware.backend.dashboard.controller.DashboardController#getJobsList()
2025-10-12 16:52:41 [http-nio-8081-exec-6] DEBUG o.s.w.f.CommonsRequestLoggingFilter - Before request [GET /api/dashboard/transaction/2025-10-12, client=0:0:0:0:0:0:0:1, user=admin@mail.com]
2025-10-12 16:52:41 [http-nio-8081-exec-6] DEBUG o.s.web.servlet.DispatcherServlet - GET "/api/dashboard/transaction/2025-10-12", parameters={}
2025-10-12 16:52:41 [http-nio-8081-exec-6] DEBUG o.s.w.s.m.m.a.RequestMappingHandlerMapping - Mapped to com.middleware.backend.dashboard.controller.DashboardController#getTransactionGraphCoordinates(LocalDate)
2025-10-12 16:52:41 [http-nio-8081-exec-10] DEBUG o.s.w.s.m.m.a.HttpEntityMethodProcessor - Using 'application/json', given [*/*] and supported [application/json, application/*+json, application/yaml]
2025-10-12 16:52:41 [http-nio-8081-exec-10] DEBUG o.s.w.s.m.m.a.HttpEntityMethodProcessor - Writing [[]]
2025-10-12 16:52:41 [http-nio-8081-exec-10] DEBUG o.s.web.servlet.DispatcherServlet - Completed 200 OK
2025-10-12 16:52:41 [http-nio-8081-exec-10] DEBUG o.a.camel.spring.SpringCamelContext - onApplicationEvent: ServletRequestHandledEvent: url=[/api/dashboard/token]; client=[0:0:0:0:0:0:0:1]; method=[GET]; status=[200]; servlet=[dispatcherServlet]; session=[null]; user=[admin@mail.com]; time=[304ms]
2025-10-12 16:52:41 [http-nio-8081-exec-10] DEBUG o.s.w.f.CommonsRequestLoggingFilter - After request [GET /api/dashboard/token, client=0:0:0:0:0:0:0:1, user=admin@mail.com]
2025-10-12 16:52:41 [http-nio-8081-exec-1] DEBUG o.s.w.s.m.m.a.HttpEntityMethodProcessor - Using 'application/json', given [*/*] and supported [application/json, application/*+json, application/yaml]
2025-10-12 16:52:41 [http-nio-8081-exec-1] DEBUG o.s.w.s.m.m.a.HttpEntityMethodProcessor - Writing [[]]
2025-10-12 16:52:41 [http-nio-8081-exec-1] DEBUG o.s.web.servlet.DispatcherServlet - Completed 200 OK
2025-10-12 16:52:41 [http-nio-8081-exec-1] DEBUG o.a.camel.spring.SpringCamelContext - onApplicationEvent: ServletRequestHandledEvent: url=[/api/dashboard/transaction]; client=[0:0:0:0:0:0:0:1]; method=[GET]; status=[200]; servlet=[dispatcherServlet]; session=[null]; user=[admin@mail.com]; time=[277ms]
2025-10-12 16:52:41 [http-nio-8081-exec-1] DEBUG o.s.w.f.CommonsRequestLoggingFilter - After request [GET /api/dashboard/transaction, client=0:0:0:0:0:0:0:1, user=admin@mail.com]
2025-10-12 16:52:41 [http-nio-8081-exec-7] DEBUG o.s.w.s.m.m.a.HttpEntityMethodProcessor - Using 'application/json', given [*/*] and supported [application/json, application/*+json, application/yaml]
2025-10-12 16:52:41 [http-nio-8081-exec-7] DEBUG o.s.w.s.m.m.a.HttpEntityMethodProcessor - Writing [[]]
2025-10-12 16:52:41 [http-nio-8081-exec-7] DEBUG o.s.web.servlet.DispatcherServlet - Completed 200 OK
2025-10-12 16:52:41 [http-nio-8081-exec-7] DEBUG o.a.camel.spring.SpringCamelContext - onApplicationEvent: ServletRequestHandledEvent: url=[/api/dashboard/job]; client=[0:0:0:0:0:0:0:1]; method=[GET]; status=[200]; servlet=[dispatcherServlet]; session=[null]; user=[admin@mail.com]; time=[289ms]
2025-10-12 16:52:41 [http-nio-8081-exec-7] DEBUG o.s.w.f.CommonsRequestLoggingFilter - After request [GET /api/dashboard/job, client=0:0:0:0:0:0:0:1, user=admin@mail.com]
2025-10-12 16:52:42 [http-nio-8081-exec-9] DEBUG o.s.w.s.m.m.a.HttpEntityMethodProcessor - Using 'application/json', given [*/*] and supported [application/json, application/*+json, application/yaml]
2025-10-12 16:52:42 [http-nio-8081-exec-9] DEBUG o.s.w.s.m.m.a.HttpEntityMethodProcessor - Writing [SummaryDto(summary={Total Executed Scheduled Jobs=0, Failed Executed Jobs=0, Succeeded Executed Jobs (truncated)...]
2025-10-12 16:52:42 [http-nio-8081-exec-9] DEBUG o.s.web.servlet.DispatcherServlet - Completed 200 OK
2025-10-12 16:52:42 [http-nio-8081-exec-9] DEBUG o.a.camel.spring.SpringCamelContext - onApplicationEvent: ServletRequestHandledEvent: url=[/api/dashboard/job/2025-10-12]; client=[0:0:0:0:0:0:0:1]; method=[GET]; status=[200]; servlet=[dispatcherServlet]; session=[null]; user=[admin@mail.com]; time=[789ms]
2025-10-12 16:52:42 [http-nio-8081-exec-9] DEBUG o.s.w.f.CommonsRequestLoggingFilter - After request [GET /api/dashboard/job/2025-10-12, client=0:0:0:0:0:0:0:1, user=admin@mail.com]
2025-10-12 16:52:42 [http-nio-8081-exec-6] DEBUG o.s.w.s.m.m.a.HttpEntityMethodProcessor - Using 'application/json', given [*/*] and supported [application/json, application/*+json, application/yaml]
2025-10-12 16:52:42 [http-nio-8081-exec-6] DEBUG o.s.w.s.m.m.a.HttpEntityMethodProcessor - Writing [SummaryDto(summary={Total Transactions=0, Succeeded Transactions=0, In Progress Transactions=0, Fail (truncated)...]
2025-10-12 16:52:42 [http-nio-8081-exec-6] DEBUG o.s.web.servlet.DispatcherServlet - Completed 200 OK
2025-10-12 16:52:42 [http-nio-8081-exec-6] DEBUG o.a.camel.spring.SpringCamelContext - onApplicationEvent: ServletRequestHandledEvent: url=[/api/dashboard/transaction/2025-10-12]; client=[0:0:0:0:0:0:0:1]; method=[GET]; status=[200]; servlet=[dispatcherServlet]; session=[null]; user=[admin@mail.com]; time=[914ms]
2025-10-12 16:52:42 [http-nio-8081-exec-6] DEBUG o.s.w.f.CommonsRequestLoggingFilter - After request [GET /api/dashboard/transaction/2025-10-12, client=0:0:0:0:0:0:0:1, user=admin@mail.com]
2025-10-12 16:52:42 [http-nio-8081-exec-3] DEBUG o.s.w.s.m.m.a.HttpEntityMethodProcessor - Using 'application/json', given [*/*] and supported [application/json, application/*+json, application/yaml]
2025-10-12 16:52:42 [http-nio-8081-exec-3] DEBUG o.s.w.s.m.m.a.HttpEntityMethodProcessor - Writing [SummaryDto(summary={succeededTransactions=0, userEvents=1, allJobs=0, failedTransactions=0, allTrans (truncated)...]
2025-10-12 16:52:42 [http-nio-8081-exec-3] DEBUG o.s.web.servlet.DispatcherServlet - Completed 200 OK
2025-10-12 16:52:42 [http-nio-8081-exec-3] DEBUG o.a.camel.spring.SpringCamelContext - onApplicationEvent: ServletRequestHandledEvent: url=[/api/dashboard]; client=[0:0:0:0:0:0:0:1]; method=[GET]; status=[200]; servlet=[dispatcherServlet]; session=[null]; user=[admin@mail.com]; time=[1356ms]
2025-10-12 16:52:42 [http-nio-8081-exec-3] DEBUG o.s.w.f.CommonsRequestLoggingFilter - After request [GET /api/dashboard, client=0:0:0:0:0:0:0:1, user=admin@mail.com]
2025-10-12 16:53:04 [scheduling-1] INFO  c.m.b.k.service.DynamicRouteService - Starting route status sync with Camel context
2025-10-12 16:53:04 [scheduling-1] INFO  c.m.b.k.service.DynamicRouteService - Completed route status sync
2025-10-12 16:53:26 [http-nio-8081-exec-8] INFO  c.m.b.k.service.DynamicRouteService - Fetching active routes with pagination
2025-10-12 16:53:26 [http-nio-8081-exec-8] DEBUG o.s.w.f.CommonsRequestLoggingFilter - Before request [GET /api/middleware/healthmap?pe=202509&ou=FKE8yFr2PKg;fcAX51tsDmQ&_dhis2Code=DHIS2.2, client=0:0:0:0:0:0:0:1, user=admin@mail.com]
2025-10-12 16:53:26 [http-nio-8081-exec-8] DEBUG o.s.web.servlet.DispatcherServlet - GET "/api/middleware/healthmap?pe=202509&ou=FKE8yFr2PKg;fcAX51tsDmQ&_dhis2Code=DHIS2.2", parameters={masked}
2025-10-12 16:53:26 [http-nio-8081-exec-8] DEBUG o.s.w.s.m.m.a.RequestMappingHandlerMapping - Mapped to com.middleware.backend.kaotocamel.controller.MiddlewareController#processMiddlewareRequest(String, String, String, String)
2025-10-12 16:53:26 [http-nio-8081-exec-8] INFO  c.m.b.k.c.MiddlewareController - Processing middleware request - API: /healthmap, Period: 202509, OU: FKE8yFr2PKg;fcAX51tsDmQ, DHIS2: DHIS2.2
2025-10-12 16:53:27 [http-nio-8081-exec-8] INFO  c.m.b.k.s.MiddlewareProcessorService - Processing middleware request for API: /healthmap with period: 202509, ou: FKE8yFr2PKg;fcAX51tsDmQ
2025-10-12 16:53:27 [http-nio-8081-exec-8] INFO  c.m.b.k.s.MiddlewareProcessorService - Note: _dhis2Code parameter (DHIS2.2) is ignored - each API uses its own integratedSystem
2025-10-12 16:53:27 [http-nio-8081-exec-8] DEBUG c.m.b.k.s.MiddlewareProcessorService - Request parameters - ou: FKE8yFr2PKg;fcAX51tsDmQ, pe: 202509
2025-10-12 16:53:27 [http-nio-8081-exec-8] INFO  c.m.b.k.s.MiddlewareProcessorService - Grouped 8 mappings into 2 API calls
2025-10-12 16:53:27 [http-nio-8081-exec-8] INFO  c.m.b.k.s.MiddlewareProcessorService - Fetching org units metadata using integratedSystem: DHIS2.2
2025-10-12 16:53:27 [http-nio-8081-exec-8] INFO  c.m.b.k.service.Dhis2ClientService - Fetching metadata using integratedSystem: DHIS2.2 (from metadata API)
2025-10-12 16:53:27 [http-nio-8081-exec-8] DEBUG o.s.web.client.RestTemplate - HTTP GET https://hmis-dev.moh.gov.jo/dwh/api/metadata.json?organisationUnits=true&fields=id,code,name,displayName,shortName,description,openingDate,closedDate,level,phoneNumber,email,address,url,parent%5Bid,code,name,displayName,level%5D,ancestors%5Bid,code,name,displayName,level%5D,translations,organisationUnitGroups%5Bid,code,name%5D,lastUpdated,lastUpdatedBy%5Bid,displayName,username%5D,attributeValues%5Bvalue,attribute%5Bid,code,name%5D%5D
2025-10-12 16:53:27 [http-nio-8081-exec-8] DEBUG o.s.web.client.RestTemplate - Accept=[text/plain, application/json, application/yaml, application/*+json, */*]
2025-10-12 16:53:30 [http-nio-8081-exec-8] DEBUG o.s.web.client.RestTemplate - Response 200 OK
2025-10-12 16:53:30 [http-nio-8081-exec-8] DEBUG o.s.web.client.RestTemplate - Reading to [java.lang.String] as "application/json;charset=UTF-8"
2025-10-12 16:53:31 [http-nio-8081-exec-8] INFO  c.m.b.k.service.Dhis2ClientService - Fetched 2201 org units from metadata API (integratedSystem: DHIS2.2)
2025-10-12 16:53:31 [http-nio-8081-exec-8] INFO  c.m.b.k.s.MiddlewareProcessorService - Executing call for API: HEALTH_ANALYTICS (ANALYTICS) using integratedSystem: DHIS2.2
2025-10-12 16:53:31 [http-nio-8081-exec-8] DEBUG c.m.b.k.s.MiddlewareProcessorService - API flags - useOuFromRequest: false, usePeFromRequest: false
2025-10-12 16:53:31 [http-nio-8081-exec-8] INFO  c.m.b.k.service.Dhis2ClientService - Using DHIS2 settings: integratedSystem=DHIS2.2, baseUrl=HTTPS://hmis-dev.moh.gov.jo/dwh
2025-10-12 16:53:31 [http-nio-8081-exec-8] DEBUG c.m.b.k.service.Dhis2ClientService - Built Analytics URL with flags (useOu=false, usePe=false): /api/analytics.json?dimension=dx:Km0qVQob9MY;mCKqwPcYW7t.tsWtbszbNxf;mCKqwPcYW7t.btKH0SkeKBO;TrtkNB5aAds;XT0h5EGwdf9;xvHA0fLRcyX&dimension=ou:FKE8yFr2PKg;fcAX51tsDmQ&dimension=pe:202505
2025-10-12 16:53:31 [http-nio-8081-exec-8] DEBUG o.s.web.client.RestTemplate - HTTP GET https://hmis-dev.moh.gov.jo/dwh/api/analytics.json?dimension=dx:Km0qVQob9MY;mCKqwPcYW7t.tsWtbszbNxf;mCKqwPcYW7t.btKH0SkeKBO;TrtkNB5aAds;XT0h5EGwdf9;xvHA0fLRcyX&dimension=ou:FKE8yFr2PKg;fcAX51tsDmQ&dimension=pe:202505
2025-10-12 16:53:31 [http-nio-8081-exec-8] DEBUG o.s.web.client.RestTemplate - Accept=[text/plain, application/json, application/yaml, application/*+json, */*]
2025-10-12 16:53:32 [http-nio-8081-exec-8] DEBUG o.s.web.client.RestTemplate - Response 200 OK
2025-10-12 16:53:32 [http-nio-8081-exec-8] DEBUG o.s.web.client.RestTemplate - Reading to [java.lang.String] as "application/json;charset=UTF-8"
2025-10-12 16:53:32 [http-nio-8081-exec-8] INFO  c.m.b.k.s.MiddlewareProcessorService - Executing call for API: ATTR (ANALYTICS) using integratedSystem: DHIS2.2
2025-10-12 16:53:32 [http-nio-8081-exec-8] DEBUG c.m.b.k.s.MiddlewareProcessorService - API flags - useOuFromRequest: false, usePeFromRequest: false
2025-10-12 16:53:32 [http-nio-8081-exec-8] INFO  c.m.b.k.service.Dhis2ClientService - Using DHIS2 settings: integratedSystem=DHIS2.2, baseUrl=HTTPS://hmis-dev.moh.gov.jo/dwh
2025-10-12 16:53:32 [http-nio-8081-exec-8] DEBUG c.m.b.k.service.Dhis2ClientService - Built Analytics URL with flags (useOu=false, usePe=false): /api/analytics.json?dimension=dx:mCryL70xgcR;mCryL70xgcR.koh0tliu6RV;mCryL70xgcR.n7l9dA920vy;eeGloPJ7lGX&dimension=ou:CI1vsTW2OMP&dimension=pe:202507&dimension=UedUhlkhYWX:M0TzDNQdeju
2025-10-12 16:53:32 [http-nio-8081-exec-8] DEBUG o.s.web.client.RestTemplate - HTTP GET https://hmis-dev.moh.gov.jo/dwh/api/analytics.json?dimension=dx:mCryL70xgcR;mCryL70xgcR.koh0tliu6RV;mCryL70xgcR.n7l9dA920vy;eeGloPJ7lGX&dimension=ou:CI1vsTW2OMP&dimension=pe:202507&dimension=UedUhlkhYWX:M0TzDNQdeju
2025-10-12 16:53:32 [http-nio-8081-exec-8] DEBUG o.s.web.client.RestTemplate - Accept=[text/plain, application/json, application/yaml, application/*+json, */*]
2025-10-12 16:53:33 [http-nio-8081-exec-8] DEBUG o.s.web.client.RestTemplate - Response 200 OK
2025-10-12 16:53:33 [http-nio-8081-exec-8] DEBUG o.s.web.client.RestTemplate - Reading to [java.lang.String] as "application/json;charset=UTF-8"
2025-10-12 16:53:33 [http-nio-8081-exec-8] INFO  c.m.b.k.s.MiddlewareProcessorService - Detected attribute dimension: UedUhlkhYWX at index 3
2025-10-12 16:53:33 [http-nio-8081-exec-8] INFO  c.m.b.k.s.MiddlewareProcessorService - Built middleware response with 3 rows
2025-10-12 16:53:33 [http-nio-8081-exec-8] INFO  c.m.b.k.c.MiddlewareController - Middleware request processed - API: /healthmap, Time: 6525ms, Rows: 3
2025-10-12 16:53:33 [http-nio-8081-exec-8] DEBUG o.s.w.s.m.m.a.HttpEntityMethodProcessor - Using 'application/json', given [*/*] and supported [application/json, application/*+json, application/yaml]
2025-10-12 16:53:33 [http-nio-8081-exec-8] DEBUG o.s.w.s.m.m.a.HttpEntityMethodProcessor - Writing [MiddlewareResponseDto(rows=[MiddlewareRowDto(ou=FKE8yFr2PKg, ouName=اربد, ouDetails={code=21, name=I (truncated)...]
2025-10-12 16:53:33 [http-nio-8081-exec-8] DEBUG o.s.web.servlet.DispatcherServlet - Completed 200 OK
2025-10-12 16:53:33 [http-nio-8081-exec-8] DEBUG o.a.camel.spring.SpringCamelContext - onApplicationEvent: ServletRequestHandledEvent: url=[/api/middleware/healthmap]; client=[0:0:0:0:0:0:0:1]; method=[GET]; status=[200]; servlet=[dispatcherServlet]; session=[null]; user=[admin@mail.com]; time=[6575ms]
2025-10-12 16:53:33 [http-nio-8081-exec-8] DEBUG o.s.w.f.CommonsRequestLoggingFilter - After request [GET /api/middleware/healthmap?pe=202509&ou=FKE8yFr2PKg;fcAX51tsDmQ&_dhis2Code=DHIS2.2, client=0:0:0:0:0:0:0:1, user=admin@mail.com]
2025-10-12 16:53:34 [scheduling-1] INFO  c.m.b.k.service.DynamicRouteService - Starting route status sync with Camel context
2025-10-12 16:53:34 [scheduling-1] INFO  c.m.b.k.service.DynamicRouteService - Completed route status sync
2025-10-12 16:54:04 [scheduling-1] INFO  c.m.b.k.service.DynamicRouteService - Starting route status sync with Camel context
2025-10-12 16:54:04 [scheduling-1] INFO  c.m.b.k.service.DynamicRouteService - Completed route status sync
2025-10-12 16:54:34 [scheduling-1] INFO  c.m.b.k.service.DynamicRouteService - Starting route status sync with Camel context
2025-10-12 16:54:34 [scheduling-1] INFO  c.m.b.k.service.DynamicRouteService - Completed route status sync
2025-10-12 16:55:04 [scheduling-1] INFO  c.m.b.k.service.DynamicRouteService - Starting route status sync with Camel context
2025-10-12 16:55:04 [scheduling-1] INFO  c.m.b.k.service.DynamicRouteService - Completed route status sync
2025-10-12 16:55:34 [scheduling-1] INFO  c.m.b.k.service.DynamicRouteService - Starting route status sync with Camel context
2025-10-12 16:55:34 [scheduling-1] INFO  c.m.b.k.service.DynamicRouteService - Completed route status sync
2025-10-12 16:56:04 [scheduling-1] INFO  c.m.b.k.service.DynamicRouteService - Starting route status sync with Camel context
2025-10-12 16:56:04 [scheduling-1] INFO  c.m.b.k.service.DynamicRouteService - Completed route status sync
2025-10-12 16:56:34 [scheduling-1] INFO  c.m.b.k.service.DynamicRouteService - Starting route status sync with Camel context
2025-10-12 16:56:34 [scheduling-1] INFO  c.m.b.k.service.DynamicRouteService - Completed route status sync
2025-10-12 16:57:04 [scheduling-1] INFO  c.m.b.k.service.DynamicRouteService - Starting route status sync with Camel context
2025-10-12 16:57:04 [scheduling-1] INFO  c.m.b.k.service.DynamicRouteService - Completed route status sync
2025-10-12 16:57:34 [scheduling-1] INFO  c.m.b.k.service.DynamicRouteService - Starting route status sync with Camel context
2025-10-12 16:57:34 [scheduling-1] INFO  c.m.b.k.service.DynamicRouteService - Completed route status sync
2025-10-12 16:58:04 [scheduling-1] INFO  c.m.b.k.service.DynamicRouteService - Starting route status sync with Camel context
2025-10-12 16:58:04 [scheduling-1] INFO  c.m.b.k.service.DynamicRouteService - Completed route status sync
2025-10-12 16:58:34 [scheduling-1] INFO  c.m.b.k.service.DynamicRouteService - Starting route status sync with Camel context
2025-10-12 16:58:34 [scheduling-1] INFO  c.m.b.k.service.DynamicRouteService - Completed route status sync
2025-10-12 16:59:04 [scheduling-1] INFO  c.m.b.k.service.DynamicRouteService - Starting route status sync with Camel context
2025-10-12 16:59:04 [scheduling-1] INFO  c.m.b.k.service.DynamicRouteService - Completed route status sync
2025-10-12 16:59:34 [scheduling-1] INFO  c.m.b.k.service.DynamicRouteService - Starting route status sync with Camel context
2025-10-12 16:59:34 [scheduling-1] INFO  c.m.b.k.service.DynamicRouteService - Completed route status sync
2025-10-12 17:00:04 [scheduling-1] INFO  c.m.b.k.service.DynamicRouteService - Starting route status sync with Camel context
2025-10-12 17:00:04 [scheduling-1] INFO  c.m.b.k.service.DynamicRouteService - Completed route status sync
2025-10-12 17:03:36 [http-nio-8081-exec-5] INFO  c.m.b.k.service.DynamicRouteService - Fetching active routes with pagination
2025-10-12 17:03:36 [http-nio-8081-exec-10] INFO  c.m.b.k.service.DynamicRouteService - Fetching active routes with pagination
2025-10-12 17:03:36 [http-nio-8081-exec-1] INFO  c.m.b.k.service.DynamicRouteService - Fetching active routes with pagination
2025-10-12 17:03:36 [http-nio-8081-exec-8] INFO  c.m.b.k.service.DynamicRouteService - Fetching active routes with pagination
2025-10-12 17:03:36 [http-nio-8081-exec-2] INFO  c.m.b.k.service.DynamicRouteService - Fetching active routes with pagination
2025-10-12 17:03:36 [http-nio-8081-exec-3] INFO  c.m.b.k.service.DynamicRouteService - Fetching active routes with pagination
2025-10-12 17:03:36 [http-nio-8081-exec-5] DEBUG o.s.w.f.CommonsRequestLoggingFilter - Before request [GET /api/dashboard/transaction/2025-10-12, client=0:0:0:0:0:0:0:1, user=admin@mail.com]
2025-10-12 17:03:36 [http-nio-8081-exec-5] DEBUG o.s.web.servlet.DispatcherServlet - GET "/api/dashboard/transaction/2025-10-12", parameters={}
2025-10-12 17:03:36 [http-nio-8081-exec-5] DEBUG o.s.w.s.m.m.a.RequestMappingHandlerMapping - Mapped to com.middleware.backend.dashboard.controller.DashboardController#getTransactionGraphCoordinates(LocalDate)
2025-10-12 17:03:36 [http-nio-8081-exec-10] DEBUG o.s.w.f.CommonsRequestLoggingFilter - Before request [GET /api/dashboard/token, client=0:0:0:0:0:0:0:1, user=admin@mail.com]
2025-10-12 17:03:36 [http-nio-8081-exec-10] DEBUG o.s.web.servlet.DispatcherServlet - GET "/api/dashboard/token", parameters={}
2025-10-12 17:03:36 [http-nio-8081-exec-10] DEBUG o.s.w.s.m.m.a.RequestMappingHandlerMapping - Mapped to com.middleware.backend.dashboard.controller.DashboardController#getTokenList()
2025-10-12 17:03:36 [http-nio-8081-exec-1] DEBUG o.s.w.f.CommonsRequestLoggingFilter - Before request [GET /api/dashboard/job, client=0:0:0:0:0:0:0:1, user=admin@mail.com]
2025-10-12 17:03:36 [http-nio-8081-exec-1] DEBUG o.s.web.servlet.DispatcherServlet - GET "/api/dashboard/job", parameters={}
2025-10-12 17:03:36 [http-nio-8081-exec-1] DEBUG o.s.w.s.m.m.a.RequestMappingHandlerMapping - Mapped to com.middleware.backend.dashboard.controller.DashboardController#getJobsList()
2025-10-12 17:03:36 [http-nio-8081-exec-8] DEBUG o.s.w.f.CommonsRequestLoggingFilter - Before request [GET /api/dashboard/job/2025-10-12, client=0:0:0:0:0:0:0:1, user=admin@mail.com]
2025-10-12 17:03:36 [http-nio-8081-exec-8] DEBUG o.s.web.servlet.DispatcherServlet - GET "/api/dashboard/job/2025-10-12", parameters={}
2025-10-12 17:03:36 [http-nio-8081-exec-8] DEBUG o.s.w.s.m.m.a.RequestMappingHandlerMapping - Mapped to com.middleware.backend.dashboard.controller.DashboardController#getJobsGraphCoordinates(LocalDate)
2025-10-12 17:03:36 [http-nio-8081-exec-3] DEBUG o.s.w.f.CommonsRequestLoggingFilter - Before request [GET /api/dashboard, client=0:0:0:0:0:0:0:1, user=admin@mail.com]
2025-10-12 17:03:36 [http-nio-8081-exec-3] DEBUG o.s.web.servlet.DispatcherServlet - GET "/api/dashboard", parameters={}
2025-10-12 17:03:36 [http-nio-8081-exec-3] DEBUG o.s.w.s.m.m.a.RequestMappingHandlerMapping - Mapped to com.middleware.backend.dashboard.controller.DashboardController#getStatuses()
2025-10-12 17:03:36 [http-nio-8081-exec-10] DEBUG o.s.w.s.m.m.a.HttpEntityMethodProcessor - Using 'application/json', given [*/*] and supported [application/json, application/*+json, application/yaml]
2025-10-12 17:03:36 [http-nio-8081-exec-1] DEBUG o.s.w.s.m.m.a.HttpEntityMethodProcessor - Using 'application/json', given [*/*] and supported [application/json, application/*+json, application/yaml]
2025-10-12 17:03:36 [http-nio-8081-exec-10] DEBUG o.s.w.s.m.m.a.HttpEntityMethodProcessor - Writing [[]]
2025-10-12 17:03:36 [http-nio-8081-exec-1] DEBUG o.s.w.s.m.m.a.HttpEntityMethodProcessor - Writing [[]]
2025-10-12 17:03:36 [http-nio-8081-exec-1] DEBUG o.s.web.servlet.DispatcherServlet - Completed 200 OK
2025-10-12 17:03:36 [http-nio-8081-exec-10] DEBUG o.s.web.servlet.DispatcherServlet - Completed 200 OK
2025-10-12 17:03:36 [http-nio-8081-exec-1] DEBUG o.a.camel.spring.SpringCamelContext - onApplicationEvent: ServletRequestHandledEvent: url=[/api/dashboard/job]; client=[0:0:0:0:0:0:0:1]; method=[GET]; status=[200]; servlet=[dispatcherServlet]; session=[null]; user=[admin@mail.com]; time=[104ms]
2025-10-12 17:03:36 [http-nio-8081-exec-1] DEBUG o.s.w.f.CommonsRequestLoggingFilter - After request [GET /api/dashboard/job, client=0:0:0:0:0:0:0:1, user=admin@mail.com]
2025-10-12 17:03:36 [http-nio-8081-exec-10] DEBUG o.a.camel.spring.SpringCamelContext - onApplicationEvent: ServletRequestHandledEvent: url=[/api/dashboard/token]; client=[0:0:0:0:0:0:0:1]; method=[GET]; status=[200]; servlet=[dispatcherServlet]; session=[null]; user=[admin@mail.com]; time=[138ms]
2025-10-12 17:03:36 [http-nio-8081-exec-10] DEBUG o.s.w.f.CommonsRequestLoggingFilter - After request [GET /api/dashboard/token, client=0:0:0:0:0:0:0:1, user=admin@mail.com]
2025-10-12 17:03:36 [http-nio-8081-exec-2] DEBUG o.s.w.f.CommonsRequestLoggingFilter - Before request [GET /api/dashboard/transaction, client=0:0:0:0:0:0:0:1, user=admin@mail.com]
2025-10-12 17:03:36 [http-nio-8081-exec-2] DEBUG o.s.web.servlet.DispatcherServlet - GET "/api/dashboard/transaction", parameters={}
2025-10-12 17:03:36 [http-nio-8081-exec-2] DEBUG o.s.w.s.m.m.a.RequestMappingHandlerMapping - Mapped to com.middleware.backend.dashboard.controller.DashboardController#getTransactionList()
2025-10-12 17:03:36 [http-nio-8081-exec-2] DEBUG o.s.w.s.m.m.a.HttpEntityMethodProcessor - Using 'application/json', given [*/*] and supported [application/json, application/*+json, application/yaml]
2025-10-12 17:03:36 [http-nio-8081-exec-2] DEBUG o.s.w.s.m.m.a.HttpEntityMethodProcessor - Writing [[]]
2025-10-12 17:03:36 [http-nio-8081-exec-2] DEBUG o.s.web.servlet.DispatcherServlet - Completed 200 OK
2025-10-12 17:03:36 [http-nio-8081-exec-2] DEBUG o.a.camel.spring.SpringCamelContext - onApplicationEvent: ServletRequestHandledEvent: url=[/api/dashboard/transaction]; client=[0:0:0:0:0:0:0:1]; method=[GET]; status=[200]; servlet=[dispatcherServlet]; session=[null]; user=[admin@mail.com]; time=[100ms]
2025-10-12 17:03:36 [http-nio-8081-exec-2] DEBUG o.s.w.f.CommonsRequestLoggingFilter - After request [GET /api/dashboard/transaction, client=0:0:0:0:0:0:0:1, user=admin@mail.com]
2025-10-12 17:03:36 [http-nio-8081-exec-8] DEBUG o.s.w.s.m.m.a.HttpEntityMethodProcessor - Using 'application/json', given [*/*] and supported [application/json, application/*+json, application/yaml]
2025-10-12 17:03:36 [http-nio-8081-exec-8] DEBUG o.s.w.s.m.m.a.HttpEntityMethodProcessor - Writing [SummaryDto(summary={Total Executed Scheduled Jobs=0, Failed Executed Jobs=0, Succeeded Executed Jobs (truncated)...]
2025-10-12 17:03:36 [http-nio-8081-exec-8] DEBUG o.s.web.servlet.DispatcherServlet - Completed 200 OK
2025-10-12 17:03:36 [http-nio-8081-exec-8] DEBUG o.a.camel.spring.SpringCamelContext - onApplicationEvent: ServletRequestHandledEvent: url=[/api/dashboard/job/2025-10-12]; client=[0:0:0:0:0:0:0:1]; method=[GET]; status=[200]; servlet=[dispatcherServlet]; session=[null]; user=[admin@mail.com]; time=[314ms]
2025-10-12 17:03:36 [http-nio-8081-exec-8] DEBUG o.s.w.f.CommonsRequestLoggingFilter - After request [GET /api/dashboard/job/2025-10-12, client=0:0:0:0:0:0:0:1, user=admin@mail.com]
2025-10-12 17:03:37 [http-nio-8081-exec-5] DEBUG o.s.w.s.m.m.a.HttpEntityMethodProcessor - Using 'application/json', given [*/*] and supported [application/json, application/*+json, application/yaml]
2025-10-12 17:03:37 [http-nio-8081-exec-5] DEBUG o.s.w.s.m.m.a.HttpEntityMethodProcessor - Writing [SummaryDto(summary={Total Transactions=0, Succeeded Transactions=0, In Progress Transactions=0, Fail (truncated)...]
2025-10-12 17:03:37 [http-nio-8081-exec-5] DEBUG o.s.web.servlet.DispatcherServlet - Completed 200 OK
2025-10-12 17:03:37 [http-nio-8081-exec-5] DEBUG o.a.camel.spring.SpringCamelContext - onApplicationEvent: ServletRequestHandledEvent: url=[/api/dashboard/transaction/2025-10-12]; client=[0:0:0:0:0:0:0:1]; method=[GET]; status=[200]; servlet=[dispatcherServlet]; session=[null]; user=[admin@mail.com]; time=[394ms]
2025-10-12 17:03:37 [http-nio-8081-exec-5] DEBUG o.s.w.f.CommonsRequestLoggingFilter - After request [GET /api/dashboard/transaction/2025-10-12, client=0:0:0:0:0:0:0:1, user=admin@mail.com]
2025-10-12 17:03:37 [http-nio-8081-exec-3] DEBUG o.s.w.s.m.m.a.HttpEntityMethodProcessor - Using 'application/json', given [*/*] and supported [application/json, application/*+json, application/yaml]
2025-10-12 17:03:37 [http-nio-8081-exec-3] DEBUG o.s.w.s.m.m.a.HttpEntityMethodProcessor - Writing [SummaryDto(summary={succeededTransactions=0, userEvents=2, allJobs=0, failedTransactions=0, allTrans (truncated)...]
2025-10-12 17:03:37 [http-nio-8081-exec-3] DEBUG o.s.web.servlet.DispatcherServlet - Completed 200 OK
2025-10-12 17:03:37 [http-nio-8081-exec-3] DEBUG o.a.camel.spring.SpringCamelContext - onApplicationEvent: ServletRequestHandledEvent: url=[/api/dashboard]; client=[0:0:0:0:0:0:0:1]; method=[GET]; status=[200]; servlet=[dispatcherServlet]; session=[null]; user=[admin@mail.com]; time=[444ms]
2025-10-12 17:03:37 [http-nio-8081-exec-3] DEBUG o.s.w.f.CommonsRequestLoggingFilter - After request [GET /api/dashboard, client=0:0:0:0:0:0:0:1, user=admin@mail.com]
2025-10-12 17:03:58 [scheduling-1] INFO  c.m.b.k.service.DynamicRouteService - Starting route status sync with Camel context
2025-10-12 17:03:58 [scheduling-1] INFO  c.m.b.k.service.DynamicRouteService - Completed route status sync
2025-10-12 17:03:59 [scheduling-1] INFO  c.m.b.k.service.DynamicRouteService - Starting route status sync with Camel context
2025-10-12 17:03:59 [scheduling-1] INFO  c.m.b.k.service.DynamicRouteService - Completed route status sync
2025-10-12 17:03:59 [scheduling-1] INFO  c.m.b.k.service.DynamicRouteService - Starting route status sync with Camel context
2025-10-12 17:03:59 [scheduling-1] INFO  c.m.b.k.service.DynamicRouteService - Completed route status sync
2025-10-12 17:03:59 [scheduling-1] INFO  c.m.b.k.service.DynamicRouteService - Starting route status sync with Camel context
2025-10-12 17:03:59 [scheduling-1] INFO  c.m.b.k.service.DynamicRouteService - Completed route status sync
2025-10-12 17:03:59 [scheduling-1] INFO  c.m.b.k.service.DynamicRouteService - Starting route status sync with Camel context
2025-10-12 17:03:59 [scheduling-1] INFO  c.m.b.k.service.DynamicRouteService - Completed route status sync
2025-10-12 17:03:59 [scheduling-1] INFO  c.m.b.k.service.DynamicRouteService - Starting route status sync with Camel context
2025-10-12 17:03:59 [scheduling-1] INFO  c.m.b.k.service.DynamicRouteService - Completed route status sync
2025-10-12 17:04:00 [scheduling-1] INFO  c.m.b.k.service.DynamicRouteService - Starting route status sync with Camel context
2025-10-12 17:04:00 [scheduling-1] INFO  c.m.b.k.service.DynamicRouteService - Completed route status sync
2025-10-12 17:04:04 [scheduling-1] INFO  c.m.b.k.service.DynamicRouteService - Starting route status sync with Camel context
2025-10-12 17:04:04 [scheduling-1] INFO  c.m.b.k.service.DynamicRouteService - Completed route status sync
2025-10-12 17:04:34 [scheduling-1] INFO  c.m.b.k.service.DynamicRouteService - Starting route status sync with Camel context
2025-10-12 17:04:34 [scheduling-1] INFO  c.m.b.k.service.DynamicRouteService - Completed route status sync
2025-10-12 17:05:04 [scheduling-1] INFO  c.m.b.k.service.DynamicRouteService - Starting route status sync with Camel context
2025-10-12 17:05:04 [scheduling-1] INFO  c.m.b.k.service.DynamicRouteService - Completed route status sync
2025-10-12 17:05:34 [scheduling-1] INFO  c.m.b.k.service.DynamicRouteService - Starting route status sync with Camel context
2025-10-12 17:05:34 [scheduling-1] INFO  c.m.b.k.service.DynamicRouteService - Completed route status sync
2025-10-12 17:06:04 [scheduling-1] INFO  c.m.b.k.service.DynamicRouteService - Starting route status sync with Camel context
2025-10-12 17:06:04 [scheduling-1] INFO  c.m.b.k.service.DynamicRouteService - Completed route status sync
2025-10-12 17:06:34 [scheduling-1] INFO  c.m.b.k.service.DynamicRouteService - Starting route status sync with Camel context
2025-10-12 17:06:34 [scheduling-1] INFO  c.m.b.k.service.DynamicRouteService - Completed route status sync
2025-10-12 17:07:06 [http-nio-8081-exec-3] INFO  c.m.b.k.service.DynamicRouteService - Fetching active routes with pagination
2025-10-12 17:07:06 [http-nio-8081-exec-2] INFO  c.m.b.k.service.DynamicRouteService - Fetching active routes with pagination
2025-10-12 17:07:06 [http-nio-8081-exec-8] INFO  c.m.b.k.service.DynamicRouteService - Fetching active routes with pagination
2025-10-12 17:07:06 [http-nio-8081-exec-1] INFO  c.m.b.k.service.DynamicRouteService - Fetching active routes with pagination
2025-10-12 17:07:06 [http-nio-8081-exec-4] INFO  c.m.b.k.service.DynamicRouteService - Fetching active routes with pagination
2025-10-12 17:07:06 [http-nio-8081-exec-5] INFO  c.m.b.k.service.DynamicRouteService - Fetching active routes with pagination
2025-10-12 17:07:06 [http-nio-8081-exec-3] DEBUG o.s.w.f.CommonsRequestLoggingFilter - Before request [GET /api/dashboard/transaction, client=0:0:0:0:0:0:0:1, user=admin@mail.com]
2025-10-12 17:07:06 [http-nio-8081-exec-3] DEBUG o.s.web.servlet.DispatcherServlet - GET "/api/dashboard/transaction", parameters={}
2025-10-12 17:07:06 [http-nio-8081-exec-3] DEBUG o.s.w.s.m.m.a.RequestMappingHandlerMapping - Mapped to com.middleware.backend.dashboard.controller.DashboardController#getTransactionList()
2025-10-12 17:07:06 [http-nio-8081-exec-8] DEBUG o.s.w.f.CommonsRequestLoggingFilter - Before request [GET /api/dashboard/transaction/2025-10-12, client=0:0:0:0:0:0:0:1, user=admin@mail.com]
2025-10-12 17:07:06 [http-nio-8081-exec-8] DEBUG o.s.web.servlet.DispatcherServlet - GET "/api/dashboard/transaction/2025-10-12", parameters={}
2025-10-12 17:07:06 [http-nio-8081-exec-8] DEBUG o.s.w.s.m.m.a.RequestMappingHandlerMapping - Mapped to com.middleware.backend.dashboard.controller.DashboardController#getTransactionGraphCoordinates(LocalDate)
2025-10-12 17:07:06 [http-nio-8081-exec-2] DEBUG o.s.w.f.CommonsRequestLoggingFilter - Before request [GET /api/dashboard, client=0:0:0:0:0:0:0:1, user=admin@mail.com]
2025-10-12 17:07:06 [http-nio-8081-exec-2] DEBUG o.s.web.servlet.DispatcherServlet - GET "/api/dashboard", parameters={}
2025-10-12 17:07:06 [http-nio-8081-exec-2] DEBUG o.s.w.s.m.m.a.RequestMappingHandlerMapping - Mapped to com.middleware.backend.dashboard.controller.DashboardController#getStatuses()
2025-10-12 17:07:07 [http-nio-8081-exec-1] DEBUG o.s.w.f.CommonsRequestLoggingFilter - Before request [GET /api/dashboard/token, client=0:0:0:0:0:0:0:1, user=admin@mail.com]
2025-10-12 17:07:07 [http-nio-8081-exec-1] DEBUG o.s.web.servlet.DispatcherServlet - GET "/api/dashboard/token", parameters={}
2025-10-12 17:07:07 [http-nio-8081-exec-4] DEBUG o.s.w.f.CommonsRequestLoggingFilter - Before request [GET /api/dashboard/job, client=0:0:0:0:0:0:0:1, user=admin@mail.com]
2025-10-12 17:07:07 [http-nio-8081-exec-1] DEBUG o.s.w.s.m.m.a.RequestMappingHandlerMapping - Mapped to com.middleware.backend.dashboard.controller.DashboardController#getTokenList()
2025-10-12 17:07:07 [http-nio-8081-exec-4] DEBUG o.s.web.servlet.DispatcherServlet - GET "/api/dashboard/job", parameters={}
2025-10-12 17:07:07 [http-nio-8081-exec-4] DEBUG o.s.w.s.m.m.a.RequestMappingHandlerMapping - Mapped to com.middleware.backend.dashboard.controller.DashboardController#getJobsList()
2025-10-12 17:07:07 [http-nio-8081-exec-3] DEBUG o.s.w.s.m.m.a.HttpEntityMethodProcessor - Using 'application/json', given [*/*] and supported [application/json, application/*+json, application/yaml]
2025-10-12 17:07:07 [http-nio-8081-exec-3] DEBUG o.s.w.s.m.m.a.HttpEntityMethodProcessor - Writing [[]]
2025-10-12 17:07:07 [http-nio-8081-exec-3] DEBUG o.s.web.servlet.DispatcherServlet - Completed 200 OK
2025-10-12 17:07:07 [http-nio-8081-exec-3] DEBUG o.a.camel.spring.SpringCamelContext - onApplicationEvent: ServletRequestHandledEvent: url=[/api/dashboard/transaction]; client=[0:0:0:0:0:0:0:1]; method=[GET]; status=[200]; servlet=[dispatcherServlet]; session=[null]; user=[admin@mail.com]; time=[121ms]
2025-10-12 17:07:07 [http-nio-8081-exec-3] DEBUG o.s.w.f.CommonsRequestLoggingFilter - After request [GET /api/dashboard/transaction, client=0:0:0:0:0:0:0:1, user=admin@mail.com]
2025-10-12 17:07:07 [http-nio-8081-exec-5] DEBUG o.s.w.f.CommonsRequestLoggingFilter - Before request [GET /api/dashboard/job/2025-10-12, client=0:0:0:0:0:0:0:1, user=admin@mail.com]
2025-10-12 17:07:07 [http-nio-8081-exec-5] DEBUG o.s.web.servlet.DispatcherServlet - GET "/api/dashboard/job/2025-10-12", parameters={}
2025-10-12 17:07:07 [http-nio-8081-exec-5] DEBUG o.s.w.s.m.m.a.RequestMappingHandlerMapping - Mapped to com.middleware.backend.dashboard.controller.DashboardController#getJobsGraphCoordinates(LocalDate)
2025-10-12 17:07:07 [http-nio-8081-exec-1] DEBUG o.s.w.s.m.m.a.HttpEntityMethodProcessor - Using 'application/json', given [*/*] and supported [application/json, application/*+json, application/yaml]
2025-10-12 17:07:07 [http-nio-8081-exec-1] DEBUG o.s.w.s.m.m.a.HttpEntityMethodProcessor - Writing [[]]
2025-10-12 17:07:07 [http-nio-8081-exec-1] DEBUG o.s.web.servlet.DispatcherServlet - Completed 200 OK
2025-10-12 17:07:07 [http-nio-8081-exec-1] DEBUG o.a.camel.spring.SpringCamelContext - onApplicationEvent: ServletRequestHandledEvent: url=[/api/dashboard/token]; client=[0:0:0:0:0:0:0:1]; method=[GET]; status=[200]; servlet=[dispatcherServlet]; session=[null]; user=[admin@mail.com]; time=[114ms]
2025-10-12 17:07:07 [http-nio-8081-exec-1] DEBUG o.s.w.f.CommonsRequestLoggingFilter - After request [GET /api/dashboard/token, client=0:0:0:0:0:0:0:1, user=admin@mail.com]
2025-10-12 17:07:07 [http-nio-8081-exec-4] DEBUG o.s.w.s.m.m.a.HttpEntityMethodProcessor - Using 'application/json', given [*/*] and supported [application/json, application/*+json, application/yaml]
2025-10-12 17:07:07 [http-nio-8081-exec-4] DEBUG o.s.w.s.m.m.a.HttpEntityMethodProcessor - Writing [[]]
2025-10-12 17:07:07 [http-nio-8081-exec-4] DEBUG o.s.web.servlet.DispatcherServlet - Completed 200 OK
2025-10-12 17:07:07 [http-nio-8081-exec-4] DEBUG o.a.camel.spring.SpringCamelContext - onApplicationEvent: ServletRequestHandledEvent: url=[/api/dashboard/job]; client=[0:0:0:0:0:0:0:1]; method=[GET]; status=[200]; servlet=[dispatcherServlet]; session=[null]; user=[admin@mail.com]; time=[116ms]
2025-10-12 17:07:07 [http-nio-8081-exec-4] DEBUG o.s.w.f.CommonsRequestLoggingFilter - After request [GET /api/dashboard/job, client=0:0:0:0:0:0:0:1, user=admin@mail.com]
2025-10-12 17:07:07 [http-nio-8081-exec-5] DEBUG o.s.w.s.m.m.a.HttpEntityMethodProcessor - Using 'application/json', given [*/*] and supported [application/json, application/*+json, application/yaml]
2025-10-12 17:07:07 [http-nio-8081-exec-5] DEBUG o.s.w.s.m.m.a.HttpEntityMethodProcessor - Writing [SummaryDto(summary={Total Executed Scheduled Jobs=0, Failed Executed Jobs=0, Succeeded Executed Jobs (truncated)...]
2025-10-12 17:07:07 [http-nio-8081-exec-5] DEBUG o.s.web.servlet.DispatcherServlet - Completed 200 OK
2025-10-12 17:07:07 [http-nio-8081-exec-5] DEBUG o.a.camel.spring.SpringCamelContext - onApplicationEvent: ServletRequestHandledEvent: url=[/api/dashboard/job/2025-10-12]; client=[0:0:0:0:0:0:0:1]; method=[GET]; status=[200]; servlet=[dispatcherServlet]; session=[null]; user=[admin@mail.com]; time=[249ms]
2025-10-12 17:07:07 [http-nio-8081-exec-5] DEBUG o.s.w.f.CommonsRequestLoggingFilter - After request [GET /api/dashboard/job/2025-10-12, client=0:0:0:0:0:0:0:1, user=admin@mail.com]
2025-10-12 17:07:07 [http-nio-8081-exec-8] DEBUG o.s.w.s.m.m.a.HttpEntityMethodProcessor - Using 'application/json', given [*/*] and supported [application/json, application/*+json, application/yaml]
2025-10-12 17:07:07 [http-nio-8081-exec-8] DEBUG o.s.w.s.m.m.a.HttpEntityMethodProcessor - Writing [SummaryDto(summary={Total Transactions=0, Succeeded Transactions=0, In Progress Transactions=0, Fail (truncated)...]
2025-10-12 17:07:07 [http-nio-8081-exec-8] DEBUG o.s.web.servlet.DispatcherServlet - Completed 200 OK
2025-10-12 17:07:07 [http-nio-8081-exec-8] DEBUG o.a.camel.spring.SpringCamelContext - onApplicationEvent: ServletRequestHandledEvent: url=[/api/dashboard/transaction/2025-10-12]; client=[0:0:0:0:0:0:0:1]; method=[GET]; status=[200]; servlet=[dispatcherServlet]; session=[null]; user=[admin@mail.com]; time=[366ms]
2025-10-12 17:07:07 [http-nio-8081-exec-8] DEBUG o.s.w.f.CommonsRequestLoggingFilter - After request [GET /api/dashboard/transaction/2025-10-12, client=0:0:0:0:0:0:0:1, user=admin@mail.com]
2025-10-12 17:07:07 [http-nio-8081-exec-2] DEBUG o.s.w.s.m.m.a.HttpEntityMethodProcessor - Using 'application/json', given [*/*] and supported [application/json, application/*+json, application/yaml]
2025-10-12 17:07:07 [http-nio-8081-exec-2] DEBUG o.s.w.s.m.m.a.HttpEntityMethodProcessor - Writing [SummaryDto(summary={succeededTransactions=0, userEvents=2, allJobs=0, failedTransactions=0, allTrans (truncated)...]
2025-10-12 17:07:07 [http-nio-8081-exec-2] DEBUG o.s.web.servlet.DispatcherServlet - Completed 200 OK
2025-10-12 17:07:07 [http-nio-8081-exec-2] DEBUG o.a.camel.spring.SpringCamelContext - onApplicationEvent: ServletRequestHandledEvent: url=[/api/dashboard]; client=[0:0:0:0:0:0:0:1]; method=[GET]; status=[200]; servlet=[dispatcherServlet]; session=[null]; user=[admin@mail.com]; time=[508ms]
2025-10-12 17:07:07 [http-nio-8081-exec-2] DEBUG o.s.w.f.CommonsRequestLoggingFilter - After request [GET /api/dashboard, client=0:0:0:0:0:0:0:1, user=admin@mail.com]
2025-10-12 17:07:22 [scheduling-1] INFO  c.m.b.k.service.DynamicRouteService - Starting route status sync with Camel context
2025-10-12 17:07:22 [scheduling-1] INFO  c.m.b.k.service.DynamicRouteService - Completed route status sync
2025-10-12 17:07:34 [scheduling-1] INFO  c.m.b.k.service.DynamicRouteService - Starting route status sync with Camel context
2025-10-12 17:07:34 [scheduling-1] INFO  c.m.b.k.service.DynamicRouteService - Completed route status sync
2025-10-12 17:08:04 [scheduling-1] INFO  c.m.b.k.service.DynamicRouteService - Starting route status sync with Camel context
2025-10-12 17:08:04 [scheduling-1] INFO  c.m.b.k.service.DynamicRouteService - Completed route status sync
2025-10-12 17:08:34 [scheduling-1] INFO  c.m.b.k.service.DynamicRouteService - Starting route status sync with Camel context
2025-10-12 17:08:34 [scheduling-1] INFO  c.m.b.k.service.DynamicRouteService - Completed route status sync
2025-10-12 17:09:04 [scheduling-1] INFO  c.m.b.k.service.DynamicRouteService - Starting route status sync with Camel context
2025-10-12 17:09:04 [scheduling-1] INFO  c.m.b.k.service.DynamicRouteService - Completed route status sync
2025-10-12 17:09:34 [scheduling-1] INFO  c.m.b.k.service.DynamicRouteService - Starting route status sync with Camel context
2025-10-12 17:09:34 [scheduling-1] INFO  c.m.b.k.service.DynamicRouteService - Completed route status sync
2025-10-12 17:10:04 [scheduling-1] INFO  c.m.b.k.service.DynamicRouteService - Starting route status sync with Camel context
2025-10-12 17:10:04 [scheduling-1] INFO  c.m.b.k.service.DynamicRouteService - Completed route status sync
2025-10-12 17:10:05 [http-nio-8081-exec-8] INFO  c.m.b.k.service.DynamicRouteService - Fetching active routes with pagination
2025-10-12 17:10:05 [http-nio-8081-exec-6] INFO  c.m.b.k.service.DynamicRouteService - Fetching active routes with pagination
2025-10-12 17:10:05 [http-nio-8081-exec-2] INFO  c.m.b.k.service.DynamicRouteService - Fetching active routes with pagination
2025-10-12 17:10:05 [http-nio-8081-exec-5] INFO  c.m.b.k.service.DynamicRouteService - Fetching active routes with pagination
2025-10-12 17:10:05 [http-nio-8081-exec-3] INFO  c.m.b.k.service.DynamicRouteService - Fetching active routes with pagination
2025-10-12 17:10:05 [http-nio-8081-exec-9] INFO  c.m.b.k.service.DynamicRouteService - Fetching active routes with pagination
2025-10-12 17:10:06 [http-nio-8081-exec-8] DEBUG o.s.w.f.CommonsRequestLoggingFilter - Before request [GET /api/dashboard/job/2025-10-12, client=0:0:0:0:0:0:0:1, user=admin@mail.com]
2025-10-12 17:10:06 [http-nio-8081-exec-8] DEBUG o.s.web.servlet.DispatcherServlet - GET "/api/dashboard/job/2025-10-12", parameters={}
2025-10-12 17:10:06 [http-nio-8081-exec-8] DEBUG o.s.w.s.m.m.a.RequestMappingHandlerMapping - Mapped to com.middleware.backend.dashboard.controller.DashboardController#getJobsGraphCoordinates(LocalDate)
2025-10-12 17:10:06 [http-nio-8081-exec-3] DEBUG o.s.w.f.CommonsRequestLoggingFilter - Before request [GET /api/dashboard/transaction/2025-10-11, client=0:0:0:0:0:0:0:1, user=admin@mail.com]
2025-10-12 17:10:06 [http-nio-8081-exec-3] DEBUG o.s.web.servlet.DispatcherServlet - GET "/api/dashboard/transaction/2025-10-11", parameters={}
2025-10-12 17:10:06 [http-nio-8081-exec-3] DEBUG o.s.w.s.m.m.a.RequestMappingHandlerMapping - Mapped to com.middleware.backend.dashboard.controller.DashboardController#getTransactionGraphCoordinates(LocalDate)
2025-10-12 17:10:06 [http-nio-8081-exec-5] DEBUG o.s.w.f.CommonsRequestLoggingFilter - Before request [GET /api/dashboard, client=0:0:0:0:0:0:0:1, user=admin@mail.com]
2025-10-12 17:10:06 [http-nio-8081-exec-6] DEBUG o.s.w.f.CommonsRequestLoggingFilter - Before request [GET /api/dashboard/token, client=0:0:0:0:0:0:0:1, user=admin@mail.com]
2025-10-12 17:10:06 [http-nio-8081-exec-5] DEBUG o.s.web.servlet.DispatcherServlet - GET "/api/dashboard", parameters={}
2025-10-12 17:10:06 [http-nio-8081-exec-6] DEBUG o.s.web.servlet.DispatcherServlet - GET "/api/dashboard/token", parameters={}
2025-10-12 17:10:06 [http-nio-8081-exec-6] DEBUG o.s.w.s.m.m.a.RequestMappingHandlerMapping - Mapped to com.middleware.backend.dashboard.controller.DashboardController#getTokenList()
2025-10-12 17:10:06 [http-nio-8081-exec-5] DEBUG o.s.w.s.m.m.a.RequestMappingHandlerMapping - Mapped to com.middleware.backend.dashboard.controller.DashboardController#getStatuses()
2025-10-12 17:10:06 [http-nio-8081-exec-2] DEBUG o.s.w.f.CommonsRequestLoggingFilter - Before request [GET /api/dashboard/transaction, client=0:0:0:0:0:0:0:1, user=admin@mail.com]
2025-10-12 17:10:06 [http-nio-8081-exec-2] DEBUG o.s.web.servlet.DispatcherServlet - GET "/api/dashboard/transaction", parameters={}
2025-10-12 17:10:06 [http-nio-8081-exec-2] DEBUG o.s.w.s.m.m.a.RequestMappingHandlerMapping - Mapped to com.middleware.backend.dashboard.controller.DashboardController#getTransactionList()
2025-10-12 17:10:06 [http-nio-8081-exec-9] DEBUG o.s.w.f.CommonsRequestLoggingFilter - Before request [GET /api/dashboard/job, client=0:0:0:0:0:0:0:1, user=admin@mail.com]
2025-10-12 17:10:06 [http-nio-8081-exec-9] DEBUG o.s.web.servlet.DispatcherServlet - GET "/api/dashboard/job", parameters={}
2025-10-12 17:10:06 [http-nio-8081-exec-9] DEBUG o.s.w.s.m.m.a.RequestMappingHandlerMapping - Mapped to com.middleware.backend.dashboard.controller.DashboardController#getJobsList()
2025-10-12 17:10:06 [http-nio-8081-exec-6] DEBUG o.s.w.s.m.m.a.HttpEntityMethodProcessor - Using 'application/json', given [*/*] and supported [application/json, application/*+json, application/yaml]
2025-10-12 17:10:06 [http-nio-8081-exec-6] DEBUG o.s.w.s.m.m.a.HttpEntityMethodProcessor - Writing [[]]
2025-10-12 17:10:06 [http-nio-8081-exec-6] DEBUG o.s.web.servlet.DispatcherServlet - Completed 200 OK
2025-10-12 17:10:06 [http-nio-8081-exec-6] DEBUG o.a.camel.spring.SpringCamelContext - onApplicationEvent: ServletRequestHandledEvent: url=[/api/dashboard/token]; client=[0:0:0:0:0:0:0:1]; method=[GET]; status=[200]; servlet=[dispatcherServlet]; session=[null]; user=[admin@mail.com]; time=[282ms]
2025-10-12 17:10:06 [http-nio-8081-exec-6] DEBUG o.s.w.f.CommonsRequestLoggingFilter - After request [GET /api/dashboard/token, client=0:0:0:0:0:0:0:1, user=admin@mail.com]
2025-10-12 17:10:06 [http-nio-8081-exec-9] DEBUG o.s.w.s.m.m.a.HttpEntityMethodProcessor - Using 'application/json', given [*/*] and supported [application/json, application/*+json, application/yaml]
2025-10-12 17:10:06 [http-nio-8081-exec-9] DEBUG o.s.w.s.m.m.a.HttpEntityMethodProcessor - Writing [[]]
2025-10-12 17:10:06 [http-nio-8081-exec-9] DEBUG o.s.web.servlet.DispatcherServlet - Completed 200 OK
2025-10-12 17:10:06 [http-nio-8081-exec-9] DEBUG o.a.camel.spring.SpringCamelContext - onApplicationEvent: ServletRequestHandledEvent: url=[/api/dashboard/job]; client=[0:0:0:0:0:0:0:1]; method=[GET]; status=[200]; servlet=[dispatcherServlet]; session=[null]; user=[admin@mail.com]; time=[360ms]
2025-10-12 17:10:06 [http-nio-8081-exec-9] DEBUG o.s.w.f.CommonsRequestLoggingFilter - After request [GET /api/dashboard/job, client=0:0:0:0:0:0:0:1, user=admin@mail.com]
2025-10-12 17:10:06 [http-nio-8081-exec-2] DEBUG o.s.w.s.m.m.a.HttpEntityMethodProcessor - Using 'application/json', given [*/*] and supported [application/json, application/*+json, application/yaml]
2025-10-12 17:10:06 [http-nio-8081-exec-2] DEBUG o.s.w.s.m.m.a.HttpEntityMethodProcessor - Writing [[]]
2025-10-12 17:10:06 [http-nio-8081-exec-2] DEBUG o.s.web.servlet.DispatcherServlet - Completed 200 OK
2025-10-12 17:10:06 [http-nio-8081-exec-2] DEBUG o.a.camel.spring.SpringCamelContext - onApplicationEvent: ServletRequestHandledEvent: url=[/api/dashboard/transaction]; client=[0:0:0:0:0:0:0:1]; method=[GET]; status=[200]; servlet=[dispatcherServlet]; session=[null]; user=[admin@mail.com]; time=[391ms]
2025-10-12 17:10:06 [http-nio-8081-exec-2] DEBUG o.s.w.f.CommonsRequestLoggingFilter - After request [GET /api/dashboard/transaction, client=0:0:0:0:0:0:0:1, user=admin@mail.com]
2025-10-12 17:10:06 [http-nio-8081-exec-8] DEBUG o.s.w.s.m.m.a.HttpEntityMethodProcessor - Using 'application/json', given [*/*] and supported [application/json, application/*+json, application/yaml]
2025-10-12 17:10:06 [http-nio-8081-exec-8] DEBUG o.s.w.s.m.m.a.HttpEntityMethodProcessor - Writing [SummaryDto(summary={Total Executed Scheduled Jobs=0, Failed Executed Jobs=0, Succeeded Executed Jobs (truncated)...]
2025-10-12 17:10:06 [http-nio-8081-exec-8] DEBUG o.s.web.servlet.DispatcherServlet - Completed 200 OK
2025-10-12 17:10:06 [http-nio-8081-exec-8] DEBUG o.a.camel.spring.SpringCamelContext - onApplicationEvent: ServletRequestHandledEvent: url=[/api/dashboard/job/2025-10-12]; client=[0:0:0:0:0:0:0:1]; method=[GET]; status=[200]; servlet=[dispatcherServlet]; session=[null]; user=[admin@mail.com]; time=[707ms]
2025-10-12 17:10:06 [http-nio-8081-exec-8] DEBUG o.s.w.f.CommonsRequestLoggingFilter - After request [GET /api/dashboard/job/2025-10-12, client=0:0:0:0:0:0:0:1, user=admin@mail.com]
2025-10-12 17:10:07 [http-nio-8081-exec-3] DEBUG o.s.w.s.m.m.a.HttpEntityMethodProcessor - Using 'application/json', given [*/*] and supported [application/json, application/*+json, application/yaml]
2025-10-12 17:10:07 [http-nio-8081-exec-3] DEBUG o.s.w.s.m.m.a.HttpEntityMethodProcessor - Writing [SummaryDto(summary={Total Transactions=0, Succeeded Transactions=0, In Progress Transactions=0, Fail (truncated)...]
2025-10-12 17:10:07 [http-nio-8081-exec-3] DEBUG o.s.web.servlet.DispatcherServlet - Completed 200 OK
2025-10-12 17:10:07 [http-nio-8081-exec-3] DEBUG o.a.camel.spring.SpringCamelContext - onApplicationEvent: ServletRequestHandledEvent: url=[/api/dashboard/transaction/2025-10-11]; client=[0:0:0:0:0:0:0:1]; method=[GET]; status=[200]; servlet=[dispatcherServlet]; session=[null]; user=[admin@mail.com]; time=[949ms]
2025-10-12 17:10:07 [http-nio-8081-exec-3] DEBUG o.s.w.f.CommonsRequestLoggingFilter - After request [GET /api/dashboard/transaction/2025-10-11, client=0:0:0:0:0:0:0:1, user=admin@mail.com]
2025-10-12 17:10:07 [http-nio-8081-exec-5] DEBUG o.s.w.s.m.m.a.HttpEntityMethodProcessor - Using 'application/json', given [*/*] and supported [application/json, application/*+json, application/yaml]
2025-10-12 17:10:07 [http-nio-8081-exec-5] DEBUG o.s.w.s.m.m.a.HttpEntityMethodProcessor - Writing [SummaryDto(summary={succeededTransactions=0, userEvents=2, allJobs=0, failedTransactions=0, allTrans (truncated)...]
2025-10-12 17:10:07 [http-nio-8081-exec-5] DEBUG o.s.web.servlet.DispatcherServlet - Completed 200 OK
2025-10-12 17:10:07 [http-nio-8081-exec-5] DEBUG o.a.camel.spring.SpringCamelContext - onApplicationEvent: ServletRequestHandledEvent: url=[/api/dashboard]; client=[0:0:0:0:0:0:0:1]; method=[GET]; status=[200]; servlet=[dispatcherServlet]; session=[null]; user=[admin@mail.com]; time=[1178ms]
2025-10-12 17:10:07 [http-nio-8081-exec-5] DEBUG o.s.w.f.CommonsRequestLoggingFilter - After request [GET /api/dashboard, client=0:0:0:0:0:0:0:1, user=admin@mail.com]
2025-10-12 17:10:34 [scheduling-1] INFO  c.m.b.k.service.DynamicRouteService - Starting route status sync with Camel context
2025-10-12 17:10:34 [scheduling-1] INFO  c.m.b.k.service.DynamicRouteService - Completed route status sync
2025-10-12 17:11:04 [scheduling-1] INFO  c.m.b.k.service.DynamicRouteService - Starting route status sync with Camel context
2025-10-12 17:11:04 [scheduling-1] INFO  c.m.b.k.service.DynamicRouteService - Completed route status sync
2025-10-12 17:11:34 [scheduling-1] INFO  c.m.b.k.service.DynamicRouteService - Starting route status sync with Camel context
2025-10-12 17:11:34 [scheduling-1] INFO  c.m.b.k.service.DynamicRouteService - Completed route status sync
2025-10-12 17:12:01 [http-nio-8081-exec-8] INFO  c.m.b.k.service.DynamicRouteService - Fetching active routes with pagination
2025-10-12 17:12:01 [http-nio-8081-exec-4] INFO  c.m.b.k.service.DynamicRouteService - Fetching active routes with pagination
2025-10-12 17:12:01 [http-nio-8081-exec-7] INFO  c.m.b.k.service.DynamicRouteService - Fetching active routes with pagination
2025-10-12 17:12:01 [http-nio-8081-exec-10] INFO  c.m.b.k.service.DynamicRouteService - Fetching active routes with pagination
2025-10-12 17:12:01 [http-nio-8081-exec-8] DEBUG o.s.w.f.CommonsRequestLoggingFilter - Before request [GET /api/integrated-apis?size=1000&isActive=true, client=0:0:0:0:0:0:0:1, user=admin@mail.com]
2025-10-12 17:12:01 [http-nio-8081-exec-8] DEBUG o.s.web.servlet.DispatcherServlet - GET "/api/integrated-apis?size=1000&isActive=true", parameters={masked}
2025-10-12 17:12:01 [http-nio-8081-exec-8] DEBUG o.s.w.s.m.m.a.RequestMappingHandlerMapping - Mapped to com.middleware.backend.kaotocamel.controller.IntegratedApiController#findAll(String, String, String, String, String, Boolean, String, LocalDateTime, LocalDateTime, LocalDateTime, LocalDateTime, String, Long, Long, int, int, String[])
2025-10-12 17:12:02 [http-nio-8081-exec-8] INFO  c.m.b.k.c.IntegratedApiController - === SORTING DEBUG ===
2025-10-12 17:12:02 [http-nio-8081-exec-8] INFO  c.m.b.k.c.IntegratedApiController - Received sort array: [id, desc]
2025-10-12 17:12:02 [http-nio-8081-exec-8] INFO  c.m.b.k.c.IntegratedApiController - Sort array length: 2
2025-10-12 17:12:02 [http-nio-8081-exec-8] INFO  c.m.b.k.c.IntegratedApiController - sort[0] = 'id'
2025-10-12 17:12:02 [http-nio-8081-exec-8] INFO  c.m.b.k.c.IntegratedApiController - sort[1] = 'desc'
2025-10-12 17:12:02 [http-nio-8081-exec-8] DEBUG c.m.b.k.c.IntegratedApiController - Received sort params: [id, desc]
2025-10-12 17:12:02 [http-nio-8081-exec-8] DEBUG c.m.b.k.c.IntegratedApiController - Handling separated params - field: 'id', direction: 'desc'
2025-10-12 17:12:02 [http-nio-8081-exec-8] DEBUG c.m.b.k.c.IntegratedApiController - Added separated sort order: id DESC
2025-10-12 17:12:02 [http-nio-8081-exec-8] DEBUG c.m.b.k.c.IntegratedApiController - Final sort object: id: DESC
2025-10-12 17:12:02 [http-nio-8081-exec-8] INFO  c.m.b.k.c.IntegratedApiController - Final Sort object: id: DESC
2025-10-12 17:12:02 [http-nio-8081-exec-8] INFO  c.m.b.k.c.IntegratedApiController - === END SORTING DEBUG ===
2025-10-12 17:12:02 [http-nio-8081-exec-8] INFO  c.m.b.k.c.IntegratedApiController - Pageable: Page request [number: 0, size 1000, sort: id: DESC]
2025-10-12 17:12:02 [http-nio-8081-exec-4] DEBUG o.s.w.f.CommonsRequestLoggingFilter - Before request [GET /api/integration-mappings/middleware-apis, client=0:0:0:0:0:0:0:1, user=admin@mail.com]
2025-10-12 17:12:02 [http-nio-8081-exec-4] DEBUG o.s.web.servlet.DispatcherServlet - GET "/api/integration-mappings/middleware-apis", parameters={}
2025-10-12 17:12:02 [http-nio-8081-exec-4] DEBUG o.s.w.s.m.m.a.RequestMappingHandlerMapping - Mapped to com.middleware.backend.kaotocamel.controller.IntegrationMappingAdminController#getMiddlewareApis()
2025-10-12 17:12:02 [http-nio-8081-exec-10] DEBUG o.s.w.f.CommonsRequestLoggingFilter - Before request [GET /api/integration-mappings?page=0&size=10, client=0:0:0:0:0:0:0:1, user=admin@mail.com]
2025-10-12 17:12:02 [http-nio-8081-exec-10] DEBUG o.s.web.servlet.DispatcherServlet - GET "/api/integration-mappings?page=0&size=10", parameters={masked}
2025-10-12 17:12:02 [http-nio-8081-exec-10] DEBUG o.s.w.s.m.m.a.RequestMappingHandlerMapping - Mapped to com.middleware.backend.kaotocamel.controller.IntegrationMappingAdminController#findAll(String, Long, String, String, String, String, String, Boolean, String, LocalDateTime, LocalDateTime, LocalDateTime, LocalDateTime, String, Long, Long, String, String, int, int)
2025-10-12 17:12:02 [http-nio-8081-exec-10] INFO  c.m.b.k.c.IntegrationMappingAdminController - Final sort: id: ASC
2025-10-12 17:12:02 [http-nio-8081-exec-7] DEBUG o.s.w.f.CommonsRequestLoggingFilter - Before request [GET /api/integration-mappings/mapping-types, client=0:0:0:0:0:0:0:1, user=admin@mail.com]
2025-10-12 17:12:02 [http-nio-8081-exec-7] DEBUG o.s.web.servlet.DispatcherServlet - GET "/api/integration-mappings/mapping-types", parameters={}
2025-10-12 17:12:02 [http-nio-8081-exec-7] DEBUG o.s.w.s.m.m.a.RequestMappingHandlerMapping - Mapped to com.middleware.backend.kaotocamel.controller.IntegrationMappingAdminController#getMappingTypes()
2025-10-12 17:12:02 [http-nio-8081-exec-7] DEBUG o.s.w.s.m.m.a.HttpEntityMethodProcessor - Using 'application/json', given [application/json] and supported [application/json, application/*+json, application/yaml]
2025-10-12 17:12:02 [http-nio-8081-exec-7] DEBUG o.s.w.s.m.m.a.HttpEntityMethodProcessor - Writing [[DATA_ELEMENT, DATA_ELEMENT_WITH_DISAGGREGATION, INDICATOR]]
2025-10-12 17:12:02 [http-nio-8081-exec-7] DEBUG o.s.web.servlet.DispatcherServlet - Completed 200 OK
2025-10-12 17:12:02 [http-nio-8081-exec-7] DEBUG o.a.camel.spring.SpringCamelContext - onApplicationEvent: ServletRequestHandledEvent: url=[/api/integration-mappings/mapping-types]; client=[0:0:0:0:0:0:0:1]; method=[GET]; status=[200]; servlet=[dispatcherServlet]; session=[null]; user=[admin@mail.com]; time=[19ms]
2025-10-12 17:12:02 [http-nio-8081-exec-7] DEBUG o.s.w.f.CommonsRequestLoggingFilter - After request [GET /api/integration-mappings/mapping-types, client=0:0:0:0:0:0:0:1, user=admin@mail.com]
2025-10-12 17:12:02 [http-nio-8081-exec-8] WARN  o.s.d.w.c.SpringDataJacksonConfiguration$PageModule$WarningLoggingModifier - Serializing PageImpl instances as-is is not supported, meaning that there is no guarantee about the stability of the resulting JSON structure!
	For a stable JSON structure, please use Spring Data's PagedModel (globally via @EnableSpringDataWebSupport(pageSerializationMode = VIA_DTO))
	or Spring HATEOAS and Spring Data's PagedResourcesAssembler as documented in https://docs.spring.io/spring-data/commons/reference/repositories/core-extensions.html#core.web.pageables.

2025-10-12 17:12:02 [http-nio-8081-exec-8] DEBUG o.s.w.s.m.m.a.HttpEntityMethodProcessor - Using 'application/json', given [application/json] and supported [application/json, application/*+json, application/yaml]
2025-10-12 17:12:02 [http-nio-8081-exec-8] DEBUG o.s.w.s.m.m.a.HttpEntityMethodProcessor - Writing [Page 1 of 1 containing com.middleware.backend.kaotocamel.dto.IntegratedApiDto instances]
2025-10-12 17:12:02 [http-nio-8081-exec-10] DEBUG c.m.b.k.s.IntegrationMappingService - Searching with advanced filters - middlewareApi: null, integratedApiId: null, mappingType: null
2025-10-12 17:12:02 [http-nio-8081-exec-8] DEBUG o.s.web.servlet.DispatcherServlet - Completed 200 OK
2025-10-12 17:12:02 [http-nio-8081-exec-8] DEBUG o.a.camel.spring.SpringCamelContext - onApplicationEvent: ServletRequestHandledEvent: url=[/api/integrated-apis]; client=[0:0:0:0:0:0:0:1]; method=[GET]; status=[200]; servlet=[dispatcherServlet]; session=[null]; user=[admin@mail.com]; time=[362ms]
2025-10-12 17:12:02 [http-nio-8081-exec-8] DEBUG o.s.w.f.CommonsRequestLoggingFilter - After request [GET /api/integrated-apis?size=1000&isActive=true, client=0:0:0:0:0:0:0:1, user=admin@mail.com]
2025-10-12 17:12:02 [http-nio-8081-exec-4] INFO  c.m.b.k.c.IntegrationMappingAdminController - Found 2 distinct middleware APIs
2025-10-12 17:12:02 [http-nio-8081-exec-4] DEBUG o.s.w.s.m.m.a.HttpEntityMethodProcessor - Using 'application/json', given [application/json] and supported [application/json, application/*+json, application/yaml]
2025-10-12 17:12:02 [http-nio-8081-exec-4] DEBUG o.s.w.s.m.m.a.HttpEntityMethodProcessor - Writing [[/healthmap, /healthmapATTR]]
2025-10-12 17:12:02 [http-nio-8081-exec-4] DEBUG o.s.web.servlet.DispatcherServlet - Completed 200 OK
2025-10-12 17:12:02 [http-nio-8081-exec-4] DEBUG o.a.camel.spring.SpringCamelContext - onApplicationEvent: ServletRequestHandledEvent: url=[/api/integration-mappings/middleware-apis]; client=[0:0:0:0:0:0:0:1]; method=[GET]; status=[200]; servlet=[dispatcherServlet]; session=[null]; user=[admin@mail.com]; time=[352ms]
2025-10-12 17:12:02 [http-nio-8081-exec-4] DEBUG o.s.w.f.CommonsRequestLoggingFilter - After request [GET /api/integration-mappings/middleware-apis, client=0:0:0:0:0:0:0:1, user=admin@mail.com]
2025-10-12 17:12:02 [http-nio-8081-exec-10] DEBUG c.m.b.k.s.IntegrationMappingService - Found 10 results out of 11 total
2025-10-12 17:12:02 [http-nio-8081-exec-10] DEBUG o.s.w.s.m.m.a.HttpEntityMethodProcessor - Using 'application/json', given [application/json] and supported [application/json, application/*+json, application/yaml]
2025-10-12 17:12:02 [http-nio-8081-exec-10] DEBUG o.s.w.s.m.m.a.HttpEntityMethodProcessor - Writing [Page 1 of 2 containing com.middleware.backend.kaotocamel.dto.IntegrationMappingDto instances]
2025-10-12 17:12:02 [http-nio-8081-exec-10] DEBUG o.s.web.servlet.DispatcherServlet - Completed 200 OK
2025-10-12 17:12:02 [http-nio-8081-exec-10] DEBUG o.a.camel.spring.SpringCamelContext - onApplicationEvent: ServletRequestHandledEvent: url=[/api/integration-mappings]; client=[0:0:0:0:0:0:0:1]; method=[GET]; status=[200]; servlet=[dispatcherServlet]; session=[null]; user=[admin@mail.com]; time=[337ms]
2025-10-12 17:12:02 [http-nio-8081-exec-10] DEBUG o.s.w.f.CommonsRequestLoggingFilter - After request [GET /api/integration-mappings?page=0&size=10, client=0:0:0:0:0:0:0:1, user=admin@mail.com]
2025-10-12 17:12:04 [scheduling-1] INFO  c.m.b.k.service.DynamicRouteService - Starting route status sync with Camel context
2025-10-12 17:12:04 [scheduling-1] INFO  c.m.b.k.service.DynamicRouteService - Completed route status sync
2025-10-12 17:12:34 [scheduling-1] INFO  c.m.b.k.service.DynamicRouteService - Starting route status sync with Camel context
2025-10-12 17:12:34 [scheduling-1] INFO  c.m.b.k.service.DynamicRouteService - Completed route status sync
2025-10-12 17:13:04 [scheduling-1] INFO  c.m.b.k.service.DynamicRouteService - Starting route status sync with Camel context
2025-10-12 17:13:04 [scheduling-1] INFO  c.m.b.k.service.DynamicRouteService - Completed route status sync
2025-10-12 17:13:34 [scheduling-1] INFO  c.m.b.k.service.DynamicRouteService - Starting route status sync with Camel context
2025-10-12 17:13:34 [scheduling-1] INFO  c.m.b.k.service.DynamicRouteService - Completed route status sync
2025-10-12 17:14:04 [scheduling-1] INFO  c.m.b.k.service.DynamicRouteService - Starting route status sync with Camel context
2025-10-12 17:14:04 [scheduling-1] INFO  c.m.b.k.service.DynamicRouteService - Completed route status sync
2025-10-12 17:14:34 [scheduling-1] INFO  c.m.b.k.service.DynamicRouteService - Starting route status sync with Camel context
2025-10-12 17:14:34 [scheduling-1] INFO  c.m.b.k.service.DynamicRouteService - Completed route status sync
2025-10-12 17:15:04 [scheduling-1] INFO  c.m.b.k.service.DynamicRouteService - Starting route status sync with Camel context
2025-10-12 17:15:04 [scheduling-1] INFO  c.m.b.k.service.DynamicRouteService - Completed route status sync
2025-10-12 17:15:34 [scheduling-1] INFO  c.m.b.k.service.DynamicRouteService - Starting route status sync with Camel context
2025-10-12 17:15:34 [scheduling-1] INFO  c.m.b.k.service.DynamicRouteService - Completed route status sync
2025-10-12 17:18:29 [http-nio-8081-exec-3] INFO  c.m.b.k.service.DynamicRouteService - Fetching active routes with pagination
2025-10-12 17:18:29 [http-nio-8081-exec-7] INFO  c.m.b.k.service.DynamicRouteService - Fetching active routes with pagination
2025-10-12 17:18:29 [http-nio-8081-exec-8] INFO  c.m.b.k.service.DynamicRouteService - Fetching active routes with pagination
2025-10-12 17:18:29 [http-nio-8081-exec-1] INFO  c.m.b.k.service.DynamicRouteService - Fetching active routes with pagination
2025-10-12 17:18:29 [http-nio-8081-exec-8] DEBUG o.s.w.f.CommonsRequestLoggingFilter - Before request [GET /api/integration-mappings?page=0&size=10, client=0:0:0:0:0:0:0:1, user=admin@mail.com]
2025-10-12 17:18:29 [http-nio-8081-exec-8] DEBUG o.s.web.servlet.DispatcherServlet - GET "/api/integration-mappings?page=0&size=10", parameters={masked}
2025-10-12 17:18:29 [http-nio-8081-exec-8] DEBUG o.s.w.s.m.m.a.RequestMappingHandlerMapping - Mapped to com.middleware.backend.kaotocamel.controller.IntegrationMappingAdminController#findAll(String, Long, String, String, String, String, String, Boolean, String, LocalDateTime, LocalDateTime, LocalDateTime, LocalDateTime, String, Long, Long, String, String, int, int)
2025-10-12 17:18:29 [http-nio-8081-exec-8] INFO  c.m.b.k.c.IntegrationMappingAdminController - Final sort: id: ASC
2025-10-12 17:18:29 [http-nio-8081-exec-7] DEBUG o.s.w.f.CommonsRequestLoggingFilter - Before request [GET /api/integration-mappings/mapping-types, client=0:0:0:0:0:0:0:1, user=admin@mail.com]
2025-10-12 17:18:29 [http-nio-8081-exec-7] DEBUG o.s.web.servlet.DispatcherServlet - GET "/api/integration-mappings/mapping-types", parameters={}
2025-10-12 17:18:29 [http-nio-8081-exec-7] DEBUG o.s.w.s.m.m.a.RequestMappingHandlerMapping - Mapped to com.middleware.backend.kaotocamel.controller.IntegrationMappingAdminController#getMappingTypes()
2025-10-12 17:18:29 [http-nio-8081-exec-7] DEBUG o.s.w.s.m.m.a.HttpEntityMethodProcessor - Using 'application/json', given [application/json] and supported [application/json, application/*+json, application/yaml]
2025-10-12 17:18:29 [http-nio-8081-exec-7] DEBUG o.s.w.s.m.m.a.HttpEntityMethodProcessor - Writing [[DATA_ELEMENT, DATA_ELEMENT_WITH_DISAGGREGATION, INDICATOR]]
2025-10-12 17:18:29 [http-nio-8081-exec-7] DEBUG o.s.web.servlet.DispatcherServlet - Completed 200 OK
2025-10-12 17:18:29 [http-nio-8081-exec-7] DEBUG o.a.camel.spring.SpringCamelContext - onApplicationEvent: ServletRequestHandledEvent: url=[/api/integration-mappings/mapping-types]; client=[0:0:0:0:0:0:0:1]; method=[GET]; status=[200]; servlet=[dispatcherServlet]; session=[null]; user=[admin@mail.com]; time=[1ms]
2025-10-12 17:18:29 [http-nio-8081-exec-7] DEBUG o.s.w.f.CommonsRequestLoggingFilter - After request [GET /api/integration-mappings/mapping-types, client=0:0:0:0:0:0:0:1, user=admin@mail.com]
2025-10-12 17:18:29 [http-nio-8081-exec-3] DEBUG o.s.w.f.CommonsRequestLoggingFilter - Before request [GET /api/integration-mappings/middleware-apis, client=0:0:0:0:0:0:0:1, user=admin@mail.com]
2025-10-12 17:18:29 [http-nio-8081-exec-3] DEBUG o.s.web.servlet.DispatcherServlet - GET "/api/integration-mappings/middleware-apis", parameters={}
2025-10-12 17:18:29 [http-nio-8081-exec-3] DEBUG o.s.w.s.m.m.a.RequestMappingHandlerMapping - Mapped to com.middleware.backend.kaotocamel.controller.IntegrationMappingAdminController#getMiddlewareApis()
2025-10-12 17:18:29 [http-nio-8081-exec-8] DEBUG c.m.b.k.s.IntegrationMappingService - Searching with advanced filters - middlewareApi: null, integratedApiId: null, mappingType: null
2025-10-12 17:18:29 [http-nio-8081-exec-8] DEBUG c.m.b.k.s.IntegrationMappingService - Found 10 results out of 11 total
2025-10-12 17:18:29 [http-nio-8081-exec-8] DEBUG o.s.w.s.m.m.a.HttpEntityMethodProcessor - Using 'application/json', given [application/json] and supported [application/json, application/*+json, application/yaml]
2025-10-12 17:18:29 [http-nio-8081-exec-8] DEBUG o.s.w.s.m.m.a.HttpEntityMethodProcessor - Writing [Page 1 of 2 containing com.middleware.backend.kaotocamel.dto.IntegrationMappingDto instances]
2025-10-12 17:18:29 [http-nio-8081-exec-8] DEBUG o.s.web.servlet.DispatcherServlet - Completed 200 OK
2025-10-12 17:18:29 [http-nio-8081-exec-8] DEBUG o.a.camel.spring.SpringCamelContext - onApplicationEvent: ServletRequestHandledEvent: url=[/api/integration-mappings]; client=[0:0:0:0:0:0:0:1]; method=[GET]; status=[200]; servlet=[dispatcherServlet]; session=[null]; user=[admin@mail.com]; time=[138ms]
2025-10-12 17:18:29 [http-nio-8081-exec-8] DEBUG o.s.w.f.CommonsRequestLoggingFilter - After request [GET /api/integration-mappings?page=0&size=10, client=0:0:0:0:0:0:0:1, user=admin@mail.com]
2025-10-12 17:18:29 [http-nio-8081-exec-1] DEBUG o.s.w.f.CommonsRequestLoggingFilter - Before request [GET /api/integrated-apis?size=1000&isActive=true, client=0:0:0:0:0:0:0:1, user=admin@mail.com]
2025-10-12 17:18:29 [http-nio-8081-exec-1] DEBUG o.s.web.servlet.DispatcherServlet - GET "/api/integrated-apis?size=1000&isActive=true", parameters={masked}
2025-10-12 17:18:29 [http-nio-8081-exec-1] DEBUG o.s.w.s.m.m.a.RequestMappingHandlerMapping - Mapped to com.middleware.backend.kaotocamel.controller.IntegratedApiController#findAll(String, String, String, String, String, Boolean, String, LocalDateTime, LocalDateTime, LocalDateTime, LocalDateTime, String, Long, Long, int, int, String[])
2025-10-12 17:18:29 [http-nio-8081-exec-1] INFO  c.m.b.k.c.IntegratedApiController - === SORTING DEBUG ===
2025-10-12 17:18:29 [http-nio-8081-exec-1] INFO  c.m.b.k.c.IntegratedApiController - Received sort array: [id, desc]
2025-10-12 17:18:29 [http-nio-8081-exec-1] INFO  c.m.b.k.c.IntegratedApiController - Sort array length: 2
2025-10-12 17:18:29 [http-nio-8081-exec-1] INFO  c.m.b.k.c.IntegratedApiController - sort[0] = 'id'
2025-10-12 17:18:29 [http-nio-8081-exec-1] INFO  c.m.b.k.c.IntegratedApiController - sort[1] = 'desc'
2025-10-12 17:18:29 [http-nio-8081-exec-1] DEBUG c.m.b.k.c.IntegratedApiController - Received sort params: [id, desc]
2025-10-12 17:18:29 [http-nio-8081-exec-1] DEBUG c.m.b.k.c.IntegratedApiController - Handling separated params - field: 'id', direction: 'desc'
2025-10-12 17:18:29 [http-nio-8081-exec-1] DEBUG c.m.b.k.c.IntegratedApiController - Added separated sort order: id DESC
2025-10-12 17:18:29 [http-nio-8081-exec-1] DEBUG c.m.b.k.c.IntegratedApiController - Final sort object: id: DESC
2025-10-12 17:18:29 [http-nio-8081-exec-1] INFO  c.m.b.k.c.IntegratedApiController - Final Sort object: id: DESC
2025-10-12 17:18:29 [http-nio-8081-exec-1] INFO  c.m.b.k.c.IntegratedApiController - === END SORTING DEBUG ===
2025-10-12 17:18:29 [http-nio-8081-exec-1] INFO  c.m.b.k.c.IntegratedApiController - Pageable: Page request [number: 0, size 1000, sort: id: DESC]
2025-10-12 17:18:29 [http-nio-8081-exec-3] INFO  c.m.b.k.c.IntegrationMappingAdminController - Found 2 distinct middleware APIs
2025-10-12 17:18:29 [http-nio-8081-exec-3] DEBUG o.s.w.s.m.m.a.HttpEntityMethodProcessor - Using 'application/json', given [application/json] and supported [application/json, application/*+json, application/yaml]
2025-10-12 17:18:29 [http-nio-8081-exec-3] DEBUG o.s.w.s.m.m.a.HttpEntityMethodProcessor - Writing [[/healthmap, /healthmapATTR]]
2025-10-12 17:18:29 [http-nio-8081-exec-3] DEBUG o.s.web.servlet.DispatcherServlet - Completed 200 OK
2025-10-12 17:18:29 [http-nio-8081-exec-3] DEBUG o.a.camel.spring.SpringCamelContext - onApplicationEvent: ServletRequestHandledEvent: url=[/api/integration-mappings/middleware-apis]; client=[0:0:0:0:0:0:0:1]; method=[GET]; status=[200]; servlet=[dispatcherServlet]; session=[null]; user=[admin@mail.com]; time=[128ms]
2025-10-12 17:18:29 [http-nio-8081-exec-3] DEBUG o.s.w.f.CommonsRequestLoggingFilter - After request [GET /api/integration-mappings/middleware-apis, client=0:0:0:0:0:0:0:1, user=admin@mail.com]
2025-10-12 17:18:30 [http-nio-8081-exec-1] DEBUG o.s.w.s.m.m.a.HttpEntityMethodProcessor - Using 'application/json', given [application/json] and supported [application/json, application/*+json, application/yaml]
2025-10-12 17:18:30 [http-nio-8081-exec-1] DEBUG o.s.w.s.m.m.a.HttpEntityMethodProcessor - Writing [Page 1 of 1 containing com.middleware.backend.kaotocamel.dto.IntegratedApiDto instances]
2025-10-12 17:18:30 [http-nio-8081-exec-1] DEBUG o.s.web.servlet.DispatcherServlet - Completed 200 OK
2025-10-12 17:18:30 [http-nio-8081-exec-1] DEBUG o.a.camel.spring.SpringCamelContext - onApplicationEvent: ServletRequestHandledEvent: url=[/api/integrated-apis]; client=[0:0:0:0:0:0:0:1]; method=[GET]; status=[200]; servlet=[dispatcherServlet]; session=[null]; user=[admin@mail.com]; time=[183ms]
2025-10-12 17:18:30 [http-nio-8081-exec-1] DEBUG o.s.w.f.CommonsRequestLoggingFilter - After request [GET /api/integrated-apis?size=1000&isActive=true, client=0:0:0:0:0:0:0:1, user=admin@mail.com]
2025-10-12 17:18:44 [scheduling-1] INFO  c.m.b.k.service.DynamicRouteService - Starting route status sync with Camel context
2025-10-12 17:18:44 [scheduling-1] INFO  c.m.b.k.service.DynamicRouteService - Completed route status sync
2025-10-12 17:18:44 [scheduling-1] INFO  c.m.b.k.service.DynamicRouteService - Starting route status sync with Camel context
2025-10-12 17:18:44 [scheduling-1] INFO  c.m.b.k.service.DynamicRouteService - Completed route status sync
2025-10-12 17:18:44 [scheduling-1] INFO  c.m.b.k.service.DynamicRouteService - Starting route status sync with Camel context
2025-10-12 17:18:44 [scheduling-1] INFO  c.m.b.k.service.DynamicRouteService - Completed route status sync
2025-10-12 17:18:45 [scheduling-1] INFO  c.m.b.k.service.DynamicRouteService - Starting route status sync with Camel context
2025-10-12 17:18:45 [scheduling-1] INFO  c.m.b.k.service.DynamicRouteService - Completed route status sync
2025-10-12 17:18:45 [scheduling-1] INFO  c.m.b.k.service.DynamicRouteService - Starting route status sync with Camel context
2025-10-12 17:18:45 [scheduling-1] INFO  c.m.b.k.service.DynamicRouteService - Completed route status sync
2025-10-12 17:18:45 [scheduling-1] INFO  c.m.b.k.service.DynamicRouteService - Starting route status sync with Camel context
2025-10-12 17:18:45 [scheduling-1] INFO  c.m.b.k.service.DynamicRouteService - Completed route status sync
2025-10-12 17:19:04 [scheduling-1] INFO  c.m.b.k.service.DynamicRouteService - Starting route status sync with Camel context
2025-10-12 17:19:04 [scheduling-1] INFO  c.m.b.k.service.DynamicRouteService - Completed route status sync
2025-10-12 17:19:34 [scheduling-1] INFO  c.m.b.k.service.DynamicRouteService - Starting route status sync with Camel context
2025-10-12 17:19:34 [scheduling-1] INFO  c.m.b.k.service.DynamicRouteService - Completed route status sync
2025-10-12 17:20:04 [scheduling-1] INFO  c.m.b.k.service.DynamicRouteService - Starting route status sync with Camel context
2025-10-12 17:20:04 [scheduling-1] INFO  c.m.b.k.service.DynamicRouteService - Completed route status sync
2025-10-12 17:20:34 [scheduling-1] INFO  c.m.b.k.service.DynamicRouteService - Starting route status sync with Camel context
2025-10-12 17:20:34 [scheduling-1] INFO  c.m.b.k.service.DynamicRouteService - Completed route status sync
2025-10-12 17:21:04 [scheduling-1] INFO  c.m.b.k.service.DynamicRouteService - Starting route status sync with Camel context
2025-10-12 17:21:04 [scheduling-1] INFO  c.m.b.k.service.DynamicRouteService - Completed route status sync
2025-10-12 17:21:34 [scheduling-1] INFO  c.m.b.k.service.DynamicRouteService - Starting route status sync with Camel context
2025-10-12 17:21:34 [scheduling-1] INFO  c.m.b.k.service.DynamicRouteService - Completed route status sync
2025-10-12 17:22:04 [scheduling-1] INFO  c.m.b.k.service.DynamicRouteService - Starting route status sync with Camel context
2025-10-12 17:22:04 [scheduling-1] INFO  c.m.b.k.service.DynamicRouteService - Completed route status sync
2025-10-12 17:22:34 [scheduling-1] INFO  c.m.b.k.service.DynamicRouteService - Starting route status sync with Camel context
2025-10-12 17:22:34 [scheduling-1] INFO  c.m.b.k.service.DynamicRouteService - Completed route status sync
2025-10-12 17:23:04 [scheduling-1] INFO  c.m.b.k.service.DynamicRouteService - Starting route status sync with Camel context
2025-10-12 17:23:04 [scheduling-1] INFO  c.m.b.k.service.DynamicRouteService - Completed route status sync
2025-10-12 17:31:34 [http-nio-8081-exec-3] INFO  c.m.b.k.service.DynamicRouteService - Fetching active routes with pagination
2025-10-12 17:31:34 [http-nio-8081-exec-5] INFO  c.m.b.k.service.DynamicRouteService - Fetching active routes with pagination
2025-10-12 17:31:34 [http-nio-8081-exec-2] INFO  c.m.b.k.service.DynamicRouteService - Fetching active routes with pagination
2025-10-12 17:31:34 [http-nio-8081-exec-7] INFO  c.m.b.k.service.DynamicRouteService - Fetching active routes with pagination
2025-10-12 17:31:34 [http-nio-8081-exec-3] DEBUG o.s.w.f.CommonsRequestLoggingFilter - Before request [GET /api/integration-mappings?page=0&size=10, client=0:0:0:0:0:0:0:1, user=admin@mail.com]
2025-10-12 17:31:34 [http-nio-8081-exec-3] DEBUG o.s.web.servlet.DispatcherServlet - GET "/api/integration-mappings?page=0&size=10", parameters={masked}
2025-10-12 17:31:34 [http-nio-8081-exec-3] DEBUG o.s.w.s.m.m.a.RequestMappingHandlerMapping - Mapped to com.middleware.backend.kaotocamel.controller.IntegrationMappingAdminController#findAll(String, Long, String, String, String, String, String, Boolean, String, LocalDateTime, LocalDateTime, LocalDateTime, LocalDateTime, String, Long, Long, String, String, int, int)
2025-10-12 17:31:34 [http-nio-8081-exec-2] DEBUG o.s.w.f.CommonsRequestLoggingFilter - Before request [GET /api/integration-mappings/middleware-apis, client=0:0:0:0:0:0:0:1, user=admin@mail.com]
2025-10-12 17:31:34 [http-nio-8081-exec-2] DEBUG o.s.web.servlet.DispatcherServlet - GET "/api/integration-mappings/middleware-apis", parameters={}
2025-10-12 17:31:34 [http-nio-8081-exec-2] DEBUG o.s.w.s.m.m.a.RequestMappingHandlerMapping - Mapped to com.middleware.backend.kaotocamel.controller.IntegrationMappingAdminController#getMiddlewareApis()
2025-10-12 17:31:34 [http-nio-8081-exec-3] INFO  c.m.b.k.c.IntegrationMappingAdminController - Final sort: id: ASC
2025-10-12 17:31:34 [http-nio-8081-exec-5] DEBUG o.s.w.f.CommonsRequestLoggingFilter - Before request [GET /api/integrated-apis?size=1000&isActive=true, client=0:0:0:0:0:0:0:1, user=admin@mail.com]
2025-10-12 17:31:34 [http-nio-8081-exec-7] DEBUG o.s.w.f.CommonsRequestLoggingFilter - Before request [GET /api/integration-mappings/mapping-types, client=0:0:0:0:0:0:0:1, user=admin@mail.com]
2025-10-12 17:31:34 [http-nio-8081-exec-7] DEBUG o.s.web.servlet.DispatcherServlet - GET "/api/integration-mappings/mapping-types", parameters={}
2025-10-12 17:31:34 [http-nio-8081-exec-5] DEBUG o.s.web.servlet.DispatcherServlet - GET "/api/integrated-apis?size=1000&isActive=true", parameters={masked}
2025-10-12 17:31:34 [http-nio-8081-exec-7] DEBUG o.s.w.s.m.m.a.RequestMappingHandlerMapping - Mapped to com.middleware.backend.kaotocamel.controller.IntegrationMappingAdminController#getMappingTypes()
2025-10-12 17:31:34 [http-nio-8081-exec-7] DEBUG o.s.w.s.m.m.a.HttpEntityMethodProcessor - Using 'application/json', given [application/json] and supported [application/json, application/*+json, application/yaml]
2025-10-12 17:31:34 [http-nio-8081-exec-5] DEBUG o.s.w.s.m.m.a.RequestMappingHandlerMapping - Mapped to com.middleware.backend.kaotocamel.controller.IntegratedApiController#findAll(String, String, String, String, String, Boolean, String, LocalDateTime, LocalDateTime, LocalDateTime, LocalDateTime, String, Long, Long, int, int, String[])
2025-10-12 17:31:34 [http-nio-8081-exec-7] DEBUG o.s.w.s.m.m.a.HttpEntityMethodProcessor - Writing [[DATA_ELEMENT, DATA_ELEMENT_WITH_DISAGGREGATION, INDICATOR]]
2025-10-12 17:31:34 [http-nio-8081-exec-7] DEBUG o.s.web.servlet.DispatcherServlet - Completed 200 OK
2025-10-12 17:31:34 [http-nio-8081-exec-5] INFO  c.m.b.k.c.IntegratedApiController - === SORTING DEBUG ===
2025-10-12 17:31:34 [http-nio-8081-exec-5] INFO  c.m.b.k.c.IntegratedApiController - Received sort array: [id, desc]
2025-10-12 17:31:34 [http-nio-8081-exec-5] INFO  c.m.b.k.c.IntegratedApiController - Sort array length: 2
2025-10-12 17:31:34 [http-nio-8081-exec-5] INFO  c.m.b.k.c.IntegratedApiController - sort[0] = 'id'
2025-10-12 17:31:34 [http-nio-8081-exec-5] INFO  c.m.b.k.c.IntegratedApiController - sort[1] = 'desc'
2025-10-12 17:31:34 [http-nio-8081-exec-5] DEBUG c.m.b.k.c.IntegratedApiController - Received sort params: [id, desc]
2025-10-12 17:31:34 [http-nio-8081-exec-5] DEBUG c.m.b.k.c.IntegratedApiController - Handling separated params - field: 'id', direction: 'desc'
2025-10-12 17:31:34 [http-nio-8081-exec-5] DEBUG c.m.b.k.c.IntegratedApiController - Added separated sort order: id DESC
2025-10-12 17:31:34 [http-nio-8081-exec-5] DEBUG c.m.b.k.c.IntegratedApiController - Final sort object: id: DESC
2025-10-12 17:31:34 [http-nio-8081-exec-5] INFO  c.m.b.k.c.IntegratedApiController - Final Sort object: id: DESC
2025-10-12 17:31:34 [http-nio-8081-exec-5] INFO  c.m.b.k.c.IntegratedApiController - === END SORTING DEBUG ===
2025-10-12 17:31:34 [http-nio-8081-exec-5] INFO  c.m.b.k.c.IntegratedApiController - Pageable: Page request [number: 0, size 1000, sort: id: DESC]
2025-10-12 17:31:34 [http-nio-8081-exec-7] DEBUG o.a.camel.spring.SpringCamelContext - onApplicationEvent: ServletRequestHandledEvent: url=[/api/integration-mappings/mapping-types]; client=[0:0:0:0:0:0:0:1]; method=[GET]; status=[200]; servlet=[dispatcherServlet]; session=[null]; user=[admin@mail.com]; time=[2ms]
2025-10-12 17:31:34 [http-nio-8081-exec-7] DEBUG o.s.w.f.CommonsRequestLoggingFilter - After request [GET /api/integration-mappings/mapping-types, client=0:0:0:0:0:0:0:1, user=admin@mail.com]
2025-10-12 17:31:34 [http-nio-8081-exec-2] INFO  c.m.b.k.c.IntegrationMappingAdminController - Found 2 distinct middleware APIs
2025-10-12 17:31:34 [http-nio-8081-exec-2] DEBUG o.s.w.s.m.m.a.HttpEntityMethodProcessor - Using 'application/json', given [application/json] and supported [application/json, application/*+json, application/yaml]
2025-10-12 17:31:34 [http-nio-8081-exec-2] DEBUG o.s.w.s.m.m.a.HttpEntityMethodProcessor - Writing [[/healthmap, /healthmapATTR]]
2025-10-12 17:31:34 [http-nio-8081-exec-2] DEBUG o.s.web.servlet.DispatcherServlet - Completed 200 OK
2025-10-12 17:31:34 [http-nio-8081-exec-2] DEBUG o.a.camel.spring.SpringCamelContext - onApplicationEvent: ServletRequestHandledEvent: url=[/api/integration-mappings/middleware-apis]; client=[0:0:0:0:0:0:0:1]; method=[GET]; status=[200]; servlet=[dispatcherServlet]; session=[null]; user=[admin@mail.com]; time=[237ms]
2025-10-12 17:31:34 [http-nio-8081-exec-2] DEBUG o.s.w.f.CommonsRequestLoggingFilter - After request [GET /api/integration-mappings/middleware-apis, client=0:0:0:0:0:0:0:1, user=admin@mail.com]
2025-10-12 17:31:34 [http-nio-8081-exec-3] DEBUG c.m.b.k.s.IntegrationMappingService - Searching with advanced filters - middlewareApi: null, integratedApiId: null, mappingType: null
2025-10-12 17:31:34 [http-nio-8081-exec-3] DEBUG c.m.b.k.s.IntegrationMappingService - Found 10 results out of 11 total
2025-10-12 17:31:34 [http-nio-8081-exec-3] DEBUG o.s.w.s.m.m.a.HttpEntityMethodProcessor - Using 'application/json', given [application/json] and supported [application/json, application/*+json, application/yaml]
2025-10-12 17:31:34 [http-nio-8081-exec-3] DEBUG o.s.w.s.m.m.a.HttpEntityMethodProcessor - Writing [Page 1 of 2 containing com.middleware.backend.kaotocamel.dto.IntegrationMappingDto instances]
2025-10-12 17:31:34 [http-nio-8081-exec-5] DEBUG o.s.w.s.m.m.a.HttpEntityMethodProcessor - Using 'application/json', given [application/json] and supported [application/json, application/*+json, application/yaml]
2025-10-12 17:31:34 [http-nio-8081-exec-5] DEBUG o.s.w.s.m.m.a.HttpEntityMethodProcessor - Writing [Page 1 of 1 containing com.middleware.backend.kaotocamel.dto.IntegratedApiDto instances]
2025-10-12 17:31:34 [http-nio-8081-exec-3] DEBUG o.s.web.servlet.DispatcherServlet - Completed 200 OK
2025-10-12 17:31:34 [http-nio-8081-exec-3] DEBUG o.a.camel.spring.SpringCamelContext - onApplicationEvent: ServletRequestHandledEvent: url=[/api/integration-mappings]; client=[0:0:0:0:0:0:0:1]; method=[GET]; status=[200]; servlet=[dispatcherServlet]; session=[null]; user=[admin@mail.com]; time=[276ms]
2025-10-12 17:31:34 [http-nio-8081-exec-3] DEBUG o.s.w.f.CommonsRequestLoggingFilter - After request [GET /api/integration-mappings?page=0&size=10, client=0:0:0:0:0:0:0:1, user=admin@mail.com]
2025-10-12 17:31:34 [http-nio-8081-exec-5] DEBUG o.s.web.servlet.DispatcherServlet - Completed 200 OK
2025-10-12 17:31:34 [http-nio-8081-exec-5] DEBUG o.a.camel.spring.SpringCamelContext - onApplicationEvent: ServletRequestHandledEvent: url=[/api/integrated-apis]; client=[0:0:0:0:0:0:0:1]; method=[GET]; status=[200]; servlet=[dispatcherServlet]; session=[null]; user=[admin@mail.com]; time=[261ms]
2025-10-12 17:31:34 [http-nio-8081-exec-5] DEBUG o.s.w.f.CommonsRequestLoggingFilter - After request [GET /api/integrated-apis?size=1000&isActive=true, client=0:0:0:0:0:0:0:1, user=admin@mail.com]
2025-10-12 17:31:50 [http-nio-8081-exec-1] INFO  c.m.b.k.service.DynamicRouteService - Fetching active routes with pagination
2025-10-12 17:31:50 [http-nio-8081-exec-1] DEBUG o.s.w.f.CommonsRequestLoggingFilter - Before request [GET /api/integration-mappings?page=0&size=25, client=0:0:0:0:0:0:0:1, user=admin@mail.com]
2025-10-12 17:31:50 [http-nio-8081-exec-1] DEBUG o.s.web.servlet.DispatcherServlet - GET "/api/integration-mappings?page=0&size=25", parameters={masked}
2025-10-12 17:31:50 [http-nio-8081-exec-1] DEBUG o.s.w.s.m.m.a.RequestMappingHandlerMapping - Mapped to com.middleware.backend.kaotocamel.controller.IntegrationMappingAdminController#findAll(String, Long, String, String, String, String, String, Boolean, String, LocalDateTime, LocalDateTime, LocalDateTime, LocalDateTime, String, Long, Long, String, String, int, int)
2025-10-12 17:31:50 [http-nio-8081-exec-1] INFO  c.m.b.k.c.IntegrationMappingAdminController - Final sort: id: ASC
2025-10-12 17:31:51 [http-nio-8081-exec-1] DEBUG c.m.b.k.s.IntegrationMappingService - Searching with advanced filters - middlewareApi: null, integratedApiId: null, mappingType: null
2025-10-12 17:31:51 [http-nio-8081-exec-1] DEBUG c.m.b.k.s.IntegrationMappingService - Found 11 results out of 11 total
2025-10-12 17:31:51 [http-nio-8081-exec-1] DEBUG o.s.w.s.m.m.a.HttpEntityMethodProcessor - Using 'application/json', given [application/json] and supported [application/json, application/*+json, application/yaml]
2025-10-12 17:31:51 [http-nio-8081-exec-1] DEBUG o.s.w.s.m.m.a.HttpEntityMethodProcessor - Writing [Page 1 of 1 containing com.middleware.backend.kaotocamel.dto.IntegrationMappingDto instances]
2025-10-12 17:31:51 [http-nio-8081-exec-1] DEBUG o.s.web.servlet.DispatcherServlet - Completed 200 OK
2025-10-12 17:31:51 [http-nio-8081-exec-1] DEBUG o.a.camel.spring.SpringCamelContext - onApplicationEvent: ServletRequestHandledEvent: url=[/api/integration-mappings]; client=[0:0:0:0:0:0:0:1]; method=[GET]; status=[200]; servlet=[dispatcherServlet]; session=[null]; user=[admin@mail.com]; time=[204ms]
2025-10-12 17:31:51 [http-nio-8081-exec-1] DEBUG o.s.w.f.CommonsRequestLoggingFilter - After request [GET /api/integration-mappings?page=0&size=25, client=0:0:0:0:0:0:0:1, user=admin@mail.com]
2025-10-12 17:31:55 [scheduling-1] INFO  c.m.b.k.service.DynamicRouteService - Starting route status sync with Camel context
2025-10-12 17:31:55 [scheduling-1] INFO  c.m.b.k.service.DynamicRouteService - Completed route status sync
2025-10-12 17:31:55 [scheduling-1] INFO  c.m.b.k.service.DynamicRouteService - Starting route status sync with Camel context
2025-10-12 17:31:55 [scheduling-1] INFO  c.m.b.k.service.DynamicRouteService - Completed route status sync
2025-10-12 17:31:55 [scheduling-1] INFO  c.m.b.k.service.DynamicRouteService - Starting route status sync with Camel context
2025-10-12 17:31:55 [scheduling-1] INFO  c.m.b.k.service.DynamicRouteService - Completed route status sync
2025-10-12 17:31:55 [scheduling-1] INFO  c.m.b.k.service.DynamicRouteService - Starting route status sync with Camel context
2025-10-12 17:31:55 [scheduling-1] INFO  c.m.b.k.service.DynamicRouteService - Completed route status sync
2025-10-12 17:31:56 [scheduling-1] INFO  c.m.b.k.service.DynamicRouteService - Starting route status sync with Camel context
2025-10-12 17:31:56 [scheduling-1] INFO  c.m.b.k.service.DynamicRouteService - Completed route status sync
2025-10-12 17:31:56 [scheduling-1] INFO  c.m.b.k.service.DynamicRouteService - Starting route status sync with Camel context
2025-10-12 17:31:56 [scheduling-1] INFO  c.m.b.k.service.DynamicRouteService - Completed route status sync
2025-10-12 17:31:56 [scheduling-1] INFO  c.m.b.k.service.DynamicRouteService - Starting route status sync with Camel context
2025-10-12 17:31:56 [scheduling-1] INFO  c.m.b.k.service.DynamicRouteService - Completed route status sync
2025-10-12 17:31:56 [scheduling-1] INFO  c.m.b.k.service.DynamicRouteService - Starting route status sync with Camel context
2025-10-12 17:31:56 [scheduling-1] INFO  c.m.b.k.service.DynamicRouteService - Completed route status sync
2025-10-12 17:31:57 [scheduling-1] INFO  c.m.b.k.service.DynamicRouteService - Starting route status sync with Camel context
2025-10-12 17:31:57 [scheduling-1] INFO  c.m.b.k.service.DynamicRouteService - Completed route status sync
2025-10-12 17:31:57 [scheduling-1] INFO  c.m.b.k.service.DynamicRouteService - Starting route status sync with Camel context
2025-10-12 17:31:57 [scheduling-1] INFO  c.m.b.k.service.DynamicRouteService - Completed route status sync
2025-10-12 17:31:57 [scheduling-1] INFO  c.m.b.k.service.DynamicRouteService - Starting route status sync with Camel context
2025-10-12 17:31:57 [scheduling-1] INFO  c.m.b.k.service.DynamicRouteService - Completed route status sync
2025-10-12 17:31:57 [scheduling-1] INFO  c.m.b.k.service.DynamicRouteService - Starting route status sync with Camel context
2025-10-12 17:31:57 [scheduling-1] INFO  c.m.b.k.service.DynamicRouteService - Completed route status sync
2025-10-12 17:31:57 [scheduling-1] INFO  c.m.b.k.service.DynamicRouteService - Starting route status sync with Camel context
2025-10-12 17:31:57 [scheduling-1] INFO  c.m.b.k.service.DynamicRouteService - Completed route status sync
2025-10-12 17:31:58 [scheduling-1] INFO  c.m.b.k.service.DynamicRouteService - Starting route status sync with Camel context
2025-10-12 17:31:58 [scheduling-1] INFO  c.m.b.k.service.DynamicRouteService - Completed route status sync
2025-10-12 17:31:58 [scheduling-1] INFO  c.m.b.k.service.DynamicRouteService - Starting route status sync with Camel context
2025-10-12 17:31:58 [scheduling-1] INFO  c.m.b.k.service.DynamicRouteService - Completed route status sync
2025-10-12 17:31:58 [scheduling-1] INFO  c.m.b.k.service.DynamicRouteService - Starting route status sync with Camel context
2025-10-12 17:31:58 [scheduling-1] INFO  c.m.b.k.service.DynamicRouteService - Completed route status sync
2025-10-12 17:31:58 [scheduling-1] INFO  c.m.b.k.service.DynamicRouteService - Starting route status sync with Camel context
2025-10-12 17:31:58 [scheduling-1] INFO  c.m.b.k.service.DynamicRouteService - Completed route status sync
2025-10-12 17:32:04 [scheduling-1] INFO  c.m.b.k.service.DynamicRouteService - Starting route status sync with Camel context
2025-10-12 17:32:04 [scheduling-1] INFO  c.m.b.k.service.DynamicRouteService - Completed route status sync
2025-10-12 17:32:17 [http-nio-8081-exec-6] INFO  c.m.b.k.service.DynamicRouteService - Fetching active routes with pagination
2025-10-12 17:32:17 [http-nio-8081-exec-9] INFO  c.m.b.k.service.DynamicRouteService - Fetching active routes with pagination
2025-10-12 17:32:17 [http-nio-8081-exec-7] INFO  c.m.b.k.service.DynamicRouteService - Fetching active routes with pagination
2025-10-12 17:32:17 [http-nio-8081-exec-6] DEBUG o.s.w.f.CommonsRequestLoggingFilter - Before request [GET /api/integration-mappings/middleware-apis, client=0:0:0:0:0:0:0:1, user=admin@mail.com]
2025-10-12 17:32:17 [http-nio-8081-exec-6] DEBUG o.s.web.servlet.DispatcherServlet - GET "/api/integration-mappings/middleware-apis", parameters={}
2025-10-12 17:32:17 [http-nio-8081-exec-6] DEBUG o.s.w.s.m.m.a.RequestMappingHandlerMapping - Mapped to com.middleware.backend.kaotocamel.controller.IntegrationMappingAdminController#getMiddlewareApis()
2025-10-12 17:32:17 [http-nio-8081-exec-9] DEBUG o.s.w.f.CommonsRequestLoggingFilter - Before request [GET /api/integrated-apis?page=0&size=10, client=0:0:0:0:0:0:0:1, user=admin@mail.com]
2025-10-12 17:32:17 [http-nio-8081-exec-9] DEBUG o.s.web.servlet.DispatcherServlet - GET "/api/integrated-apis?page=0&size=10", parameters={masked}
2025-10-12 17:32:17 [http-nio-8081-exec-9] DEBUG o.s.w.s.m.m.a.RequestMappingHandlerMapping - Mapped to com.middleware.backend.kaotocamel.controller.IntegratedApiController#findAll(String, String, String, String, String, Boolean, String, LocalDateTime, LocalDateTime, LocalDateTime, LocalDateTime, String, Long, Long, int, int, String[])
2025-10-12 17:32:17 [http-nio-8081-exec-9] INFO  c.m.b.k.c.IntegratedApiController - === SORTING DEBUG ===
2025-10-12 17:32:17 [http-nio-8081-exec-9] INFO  c.m.b.k.c.IntegratedApiController - Received sort array: [id, desc]
2025-10-12 17:32:17 [http-nio-8081-exec-9] INFO  c.m.b.k.c.IntegratedApiController - Sort array length: 2
2025-10-12 17:32:17 [http-nio-8081-exec-9] INFO  c.m.b.k.c.IntegratedApiController - sort[0] = 'id'
2025-10-12 17:32:17 [http-nio-8081-exec-9] INFO  c.m.b.k.c.IntegratedApiController - sort[1] = 'desc'
2025-10-12 17:32:17 [http-nio-8081-exec-9] DEBUG c.m.b.k.c.IntegratedApiController - Received sort params: [id, desc]
2025-10-12 17:32:17 [http-nio-8081-exec-9] DEBUG c.m.b.k.c.IntegratedApiController - Handling separated params - field: 'id', direction: 'desc'
2025-10-12 17:32:17 [http-nio-8081-exec-9] DEBUG c.m.b.k.c.IntegratedApiController - Added separated sort order: id DESC
2025-10-12 17:32:17 [http-nio-8081-exec-9] DEBUG c.m.b.k.c.IntegratedApiController - Final sort object: id: DESC
2025-10-12 17:32:17 [http-nio-8081-exec-9] INFO  c.m.b.k.c.IntegratedApiController - Final Sort object: id: DESC
2025-10-12 17:32:17 [http-nio-8081-exec-9] INFO  c.m.b.k.c.IntegratedApiController - === END SORTING DEBUG ===
2025-10-12 17:32:17 [http-nio-8081-exec-9] INFO  c.m.b.k.c.IntegratedApiController - Pageable: Page request [number: 0, size 10, sort: id: DESC]
2025-10-12 17:32:17 [http-nio-8081-exec-7] DEBUG o.s.w.f.CommonsRequestLoggingFilter - Before request [GET /api/integrated-apis/systems, client=0:0:0:0:0:0:0:1, user=admin@mail.com]
2025-10-12 17:32:17 [http-nio-8081-exec-7] DEBUG o.s.web.servlet.DispatcherServlet - GET "/api/integrated-apis/systems", parameters={}
2025-10-12 17:32:17 [http-nio-8081-exec-7] DEBUG o.s.w.s.m.m.a.RequestMappingHandlerMapping - Mapped to com.middleware.backend.kaotocamel.controller.IntegratedApiController#getIntegratedSystems()
2025-10-12 17:32:18 [http-nio-8081-exec-6] INFO  c.m.b.k.c.IntegrationMappingAdminController - Found 2 distinct middleware APIs
2025-10-12 17:32:18 [http-nio-8081-exec-6] DEBUG o.s.w.s.m.m.a.HttpEntityMethodProcessor - Using 'application/json', given [application/json] and supported [application/json, application/*+json, application/yaml]
2025-10-12 17:32:18 [http-nio-8081-exec-6] DEBUG o.s.w.s.m.m.a.HttpEntityMethodProcessor - Writing [[/healthmap, /healthmapATTR]]
2025-10-12 17:32:18 [http-nio-8081-exec-6] DEBUG o.s.web.servlet.DispatcherServlet - Completed 200 OK
2025-10-12 17:32:18 [http-nio-8081-exec-6] DEBUG o.a.camel.spring.SpringCamelContext - onApplicationEvent: ServletRequestHandledEvent: url=[/api/integration-mappings/middleware-apis]; client=[0:0:0:0:0:0:0:1]; method=[GET]; status=[200]; servlet=[dispatcherServlet]; session=[null]; user=[admin@mail.com]; time=[236ms]
2025-10-12 17:32:18 [http-nio-8081-exec-6] DEBUG o.s.w.f.CommonsRequestLoggingFilter - After request [GET /api/integration-mappings/middleware-apis, client=0:0:0:0:0:0:0:1, user=admin@mail.com]
2025-10-12 17:32:18 [http-nio-8081-exec-9] DEBUG o.s.w.s.m.m.a.HttpEntityMethodProcessor - Using 'application/json', given [application/json] and supported [application/json, application/*+json, application/yaml]
2025-10-12 17:32:18 [http-nio-8081-exec-9] DEBUG o.s.w.s.m.m.a.HttpEntityMethodProcessor - Writing [Page 1 of 1 containing com.middleware.backend.kaotocamel.dto.IntegratedApiDto instances]
2025-10-12 17:32:18 [http-nio-8081-exec-9] DEBUG o.s.web.servlet.DispatcherServlet - Completed 200 OK
2025-10-12 17:32:18 [http-nio-8081-exec-9] DEBUG o.a.camel.spring.SpringCamelContext - onApplicationEvent: ServletRequestHandledEvent: url=[/api/integrated-apis]; client=[0:0:0:0:0:0:0:1]; method=[GET]; status=[200]; servlet=[dispatcherServlet]; session=[null]; user=[admin@mail.com]; time=[258ms]
2025-10-12 17:32:18 [http-nio-8081-exec-9] DEBUG o.s.w.f.CommonsRequestLoggingFilter - After request [GET /api/integrated-apis?page=0&size=10, client=0:0:0:0:0:0:0:1, user=admin@mail.com]
2025-10-12 17:32:18 [http-nio-8081-exec-7] DEBUG o.s.w.s.m.m.a.HttpEntityMethodProcessor - Using 'application/json', given [application/json] and supported [application/json, application/*+json, application/yaml]
2025-10-12 17:32:18 [http-nio-8081-exec-7] DEBUG o.s.w.s.m.m.a.HttpEntityMethodProcessor - Writing [[DHIS2.2]]
2025-10-12 17:32:18 [http-nio-8081-exec-7] DEBUG o.s.web.servlet.DispatcherServlet - Completed 200 OK
2025-10-12 17:32:18 [http-nio-8081-exec-7] DEBUG o.a.camel.spring.SpringCamelContext - onApplicationEvent: ServletRequestHandledEvent: url=[/api/integrated-apis/systems]; client=[0:0:0:0:0:0:0:1]; method=[GET]; status=[200]; servlet=[dispatcherServlet]; session=[null]; user=[admin@mail.com]; time=[248ms]
2025-10-12 17:32:18 [http-nio-8081-exec-7] DEBUG o.s.w.f.CommonsRequestLoggingFilter - After request [GET /api/integrated-apis/systems, client=0:0:0:0:0:0:0:1, user=admin@mail.com]
2025-10-12 17:32:34 [scheduling-1] INFO  c.m.b.k.service.DynamicRouteService - Starting route status sync with Camel context
2025-10-12 17:32:34 [scheduling-1] INFO  c.m.b.k.service.DynamicRouteService - Completed route status sync
2025-10-12 17:32:44 [http-nio-8081-exec-1] INFO  c.m.b.k.service.DynamicRouteService - Fetching active routes with pagination
2025-10-12 17:32:44 [http-nio-8081-exec-3] INFO  c.m.b.k.service.DynamicRouteService - Fetching active routes with pagination
2025-10-12 17:32:44 [http-nio-8081-exec-5] INFO  c.m.b.k.service.DynamicRouteService - Fetching active routes with pagination
2025-10-12 17:32:44 [http-nio-8081-exec-8] INFO  c.m.b.k.service.DynamicRouteService - Fetching active routes with pagination
2025-10-12 17:32:45 [http-nio-8081-exec-1] DEBUG o.s.w.f.CommonsRequestLoggingFilter - Before request [GET /api/integration-mappings?page=0&size=10, client=0:0:0:0:0:0:0:1, user=admin@mail.com]
2025-10-12 17:32:45 [http-nio-8081-exec-1] DEBUG o.s.web.servlet.DispatcherServlet - GET "/api/integration-mappings?page=0&size=10", parameters={masked}
2025-10-12 17:32:45 [http-nio-8081-exec-1] DEBUG o.s.w.s.m.m.a.RequestMappingHandlerMapping - Mapped to com.middleware.backend.kaotocamel.controller.IntegrationMappingAdminController#findAll(String, Long, String, String, String, String, String, Boolean, String, LocalDateTime, LocalDateTime, LocalDateTime, LocalDateTime, String, Long, Long, String, String, int, int)
2025-10-12 17:32:45 [http-nio-8081-exec-1] INFO  c.m.b.k.c.IntegrationMappingAdminController - Final sort: id: ASC
2025-10-12 17:32:45 [http-nio-8081-exec-3] DEBUG o.s.w.f.CommonsRequestLoggingFilter - Before request [GET /api/integrated-apis?size=1000&isActive=true, client=0:0:0:0:0:0:0:1, user=admin@mail.com]
2025-10-12 17:32:45 [http-nio-8081-exec-3] DEBUG o.s.web.servlet.DispatcherServlet - GET "/api/integrated-apis?size=1000&isActive=true", parameters={masked}
2025-10-12 17:32:45 [http-nio-8081-exec-3] DEBUG o.s.w.s.m.m.a.RequestMappingHandlerMapping - Mapped to com.middleware.backend.kaotocamel.controller.IntegratedApiController#findAll(String, String, String, String, String, Boolean, String, LocalDateTime, LocalDateTime, LocalDateTime, LocalDateTime, String, Long, Long, int, int, String[])
2025-10-12 17:32:45 [http-nio-8081-exec-3] INFO  c.m.b.k.c.IntegratedApiController - === SORTING DEBUG ===
2025-10-12 17:32:45 [http-nio-8081-exec-3] INFO  c.m.b.k.c.IntegratedApiController - Received sort array: [id, desc]
2025-10-12 17:32:45 [http-nio-8081-exec-3] INFO  c.m.b.k.c.IntegratedApiController - Sort array length: 2
2025-10-12 17:32:45 [http-nio-8081-exec-3] INFO  c.m.b.k.c.IntegratedApiController - sort[0] = 'id'
2025-10-12 17:32:45 [http-nio-8081-exec-3] INFO  c.m.b.k.c.IntegratedApiController - sort[1] = 'desc'
2025-10-12 17:32:45 [http-nio-8081-exec-3] DEBUG c.m.b.k.c.IntegratedApiController - Received sort params: [id, desc]
2025-10-12 17:32:45 [http-nio-8081-exec-3] DEBUG c.m.b.k.c.IntegratedApiController - Handling separated params - field: 'id', direction: 'desc'
2025-10-12 17:32:45 [http-nio-8081-exec-3] DEBUG c.m.b.k.c.IntegratedApiController - Added separated sort order: id DESC
2025-10-12 17:32:45 [http-nio-8081-exec-3] DEBUG c.m.b.k.c.IntegratedApiController - Final sort object: id: DESC
2025-10-12 17:32:45 [http-nio-8081-exec-3] INFO  c.m.b.k.c.IntegratedApiController - Final Sort object: id: DESC
2025-10-12 17:32:45 [http-nio-8081-exec-3] INFO  c.m.b.k.c.IntegratedApiController - === END SORTING DEBUG ===
2025-10-12 17:32:45 [http-nio-8081-exec-3] INFO  c.m.b.k.c.IntegratedApiController - Pageable: Page request [number: 0, size 1000, sort: id: DESC]
2025-10-12 17:32:45 [http-nio-8081-exec-8] DEBUG o.s.w.f.CommonsRequestLoggingFilter - Before request [GET /api/integration-mappings/mapping-types, client=0:0:0:0:0:0:0:1, user=admin@mail.com]
2025-10-12 17:32:45 [http-nio-8081-exec-8] DEBUG o.s.web.servlet.DispatcherServlet - GET "/api/integration-mappings/mapping-types", parameters={}
2025-10-12 17:32:45 [http-nio-8081-exec-8] DEBUG o.s.w.s.m.m.a.RequestMappingHandlerMapping - Mapped to com.middleware.backend.kaotocamel.controller.IntegrationMappingAdminController#getMappingTypes()
2025-10-12 17:32:45 [http-nio-8081-exec-8] DEBUG o.s.w.s.m.m.a.HttpEntityMethodProcessor - Using 'application/json', given [application/json] and supported [application/json, application/*+json, application/yaml]
2025-10-12 17:32:45 [http-nio-8081-exec-8] DEBUG o.s.w.s.m.m.a.HttpEntityMethodProcessor - Writing [[DATA_ELEMENT, DATA_ELEMENT_WITH_DISAGGREGATION, INDICATOR]]
2025-10-12 17:32:45 [http-nio-8081-exec-8] DEBUG o.s.web.servlet.DispatcherServlet - Completed 200 OK
2025-10-12 17:32:45 [http-nio-8081-exec-8] DEBUG o.a.camel.spring.SpringCamelContext - onApplicationEvent: ServletRequestHandledEvent: url=[/api/integration-mappings/mapping-types]; client=[0:0:0:0:0:0:0:1]; method=[GET]; status=[200]; servlet=[dispatcherServlet]; session=[null]; user=[admin@mail.com]; time=[5ms]
2025-10-12 17:32:45 [http-nio-8081-exec-8] DEBUG o.s.w.f.CommonsRequestLoggingFilter - After request [GET /api/integration-mappings/mapping-types, client=0:0:0:0:0:0:0:1, user=admin@mail.com]
2025-10-12 17:32:45 [http-nio-8081-exec-5] DEBUG o.s.w.f.CommonsRequestLoggingFilter - Before request [GET /api/integration-mappings/middleware-apis, client=0:0:0:0:0:0:0:1, user=admin@mail.com]
2025-10-12 17:32:45 [http-nio-8081-exec-5] DEBUG o.s.web.servlet.DispatcherServlet - GET "/api/integration-mappings/middleware-apis", parameters={}
2025-10-12 17:32:45 [http-nio-8081-exec-5] DEBUG o.s.w.s.m.m.a.RequestMappingHandlerMapping - Mapped to com.middleware.backend.kaotocamel.controller.IntegrationMappingAdminController#getMiddlewareApis()
2025-10-12 17:32:45 [http-nio-8081-exec-1] DEBUG c.m.b.k.s.IntegrationMappingService - Searching with advanced filters - middlewareApi: null, integratedApiId: null, mappingType: null
2025-10-12 17:32:45 [http-nio-8081-exec-5] INFO  c.m.b.k.c.IntegrationMappingAdminController - Found 2 distinct middleware APIs
2025-10-12 17:32:45 [http-nio-8081-exec-5] DEBUG o.s.w.s.m.m.a.HttpEntityMethodProcessor - Using 'application/json', given [application/json] and supported [application/json, application/*+json, application/yaml]
2025-10-12 17:32:45 [http-nio-8081-exec-5] DEBUG o.s.w.s.m.m.a.HttpEntityMethodProcessor - Writing [[/healthmap, /healthmapATTR]]
2025-10-12 17:32:45 [http-nio-8081-exec-5] DEBUG o.s.web.servlet.DispatcherServlet - Completed 200 OK
2025-10-12 17:32:45 [http-nio-8081-exec-5] DEBUG o.a.camel.spring.SpringCamelContext - onApplicationEvent: ServletRequestHandledEvent: url=[/api/integration-mappings/middleware-apis]; client=[0:0:0:0:0:0:0:1]; method=[GET]; status=[200]; servlet=[dispatcherServlet]; session=[null]; user=[admin@mail.com]; time=[142ms]
2025-10-12 17:32:45 [http-nio-8081-exec-5] DEBUG o.s.w.f.CommonsRequestLoggingFilter - After request [GET /api/integration-mappings/middleware-apis, client=0:0:0:0:0:0:0:1, user=admin@mail.com]
2025-10-12 17:32:45 [http-nio-8081-exec-1] DEBUG c.m.b.k.s.IntegrationMappingService - Found 10 results out of 11 total
2025-10-12 17:32:45 [http-nio-8081-exec-1] DEBUG o.s.w.s.m.m.a.HttpEntityMethodProcessor - Using 'application/json', given [application/json] and supported [application/json, application/*+json, application/yaml]
2025-10-12 17:32:45 [http-nio-8081-exec-1] DEBUG o.s.w.s.m.m.a.HttpEntityMethodProcessor - Writing [Page 1 of 2 containing com.middleware.backend.kaotocamel.dto.IntegrationMappingDto instances]
2025-10-12 17:32:45 [http-nio-8081-exec-1] DEBUG o.s.web.servlet.DispatcherServlet - Completed 200 OK
2025-10-12 17:32:45 [http-nio-8081-exec-1] DEBUG o.a.camel.spring.SpringCamelContext - onApplicationEvent: ServletRequestHandledEvent: url=[/api/integration-mappings]; client=[0:0:0:0:0:0:0:1]; method=[GET]; status=[200]; servlet=[dispatcherServlet]; session=[null]; user=[admin@mail.com]; time=[203ms]
2025-10-12 17:32:45 [http-nio-8081-exec-1] DEBUG o.s.w.f.CommonsRequestLoggingFilter - After request [GET /api/integration-mappings?page=0&size=10, client=0:0:0:0:0:0:0:1, user=admin@mail.com]
2025-10-12 17:32:45 [http-nio-8081-exec-3] DEBUG o.s.w.s.m.m.a.HttpEntityMethodProcessor - Using 'application/json', given [application/json] and supported [application/json, application/*+json, application/yaml]
2025-10-12 17:32:45 [http-nio-8081-exec-3] DEBUG o.s.w.s.m.m.a.HttpEntityMethodProcessor - Writing [Page 1 of 1 containing com.middleware.backend.kaotocamel.dto.IntegratedApiDto instances]
2025-10-12 17:32:45 [http-nio-8081-exec-3] DEBUG o.s.web.servlet.DispatcherServlet - Completed 200 OK
2025-10-12 17:32:45 [http-nio-8081-exec-3] DEBUG o.a.camel.spring.SpringCamelContext - onApplicationEvent: ServletRequestHandledEvent: url=[/api/integrated-apis]; client=[0:0:0:0:0:0:0:1]; method=[GET]; status=[200]; servlet=[dispatcherServlet]; session=[null]; user=[admin@mail.com]; time=[319ms]
2025-10-12 17:32:45 [http-nio-8081-exec-3] DEBUG o.s.w.f.CommonsRequestLoggingFilter - After request [GET /api/integrated-apis?size=1000&isActive=true, client=0:0:0:0:0:0:0:1, user=admin@mail.com]
2025-10-12 17:33:04 [scheduling-1] INFO  c.m.b.k.service.DynamicRouteService - Starting route status sync with Camel context
2025-10-12 17:33:04 [scheduling-1] INFO  c.m.b.k.service.DynamicRouteService - Completed route status sync
2025-10-12 17:33:16 [http-nio-8081-exec-4] INFO  c.m.b.k.service.DynamicRouteService - Fetching active routes with pagination
2025-10-12 17:33:16 [http-nio-8081-exec-4] DEBUG o.s.w.f.CommonsRequestLoggingFilter - Before request [GET /api/integration-mappings/middleware-apis, client=0:0:0:0:0:0:0:1, user=admin@mail.com]
2025-10-12 17:33:16 [http-nio-8081-exec-4] DEBUG o.s.web.servlet.DispatcherServlet - GET "/api/integration-mappings/middleware-apis", parameters={}
2025-10-12 17:33:16 [http-nio-8081-exec-4] DEBUG o.s.w.s.m.m.a.RequestMappingHandlerMapping - Mapped to com.middleware.backend.kaotocamel.controller.IntegrationMappingAdminController#getMiddlewareApis()
2025-10-12 17:33:16 [http-nio-8081-exec-4] INFO  c.m.b.k.c.IntegrationMappingAdminController - Found 2 distinct middleware APIs
2025-10-12 17:33:16 [http-nio-8081-exec-4] DEBUG o.s.w.s.m.m.a.HttpEntityMethodProcessor - Using 'application/json', given [application/json] and supported [application/json, application/*+json, application/yaml]
2025-10-12 17:33:16 [http-nio-8081-exec-4] DEBUG o.s.w.s.m.m.a.HttpEntityMethodProcessor - Writing [[/healthmap, /healthmapATTR]]
2025-10-12 17:33:16 [http-nio-8081-exec-4] DEBUG o.s.web.servlet.DispatcherServlet - Completed 200 OK
2025-10-12 17:33:16 [http-nio-8081-exec-4] DEBUG o.a.camel.spring.SpringCamelContext - onApplicationEvent: ServletRequestHandledEvent: url=[/api/integration-mappings/middleware-apis]; client=[0:0:0:0:0:0:0:1]; method=[GET]; status=[200]; servlet=[dispatcherServlet]; session=[null]; user=[admin@mail.com]; time=[231ms]
2025-10-12 17:33:16 [http-nio-8081-exec-4] DEBUG o.s.w.f.CommonsRequestLoggingFilter - After request [GET /api/integration-mappings/middleware-apis, client=0:0:0:0:0:0:0:1, user=admin@mail.com]
2025-10-12 17:33:34 [scheduling-1] INFO  c.m.b.k.service.DynamicRouteService - Starting route status sync with Camel context
2025-10-12 17:33:34 [scheduling-1] INFO  c.m.b.k.service.DynamicRouteService - Completed route status sync
2025-10-12 17:34:04 [scheduling-1] INFO  c.m.b.k.service.DynamicRouteService - Starting route status sync with Camel context
2025-10-12 17:34:04 [scheduling-1] INFO  c.m.b.k.service.DynamicRouteService - Completed route status sync
2025-10-12 17:34:28 [http-nio-8081-exec-8] INFO  c.m.b.k.service.DynamicRouteService - Fetching active routes with pagination
2025-10-12 17:34:28 [http-nio-8081-exec-8] DEBUG o.s.w.f.CommonsRequestLoggingFilter - Before request [GET /api/integrated-apis/3, client=0:0:0:0:0:0:0:1, user=admin@mail.com]
2025-10-12 17:34:28 [http-nio-8081-exec-8] DEBUG o.s.web.servlet.DispatcherServlet - GET "/api/integrated-apis/3", parameters={}
2025-10-12 17:34:28 [http-nio-8081-exec-8] DEBUG o.s.w.s.m.m.a.RequestMappingHandlerMapping - Mapped to com.middleware.backend.kaotocamel.controller.IntegratedApiController#findById(Long)
2025-10-12 17:34:29 [http-nio-8081-exec-8] DEBUG o.s.w.s.m.m.a.HttpEntityMethodProcessor - Using 'application/json', given [application/json] and supported [application/json, application/*+json, application/yaml]
2025-10-12 17:34:29 [http-nio-8081-exec-8] DEBUG o.s.w.s.m.m.a.HttpEntityMethodProcessor - Writing [IntegratedApiDto(id=3, code=ATTR, name=Hospital Monthly Report API, apiUrl=/api/analytics.json?dimen (truncated)...]
2025-10-12 17:34:29 [http-nio-8081-exec-8] DEBUG o.s.web.servlet.DispatcherServlet - Completed 200 OK
2025-10-12 17:34:29 [http-nio-8081-exec-8] DEBUG o.a.camel.spring.SpringCamelContext - onApplicationEvent: ServletRequestHandledEvent: url=[/api/integrated-apis/3]; client=[0:0:0:0:0:0:0:1]; method=[GET]; status=[200]; servlet=[dispatcherServlet]; session=[null]; user=[admin@mail.com]; time=[273ms]
2025-10-12 17:34:29 [http-nio-8081-exec-8] DEBUG o.s.w.f.CommonsRequestLoggingFilter - After request [GET /api/integrated-apis/3, client=0:0:0:0:0:0:0:1, user=admin@mail.com]
2025-10-12 17:34:34 [scheduling-1] INFO  c.m.b.k.service.DynamicRouteService - Starting route status sync with Camel context
2025-10-12 17:34:34 [scheduling-1] INFO  c.m.b.k.service.DynamicRouteService - Completed route status sync
2025-10-12 17:35:04 [scheduling-1] INFO  c.m.b.k.service.DynamicRouteService - Starting route status sync with Camel context
2025-10-12 17:35:04 [scheduling-1] INFO  c.m.b.k.service.DynamicRouteService - Completed route status sync
2025-10-12 17:35:28 [http-nio-8081-exec-5] INFO  c.m.b.k.service.DynamicRouteService - Fetching active routes with pagination
2025-10-12 17:35:28 [http-nio-8081-exec-5] DEBUG o.s.w.f.CommonsRequestLoggingFilter - Before request [GET /api/integration-mappings/middleware-apis, client=0:0:0:0:0:0:0:1, user=admin@mail.com]
2025-10-12 17:35:28 [http-nio-8081-exec-5] DEBUG o.s.web.servlet.DispatcherServlet - GET "/api/integration-mappings/middleware-apis", parameters={}
2025-10-12 17:35:28 [http-nio-8081-exec-5] DEBUG o.s.w.s.m.m.a.RequestMappingHandlerMapping - Mapped to com.middleware.backend.kaotocamel.controller.IntegrationMappingAdminController#getMiddlewareApis()
2025-10-12 17:35:28 [http-nio-8081-exec-5] INFO  c.m.b.k.c.IntegrationMappingAdminController - Found 2 distinct middleware APIs
2025-10-12 17:35:28 [http-nio-8081-exec-5] DEBUG o.s.w.s.m.m.a.HttpEntityMethodProcessor - Using 'application/json', given [application/json] and supported [application/json, application/*+json, application/yaml]
2025-10-12 17:35:28 [http-nio-8081-exec-5] DEBUG o.s.w.s.m.m.a.HttpEntityMethodProcessor - Writing [[/healthmap, /healthmapATTR]]
2025-10-12 17:35:28 [http-nio-8081-exec-5] DEBUG o.s.web.servlet.DispatcherServlet - Completed 200 OK
2025-10-12 17:35:28 [http-nio-8081-exec-5] DEBUG o.a.camel.spring.SpringCamelContext - onApplicationEvent: ServletRequestHandledEvent: url=[/api/integration-mappings/middleware-apis]; client=[0:0:0:0:0:0:0:1]; method=[GET]; status=[200]; servlet=[dispatcherServlet]; session=[null]; user=[admin@mail.com]; time=[224ms]
2025-10-12 17:35:28 [http-nio-8081-exec-5] DEBUG o.s.w.f.CommonsRequestLoggingFilter - After request [GET /api/integration-mappings/middleware-apis, client=0:0:0:0:0:0:0:1, user=admin@mail.com]
2025-10-12 17:35:34 [scheduling-1] INFO  c.m.b.k.service.DynamicRouteService - Starting route status sync with Camel context
2025-10-12 17:35:34 [scheduling-1] INFO  c.m.b.k.service.DynamicRouteService - Completed route status sync
2025-10-12 17:36:04 [scheduling-1] INFO  c.m.b.k.service.DynamicRouteService - Starting route status sync with Camel context
2025-10-12 17:36:04 [scheduling-1] INFO  c.m.b.k.service.DynamicRouteService - Completed route status sync
2025-10-12 17:36:34 [scheduling-1] INFO  c.m.b.k.service.DynamicRouteService - Starting route status sync with Camel context
2025-10-12 17:36:34 [scheduling-1] INFO  c.m.b.k.service.DynamicRouteService - Completed route status sync
2025-10-12 17:36:46 [http-nio-8081-exec-3] INFO  c.m.b.k.service.DynamicRouteService - Fetching active routes with pagination
2025-10-12 17:36:46 [http-nio-8081-exec-3] DEBUG o.s.w.f.CommonsRequestLoggingFilter - Before request [GET /api/integration-mappings/middleware-apis, client=0:0:0:0:0:0:0:1, user=admin@mail.com]
2025-10-12 17:36:46 [http-nio-8081-exec-3] DEBUG o.s.web.servlet.DispatcherServlet - GET "/api/integration-mappings/middleware-apis", parameters={}
2025-10-12 17:36:46 [http-nio-8081-exec-3] DEBUG o.s.w.s.m.m.a.RequestMappingHandlerMapping - Mapped to com.middleware.backend.kaotocamel.controller.IntegrationMappingAdminController#getMiddlewareApis()
2025-10-12 17:36:47 [http-nio-8081-exec-3] INFO  c.m.b.k.c.IntegrationMappingAdminController - Found 2 distinct middleware APIs
2025-10-12 17:36:47 [http-nio-8081-exec-3] DEBUG o.s.w.s.m.m.a.HttpEntityMethodProcessor - Using 'application/json', given [application/json] and supported [application/json, application/*+json, application/yaml]
2025-10-12 17:36:47 [http-nio-8081-exec-3] DEBUG o.s.w.s.m.m.a.HttpEntityMethodProcessor - Writing [[/healthmap, /healthmapATTR]]
2025-10-12 17:36:47 [http-nio-8081-exec-3] DEBUG o.s.web.servlet.DispatcherServlet - Completed 200 OK
2025-10-12 17:36:47 [http-nio-8081-exec-3] DEBUG o.a.camel.spring.SpringCamelContext - onApplicationEvent: ServletRequestHandledEvent: url=[/api/integration-mappings/middleware-apis]; client=[0:0:0:0:0:0:0:1]; method=[GET]; status=[200]; servlet=[dispatcherServlet]; session=[null]; user=[admin@mail.com]; time=[192ms]
2025-10-12 17:36:47 [http-nio-8081-exec-3] DEBUG o.s.w.f.CommonsRequestLoggingFilter - After request [GET /api/integration-mappings/middleware-apis, client=0:0:0:0:0:0:0:1, user=admin@mail.com]
2025-10-12 17:37:04 [scheduling-1] INFO  c.m.b.k.service.DynamicRouteService - Starting route status sync with Camel context
2025-10-12 17:37:04 [scheduling-1] INFO  c.m.b.k.service.DynamicRouteService - Completed route status sync
2025-10-12 17:37:34 [scheduling-1] INFO  c.m.b.k.service.DynamicRouteService - Starting route status sync with Camel context
2025-10-12 17:37:34 [scheduling-1] INFO  c.m.b.k.service.DynamicRouteService - Completed route status sync
2025-10-12 17:38:04 [scheduling-1] INFO  c.m.b.k.service.DynamicRouteService - Starting route status sync with Camel context
2025-10-12 17:38:04 [scheduling-1] INFO  c.m.b.k.service.DynamicRouteService - Completed route status sync
2025-10-12 17:38:34 [scheduling-1] INFO  c.m.b.k.service.DynamicRouteService - Starting route status sync with Camel context
2025-10-12 17:38:34 [scheduling-1] INFO  c.m.b.k.service.DynamicRouteService - Completed route status sync
2025-10-12 17:39:04 [scheduling-1] INFO  c.m.b.k.service.DynamicRouteService - Starting route status sync with Camel context
2025-10-12 17:39:04 [scheduling-1] INFO  c.m.b.k.service.DynamicRouteService - Completed route status sync
2025-10-12 17:39:34 [scheduling-1] INFO  c.m.b.k.service.DynamicRouteService - Starting route status sync with Camel context
2025-10-12 17:39:34 [scheduling-1] INFO  c.m.b.k.service.DynamicRouteService - Completed route status sync
2025-10-12 17:40:04 [scheduling-1] INFO  c.m.b.k.service.DynamicRouteService - Starting route status sync with Camel context
2025-10-12 17:40:04 [scheduling-1] INFO  c.m.b.k.service.DynamicRouteService - Completed route status sync
2025-10-12 17:40:34 [scheduling-1] INFO  c.m.b.k.service.DynamicRouteService - Starting route status sync with Camel context
2025-10-12 17:40:34 [scheduling-1] INFO  c.m.b.k.service.DynamicRouteService - Completed route status sync
2025-10-12 17:41:04 [scheduling-1] INFO  c.m.b.k.service.DynamicRouteService - Starting route status sync with Camel context
2025-10-12 17:41:04 [scheduling-1] INFO  c.m.b.k.service.DynamicRouteService - Completed route status sync
2025-10-12 17:41:34 [scheduling-1] INFO  c.m.b.k.service.DynamicRouteService - Starting route status sync with Camel context
2025-10-12 17:41:34 [scheduling-1] INFO  c.m.b.k.service.DynamicRouteService - Completed route status sync
2025-10-12 17:42:04 [scheduling-1] INFO  c.m.b.k.service.DynamicRouteService - Starting route status sync with Camel context
2025-10-12 17:42:04 [scheduling-1] INFO  c.m.b.k.service.DynamicRouteService - Completed route status sync
2025-10-12 17:42:34 [scheduling-1] INFO  c.m.b.k.service.DynamicRouteService - Starting route status sync with Camel context
2025-10-12 17:42:34 [scheduling-1] INFO  c.m.b.k.service.DynamicRouteService - Completed route status sync
2025-10-12 17:42:50 [http-nio-8081-exec-9] INFO  c.m.b.k.service.DynamicRouteService - Fetching active routes with pagination
2025-10-12 17:42:51 [http-nio-8081-exec-9] DEBUG o.s.w.f.CommonsRequestLoggingFilter - Before request [GET /api/integration-mappings/middleware-apis, client=0:0:0:0:0:0:0:1, user=admin@mail.com]
2025-10-12 17:42:51 [http-nio-8081-exec-9] DEBUG o.s.web.servlet.DispatcherServlet - GET "/api/integration-mappings/middleware-apis", parameters={}
2025-10-12 17:42:51 [http-nio-8081-exec-9] DEBUG o.s.w.s.m.m.a.RequestMappingHandlerMapping - Mapped to com.middleware.backend.kaotocamel.controller.IntegrationMappingAdminController#getMiddlewareApis()
2025-10-12 17:42:51 [http-nio-8081-exec-9] INFO  c.m.b.k.c.IntegrationMappingAdminController - Found 2 distinct middleware APIs
2025-10-12 17:42:51 [http-nio-8081-exec-9] DEBUG o.s.w.s.m.m.a.HttpEntityMethodProcessor - Using 'application/json', given [application/json] and supported [application/json, application/*+json, application/yaml]
2025-10-12 17:42:51 [http-nio-8081-exec-9] DEBUG o.s.w.s.m.m.a.HttpEntityMethodProcessor - Writing [[/healthmap, /healthmapATTR]]
2025-10-12 17:42:51 [http-nio-8081-exec-9] DEBUG o.s.web.servlet.DispatcherServlet - Completed 200 OK
2025-10-12 17:42:51 [http-nio-8081-exec-9] DEBUG o.a.camel.spring.SpringCamelContext - onApplicationEvent: ServletRequestHandledEvent: url=[/api/integration-mappings/middleware-apis]; client=[0:0:0:0:0:0:0:1]; method=[GET]; status=[200]; servlet=[dispatcherServlet]; session=[null]; user=[admin@mail.com]; time=[202ms]
2025-10-12 17:42:51 [http-nio-8081-exec-9] DEBUG o.s.w.f.CommonsRequestLoggingFilter - After request [GET /api/integration-mappings/middleware-apis, client=0:0:0:0:0:0:0:1, user=admin@mail.com]
2025-10-12 17:43:04 [scheduling-1] INFO  c.m.b.k.service.DynamicRouteService - Starting route status sync with Camel context
2025-10-12 17:43:04 [scheduling-1] INFO  c.m.b.k.service.DynamicRouteService - Completed route status sync
2025-10-12 17:43:34 [scheduling-1] INFO  c.m.b.k.service.DynamicRouteService - Starting route status sync with Camel context
2025-10-12 17:43:34 [scheduling-1] INFO  c.m.b.k.service.DynamicRouteService - Completed route status sync
2025-10-12 17:44:04 [scheduling-1] INFO  c.m.b.k.service.DynamicRouteService - Starting route status sync with Camel context
2025-10-12 17:44:04 [scheduling-1] INFO  c.m.b.k.service.DynamicRouteService - Completed route status sync
2025-10-12 17:44:34 [scheduling-1] INFO  c.m.b.k.service.DynamicRouteService - Starting route status sync with Camel context
2025-10-12 17:44:34 [scheduling-1] INFO  c.m.b.k.service.DynamicRouteService - Completed route status sync
2025-10-12 17:45:04 [scheduling-1] INFO  c.m.b.k.service.DynamicRouteService - Starting route status sync with Camel context
2025-10-12 17:45:04 [scheduling-1] INFO  c.m.b.k.service.DynamicRouteService - Completed route status sync
2025-10-12 17:45:12 [http-nio-8081-exec-10] INFO  c.m.b.k.service.DynamicRouteService - Fetching active routes with pagination
2025-10-12 17:45:12 [http-nio-8081-exec-10] DEBUG o.s.w.f.CommonsRequestLoggingFilter - Before request [GET /api/integration-mappings/middleware-apis, client=0:0:0:0:0:0:0:1, user=admin@mail.com]
2025-10-12 17:45:12 [http-nio-8081-exec-10] DEBUG o.s.web.servlet.DispatcherServlet - GET "/api/integration-mappings/middleware-apis", parameters={}
2025-10-12 17:45:12 [http-nio-8081-exec-10] DEBUG o.s.w.s.m.m.a.RequestMappingHandlerMapping - Mapped to com.middleware.backend.kaotocamel.controller.IntegrationMappingAdminController#getMiddlewareApis()
2025-10-12 17:45:12 [http-nio-8081-exec-10] INFO  c.m.b.k.c.IntegrationMappingAdminController - Found 2 distinct middleware APIs
2025-10-12 17:45:12 [http-nio-8081-exec-10] DEBUG o.s.w.s.m.m.a.HttpEntityMethodProcessor - Using 'application/json', given [application/json] and supported [application/json, application/*+json, application/yaml]
2025-10-12 17:45:12 [http-nio-8081-exec-10] DEBUG o.s.w.s.m.m.a.HttpEntityMethodProcessor - Writing [[/healthmap, /healthmapATTR]]
2025-10-12 17:45:12 [http-nio-8081-exec-10] DEBUG o.s.web.servlet.DispatcherServlet - Completed 200 OK
2025-10-12 17:45:12 [http-nio-8081-exec-10] DEBUG o.a.camel.spring.SpringCamelContext - onApplicationEvent: ServletRequestHandledEvent: url=[/api/integration-mappings/middleware-apis]; client=[0:0:0:0:0:0:0:1]; method=[GET]; status=[200]; servlet=[dispatcherServlet]; session=[null]; user=[admin@mail.com]; time=[198ms]
2025-10-12 17:45:12 [http-nio-8081-exec-10] DEBUG o.s.w.f.CommonsRequestLoggingFilter - After request [GET /api/integration-mappings/middleware-apis, client=0:0:0:0:0:0:0:1, user=admin@mail.com]
2025-10-12 17:45:34 [scheduling-1] INFO  c.m.b.k.service.DynamicRouteService - Starting route status sync with Camel context
2025-10-12 17:45:34 [scheduling-1] INFO  c.m.b.k.service.DynamicRouteService - Completed route status sync
2025-10-12 17:46:04 [scheduling-1] INFO  c.m.b.k.service.DynamicRouteService - Starting route status sync with Camel context
2025-10-12 17:46:04 [scheduling-1] INFO  c.m.b.k.service.DynamicRouteService - Completed route status sync
2025-10-12 17:46:34 [scheduling-1] INFO  c.m.b.k.service.DynamicRouteService - Starting route status sync with Camel context
2025-10-12 17:46:34 [scheduling-1] INFO  c.m.b.k.service.DynamicRouteService - Completed route status sync
2025-10-12 17:47:04 [scheduling-1] INFO  c.m.b.k.service.DynamicRouteService - Starting route status sync with Camel context
2025-10-12 17:47:04 [scheduling-1] INFO  c.m.b.k.service.DynamicRouteService - Completed route status sync
2025-10-12 17:47:34 [scheduling-1] INFO  c.m.b.k.service.DynamicRouteService - Starting route status sync with Camel context
2025-10-12 17:47:34 [scheduling-1] INFO  c.m.b.k.service.DynamicRouteService - Completed route status sync
2025-10-12 17:48:04 [scheduling-1] INFO  c.m.b.k.service.DynamicRouteService - Starting route status sync with Camel context
2025-10-12 17:48:04 [scheduling-1] INFO  c.m.b.k.service.DynamicRouteService - Completed route status sync
2025-10-12 17:48:34 [scheduling-1] INFO  c.m.b.k.service.DynamicRouteService - Starting route status sync with Camel context
2025-10-12 17:48:34 [scheduling-1] INFO  c.m.b.k.service.DynamicRouteService - Completed route status sync
2025-10-12 17:49:04 [scheduling-1] INFO  c.m.b.k.service.DynamicRouteService - Starting route status sync with Camel context
2025-10-12 17:49:04 [scheduling-1] INFO  c.m.b.k.service.DynamicRouteService - Completed route status sync
2025-10-12 17:49:34 [scheduling-1] INFO  c.m.b.k.service.DynamicRouteService - Starting route status sync with Camel context
2025-10-12 17:49:34 [scheduling-1] INFO  c.m.b.k.service.DynamicRouteService - Completed route status sync
2025-10-12 17:49:35 [http-nio-8081-exec-8] INFO  c.m.b.k.service.DynamicRouteService - Fetching active routes with pagination
2025-10-12 17:49:35 [http-nio-8081-exec-8] DEBUG o.s.w.f.CommonsRequestLoggingFilter - Before request [GET /api/integrated-apis/1, client=0:0:0:0:0:0:0:1, user=admin@mail.com]
2025-10-12 17:49:35 [http-nio-8081-exec-8] DEBUG o.s.web.servlet.DispatcherServlet - GET "/api/integrated-apis/1", parameters={}
2025-10-12 17:49:35 [http-nio-8081-exec-8] DEBUG o.s.w.s.m.m.a.RequestMappingHandlerMapping - Mapped to com.middleware.backend.kaotocamel.controller.IntegratedApiController#findById(Long)
2025-10-12 17:49:35 [http-nio-8081-exec-8] DEBUG o.s.w.s.m.m.a.HttpEntityMethodProcessor - Using 'application/json', given [application/json] and supported [application/json, application/*+json, application/yaml]
2025-10-12 17:49:35 [http-nio-8081-exec-8] DEBUG o.s.w.s.m.m.a.HttpEntityMethodProcessor - Writing [IntegratedApiDto(id=1, code=HEALTH_ANALYTICS, name=Health Analytics API, apiUrl=/api/analytics.json? (truncated)...]
2025-10-12 17:49:35 [http-nio-8081-exec-8] DEBUG o.s.web.servlet.DispatcherServlet - Completed 200 OK
2025-10-12 17:49:35 [http-nio-8081-exec-8] DEBUG o.a.camel.spring.SpringCamelContext - onApplicationEvent: ServletRequestHandledEvent: url=[/api/integrated-apis/1]; client=[0:0:0:0:0:0:0:1]; method=[GET]; status=[200]; servlet=[dispatcherServlet]; session=[null]; user=[admin@mail.com]; time=[219ms]
2025-10-12 17:49:35 [http-nio-8081-exec-8] DEBUG o.s.w.f.CommonsRequestLoggingFilter - After request [GET /api/integrated-apis/1, client=0:0:0:0:0:0:0:1, user=admin@mail.com]
2025-10-12 17:50:04 [scheduling-1] INFO  c.m.b.k.service.DynamicRouteService - Starting route status sync with Camel context
2025-10-12 17:50:04 [scheduling-1] INFO  c.m.b.k.service.DynamicRouteService - Completed route status sync
2025-10-12 17:50:15 [http-nio-8081-exec-1] INFO  c.m.b.k.service.DynamicRouteService - Fetching active routes with pagination
2025-10-12 17:50:15 [http-nio-8081-exec-1] DEBUG o.s.w.f.CommonsRequestLoggingFilter - Before request [GET /api/configs?page=0&size=10&sortedBy=updatedAt&sortDirection=desc, client=0:0:0:0:0:0:0:1, user=admin@mail.com]
2025-10-12 17:50:15 [http-nio-8081-exec-1] DEBUG o.s.web.servlet.DispatcherServlet - GET "/api/configs?page=0&size=10&sortedBy=updatedAt&sortDirection=desc", parameters={masked}
2025-10-12 17:50:15 [http-nio-8081-exec-1] DEBUG o.s.w.s.m.m.a.RequestMappingHandlerMapping - Mapped to com.middleware.backend.system_settings.controller.ConfigController#getAllConfigs(String, String, String, LocalDate, LocalDate, int, int, String, String)
2025-10-12 17:50:15 [http-nio-8081-exec-1] DEBUG o.s.w.s.m.m.a.HttpEntityMethodProcessor - Using 'application/json', given [*/*] and supported [application/json, application/*+json, application/yaml]
2025-10-12 17:50:15 [http-nio-8081-exec-1] DEBUG o.s.w.s.m.m.a.HttpEntityMethodProcessor - Writing [Page 1 of 1 containing com.middleware.backend.system_settings.dto.ConfigDto instances]
2025-10-12 17:50:15 [http-nio-8081-exec-1] DEBUG o.s.web.servlet.DispatcherServlet - Completed 200 OK
2025-10-12 17:50:15 [http-nio-8081-exec-1] DEBUG o.a.camel.spring.SpringCamelContext - onApplicationEvent: ServletRequestHandledEvent: url=[/api/configs]; client=[0:0:0:0:0:0:0:1]; method=[GET]; status=[200]; servlet=[dispatcherServlet]; session=[null]; user=[admin@mail.com]; time=[268ms]
2025-10-12 17:50:15 [http-nio-8081-exec-1] DEBUG o.s.w.f.CommonsRequestLoggingFilter - After request [GET /api/configs?page=0&size=10&sortedBy=updatedAt&sortDirection=desc, client=0:0:0:0:0:0:0:1, user=admin@mail.com]
2025-10-12 17:50:34 [scheduling-1] INFO  c.m.b.k.service.DynamicRouteService - Starting route status sync with Camel context
2025-10-12 17:50:34 [scheduling-1] INFO  c.m.b.k.service.DynamicRouteService - Completed route status sync
2025-10-12 17:50:38 [http-nio-8081-exec-3] INFO  c.m.b.k.service.DynamicRouteService - Fetching active routes with pagination
2025-10-12 17:50:38 [http-nio-8081-exec-4] INFO  c.m.b.k.service.DynamicRouteService - Fetching active routes with pagination
2025-10-12 17:50:38 [http-nio-8081-exec-9] INFO  c.m.b.k.service.DynamicRouteService - Fetching active routes with pagination
2025-10-12 17:50:38 [http-nio-8081-exec-3] DEBUG o.s.w.f.CommonsRequestLoggingFilter - Before request [GET /api/integrated-apis?page=0&size=10, client=0:0:0:0:0:0:0:1, user=admin@mail.com]
2025-10-12 17:50:38 [http-nio-8081-exec-3] DEBUG o.s.web.servlet.DispatcherServlet - GET "/api/integrated-apis?page=0&size=10", parameters={masked}
2025-10-12 17:50:38 [http-nio-8081-exec-3] DEBUG o.s.w.s.m.m.a.RequestMappingHandlerMapping - Mapped to com.middleware.backend.kaotocamel.controller.IntegratedApiController#findAll(String, String, String, String, String, Boolean, String, LocalDateTime, LocalDateTime, LocalDateTime, LocalDateTime, String, Long, Long, int, int, String[])
2025-10-12 17:50:38 [http-nio-8081-exec-3] INFO  c.m.b.k.c.IntegratedApiController - === SORTING DEBUG ===
2025-10-12 17:50:38 [http-nio-8081-exec-3] INFO  c.m.b.k.c.IntegratedApiController - Received sort array: [id, desc]
2025-10-12 17:50:38 [http-nio-8081-exec-3] INFO  c.m.b.k.c.IntegratedApiController - Sort array length: 2
2025-10-12 17:50:38 [http-nio-8081-exec-3] INFO  c.m.b.k.c.IntegratedApiController - sort[0] = 'id'
2025-10-12 17:50:38 [http-nio-8081-exec-3] INFO  c.m.b.k.c.IntegratedApiController - sort[1] = 'desc'
2025-10-12 17:50:38 [http-nio-8081-exec-3] DEBUG c.m.b.k.c.IntegratedApiController - Received sort params: [id, desc]
2025-10-12 17:50:38 [http-nio-8081-exec-3] DEBUG c.m.b.k.c.IntegratedApiController - Handling separated params - field: 'id', direction: 'desc'
2025-10-12 17:50:38 [http-nio-8081-exec-3] DEBUG c.m.b.k.c.IntegratedApiController - Added separated sort order: id DESC
2025-10-12 17:50:38 [http-nio-8081-exec-3] DEBUG c.m.b.k.c.IntegratedApiController - Final sort object: id: DESC
2025-10-12 17:50:38 [http-nio-8081-exec-3] INFO  c.m.b.k.c.IntegratedApiController - Final Sort object: id: DESC
2025-10-12 17:50:38 [http-nio-8081-exec-3] INFO  c.m.b.k.c.IntegratedApiController - === END SORTING DEBUG ===
2025-10-12 17:50:38 [http-nio-8081-exec-3] INFO  c.m.b.k.c.IntegratedApiController - Pageable: Page request [number: 0, size 10, sort: id: DESC]
2025-10-12 17:50:38 [http-nio-8081-exec-4] DEBUG o.s.w.f.CommonsRequestLoggingFilter - Before request [GET /api/integrated-apis/systems, client=0:0:0:0:0:0:0:1, user=admin@mail.com]
2025-10-12 17:50:38 [http-nio-8081-exec-4] DEBUG o.s.web.servlet.DispatcherServlet - GET "/api/integrated-apis/systems", parameters={}
2025-10-12 17:50:38 [http-nio-8081-exec-4] DEBUG o.s.w.s.m.m.a.RequestMappingHandlerMapping - Mapped to com.middleware.backend.kaotocamel.controller.IntegratedApiController#getIntegratedSystems()
2025-10-12 17:50:38 [http-nio-8081-exec-9] DEBUG o.s.w.f.CommonsRequestLoggingFilter - Before request [GET /api/integration-mappings/middleware-apis, client=0:0:0:0:0:0:0:1, user=admin@mail.com]
2025-10-12 17:50:38 [http-nio-8081-exec-9] DEBUG o.s.web.servlet.DispatcherServlet - GET "/api/integration-mappings/middleware-apis", parameters={}
2025-10-12 17:50:38 [http-nio-8081-exec-9] DEBUG o.s.w.s.m.m.a.RequestMappingHandlerMapping - Mapped to com.middleware.backend.kaotocamel.controller.IntegrationMappingAdminController#getMiddlewareApis()
2025-10-12 17:50:38 [http-nio-8081-exec-3] DEBUG o.s.w.s.m.m.a.HttpEntityMethodProcessor - Using 'application/json', given [application/json] and supported [application/json, application/*+json, application/yaml]
2025-10-12 17:50:38 [http-nio-8081-exec-3] DEBUG o.s.w.s.m.m.a.HttpEntityMethodProcessor - Writing [Page 1 of 1 containing com.middleware.backend.kaotocamel.dto.IntegratedApiDto instances]
2025-10-12 17:50:38 [http-nio-8081-exec-3] DEBUG o.s.web.servlet.DispatcherServlet - Completed 200 OK
2025-10-12 17:50:38 [http-nio-8081-exec-3] DEBUG o.a.camel.spring.SpringCamelContext - onApplicationEvent: ServletRequestHandledEvent: url=[/api/integrated-apis]; client=[0:0:0:0:0:0:0:1]; method=[GET]; status=[200]; servlet=[dispatcherServlet]; session=[null]; user=[admin@mail.com]; time=[251ms]
2025-10-12 17:50:38 [http-nio-8081-exec-3] DEBUG o.s.w.f.CommonsRequestLoggingFilter - After request [GET /api/integrated-apis?page=0&size=10, client=0:0:0:0:0:0:0:1, user=admin@mail.com]
2025-10-12 17:50:38 [http-nio-8081-exec-4] DEBUG o.s.w.s.m.m.a.HttpEntityMethodProcessor - Using 'application/json', given [application/json] and supported [application/json, application/*+json, application/yaml]
2025-10-12 17:50:38 [http-nio-8081-exec-4] DEBUG o.s.w.s.m.m.a.HttpEntityMethodProcessor - Writing [[DHIS2.2]]
2025-10-12 17:50:38 [http-nio-8081-exec-4] DEBUG o.s.web.servlet.DispatcherServlet - Completed 200 OK
2025-10-12 17:50:38 [http-nio-8081-exec-4] DEBUG o.a.camel.spring.SpringCamelContext - onApplicationEvent: ServletRequestHandledEvent: url=[/api/integrated-apis/systems]; client=[0:0:0:0:0:0:0:1]; method=[GET]; status=[200]; servlet=[dispatcherServlet]; session=[null]; user=[admin@mail.com]; time=[256ms]
2025-10-12 17:50:38 [http-nio-8081-exec-4] DEBUG o.s.w.f.CommonsRequestLoggingFilter - After request [GET /api/integrated-apis/systems, client=0:0:0:0:0:0:0:1, user=admin@mail.com]
2025-10-12 17:50:38 [http-nio-8081-exec-9] INFO  c.m.b.k.c.IntegrationMappingAdminController - Found 2 distinct middleware APIs
2025-10-12 17:50:38 [http-nio-8081-exec-9] DEBUG o.s.w.s.m.m.a.HttpEntityMethodProcessor - Using 'application/json', given [application/json] and supported [application/json, application/*+json, application/yaml]
2025-10-12 17:50:38 [http-nio-8081-exec-9] DEBUG o.s.w.s.m.m.a.HttpEntityMethodProcessor - Writing [[/healthmap, /healthmapATTR]]
2025-10-12 17:50:38 [http-nio-8081-exec-9] DEBUG o.s.web.servlet.DispatcherServlet - Completed 200 OK
2025-10-12 17:50:38 [http-nio-8081-exec-9] DEBUG o.a.camel.spring.SpringCamelContext - onApplicationEvent: ServletRequestHandledEvent: url=[/api/integration-mappings/middleware-apis]; client=[0:0:0:0:0:0:0:1]; method=[GET]; status=[200]; servlet=[dispatcherServlet]; session=[null]; user=[admin@mail.com]; time=[229ms]
2025-10-12 17:50:38 [http-nio-8081-exec-9] DEBUG o.s.w.f.CommonsRequestLoggingFilter - After request [GET /api/integration-mappings/middleware-apis, client=0:0:0:0:0:0:0:1, user=admin@mail.com]
2025-10-12 17:50:41 [http-nio-8081-exec-6] INFO  c.m.b.k.service.DynamicRouteService - Fetching active routes with pagination
2025-10-12 17:50:42 [http-nio-8081-exec-6] DEBUG o.s.w.f.CommonsRequestLoggingFilter - Before request [GET /api/integrated-apis/1, client=0:0:0:0:0:0:0:1, user=admin@mail.com]
2025-10-12 17:50:42 [http-nio-8081-exec-6] DEBUG o.s.web.servlet.DispatcherServlet - GET "/api/integrated-apis/1", parameters={}
2025-10-12 17:50:42 [http-nio-8081-exec-6] DEBUG o.s.w.s.m.m.a.RequestMappingHandlerMapping - Mapped to com.middleware.backend.kaotocamel.controller.IntegratedApiController#findById(Long)
2025-10-12 17:50:42 [http-nio-8081-exec-6] DEBUG o.s.w.s.m.m.a.HttpEntityMethodProcessor - Using 'application/json', given [application/json] and supported [application/json, application/*+json, application/yaml]
2025-10-12 17:50:42 [http-nio-8081-exec-6] DEBUG o.s.w.s.m.m.a.HttpEntityMethodProcessor - Writing [IntegratedApiDto(id=1, code=HEALTH_ANALYTICS, name=Health Analytics API, apiUrl=/api/analytics.json? (truncated)...]
2025-10-12 17:50:42 [http-nio-8081-exec-6] DEBUG o.s.web.servlet.DispatcherServlet - Completed 200 OK
2025-10-12 17:50:42 [http-nio-8081-exec-6] DEBUG o.a.camel.spring.SpringCamelContext - onApplicationEvent: ServletRequestHandledEvent: url=[/api/integrated-apis/1]; client=[0:0:0:0:0:0:0:1]; method=[GET]; status=[200]; servlet=[dispatcherServlet]; session=[null]; user=[admin@mail.com]; time=[201ms]
2025-10-12 17:50:42 [http-nio-8081-exec-6] DEBUG o.s.w.f.CommonsRequestLoggingFilter - After request [GET /api/integrated-apis/1, client=0:0:0:0:0:0:0:1, user=admin@mail.com]
2025-10-12 17:50:53 [http-nio-8081-exec-10] INFO  c.m.b.k.service.DynamicRouteService - Fetching active routes with pagination
2025-10-12 17:50:53 [http-nio-8081-exec-10] DEBUG o.s.w.f.CommonsRequestLoggingFilter - Before request [GET /api/configs?page=0&size=10&sortedBy=updatedAt&sortDirection=desc, client=0:0:0:0:0:0:0:1, user=admin@mail.com]
2025-10-12 17:50:53 [http-nio-8081-exec-10] DEBUG o.s.web.servlet.DispatcherServlet - GET "/api/configs?page=0&size=10&sortedBy=updatedAt&sortDirection=desc", parameters={masked}
2025-10-12 17:50:53 [http-nio-8081-exec-10] DEBUG o.s.w.s.m.m.a.RequestMappingHandlerMapping - Mapped to com.middleware.backend.system_settings.controller.ConfigController#getAllConfigs(String, String, String, LocalDate, LocalDate, int, int, String, String)
2025-10-12 17:50:53 [http-nio-8081-exec-10] DEBUG o.s.w.s.m.m.a.HttpEntityMethodProcessor - Using 'application/json', given [*/*] and supported [application/json, application/*+json, application/yaml]
2025-10-12 17:50:53 [http-nio-8081-exec-10] DEBUG o.s.w.s.m.m.a.HttpEntityMethodProcessor - Writing [Page 1 of 1 containing com.middleware.backend.system_settings.dto.ConfigDto instances]
2025-10-12 17:50:53 [http-nio-8081-exec-10] DEBUG o.s.web.servlet.DispatcherServlet - Completed 200 OK
2025-10-12 17:50:53 [http-nio-8081-exec-10] DEBUG o.a.camel.spring.SpringCamelContext - onApplicationEvent: ServletRequestHandledEvent: url=[/api/configs]; client=[0:0:0:0:0:0:0:1]; method=[GET]; status=[200]; servlet=[dispatcherServlet]; session=[null]; user=[admin@mail.com]; time=[199ms]
2025-10-12 17:50:53 [http-nio-8081-exec-10] DEBUG o.s.w.f.CommonsRequestLoggingFilter - After request [GET /api/configs?page=0&size=10&sortedBy=updatedAt&sortDirection=desc, client=0:0:0:0:0:0:0:1, user=admin@mail.com]
2025-10-12 17:50:57 [http-nio-8081-exec-2] INFO  c.m.b.k.service.DynamicRouteService - Fetching active routes with pagination
2025-10-12 17:50:57 [http-nio-8081-exec-2] DEBUG o.s.w.f.CommonsRequestLoggingFilter - Before request [GET /api/integrated-system?page=0&size=10&sortedBy=updatedAt&sortDirection=desc, client=0:0:0:0:0:0:0:1, user=admin@mail.com]
2025-10-12 17:50:57 [http-nio-8081-exec-2] DEBUG o.s.web.servlet.DispatcherServlet - GET "/api/integrated-system?page=0&size=10&sortedBy=updatedAt&sortDirection=desc", parameters={masked}
2025-10-12 17:50:57 [http-nio-8081-exec-2] DEBUG o.s.w.s.m.m.a.RequestMappingHandlerMapping - Mapped to com.middleware.backend.integrated_systems.controller.IntegratedSystemController#getAll(String, String, String, String, LocalDate, LocalDate, String, String, int, int)
2025-10-12 17:50:57 [http-nio-8081-exec-2] DEBUG o.s.w.s.m.m.a.HttpEntityMethodProcessor - Using 'application/json', given [*/*] and supported [application/json, application/*+json, application/yaml]
2025-10-12 17:50:57 [http-nio-8081-exec-2] DEBUG o.s.w.s.m.m.a.HttpEntityMethodProcessor - Writing [Page 1 of 1 containing com.middleware.backend.integrated_systems.dto.IntegratedSystemDto instances]
2025-10-12 17:50:57 [http-nio-8081-exec-2] DEBUG o.s.web.servlet.DispatcherServlet - Completed 200 OK
2025-10-12 17:50:57 [http-nio-8081-exec-2] DEBUG o.a.camel.spring.SpringCamelContext - onApplicationEvent: ServletRequestHandledEvent: url=[/api/integrated-system]; client=[0:0:0:0:0:0:0:1]; method=[GET]; status=[200]; servlet=[dispatcherServlet]; session=[null]; user=[admin@mail.com]; time=[224ms]
2025-10-12 17:50:57 [http-nio-8081-exec-2] DEBUG o.s.w.f.CommonsRequestLoggingFilter - After request [GET /api/integrated-system?page=0&size=10&sortedBy=updatedAt&sortDirection=desc, client=0:0:0:0:0:0:0:1, user=admin@mail.com]
2025-10-12 17:50:59 [http-nio-8081-exec-5] INFO  c.m.b.k.service.DynamicRouteService - Fetching active routes with pagination
2025-10-12 17:51:00 [http-nio-8081-exec-5] DEBUG o.s.w.f.CommonsRequestLoggingFilter - Before request [GET /api/integrated-system/DHIS2.2, client=0:0:0:0:0:0:0:1, user=admin@mail.com]
2025-10-12 17:51:00 [http-nio-8081-exec-5] DEBUG o.s.web.servlet.DispatcherServlet - GET "/api/integrated-system/DHIS2.2", parameters={}
2025-10-12 17:51:00 [http-nio-8081-exec-5] DEBUG o.s.w.s.m.m.a.RequestMappingHandlerMapping - Mapped to com.middleware.backend.integrated_systems.controller.IntegratedSystemController#getById(String)
2025-10-12 17:51:00 [http-nio-8081-exec-5] DEBUG o.s.w.s.m.m.a.HttpEntityMethodProcessor - Using 'application/json', given [*/*] and supported [application/json, application/*+json, application/yaml]
2025-10-12 17:51:00 [http-nio-8081-exec-5] DEBUG o.s.w.s.m.m.a.HttpEntityMethodProcessor - Writing [IntegratedSystemDto(id=2, code=DHIS2.2, host=hmis-dev.moh.gov.jo/dwh, port=443, description=DHIS2 In (truncated)...]
2025-10-12 17:51:00 [http-nio-8081-exec-5] DEBUG o.s.web.servlet.DispatcherServlet - Completed 200 OK
2025-10-12 17:51:00 [http-nio-8081-exec-5] DEBUG o.a.camel.spring.SpringCamelContext - onApplicationEvent: ServletRequestHandledEvent: url=[/api/integrated-system/DHIS2.2]; client=[0:0:0:0:0:0:0:1]; method=[GET]; status=[200]; servlet=[dispatcherServlet]; session=[null]; user=[admin@mail.com]; time=[374ms]
2025-10-12 17:51:00 [http-nio-8081-exec-5] DEBUG o.s.w.f.CommonsRequestLoggingFilter - After request [GET /api/integrated-system/DHIS2.2, client=0:0:0:0:0:0:0:1, user=admin@mail.com]
2025-10-12 17:51:04 [scheduling-1] INFO  c.m.b.k.service.DynamicRouteService - Starting route status sync with Camel context
2025-10-12 17:51:04 [scheduling-1] INFO  c.m.b.k.service.DynamicRouteService - Completed route status sync
2025-10-12 17:51:34 [scheduling-1] INFO  c.m.b.k.service.DynamicRouteService - Starting route status sync with Camel context
2025-10-12 17:51:34 [scheduling-1] INFO  c.m.b.k.service.DynamicRouteService - Completed route status sync
2025-10-12 17:51:54 [http-nio-8081-exec-6] INFO  c.m.b.k.service.DynamicRouteService - Fetching active routes with pagination
2025-10-12 17:51:54 [http-nio-8081-exec-9] INFO  c.m.b.k.service.DynamicRouteService - Fetching active routes with pagination
2025-10-12 17:51:54 [http-nio-8081-exec-4] INFO  c.m.b.k.service.DynamicRouteService - Fetching active routes with pagination
2025-10-12 17:51:55 [http-nio-8081-exec-6] DEBUG o.s.w.f.CommonsRequestLoggingFilter - Before request [GET /api/integration-mappings/middleware-apis, client=0:0:0:0:0:0:0:1, user=admin@mail.com]
2025-10-12 17:51:55 [http-nio-8081-exec-6] DEBUG o.s.web.servlet.DispatcherServlet - GET "/api/integration-mappings/middleware-apis", parameters={}
2025-10-12 17:51:55 [http-nio-8081-exec-6] DEBUG o.s.w.s.m.m.a.RequestMappingHandlerMapping - Mapped to com.middleware.backend.kaotocamel.controller.IntegrationMappingAdminController#getMiddlewareApis()
2025-10-12 17:51:55 [http-nio-8081-exec-9] DEBUG o.s.w.f.CommonsRequestLoggingFilter - Before request [GET /api/integrated-apis/systems, client=0:0:0:0:0:0:0:1, user=admin@mail.com]
2025-10-12 17:51:55 [http-nio-8081-exec-9] DEBUG o.s.web.servlet.DispatcherServlet - GET "/api/integrated-apis/systems", parameters={}
2025-10-12 17:51:55 [http-nio-8081-exec-9] DEBUG o.s.w.s.m.m.a.RequestMappingHandlerMapping - Mapped to com.middleware.backend.kaotocamel.controller.IntegratedApiController#getIntegratedSystems()
2025-10-12 17:51:55 [http-nio-8081-exec-4] DEBUG o.s.w.f.CommonsRequestLoggingFilter - Before request [GET /api/integrated-apis?page=0&size=10, client=0:0:0:0:0:0:0:1, user=admin@mail.com]
2025-10-12 17:51:55 [http-nio-8081-exec-4] DEBUG o.s.web.servlet.DispatcherServlet - GET "/api/integrated-apis?page=0&size=10", parameters={masked}
2025-10-12 17:51:55 [http-nio-8081-exec-4] DEBUG o.s.w.s.m.m.a.RequestMappingHandlerMapping - Mapped to com.middleware.backend.kaotocamel.controller.IntegratedApiController#findAll(String, String, String, String, String, Boolean, String, LocalDateTime, LocalDateTime, LocalDateTime, LocalDateTime, String, Long, Long, int, int, String[])
2025-10-12 17:51:55 [http-nio-8081-exec-4] INFO  c.m.b.k.c.IntegratedApiController - === SORTING DEBUG ===
2025-10-12 17:51:55 [http-nio-8081-exec-4] INFO  c.m.b.k.c.IntegratedApiController - Received sort array: [id, desc]
2025-10-12 17:51:55 [http-nio-8081-exec-4] INFO  c.m.b.k.c.IntegratedApiController - Sort array length: 2
2025-10-12 17:51:55 [http-nio-8081-exec-4] INFO  c.m.b.k.c.IntegratedApiController - sort[0] = 'id'
2025-10-12 17:51:55 [http-nio-8081-exec-4] INFO  c.m.b.k.c.IntegratedApiController - sort[1] = 'desc'
2025-10-12 17:51:55 [http-nio-8081-exec-4] DEBUG c.m.b.k.c.IntegratedApiController - Received sort params: [id, desc]
2025-10-12 17:51:55 [http-nio-8081-exec-4] DEBUG c.m.b.k.c.IntegratedApiController - Handling separated params - field: 'id', direction: 'desc'
2025-10-12 17:51:55 [http-nio-8081-exec-4] DEBUG c.m.b.k.c.IntegratedApiController - Added separated sort order: id DESC
2025-10-12 17:51:55 [http-nio-8081-exec-4] DEBUG c.m.b.k.c.IntegratedApiController - Final sort object: id: DESC
2025-10-12 17:51:55 [http-nio-8081-exec-4] INFO  c.m.b.k.c.IntegratedApiController - Final Sort object: id: DESC
2025-10-12 17:51:55 [http-nio-8081-exec-4] INFO  c.m.b.k.c.IntegratedApiController - === END SORTING DEBUG ===
2025-10-12 17:51:55 [http-nio-8081-exec-4] INFO  c.m.b.k.c.IntegratedApiController - Pageable: Page request [number: 0, size 10, sort: id: DESC]
2025-10-12 17:51:55 [http-nio-8081-exec-6] INFO  c.m.b.k.c.IntegrationMappingAdminController - Found 2 distinct middleware APIs
2025-10-12 17:51:55 [http-nio-8081-exec-6] DEBUG o.s.w.s.m.m.a.HttpEntityMethodProcessor - Using 'application/json', given [application/json] and supported [application/json, application/*+json, application/yaml]
2025-10-12 17:51:55 [http-nio-8081-exec-6] DEBUG o.s.w.s.m.m.a.HttpEntityMethodProcessor - Writing [[/healthmap, /healthmapATTR]]
2025-10-12 17:51:55 [http-nio-8081-exec-6] DEBUG o.s.web.servlet.DispatcherServlet - Completed 200 OK
2025-10-12 17:51:55 [http-nio-8081-exec-6] DEBUG o.a.camel.spring.SpringCamelContext - onApplicationEvent: ServletRequestHandledEvent: url=[/api/integration-mappings/middleware-apis]; client=[0:0:0:0:0:0:0:1]; method=[GET]; status=[200]; servlet=[dispatcherServlet]; session=[null]; user=[admin@mail.com]; time=[189ms]
2025-10-12 17:51:55 [http-nio-8081-exec-6] DEBUG o.s.w.f.CommonsRequestLoggingFilter - After request [GET /api/integration-mappings/middleware-apis, client=0:0:0:0:0:0:0:1, user=admin@mail.com]
2025-10-12 17:51:55 [http-nio-8081-exec-9] DEBUG o.s.w.s.m.m.a.HttpEntityMethodProcessor - Using 'application/json', given [application/json] and supported [application/json, application/*+json, application/yaml]
2025-10-12 17:51:55 [http-nio-8081-exec-9] DEBUG o.s.w.s.m.m.a.HttpEntityMethodProcessor - Writing [[DHIS2.2]]
2025-10-12 17:51:55 [http-nio-8081-exec-9] DEBUG o.s.web.servlet.DispatcherServlet - Completed 200 OK
2025-10-12 17:51:55 [http-nio-8081-exec-9] DEBUG o.a.camel.spring.SpringCamelContext - onApplicationEvent: ServletRequestHandledEvent: url=[/api/integrated-apis/systems]; client=[0:0:0:0:0:0:0:1]; method=[GET]; status=[200]; servlet=[dispatcherServlet]; session=[null]; user=[admin@mail.com]; time=[212ms]
2025-10-12 17:51:55 [http-nio-8081-exec-9] DEBUG o.s.w.f.CommonsRequestLoggingFilter - After request [GET /api/integrated-apis/systems, client=0:0:0:0:0:0:0:1, user=admin@mail.com]
2025-10-12 17:51:55 [http-nio-8081-exec-4] DEBUG o.s.w.s.m.m.a.HttpEntityMethodProcessor - Using 'application/json', given [application/json] and supported [application/json, application/*+json, application/yaml]
2025-10-12 17:51:55 [http-nio-8081-exec-4] DEBUG o.s.w.s.m.m.a.HttpEntityMethodProcessor - Writing [Page 1 of 1 containing com.middleware.backend.kaotocamel.dto.IntegratedApiDto instances]
2025-10-12 17:51:55 [http-nio-8081-exec-4] DEBUG o.s.web.servlet.DispatcherServlet - Completed 200 OK
2025-10-12 17:51:55 [http-nio-8081-exec-4] DEBUG o.a.camel.spring.SpringCamelContext - onApplicationEvent: ServletRequestHandledEvent: url=[/api/integrated-apis]; client=[0:0:0:0:0:0:0:1]; method=[GET]; status=[200]; servlet=[dispatcherServlet]; session=[null]; user=[admin@mail.com]; time=[224ms]
2025-10-12 17:51:55 [http-nio-8081-exec-4] DEBUG o.s.w.f.CommonsRequestLoggingFilter - After request [GET /api/integrated-apis?page=0&size=10, client=0:0:0:0:0:0:0:1, user=admin@mail.com]
2025-10-12 17:52:04 [scheduling-1] INFO  c.m.b.k.service.DynamicRouteService - Starting route status sync with Camel context
2025-10-12 17:52:04 [scheduling-1] INFO  c.m.b.k.service.DynamicRouteService - Completed route status sync
2025-10-12 17:52:33 [http-nio-8081-exec-10] INFO  c.m.b.k.service.DynamicRouteService - Fetching active routes with pagination
2025-10-12 17:52:34 [http-nio-8081-exec-10] DEBUG o.s.w.f.CommonsRequestLoggingFilter - Before request [GET /api/integrated-apis/1, client=0:0:0:0:0:0:0:1, user=admin@mail.com]
2025-10-12 17:52:34 [http-nio-8081-exec-10] DEBUG o.s.web.servlet.DispatcherServlet - GET "/api/integrated-apis/1", parameters={}
2025-10-12 17:52:34 [http-nio-8081-exec-10] DEBUG o.s.w.s.m.m.a.RequestMappingHandlerMapping - Mapped to com.middleware.backend.kaotocamel.controller.IntegratedApiController#findById(Long)
2025-10-12 17:52:34 [http-nio-8081-exec-10] DEBUG o.s.w.s.m.m.a.HttpEntityMethodProcessor - Using 'application/json', given [application/json] and supported [application/json, application/*+json, application/yaml]
2025-10-12 17:52:34 [http-nio-8081-exec-10] DEBUG o.s.w.s.m.m.a.HttpEntityMethodProcessor - Writing [IntegratedApiDto(id=1, code=HEALTH_ANALYTICS, name=Health Analytics API, apiUrl=/api/analytics.json? (truncated)...]
2025-10-12 17:52:34 [http-nio-8081-exec-10] DEBUG o.s.web.servlet.DispatcherServlet - Completed 200 OK
2025-10-12 17:52:34 [http-nio-8081-exec-10] DEBUG o.a.camel.spring.SpringCamelContext - onApplicationEvent: ServletRequestHandledEvent: url=[/api/integrated-apis/1]; client=[0:0:0:0:0:0:0:1]; method=[GET]; status=[200]; servlet=[dispatcherServlet]; session=[null]; user=[admin@mail.com]; time=[211ms]
2025-10-12 17:52:34 [http-nio-8081-exec-10] DEBUG o.s.w.f.CommonsRequestLoggingFilter - After request [GET /api/integrated-apis/1, client=0:0:0:0:0:0:0:1, user=admin@mail.com]
2025-10-12 17:52:34 [scheduling-1] INFO  c.m.b.k.service.DynamicRouteService - Starting route status sync with Camel context
2025-10-12 17:52:34 [scheduling-1] INFO  c.m.b.k.service.DynamicRouteService - Completed route status sync
2025-10-12 17:53:04 [scheduling-1] INFO  c.m.b.k.service.DynamicRouteService - Starting route status sync with Camel context
2025-10-12 17:53:04 [scheduling-1] INFO  c.m.b.k.service.DynamicRouteService - Completed route status sync
2025-10-12 17:53:34 [scheduling-1] INFO  c.m.b.k.service.DynamicRouteService - Starting route status sync with Camel context
2025-10-12 17:53:34 [scheduling-1] INFO  c.m.b.k.service.DynamicRouteService - Completed route status sync
2025-10-12 17:54:04 [scheduling-1] INFO  c.m.b.k.service.DynamicRouteService - Starting route status sync with Camel context
2025-10-12 17:54:04 [scheduling-1] INFO  c.m.b.k.service.DynamicRouteService - Completed route status sync
2025-10-12 17:54:05 [http-nio-8081-exec-1] INFO  c.m.b.k.service.DynamicRouteService - Fetching active routes with pagination
2025-10-12 17:54:06 [http-nio-8081-exec-1] DEBUG o.s.w.f.CommonsRequestLoggingFilter - Before request [GET /api/middleware/healthmap?pe=202509&ou=FKE8yFr2PKg;fcAX51tsDmQ, client=0:0:0:0:0:0:0:1, user=admin@mail.com]
2025-10-12 17:54:06 [http-nio-8081-exec-1] DEBUG o.s.web.servlet.DispatcherServlet - GET "/api/middleware/healthmap?pe=202509&ou=FKE8yFr2PKg;fcAX51tsDmQ", parameters={masked}
2025-10-12 17:54:06 [http-nio-8081-exec-1] DEBUG o.s.w.s.m.m.a.RequestMappingHandlerMapping - Mapped to com.middleware.backend.kaotocamel.controller.MiddlewareController#processMiddlewareRequest(String, String, String, String)
2025-10-12 17:54:06 [http-nio-8081-exec-1] DEBUG o.s.w.s.m.m.a.HttpEntityMethodProcessor - Using 'application/json', given [*/*] and supported [application/json, application/*+json, application/yaml]
2025-10-12 17:54:06 [http-nio-8081-exec-1] DEBUG o.s.w.s.m.m.a.HttpEntityMethodProcessor - Writing [{error=true, message=Parameter '_dhis2Code' is required, timestamp=1760280846033}]
2025-10-12 17:54:06 [http-nio-8081-exec-1] DEBUG o.s.web.servlet.DispatcherServlet - Completed 400 BAD_REQUEST
2025-10-12 17:54:06 [http-nio-8081-exec-1] DEBUG o.a.camel.spring.SpringCamelContext - onApplicationEvent: ServletRequestHandledEvent: url=[/api/middleware/healthmap]; client=[0:0:0:0:0:0:0:1]; method=[GET]; status=[400]; servlet=[dispatcherServlet]; session=[null]; user=[admin@mail.com]; time=[8ms]
2025-10-12 17:54:06 [http-nio-8081-exec-1] DEBUG o.s.w.f.CommonsRequestLoggingFilter - After request [GET /api/middleware/healthmap?pe=202509&ou=FKE8yFr2PKg;fcAX51tsDmQ, client=0:0:0:0:0:0:0:1, user=admin@mail.com]
2025-10-12 17:54:34 [scheduling-1] INFO  c.m.b.k.service.DynamicRouteService - Starting route status sync with Camel context
2025-10-12 17:54:34 [scheduling-1] INFO  c.m.b.k.service.DynamicRouteService - Completed route status sync
2025-10-12 17:55:04 [scheduling-1] INFO  c.m.b.k.service.DynamicRouteService - Starting route status sync with Camel context
2025-10-12 17:55:04 [scheduling-1] INFO  c.m.b.k.service.DynamicRouteService - Completed route status sync
2025-10-12 17:55:34 [scheduling-1] INFO  c.m.b.k.service.DynamicRouteService - Starting route status sync with Camel context
2025-10-12 17:55:34 [scheduling-1] INFO  c.m.b.k.service.DynamicRouteService - Completed route status sync
2025-10-12 17:56:04 [scheduling-1] INFO  c.m.b.k.service.DynamicRouteService - Starting route status sync with Camel context
2025-10-12 17:56:04 [scheduling-1] INFO  c.m.b.k.service.DynamicRouteService - Completed route status sync
2025-10-12 17:56:34 [scheduling-1] INFO  c.m.b.k.service.DynamicRouteService - Starting route status sync with Camel context
2025-10-12 17:56:34 [scheduling-1] INFO  c.m.b.k.service.DynamicRouteService - Completed route status sync
2025-10-12 17:56:36 [http-nio-8081-exec-6] INFO  c.m.b.k.service.DynamicRouteService - Fetching active routes with pagination
2025-10-12 17:56:36 [http-nio-8081-exec-6] DEBUG o.s.w.f.CommonsRequestLoggingFilter - Before request [PUT /api/integrated-apis/1, client=0:0:0:0:0:0:0:1, user=admin@mail.com]
2025-10-12 17:56:36 [http-nio-8081-exec-6] DEBUG o.s.web.servlet.DispatcherServlet - PUT "/api/integrated-apis/1", parameters={}
2025-10-12 17:56:36 [http-nio-8081-exec-6] DEBUG o.s.w.s.m.m.a.RequestMappingHandlerMapping - Mapped to com.middleware.backend.kaotocamel.controller.IntegratedApiController#update(Long, IntegratedApiRequestDto)
2025-10-12 17:56:36 [http-nio-8081-exec-6] DEBUG o.s.w.s.m.m.a.RequestResponseBodyMethodProcessor - Read "application/json;charset=UTF-8" to [IntegratedApiRequestDto(code=HEALTH_ANALYTICS, name=Health Analytics API, apiUrl=/api/analytics.json (truncated)...]
2025-10-12 17:56:36 [http-nio-8081-exec-6] INFO  c.m.b.k.service.IntegratedApiService - Updating integrated API: 1
2025-10-12 17:56:36 [http-nio-8081-exec-6] INFO  c.m.b.k.service.IntegratedApiService - Updated integrated API: HEALTH_ANALYTICS
2025-10-12 17:56:36 [http-nio-8081-exec-6] INFO  c.m.b.k.c.IntegratedApiController - Updated integrated API: HEALTH_ANALYTICS
2025-10-12 17:56:36 [http-nio-8081-exec-6] DEBUG o.s.w.s.m.m.a.HttpEntityMethodProcessor - Using 'application/json', given [application/json] and supported [application/json, application/*+json, application/yaml]
2025-10-12 17:56:36 [http-nio-8081-exec-6] DEBUG o.s.w.s.m.m.a.HttpEntityMethodProcessor - Writing [IntegratedApiDto(id=1, code=HEALTH_ANALYTICS, name=Health Analytics API, apiUrl=/api/analytics.json? (truncated)...]
2025-10-12 17:56:36 [http-nio-8081-exec-6] DEBUG o.s.web.servlet.DispatcherServlet - Completed 200 OK
2025-10-12 17:56:36 [http-nio-8081-exec-6] DEBUG o.a.camel.spring.SpringCamelContext - onApplicationEvent: ServletRequestHandledEvent: url=[/api/integrated-apis/1]; client=[0:0:0:0:0:0:0:1]; method=[PUT]; status=[200]; servlet=[dispatcherServlet]; session=[null]; user=[admin@mail.com]; time=[472ms]
2025-10-12 17:56:36 [http-nio-8081-exec-6] DEBUG o.s.w.f.CommonsRequestLoggingFilter - After request [PUT /api/integrated-apis/1, client=0:0:0:0:0:0:0:1, user=admin@mail.com, payload={"code":"HEALTH_ANALYTICS","name":"Health Analytics API","type":"ANALYTICS","integratedSystem":"DHIS2.2","apiUrl":"/api/analytics.json?dimension=dx:Km0qVQob9MY;mCKqwPcYW7t.tsWtbszbNxf;mCKqwPcYW7t.btKH0SkeKBO;TrtkNB5aAds;XT0h5EGwdf9;xvHA0fLRcyX&dimension=ou:FKE8yFr2PKg;fcAX51tsDmQ&dimension=pe:202505","description":null,"isActive":true,"useOuFromRequest":false,"usePeFromRequest":false}]
2025-10-12 17:56:37 [http-nio-8081-exec-4] INFO  c.m.b.k.service.DynamicRouteService - Fetching active routes with pagination
2025-10-12 17:56:37 [http-nio-8081-exec-9] INFO  c.m.b.k.service.DynamicRouteService - Fetching active routes with pagination
2025-10-12 17:56:38 [http-nio-8081-exec-9] DEBUG o.s.w.f.CommonsRequestLoggingFilter - Before request [GET /api/integrated-apis?page=0&size=10, client=0:0:0:0:0:0:0:1, user=admin@mail.com]
2025-10-12 17:56:38 [http-nio-8081-exec-9] DEBUG o.s.web.servlet.DispatcherServlet - GET "/api/integrated-apis?page=0&size=10", parameters={masked}
2025-10-12 17:56:38 [http-nio-8081-exec-9] DEBUG o.s.w.s.m.m.a.RequestMappingHandlerMapping - Mapped to com.middleware.backend.kaotocamel.controller.IntegratedApiController#findAll(String, String, String, String, String, Boolean, String, LocalDateTime, LocalDateTime, LocalDateTime, LocalDateTime, String, Long, Long, int, int, String[])
2025-10-12 17:56:38 [http-nio-8081-exec-9] INFO  c.m.b.k.c.IntegratedApiController - === SORTING DEBUG ===
2025-10-12 17:56:38 [http-nio-8081-exec-9] INFO  c.m.b.k.c.IntegratedApiController - Received sort array: [id, desc]
2025-10-12 17:56:38 [http-nio-8081-exec-9] INFO  c.m.b.k.c.IntegratedApiController - Sort array length: 2
2025-10-12 17:56:38 [http-nio-8081-exec-9] INFO  c.m.b.k.c.IntegratedApiController - sort[0] = 'id'
2025-10-12 17:56:38 [http-nio-8081-exec-9] INFO  c.m.b.k.c.IntegratedApiController - sort[1] = 'desc'
2025-10-12 17:56:38 [http-nio-8081-exec-9] DEBUG c.m.b.k.c.IntegratedApiController - Received sort params: [id, desc]
2025-10-12 17:56:38 [http-nio-8081-exec-9] DEBUG c.m.b.k.c.IntegratedApiController - Handling separated params - field: 'id', direction: 'desc'
2025-10-12 17:56:38 [http-nio-8081-exec-9] DEBUG c.m.b.k.c.IntegratedApiController - Added separated sort order: id DESC
2025-10-12 17:56:38 [http-nio-8081-exec-9] DEBUG c.m.b.k.c.IntegratedApiController - Final sort object: id: DESC
2025-10-12 17:56:38 [http-nio-8081-exec-9] INFO  c.m.b.k.c.IntegratedApiController - Final Sort object: id: DESC
2025-10-12 17:56:38 [http-nio-8081-exec-9] INFO  c.m.b.k.c.IntegratedApiController - === END SORTING DEBUG ===
2025-10-12 17:56:38 [http-nio-8081-exec-9] INFO  c.m.b.k.c.IntegratedApiController - Pageable: Page request [number: 0, size 10, sort: id: DESC]
2025-10-12 17:56:38 [http-nio-8081-exec-4] DEBUG o.s.w.f.CommonsRequestLoggingFilter - Before request [GET /api/integrated-apis/systems, client=0:0:0:0:0:0:0:1, user=admin@mail.com]
2025-10-12 17:56:38 [http-nio-8081-exec-4] DEBUG o.s.web.servlet.DispatcherServlet - GET "/api/integrated-apis/systems", parameters={}
2025-10-12 17:56:38 [http-nio-8081-exec-4] DEBUG o.s.w.s.m.m.a.RequestMappingHandlerMapping - Mapped to com.middleware.backend.kaotocamel.controller.IntegratedApiController#getIntegratedSystems()
2025-10-12 17:56:38 [http-nio-8081-exec-9] DEBUG o.s.w.s.m.m.a.HttpEntityMethodProcessor - Using 'application/json', given [application/json] and supported [application/json, application/*+json, application/yaml]
2025-10-12 17:56:38 [http-nio-8081-exec-9] DEBUG o.s.w.s.m.m.a.HttpEntityMethodProcessor - Writing [Page 1 of 1 containing com.middleware.backend.kaotocamel.dto.IntegratedApiDto instances]
2025-10-12 17:56:38 [http-nio-8081-exec-9] DEBUG o.s.web.servlet.DispatcherServlet - Completed 200 OK
2025-10-12 17:56:38 [http-nio-8081-exec-9] DEBUG o.a.camel.spring.SpringCamelContext - onApplicationEvent: ServletRequestHandledEvent: url=[/api/integrated-apis]; client=[0:0:0:0:0:0:0:1]; method=[GET]; status=[200]; servlet=[dispatcherServlet]; session=[null]; user=[admin@mail.com]; time=[247ms]
2025-10-12 17:56:38 [http-nio-8081-exec-9] DEBUG o.s.w.f.CommonsRequestLoggingFilter - After request [GET /api/integrated-apis?page=0&size=10, client=0:0:0:0:0:0:0:1, user=admin@mail.com]
2025-10-12 17:56:38 [http-nio-8081-exec-4] DEBUG o.s.w.s.m.m.a.HttpEntityMethodProcessor - Using 'application/json', given [application/json] and supported [application/json, application/*+json, application/yaml]
2025-10-12 17:56:38 [http-nio-8081-exec-4] DEBUG o.s.w.s.m.m.a.HttpEntityMethodProcessor - Writing [[DHIS2.2]]
2025-10-12 17:56:38 [http-nio-8081-exec-4] DEBUG o.s.web.servlet.DispatcherServlet - Completed 200 OK
2025-10-12 17:56:38 [http-nio-8081-exec-4] DEBUG o.a.camel.spring.SpringCamelContext - onApplicationEvent: ServletRequestHandledEvent: url=[/api/integrated-apis/systems]; client=[0:0:0:0:0:0:0:1]; method=[GET]; status=[200]; servlet=[dispatcherServlet]; session=[null]; user=[admin@mail.com]; time=[225ms]
2025-10-12 17:56:38 [http-nio-8081-exec-4] DEBUG o.s.w.f.CommonsRequestLoggingFilter - After request [GET /api/integrated-apis/systems, client=0:0:0:0:0:0:0:1, user=admin@mail.com]
2025-10-12 17:56:44 [http-nio-8081-exec-8] INFO  c.m.b.k.service.DynamicRouteService - Fetching active routes with pagination
2025-10-12 17:56:44 [http-nio-8081-exec-7] INFO  c.m.b.k.service.DynamicRouteService - Fetching active routes with pagination
2025-10-12 17:56:44 [http-nio-8081-exec-10] INFO  c.m.b.k.service.DynamicRouteService - Fetching active routes with pagination
2025-10-12 17:56:44 [http-nio-8081-exec-2] INFO  c.m.b.k.service.DynamicRouteService - Fetching active routes with pagination
2025-10-12 17:56:45 [http-nio-8081-exec-8] DEBUG o.s.w.f.CommonsRequestLoggingFilter - Before request [GET /api/integration-mappings?page=0&size=10, client=0:0:0:0:0:0:0:1, user=admin@mail.com]
2025-10-12 17:56:45 [http-nio-8081-exec-8] DEBUG o.s.web.servlet.DispatcherServlet - GET "/api/integration-mappings?page=0&size=10", parameters={masked}
2025-10-12 17:56:45 [http-nio-8081-exec-8] DEBUG o.s.w.s.m.m.a.RequestMappingHandlerMapping - Mapped to com.middleware.backend.kaotocamel.controller.IntegrationMappingAdminController#findAll(String, Long, String, String, String, String, String, Boolean, String, LocalDateTime, LocalDateTime, LocalDateTime, LocalDateTime, String, Long, Long, String, String, int, int)
2025-10-12 17:56:45 [http-nio-8081-exec-8] INFO  c.m.b.k.c.IntegrationMappingAdminController - Final sort: id: ASC
2025-10-12 17:56:45 [http-nio-8081-exec-7] DEBUG o.s.w.f.CommonsRequestLoggingFilter - Before request [GET /api/integration-mappings/mapping-types, client=0:0:0:0:0:0:0:1, user=admin@mail.com]
2025-10-12 17:56:45 [http-nio-8081-exec-7] DEBUG o.s.web.servlet.DispatcherServlet - GET "/api/integration-mappings/mapping-types", parameters={}
2025-10-12 17:56:45 [http-nio-8081-exec-7] DEBUG o.s.w.s.m.m.a.RequestMappingHandlerMapping - Mapped to com.middleware.backend.kaotocamel.controller.IntegrationMappingAdminController#getMappingTypes()
2025-10-12 17:56:45 [http-nio-8081-exec-7] DEBUG o.s.w.s.m.m.a.HttpEntityMethodProcessor - Using 'application/json', given [application/json] and supported [application/json, application/*+json, application/yaml]
2025-10-12 17:56:45 [http-nio-8081-exec-7] DEBUG o.s.w.s.m.m.a.HttpEntityMethodProcessor - Writing [[DATA_ELEMENT, DATA_ELEMENT_WITH_DISAGGREGATION, INDICATOR]]
2025-10-12 17:56:45 [http-nio-8081-exec-7] DEBUG o.s.web.servlet.DispatcherServlet - Completed 200 OK
2025-10-12 17:56:45 [http-nio-8081-exec-7] DEBUG o.a.camel.spring.SpringCamelContext - onApplicationEvent: ServletRequestHandledEvent: url=[/api/integration-mappings/mapping-types]; client=[0:0:0:0:0:0:0:1]; method=[GET]; status=[200]; servlet=[dispatcherServlet]; session=[null]; user=[admin@mail.com]; time=[4ms]
2025-10-12 17:56:45 [http-nio-8081-exec-7] DEBUG o.s.w.f.CommonsRequestLoggingFilter - After request [GET /api/integration-mappings/mapping-types, client=0:0:0:0:0:0:0:1, user=admin@mail.com]
2025-10-12 17:56:45 [http-nio-8081-exec-10] DEBUG o.s.w.f.CommonsRequestLoggingFilter - Before request [GET /api/integrated-apis?size=1000&isActive=true, client=0:0:0:0:0:0:0:1, user=admin@mail.com]
2025-10-12 17:56:45 [http-nio-8081-exec-10] DEBUG o.s.web.servlet.DispatcherServlet - GET "/api/integrated-apis?size=1000&isActive=true", parameters={masked}
2025-10-12 17:56:45 [http-nio-8081-exec-10] DEBUG o.s.w.s.m.m.a.RequestMappingHandlerMapping - Mapped to com.middleware.backend.kaotocamel.controller.IntegratedApiController#findAll(String, String, String, String, String, Boolean, String, LocalDateTime, LocalDateTime, LocalDateTime, LocalDateTime, String, Long, Long, int, int, String[])
2025-10-12 17:56:45 [http-nio-8081-exec-10] INFO  c.m.b.k.c.IntegratedApiController - === SORTING DEBUG ===
2025-10-12 17:56:45 [http-nio-8081-exec-10] INFO  c.m.b.k.c.IntegratedApiController - Received sort array: [id, desc]
2025-10-12 17:56:45 [http-nio-8081-exec-10] INFO  c.m.b.k.c.IntegratedApiController - Sort array length: 2
2025-10-12 17:56:45 [http-nio-8081-exec-10] INFO  c.m.b.k.c.IntegratedApiController - sort[0] = 'id'
2025-10-12 17:56:45 [http-nio-8081-exec-10] INFO  c.m.b.k.c.IntegratedApiController - sort[1] = 'desc'
2025-10-12 17:56:45 [http-nio-8081-exec-10] DEBUG c.m.b.k.c.IntegratedApiController - Received sort params: [id, desc]
2025-10-12 17:56:45 [http-nio-8081-exec-10] DEBUG c.m.b.k.c.IntegratedApiController - Handling separated params - field: 'id', direction: 'desc'
2025-10-12 17:56:45 [http-nio-8081-exec-10] DEBUG c.m.b.k.c.IntegratedApiController - Added separated sort order: id DESC
2025-10-12 17:56:45 [http-nio-8081-exec-10] DEBUG c.m.b.k.c.IntegratedApiController - Final sort object: id: DESC
2025-10-12 17:56:45 [http-nio-8081-exec-10] INFO  c.m.b.k.c.IntegratedApiController - Final Sort object: id: DESC
2025-10-12 17:56:45 [http-nio-8081-exec-10] INFO  c.m.b.k.c.IntegratedApiController - === END SORTING DEBUG ===
2025-10-12 17:56:45 [http-nio-8081-exec-10] INFO  c.m.b.k.c.IntegratedApiController - Pageable: Page request [number: 0, size 1000, sort: id: DESC]
2025-10-12 17:56:45 [http-nio-8081-exec-2] DEBUG o.s.w.f.CommonsRequestLoggingFilter - Before request [GET /api/integration-mappings/middleware-apis, client=0:0:0:0:0:0:0:1, user=admin@mail.com]
2025-10-12 17:56:45 [http-nio-8081-exec-2] DEBUG o.s.web.servlet.DispatcherServlet - GET "/api/integration-mappings/middleware-apis", parameters={}
2025-10-12 17:56:45 [http-nio-8081-exec-2] DEBUG o.s.w.s.m.m.a.RequestMappingHandlerMapping - Mapped to com.middleware.backend.kaotocamel.controller.IntegrationMappingAdminController#getMiddlewareApis()
2025-10-12 17:56:45 [http-nio-8081-exec-8] DEBUG c.m.b.k.s.IntegrationMappingService - Searching with advanced filters - middlewareApi: null, integratedApiId: null, mappingType: null
2025-10-12 17:56:45 [http-nio-8081-exec-8] DEBUG c.m.b.k.s.IntegrationMappingService - Found 10 results out of 11 total
2025-10-12 17:56:45 [http-nio-8081-exec-8] DEBUG o.s.w.s.m.m.a.HttpEntityMethodProcessor - Using 'application/json', given [application/json] and supported [application/json, application/*+json, application/yaml]
2025-10-12 17:56:45 [http-nio-8081-exec-8] DEBUG o.s.w.s.m.m.a.HttpEntityMethodProcessor - Writing [Page 1 of 2 containing com.middleware.backend.kaotocamel.dto.IntegrationMappingDto instances]
2025-10-12 17:56:45 [http-nio-8081-exec-8] DEBUG o.s.web.servlet.DispatcherServlet - Completed 200 OK
2025-10-12 17:56:45 [http-nio-8081-exec-8] DEBUG o.a.camel.spring.SpringCamelContext - onApplicationEvent: ServletRequestHandledEvent: url=[/api/integration-mappings]; client=[0:0:0:0:0:0:0:1]; method=[GET]; status=[200]; servlet=[dispatcherServlet]; session=[null]; user=[admin@mail.com]; time=[239ms]
2025-10-12 17:56:45 [http-nio-8081-exec-8] DEBUG o.s.w.f.CommonsRequestLoggingFilter - After request [GET /api/integration-mappings?page=0&size=10, client=0:0:0:0:0:0:0:1, user=admin@mail.com]
2025-10-12 17:56:45 [http-nio-8081-exec-10] DEBUG o.s.w.s.m.m.a.HttpEntityMethodProcessor - Using 'application/json', given [application/json] and supported [application/json, application/*+json, application/yaml]
2025-10-12 17:56:45 [http-nio-8081-exec-10] DEBUG o.s.w.s.m.m.a.HttpEntityMethodProcessor - Writing [Page 1 of 1 containing com.middleware.backend.kaotocamel.dto.IntegratedApiDto instances]
2025-10-12 17:56:45 [http-nio-8081-exec-10] DEBUG o.s.web.servlet.DispatcherServlet - Completed 200 OK
2025-10-12 17:56:45 [http-nio-8081-exec-10] DEBUG o.a.camel.spring.SpringCamelContext - onApplicationEvent: ServletRequestHandledEvent: url=[/api/integrated-apis]; client=[0:0:0:0:0:0:0:1]; method=[GET]; status=[200]; servlet=[dispatcherServlet]; session=[null]; user=[admin@mail.com]; time=[223ms]
2025-10-12 17:56:45 [http-nio-8081-exec-10] DEBUG o.s.w.f.CommonsRequestLoggingFilter - After request [GET /api/integrated-apis?size=1000&isActive=true, client=0:0:0:0:0:0:0:1, user=admin@mail.com]
2025-10-12 17:56:45 [http-nio-8081-exec-2] INFO  c.m.b.k.c.IntegrationMappingAdminController - Found 2 distinct middleware APIs
2025-10-12 17:56:45 [http-nio-8081-exec-2] DEBUG o.s.w.s.m.m.a.HttpEntityMethodProcessor - Using 'application/json', given [application/json] and supported [application/json, application/*+json, application/yaml]
2025-10-12 17:56:45 [http-nio-8081-exec-2] DEBUG o.s.w.s.m.m.a.HttpEntityMethodProcessor - Writing [[/healthmap, /healthmapATTR]]
2025-10-12 17:56:45 [http-nio-8081-exec-2] DEBUG o.s.web.servlet.DispatcherServlet - Completed 200 OK
2025-10-12 17:56:45 [http-nio-8081-exec-2] DEBUG o.a.camel.spring.SpringCamelContext - onApplicationEvent: ServletRequestHandledEvent: url=[/api/integration-mappings/middleware-apis]; client=[0:0:0:0:0:0:0:1]; method=[GET]; status=[200]; servlet=[dispatcherServlet]; session=[null]; user=[admin@mail.com]; time=[225ms]
2025-10-12 17:56:45 [http-nio-8081-exec-2] DEBUG o.s.w.f.CommonsRequestLoggingFilter - After request [GET /api/integration-mappings/middleware-apis, client=0:0:0:0:0:0:0:1, user=admin@mail.com]
2025-10-12 17:56:54 [http-nio-8081-exec-1] INFO  c.m.b.k.service.DynamicRouteService - Fetching active routes with pagination
2025-10-12 17:56:55 [http-nio-8081-exec-1] DEBUG o.s.w.f.CommonsRequestLoggingFilter - Before request [GET /api/integration-mappings/1, client=0:0:0:0:0:0:0:1, user=admin@mail.com]
2025-10-12 17:56:55 [http-nio-8081-exec-1] DEBUG o.s.web.servlet.DispatcherServlet - GET "/api/integration-mappings/1", parameters={}
2025-10-12 17:56:55 [http-nio-8081-exec-1] DEBUG o.s.w.s.m.m.a.RequestMappingHandlerMapping - Mapped to com.middleware.backend.kaotocamel.controller.IntegrationMappingAdminController#findById(Long)
2025-10-12 17:56:55 [http-nio-8081-exec-1] DEBUG o.s.w.s.m.m.a.HttpEntityMethodProcessor - Using 'application/json', given [application/json] and supported [application/json, application/*+json, application/yaml]
2025-10-12 17:56:55 [http-nio-8081-exec-1] DEBUG o.s.w.s.m.m.a.HttpEntityMethodProcessor - Writing [IntegrationMappingDto(id=1, middlewareApiName=/healthmap, integratedApiId=1, integratedApiCode=HEALT (truncated)...]
2025-10-12 17:56:55 [http-nio-8081-exec-1] DEBUG o.s.web.servlet.DispatcherServlet - Completed 200 OK
2025-10-12 17:56:55 [http-nio-8081-exec-1] DEBUG o.a.camel.spring.SpringCamelContext - onApplicationEvent: ServletRequestHandledEvent: url=[/api/integration-mappings/1]; client=[0:0:0:0:0:0:0:1]; method=[GET]; status=[200]; servlet=[dispatcherServlet]; session=[null]; user=[admin@mail.com]; time=[196ms]
2025-10-12 17:56:55 [http-nio-8081-exec-1] DEBUG o.s.w.f.CommonsRequestLoggingFilter - After request [GET /api/integration-mappings/1, client=0:0:0:0:0:0:0:1, user=admin@mail.com]
2025-10-12 17:57:04 [scheduling-1] INFO  c.m.b.k.service.DynamicRouteService - Starting route status sync with Camel context
2025-10-12 17:57:04 [scheduling-1] INFO  c.m.b.k.service.DynamicRouteService - Completed route status sync
2025-10-12 17:57:34 [scheduling-1] INFO  c.m.b.k.service.DynamicRouteService - Starting route status sync with Camel context
2025-10-12 17:57:34 [scheduling-1] INFO  c.m.b.k.service.DynamicRouteService - Completed route status sync
2025-10-12 17:58:04 [scheduling-1] INFO  c.m.b.k.service.DynamicRouteService - Starting route status sync with Camel context
2025-10-12 17:58:04 [scheduling-1] INFO  c.m.b.k.service.DynamicRouteService - Completed route status sync
2025-10-12 17:58:10 [http-nio-8081-exec-7] INFO  c.m.b.k.service.DynamicRouteService - Fetching active routes with pagination
2025-10-12 17:58:10 [http-nio-8081-exec-7] DEBUG o.s.w.f.CommonsRequestLoggingFilter - Before request [GET /api/integration-mappings/1, client=0:0:0:0:0:0:0:1, user=admin@mail.com]
2025-10-12 17:58:10 [http-nio-8081-exec-7] DEBUG o.s.web.servlet.DispatcherServlet - GET "/api/integration-mappings/1", parameters={}
2025-10-12 17:58:10 [http-nio-8081-exec-7] DEBUG o.s.w.s.m.m.a.RequestMappingHandlerMapping - Mapped to com.middleware.backend.kaotocamel.controller.IntegrationMappingAdminController#findById(Long)
2025-10-12 17:58:11 [http-nio-8081-exec-7] DEBUG o.s.w.s.m.m.a.HttpEntityMethodProcessor - Using 'application/json', given [application/json] and supported [application/json, application/*+json, application/yaml]
2025-10-12 17:58:11 [http-nio-8081-exec-7] DEBUG o.s.w.s.m.m.a.HttpEntityMethodProcessor - Writing [IntegrationMappingDto(id=1, middlewareApiName=/healthmap, integratedApiId=1, integratedApiCode=HEALT (truncated)...]
2025-10-12 17:58:11 [http-nio-8081-exec-7] DEBUG o.s.web.servlet.DispatcherServlet - Completed 200 OK
2025-10-12 17:58:11 [http-nio-8081-exec-7] DEBUG o.a.camel.spring.SpringCamelContext - onApplicationEvent: ServletRequestHandledEvent: url=[/api/integration-mappings/1]; client=[0:0:0:0:0:0:0:1]; method=[GET]; status=[200]; servlet=[dispatcherServlet]; session=[null]; user=[admin@mail.com]; time=[200ms]
2025-10-12 17:58:11 [http-nio-8081-exec-7] DEBUG o.s.w.f.CommonsRequestLoggingFilter - After request [GET /api/integration-mappings/1, client=0:0:0:0:0:0:0:1, user=admin@mail.com]
2025-10-12 17:58:34 [scheduling-1] INFO  c.m.b.k.service.DynamicRouteService - Starting route status sync with Camel context
2025-10-12 17:58:34 [scheduling-1] INFO  c.m.b.k.service.DynamicRouteService - Completed route status sync
2025-10-12 17:58:37 [http-nio-8081-exec-8] INFO  c.m.b.k.service.DynamicRouteService - Fetching active routes with pagination
2025-10-12 17:58:38 [http-nio-8081-exec-8] DEBUG o.s.w.f.CommonsRequestLoggingFilter - Before request [GET /api/integration-mappings/1, client=0:0:0:0:0:0:0:1, user=admin@mail.com]
2025-10-12 17:58:38 [http-nio-8081-exec-8] DEBUG o.s.web.servlet.DispatcherServlet - GET "/api/integration-mappings/1", parameters={}
2025-10-12 17:58:38 [http-nio-8081-exec-8] DEBUG o.s.w.s.m.m.a.RequestMappingHandlerMapping - Mapped to com.middleware.backend.kaotocamel.controller.IntegrationMappingAdminController#findById(Long)
2025-10-12 17:58:38 [http-nio-8081-exec-8] DEBUG o.s.w.s.m.m.a.HttpEntityMethodProcessor - Using 'application/json', given [application/json] and supported [application/json, application/*+json, application/yaml]
2025-10-12 17:58:38 [http-nio-8081-exec-8] DEBUG o.s.w.s.m.m.a.HttpEntityMethodProcessor - Writing [IntegrationMappingDto(id=1, middlewareApiName=/healthmap, integratedApiId=1, integratedApiCode=HEALT (truncated)...]
2025-10-12 17:58:38 [http-nio-8081-exec-8] DEBUG o.s.web.servlet.DispatcherServlet - Completed 200 OK
2025-10-12 17:58:38 [http-nio-8081-exec-8] DEBUG o.a.camel.spring.SpringCamelContext - onApplicationEvent: ServletRequestHandledEvent: url=[/api/integration-mappings/1]; client=[0:0:0:0:0:0:0:1]; method=[GET]; status=[200]; servlet=[dispatcherServlet]; session=[null]; user=[admin@mail.com]; time=[217ms]
2025-10-12 17:58:38 [http-nio-8081-exec-8] DEBUG o.s.w.f.CommonsRequestLoggingFilter - After request [GET /api/integration-mappings/1, client=0:0:0:0:0:0:0:1, user=admin@mail.com]
2025-10-12 17:59:04 [scheduling-1] INFO  c.m.b.k.service.DynamicRouteService - Starting route status sync with Camel context
2025-10-12 17:59:04 [scheduling-1] INFO  c.m.b.k.service.DynamicRouteService - Completed route status sync
2025-10-12 17:59:34 [scheduling-1] INFO  c.m.b.k.service.DynamicRouteService - Starting route status sync with Camel context
2025-10-12 17:59:34 [scheduling-1] INFO  c.m.b.k.service.DynamicRouteService - Completed route status sync
2025-10-12 18:00:04 [scheduling-1] INFO  c.m.b.k.service.DynamicRouteService - Starting route status sync with Camel context
2025-10-12 18:00:04 [scheduling-1] INFO  c.m.b.k.service.DynamicRouteService - Completed route status sync
2025-10-12 18:00:34 [scheduling-1] INFO  c.m.b.k.service.DynamicRouteService - Starting route status sync with Camel context
2025-10-12 18:00:34 [scheduling-1] INFO  c.m.b.k.service.DynamicRouteService - Completed route status sync
2025-10-12 18:01:04 [scheduling-1] INFO  c.m.b.k.service.DynamicRouteService - Starting route status sync with Camel context
2025-10-12 18:01:04 [scheduling-1] INFO  c.m.b.k.service.DynamicRouteService - Completed route status sync
2025-10-12 18:01:34 [scheduling-1] INFO  c.m.b.k.service.DynamicRouteService - Starting route status sync with Camel context
2025-10-12 18:01:34 [scheduling-1] INFO  c.m.b.k.service.DynamicRouteService - Completed route status sync
2025-10-12 18:02:04 [scheduling-1] INFO  c.m.b.k.service.DynamicRouteService - Starting route status sync with Camel context
2025-10-12 18:02:04 [scheduling-1] INFO  c.m.b.k.service.DynamicRouteService - Completed route status sync
2025-10-12 18:02:34 [scheduling-1] INFO  c.m.b.k.service.DynamicRouteService - Starting route status sync with Camel context
2025-10-12 18:02:34 [scheduling-1] INFO  c.m.b.k.service.DynamicRouteService - Completed route status sync
2025-10-12 18:03:04 [scheduling-1] INFO  c.m.b.k.service.DynamicRouteService - Starting route status sync with Camel context
2025-10-12 18:03:04 [scheduling-1] INFO  c.m.b.k.service.DynamicRouteService - Completed route status sync
2025-10-12 18:03:34 [scheduling-1] INFO  c.m.b.k.service.DynamicRouteService - Starting route status sync with Camel context
2025-10-12 18:03:34 [scheduling-1] INFO  c.m.b.k.service.DynamicRouteService - Completed route status sync
2025-10-12 18:04:04 [scheduling-1] INFO  c.m.b.k.service.DynamicRouteService - Starting route status sync with Camel context
2025-10-12 18:04:04 [scheduling-1] INFO  c.m.b.k.service.DynamicRouteService - Completed route status sync
2025-10-12 18:04:09 [http-nio-8081-exec-1] INFO  c.m.b.k.service.DynamicRouteService - Fetching active routes with pagination
2025-10-12 18:04:09 [http-nio-8081-exec-5] INFO  c.m.b.k.service.DynamicRouteService - Fetching active routes with pagination
2025-10-12 18:04:09 [http-nio-8081-exec-10] INFO  c.m.b.k.service.DynamicRouteService - Fetching active routes with pagination
2025-10-12 18:04:10 [http-nio-8081-exec-1] DEBUG o.s.w.f.CommonsRequestLoggingFilter - Before request [GET /api/integration-mappings/middleware-apis, client=0:0:0:0:0:0:0:1, user=admin@mail.com]
2025-10-12 18:04:10 [http-nio-8081-exec-1] DEBUG o.s.web.servlet.DispatcherServlet - GET "/api/integration-mappings/middleware-apis", parameters={}
2025-10-12 18:04:10 [http-nio-8081-exec-1] DEBUG o.s.w.s.m.m.a.RequestMappingHandlerMapping - Mapped to com.middleware.backend.kaotocamel.controller.IntegrationMappingAdminController#getMiddlewareApis()
2025-10-12 18:04:10 [http-nio-8081-exec-5] DEBUG o.s.w.f.CommonsRequestLoggingFilter - Before request [GET /api/integrated-apis/systems, client=0:0:0:0:0:0:0:1, user=admin@mail.com]
2025-10-12 18:04:10 [http-nio-8081-exec-5] DEBUG o.s.web.servlet.DispatcherServlet - GET "/api/integrated-apis/systems", parameters={}
2025-10-12 18:04:10 [http-nio-8081-exec-5] DEBUG o.s.w.s.m.m.a.RequestMappingHandlerMapping - Mapped to com.middleware.backend.kaotocamel.controller.IntegratedApiController#getIntegratedSystems()
2025-10-12 18:04:10 [http-nio-8081-exec-10] DEBUG o.s.w.f.CommonsRequestLoggingFilter - Before request [GET /api/integrated-apis?page=0&size=10, client=0:0:0:0:0:0:0:1, user=admin@mail.com]
2025-10-12 18:04:10 [http-nio-8081-exec-10] DEBUG o.s.web.servlet.DispatcherServlet - GET "/api/integrated-apis?page=0&size=10", parameters={masked}
2025-10-12 18:04:10 [http-nio-8081-exec-10] DEBUG o.s.w.s.m.m.a.RequestMappingHandlerMapping - Mapped to com.middleware.backend.kaotocamel.controller.IntegratedApiController#findAll(String, String, String, String, String, Boolean, String, LocalDateTime, LocalDateTime, LocalDateTime, LocalDateTime, String, Long, Long, int, int, String[])
2025-10-12 18:04:10 [http-nio-8081-exec-10] INFO  c.m.b.k.c.IntegratedApiController - === SORTING DEBUG ===
2025-10-12 18:04:10 [http-nio-8081-exec-10] INFO  c.m.b.k.c.IntegratedApiController - Received sort array: [id, desc]
2025-10-12 18:04:10 [http-nio-8081-exec-10] INFO  c.m.b.k.c.IntegratedApiController - Sort array length: 2
2025-10-12 18:04:10 [http-nio-8081-exec-10] INFO  c.m.b.k.c.IntegratedApiController - sort[0] = 'id'
2025-10-12 18:04:10 [http-nio-8081-exec-10] INFO  c.m.b.k.c.IntegratedApiController - sort[1] = 'desc'
2025-10-12 18:04:10 [http-nio-8081-exec-10] DEBUG c.m.b.k.c.IntegratedApiController - Received sort params: [id, desc]
2025-10-12 18:04:10 [http-nio-8081-exec-10] DEBUG c.m.b.k.c.IntegratedApiController - Handling separated params - field: 'id', direction: 'desc'
2025-10-12 18:04:10 [http-nio-8081-exec-10] DEBUG c.m.b.k.c.IntegratedApiController - Added separated sort order: id DESC
2025-10-12 18:04:10 [http-nio-8081-exec-10] DEBUG c.m.b.k.c.IntegratedApiController - Final sort object: id: DESC
2025-10-12 18:04:10 [http-nio-8081-exec-10] INFO  c.m.b.k.c.IntegratedApiController - Final Sort object: id: DESC
2025-10-12 18:04:10 [http-nio-8081-exec-10] INFO  c.m.b.k.c.IntegratedApiController - === END SORTING DEBUG ===
2025-10-12 18:04:10 [http-nio-8081-exec-10] INFO  c.m.b.k.c.IntegratedApiController - Pageable: Page request [number: 0, size 10, sort: id: DESC]
2025-10-12 18:04:10 [http-nio-8081-exec-1] INFO  c.m.b.k.c.IntegrationMappingAdminController - Found 2 distinct middleware APIs
2025-10-12 18:04:10 [http-nio-8081-exec-1] DEBUG o.s.w.s.m.m.a.HttpEntityMethodProcessor - Using 'application/json', given [application/json] and supported [application/json, application/*+json, application/yaml]
2025-10-12 18:04:10 [http-nio-8081-exec-1] DEBUG o.s.w.s.m.m.a.HttpEntityMethodProcessor - Writing [[/healthmap, /healthmapATTR]]
2025-10-12 18:04:10 [http-nio-8081-exec-1] DEBUG o.s.web.servlet.DispatcherServlet - Completed 200 OK
2025-10-12 18:04:10 [http-nio-8081-exec-1] DEBUG o.a.camel.spring.SpringCamelContext - onApplicationEvent: ServletRequestHandledEvent: url=[/api/integration-mappings/middleware-apis]; client=[0:0:0:0:0:0:0:1]; method=[GET]; status=[200]; servlet=[dispatcherServlet]; session=[null]; user=[admin@mail.com]; time=[241ms]
2025-10-12 18:04:10 [http-nio-8081-exec-1] DEBUG o.s.w.f.CommonsRequestLoggingFilter - After request [GET /api/integration-mappings/middleware-apis, client=0:0:0:0:0:0:0:1, user=admin@mail.com]
2025-10-12 18:04:10 [http-nio-8081-exec-5] DEBUG o.s.w.s.m.m.a.HttpEntityMethodProcessor - Using 'application/json', given [application/json] and supported [application/json, application/*+json, application/yaml]
2025-10-12 18:04:10 [http-nio-8081-exec-5] DEBUG o.s.w.s.m.m.a.HttpEntityMethodProcessor - Writing [[DHIS2.2]]
2025-10-12 18:04:10 [http-nio-8081-exec-5] DEBUG o.s.web.servlet.DispatcherServlet - Completed 200 OK
2025-10-12 18:04:10 [http-nio-8081-exec-5] DEBUG o.a.camel.spring.SpringCamelContext - onApplicationEvent: ServletRequestHandledEvent: url=[/api/integrated-apis/systems]; client=[0:0:0:0:0:0:0:1]; method=[GET]; status=[200]; servlet=[dispatcherServlet]; session=[null]; user=[admin@mail.com]; time=[245ms]
2025-10-12 18:04:10 [http-nio-8081-exec-5] DEBUG o.s.w.f.CommonsRequestLoggingFilter - After request [GET /api/integrated-apis/systems, client=0:0:0:0:0:0:0:1, user=admin@mail.com]
2025-10-12 18:04:10 [http-nio-8081-exec-10] DEBUG o.s.w.s.m.m.a.HttpEntityMethodProcessor - Using 'application/json', given [application/json] and supported [application/json, application/*+json, application/yaml]
2025-10-12 18:04:10 [http-nio-8081-exec-10] DEBUG o.s.w.s.m.m.a.HttpEntityMethodProcessor - Writing [Page 1 of 1 containing com.middleware.backend.kaotocamel.dto.IntegratedApiDto instances]
2025-10-12 18:04:10 [http-nio-8081-exec-10] DEBUG o.s.web.servlet.DispatcherServlet - Completed 200 OK
2025-10-12 18:04:10 [http-nio-8081-exec-10] DEBUG o.a.camel.spring.SpringCamelContext - onApplicationEvent: ServletRequestHandledEvent: url=[/api/integrated-apis]; client=[0:0:0:0:0:0:0:1]; method=[GET]; status=[200]; servlet=[dispatcherServlet]; session=[null]; user=[admin@mail.com]; time=[257ms]
2025-10-12 18:04:10 [http-nio-8081-exec-10] DEBUG o.s.w.f.CommonsRequestLoggingFilter - After request [GET /api/integrated-apis?page=0&size=10, client=0:0:0:0:0:0:0:1, user=admin@mail.com]
2025-10-12 18:04:34 [scheduling-1] INFO  c.m.b.k.service.DynamicRouteService - Starting route status sync with Camel context
2025-10-12 18:04:34 [scheduling-1] INFO  c.m.b.k.service.DynamicRouteService - Completed route status sync
2025-10-12 18:04:39 [http-nio-8081-exec-6] INFO  c.m.b.k.service.DynamicRouteService - Fetching active routes with pagination
2025-10-12 18:04:40 [http-nio-8081-exec-6] DEBUG o.s.w.f.CommonsRequestLoggingFilter - Before request [GET /api/integration-mappings/export/EXCEL, client=0:0:0:0:0:0:0:1, user=admin@mail.com]
2025-10-12 18:04:40 [http-nio-8081-exec-6] DEBUG o.s.web.servlet.DispatcherServlet - GET "/api/integration-mappings/export/EXCEL", parameters={}
2025-10-12 18:04:40 [http-nio-8081-exec-6] DEBUG o.s.w.s.m.m.a.RequestMappingHandlerMapping - Mapped to com.middleware.backend.kaotocamel.controller.IntegrationMappingAdminController#exportFile(String, Long, String, String, String, String, String, Boolean, String, LocalDateTime, LocalDateTime, LocalDateTime, LocalDateTime, String, Long, Long, String, String, String)
2025-10-12 18:04:44 [http-nio-8081-exec-6] DEBUG o.s.w.s.m.m.a.HttpEntityMethodProcessor - Found 'Content-Type:application/vnd.openxmlformats-officedocument.spreadsheetml.sheet' in response
2025-10-12 18:04:44 [http-nio-8081-exec-6] DEBUG o.s.w.s.m.m.a.HttpEntityMethodProcessor - Writing [{80, 75, 3, 4, 20, 0, 8, 8, 8, 0, -106, -112, 76, 91, 0, 0, 0, 0, 0, 0, 0, 0, 0, 0, 0, 0, 19, 0, 0,  (truncated)...]
2025-10-12 18:04:44 [http-nio-8081-exec-6] DEBUG o.s.web.servlet.DispatcherServlet - Completed 200 OK
2025-10-12 18:04:44 [http-nio-8081-exec-6] DEBUG o.a.camel.spring.SpringCamelContext - onApplicationEvent: ServletRequestHandledEvent: url=[/api/integration-mappings/export/EXCEL]; client=[0:0:0:0:0:0:0:1]; method=[GET]; status=[200]; servlet=[dispatcherServlet]; session=[null]; user=[admin@mail.com]; time=[3929ms]
2025-10-12 18:04:44 [http-nio-8081-exec-6] DEBUG o.s.w.f.CommonsRequestLoggingFilter - After request [GET /api/integration-mappings/export/EXCEL, client=0:0:0:0:0:0:0:1, user=admin@mail.com]
2025-10-12 18:05:04 [http-nio-8081-exec-3] INFO  c.m.b.k.service.DynamicRouteService - Fetching active routes with pagination
2025-10-12 18:05:04 [scheduling-1] INFO  c.m.b.k.service.DynamicRouteService - Starting route status sync with Camel context
2025-10-12 18:05:04 [scheduling-1] INFO  c.m.b.k.service.DynamicRouteService - Completed route status sync
2025-10-12 18:05:05 [http-nio-8081-exec-3] DEBUG o.s.w.f.CommonsRequestLoggingFilter - Before request [GET /api/integration-mappings/1, client=0:0:0:0:0:0:0:1, user=admin@mail.com]
2025-10-12 18:05:05 [http-nio-8081-exec-3] DEBUG o.s.web.servlet.DispatcherServlet - GET "/api/integration-mappings/1", parameters={}
2025-10-12 18:05:05 [http-nio-8081-exec-3] DEBUG o.s.w.s.m.m.a.RequestMappingHandlerMapping - Mapped to com.middleware.backend.kaotocamel.controller.IntegrationMappingAdminController#findById(Long)
2025-10-12 18:05:05 [http-nio-8081-exec-3] DEBUG o.s.w.s.m.m.a.HttpEntityMethodProcessor - Using 'application/json', given [application/json] and supported [application/json, application/*+json, application/yaml]
2025-10-12 18:05:05 [http-nio-8081-exec-3] DEBUG o.s.w.s.m.m.a.HttpEntityMethodProcessor - Writing [IntegrationMappingDto(id=1, middlewareApiName=/healthmap, integratedApiId=1, integratedApiCode=HEALT (truncated)...]
2025-10-12 18:05:05 [http-nio-8081-exec-3] DEBUG o.s.web.servlet.DispatcherServlet - Completed 200 OK
2025-10-12 18:05:05 [http-nio-8081-exec-3] DEBUG o.a.camel.spring.SpringCamelContext - onApplicationEvent: ServletRequestHandledEvent: url=[/api/integration-mappings/1]; client=[0:0:0:0:0:0:0:1]; method=[GET]; status=[200]; servlet=[dispatcherServlet]; session=[null]; user=[admin@mail.com]; time=[236ms]
2025-10-12 18:05:05 [http-nio-8081-exec-3] DEBUG o.s.w.f.CommonsRequestLoggingFilter - After request [GET /api/integration-mappings/1, client=0:0:0:0:0:0:0:1, user=admin@mail.com]
2025-10-12 18:05:34 [scheduling-1] INFO  c.m.b.k.service.DynamicRouteService - Starting route status sync with Camel context
2025-10-12 18:05:34 [scheduling-1] INFO  c.m.b.k.service.DynamicRouteService - Completed route status sync
2025-10-12 18:06:04 [scheduling-1] INFO  c.m.b.k.service.DynamicRouteService - Starting route status sync with Camel context
2025-10-12 18:06:04 [scheduling-1] INFO  c.m.b.k.service.DynamicRouteService - Completed route status sync
2025-10-12 18:06:34 [scheduling-1] INFO  c.m.b.k.service.DynamicRouteService - Starting route status sync with Camel context
2025-10-12 18:06:34 [scheduling-1] INFO  c.m.b.k.service.DynamicRouteService - Completed route status sync
2025-10-12 18:07:04 [scheduling-1] INFO  c.m.b.k.service.DynamicRouteService - Starting route status sync with Camel context
2025-10-12 18:07:04 [scheduling-1] INFO  c.m.b.k.service.DynamicRouteService - Completed route status sync
2025-10-12 18:07:34 [scheduling-1] INFO  c.m.b.k.service.DynamicRouteService - Starting route status sync with Camel context
2025-10-12 18:07:34 [scheduling-1] INFO  c.m.b.k.service.DynamicRouteService - Completed route status sync
2025-10-12 18:08:04 [scheduling-1] INFO  c.m.b.k.service.DynamicRouteService - Starting route status sync with Camel context
2025-10-12 18:08:04 [scheduling-1] INFO  c.m.b.k.service.DynamicRouteService - Completed route status sync
2025-10-12 18:08:34 [scheduling-1] INFO  c.m.b.k.service.DynamicRouteService - Starting route status sync with Camel context
2025-10-12 18:08:34 [scheduling-1] INFO  c.m.b.k.service.DynamicRouteService - Completed route status sync
2025-10-12 18:08:42 [http-nio-8081-exec-1] INFO  c.m.b.k.service.DynamicRouteService - Fetching active routes with pagination
2025-10-12 18:08:42 [http-nio-8081-exec-1] DEBUG o.s.w.f.CommonsRequestLoggingFilter - Before request [GET /api/integration-mappings/2, client=0:0:0:0:0:0:0:1, user=admin@mail.com]
2025-10-12 18:08:42 [http-nio-8081-exec-1] DEBUG o.s.web.servlet.DispatcherServlet - GET "/api/integration-mappings/2", parameters={}
2025-10-12 18:08:42 [http-nio-8081-exec-1] DEBUG o.s.w.s.m.m.a.RequestMappingHandlerMapping - Mapped to com.middleware.backend.kaotocamel.controller.IntegrationMappingAdminController#findById(Long)
2025-10-12 18:08:42 [http-nio-8081-exec-1] DEBUG o.s.w.s.m.m.a.HttpEntityMethodProcessor - Using 'application/json', given [application/json] and supported [application/json, application/*+json, application/yaml]
2025-10-12 18:08:42 [http-nio-8081-exec-1] DEBUG o.s.w.s.m.m.a.HttpEntityMethodProcessor - Writing [IntegrationMappingDto(id=2, middlewareApiName=/healthmap, integratedApiId=1, integratedApiCode=HEALT (truncated)...]
2025-10-12 18:08:42 [http-nio-8081-exec-1] DEBUG o.s.web.servlet.DispatcherServlet - Completed 200 OK
2025-10-12 18:08:42 [http-nio-8081-exec-1] DEBUG o.a.camel.spring.SpringCamelContext - onApplicationEvent: ServletRequestHandledEvent: url=[/api/integration-mappings/2]; client=[0:0:0:0:0:0:0:1]; method=[GET]; status=[200]; servlet=[dispatcherServlet]; session=[null]; user=[admin@mail.com]; time=[194ms]
2025-10-12 18:08:42 [http-nio-8081-exec-1] DEBUG o.s.w.f.CommonsRequestLoggingFilter - After request [GET /api/integration-mappings/2, client=0:0:0:0:0:0:0:1, user=admin@mail.com]
2025-10-12 18:09:04 [scheduling-1] INFO  c.m.b.k.service.DynamicRouteService - Starting route status sync with Camel context
2025-10-12 18:09:04 [scheduling-1] INFO  c.m.b.k.service.DynamicRouteService - Completed route status sync
2025-10-12 18:09:34 [scheduling-1] INFO  c.m.b.k.service.DynamicRouteService - Starting route status sync with Camel context
2025-10-12 18:09:34 [scheduling-1] INFO  c.m.b.k.service.DynamicRouteService - Completed route status sync
2025-10-12 18:09:46 [http-nio-8081-exec-4] INFO  c.m.b.k.service.DynamicRouteService - Fetching active routes with pagination
2025-10-12 18:09:46 [http-nio-8081-exec-4] DEBUG o.s.w.f.CommonsRequestLoggingFilter - Before request [GET /api/integration-mappings?page=0&size=10&middlewareApiName=%2Fhealthmap, client=0:0:0:0:0:0:0:1, user=admin@mail.com]
2025-10-12 18:09:46 [http-nio-8081-exec-4] DEBUG o.s.web.servlet.DispatcherServlet - GET "/api/integration-mappings?page=0&size=10&middlewareApiName=%2Fhealthmap", parameters={masked}
2025-10-12 18:09:46 [http-nio-8081-exec-4] DEBUG o.s.w.s.m.m.a.RequestMappingHandlerMapping - Mapped to com.middleware.backend.kaotocamel.controller.IntegrationMappingAdminController#findAll(String, Long, String, String, String, String, String, Boolean, String, LocalDateTime, LocalDateTime, LocalDateTime, LocalDateTime, String, Long, Long, String, String, int, int)
2025-10-12 18:09:46 [http-nio-8081-exec-4] INFO  c.m.b.k.c.IntegrationMappingAdminController - Final sort: id: ASC
2025-10-12 18:09:46 [http-nio-8081-exec-4] DEBUG c.m.b.k.s.IntegrationMappingService - Searching with advanced filters - middlewareApi: /healthmap, integratedApiId: null, mappingType: null
2025-10-12 18:09:47 [http-nio-8081-exec-4] DEBUG c.m.b.k.s.IntegrationMappingService - Found 10 results out of 11 total
2025-10-12 18:09:47 [http-nio-8081-exec-4] DEBUG o.s.w.s.m.m.a.HttpEntityMethodProcessor - Using 'application/json', given [application/json] and supported [application/json, application/*+json, application/yaml]
2025-10-12 18:09:47 [http-nio-8081-exec-4] DEBUG o.s.w.s.m.m.a.HttpEntityMethodProcessor - Writing [Page 1 of 2 containing com.middleware.backend.kaotocamel.dto.IntegrationMappingDto instances]
2025-10-12 18:09:47 [http-nio-8081-exec-4] DEBUG o.s.web.servlet.DispatcherServlet - Completed 200 OK
2025-10-12 18:09:47 [http-nio-8081-exec-4] DEBUG o.a.camel.spring.SpringCamelContext - onApplicationEvent: ServletRequestHandledEvent: url=[/api/integration-mappings]; client=[0:0:0:0:0:0:0:1]; method=[GET]; status=[200]; servlet=[dispatcherServlet]; session=[null]; user=[admin@mail.com]; time=[241ms]
2025-10-12 18:09:47 [http-nio-8081-exec-4] DEBUG o.s.w.f.CommonsRequestLoggingFilter - After request [GET /api/integration-mappings?page=0&size=10&middlewareApiName=%2Fhealthmap, client=0:0:0:0:0:0:0:1, user=admin@mail.com]
2025-10-12 18:10:04 [scheduling-1] INFO  c.m.b.k.service.DynamicRouteService - Starting route status sync with Camel context
2025-10-12 18:10:04 [scheduling-1] INFO  c.m.b.k.service.DynamicRouteService - Completed route status sync
2025-10-12 18:10:25 [http-nio-8081-exec-3] INFO  c.m.b.k.service.DynamicRouteService - Fetching active routes with pagination
2025-10-12 18:10:25 [http-nio-8081-exec-3] DEBUG o.s.w.f.CommonsRequestLoggingFilter - Before request [GET /api/integration-mappings/3, client=0:0:0:0:0:0:0:1, user=admin@mail.com]
2025-10-12 18:10:25 [http-nio-8081-exec-3] DEBUG o.s.web.servlet.DispatcherServlet - GET "/api/integration-mappings/3", parameters={}
2025-10-12 18:10:25 [http-nio-8081-exec-3] DEBUG o.s.w.s.m.m.a.RequestMappingHandlerMapping - Mapped to com.middleware.backend.kaotocamel.controller.IntegrationMappingAdminController#findById(Long)
2025-10-12 18:10:25 [http-nio-8081-exec-3] DEBUG o.s.w.s.m.m.a.HttpEntityMethodProcessor - Using 'application/json', given [application/json] and supported [application/json, application/*+json, application/yaml]
2025-10-12 18:10:25 [http-nio-8081-exec-3] DEBUG o.s.w.s.m.m.a.HttpEntityMethodProcessor - Writing [IntegrationMappingDto(id=3, middlewareApiName=/healthmap, integratedApiId=1, integratedApiCode=HEALT (truncated)...]
2025-10-12 18:10:25 [http-nio-8081-exec-3] DEBUG o.s.web.servlet.DispatcherServlet - Completed 200 OK
2025-10-12 18:10:25 [http-nio-8081-exec-3] DEBUG o.a.camel.spring.SpringCamelContext - onApplicationEvent: ServletRequestHandledEvent: url=[/api/integration-mappings/3]; client=[0:0:0:0:0:0:0:1]; method=[GET]; status=[200]; servlet=[dispatcherServlet]; session=[null]; user=[admin@mail.com]; time=[200ms]
2025-10-12 18:10:25 [http-nio-8081-exec-3] DEBUG o.s.w.f.CommonsRequestLoggingFilter - After request [GET /api/integration-mappings/3, client=0:0:0:0:0:0:0:1, user=admin@mail.com]
2025-10-12 18:10:34 [scheduling-1] INFO  c.m.b.k.service.DynamicRouteService - Starting route status sync with Camel context
2025-10-12 18:10:34 [scheduling-1] INFO  c.m.b.k.service.DynamicRouteService - Completed route status sync
2025-10-12 18:11:04 [scheduling-1] INFO  c.m.b.k.service.DynamicRouteService - Starting route status sync with Camel context
2025-10-12 18:11:04 [scheduling-1] INFO  c.m.b.k.service.DynamicRouteService - Completed route status sync
2025-10-12 18:11:07 [http-nio-8081-exec-7] INFO  c.m.b.k.service.DynamicRouteService - Fetching active routes with pagination
2025-10-12 18:11:07 [http-nio-8081-exec-7] DEBUG o.s.w.f.CommonsRequestLoggingFilter - Before request [GET /api/middleware/healthmap?pe=202509&ou=FKE8yFr2PKg&_dhis2Code=DHIS2.2, client=0:0:0:0:0:0:0:1, user=admin@mail.com]
2025-10-12 18:11:07 [http-nio-8081-exec-7] DEBUG o.s.web.servlet.DispatcherServlet - GET "/api/middleware/healthmap?pe=202509&ou=FKE8yFr2PKg&_dhis2Code=DHIS2.2", parameters={masked}
2025-10-12 18:11:07 [http-nio-8081-exec-7] DEBUG o.s.w.s.m.m.a.RequestMappingHandlerMapping - Mapped to com.middleware.backend.kaotocamel.controller.MiddlewareController#processMiddlewareRequest(String, String, String, String)
2025-10-12 18:11:07 [http-nio-8081-exec-7] INFO  c.m.b.k.c.MiddlewareController - Processing middleware request - API: /healthmap, Period: 202509, OU: FKE8yFr2PKg, DHIS2: DHIS2.2
2025-10-12 18:11:07 [http-nio-8081-exec-7] INFO  c.m.b.k.s.MiddlewareProcessorService - Processing middleware request for API: /healthmap with period: 202509, ou: FKE8yFr2PKg
2025-10-12 18:11:07 [http-nio-8081-exec-7] INFO  c.m.b.k.s.MiddlewareProcessorService - Note: _dhis2Code parameter (DHIS2.2) is ignored - each API uses its own integratedSystem
2025-10-12 18:11:07 [http-nio-8081-exec-7] DEBUG c.m.b.k.s.MiddlewareProcessorService - Request parameters - ou: FKE8yFr2PKg, pe: 202509
2025-10-12 18:11:07 [http-nio-8081-exec-7] INFO  c.m.b.k.s.MiddlewareProcessorService - Grouped 8 mappings into 2 API calls
2025-10-12 18:11:07 [http-nio-8081-exec-7] INFO  c.m.b.k.s.MiddlewareProcessorService - Fetching org units metadata using integratedSystem: DHIS2.2
2025-10-12 18:11:07 [http-nio-8081-exec-7] INFO  c.m.b.k.service.Dhis2ClientService - Fetching metadata using integratedSystem: DHIS2.2 (from metadata API)
2025-10-12 18:11:07 [http-nio-8081-exec-7] DEBUG o.s.web.client.RestTemplate - HTTP GET https://hmis-dev.moh.gov.jo/dwh/api/metadata.json?organisationUnits=true&fields=id,code,name,displayName,shortName,description,openingDate,closedDate,level,phoneNumber,email,address,url,parent%5Bid,code,name,displayName,level%5D,ancestors%5Bid,code,name,displayName,level%5D,translations,organisationUnitGroups%5Bid,code,name%5D,lastUpdated,lastUpdatedBy%5Bid,displayName,username%5D,attributeValues%5Bvalue,attribute%5Bid,code,name%5D%5D
2025-10-12 18:11:07 [http-nio-8081-exec-7] DEBUG o.s.web.client.RestTemplate - Accept=[text/plain, application/json, application/yaml, application/*+json, */*]
2025-10-12 18:11:09 [http-nio-8081-exec-7] DEBUG o.s.web.client.RestTemplate - Response 200 OK
2025-10-12 18:11:09 [http-nio-8081-exec-7] DEBUG o.s.web.client.RestTemplate - Reading to [java.lang.String] as "application/json;charset=UTF-8"
2025-10-12 18:11:10 [http-nio-8081-exec-7] INFO  c.m.b.k.service.Dhis2ClientService - Fetched 2201 org units from metadata API (integratedSystem: DHIS2.2)
2025-10-12 18:11:10 [http-nio-8081-exec-7] INFO  c.m.b.k.s.MiddlewareProcessorService - Executing call for API: HEALTH_ANALYTICS (ANALYTICS) using integratedSystem: DHIS2.2
2025-10-12 18:11:10 [http-nio-8081-exec-7] DEBUG c.m.b.k.s.MiddlewareProcessorService - API flags - useOuFromRequest: false, usePeFromRequest: false
2025-10-12 18:11:10 [http-nio-8081-exec-7] INFO  c.m.b.k.service.Dhis2ClientService - Using DHIS2 settings: integratedSystem=DHIS2.2, baseUrl=HTTPS://hmis-dev.moh.gov.jo/dwh
2025-10-12 18:11:10 [http-nio-8081-exec-7] DEBUG c.m.b.k.service.Dhis2ClientService - Built Analytics URL with flags (useOu=false, usePe=false): /api/analytics.json?dimension=dx:Km0qVQob9MY;mCKqwPcYW7t.tsWtbszbNxf;mCKqwPcYW7t.btKH0SkeKBO;TrtkNB5aAds;XT0h5EGwdf9;xvHA0fLRcyX&dimension=ou:FKE8yFr2PKg;fcAX51tsDmQ&dimension=pe:202505
2025-10-12 18:11:10 [http-nio-8081-exec-7] DEBUG o.s.web.client.RestTemplate - HTTP GET https://hmis-dev.moh.gov.jo/dwh/api/analytics.json?dimension=dx:Km0qVQob9MY;mCKqwPcYW7t.tsWtbszbNxf;mCKqwPcYW7t.btKH0SkeKBO;TrtkNB5aAds;XT0h5EGwdf9;xvHA0fLRcyX&dimension=ou:FKE8yFr2PKg;fcAX51tsDmQ&dimension=pe:202505
2025-10-12 18:11:10 [http-nio-8081-exec-7] DEBUG o.s.web.client.RestTemplate - Accept=[text/plain, application/json, application/yaml, application/*+json, */*]
2025-10-12 18:11:10 [http-nio-8081-exec-7] DEBUG o.s.web.client.RestTemplate - Response 200 OK
2025-10-12 18:11:10 [http-nio-8081-exec-7] DEBUG o.s.web.client.RestTemplate - Reading to [java.lang.String] as "application/json;charset=UTF-8"
2025-10-12 18:11:10 [http-nio-8081-exec-7] INFO  c.m.b.k.s.MiddlewareProcessorService - Executing call for API: ATTR (ANALYTICS) using integratedSystem: DHIS2.2
2025-10-12 18:11:10 [http-nio-8081-exec-7] DEBUG c.m.b.k.s.MiddlewareProcessorService - API flags - useOuFromRequest: false, usePeFromRequest: false
2025-10-12 18:11:10 [http-nio-8081-exec-7] INFO  c.m.b.k.service.Dhis2ClientService - Using DHIS2 settings: integratedSystem=DHIS2.2, baseUrl=HTTPS://hmis-dev.moh.gov.jo/dwh
2025-10-12 18:11:10 [http-nio-8081-exec-7] DEBUG c.m.b.k.service.Dhis2ClientService - Built Analytics URL with flags (useOu=false, usePe=false): /api/analytics.json?dimension=dx:mCryL70xgcR;mCryL70xgcR.koh0tliu6RV;mCryL70xgcR.n7l9dA920vy;eeGloPJ7lGX&dimension=ou:CI1vsTW2OMP&dimension=pe:202507&dimension=UedUhlkhYWX:M0TzDNQdeju
2025-10-12 18:11:10 [http-nio-8081-exec-7] DEBUG o.s.web.client.RestTemplate - HTTP GET https://hmis-dev.moh.gov.jo/dwh/api/analytics.json?dimension=dx:mCryL70xgcR;mCryL70xgcR.koh0tliu6RV;mCryL70xgcR.n7l9dA920vy;eeGloPJ7lGX&dimension=ou:CI1vsTW2OMP&dimension=pe:202507&dimension=UedUhlkhYWX:M0TzDNQdeju
2025-10-12 18:11:10 [http-nio-8081-exec-7] DEBUG o.s.web.client.RestTemplate - Accept=[text/plain, application/json, application/yaml, application/*+json, */*]
2025-10-12 18:11:11 [http-nio-8081-exec-7] DEBUG o.s.web.client.RestTemplate - Response 200 OK
2025-10-12 18:11:11 [http-nio-8081-exec-7] DEBUG o.s.web.client.RestTemplate - Reading to [java.lang.String] as "application/json;charset=UTF-8"
2025-10-12 18:11:11 [http-nio-8081-exec-7] INFO  c.m.b.k.s.MiddlewareProcessorService - Detected attribute dimension: UedUhlkhYWX at index 3
2025-10-12 18:11:11 [http-nio-8081-exec-7] INFO  c.m.b.k.s.MiddlewareProcessorService - Built middleware response with 3 rows
2025-10-12 18:11:11 [http-nio-8081-exec-7] INFO  c.m.b.k.c.MiddlewareController - Middleware request processed - API: /healthmap, Time: 4370ms, Rows: 3
2025-10-12 18:11:11 [http-nio-8081-exec-7] DEBUG o.s.w.s.m.m.a.HttpEntityMethodProcessor - Using 'application/json', given [*/*] and supported [application/json, application/*+json, application/yaml]
2025-10-12 18:11:11 [http-nio-8081-exec-7] DEBUG o.s.w.s.m.m.a.HttpEntityMethodProcessor - Writing [MiddlewareResponseDto(rows=[MiddlewareRowDto(ou=FKE8yFr2PKg, ouName=اربد, ouDetails={code=21, name=I (truncated)...]
2025-10-12 18:11:11 [http-nio-8081-exec-7] DEBUG o.s.web.servlet.DispatcherServlet - Completed 200 OK
2025-10-12 18:11:11 [http-nio-8081-exec-7] DEBUG o.a.camel.spring.SpringCamelContext - onApplicationEvent: ServletRequestHandledEvent: url=[/api/middleware/healthmap]; client=[0:0:0:0:0:0:0:1]; method=[GET]; status=[200]; servlet=[dispatcherServlet]; session=[null]; user=[admin@mail.com]; time=[4386ms]
2025-10-12 18:11:11 [http-nio-8081-exec-7] DEBUG o.s.w.f.CommonsRequestLoggingFilter - After request [GET /api/middleware/healthmap?pe=202509&ou=FKE8yFr2PKg&_dhis2Code=DHIS2.2, client=0:0:0:0:0:0:0:1, user=admin@mail.com]
2025-10-12 18:11:34 [scheduling-1] INFO  c.m.b.k.service.DynamicRouteService - Starting route status sync with Camel context
2025-10-12 18:11:34 [scheduling-1] INFO  c.m.b.k.service.DynamicRouteService - Completed route status sync
2025-10-12 18:11:39 [http-nio-8081-exec-2] INFO  c.m.b.k.service.DynamicRouteService - Fetching active routes with pagination
2025-10-12 18:11:40 [http-nio-8081-exec-2] DEBUG o.s.w.f.CommonsRequestLoggingFilter - Before request [GET /api/integrated-apis/1, client=0:0:0:0:0:0:0:1, user=admin@mail.com]
2025-10-12 18:11:40 [http-nio-8081-exec-2] DEBUG o.s.web.servlet.DispatcherServlet - GET "/api/integrated-apis/1", parameters={}
2025-10-12 18:11:40 [http-nio-8081-exec-2] DEBUG o.s.w.s.m.m.a.RequestMappingHandlerMapping - Mapped to com.middleware.backend.kaotocamel.controller.IntegratedApiController#findById(Long)
2025-10-12 18:11:40 [http-nio-8081-exec-2] DEBUG o.s.w.s.m.m.a.HttpEntityMethodProcessor - Using 'application/json', given [application/json] and supported [application/json, application/*+json, application/yaml]
2025-10-12 18:11:40 [http-nio-8081-exec-2] DEBUG o.s.w.s.m.m.a.HttpEntityMethodProcessor - Writing [IntegratedApiDto(id=1, code=HEALTH_ANALYTICS, name=Health Analytics API, apiUrl=/api/analytics.json? (truncated)...]
2025-10-12 18:11:40 [http-nio-8081-exec-2] DEBUG o.s.web.servlet.DispatcherServlet - Completed 200 OK
2025-10-12 18:11:40 [http-nio-8081-exec-2] DEBUG o.a.camel.spring.SpringCamelContext - onApplicationEvent: ServletRequestHandledEvent: url=[/api/integrated-apis/1]; client=[0:0:0:0:0:0:0:1]; method=[GET]; status=[200]; servlet=[dispatcherServlet]; session=[null]; user=[admin@mail.com]; time=[238ms]
2025-10-12 18:11:40 [http-nio-8081-exec-2] DEBUG o.s.w.f.CommonsRequestLoggingFilter - After request [GET /api/integrated-apis/1, client=0:0:0:0:0:0:0:1, user=admin@mail.com]
2025-10-12 18:11:44 [http-nio-8081-exec-1] INFO  c.m.b.k.service.DynamicRouteService - Fetching active routes with pagination
2025-10-12 18:11:45 [http-nio-8081-exec-1] DEBUG o.s.w.f.CommonsRequestLoggingFilter - Before request [PUT /api/integrated-apis/1, client=0:0:0:0:0:0:0:1, user=admin@mail.com]
2025-10-12 18:11:45 [http-nio-8081-exec-1] DEBUG o.s.web.servlet.DispatcherServlet - PUT "/api/integrated-apis/1", parameters={}
2025-10-12 18:11:45 [http-nio-8081-exec-1] DEBUG o.s.w.s.m.m.a.RequestMappingHandlerMapping - Mapped to com.middleware.backend.kaotocamel.controller.IntegratedApiController#update(Long, IntegratedApiRequestDto)
2025-10-12 18:11:45 [http-nio-8081-exec-1] DEBUG o.s.w.s.m.m.a.RequestResponseBodyMethodProcessor - Read "application/json;charset=UTF-8" to [IntegratedApiRequestDto(code=HEALTH_ANALYTICS, name=Health Analytics API, apiUrl=/api/analytics.json (truncated)...]
2025-10-12 18:11:45 [http-nio-8081-exec-1] INFO  c.m.b.k.service.IntegratedApiService - Updating integrated API: 1
2025-10-12 18:11:45 [http-nio-8081-exec-1] INFO  c.m.b.k.service.IntegratedApiService - Updated integrated API: HEALTH_ANALYTICS
2025-10-12 18:11:45 [http-nio-8081-exec-1] INFO  c.m.b.k.c.IntegratedApiController - Updated integrated API: HEALTH_ANALYTICS
2025-10-12 18:11:45 [http-nio-8081-exec-1] DEBUG o.s.w.s.m.m.a.HttpEntityMethodProcessor - Using 'application/json', given [application/json] and supported [application/json, application/*+json, application/yaml]
2025-10-12 18:11:45 [http-nio-8081-exec-1] DEBUG o.s.w.s.m.m.a.HttpEntityMethodProcessor - Writing [IntegratedApiDto(id=1, code=HEALTH_ANALYTICS, name=Health Analytics API, apiUrl=/api/analytics.json? (truncated)...]
2025-10-12 18:11:45 [http-nio-8081-exec-1] DEBUG o.s.web.servlet.DispatcherServlet - Completed 200 OK
2025-10-12 18:11:45 [http-nio-8081-exec-1] DEBUG o.a.camel.spring.SpringCamelContext - onApplicationEvent: ServletRequestHandledEvent: url=[/api/integrated-apis/1]; client=[0:0:0:0:0:0:0:1]; method=[PUT]; status=[200]; servlet=[dispatcherServlet]; session=[null]; user=[admin@mail.com]; time=[347ms]
2025-10-12 18:11:45 [http-nio-8081-exec-1] DEBUG o.s.w.f.CommonsRequestLoggingFilter - After request [PUT /api/integrated-apis/1, client=0:0:0:0:0:0:0:1, user=admin@mail.com, payload={"code":"HEALTH_ANALYTICS","name":"Health Analytics API","type":"ANALYTICS","integratedSystem":"DHIS2.2","apiUrl":"/api/analytics.json?dimension=dx:Km0qVQob9MY;mCKqwPcYW7t.tsWtbszbNxf;mCKqwPcYW7t.btKH0SkeKBO;TrtkNB5aAds;XT0h5EGwdf9;xvHA0fLRcyX&dimension=ou:FKE8yFr2PKg;fcAX51tsDmQ","description":null,"isActive":true,"useOuFromRequest":false,"usePeFromRequest":true}]
2025-10-12 18:11:46 [http-nio-8081-exec-5] INFO  c.m.b.k.service.DynamicRouteService - Fetching active routes with pagination
2025-10-12 18:11:46 [http-nio-8081-exec-10] INFO  c.m.b.k.service.DynamicRouteService - Fetching active routes with pagination
2025-10-12 18:11:47 [http-nio-8081-exec-5] DEBUG o.s.w.f.CommonsRequestLoggingFilter - Before request [GET /api/integrated-apis?page=0&size=10, client=0:0:0:0:0:0:0:1, user=admin@mail.com]
2025-10-12 18:11:47 [http-nio-8081-exec-5] DEBUG o.s.web.servlet.DispatcherServlet - GET "/api/integrated-apis?page=0&size=10", parameters={masked}
2025-10-12 18:11:47 [http-nio-8081-exec-5] DEBUG o.s.w.s.m.m.a.RequestMappingHandlerMapping - Mapped to com.middleware.backend.kaotocamel.controller.IntegratedApiController#findAll(String, String, String, String, String, Boolean, String, LocalDateTime, LocalDateTime, LocalDateTime, LocalDateTime, String, Long, Long, int, int, String[])
2025-10-12 18:11:47 [http-nio-8081-exec-5] INFO  c.m.b.k.c.IntegratedApiController - === SORTING DEBUG ===
2025-10-12 18:11:47 [http-nio-8081-exec-5] INFO  c.m.b.k.c.IntegratedApiController - Received sort array: [id, desc]
2025-10-12 18:11:47 [http-nio-8081-exec-5] INFO  c.m.b.k.c.IntegratedApiController - Sort array length: 2
2025-10-12 18:11:47 [http-nio-8081-exec-5] INFO  c.m.b.k.c.IntegratedApiController - sort[0] = 'id'
2025-10-12 18:11:47 [http-nio-8081-exec-5] INFO  c.m.b.k.c.IntegratedApiController - sort[1] = 'desc'
2025-10-12 18:11:47 [http-nio-8081-exec-5] DEBUG c.m.b.k.c.IntegratedApiController - Received sort params: [id, desc]
2025-10-12 18:11:47 [http-nio-8081-exec-5] DEBUG c.m.b.k.c.IntegratedApiController - Handling separated params - field: 'id', direction: 'desc'
2025-10-12 18:11:47 [http-nio-8081-exec-5] DEBUG c.m.b.k.c.IntegratedApiController - Added separated sort order: id DESC
2025-10-12 18:11:47 [http-nio-8081-exec-5] DEBUG c.m.b.k.c.IntegratedApiController - Final sort object: id: DESC
2025-10-12 18:11:47 [http-nio-8081-exec-5] INFO  c.m.b.k.c.IntegratedApiController - Final Sort object: id: DESC
2025-10-12 18:11:47 [http-nio-8081-exec-5] INFO  c.m.b.k.c.IntegratedApiController - === END SORTING DEBUG ===
2025-10-12 18:11:47 [http-nio-8081-exec-5] INFO  c.m.b.k.c.IntegratedApiController - Pageable: Page request [number: 0, size 10, sort: id: DESC]
2025-10-12 18:11:47 [http-nio-8081-exec-10] DEBUG o.s.w.f.CommonsRequestLoggingFilter - Before request [GET /api/integrated-apis/systems, client=0:0:0:0:0:0:0:1, user=admin@mail.com]
2025-10-12 18:11:47 [http-nio-8081-exec-10] DEBUG o.s.web.servlet.DispatcherServlet - GET "/api/integrated-apis/systems", parameters={}
2025-10-12 18:11:47 [http-nio-8081-exec-10] DEBUG o.s.w.s.m.m.a.RequestMappingHandlerMapping - Mapped to com.middleware.backend.kaotocamel.controller.IntegratedApiController#getIntegratedSystems()
2025-10-12 18:11:47 [http-nio-8081-exec-5] DEBUG o.s.w.s.m.m.a.HttpEntityMethodProcessor - Using 'application/json', given [application/json] and supported [application/json, application/*+json, application/yaml]
2025-10-12 18:11:47 [http-nio-8081-exec-5] DEBUG o.s.w.s.m.m.a.HttpEntityMethodProcessor - Writing [Page 1 of 1 containing com.middleware.backend.kaotocamel.dto.IntegratedApiDto instances]
2025-10-12 18:11:47 [http-nio-8081-exec-5] DEBUG o.s.web.servlet.DispatcherServlet - Completed 200 OK
2025-10-12 18:11:47 [http-nio-8081-exec-5] DEBUG o.a.camel.spring.SpringCamelContext - onApplicationEvent: ServletRequestHandledEvent: url=[/api/integrated-apis]; client=[0:0:0:0:0:0:0:1]; method=[GET]; status=[200]; servlet=[dispatcherServlet]; session=[null]; user=[admin@mail.com]; time=[229ms]
2025-10-12 18:11:47 [http-nio-8081-exec-5] DEBUG o.s.w.f.CommonsRequestLoggingFilter - After request [GET /api/integrated-apis?page=0&size=10, client=0:0:0:0:0:0:0:1, user=admin@mail.com]
2025-10-12 18:11:47 [http-nio-8081-exec-10] DEBUG o.s.w.s.m.m.a.HttpEntityMethodProcessor - Using 'application/json', given [application/json] and supported [application/json, application/*+json, application/yaml]
2025-10-12 18:11:47 [http-nio-8081-exec-10] DEBUG o.s.w.s.m.m.a.HttpEntityMethodProcessor - Writing [[DHIS2.2]]
2025-10-12 18:11:47 [http-nio-8081-exec-10] DEBUG o.s.web.servlet.DispatcherServlet - Completed 200 OK
2025-10-12 18:11:47 [http-nio-8081-exec-10] DEBUG o.a.camel.spring.SpringCamelContext - onApplicationEvent: ServletRequestHandledEvent: url=[/api/integrated-apis/systems]; client=[0:0:0:0:0:0:0:1]; method=[GET]; status=[200]; servlet=[dispatcherServlet]; session=[null]; user=[admin@mail.com]; time=[223ms]
2025-10-12 18:11:47 [http-nio-8081-exec-10] DEBUG o.s.w.f.CommonsRequestLoggingFilter - After request [GET /api/integrated-apis/systems, client=0:0:0:0:0:0:0:1, user=admin@mail.com]
2025-10-12 18:11:48 [http-nio-8081-exec-4] INFO  c.m.b.k.service.DynamicRouteService - Fetching active routes with pagination
2025-10-12 18:11:49 [http-nio-8081-exec-4] DEBUG o.s.w.f.CommonsRequestLoggingFilter - Before request [GET /api/middleware/healthmap?pe=202509&ou=FKE8yFr2PKg&_dhis2Code=DHIS2.2, client=0:0:0:0:0:0:0:1, user=admin@mail.com]
2025-10-12 18:11:49 [http-nio-8081-exec-4] DEBUG o.s.web.servlet.DispatcherServlet - GET "/api/middleware/healthmap?pe=202509&ou=FKE8yFr2PKg&_dhis2Code=DHIS2.2", parameters={masked}
2025-10-12 18:11:49 [http-nio-8081-exec-4] DEBUG o.s.w.s.m.m.a.RequestMappingHandlerMapping - Mapped to com.middleware.backend.kaotocamel.controller.MiddlewareController#processMiddlewareRequest(String, String, String, String)
2025-10-12 18:11:49 [http-nio-8081-exec-4] INFO  c.m.b.k.c.MiddlewareController - Processing middleware request - API: /healthmap, Period: 202509, OU: FKE8yFr2PKg, DHIS2: DHIS2.2
2025-10-12 18:11:49 [http-nio-8081-exec-4] INFO  c.m.b.k.s.MiddlewareProcessorService - Processing middleware request for API: /healthmap with period: 202509, ou: FKE8yFr2PKg
2025-10-12 18:11:49 [http-nio-8081-exec-4] INFO  c.m.b.k.s.MiddlewareProcessorService - Note: _dhis2Code parameter (DHIS2.2) is ignored - each API uses its own integratedSystem
2025-10-12 18:11:49 [http-nio-8081-exec-4] DEBUG c.m.b.k.s.MiddlewareProcessorService - Request parameters - ou: FKE8yFr2PKg, pe: 202509
2025-10-12 18:11:49 [http-nio-8081-exec-4] INFO  c.m.b.k.s.MiddlewareProcessorService - Grouped 8 mappings into 2 API calls
2025-10-12 18:11:49 [http-nio-8081-exec-4] INFO  c.m.b.k.s.MiddlewareProcessorService - Fetching org units metadata using integratedSystem: DHIS2.2
2025-10-12 18:11:49 [http-nio-8081-exec-4] INFO  c.m.b.k.service.Dhis2ClientService - Fetching metadata using integratedSystem: DHIS2.2 (from metadata API)
2025-10-12 18:11:49 [http-nio-8081-exec-4] DEBUG o.s.web.client.RestTemplate - HTTP GET https://hmis-dev.moh.gov.jo/dwh/api/metadata.json?organisationUnits=true&fields=id,code,name,displayName,shortName,description,openingDate,closedDate,level,phoneNumber,email,address,url,parent%5Bid,code,name,displayName,level%5D,ancestors%5Bid,code,name,displayName,level%5D,translations,organisationUnitGroups%5Bid,code,name%5D,lastUpdated,lastUpdatedBy%5Bid,displayName,username%5D,attributeValues%5Bvalue,attribute%5Bid,code,name%5D%5D
2025-10-12 18:11:49 [http-nio-8081-exec-4] DEBUG o.s.web.client.RestTemplate - Accept=[text/plain, application/json, application/yaml, application/*+json, */*]
2025-10-12 18:11:50 [http-nio-8081-exec-4] DEBUG o.s.web.client.RestTemplate - Response 200 OK
2025-10-12 18:11:50 [http-nio-8081-exec-4] DEBUG o.s.web.client.RestTemplate - Reading to [java.lang.String] as "application/json;charset=UTF-8"
2025-10-12 18:11:56 [http-nio-8081-exec-4] INFO  c.m.b.k.service.Dhis2ClientService - Fetched 2201 org units from metadata API (integratedSystem: DHIS2.2)
2025-10-12 18:11:56 [http-nio-8081-exec-4] INFO  c.m.b.k.s.MiddlewareProcessorService - Executing call for API: HEALTH_ANALYTICS (ANALYTICS) using integratedSystem: DHIS2.2
2025-10-12 18:11:56 [http-nio-8081-exec-4] DEBUG c.m.b.k.s.MiddlewareProcessorService - API flags - useOuFromRequest: false, usePeFromRequest: true
2025-10-12 18:11:56 [http-nio-8081-exec-4] INFO  c.m.b.k.service.Dhis2ClientService - Using DHIS2 settings: integratedSystem=DHIS2.2, baseUrl=HTTPS://hmis-dev.moh.gov.jo/dwh
2025-10-12 18:11:56 [http-nio-8081-exec-4] DEBUG c.m.b.k.service.Dhis2ClientService - Built Analytics URL with flags (useOu=false, usePe=true): /api/analytics.json?dimension=dx:Km0qVQob9MY;mCKqwPcYW7t.tsWtbszbNxf;mCKqwPcYW7t.btKH0SkeKBO;TrtkNB5aAds;XT0h5EGwdf9;xvHA0fLRcyX&dimension=ou:FKE8yFr2PKg;fcAX51tsDmQ&dimension=pe:202509
2025-10-12 18:11:56 [http-nio-8081-exec-4] DEBUG o.s.web.client.RestTemplate - HTTP GET https://hmis-dev.moh.gov.jo/dwh/api/analytics.json?dimension=dx:Km0qVQob9MY;mCKqwPcYW7t.tsWtbszbNxf;mCKqwPcYW7t.btKH0SkeKBO;TrtkNB5aAds;XT0h5EGwdf9;xvHA0fLRcyX&dimension=ou:FKE8yFr2PKg;fcAX51tsDmQ&dimension=pe:202509
2025-10-12 18:11:56 [http-nio-8081-exec-4] DEBUG o.s.web.client.RestTemplate - Accept=[text/plain, application/json, application/yaml, application/*+json, */*]
2025-10-12 18:11:56 [http-nio-8081-exec-4] DEBUG o.s.web.client.RestTemplate - Response 200 OK
2025-10-12 18:11:56 [http-nio-8081-exec-4] DEBUG o.s.web.client.RestTemplate - Reading to [java.lang.String] as "application/json;charset=UTF-8"
2025-10-12 18:11:56 [http-nio-8081-exec-4] INFO  c.m.b.k.s.MiddlewareProcessorService - Executing call for API: ATTR (ANALYTICS) using integratedSystem: DHIS2.2
2025-10-12 18:11:56 [http-nio-8081-exec-4] DEBUG c.m.b.k.s.MiddlewareProcessorService - API flags - useOuFromRequest: false, usePeFromRequest: false
2025-10-12 18:11:56 [http-nio-8081-exec-4] INFO  c.m.b.k.service.Dhis2ClientService - Using DHIS2 settings: integratedSystem=DHIS2.2, baseUrl=HTTPS://hmis-dev.moh.gov.jo/dwh
2025-10-12 18:11:56 [http-nio-8081-exec-4] DEBUG c.m.b.k.service.Dhis2ClientService - Built Analytics URL with flags (useOu=false, usePe=false): /api/analytics.json?dimension=dx:mCryL70xgcR;mCryL70xgcR.koh0tliu6RV;mCryL70xgcR.n7l9dA920vy;eeGloPJ7lGX&dimension=ou:CI1vsTW2OMP&dimension=pe:202507&dimension=UedUhlkhYWX:M0TzDNQdeju
2025-10-12 18:11:56 [http-nio-8081-exec-4] DEBUG o.s.web.client.RestTemplate - HTTP GET https://hmis-dev.moh.gov.jo/dwh/api/analytics.json?dimension=dx:mCryL70xgcR;mCryL70xgcR.koh0tliu6RV;mCryL70xgcR.n7l9dA920vy;eeGloPJ7lGX&dimension=ou:CI1vsTW2OMP&dimension=pe:202507&dimension=UedUhlkhYWX:M0TzDNQdeju
2025-10-12 18:11:56 [http-nio-8081-exec-4] DEBUG o.s.web.client.RestTemplate - Accept=[text/plain, application/json, application/yaml, application/*+json, */*]
2025-10-12 18:11:57 [http-nio-8081-exec-4] DEBUG o.s.web.client.RestTemplate - Response 200 OK
2025-10-12 18:11:57 [http-nio-8081-exec-4] DEBUG o.s.web.client.RestTemplate - Reading to [java.lang.String] as "application/json;charset=UTF-8"
2025-10-12 18:11:57 [http-nio-8081-exec-4] INFO  c.m.b.k.s.MiddlewareProcessorService - Detected attribute dimension: UedUhlkhYWX at index 3
2025-10-12 18:11:57 [http-nio-8081-exec-4] INFO  c.m.b.k.s.MiddlewareProcessorService - Built middleware response with 3 rows
2025-10-12 18:11:57 [http-nio-8081-exec-4] INFO  c.m.b.k.c.MiddlewareController - Middleware request processed - API: /healthmap, Time: 8296ms, Rows: 3
2025-10-12 18:11:57 [http-nio-8081-exec-4] DEBUG o.s.w.s.m.m.a.HttpEntityMethodProcessor - Using 'application/json', given [*/*] and supported [application/json, application/*+json, application/yaml]
2025-10-12 18:11:57 [http-nio-8081-exec-4] DEBUG o.s.w.s.m.m.a.HttpEntityMethodProcessor - Writing [MiddlewareResponseDto(rows=[MiddlewareRowDto(ou=FKE8yFr2PKg, ouName=اربد, ouDetails={code=21, name=I (truncated)...]
2025-10-12 18:11:57 [http-nio-8081-exec-4] DEBUG o.s.web.servlet.DispatcherServlet - Completed 200 OK
2025-10-12 18:11:57 [http-nio-8081-exec-4] DEBUG o.a.camel.spring.SpringCamelContext - onApplicationEvent: ServletRequestHandledEvent: url=[/api/middleware/healthmap]; client=[0:0:0:0:0:0:0:1]; method=[GET]; status=[200]; servlet=[dispatcherServlet]; session=[null]; user=[admin@mail.com]; time=[8307ms]
2025-10-12 18:11:57 [http-nio-8081-exec-4] DEBUG o.s.w.f.CommonsRequestLoggingFilter - After request [GET /api/middleware/healthmap?pe=202509&ou=FKE8yFr2PKg&_dhis2Code=DHIS2.2, client=0:0:0:0:0:0:0:1, user=admin@mail.com]
2025-10-12 18:12:04 [scheduling-1] INFO  c.m.b.k.service.DynamicRouteService - Starting route status sync with Camel context
2025-10-12 18:12:04 [scheduling-1] INFO  c.m.b.k.service.DynamicRouteService - Completed route status sync
2025-10-12 18:12:34 [scheduling-1] INFO  c.m.b.k.service.DynamicRouteService - Starting route status sync with Camel context
2025-10-12 18:12:34 [scheduling-1] INFO  c.m.b.k.service.DynamicRouteService - Completed route status sync
2025-10-12 18:13:04 [scheduling-1] INFO  c.m.b.k.service.DynamicRouteService - Starting route status sync with Camel context
2025-10-12 18:13:04 [scheduling-1] INFO  c.m.b.k.service.DynamicRouteService - Completed route status sync
2025-10-12 18:13:34 [scheduling-1] INFO  c.m.b.k.service.DynamicRouteService - Starting route status sync with Camel context
2025-10-12 18:13:34 [scheduling-1] INFO  c.m.b.k.service.DynamicRouteService - Completed route status sync
2025-10-12 18:14:04 [scheduling-1] INFO  c.m.b.k.service.DynamicRouteService - Starting route status sync with Camel context
2025-10-12 18:14:04 [scheduling-1] INFO  c.m.b.k.service.DynamicRouteService - Completed route status sync
2025-10-12 18:14:20 [http-nio-8081-exec-1] INFO  c.m.b.k.service.DynamicRouteService - Fetching active routes with pagination
2025-10-12 18:14:20 [http-nio-8081-exec-2] INFO  c.m.b.k.service.DynamicRouteService - Fetching active routes with pagination
2025-10-12 18:14:20 [http-nio-8081-exec-7] INFO  c.m.b.k.service.DynamicRouteService - Fetching active routes with pagination
2025-10-12 18:14:20 [http-nio-8081-exec-1] DEBUG o.s.w.f.CommonsRequestLoggingFilter - Before request [GET /api/integration-mappings/middleware-apis, client=0:0:0:0:0:0:0:1, user=admin@mail.com]
2025-10-12 18:14:20 [http-nio-8081-exec-1] DEBUG o.s.web.servlet.DispatcherServlet - GET "/api/integration-mappings/middleware-apis", parameters={}
2025-10-12 18:14:20 [http-nio-8081-exec-1] DEBUG o.s.w.s.m.m.a.RequestMappingHandlerMapping - Mapped to com.middleware.backend.kaotocamel.controller.IntegrationMappingAdminController#getMiddlewareApis()
2025-10-12 18:14:20 [http-nio-8081-exec-2] DEBUG o.s.w.f.CommonsRequestLoggingFilter - Before request [GET /api/integrated-apis/systems, client=0:0:0:0:0:0:0:1, user=admin@mail.com]
2025-10-12 18:14:20 [http-nio-8081-exec-2] DEBUG o.s.web.servlet.DispatcherServlet - GET "/api/integrated-apis/systems", parameters={}
2025-10-12 18:14:20 [http-nio-8081-exec-7] DEBUG o.s.w.f.CommonsRequestLoggingFilter - Before request [GET /api/integrated-apis?page=0&size=10, client=0:0:0:0:0:0:0:1, user=admin@mail.com]
2025-10-12 18:14:20 [http-nio-8081-exec-2] DEBUG o.s.w.s.m.m.a.RequestMappingHandlerMapping - Mapped to com.middleware.backend.kaotocamel.controller.IntegratedApiController#getIntegratedSystems()
2025-10-12 18:14:20 [http-nio-8081-exec-7] DEBUG o.s.web.servlet.DispatcherServlet - GET "/api/integrated-apis?page=0&size=10", parameters={masked}
2025-10-12 18:14:20 [http-nio-8081-exec-7] DEBUG o.s.w.s.m.m.a.RequestMappingHandlerMapping - Mapped to com.middleware.backend.kaotocamel.controller.IntegratedApiController#findAll(String, String, String, String, String, Boolean, String, LocalDateTime, LocalDateTime, LocalDateTime, LocalDateTime, String, Long, Long, int, int, String[])
2025-10-12 18:14:20 [http-nio-8081-exec-7] INFO  c.m.b.k.c.IntegratedApiController - === SORTING DEBUG ===
2025-10-12 18:14:20 [http-nio-8081-exec-7] INFO  c.m.b.k.c.IntegratedApiController - Received sort array: [id, desc]
2025-10-12 18:14:20 [http-nio-8081-exec-7] INFO  c.m.b.k.c.IntegratedApiController - Sort array length: 2
2025-10-12 18:14:20 [http-nio-8081-exec-7] INFO  c.m.b.k.c.IntegratedApiController - sort[0] = 'id'
2025-10-12 18:14:20 [http-nio-8081-exec-7] INFO  c.m.b.k.c.IntegratedApiController - sort[1] = 'desc'
2025-10-12 18:14:20 [http-nio-8081-exec-7] DEBUG c.m.b.k.c.IntegratedApiController - Received sort params: [id, desc]
2025-10-12 18:14:20 [http-nio-8081-exec-7] DEBUG c.m.b.k.c.IntegratedApiController - Handling separated params - field: 'id', direction: 'desc'
2025-10-12 18:14:20 [http-nio-8081-exec-7] DEBUG c.m.b.k.c.IntegratedApiController - Added separated sort order: id DESC
2025-10-12 18:14:20 [http-nio-8081-exec-7] DEBUG c.m.b.k.c.IntegratedApiController - Final sort object: id: DESC
2025-10-12 18:14:20 [http-nio-8081-exec-7] INFO  c.m.b.k.c.IntegratedApiController - Final Sort object: id: DESC
2025-10-12 18:14:20 [http-nio-8081-exec-7] INFO  c.m.b.k.c.IntegratedApiController - === END SORTING DEBUG ===
2025-10-12 18:14:20 [http-nio-8081-exec-7] INFO  c.m.b.k.c.IntegratedApiController - Pageable: Page request [number: 0, size 10, sort: id: DESC]
2025-10-12 18:14:20 [http-nio-8081-exec-1] INFO  c.m.b.k.c.IntegrationMappingAdminController - Found 2 distinct middleware APIs
2025-10-12 18:14:20 [http-nio-8081-exec-1] DEBUG o.s.w.s.m.m.a.HttpEntityMethodProcessor - Using 'application/json', given [application/json] and supported [application/json, application/*+json, application/yaml]
2025-10-12 18:14:20 [http-nio-8081-exec-1] DEBUG o.s.w.s.m.m.a.HttpEntityMethodProcessor - Writing [[/healthmap, /healthmapATTR]]
2025-10-12 18:14:20 [http-nio-8081-exec-1] DEBUG o.s.web.servlet.DispatcherServlet - Completed 200 OK
2025-10-12 18:14:20 [http-nio-8081-exec-1] DEBUG o.a.camel.spring.SpringCamelContext - onApplicationEvent: ServletRequestHandledEvent: url=[/api/integration-mappings/middleware-apis]; client=[0:0:0:0:0:0:0:1]; method=[GET]; status=[200]; servlet=[dispatcherServlet]; session=[null]; user=[admin@mail.com]; time=[208ms]
2025-10-12 18:14:20 [http-nio-8081-exec-1] DEBUG o.s.w.f.CommonsRequestLoggingFilter - After request [GET /api/integration-mappings/middleware-apis, client=0:0:0:0:0:0:0:1, user=admin@mail.com]
2025-10-12 18:14:20 [http-nio-8081-exec-2] DEBUG o.s.w.s.m.m.a.HttpEntityMethodProcessor - Using 'application/json', given [application/json] and supported [application/json, application/*+json, application/yaml]
2025-10-12 18:14:20 [http-nio-8081-exec-2] DEBUG o.s.w.s.m.m.a.HttpEntityMethodProcessor - Writing [[DHIS2.2]]
2025-10-12 18:14:20 [http-nio-8081-exec-2] DEBUG o.s.web.servlet.DispatcherServlet - Completed 200 OK
2025-10-12 18:14:20 [http-nio-8081-exec-2] DEBUG o.a.camel.spring.SpringCamelContext - onApplicationEvent: ServletRequestHandledEvent: url=[/api/integrated-apis/systems]; client=[0:0:0:0:0:0:0:1]; method=[GET]; status=[200]; servlet=[dispatcherServlet]; session=[null]; user=[admin@mail.com]; time=[219ms]
2025-10-12 18:14:20 [http-nio-8081-exec-2] DEBUG o.s.w.f.CommonsRequestLoggingFilter - After request [GET /api/integrated-apis/systems, client=0:0:0:0:0:0:0:1, user=admin@mail.com]
2025-10-12 18:14:20 [http-nio-8081-exec-7] DEBUG o.s.w.s.m.m.a.HttpEntityMethodProcessor - Using 'application/json', given [application/json] and supported [application/json, application/*+json, application/yaml]
2025-10-12 18:14:20 [http-nio-8081-exec-7] DEBUG o.s.w.s.m.m.a.HttpEntityMethodProcessor - Writing [Page 1 of 1 containing com.middleware.backend.kaotocamel.dto.IntegratedApiDto instances]
2025-10-12 18:14:20 [http-nio-8081-exec-7] DEBUG o.s.web.servlet.DispatcherServlet - Completed 200 OK
2025-10-12 18:14:20 [http-nio-8081-exec-7] DEBUG o.a.camel.spring.SpringCamelContext - onApplicationEvent: ServletRequestHandledEvent: url=[/api/integrated-apis]; client=[0:0:0:0:0:0:0:1]; method=[GET]; status=[200]; servlet=[dispatcherServlet]; session=[null]; user=[admin@mail.com]; time=[318ms]
2025-10-12 18:14:20 [http-nio-8081-exec-7] DEBUG o.s.w.f.CommonsRequestLoggingFilter - After request [GET /api/integrated-apis?page=0&size=10, client=0:0:0:0:0:0:0:1, user=admin@mail.com]
2025-10-12 18:14:23 [http-nio-8081-exec-5] INFO  c.m.b.k.service.DynamicRouteService - Fetching active routes with pagination
2025-10-12 18:14:23 [http-nio-8081-exec-5] DEBUG o.s.w.f.CommonsRequestLoggingFilter - Before request [GET /api/integrated-apis/1, client=0:0:0:0:0:0:0:1, user=admin@mail.com]
2025-10-12 18:14:23 [http-nio-8081-exec-5] DEBUG o.s.web.servlet.DispatcherServlet - GET "/api/integrated-apis/1", parameters={}
2025-10-12 18:14:23 [http-nio-8081-exec-5] DEBUG o.s.w.s.m.m.a.RequestMappingHandlerMapping - Mapped to com.middleware.backend.kaotocamel.controller.IntegratedApiController#findById(Long)
2025-10-12 18:14:24 [http-nio-8081-exec-5] DEBUG o.s.w.s.m.m.a.HttpEntityMethodProcessor - Using 'application/json', given [application/json] and supported [application/json, application/*+json, application/yaml]
2025-10-12 18:14:24 [http-nio-8081-exec-5] DEBUG o.s.w.s.m.m.a.HttpEntityMethodProcessor - Writing [IntegratedApiDto(id=1, code=HEALTH_ANALYTICS, name=Health Analytics API, apiUrl=/api/analytics.json? (truncated)...]
2025-10-12 18:14:24 [http-nio-8081-exec-5] DEBUG o.s.web.servlet.DispatcherServlet - Completed 200 OK
2025-10-12 18:14:24 [http-nio-8081-exec-5] DEBUG o.a.camel.spring.SpringCamelContext - onApplicationEvent: ServletRequestHandledEvent: url=[/api/integrated-apis/1]; client=[0:0:0:0:0:0:0:1]; method=[GET]; status=[200]; servlet=[dispatcherServlet]; session=[null]; user=[admin@mail.com]; time=[200ms]
2025-10-12 18:14:24 [http-nio-8081-exec-5] DEBUG o.s.w.f.CommonsRequestLoggingFilter - After request [GET /api/integrated-apis/1, client=0:0:0:0:0:0:0:1, user=admin@mail.com]
2025-10-12 18:14:34 [scheduling-1] INFO  c.m.b.k.service.DynamicRouteService - Starting route status sync with Camel context
2025-10-12 18:14:34 [scheduling-1] INFO  c.m.b.k.service.DynamicRouteService - Completed route status sync
2025-10-12 18:15:04 [scheduling-1] INFO  c.m.b.k.service.DynamicRouteService - Starting route status sync with Camel context
2025-10-12 18:15:04 [scheduling-1] INFO  c.m.b.k.service.DynamicRouteService - Completed route status sync
2025-10-12 18:15:04 [http-nio-8081-exec-6] INFO  c.m.b.k.service.DynamicRouteService - Fetching active routes with pagination
2025-10-12 18:15:04 [http-nio-8081-exec-1] INFO  c.m.b.k.service.DynamicRouteService - Fetching active routes with pagination
2025-10-12 18:15:04 [http-nio-8081-exec-9] INFO  c.m.b.k.service.DynamicRouteService - Fetching active routes with pagination
2025-10-12 18:15:04 [http-nio-8081-exec-8] INFO  c.m.b.k.service.DynamicRouteService - Fetching active routes with pagination
2025-10-12 18:15:05 [http-nio-8081-exec-1] DEBUG o.s.w.f.CommonsRequestLoggingFilter - Before request [GET /api/integration-mappings?page=0&size=10, client=0:0:0:0:0:0:0:1, user=admin@mail.com]
2025-10-12 18:15:05 [http-nio-8081-exec-1] DEBUG o.s.web.servlet.DispatcherServlet - GET "/api/integration-mappings?page=0&size=10", parameters={masked}
2025-10-12 18:15:05 [http-nio-8081-exec-1] DEBUG o.s.w.s.m.m.a.RequestMappingHandlerMapping - Mapped to com.middleware.backend.kaotocamel.controller.IntegrationMappingAdminController#findAll(String, Long, String, String, String, String, String, Boolean, String, LocalDateTime, LocalDateTime, LocalDateTime, LocalDateTime, String, Long, Long, String, String, int, int)
2025-10-12 18:15:05 [http-nio-8081-exec-1] INFO  c.m.b.k.c.IntegrationMappingAdminController - Final sort: id: ASC
2025-10-12 18:15:05 [http-nio-8081-exec-6] DEBUG o.s.w.f.CommonsRequestLoggingFilter - Before request [GET /api/integration-mappings/middleware-apis, client=0:0:0:0:0:0:0:1, user=admin@mail.com]
2025-10-12 18:15:05 [http-nio-8081-exec-6] DEBUG o.s.web.servlet.DispatcherServlet - GET "/api/integration-mappings/middleware-apis", parameters={}
2025-10-12 18:15:05 [http-nio-8081-exec-6] DEBUG o.s.w.s.m.m.a.RequestMappingHandlerMapping - Mapped to com.middleware.backend.kaotocamel.controller.IntegrationMappingAdminController#getMiddlewareApis()
2025-10-12 18:15:05 [http-nio-8081-exec-9] DEBUG o.s.w.f.CommonsRequestLoggingFilter - Before request [GET /api/integration-mappings/mapping-types, client=0:0:0:0:0:0:0:1, user=admin@mail.com]
2025-10-12 18:15:05 [http-nio-8081-exec-9] DEBUG o.s.web.servlet.DispatcherServlet - GET "/api/integration-mappings/mapping-types", parameters={}
2025-10-12 18:15:05 [http-nio-8081-exec-9] DEBUG o.s.w.s.m.m.a.RequestMappingHandlerMapping - Mapped to com.middleware.backend.kaotocamel.controller.IntegrationMappingAdminController#getMappingTypes()
2025-10-12 18:15:05 [http-nio-8081-exec-9] DEBUG o.s.w.s.m.m.a.HttpEntityMethodProcessor - Using 'application/json', given [application/json] and supported [application/json, application/*+json, application/yaml]
2025-10-12 18:15:05 [http-nio-8081-exec-9] DEBUG o.s.w.s.m.m.a.HttpEntityMethodProcessor - Writing [[DATA_ELEMENT, DATA_ELEMENT_WITH_DISAGGREGATION, INDICATOR]]
2025-10-12 18:15:05 [http-nio-8081-exec-9] DEBUG o.s.web.servlet.DispatcherServlet - Completed 200 OK
2025-10-12 18:15:05 [http-nio-8081-exec-9] DEBUG o.a.camel.spring.SpringCamelContext - onApplicationEvent: ServletRequestHandledEvent: url=[/api/integration-mappings/mapping-types]; client=[0:0:0:0:0:0:0:1]; method=[GET]; status=[200]; servlet=[dispatcherServlet]; session=[null]; user=[admin@mail.com]; time=[4ms]
2025-10-12 18:15:05 [http-nio-8081-exec-9] DEBUG o.s.w.f.CommonsRequestLoggingFilter - After request [GET /api/integration-mappings/mapping-types, client=0:0:0:0:0:0:0:1, user=admin@mail.com]
2025-10-12 18:15:05 [http-nio-8081-exec-8] DEBUG o.s.w.f.CommonsRequestLoggingFilter - Before request [GET /api/integrated-apis?size=1000&isActive=true, client=0:0:0:0:0:0:0:1, user=admin@mail.com]
2025-10-12 18:15:05 [http-nio-8081-exec-8] DEBUG o.s.web.servlet.DispatcherServlet - GET "/api/integrated-apis?size=1000&isActive=true", parameters={masked}
2025-10-12 18:15:05 [http-nio-8081-exec-8] DEBUG o.s.w.s.m.m.a.RequestMappingHandlerMapping - Mapped to com.middleware.backend.kaotocamel.controller.IntegratedApiController#findAll(String, String, String, String, String, Boolean, String, LocalDateTime, LocalDateTime, LocalDateTime, LocalDateTime, String, Long, Long, int, int, String[])
2025-10-12 18:15:05 [http-nio-8081-exec-8] INFO  c.m.b.k.c.IntegratedApiController - === SORTING DEBUG ===
2025-10-12 18:15:05 [http-nio-8081-exec-8] INFO  c.m.b.k.c.IntegratedApiController - Received sort array: [id, desc]
2025-10-12 18:15:05 [http-nio-8081-exec-8] INFO  c.m.b.k.c.IntegratedApiController - Sort array length: 2
2025-10-12 18:15:05 [http-nio-8081-exec-8] INFO  c.m.b.k.c.IntegratedApiController - sort[0] = 'id'
2025-10-12 18:15:05 [http-nio-8081-exec-8] INFO  c.m.b.k.c.IntegratedApiController - sort[1] = 'desc'
2025-10-12 18:15:05 [http-nio-8081-exec-8] DEBUG c.m.b.k.c.IntegratedApiController - Received sort params: [id, desc]
2025-10-12 18:15:05 [http-nio-8081-exec-8] DEBUG c.m.b.k.c.IntegratedApiController - Handling separated params - field: 'id', direction: 'desc'
2025-10-12 18:15:05 [http-nio-8081-exec-8] DEBUG c.m.b.k.c.IntegratedApiController - Added separated sort order: id DESC
2025-10-12 18:15:05 [http-nio-8081-exec-8] DEBUG c.m.b.k.c.IntegratedApiController - Final sort object: id: DESC
2025-10-12 18:15:05 [http-nio-8081-exec-8] INFO  c.m.b.k.c.IntegratedApiController - Final Sort object: id: DESC
2025-10-12 18:15:05 [http-nio-8081-exec-8] INFO  c.m.b.k.c.IntegratedApiController - === END SORTING DEBUG ===
2025-10-12 18:15:05 [http-nio-8081-exec-8] INFO  c.m.b.k.c.IntegratedApiController - Pageable: Page request [number: 0, size 1000, sort: id: DESC]
2025-10-12 18:15:05 [http-nio-8081-exec-1] DEBUG c.m.b.k.s.IntegrationMappingService - Searching with advanced filters - middlewareApi: null, integratedApiId: null, mappingType: null
2025-10-12 18:15:05 [http-nio-8081-exec-6] INFO  c.m.b.k.c.IntegrationMappingAdminController - Found 2 distinct middleware APIs
2025-10-12 18:15:05 [http-nio-8081-exec-6] DEBUG o.s.w.s.m.m.a.HttpEntityMethodProcessor - Using 'application/json', given [application/json] and supported [application/json, application/*+json, application/yaml]
2025-10-12 18:15:05 [http-nio-8081-exec-6] DEBUG o.s.w.s.m.m.a.HttpEntityMethodProcessor - Writing [[/healthmap, /healthmapATTR]]
2025-10-12 18:15:05 [http-nio-8081-exec-6] DEBUG o.s.web.servlet.DispatcherServlet - Completed 200 OK
2025-10-12 18:15:05 [http-nio-8081-exec-6] DEBUG o.a.camel.spring.SpringCamelContext - onApplicationEvent: ServletRequestHandledEvent: url=[/api/integration-mappings/middleware-apis]; client=[0:0:0:0:0:0:0:1]; method=[GET]; status=[200]; servlet=[dispatcherServlet]; session=[null]; user=[admin@mail.com]; time=[258ms]
2025-10-12 18:15:05 [http-nio-8081-exec-6] DEBUG o.s.w.f.CommonsRequestLoggingFilter - After request [GET /api/integration-mappings/middleware-apis, client=0:0:0:0:0:0:0:1, user=admin@mail.com]
2025-10-12 18:15:05 [http-nio-8081-exec-1] DEBUG c.m.b.k.s.IntegrationMappingService - Found 10 results out of 11 total
2025-10-12 18:15:05 [http-nio-8081-exec-1] DEBUG o.s.w.s.m.m.a.HttpEntityMethodProcessor - Using 'application/json', given [application/json] and supported [application/json, application/*+json, application/yaml]
2025-10-12 18:15:05 [http-nio-8081-exec-1] DEBUG o.s.w.s.m.m.a.HttpEntityMethodProcessor - Writing [Page 1 of 2 containing com.middleware.backend.kaotocamel.dto.IntegrationMappingDto instances]
2025-10-12 18:15:05 [http-nio-8081-exec-1] DEBUG o.s.web.servlet.DispatcherServlet - Completed 200 OK
2025-10-12 18:15:05 [http-nio-8081-exec-1] DEBUG o.a.camel.spring.SpringCamelContext - onApplicationEvent: ServletRequestHandledEvent: url=[/api/integration-mappings]; client=[0:0:0:0:0:0:0:1]; method=[GET]; status=[200]; servlet=[dispatcherServlet]; session=[null]; user=[admin@mail.com]; time=[288ms]
2025-10-12 18:15:05 [http-nio-8081-exec-1] DEBUG o.s.w.f.CommonsRequestLoggingFilter - After request [GET /api/integration-mappings?page=0&size=10, client=0:0:0:0:0:0:0:1, user=admin@mail.com]
2025-10-12 18:15:05 [http-nio-8081-exec-8] DEBUG o.s.w.s.m.m.a.HttpEntityMethodProcessor - Using 'application/json', given [application/json] and supported [application/json, application/*+json, application/yaml]
2025-10-12 18:15:05 [http-nio-8081-exec-8] DEBUG o.s.w.s.m.m.a.HttpEntityMethodProcessor - Writing [Page 1 of 1 containing com.middleware.backend.kaotocamel.dto.IntegratedApiDto instances]
2025-10-12 18:15:05 [http-nio-8081-exec-8] DEBUG o.s.web.servlet.DispatcherServlet - Completed 200 OK
2025-10-12 18:15:05 [http-nio-8081-exec-8] DEBUG o.a.camel.spring.SpringCamelContext - onApplicationEvent: ServletRequestHandledEvent: url=[/api/integrated-apis]; client=[0:0:0:0:0:0:0:1]; method=[GET]; status=[200]; servlet=[dispatcherServlet]; session=[null]; user=[admin@mail.com]; time=[252ms]
2025-10-12 18:15:05 [http-nio-8081-exec-8] DEBUG o.s.w.f.CommonsRequestLoggingFilter - After request [GET /api/integrated-apis?size=1000&isActive=true, client=0:0:0:0:0:0:0:1, user=admin@mail.com]
2025-10-12 18:15:34 [scheduling-1] INFO  c.m.b.k.service.DynamicRouteService - Starting route status sync with Camel context
2025-10-12 18:15:34 [scheduling-1] INFO  c.m.b.k.service.DynamicRouteService - Completed route status sync
2025-10-12 18:16:04 [scheduling-1] INFO  c.m.b.k.service.DynamicRouteService - Starting route status sync with Camel context
2025-10-12 18:16:04 [scheduling-1] INFO  c.m.b.k.service.DynamicRouteService - Completed route status sync
2025-10-12 18:16:34 [scheduling-1] INFO  c.m.b.k.service.DynamicRouteService - Starting route status sync with Camel context
2025-10-12 18:16:34 [scheduling-1] INFO  c.m.b.k.service.DynamicRouteService - Completed route status sync
2025-10-12 18:17:04 [scheduling-1] INFO  c.m.b.k.service.DynamicRouteService - Starting route status sync with Camel context
2025-10-12 18:17:04 [scheduling-1] INFO  c.m.b.k.service.DynamicRouteService - Completed route status sync
2025-10-12 18:17:34 [scheduling-1] INFO  c.m.b.k.service.DynamicRouteService - Starting route status sync with Camel context
2025-10-12 18:17:34 [scheduling-1] INFO  c.m.b.k.service.DynamicRouteService - Completed route status sync
2025-10-12 18:17:53 [http-nio-8081-exec-4] INFO  c.m.b.k.service.DynamicRouteService - Fetching active routes with pagination
2025-10-12 18:17:54 [http-nio-8081-exec-4] DEBUG o.s.w.f.CommonsRequestLoggingFilter - Before request [GET /api/integrated-apis/1, client=0:0:0:0:0:0:0:1, user=admin@mail.com]
2025-10-12 18:17:54 [http-nio-8081-exec-4] DEBUG o.s.web.servlet.DispatcherServlet - GET "/api/integrated-apis/1", parameters={}
2025-10-12 18:17:54 [http-nio-8081-exec-4] DEBUG o.s.w.s.m.m.a.RequestMappingHandlerMapping - Mapped to com.middleware.backend.kaotocamel.controller.IntegratedApiController#findById(Long)
2025-10-12 18:17:54 [http-nio-8081-exec-4] DEBUG o.s.w.s.m.m.a.HttpEntityMethodProcessor - Using 'application/json', given [application/json] and supported [application/json, application/*+json, application/yaml]
2025-10-12 18:17:54 [http-nio-8081-exec-4] DEBUG o.s.w.s.m.m.a.HttpEntityMethodProcessor - Writing [IntegratedApiDto(id=1, code=HEALTH_ANALYTICS, name=Health Analytics API, apiUrl=/api/analytics.json? (truncated)...]
2025-10-12 18:17:54 [http-nio-8081-exec-4] DEBUG o.s.web.servlet.DispatcherServlet - Completed 200 OK
2025-10-12 18:17:54 [http-nio-8081-exec-4] DEBUG o.a.camel.spring.SpringCamelContext - onApplicationEvent: ServletRequestHandledEvent: url=[/api/integrated-apis/1]; client=[0:0:0:0:0:0:0:1]; method=[GET]; status=[200]; servlet=[dispatcherServlet]; session=[null]; user=[admin@mail.com]; time=[157ms]
2025-10-12 18:17:54 [http-nio-8081-exec-4] DEBUG o.s.w.f.CommonsRequestLoggingFilter - After request [GET /api/integrated-apis/1, client=0:0:0:0:0:0:0:1, user=admin@mail.com]
2025-10-12 18:18:02 [http-nio-8081-exec-3] INFO  c.m.b.k.service.DynamicRouteService - Fetching active routes with pagination
2025-10-12 18:18:02 [http-nio-8081-exec-3] DEBUG o.s.w.f.CommonsRequestLoggingFilter - Before request [PUT /api/integrated-apis/1, client=0:0:0:0:0:0:0:1, user=admin@mail.com]
2025-10-12 18:18:02 [http-nio-8081-exec-3] DEBUG o.s.web.servlet.DispatcherServlet - PUT "/api/integrated-apis/1", parameters={}
2025-10-12 18:18:02 [http-nio-8081-exec-3] DEBUG o.s.w.s.m.m.a.RequestMappingHandlerMapping - Mapped to com.middleware.backend.kaotocamel.controller.IntegratedApiController#update(Long, IntegratedApiRequestDto)
2025-10-12 18:18:02 [http-nio-8081-exec-3] DEBUG o.s.w.s.m.m.a.RequestResponseBodyMethodProcessor - Read "application/json;charset=UTF-8" to [IntegratedApiRequestDto(code=HEALTH_ANALYTICS, name=Health Analytics API, apiUrl=/api/analytics.json (truncated)...]
2025-10-12 18:18:02 [http-nio-8081-exec-3] INFO  c.m.b.k.service.IntegratedApiService - Updating integrated API: 1
2025-10-12 18:18:02 [http-nio-8081-exec-3] INFO  c.m.b.k.service.IntegratedApiService - Updated integrated API: HEALTH_ANALYTICS
2025-10-12 18:18:02 [http-nio-8081-exec-3] INFO  c.m.b.k.c.IntegratedApiController - Updated integrated API: HEALTH_ANALYTICS
2025-10-12 18:18:02 [http-nio-8081-exec-3] DEBUG o.s.w.s.m.m.a.HttpEntityMethodProcessor - Using 'application/json', given [application/json] and supported [application/json, application/*+json, application/yaml]
2025-10-12 18:18:02 [http-nio-8081-exec-3] DEBUG o.s.w.s.m.m.a.HttpEntityMethodProcessor - Writing [IntegratedApiDto(id=1, code=HEALTH_ANALYTICS, name=Health Analytics API, apiUrl=/api/analytics.json? (truncated)...]
2025-10-12 18:18:02 [http-nio-8081-exec-3] DEBUG o.s.web.servlet.DispatcherServlet - Completed 200 OK
2025-10-12 18:18:02 [http-nio-8081-exec-3] DEBUG o.a.camel.spring.SpringCamelContext - onApplicationEvent: ServletRequestHandledEvent: url=[/api/integrated-apis/1]; client=[0:0:0:0:0:0:0:1]; method=[PUT]; status=[200]; servlet=[dispatcherServlet]; session=[null]; user=[admin@mail.com]; time=[243ms]
2025-10-12 18:18:02 [http-nio-8081-exec-3] DEBUG o.s.w.f.CommonsRequestLoggingFilter - After request [PUT /api/integrated-apis/1, client=0:0:0:0:0:0:0:1, user=admin@mail.com, payload={"code":"HEALTH_ANALYTICS","name":"Health Analytics API","type":"ANALYTICS","integratedSystem":"DHIS2.2","apiUrl":"/api/analytics.json?dimension=dx:Km0qVQob9MY;mCKqwPcYW7t.tsWtbszbNxf;mCKqwPcYW7t.btKH0SkeKBO;TrtkNB5aAds;XT0h5EGwdf9;xvHA0fLRcyX&dimension=ou:FKE8yFr2PKg;fcAX51tsDmQ","description":null,"isActive":true,"useOuFromRequest":false,"usePeFromRequest":true}]
2025-10-12 18:18:03 [http-nio-8081-exec-6] INFO  c.m.b.k.service.DynamicRouteService - Fetching active routes with pagination
2025-10-12 18:18:03 [http-nio-8081-exec-9] INFO  c.m.b.k.service.DynamicRouteService - Fetching active routes with pagination
2025-10-12 18:18:04 [http-nio-8081-exec-6] DEBUG o.s.w.f.CommonsRequestLoggingFilter - Before request [GET /api/integrated-apis/systems, client=0:0:0:0:0:0:0:1, user=admin@mail.com]
2025-10-12 18:18:04 [http-nio-8081-exec-6] DEBUG o.s.web.servlet.DispatcherServlet - GET "/api/integrated-apis/systems", parameters={}
2025-10-12 18:18:04 [http-nio-8081-exec-6] DEBUG o.s.w.s.m.m.a.RequestMappingHandlerMapping - Mapped to com.middleware.backend.kaotocamel.controller.IntegratedApiController#getIntegratedSystems()
2025-10-12 18:18:04 [http-nio-8081-exec-9] DEBUG o.s.w.f.CommonsRequestLoggingFilter - Before request [GET /api/integrated-apis?page=0&size=10, client=0:0:0:0:0:0:0:1, user=admin@mail.com]
2025-10-12 18:18:04 [http-nio-8081-exec-9] DEBUG o.s.web.servlet.DispatcherServlet - GET "/api/integrated-apis?page=0&size=10", parameters={masked}
2025-10-12 18:18:04 [http-nio-8081-exec-9] DEBUG o.s.w.s.m.m.a.RequestMappingHandlerMapping - Mapped to com.middleware.backend.kaotocamel.controller.IntegratedApiController#findAll(String, String, String, String, String, Boolean, String, LocalDateTime, LocalDateTime, LocalDateTime, LocalDateTime, String, Long, Long, int, int, String[])
2025-10-12 18:18:04 [http-nio-8081-exec-9] INFO  c.m.b.k.c.IntegratedApiController - === SORTING DEBUG ===
2025-10-12 18:18:04 [http-nio-8081-exec-9] INFO  c.m.b.k.c.IntegratedApiController - Received sort array: [id, desc]
2025-10-12 18:18:04 [http-nio-8081-exec-9] INFO  c.m.b.k.c.IntegratedApiController - Sort array length: 2
2025-10-12 18:18:04 [http-nio-8081-exec-9] INFO  c.m.b.k.c.IntegratedApiController - sort[0] = 'id'
2025-10-12 18:18:04 [http-nio-8081-exec-9] INFO  c.m.b.k.c.IntegratedApiController - sort[1] = 'desc'
2025-10-12 18:18:04 [http-nio-8081-exec-9] DEBUG c.m.b.k.c.IntegratedApiController - Received sort params: [id, desc]
2025-10-12 18:18:04 [http-nio-8081-exec-9] DEBUG c.m.b.k.c.IntegratedApiController - Handling separated params - field: 'id', direction: 'desc'
2025-10-12 18:18:04 [http-nio-8081-exec-9] DEBUG c.m.b.k.c.IntegratedApiController - Added separated sort order: id DESC
2025-10-12 18:18:04 [http-nio-8081-exec-9] DEBUG c.m.b.k.c.IntegratedApiController - Final sort object: id: DESC
2025-10-12 18:18:04 [http-nio-8081-exec-9] INFO  c.m.b.k.c.IntegratedApiController - Final Sort object: id: DESC
2025-10-12 18:18:04 [http-nio-8081-exec-9] INFO  c.m.b.k.c.IntegratedApiController - === END SORTING DEBUG ===
2025-10-12 18:18:04 [http-nio-8081-exec-9] INFO  c.m.b.k.c.IntegratedApiController - Pageable: Page request [number: 0, size 10, sort: id: DESC]
2025-10-12 18:18:04 [http-nio-8081-exec-6] DEBUG o.s.w.s.m.m.a.HttpEntityMethodProcessor - Using 'application/json', given [application/json] and supported [application/json, application/*+json, application/yaml]
2025-10-12 18:18:04 [http-nio-8081-exec-6] DEBUG o.s.w.s.m.m.a.HttpEntityMethodProcessor - Writing [[DHIS2.2]]
2025-10-12 18:18:04 [http-nio-8081-exec-6] DEBUG o.s.web.servlet.DispatcherServlet - Completed 200 OK
2025-10-12 18:18:04 [http-nio-8081-exec-6] DEBUG o.a.camel.spring.SpringCamelContext - onApplicationEvent: ServletRequestHandledEvent: url=[/api/integrated-apis/systems]; client=[0:0:0:0:0:0:0:1]; method=[GET]; status=[200]; servlet=[dispatcherServlet]; session=[null]; user=[admin@mail.com]; time=[230ms]
2025-10-12 18:18:04 [http-nio-8081-exec-6] DEBUG o.s.w.f.CommonsRequestLoggingFilter - After request [GET /api/integrated-apis/systems, client=0:0:0:0:0:0:0:1, user=admin@mail.com]
2025-10-12 18:18:04 [http-nio-8081-exec-9] DEBUG o.s.w.s.m.m.a.HttpEntityMethodProcessor - Using 'application/json', given [application/json] and supported [application/json, application/*+json, application/yaml]
2025-10-12 18:18:04 [http-nio-8081-exec-9] DEBUG o.s.w.s.m.m.a.HttpEntityMethodProcessor - Writing [Page 1 of 1 containing com.middleware.backend.kaotocamel.dto.IntegratedApiDto instances]
2025-10-12 18:18:04 [http-nio-8081-exec-9] DEBUG o.s.web.servlet.DispatcherServlet - Completed 200 OK
2025-10-12 18:18:04 [http-nio-8081-exec-9] DEBUG o.a.camel.spring.SpringCamelContext - onApplicationEvent: ServletRequestHandledEvent: url=[/api/integrated-apis]; client=[0:0:0:0:0:0:0:1]; method=[GET]; status=[200]; servlet=[dispatcherServlet]; session=[null]; user=[admin@mail.com]; time=[345ms]
2025-10-12 18:18:04 [http-nio-8081-exec-9] DEBUG o.s.w.f.CommonsRequestLoggingFilter - After request [GET /api/integrated-apis?page=0&size=10, client=0:0:0:0:0:0:0:1, user=admin@mail.com]
2025-10-12 18:18:04 [scheduling-1] INFO  c.m.b.k.service.DynamicRouteService - Starting route status sync with Camel context
2025-10-12 18:18:04 [scheduling-1] INFO  c.m.b.k.service.DynamicRouteService - Completed route status sync
2025-10-12 18:18:33 [http-nio-8081-exec-8] INFO  c.m.b.k.service.DynamicRouteService - Fetching active routes with pagination
2025-10-12 18:18:34 [http-nio-8081-exec-8] DEBUG o.s.w.f.CommonsRequestLoggingFilter - Before request [GET /api/middleware/healthmap?pe=20250&ou=FKE8yFr2PKg&_dhis2Code=DHIS2.2, client=0:0:0:0:0:0:0:1, user=admin@mail.com]
2025-10-12 18:18:34 [http-nio-8081-exec-8] DEBUG o.s.web.servlet.DispatcherServlet - GET "/api/middleware/healthmap?pe=20250&ou=FKE8yFr2PKg&_dhis2Code=DHIS2.2", parameters={masked}
2025-10-12 18:18:34 [http-nio-8081-exec-8] DEBUG o.s.w.s.m.m.a.RequestMappingHandlerMapping - Mapped to com.middleware.backend.kaotocamel.controller.MiddlewareController#processMiddlewareRequest(String, String, String, String)
2025-10-12 18:18:34 [http-nio-8081-exec-8] INFO  c.m.b.k.c.MiddlewareController - Processing middleware request - API: /healthmap, Period: 20250, OU: FKE8yFr2PKg, DHIS2: DHIS2.2
2025-10-12 18:18:34 [http-nio-8081-exec-8] INFO  c.m.b.k.s.MiddlewareProcessorService - Processing middleware request for API: /healthmap with period: 20250, ou: FKE8yFr2PKg
2025-10-12 18:18:34 [http-nio-8081-exec-8] INFO  c.m.b.k.s.MiddlewareProcessorService - Note: _dhis2Code parameter (DHIS2.2) is ignored - each API uses its own integratedSystem
2025-10-12 18:18:34 [http-nio-8081-exec-8] DEBUG c.m.b.k.s.MiddlewareProcessorService - Request parameters - ou: FKE8yFr2PKg, pe: 20250
2025-10-12 18:18:34 [http-nio-8081-exec-8] INFO  c.m.b.k.s.MiddlewareProcessorService - Grouped 8 mappings into 2 API calls
2025-10-12 18:18:34 [http-nio-8081-exec-8] INFO  c.m.b.k.s.MiddlewareProcessorService - Fetching org units metadata using integratedSystem: DHIS2.2
2025-10-12 18:18:34 [http-nio-8081-exec-8] INFO  c.m.b.k.service.Dhis2ClientService - Fetching metadata using integratedSystem: DHIS2.2 (from metadata API)
2025-10-12 18:18:34 [http-nio-8081-exec-8] DEBUG o.s.web.client.RestTemplate - HTTP GET https://hmis-dev.moh.gov.jo/dwh/api/metadata.json?organisationUnits=true&fields=id,code,name,displayName,shortName,description,openingDate,closedDate,level,phoneNumber,email,address,url,parent%5Bid,code,name,displayName,level%5D,ancestors%5Bid,code,name,displayName,level%5D,translations,organisationUnitGroups%5Bid,code,name%5D,lastUpdated,lastUpdatedBy%5Bid,displayName,username%5D,attributeValues%5Bvalue,attribute%5Bid,code,name%5D%5D
2025-10-12 18:18:34 [http-nio-8081-exec-8] DEBUG o.s.web.client.RestTemplate - Accept=[text/plain, application/json, application/yaml, application/*+json, */*]
2025-10-12 18:18:34 [scheduling-1] INFO  c.m.b.k.service.DynamicRouteService - Starting route status sync with Camel context
2025-10-12 18:18:34 [scheduling-1] INFO  c.m.b.k.service.DynamicRouteService - Completed route status sync
2025-10-12 18:18:35 [http-nio-8081-exec-8] DEBUG o.s.web.client.RestTemplate - Response 200 OK
2025-10-12 18:18:35 [http-nio-8081-exec-8] DEBUG o.s.web.client.RestTemplate - Reading to [java.lang.String] as "application/json;charset=UTF-8"
2025-10-12 18:18:36 [http-nio-8081-exec-8] INFO  c.m.b.k.service.Dhis2ClientService - Fetched 2201 org units from metadata API (integratedSystem: DHIS2.2)
2025-10-12 18:18:36 [http-nio-8081-exec-8] INFO  c.m.b.k.s.MiddlewareProcessorService - Executing call for API: HEALTH_ANALYTICS (ANALYTICS) using integratedSystem: DHIS2.2
2025-10-12 18:18:36 [http-nio-8081-exec-8] DEBUG c.m.b.k.s.MiddlewareProcessorService - API flags - useOuFromRequest: false, usePeFromRequest: true
2025-10-12 18:18:36 [http-nio-8081-exec-8] INFO  c.m.b.k.service.Dhis2ClientService - Using DHIS2 settings: integratedSystem=DHIS2.2, baseUrl=HTTPS://hmis-dev.moh.gov.jo/dwh
2025-10-12 18:18:36 [http-nio-8081-exec-8] DEBUG c.m.b.k.service.Dhis2ClientService - Built Analytics URL with flags (useOu=false, usePe=true): /api/analytics.json?dimension=dx:Km0qVQob9MY;mCKqwPcYW7t.tsWtbszbNxf;mCKqwPcYW7t.btKH0SkeKBO;TrtkNB5aAds;XT0h5EGwdf9;xvHA0fLRcyX&dimension=ou:FKE8yFr2PKg;fcAX51tsDmQ&dimension=pe:20250
2025-10-12 18:18:36 [http-nio-8081-exec-8] DEBUG o.s.web.client.RestTemplate - HTTP GET https://hmis-dev.moh.gov.jo/dwh/api/analytics.json?dimension=dx:Km0qVQob9MY;mCKqwPcYW7t.tsWtbszbNxf;mCKqwPcYW7t.btKH0SkeKBO;TrtkNB5aAds;XT0h5EGwdf9;xvHA0fLRcyX&dimension=ou:FKE8yFr2PKg;fcAX51tsDmQ&dimension=pe:20250
2025-10-12 18:18:36 [http-nio-8081-exec-8] DEBUG o.s.web.client.RestTemplate - Accept=[text/plain, application/json, application/yaml, application/*+json, */*]
2025-10-12 18:18:37 [http-nio-8081-exec-8] DEBUG o.s.web.client.RestTemplate - Response 409 CONFLICT
2025-10-12 18:18:37 [http-nio-8081-exec-8] ERROR c.m.b.k.service.Dhis2ClientService - DHIS2 API error: 409 CONFLICT - {"httpStatus":"Conflict","httpStatusCode":409,"status":"ERROR","message":"Period not valid: `20250`","errorCode":"E7611"}
2025-10-12 18:18:37 [http-nio-8081-exec-8] ERROR c.m.b.k.s.MiddlewareProcessorService - Failed to execute API call for HEALTH_ANALYTICS: DHIS2 API error: 409  on GET request for "https://hmis-dev.moh.gov.jo/dwh/api/analytics.json": "{"httpStatus":"Conflict","httpStatusCode":409,"status":"ERROR","message":"Period not valid: `20250`","errorCode":"E7611"}"
2025-10-12 18:18:37 [http-nio-8081-exec-8] INFO  c.m.b.k.s.MiddlewareProcessorService - Executing call for API: ATTR (ANALYTICS) using integratedSystem: DHIS2.2
2025-10-12 18:18:37 [http-nio-8081-exec-8] DEBUG c.m.b.k.s.MiddlewareProcessorService - API flags - useOuFromRequest: false, usePeFromRequest: false
2025-10-12 18:18:37 [http-nio-8081-exec-8] INFO  c.m.b.k.service.Dhis2ClientService - Using DHIS2 settings: integratedSystem=DHIS2.2, baseUrl=HTTPS://hmis-dev.moh.gov.jo/dwh
2025-10-12 18:18:37 [http-nio-8081-exec-8] DEBUG c.m.b.k.service.Dhis2ClientService - Built Analytics URL with flags (useOu=false, usePe=false): /api/analytics.json?dimension=dx:mCryL70xgcR;mCryL70xgcR.koh0tliu6RV;mCryL70xgcR.n7l9dA920vy;eeGloPJ7lGX&dimension=ou:CI1vsTW2OMP&dimension=pe:202507&dimension=UedUhlkhYWX:M0TzDNQdeju
2025-10-12 18:18:37 [http-nio-8081-exec-8] DEBUG o.s.web.client.RestTemplate - HTTP GET https://hmis-dev.moh.gov.jo/dwh/api/analytics.json?dimension=dx:mCryL70xgcR;mCryL70xgcR.koh0tliu6RV;mCryL70xgcR.n7l9dA920vy;eeGloPJ7lGX&dimension=ou:CI1vsTW2OMP&dimension=pe:202507&dimension=UedUhlkhYWX:M0TzDNQdeju
2025-10-12 18:18:37 [http-nio-8081-exec-8] DEBUG o.s.web.client.RestTemplate - Accept=[text/plain, application/json, application/yaml, application/*+json, */*]
2025-10-12 18:18:38 [http-nio-8081-exec-8] DEBUG o.s.web.client.RestTemplate - Response 200 OK
2025-10-12 18:18:38 [http-nio-8081-exec-8] DEBUG o.s.web.client.RestTemplate - Reading to [java.lang.String] as "application/json;charset=UTF-8"
2025-10-12 18:18:38 [http-nio-8081-exec-8] INFO  c.m.b.k.s.MiddlewareProcessorService - Detected attribute dimension: UedUhlkhYWX at index 3
2025-10-12 18:18:38 [http-nio-8081-exec-8] INFO  c.m.b.k.s.MiddlewareProcessorService - Built middleware response with 1 rows
2025-10-12 18:18:38 [http-nio-8081-exec-8] INFO  c.m.b.k.c.MiddlewareController - Middleware request processed - API: /healthmap, Time: 3845ms, Rows: 1
2025-10-12 18:18:38 [http-nio-8081-exec-8] DEBUG o.s.w.s.m.m.a.HttpEntityMethodProcessor - Using 'application/json', given [*/*] and supported [application/json, application/*+json, application/yaml]
2025-10-12 18:18:38 [http-nio-8081-exec-8] DEBUG o.s.w.s.m.m.a.HttpEntityMethodProcessor - Writing [MiddlewareResponseDto(rows=[MiddlewareRowDto(ou=CI1vsTW2OMP, ouName=مستشفى البشير, ouDetails={code=1 (truncated)...]
2025-10-12 18:18:38 [http-nio-8081-exec-8] DEBUG o.s.web.servlet.DispatcherServlet - Completed 200 OK
2025-10-12 18:18:38 [http-nio-8081-exec-8] DEBUG o.a.camel.spring.SpringCamelContext - onApplicationEvent: ServletRequestHandledEvent: url=[/api/middleware/healthmap]; client=[0:0:0:0:0:0:0:1]; method=[GET]; status=[200]; servlet=[dispatcherServlet]; session=[null]; user=[admin@mail.com]; time=[3854ms]
2025-10-12 18:18:38 [http-nio-8081-exec-8] DEBUG o.s.w.f.CommonsRequestLoggingFilter - After request [GET /api/middleware/healthmap?pe=20250&ou=FKE8yFr2PKg&_dhis2Code=DHIS2.2, client=0:0:0:0:0:0:0:1, user=admin@mail.com]
2025-10-12 18:19:04 [scheduling-1] INFO  c.m.b.k.service.DynamicRouteService - Starting route status sync with Camel context
2025-10-12 18:19:04 [scheduling-1] INFO  c.m.b.k.service.DynamicRouteService - Completed route status sync
2025-10-12 18:19:22 [http-nio-8081-exec-7] INFO  c.m.b.k.service.DynamicRouteService - Fetching active routes with pagination
2025-10-12 18:19:22 [http-nio-8081-exec-5] INFO  c.m.b.k.service.DynamicRouteService - Fetching active routes with pagination
2025-10-12 18:19:22 [http-nio-8081-exec-4] INFO  c.m.b.k.service.DynamicRouteService - Fetching active routes with pagination
2025-10-12 18:19:23 [http-nio-8081-exec-7] DEBUG o.s.w.f.CommonsRequestLoggingFilter - Before request [GET /api/integrated-apis?page=0&size=10, client=0:0:0:0:0:0:0:1, user=admin@mail.com]
2025-10-12 18:19:23 [http-nio-8081-exec-7] DEBUG o.s.web.servlet.DispatcherServlet - GET "/api/integrated-apis?page=0&size=10", parameters={masked}
2025-10-12 18:19:23 [http-nio-8081-exec-7] DEBUG o.s.w.s.m.m.a.RequestMappingHandlerMapping - Mapped to com.middleware.backend.kaotocamel.controller.IntegratedApiController#findAll(String, String, String, String, String, Boolean, String, LocalDateTime, LocalDateTime, LocalDateTime, LocalDateTime, String, Long, Long, int, int, String[])
2025-10-12 18:19:23 [http-nio-8081-exec-7] INFO  c.m.b.k.c.IntegratedApiController - === SORTING DEBUG ===
2025-10-12 18:19:23 [http-nio-8081-exec-7] INFO  c.m.b.k.c.IntegratedApiController - Received sort array: [id, desc]
2025-10-12 18:19:23 [http-nio-8081-exec-7] INFO  c.m.b.k.c.IntegratedApiController - Sort array length: 2
2025-10-12 18:19:23 [http-nio-8081-exec-7] INFO  c.m.b.k.c.IntegratedApiController - sort[0] = 'id'
2025-10-12 18:19:23 [http-nio-8081-exec-7] INFO  c.m.b.k.c.IntegratedApiController - sort[1] = 'desc'
2025-10-12 18:19:23 [http-nio-8081-exec-7] DEBUG c.m.b.k.c.IntegratedApiController - Received sort params: [id, desc]
2025-10-12 18:19:23 [http-nio-8081-exec-7] DEBUG c.m.b.k.c.IntegratedApiController - Handling separated params - field: 'id', direction: 'desc'
2025-10-12 18:19:23 [http-nio-8081-exec-7] DEBUG c.m.b.k.c.IntegratedApiController - Added separated sort order: id DESC
2025-10-12 18:19:23 [http-nio-8081-exec-7] DEBUG c.m.b.k.c.IntegratedApiController - Final sort object: id: DESC
2025-10-12 18:19:23 [http-nio-8081-exec-7] INFO  c.m.b.k.c.IntegratedApiController - Final Sort object: id: DESC
2025-10-12 18:19:23 [http-nio-8081-exec-7] INFO  c.m.b.k.c.IntegratedApiController - === END SORTING DEBUG ===
2025-10-12 18:19:23 [http-nio-8081-exec-7] INFO  c.m.b.k.c.IntegratedApiController - Pageable: Page request [number: 0, size 10, sort: id: DESC]
2025-10-12 18:19:23 [http-nio-8081-exec-5] DEBUG o.s.w.f.CommonsRequestLoggingFilter - Before request [GET /api/integrated-apis/systems, client=0:0:0:0:0:0:0:1, user=admin@mail.com]
2025-10-12 18:19:23 [http-nio-8081-exec-5] DEBUG o.s.web.servlet.DispatcherServlet - GET "/api/integrated-apis/systems", parameters={}
2025-10-12 18:19:23 [http-nio-8081-exec-5] DEBUG o.s.w.s.m.m.a.RequestMappingHandlerMapping - Mapped to com.middleware.backend.kaotocamel.controller.IntegratedApiController#getIntegratedSystems()
2025-10-12 18:19:23 [http-nio-8081-exec-4] DEBUG o.s.w.f.CommonsRequestLoggingFilter - Before request [GET /api/integration-mappings/middleware-apis, client=0:0:0:0:0:0:0:1, user=admin@mail.com]
2025-10-12 18:19:23 [http-nio-8081-exec-4] DEBUG o.s.web.servlet.DispatcherServlet - GET "/api/integration-mappings/middleware-apis", parameters={}
2025-10-12 18:19:23 [http-nio-8081-exec-4] DEBUG o.s.w.s.m.m.a.RequestMappingHandlerMapping - Mapped to com.middleware.backend.kaotocamel.controller.IntegrationMappingAdminController#getMiddlewareApis()
2025-10-12 18:19:23 [http-nio-8081-exec-7] DEBUG o.s.w.s.m.m.a.HttpEntityMethodProcessor - Using 'application/json', given [application/json] and supported [application/json, application/*+json, application/yaml]
2025-10-12 18:19:23 [http-nio-8081-exec-7] DEBUG o.s.w.s.m.m.a.HttpEntityMethodProcessor - Writing [Page 1 of 1 containing com.middleware.backend.kaotocamel.dto.IntegratedApiDto instances]
2025-10-12 18:19:23 [http-nio-8081-exec-4] INFO  c.m.b.k.c.IntegrationMappingAdminController - Found 2 distinct middleware APIs
2025-10-12 18:19:23 [http-nio-8081-exec-4] DEBUG o.s.w.s.m.m.a.HttpEntityMethodProcessor - Using 'application/json', given [application/json] and supported [application/json, application/*+json, application/yaml]
2025-10-12 18:19:23 [http-nio-8081-exec-7] DEBUG o.s.web.servlet.DispatcherServlet - Completed 200 OK
2025-10-12 18:19:23 [http-nio-8081-exec-4] DEBUG o.s.w.s.m.m.a.HttpEntityMethodProcessor - Writing [[/healthmap, /healthmapATTR]]
2025-10-12 18:19:23 [http-nio-8081-exec-7] DEBUG o.a.camel.spring.SpringCamelContext - onApplicationEvent: ServletRequestHandledEvent: url=[/api/integrated-apis]; client=[0:0:0:0:0:0:0:1]; method=[GET]; status=[200]; servlet=[dispatcherServlet]; session=[null]; user=[admin@mail.com]; time=[250ms]
2025-10-12 18:19:23 [http-nio-8081-exec-7] DEBUG o.s.w.f.CommonsRequestLoggingFilter - After request [GET /api/integrated-apis?page=0&size=10, client=0:0:0:0:0:0:0:1, user=admin@mail.com]
2025-10-12 18:19:23 [http-nio-8081-exec-5] DEBUG o.s.w.s.m.m.a.HttpEntityMethodProcessor - Using 'application/json', given [application/json] and supported [application/json, application/*+json, application/yaml]
2025-10-12 18:19:23 [http-nio-8081-exec-5] DEBUG o.s.w.s.m.m.a.HttpEntityMethodProcessor - Writing [[DHIS2.2]]
2025-10-12 18:19:23 [http-nio-8081-exec-5] DEBUG o.s.web.servlet.DispatcherServlet - Completed 200 OK
2025-10-12 18:19:23 [http-nio-8081-exec-4] DEBUG o.s.web.servlet.DispatcherServlet - Completed 200 OK
2025-10-12 18:19:23 [http-nio-8081-exec-4] DEBUG o.a.camel.spring.SpringCamelContext - onApplicationEvent: ServletRequestHandledEvent: url=[/api/integration-mappings/middleware-apis]; client=[0:0:0:0:0:0:0:1]; method=[GET]; status=[200]; servlet=[dispatcherServlet]; session=[null]; user=[admin@mail.com]; time=[228ms]
2025-10-12 18:19:23 [http-nio-8081-exec-5] DEBUG o.a.camel.spring.SpringCamelContext - onApplicationEvent: ServletRequestHandledEvent: url=[/api/integrated-apis/systems]; client=[0:0:0:0:0:0:0:1]; method=[GET]; status=[200]; servlet=[dispatcherServlet]; session=[null]; user=[admin@mail.com]; time=[234ms]
2025-10-12 18:19:23 [http-nio-8081-exec-4] DEBUG o.s.w.f.CommonsRequestLoggingFilter - After request [GET /api/integration-mappings/middleware-apis, client=0:0:0:0:0:0:0:1, user=admin@mail.com]
2025-10-12 18:19:23 [http-nio-8081-exec-5] DEBUG o.s.w.f.CommonsRequestLoggingFilter - After request [GET /api/integrated-apis/systems, client=0:0:0:0:0:0:0:1, user=admin@mail.com]
2025-10-12 18:19:30 [http-nio-8081-exec-3] INFO  c.m.b.k.service.DynamicRouteService - Fetching active routes with pagination
2025-10-12 18:19:30 [http-nio-8081-exec-3] DEBUG o.s.w.f.CommonsRequestLoggingFilter - Before request [GET /api/integrated-apis/3, client=0:0:0:0:0:0:0:1, user=admin@mail.com]
2025-10-12 18:19:30 [http-nio-8081-exec-3] DEBUG o.s.web.servlet.DispatcherServlet - GET "/api/integrated-apis/3", parameters={}
2025-10-12 18:19:30 [http-nio-8081-exec-3] DEBUG o.s.w.s.m.m.a.RequestMappingHandlerMapping - Mapped to com.middleware.backend.kaotocamel.controller.IntegratedApiController#findById(Long)
2025-10-12 18:19:31 [http-nio-8081-exec-3] DEBUG o.s.w.s.m.m.a.HttpEntityMethodProcessor - Using 'application/json', given [application/json] and supported [application/json, application/*+json, application/yaml]
2025-10-12 18:19:31 [http-nio-8081-exec-3] DEBUG o.s.w.s.m.m.a.HttpEntityMethodProcessor - Writing [IntegratedApiDto(id=3, code=ATTR, name=Hospital Monthly Report API, apiUrl=/api/analytics.json?dimen (truncated)...]
2025-10-12 18:19:31 [http-nio-8081-exec-3] DEBUG o.s.web.servlet.DispatcherServlet - Completed 200 OK
2025-10-12 18:19:31 [http-nio-8081-exec-3] DEBUG o.a.camel.spring.SpringCamelContext - onApplicationEvent: ServletRequestHandledEvent: url=[/api/integrated-apis/3]; client=[0:0:0:0:0:0:0:1]; method=[GET]; status=[200]; servlet=[dispatcherServlet]; session=[null]; user=[admin@mail.com]; time=[167ms]
2025-10-12 18:19:31 [http-nio-8081-exec-3] DEBUG o.s.w.f.CommonsRequestLoggingFilter - After request [GET /api/integrated-apis/3, client=0:0:0:0:0:0:0:1, user=admin@mail.com]
2025-10-12 18:19:34 [scheduling-1] INFO  c.m.b.k.service.DynamicRouteService - Starting route status sync with Camel context
2025-10-12 18:19:34 [scheduling-1] INFO  c.m.b.k.service.DynamicRouteService - Completed route status sync
2025-10-12 18:20:04 [scheduling-1] INFO  c.m.b.k.service.DynamicRouteService - Starting route status sync with Camel context
2025-10-12 18:20:04 [scheduling-1] INFO  c.m.b.k.service.DynamicRouteService - Completed route status sync
2025-10-12 18:20:34 [scheduling-1] INFO  c.m.b.k.service.DynamicRouteService - Starting route status sync with Camel context
2025-10-12 18:20:34 [scheduling-1] INFO  c.m.b.k.service.DynamicRouteService - Completed route status sync
2025-10-12 18:21:04 [scheduling-1] INFO  c.m.b.k.service.DynamicRouteService - Starting route status sync with Camel context
2025-10-12 18:21:04 [scheduling-1] INFO  c.m.b.k.service.DynamicRouteService - Completed route status sync
2025-10-12 18:21:34 [scheduling-1] INFO  c.m.b.k.service.DynamicRouteService - Starting route status sync with Camel context
2025-10-12 18:21:34 [scheduling-1] INFO  c.m.b.k.service.DynamicRouteService - Completed route status sync
2025-10-12 18:21:35 [http-nio-8081-exec-10] INFO  c.m.b.k.service.DynamicRouteService - Fetching active routes with pagination
2025-10-12 18:21:35 [http-nio-8081-exec-10] DEBUG o.s.w.f.CommonsRequestLoggingFilter - Before request [GET /api/integration-mappings/middleware-apis, client=0:0:0:0:0:0:0:1, user=admin@mail.com]
2025-10-12 18:21:35 [http-nio-8081-exec-10] DEBUG o.s.web.servlet.DispatcherServlet - GET "/api/integration-mappings/middleware-apis", parameters={}
2025-10-12 18:21:35 [http-nio-8081-exec-10] DEBUG o.s.w.s.m.m.a.RequestMappingHandlerMapping - Mapped to com.middleware.backend.kaotocamel.controller.IntegrationMappingAdminController#getMiddlewareApis()
2025-10-12 18:21:35 [http-nio-8081-exec-10] INFO  c.m.b.k.c.IntegrationMappingAdminController - Found 2 distinct middleware APIs
2025-10-12 18:21:35 [http-nio-8081-exec-10] DEBUG o.s.w.s.m.m.a.HttpEntityMethodProcessor - Using 'application/json', given [application/json] and supported [application/json, application/*+json, application/yaml]
2025-10-12 18:21:35 [http-nio-8081-exec-10] DEBUG o.s.w.s.m.m.a.HttpEntityMethodProcessor - Writing [[/healthmap, /healthmapATTR]]
2025-10-12 18:21:35 [http-nio-8081-exec-10] DEBUG o.s.web.servlet.DispatcherServlet - Completed 200 OK
2025-10-12 18:21:35 [http-nio-8081-exec-10] DEBUG o.a.camel.spring.SpringCamelContext - onApplicationEvent: ServletRequestHandledEvent: url=[/api/integration-mappings/middleware-apis]; client=[0:0:0:0:0:0:0:1]; method=[GET]; status=[200]; servlet=[dispatcherServlet]; session=[null]; user=[admin@mail.com]; time=[191ms]
2025-10-12 18:21:35 [http-nio-8081-exec-10] DEBUG o.s.w.f.CommonsRequestLoggingFilter - After request [GET /api/integration-mappings/middleware-apis, client=0:0:0:0:0:0:0:1, user=admin@mail.com]
2025-10-12 18:22:04 [scheduling-1] INFO  c.m.b.k.service.DynamicRouteService - Starting route status sync with Camel context
2025-10-12 18:22:04 [scheduling-1] INFO  c.m.b.k.service.DynamicRouteService - Completed route status sync
2025-10-12 18:22:34 [scheduling-1] INFO  c.m.b.k.service.DynamicRouteService - Starting route status sync with Camel context
2025-10-12 18:22:34 [scheduling-1] INFO  c.m.b.k.service.DynamicRouteService - Completed route status sync
2025-10-12 18:22:42 [http-nio-8081-exec-4] INFO  c.m.b.k.service.DynamicRouteService - Fetching active routes with pagination
2025-10-12 18:22:43 [http-nio-8081-exec-4] DEBUG o.s.w.f.CommonsRequestLoggingFilter - Before request [POST /api/integrated-apis, client=0:0:0:0:0:0:0:1, user=admin@mail.com]
2025-10-12 18:22:43 [http-nio-8081-exec-4] DEBUG o.s.web.servlet.DispatcherServlet - POST "/api/integrated-apis", parameters={}
2025-10-12 18:22:43 [http-nio-8081-exec-4] DEBUG o.s.w.s.m.m.a.RequestMappingHandlerMapping - Mapped to com.middleware.backend.kaotocamel.controller.IntegratedApiController#create(IntegratedApiRequestDto)
2025-10-12 18:22:43 [http-nio-8081-exec-4] DEBUG o.s.w.s.m.m.a.RequestResponseBodyMethodProcessor - Read "application/json;charset=UTF-8" to [IntegratedApiRequestDto(code=Kadomi, name=Kadomi, apiUrl=/api/analytics.json?dimension=dx:mQpoulfu9H (truncated)...]
2025-10-12 18:22:43 [http-nio-8081-exec-4] INFO  c.m.b.k.service.IntegratedApiService - Creating integrated API with code: Kadomi
2025-10-12 18:22:43 [http-nio-8081-exec-4] INFO  c.m.b.k.service.IntegratedApiService - Created integrated API: Kadomi (ID: 4)
2025-10-12 18:22:43 [http-nio-8081-exec-4] INFO  c.m.b.k.c.IntegratedApiController - Created integrated API: Kadomi
2025-10-12 18:22:43 [http-nio-8081-exec-4] DEBUG o.s.w.s.m.m.a.HttpEntityMethodProcessor - Using 'application/json', given [application/json] and supported [application/json, application/*+json, application/yaml]
2025-10-12 18:22:43 [http-nio-8081-exec-4] DEBUG o.s.w.s.m.m.a.HttpEntityMethodProcessor - Writing [IntegratedApiDto(id=4, code=Kadomi, name=Kadomi, apiUrl=/api/analytics.json?dimension=dx:mQpoulfu9H9 (truncated)...]
2025-10-12 18:22:43 [http-nio-8081-exec-4] DEBUG o.s.web.servlet.DispatcherServlet - Completed 201 CREATED
2025-10-12 18:22:43 [http-nio-8081-exec-4] DEBUG o.a.camel.spring.SpringCamelContext - onApplicationEvent: ServletRequestHandledEvent: url=[/api/integrated-apis]; client=[0:0:0:0:0:0:0:1]; method=[POST]; status=[201]; servlet=[dispatcherServlet]; session=[null]; user=[admin@mail.com]; time=[226ms]
2025-10-12 18:22:43 [http-nio-8081-exec-4] DEBUG o.s.w.f.CommonsRequestLoggingFilter - After request [POST /api/integrated-apis, client=0:0:0:0:0:0:0:1, user=admin@mail.com, payload={"code":"Kadomi","name":"Kadomi","type":"ANALYTICS","integratedSystem":"DHIS2.2","apiUrl":"/api/analytics.json?dimension=dx:mQpoulfu9H9;WAyxe0razbM;gscmTUe3OEY&dimension=ou:CI1vsTW2OMP&dimension=pe:202505","description":null,"isActive":true,"useOuFromRequest":false,"usePeFromRequest":false}]
2025-10-12 18:22:44 [http-nio-8081-exec-3] INFO  c.m.b.k.service.DynamicRouteService - Fetching active routes with pagination
2025-10-12 18:22:44 [http-nio-8081-exec-5] INFO  c.m.b.k.service.DynamicRouteService - Fetching active routes with pagination
2025-10-12 18:22:44 [http-nio-8081-exec-3] DEBUG o.s.w.f.CommonsRequestLoggingFilter - Before request [GET /api/integrated-apis/systems, client=0:0:0:0:0:0:0:1, user=admin@mail.com]
2025-10-12 18:22:44 [http-nio-8081-exec-3] DEBUG o.s.web.servlet.DispatcherServlet - GET "/api/integrated-apis/systems", parameters={}
2025-10-12 18:22:44 [http-nio-8081-exec-3] DEBUG o.s.w.s.m.m.a.RequestMappingHandlerMapping - Mapped to com.middleware.backend.kaotocamel.controller.IntegratedApiController#getIntegratedSystems()
2025-10-12 18:22:44 [http-nio-8081-exec-5] DEBUG o.s.w.f.CommonsRequestLoggingFilter - Before request [GET /api/integrated-apis?page=0&size=10, client=0:0:0:0:0:0:0:1, user=admin@mail.com]
2025-10-12 18:22:44 [http-nio-8081-exec-5] DEBUG o.s.web.servlet.DispatcherServlet - GET "/api/integrated-apis?page=0&size=10", parameters={masked}
2025-10-12 18:22:44 [http-nio-8081-exec-5] DEBUG o.s.w.s.m.m.a.RequestMappingHandlerMapping - Mapped to com.middleware.backend.kaotocamel.controller.IntegratedApiController#findAll(String, String, String, String, String, Boolean, String, LocalDateTime, LocalDateTime, LocalDateTime, LocalDateTime, String, Long, Long, int, int, String[])
2025-10-12 18:22:44 [http-nio-8081-exec-5] INFO  c.m.b.k.c.IntegratedApiController - === SORTING DEBUG ===
2025-10-12 18:22:44 [http-nio-8081-exec-5] INFO  c.m.b.k.c.IntegratedApiController - Received sort array: [id, desc]
2025-10-12 18:22:44 [http-nio-8081-exec-5] INFO  c.m.b.k.c.IntegratedApiController - Sort array length: 2
2025-10-12 18:22:44 [http-nio-8081-exec-5] INFO  c.m.b.k.c.IntegratedApiController - sort[0] = 'id'
2025-10-12 18:22:44 [http-nio-8081-exec-5] INFO  c.m.b.k.c.IntegratedApiController - sort[1] = 'desc'
2025-10-12 18:22:44 [http-nio-8081-exec-5] DEBUG c.m.b.k.c.IntegratedApiController - Received sort params: [id, desc]
2025-10-12 18:22:44 [http-nio-8081-exec-5] DEBUG c.m.b.k.c.IntegratedApiController - Handling separated params - field: 'id', direction: 'desc'
2025-10-12 18:22:44 [http-nio-8081-exec-5] DEBUG c.m.b.k.c.IntegratedApiController - Added separated sort order: id DESC
2025-10-12 18:22:44 [http-nio-8081-exec-5] DEBUG c.m.b.k.c.IntegratedApiController - Final sort object: id: DESC
2025-10-12 18:22:44 [http-nio-8081-exec-5] INFO  c.m.b.k.c.IntegratedApiController - Final Sort object: id: DESC
2025-10-12 18:22:44 [http-nio-8081-exec-5] INFO  c.m.b.k.c.IntegratedApiController - === END SORTING DEBUG ===
2025-10-12 18:22:44 [http-nio-8081-exec-5] INFO  c.m.b.k.c.IntegratedApiController - Pageable: Page request [number: 0, size 10, sort: id: DESC]
2025-10-12 18:22:45 [http-nio-8081-exec-3] DEBUG o.s.w.s.m.m.a.HttpEntityMethodProcessor - Using 'application/json', given [application/json] and supported [application/json, application/*+json, application/yaml]
2025-10-12 18:22:45 [http-nio-8081-exec-3] DEBUG o.s.w.s.m.m.a.HttpEntityMethodProcessor - Writing [[DHIS2.2]]
2025-10-12 18:22:45 [http-nio-8081-exec-3] DEBUG o.s.web.servlet.DispatcherServlet - Completed 200 OK
2025-10-12 18:22:45 [http-nio-8081-exec-3] DEBUG o.a.camel.spring.SpringCamelContext - onApplicationEvent: ServletRequestHandledEvent: url=[/api/integrated-apis/systems]; client=[0:0:0:0:0:0:0:1]; method=[GET]; status=[200]; servlet=[dispatcherServlet]; session=[null]; user=[admin@mail.com]; time=[226ms]
2025-10-12 18:22:45 [http-nio-8081-exec-3] DEBUG o.s.w.f.CommonsRequestLoggingFilter - After request [GET /api/integrated-apis/systems, client=0:0:0:0:0:0:0:1, user=admin@mail.com]
2025-10-12 18:22:45 [http-nio-8081-exec-5] DEBUG o.s.w.s.m.m.a.HttpEntityMethodProcessor - Using 'application/json', given [application/json] and supported [application/json, application/*+json, application/yaml]
2025-10-12 18:22:45 [http-nio-8081-exec-5] DEBUG o.s.w.s.m.m.a.HttpEntityMethodProcessor - Writing [Page 1 of 1 containing com.middleware.backend.kaotocamel.dto.IntegratedApiDto instances]
2025-10-12 18:22:45 [http-nio-8081-exec-5] DEBUG o.s.web.servlet.DispatcherServlet - Completed 200 OK
2025-10-12 18:22:45 [http-nio-8081-exec-5] DEBUG o.a.camel.spring.SpringCamelContext - onApplicationEvent: ServletRequestHandledEvent: url=[/api/integrated-apis]; client=[0:0:0:0:0:0:0:1]; method=[GET]; status=[200]; servlet=[dispatcherServlet]; session=[null]; user=[admin@mail.com]; time=[228ms]
2025-10-12 18:22:45 [http-nio-8081-exec-5] DEBUG o.s.w.f.CommonsRequestLoggingFilter - After request [GET /api/integrated-apis?page=0&size=10, client=0:0:0:0:0:0:0:1, user=admin@mail.com]
2025-10-12 18:23:04 [scheduling-1] INFO  c.m.b.k.service.DynamicRouteService - Starting route status sync with Camel context
2025-10-12 18:23:04 [scheduling-1] INFO  c.m.b.k.service.DynamicRouteService - Completed route status sync
2025-10-12 18:23:34 [scheduling-1] INFO  c.m.b.k.service.DynamicRouteService - Starting route status sync with Camel context
2025-10-12 18:23:34 [scheduling-1] INFO  c.m.b.k.service.DynamicRouteService - Completed route status sync
2025-10-12 18:24:04 [scheduling-1] INFO  c.m.b.k.service.DynamicRouteService - Starting route status sync with Camel context
2025-10-12 18:24:04 [scheduling-1] INFO  c.m.b.k.service.DynamicRouteService - Completed route status sync
2025-10-12 18:24:34 [scheduling-1] INFO  c.m.b.k.service.DynamicRouteService - Starting route status sync with Camel context
2025-10-12 18:24:34 [scheduling-1] INFO  c.m.b.k.service.DynamicRouteService - Completed route status sync
2025-10-12 18:25:04 [scheduling-1] INFO  c.m.b.k.service.DynamicRouteService - Starting route status sync with Camel context
2025-10-12 18:25:04 [scheduling-1] INFO  c.m.b.k.service.DynamicRouteService - Completed route status sync
2025-10-12 18:25:34 [scheduling-1] INFO  c.m.b.k.service.DynamicRouteService - Starting route status sync with Camel context
2025-10-12 18:25:34 [scheduling-1] INFO  c.m.b.k.service.DynamicRouteService - Completed route status sync
2025-10-12 18:26:04 [scheduling-1] INFO  c.m.b.k.service.DynamicRouteService - Starting route status sync with Camel context
2025-10-12 18:26:04 [scheduling-1] INFO  c.m.b.k.service.DynamicRouteService - Completed route status sync
2025-10-12 18:26:28 [http-nio-8081-exec-8] INFO  c.m.b.k.service.DynamicRouteService - Fetching active routes with pagination
2025-10-12 18:26:28 [http-nio-8081-exec-8] DEBUG o.s.w.f.CommonsRequestLoggingFilter - Before request [GET /api/integrated-apis/4, client=0:0:0:0:0:0:0:1, user=admin@mail.com]
2025-10-12 18:26:28 [http-nio-8081-exec-8] DEBUG o.s.web.servlet.DispatcherServlet - GET "/api/integrated-apis/4", parameters={}
2025-10-12 18:26:28 [http-nio-8081-exec-8] DEBUG o.s.w.s.m.m.a.RequestMappingHandlerMapping - Mapped to com.middleware.backend.kaotocamel.controller.IntegratedApiController#findById(Long)
2025-10-12 18:26:28 [http-nio-8081-exec-8] DEBUG o.s.w.s.m.m.a.HttpEntityMethodProcessor - Using 'application/json', given [application/json] and supported [application/json, application/*+json, application/yaml]
2025-10-12 18:26:28 [http-nio-8081-exec-8] DEBUG o.s.w.s.m.m.a.HttpEntityMethodProcessor - Writing [IntegratedApiDto(id=4, code=Kadomi, name=Kadomi, apiUrl=/api/analytics.json?dimension=dx:mQpoulfu9H9 (truncated)...]
2025-10-12 18:26:28 [http-nio-8081-exec-8] DEBUG o.s.web.servlet.DispatcherServlet - Completed 200 OK
2025-10-12 18:26:28 [http-nio-8081-exec-8] DEBUG o.a.camel.spring.SpringCamelContext - onApplicationEvent: ServletRequestHandledEvent: url=[/api/integrated-apis/4]; client=[0:0:0:0:0:0:0:1]; method=[GET]; status=[200]; servlet=[dispatcherServlet]; session=[null]; user=[admin@mail.com]; time=[174ms]
2025-10-12 18:26:28 [http-nio-8081-exec-8] DEBUG o.s.w.f.CommonsRequestLoggingFilter - After request [GET /api/integrated-apis/4, client=0:0:0:0:0:0:0:1, user=admin@mail.com]
2025-10-12 18:26:34 [scheduling-1] INFO  c.m.b.k.service.DynamicRouteService - Starting route status sync with Camel context
2025-10-12 18:26:34 [scheduling-1] INFO  c.m.b.k.service.DynamicRouteService - Completed route status sync
2025-10-12 18:26:55 [http-nio-8081-exec-2] INFO  c.m.b.k.service.DynamicRouteService - Fetching active routes with pagination
2025-10-12 18:26:55 [http-nio-8081-exec-2] DEBUG o.s.w.f.CommonsRequestLoggingFilter - Before request [PUT /api/integrated-apis/4, client=0:0:0:0:0:0:0:1, user=admin@mail.com]
2025-10-12 18:26:55 [http-nio-8081-exec-2] DEBUG o.s.web.servlet.DispatcherServlet - PUT "/api/integrated-apis/4", parameters={}
2025-10-12 18:26:55 [http-nio-8081-exec-2] DEBUG o.s.w.s.m.m.a.RequestMappingHandlerMapping - Mapped to com.middleware.backend.kaotocamel.controller.IntegratedApiController#update(Long, IntegratedApiRequestDto)
2025-10-12 18:26:55 [http-nio-8081-exec-2] DEBUG o.s.w.s.m.m.a.RequestResponseBodyMethodProcessor - Read "application/json;charset=UTF-8" to [IntegratedApiRequestDto(code=Kadomi, name=Kadomi, apiUrl=/api/analytics.json?dimension=dx:k5A4Y81dCW (truncated)...]
2025-10-12 18:26:55 [http-nio-8081-exec-2] INFO  c.m.b.k.service.IntegratedApiService - Updating integrated API: 4
2025-10-12 18:26:55 [http-nio-8081-exec-2] INFO  c.m.b.k.service.IntegratedApiService - Updated integrated API: Kadomi
2025-10-12 18:26:55 [http-nio-8081-exec-2] INFO  c.m.b.k.c.IntegratedApiController - Updated integrated API: Kadomi
2025-10-12 18:26:55 [http-nio-8081-exec-2] DEBUG o.s.w.s.m.m.a.HttpEntityMethodProcessor - Using 'application/json', given [application/json] and supported [application/json, application/*+json, application/yaml]
2025-10-12 18:26:55 [http-nio-8081-exec-2] DEBUG o.s.w.s.m.m.a.HttpEntityMethodProcessor - Writing [IntegratedApiDto(id=4, code=Kadomi, name=Kadomi, apiUrl=/api/analytics.json?dimension=dx:k5A4Y81dCWK (truncated)...]
2025-10-12 18:26:55 [http-nio-8081-exec-2] DEBUG o.s.web.servlet.DispatcherServlet - Completed 200 OK
2025-10-12 18:26:55 [http-nio-8081-exec-2] DEBUG o.a.camel.spring.SpringCamelContext - onApplicationEvent: ServletRequestHandledEvent: url=[/api/integrated-apis/4]; client=[0:0:0:0:0:0:0:1]; method=[PUT]; status=[200]; servlet=[dispatcherServlet]; session=[null]; user=[admin@mail.com]; time=[270ms]
2025-10-12 18:26:55 [http-nio-8081-exec-2] DEBUG o.s.w.f.CommonsRequestLoggingFilter - After request [PUT /api/integrated-apis/4, client=0:0:0:0:0:0:0:1, user=admin@mail.com, payload={"code":"Kadomi","name":"Kadomi","type":"ANALYTICS","integratedSystem":"DHIS2.2","apiUrl":"/api/analytics.json?dimension=dx:k5A4Y81dCWK;iihdh9E0KwE;Xc5MqYLZ3Cd&dimension=ou:CI1vsTW2OMP&dimension=pe:202505","description":null,"isActive":true,"useOuFromRequest":false,"usePeFromRequest":false}]
2025-10-12 18:26:56 [http-nio-8081-exec-4] INFO  c.m.b.k.service.DynamicRouteService - Fetching active routes with pagination
2025-10-12 18:26:56 [http-nio-8081-exec-7] INFO  c.m.b.k.service.DynamicRouteService - Fetching active routes with pagination
2025-10-12 18:26:56 [http-nio-8081-exec-7] DEBUG o.s.w.f.CommonsRequestLoggingFilter - Before request [GET /api/integrated-apis?page=0&size=10, client=0:0:0:0:0:0:0:1, user=admin@mail.com]
2025-10-12 18:26:56 [http-nio-8081-exec-4] DEBUG o.s.w.f.CommonsRequestLoggingFilter - Before request [GET /api/integrated-apis/systems, client=0:0:0:0:0:0:0:1, user=admin@mail.com]
2025-10-12 18:26:56 [http-nio-8081-exec-4] DEBUG o.s.web.servlet.DispatcherServlet - GET "/api/integrated-apis/systems", parameters={}
2025-10-12 18:26:56 [http-nio-8081-exec-7] DEBUG o.s.web.servlet.DispatcherServlet - GET "/api/integrated-apis?page=0&size=10", parameters={masked}
2025-10-12 18:26:56 [http-nio-8081-exec-4] DEBUG o.s.w.s.m.m.a.RequestMappingHandlerMapping - Mapped to com.middleware.backend.kaotocamel.controller.IntegratedApiController#getIntegratedSystems()
2025-10-12 18:26:56 [http-nio-8081-exec-7] DEBUG o.s.w.s.m.m.a.RequestMappingHandlerMapping - Mapped to com.middleware.backend.kaotocamel.controller.IntegratedApiController#findAll(String, String, String, String, String, Boolean, String, LocalDateTime, LocalDateTime, LocalDateTime, LocalDateTime, String, Long, Long, int, int, String[])
2025-10-12 18:26:56 [http-nio-8081-exec-7] INFO  c.m.b.k.c.IntegratedApiController - === SORTING DEBUG ===
2025-10-12 18:26:56 [http-nio-8081-exec-7] INFO  c.m.b.k.c.IntegratedApiController - Received sort array: [id, desc]
2025-10-12 18:26:56 [http-nio-8081-exec-7] INFO  c.m.b.k.c.IntegratedApiController - Sort array length: 2
2025-10-12 18:26:56 [http-nio-8081-exec-7] INFO  c.m.b.k.c.IntegratedApiController - sort[0] = 'id'
2025-10-12 18:26:56 [http-nio-8081-exec-7] INFO  c.m.b.k.c.IntegratedApiController - sort[1] = 'desc'
2025-10-12 18:26:56 [http-nio-8081-exec-7] DEBUG c.m.b.k.c.IntegratedApiController - Received sort params: [id, desc]
2025-10-12 18:26:56 [http-nio-8081-exec-7] DEBUG c.m.b.k.c.IntegratedApiController - Handling separated params - field: 'id', direction: 'desc'
2025-10-12 18:26:56 [http-nio-8081-exec-7] DEBUG c.m.b.k.c.IntegratedApiController - Added separated sort order: id DESC
2025-10-12 18:26:56 [http-nio-8081-exec-7] DEBUG c.m.b.k.c.IntegratedApiController - Final sort object: id: DESC
2025-10-12 18:26:56 [http-nio-8081-exec-7] INFO  c.m.b.k.c.IntegratedApiController - Final Sort object: id: DESC
2025-10-12 18:26:56 [http-nio-8081-exec-7] INFO  c.m.b.k.c.IntegratedApiController - === END SORTING DEBUG ===
2025-10-12 18:26:56 [http-nio-8081-exec-7] INFO  c.m.b.k.c.IntegratedApiController - Pageable: Page request [number: 0, size 10, sort: id: DESC]
2025-10-12 18:26:57 [http-nio-8081-exec-4] DEBUG o.s.w.s.m.m.a.HttpEntityMethodProcessor - Using 'application/json', given [application/json] and supported [application/json, application/*+json, application/yaml]
2025-10-12 18:26:57 [http-nio-8081-exec-4] DEBUG o.s.w.s.m.m.a.HttpEntityMethodProcessor - Writing [[DHIS2.2]]
2025-10-12 18:26:57 [http-nio-8081-exec-4] DEBUG o.s.web.servlet.DispatcherServlet - Completed 200 OK
2025-10-12 18:26:57 [http-nio-8081-exec-4] DEBUG o.a.camel.spring.SpringCamelContext - onApplicationEvent: ServletRequestHandledEvent: url=[/api/integrated-apis/systems]; client=[0:0:0:0:0:0:0:1]; method=[GET]; status=[200]; servlet=[dispatcherServlet]; session=[null]; user=[admin@mail.com]; time=[190ms]
2025-10-12 18:26:57 [http-nio-8081-exec-4] DEBUG o.s.w.f.CommonsRequestLoggingFilter - After request [GET /api/integrated-apis/systems, client=0:0:0:0:0:0:0:1, user=admin@mail.com]
2025-10-12 18:26:57 [http-nio-8081-exec-7] DEBUG o.s.w.s.m.m.a.HttpEntityMethodProcessor - Using 'application/json', given [application/json] and supported [application/json, application/*+json, application/yaml]
2025-10-12 18:26:57 [http-nio-8081-exec-7] DEBUG o.s.w.s.m.m.a.HttpEntityMethodProcessor - Writing [Page 1 of 1 containing com.middleware.backend.kaotocamel.dto.IntegratedApiDto instances]
2025-10-12 18:26:57 [http-nio-8081-exec-7] DEBUG o.s.web.servlet.DispatcherServlet - Completed 200 OK
2025-10-12 18:26:57 [http-nio-8081-exec-7] DEBUG o.a.camel.spring.SpringCamelContext - onApplicationEvent: ServletRequestHandledEvent: url=[/api/integrated-apis]; client=[0:0:0:0:0:0:0:1]; method=[GET]; status=[200]; servlet=[dispatcherServlet]; session=[null]; user=[admin@mail.com]; time=[204ms]
2025-10-12 18:26:57 [http-nio-8081-exec-7] DEBUG o.s.w.f.CommonsRequestLoggingFilter - After request [GET /api/integrated-apis?page=0&size=10, client=0:0:0:0:0:0:0:1, user=admin@mail.com]
2025-10-12 18:26:59 [http-nio-8081-exec-6] INFO  c.m.b.k.service.DynamicRouteService - Fetching active routes with pagination
2025-10-12 18:26:59 [http-nio-8081-exec-3] INFO  c.m.b.k.service.DynamicRouteService - Fetching active routes with pagination
2025-10-12 18:26:59 [http-nio-8081-exec-5] INFO  c.m.b.k.service.DynamicRouteService - Fetching active routes with pagination
2025-10-12 18:26:59 [http-nio-8081-exec-1] INFO  c.m.b.k.service.DynamicRouteService - Fetching active routes with pagination
2025-10-12 18:26:59 [http-nio-8081-exec-3] DEBUG o.s.w.f.CommonsRequestLoggingFilter - Before request [GET /api/integrated-apis?size=1000&isActive=true, client=0:0:0:0:0:0:0:1, user=admin@mail.com]
2025-10-12 18:26:59 [http-nio-8081-exec-3] DEBUG o.s.web.servlet.DispatcherServlet - GET "/api/integrated-apis?size=1000&isActive=true", parameters={masked}
2025-10-12 18:26:59 [http-nio-8081-exec-3] DEBUG o.s.w.s.m.m.a.RequestMappingHandlerMapping - Mapped to com.middleware.backend.kaotocamel.controller.IntegratedApiController#findAll(String, String, String, String, String, Boolean, String, LocalDateTime, LocalDateTime, LocalDateTime, LocalDateTime, String, Long, Long, int, int, String[])
2025-10-12 18:26:59 [http-nio-8081-exec-3] INFO  c.m.b.k.c.IntegratedApiController - === SORTING DEBUG ===
2025-10-12 18:26:59 [http-nio-8081-exec-3] INFO  c.m.b.k.c.IntegratedApiController - Received sort array: [id, desc]
2025-10-12 18:26:59 [http-nio-8081-exec-3] INFO  c.m.b.k.c.IntegratedApiController - Sort array length: 2
2025-10-12 18:26:59 [http-nio-8081-exec-3] INFO  c.m.b.k.c.IntegratedApiController - sort[0] = 'id'
2025-10-12 18:26:59 [http-nio-8081-exec-3] INFO  c.m.b.k.c.IntegratedApiController - sort[1] = 'desc'
2025-10-12 18:26:59 [http-nio-8081-exec-3] DEBUG c.m.b.k.c.IntegratedApiController - Received sort params: [id, desc]
2025-10-12 18:26:59 [http-nio-8081-exec-3] DEBUG c.m.b.k.c.IntegratedApiController - Handling separated params - field: 'id', direction: 'desc'
2025-10-12 18:26:59 [http-nio-8081-exec-3] DEBUG c.m.b.k.c.IntegratedApiController - Added separated sort order: id DESC
2025-10-12 18:26:59 [http-nio-8081-exec-3] DEBUG c.m.b.k.c.IntegratedApiController - Final sort object: id: DESC
2025-10-12 18:26:59 [http-nio-8081-exec-3] INFO  c.m.b.k.c.IntegratedApiController - Final Sort object: id: DESC
2025-10-12 18:26:59 [http-nio-8081-exec-3] INFO  c.m.b.k.c.IntegratedApiController - === END SORTING DEBUG ===
2025-10-12 18:26:59 [http-nio-8081-exec-3] INFO  c.m.b.k.c.IntegratedApiController - Pageable: Page request [number: 0, size 1000, sort: id: DESC]
2025-10-12 18:26:59 [http-nio-8081-exec-6] DEBUG o.s.w.f.CommonsRequestLoggingFilter - Before request [GET /api/integration-mappings/mapping-types, client=0:0:0:0:0:0:0:1, user=admin@mail.com]
2025-10-12 18:26:59 [http-nio-8081-exec-6] DEBUG o.s.web.servlet.DispatcherServlet - GET "/api/integration-mappings/mapping-types", parameters={}
2025-10-12 18:26:59 [http-nio-8081-exec-6] DEBUG o.s.w.s.m.m.a.RequestMappingHandlerMapping - Mapped to com.middleware.backend.kaotocamel.controller.IntegrationMappingAdminController#getMappingTypes()
2025-10-12 18:26:59 [http-nio-8081-exec-6] DEBUG o.s.w.s.m.m.a.HttpEntityMethodProcessor - Using 'application/json', given [application/json] and supported [application/json, application/*+json, application/yaml]
2025-10-12 18:26:59 [http-nio-8081-exec-6] DEBUG o.s.w.s.m.m.a.HttpEntityMethodProcessor - Writing [[DATA_ELEMENT, DATA_ELEMENT_WITH_DISAGGREGATION, INDICATOR]]
2025-10-12 18:26:59 [http-nio-8081-exec-6] DEBUG o.s.web.servlet.DispatcherServlet - Completed 200 OK
2025-10-12 18:26:59 [http-nio-8081-exec-6] DEBUG o.a.camel.spring.SpringCamelContext - onApplicationEvent: ServletRequestHandledEvent: url=[/api/integration-mappings/mapping-types]; client=[0:0:0:0:0:0:0:1]; method=[GET]; status=[200]; servlet=[dispatcherServlet]; session=[null]; user=[admin@mail.com]; time=[8ms]
2025-10-12 18:26:59 [http-nio-8081-exec-6] DEBUG o.s.w.f.CommonsRequestLoggingFilter - After request [GET /api/integration-mappings/mapping-types, client=0:0:0:0:0:0:0:1, user=admin@mail.com]
2025-10-12 18:26:59 [http-nio-8081-exec-1] DEBUG o.s.w.f.CommonsRequestLoggingFilter - Before request [GET /api/integration-mappings?page=0&size=10, client=0:0:0:0:0:0:0:1, user=admin@mail.com]
2025-10-12 18:26:59 [http-nio-8081-exec-1] DEBUG o.s.web.servlet.DispatcherServlet - GET "/api/integration-mappings?page=0&size=10", parameters={masked}
2025-10-12 18:26:59 [http-nio-8081-exec-1] DEBUG o.s.w.s.m.m.a.RequestMappingHandlerMapping - Mapped to com.middleware.backend.kaotocamel.controller.IntegrationMappingAdminController#findAll(String, Long, String, String, String, String, String, Boolean, String, LocalDateTime, LocalDateTime, LocalDateTime, LocalDateTime, String, Long, Long, String, String, int, int)
2025-10-12 18:26:59 [http-nio-8081-exec-1] INFO  c.m.b.k.c.IntegrationMappingAdminController - Final sort: id: ASC
2025-10-12 18:26:59 [http-nio-8081-exec-5] DEBUG o.s.w.f.CommonsRequestLoggingFilter - Before request [GET /api/integration-mappings/middleware-apis, client=0:0:0:0:0:0:0:1, user=admin@mail.com]
2025-10-12 18:26:59 [http-nio-8081-exec-5] DEBUG o.s.web.servlet.DispatcherServlet - GET "/api/integration-mappings/middleware-apis", parameters={}
2025-10-12 18:26:59 [http-nio-8081-exec-5] DEBUG o.s.w.s.m.m.a.RequestMappingHandlerMapping - Mapped to com.middleware.backend.kaotocamel.controller.IntegrationMappingAdminController#getMiddlewareApis()
2025-10-12 18:27:00 [http-nio-8081-exec-1] DEBUG c.m.b.k.s.IntegrationMappingService - Searching with advanced filters - middlewareApi: null, integratedApiId: null, mappingType: null
2025-10-12 18:27:00 [http-nio-8081-exec-5] INFO  c.m.b.k.c.IntegrationMappingAdminController - Found 2 distinct middleware APIs
2025-10-12 18:27:00 [http-nio-8081-exec-5] DEBUG o.s.w.s.m.m.a.HttpEntityMethodProcessor - Using 'application/json', given [application/json] and supported [application/json, application/*+json, application/yaml]
2025-10-12 18:27:00 [http-nio-8081-exec-5] DEBUG o.s.w.s.m.m.a.HttpEntityMethodProcessor - Writing [[/healthmap, /healthmapATTR]]
2025-10-12 18:27:00 [http-nio-8081-exec-5] DEBUG o.s.web.servlet.DispatcherServlet - Completed 200 OK
2025-10-12 18:27:00 [http-nio-8081-exec-5] DEBUG o.a.camel.spring.SpringCamelContext - onApplicationEvent: ServletRequestHandledEvent: url=[/api/integration-mappings/middleware-apis]; client=[0:0:0:0:0:0:0:1]; method=[GET]; status=[200]; servlet=[dispatcherServlet]; session=[null]; user=[admin@mail.com]; time=[234ms]
2025-10-12 18:27:00 [http-nio-8081-exec-5] DEBUG o.s.w.f.CommonsRequestLoggingFilter - After request [GET /api/integration-mappings/middleware-apis, client=0:0:0:0:0:0:0:1, user=admin@mail.com]
2025-10-12 18:27:00 [http-nio-8081-exec-1] DEBUG c.m.b.k.s.IntegrationMappingService - Found 10 results out of 11 total
2025-10-12 18:27:00 [http-nio-8081-exec-1] DEBUG o.s.w.s.m.m.a.HttpEntityMethodProcessor - Using 'application/json', given [application/json] and supported [application/json, application/*+json, application/yaml]
2025-10-12 18:27:00 [http-nio-8081-exec-1] DEBUG o.s.w.s.m.m.a.HttpEntityMethodProcessor - Writing [Page 1 of 2 containing com.middleware.backend.kaotocamel.dto.IntegrationMappingDto instances]
2025-10-12 18:27:00 [http-nio-8081-exec-1] DEBUG o.s.web.servlet.DispatcherServlet - Completed 200 OK
2025-10-12 18:27:00 [http-nio-8081-exec-1] DEBUG o.a.camel.spring.SpringCamelContext - onApplicationEvent: ServletRequestHandledEvent: url=[/api/integration-mappings]; client=[0:0:0:0:0:0:0:1]; method=[GET]; status=[200]; servlet=[dispatcherServlet]; session=[null]; user=[admin@mail.com]; time=[257ms]
2025-10-12 18:27:00 [http-nio-8081-exec-1] DEBUG o.s.w.f.CommonsRequestLoggingFilter - After request [GET /api/integration-mappings?page=0&size=10, client=0:0:0:0:0:0:0:1, user=admin@mail.com]
2025-10-12 18:27:00 [http-nio-8081-exec-3] DEBUG o.s.w.s.m.m.a.HttpEntityMethodProcessor - Using 'application/json', given [application/json] and supported [application/json, application/*+json, application/yaml]
2025-10-12 18:27:00 [http-nio-8081-exec-3] DEBUG o.s.w.s.m.m.a.HttpEntityMethodProcessor - Writing [Page 1 of 1 containing com.middleware.backend.kaotocamel.dto.IntegratedApiDto instances]
2025-10-12 18:27:00 [http-nio-8081-exec-3] DEBUG o.s.web.servlet.DispatcherServlet - Completed 200 OK
2025-10-12 18:27:00 [http-nio-8081-exec-3] DEBUG o.a.camel.spring.SpringCamelContext - onApplicationEvent: ServletRequestHandledEvent: url=[/api/integrated-apis]; client=[0:0:0:0:0:0:0:1]; method=[GET]; status=[200]; servlet=[dispatcherServlet]; session=[null]; user=[admin@mail.com]; time=[341ms]
2025-10-12 18:27:00 [http-nio-8081-exec-3] DEBUG o.s.w.f.CommonsRequestLoggingFilter - After request [GET /api/integrated-apis?size=1000&isActive=true, client=0:0:0:0:0:0:0:1, user=admin@mail.com]
2025-10-12 18:27:03 [http-nio-8081-exec-10] INFO  c.m.b.k.service.DynamicRouteService - Fetching active routes with pagination
2025-10-12 18:27:03 [http-nio-8081-exec-9] INFO  c.m.b.k.service.DynamicRouteService - Fetching active routes with pagination
2025-10-12 18:27:03 [http-nio-8081-exec-8] INFO  c.m.b.k.service.DynamicRouteService - Fetching active routes with pagination
2025-10-12 18:27:03 [http-nio-8081-exec-10] DEBUG o.s.w.f.CommonsRequestLoggingFilter - Before request [GET /api/integration-mappings/middleware-apis, client=0:0:0:0:0:0:0:1, user=admin@mail.com]
2025-10-12 18:27:03 [http-nio-8081-exec-10] DEBUG o.s.web.servlet.DispatcherServlet - GET "/api/integration-mappings/middleware-apis", parameters={}
2025-10-12 18:27:03 [http-nio-8081-exec-10] DEBUG o.s.w.s.m.m.a.RequestMappingHandlerMapping - Mapped to com.middleware.backend.kaotocamel.controller.IntegrationMappingAdminController#getMiddlewareApis()
2025-10-12 18:27:03 [http-nio-8081-exec-9] DEBUG o.s.w.f.CommonsRequestLoggingFilter - Before request [GET /api/integrated-apis?page=0&size=10, client=0:0:0:0:0:0:0:1, user=admin@mail.com]
2025-10-12 18:27:03 [http-nio-8081-exec-9] DEBUG o.s.web.servlet.DispatcherServlet - GET "/api/integrated-apis?page=0&size=10", parameters={masked}
2025-10-12 18:27:03 [http-nio-8081-exec-9] DEBUG o.s.w.s.m.m.a.RequestMappingHandlerMapping - Mapped to com.middleware.backend.kaotocamel.controller.IntegratedApiController#findAll(String, String, String, String, String, Boolean, String, LocalDateTime, LocalDateTime, LocalDateTime, LocalDateTime, String, Long, Long, int, int, String[])
2025-10-12 18:27:03 [http-nio-8081-exec-9] INFO  c.m.b.k.c.IntegratedApiController - === SORTING DEBUG ===
2025-10-12 18:27:03 [http-nio-8081-exec-9] INFO  c.m.b.k.c.IntegratedApiController - Received sort array: [id, desc]
2025-10-12 18:27:03 [http-nio-8081-exec-9] INFO  c.m.b.k.c.IntegratedApiController - Sort array length: 2
2025-10-12 18:27:03 [http-nio-8081-exec-9] INFO  c.m.b.k.c.IntegratedApiController - sort[0] = 'id'
2025-10-12 18:27:03 [http-nio-8081-exec-9] INFO  c.m.b.k.c.IntegratedApiController - sort[1] = 'desc'
2025-10-12 18:27:03 [http-nio-8081-exec-9] DEBUG c.m.b.k.c.IntegratedApiController - Received sort params: [id, desc]
2025-10-12 18:27:03 [http-nio-8081-exec-9] DEBUG c.m.b.k.c.IntegratedApiController - Handling separated params - field: 'id', direction: 'desc'
2025-10-12 18:27:03 [http-nio-8081-exec-9] DEBUG c.m.b.k.c.IntegratedApiController - Added separated sort order: id DESC
2025-10-12 18:27:03 [http-nio-8081-exec-9] DEBUG c.m.b.k.c.IntegratedApiController - Final sort object: id: DESC
2025-10-12 18:27:03 [http-nio-8081-exec-9] INFO  c.m.b.k.c.IntegratedApiController - Final Sort object: id: DESC
2025-10-12 18:27:03 [http-nio-8081-exec-9] INFO  c.m.b.k.c.IntegratedApiController - === END SORTING DEBUG ===
2025-10-12 18:27:03 [http-nio-8081-exec-9] INFO  c.m.b.k.c.IntegratedApiController - Pageable: Page request [number: 0, size 10, sort: id: DESC]
2025-10-12 18:27:03 [http-nio-8081-exec-8] DEBUG o.s.w.f.CommonsRequestLoggingFilter - Before request [GET /api/integrated-apis/systems, client=0:0:0:0:0:0:0:1, user=admin@mail.com]
2025-10-12 18:27:03 [http-nio-8081-exec-8] DEBUG o.s.web.servlet.DispatcherServlet - GET "/api/integrated-apis/systems", parameters={}
2025-10-12 18:27:03 [http-nio-8081-exec-8] DEBUG o.s.w.s.m.m.a.RequestMappingHandlerMapping - Mapped to com.middleware.backend.kaotocamel.controller.IntegratedApiController#getIntegratedSystems()
2025-10-12 18:27:03 [http-nio-8081-exec-10] INFO  c.m.b.k.c.IntegrationMappingAdminController - Found 2 distinct middleware APIs
2025-10-12 18:27:03 [http-nio-8081-exec-10] DEBUG o.s.w.s.m.m.a.HttpEntityMethodProcessor - Using 'application/json', given [application/json] and supported [application/json, application/*+json, application/yaml]
2025-10-12 18:27:03 [http-nio-8081-exec-10] DEBUG o.s.w.s.m.m.a.HttpEntityMethodProcessor - Writing [[/healthmap, /healthmapATTR]]
2025-10-12 18:27:03 [http-nio-8081-exec-10] DEBUG o.s.web.servlet.DispatcherServlet - Completed 200 OK
2025-10-12 18:27:03 [http-nio-8081-exec-10] DEBUG o.a.camel.spring.SpringCamelContext - onApplicationEvent: ServletRequestHandledEvent: url=[/api/integration-mappings/middleware-apis]; client=[0:0:0:0:0:0:0:1]; method=[GET]; status=[200]; servlet=[dispatcherServlet]; session=[null]; user=[admin@mail.com]; time=[218ms]
2025-10-12 18:27:03 [http-nio-8081-exec-10] DEBUG o.s.w.f.CommonsRequestLoggingFilter - After request [GET /api/integration-mappings/middleware-apis, client=0:0:0:0:0:0:0:1, user=admin@mail.com]
2025-10-12 18:27:03 [http-nio-8081-exec-9] DEBUG o.s.w.s.m.m.a.HttpEntityMethodProcessor - Using 'application/json', given [application/json] and supported [application/json, application/*+json, application/yaml]
2025-10-12 18:27:03 [http-nio-8081-exec-9] DEBUG o.s.w.s.m.m.a.HttpEntityMethodProcessor - Writing [Page 1 of 1 containing com.middleware.backend.kaotocamel.dto.IntegratedApiDto instances]
2025-10-12 18:27:03 [http-nio-8081-exec-9] DEBUG o.s.web.servlet.DispatcherServlet - Completed 200 OK
2025-10-12 18:27:03 [http-nio-8081-exec-9] DEBUG o.a.camel.spring.SpringCamelContext - onApplicationEvent: ServletRequestHandledEvent: url=[/api/integrated-apis]; client=[0:0:0:0:0:0:0:1]; method=[GET]; status=[200]; servlet=[dispatcherServlet]; session=[null]; user=[admin@mail.com]; time=[224ms]
2025-10-12 18:27:03 [http-nio-8081-exec-9] DEBUG o.s.w.f.CommonsRequestLoggingFilter - After request [GET /api/integrated-apis?page=0&size=10, client=0:0:0:0:0:0:0:1, user=admin@mail.com]
2025-10-12 18:27:03 [http-nio-8081-exec-8] DEBUG o.s.w.s.m.m.a.HttpEntityMethodProcessor - Using 'application/json', given [application/json] and supported [application/json, application/*+json, application/yaml]
2025-10-12 18:27:03 [http-nio-8081-exec-8] DEBUG o.s.w.s.m.m.a.HttpEntityMethodProcessor - Writing [[DHIS2.2]]
2025-10-12 18:27:03 [http-nio-8081-exec-8] DEBUG o.s.web.servlet.DispatcherServlet - Completed 200 OK
2025-10-12 18:27:03 [http-nio-8081-exec-8] DEBUG o.a.camel.spring.SpringCamelContext - onApplicationEvent: ServletRequestHandledEvent: url=[/api/integrated-apis/systems]; client=[0:0:0:0:0:0:0:1]; method=[GET]; status=[200]; servlet=[dispatcherServlet]; session=[null]; user=[admin@mail.com]; time=[186ms]
2025-10-12 18:27:03 [http-nio-8081-exec-8] DEBUG o.s.w.f.CommonsRequestLoggingFilter - After request [GET /api/integrated-apis/systems, client=0:0:0:0:0:0:0:1, user=admin@mail.com]
2025-10-12 18:27:04 [scheduling-1] INFO  c.m.b.k.service.DynamicRouteService - Starting route status sync with Camel context
2025-10-12 18:27:04 [scheduling-1] INFO  c.m.b.k.service.DynamicRouteService - Completed route status sync
2025-10-12 18:27:06 [http-nio-8081-exec-2] INFO  c.m.b.k.service.DynamicRouteService - Fetching active routes with pagination
2025-10-12 18:27:07 [http-nio-8081-exec-2] DEBUG o.s.w.f.CommonsRequestLoggingFilter - Before request [GET /api/integrated-apis/4, client=0:0:0:0:0:0:0:1, user=admin@mail.com]
2025-10-12 18:27:07 [http-nio-8081-exec-2] DEBUG o.s.web.servlet.DispatcherServlet - GET "/api/integrated-apis/4", parameters={}
2025-10-12 18:27:07 [http-nio-8081-exec-2] DEBUG o.s.w.s.m.m.a.RequestMappingHandlerMapping - Mapped to com.middleware.backend.kaotocamel.controller.IntegratedApiController#findById(Long)
2025-10-12 18:27:07 [http-nio-8081-exec-2] DEBUG o.s.w.s.m.m.a.HttpEntityMethodProcessor - Using 'application/json', given [application/json] and supported [application/json, application/*+json, application/yaml]
2025-10-12 18:27:07 [http-nio-8081-exec-2] DEBUG o.s.w.s.m.m.a.HttpEntityMethodProcessor - Writing [IntegratedApiDto(id=4, code=Kadomi, name=Kadomi, apiUrl=/api/analytics.json?dimension=dx:k5A4Y81dCWK (truncated)...]
2025-10-12 18:27:07 [http-nio-8081-exec-2] DEBUG o.s.web.servlet.DispatcherServlet - Completed 200 OK
2025-10-12 18:27:07 [http-nio-8081-exec-2] DEBUG o.a.camel.spring.SpringCamelContext - onApplicationEvent: ServletRequestHandledEvent: url=[/api/integrated-apis/4]; client=[0:0:0:0:0:0:0:1]; method=[GET]; status=[200]; servlet=[dispatcherServlet]; session=[null]; user=[admin@mail.com]; time=[297ms]
2025-10-12 18:27:07 [http-nio-8081-exec-2] DEBUG o.s.w.f.CommonsRequestLoggingFilter - After request [GET /api/integrated-apis/4, client=0:0:0:0:0:0:0:1, user=admin@mail.com]
2025-10-12 18:27:34 [scheduling-1] INFO  c.m.b.k.service.DynamicRouteService - Starting route status sync with Camel context
2025-10-12 18:27:34 [scheduling-1] INFO  c.m.b.k.service.DynamicRouteService - Completed route status sync
2025-10-12 18:28:04 [scheduling-1] INFO  c.m.b.k.service.DynamicRouteService - Starting route status sync with Camel context
2025-10-12 18:28:04 [scheduling-1] INFO  c.m.b.k.service.DynamicRouteService - Completed route status sync
2025-10-12 18:28:34 [scheduling-1] INFO  c.m.b.k.service.DynamicRouteService - Starting route status sync with Camel context
2025-10-12 18:28:34 [scheduling-1] INFO  c.m.b.k.service.DynamicRouteService - Completed route status sync
2025-10-12 18:29:04 [scheduling-1] INFO  c.m.b.k.service.DynamicRouteService - Starting route status sync with Camel context
2025-10-12 18:29:04 [scheduling-1] INFO  c.m.b.k.service.DynamicRouteService - Completed route status sync
2025-10-12 18:29:12 [http-nio-8081-exec-1] INFO  c.m.b.k.service.DynamicRouteService - Fetching active routes with pagination
2025-10-12 18:29:12 [http-nio-8081-exec-1] DEBUG o.s.w.f.CommonsRequestLoggingFilter - Before request [GET /api/integrated-apis/4, client=0:0:0:0:0:0:0:1, user=admin@mail.com]
2025-10-12 18:29:12 [http-nio-8081-exec-1] DEBUG o.s.web.servlet.DispatcherServlet - GET "/api/integrated-apis/4", parameters={}
2025-10-12 18:29:12 [http-nio-8081-exec-1] DEBUG o.s.w.s.m.m.a.RequestMappingHandlerMapping - Mapped to com.middleware.backend.kaotocamel.controller.IntegratedApiController#findById(Long)
2025-10-12 18:29:12 [http-nio-8081-exec-1] DEBUG o.s.w.s.m.m.a.HttpEntityMethodProcessor - Using 'application/json', given [application/json] and supported [application/json, application/*+json, application/yaml]
2025-10-12 18:29:12 [http-nio-8081-exec-1] DEBUG o.s.w.s.m.m.a.HttpEntityMethodProcessor - Writing [IntegratedApiDto(id=4, code=Kadomi, name=Kadomi, apiUrl=/api/analytics.json?dimension=dx:k5A4Y81dCWK (truncated)...]
2025-10-12 18:29:12 [http-nio-8081-exec-1] DEBUG o.s.web.servlet.DispatcherServlet - Completed 200 OK
2025-10-12 18:29:12 [http-nio-8081-exec-1] DEBUG o.a.camel.spring.SpringCamelContext - onApplicationEvent: ServletRequestHandledEvent: url=[/api/integrated-apis/4]; client=[0:0:0:0:0:0:0:1]; method=[GET]; status=[200]; servlet=[dispatcherServlet]; session=[null]; user=[admin@mail.com]; time=[165ms]
2025-10-12 18:29:12 [http-nio-8081-exec-1] DEBUG o.s.w.f.CommonsRequestLoggingFilter - After request [GET /api/integrated-apis/4, client=0:0:0:0:0:0:0:1, user=admin@mail.com]
2025-10-12 18:29:22 [http-nio-8081-exec-3] INFO  c.m.b.k.service.DynamicRouteService - Fetching active routes with pagination
2025-10-12 18:29:22 [http-nio-8081-exec-3] DEBUG o.s.w.f.CommonsRequestLoggingFilter - Before request [PUT /api/integrated-apis/4, client=0:0:0:0:0:0:0:1, user=admin@mail.com]
2025-10-12 18:29:22 [http-nio-8081-exec-3] DEBUG o.s.web.servlet.DispatcherServlet - PUT "/api/integrated-apis/4", parameters={}
2025-10-12 18:29:22 [http-nio-8081-exec-3] DEBUG o.s.w.s.m.m.a.RequestMappingHandlerMapping - Mapped to com.middleware.backend.kaotocamel.controller.IntegratedApiController#update(Long, IntegratedApiRequestDto)
2025-10-12 18:29:22 [http-nio-8081-exec-3] DEBUG o.s.w.s.m.m.a.RequestResponseBodyMethodProcessor - Read "application/json;charset=UTF-8" to [IntegratedApiRequestDto(code=Kadomi, name=Kadomi, apiUrl=/api/analytics.json?dimension=dx:k5A4Y81dCW (truncated)...]
2025-10-12 18:29:22 [http-nio-8081-exec-3] INFO  c.m.b.k.service.IntegratedApiService - Updating integrated API: 4
2025-10-12 18:29:22 [http-nio-8081-exec-3] INFO  c.m.b.k.service.IntegratedApiService - Updated integrated API: Kadomi
2025-10-12 18:29:22 [http-nio-8081-exec-3] INFO  c.m.b.k.c.IntegratedApiController - Updated integrated API: Kadomi
2025-10-12 18:29:22 [http-nio-8081-exec-3] DEBUG o.s.w.s.m.m.a.HttpEntityMethodProcessor - Using 'application/json', given [application/json] and supported [application/json, application/*+json, application/yaml]
2025-10-12 18:29:22 [http-nio-8081-exec-3] DEBUG o.s.w.s.m.m.a.HttpEntityMethodProcessor - Writing [IntegratedApiDto(id=4, code=Kadomi, name=Kadomi, apiUrl=/api/analytics.json?dimension=dx:k5A4Y81dCWK (truncated)...]
2025-10-12 18:29:22 [http-nio-8081-exec-3] DEBUG o.s.web.servlet.DispatcherServlet - Completed 200 OK
2025-10-12 18:29:22 [http-nio-8081-exec-3] DEBUG o.a.camel.spring.SpringCamelContext - onApplicationEvent: ServletRequestHandledEvent: url=[/api/integrated-apis/4]; client=[0:0:0:0:0:0:0:1]; method=[PUT]; status=[200]; servlet=[dispatcherServlet]; session=[null]; user=[admin@mail.com]; time=[218ms]
2025-10-12 18:29:22 [http-nio-8081-exec-3] DEBUG o.s.w.f.CommonsRequestLoggingFilter - After request [PUT /api/integrated-apis/4, client=0:0:0:0:0:0:0:1, user=admin@mail.com, payload={"code":"Kadomi","name":"Kadomi","type":"ANALYTICS","integratedSystem":"DHIS2.2","apiUrl":"/api/analytics.json?dimension=dx:k5A4Y81dCWK;iihdh9E0KwE;Xc5MqYLZ3Cd&dimension=ou:fQa9PpK9pWS&dimension=pe:202505","description":null,"isActive":true,"useOuFromRequest":false,"usePeFromRequest":false}]
2025-10-12 18:29:23 [http-nio-8081-exec-9] INFO  c.m.b.k.service.DynamicRouteService - Fetching active routes with pagination
2025-10-12 18:29:23 [http-nio-8081-exec-10] INFO  c.m.b.k.service.DynamicRouteService - Fetching active routes with pagination
2025-10-12 18:29:24 [http-nio-8081-exec-9] DEBUG o.s.w.f.CommonsRequestLoggingFilter - Before request [GET /api/integrated-apis/systems, client=0:0:0:0:0:0:0:1, user=admin@mail.com]
2025-10-12 18:29:24 [http-nio-8081-exec-9] DEBUG o.s.web.servlet.DispatcherServlet - GET "/api/integrated-apis/systems", parameters={}
2025-10-12 18:29:24 [http-nio-8081-exec-9] DEBUG o.s.w.s.m.m.a.RequestMappingHandlerMapping - Mapped to com.middleware.backend.kaotocamel.controller.IntegratedApiController#getIntegratedSystems()
2025-10-12 18:29:24 [http-nio-8081-exec-10] DEBUG o.s.w.f.CommonsRequestLoggingFilter - Before request [GET /api/integrated-apis?page=0&size=10, client=0:0:0:0:0:0:0:1, user=admin@mail.com]
2025-10-12 18:29:24 [http-nio-8081-exec-10] DEBUG o.s.web.servlet.DispatcherServlet - GET "/api/integrated-apis?page=0&size=10", parameters={masked}
2025-10-12 18:29:24 [http-nio-8081-exec-10] DEBUG o.s.w.s.m.m.a.RequestMappingHandlerMapping - Mapped to com.middleware.backend.kaotocamel.controller.IntegratedApiController#findAll(String, String, String, String, String, Boolean, String, LocalDateTime, LocalDateTime, LocalDateTime, LocalDateTime, String, Long, Long, int, int, String[])
2025-10-12 18:29:24 [http-nio-8081-exec-10] INFO  c.m.b.k.c.IntegratedApiController - === SORTING DEBUG ===
2025-10-12 18:29:24 [http-nio-8081-exec-10] INFO  c.m.b.k.c.IntegratedApiController - Received sort array: [id, desc]
2025-10-12 18:29:24 [http-nio-8081-exec-10] INFO  c.m.b.k.c.IntegratedApiController - Sort array length: 2
2025-10-12 18:29:24 [http-nio-8081-exec-10] INFO  c.m.b.k.c.IntegratedApiController - sort[0] = 'id'
2025-10-12 18:29:24 [http-nio-8081-exec-10] INFO  c.m.b.k.c.IntegratedApiController - sort[1] = 'desc'
2025-10-12 18:29:24 [http-nio-8081-exec-10] DEBUG c.m.b.k.c.IntegratedApiController - Received sort params: [id, desc]
2025-10-12 18:29:24 [http-nio-8081-exec-10] DEBUG c.m.b.k.c.IntegratedApiController - Handling separated params - field: 'id', direction: 'desc'
2025-10-12 18:29:24 [http-nio-8081-exec-10] DEBUG c.m.b.k.c.IntegratedApiController - Added separated sort order: id DESC
2025-10-12 18:29:24 [http-nio-8081-exec-10] DEBUG c.m.b.k.c.IntegratedApiController - Final sort object: id: DESC
2025-10-12 18:29:24 [http-nio-8081-exec-10] INFO  c.m.b.k.c.IntegratedApiController - Final Sort object: id: DESC
2025-10-12 18:29:24 [http-nio-8081-exec-10] INFO  c.m.b.k.c.IntegratedApiController - === END SORTING DEBUG ===
2025-10-12 18:29:24 [http-nio-8081-exec-10] INFO  c.m.b.k.c.IntegratedApiController - Pageable: Page request [number: 0, size 10, sort: id: DESC]
2025-10-12 18:29:24 [http-nio-8081-exec-9] DEBUG o.s.w.s.m.m.a.HttpEntityMethodProcessor - Using 'application/json', given [application/json] and supported [application/json, application/*+json, application/yaml]
2025-10-12 18:29:24 [http-nio-8081-exec-9] DEBUG o.s.w.s.m.m.a.HttpEntityMethodProcessor - Writing [[DHIS2.2]]
2025-10-12 18:29:24 [http-nio-8081-exec-9] DEBUG o.s.web.servlet.DispatcherServlet - Completed 200 OK
2025-10-12 18:29:24 [http-nio-8081-exec-9] DEBUG o.a.camel.spring.SpringCamelContext - onApplicationEvent: ServletRequestHandledEvent: url=[/api/integrated-apis/systems]; client=[0:0:0:0:0:0:0:1]; method=[GET]; status=[200]; servlet=[dispatcherServlet]; session=[null]; user=[admin@mail.com]; time=[227ms]
2025-10-12 18:29:24 [http-nio-8081-exec-9] DEBUG o.s.w.f.CommonsRequestLoggingFilter - After request [GET /api/integrated-apis/systems, client=0:0:0:0:0:0:0:1, user=admin@mail.com]
2025-10-12 18:29:24 [http-nio-8081-exec-10] DEBUG o.s.w.s.m.m.a.HttpEntityMethodProcessor - Using 'application/json', given [application/json] and supported [application/json, application/*+json, application/yaml]
2025-10-12 18:29:24 [http-nio-8081-exec-10] DEBUG o.s.w.s.m.m.a.HttpEntityMethodProcessor - Writing [Page 1 of 1 containing com.middleware.backend.kaotocamel.dto.IntegratedApiDto instances]
2025-10-12 18:29:24 [http-nio-8081-exec-10] DEBUG o.s.web.servlet.DispatcherServlet - Completed 200 OK
2025-10-12 18:29:24 [http-nio-8081-exec-10] DEBUG o.a.camel.spring.SpringCamelContext - onApplicationEvent: ServletRequestHandledEvent: url=[/api/integrated-apis]; client=[0:0:0:0:0:0:0:1]; method=[GET]; status=[200]; servlet=[dispatcherServlet]; session=[null]; user=[admin@mail.com]; time=[244ms]
2025-10-12 18:29:24 [http-nio-8081-exec-10] DEBUG o.s.w.f.CommonsRequestLoggingFilter - After request [GET /api/integrated-apis?page=0&size=10, client=0:0:0:0:0:0:0:1, user=admin@mail.com]
2025-10-12 18:29:34 [scheduling-1] INFO  c.m.b.k.service.DynamicRouteService - Starting route status sync with Camel context
2025-10-12 18:29:34 [scheduling-1] INFO  c.m.b.k.service.DynamicRouteService - Completed route status sync
2025-10-12 18:30:04 [scheduling-1] INFO  c.m.b.k.service.DynamicRouteService - Starting route status sync with Camel context
2025-10-12 18:30:04 [scheduling-1] INFO  c.m.b.k.service.DynamicRouteService - Completed route status sync
2025-10-12 18:30:34 [scheduling-1] INFO  c.m.b.k.service.DynamicRouteService - Starting route status sync with Camel context
2025-10-12 18:30:34 [scheduling-1] INFO  c.m.b.k.service.DynamicRouteService - Completed route status sync
2025-10-12 18:31:04 [scheduling-1] INFO  c.m.b.k.service.DynamicRouteService - Starting route status sync with Camel context
2025-10-12 18:31:04 [scheduling-1] INFO  c.m.b.k.service.DynamicRouteService - Completed route status sync
2025-10-12 18:31:34 [scheduling-1] INFO  c.m.b.k.service.DynamicRouteService - Starting route status sync with Camel context
2025-10-12 18:31:34 [scheduling-1] INFO  c.m.b.k.service.DynamicRouteService - Completed route status sync
2025-10-12 18:32:04 [scheduling-1] INFO  c.m.b.k.service.DynamicRouteService - Starting route status sync with Camel context
2025-10-12 18:32:04 [scheduling-1] INFO  c.m.b.k.service.DynamicRouteService - Completed route status sync
2025-10-12 18:32:34 [scheduling-1] INFO  c.m.b.k.service.DynamicRouteService - Starting route status sync with Camel context
2025-10-12 18:32:34 [scheduling-1] INFO  c.m.b.k.service.DynamicRouteService - Completed route status sync
2025-10-12 18:33:04 [scheduling-1] INFO  c.m.b.k.service.DynamicRouteService - Starting route status sync with Camel context
2025-10-12 18:33:04 [scheduling-1] INFO  c.m.b.k.service.DynamicRouteService - Completed route status sync
2025-10-12 18:33:34 [scheduling-1] INFO  c.m.b.k.service.DynamicRouteService - Starting route status sync with Camel context
2025-10-12 18:33:34 [scheduling-1] INFO  c.m.b.k.service.DynamicRouteService - Completed route status sync
2025-10-12 18:34:02 [SpringApplicationShutdownHook] DEBUG o.a.camel.spring.SpringCamelContext - onApplicationEvent: org.springframework.boot.availability.AvailabilityChangeEvent[source=org.springframework.boot.web.servlet.context.AnnotationConfigServletWebServerApplicationContext@654d8173, started on Sun Oct 12 16:49:36 EEST 2025]
2025-10-12 18:34:02 [SpringApplicationShutdownHook] DEBUG o.a.camel.spring.SpringCamelContext - onApplicationEvent: org.springframework.context.event.ContextClosedEvent[source=org.springframework.boot.web.servlet.context.AnnotationConfigServletWebServerApplicationContext@654d8173, started on Sun Oct 12 16:49:36 EEST 2025]
2025-10-12 18:34:02 [SpringApplicationShutdownHook] INFO  org.quartz.core.QuartzScheduler - Scheduler quartzScheduler_$_NON_CLUSTERED paused.
2025-10-12 18:34:02 [SpringApplicationShutdownHook] INFO  o.a.c.i.engine.AbstractCamelContext - Apache Camel 4.4.0 (camel-1) is shutting down (timeout:45s)
2025-10-12 18:34:02 [SpringApplicationShutdownHook] DEBUG o.a.c.i.e.DefaultAsyncProcessorAwaitManager - Shutting down with no inflight threads.
2025-10-12 18:34:02 [SpringApplicationShutdownHook] INFO  o.a.c.i.engine.AbstractCamelContext - Routes stopped (stopped:0)
2025-10-12 18:34:02 [SpringApplicationShutdownHook] DEBUG o.a.c.i.e.BaseExecutorServiceManager - Forcing shutdown of ExecutorService: org.apache.camel.util.concurrent.SizedScheduledExecutorService@52da1357[ErrorHandlerRedeliveryTask]
2025-10-12 18:34:02 [SpringApplicationShutdownHook] DEBUG o.a.c.i.e.DefaultInflightRepository - Shutting down with no inflight exchanges.
2025-10-12 18:34:02 [SpringApplicationShutdownHook] DEBUG o.a.c.i.e.DefaultBeanIntrospection - Stopping BeanIntrospection which was invoked: 4 times
2025-10-12 18:34:02 [SpringApplicationShutdownHook] INFO  o.a.c.i.engine.AbstractCamelContext - Apache Camel 4.4.0 (camel-1) shutdown in 18ms (uptime:1h43m)
2025-10-12 18:34:02 [SpringApplicationShutdownHook] DEBUG o.a.c.m.SimpleMainShutdownStrategy - Shutdown called
2025-10-12 18:34:02 [SpringApplicationShutdownHook] INFO  org.quartz.core.QuartzScheduler - Scheduler quartzScheduler_$_NON_CLUSTERED shutting down.
2025-10-12 18:34:02 [SpringApplicationShutdownHook] INFO  org.quartz.core.QuartzScheduler - Scheduler quartzScheduler_$_NON_CLUSTERED paused.
2025-10-12 18:34:02 [SpringApplicationShutdownHook] INFO  org.quartz.core.QuartzScheduler - Scheduler quartzScheduler_$_NON_CLUSTERED shutdown complete.
2025-10-12 18:34:02 [SpringApplicationShutdownHook] DEBUG o.a.c.h.common.DefaultHttpRegistry - Unregistering CamelServlet with name CamelServlet
2025-10-12 18:34:02 [SpringApplicationShutdownHook] INFO  o.a.c.c.s.CamelHttpTransportServlet - Destroyed CamelHttpTransportServlet[CamelServlet]
2025-10-12 19:10:56 [background-preinit] INFO  o.h.validator.internal.util.Version - HV000001: Hibernate Validator 8.0.2.Final
2025-10-12 19:10:56 [main] INFO  c.middleware.MiddlewareApplication - Starting MiddlewareApplication using Java 23-valhalla with PID 28120 (C:\Users\omard\Desktop\Work\back-end - Copy\target\classes started by omard in C:\Users\omard\Desktop\Work\back-end - Copy)
2025-10-12 19:10:56 [main] INFO  c.middleware.MiddlewareApplication - No active profile set, falling back to 1 default profile: "default"
2025-10-12 19:11:02 [main] INFO  o.a.coyote.http11.Http11NioProtocol - Initializing ProtocolHandler ["http-nio-8081"]
2025-10-12 19:11:02 [main] INFO  o.a.catalina.core.StandardService - Starting service [Tomcat]
2025-10-12 19:11:02 [main] INFO  o.a.catalina.core.StandardEngine - Starting Servlet engine: [Apache Tomcat/10.1.39]
2025-10-12 19:11:02 [main] INFO  o.a.c.c.C.[Tomcat].[localhost].[/] - Initializing Spring embedded WebApplicationContext
2025-10-12 19:11:03 [main] INFO  o.h.jpa.internal.util.LogHelper - HHH000204: Processing PersistenceUnitInfo [name: default]
2025-10-12 19:11:03 [main] INFO  org.hibernate.Version - HHH000412: Hibernate ORM core version 6.6.11.Final
2025-10-12 19:11:03 [main] INFO  o.h.c.i.RegionFactoryInitiator - HHH000026: Second-level cache disabled
2025-10-12 19:11:04 [main] WARN  org.hibernate.orm.deprecation - HHH90000025: PostgreSQLDialect does not need to be specified explicitly using 'hibernate.dialect' (remove the property setting and it will be selected by default)
2025-10-12 19:11:05 [main] INFO  o.hibernate.orm.connections.pooling - HHH10001005: Database info:
	Database JDBC URL [Connecting through datasource 'org.springframework.jdbc.datasource.DriverManagerDataSource@5e0442dd']
	Database driver: undefined/unknown
	Database version: 17.4
	Autocommit mode: undefined/unknown
	Isolation level: undefined/unknown
	Minimum pool size: undefined/unknown
	Maximum pool size: undefined/unknown
2025-10-12 19:11:09 [main] INFO  o.h.e.t.j.p.i.JtaPlatformInitiator - HHH000489: No JTA platform available (set 'hibernate.transaction.jta.platform' to enable JTA platform integration)
2025-10-12 19:11:11 [main] DEBUG o.a.camel.spring.SpringCamelContext - Set the application context classloader to: TomcatEmbeddedWebappClassLoader
  context: ROOT
  delegate: true
----------> Parent Classloader:
jdk.internal.loader.ClassLoaders$AppClassLoader@5451c3a8

2025-10-12 19:11:11 [main] DEBUG o.a.camel.support.LRUCacheFactory - Creating DefaultLRUCacheFactory
2025-10-12 19:11:11 [main] DEBUG o.a.c.i.e.DefaultCamelContextExtension - Setting up management with factory: org.apache.camel.impl.engine.DefaultManagementStrategyFactory@13d57fd0
2025-10-12 19:11:11 [main] DEBUG o.a.camel.support.ResolverHelper - Found HealthCheckRegistry: org.apache.camel.impl.health.DefaultHealthCheckRegistry via: META-INF/services/org/apache/camel/health-check/default-registry
2025-10-12 19:11:11 [main] DEBUG o.a.camel.support.ResolverHelper - Detected and using HealthCheckRegistry: org.apache.camel.impl.health.DefaultHealthCheckRegistry@64bf60c7
2025-10-12 19:11:11 [main] DEBUG o.a.c.i.h.DefaultHealthCheckRegistry - HealthCheckRepository with id registry-health-check-repository successfully registered
2025-10-12 19:11:11 [main] DEBUG o.a.c.i.c.BaseTypeConverterRegistry - Loading file META-INF/services/org/apache/camel/TypeConverterLoader to retrieve list of type converters, from url: jar:file:/C:/Users/omard/.m2/repository/org/apache/camel/camel-spring/4.4.0/camel-spring-4.4.0.jar!/META-INF/services/org/apache/camel/TypeConverterLoader
2025-10-12 19:11:11 [main] DEBUG o.a.c.i.c.BaseTypeConverterRegistry - Loading file META-INF/services/org/apache/camel/TypeConverterLoader to retrieve list of type converters, from url: jar:file:/C:/Users/omard/.m2/repository/org/apache/camel/camel-xml-jaxp/4.4.0/camel-xml-jaxp-4.4.0.jar!/META-INF/services/org/apache/camel/TypeConverterLoader
2025-10-12 19:11:11 [main] DEBUG o.a.c.i.c.BaseTypeConverterRegistry - Loading file META-INF/services/org/apache/camel/TypeConverterLoader to retrieve list of type converters, from url: jar:file:/C:/Users/omard/.m2/repository/org/apache/camel/camel-http/4.4.0/camel-http-4.4.0.jar!/META-INF/services/org/apache/camel/TypeConverterLoader
2025-10-12 19:11:11 [main] DEBUG o.a.c.i.c.BaseTypeConverterRegistry - Loading file META-INF/services/org/apache/camel/TypeConverterLoader to retrieve list of type converters, from url: jar:file:/C:/Users/omard/.m2/repository/org/apache/camel/camel-http-common/4.4.0/camel-http-common-4.4.0.jar!/META-INF/services/org/apache/camel/TypeConverterLoader
2025-10-12 19:11:11 [main] DEBUG o.a.c.i.c.BaseTypeConverterRegistry - Loading file META-INF/services/org/apache/camel/TypeConverterLoader to retrieve list of type converters, from url: jar:file:/C:/Users/omard/.m2/repository/org/apache/camel/camel-attachments/4.4.0/camel-attachments-4.4.0.jar!/META-INF/services/org/apache/camel/TypeConverterLoader
2025-10-12 19:11:11 [main] DEBUG o.a.c.i.c.BaseTypeConverterRegistry - Loading file META-INF/services/org/apache/camel/TypeConverterLoader to retrieve list of type converters, from url: jar:file:/C:/Users/omard/.m2/repository/org/apache/camel/camel-jackson/4.4.0/camel-jackson-4.4.0.jar!/META-INF/services/org/apache/camel/TypeConverterLoader
2025-10-12 19:11:11 [main] DEBUG o.a.c.i.c.BaseTypeConverterRegistry - Loading file META-INF/services/org/apache/camel/TypeConverterLoader to retrieve list of type converters, from url: jar:file:/C:/Users/omard/.m2/repository/org/apache/camel/camel-support/4.4.0/camel-support-4.4.0.jar!/META-INF/services/org/apache/camel/TypeConverterLoader
2025-10-12 19:11:11 [main] DEBUG o.a.c.i.c.BaseTypeConverterRegistry - Loading file META-INF/services/org/apache/camel/TypeConverterLoader to retrieve list of type converters, from url: jar:file:/C:/Users/omard/.m2/repository/org/apache/camel/camel-file/4.4.0/camel-file-4.4.0.jar!/META-INF/services/org/apache/camel/TypeConverterLoader
2025-10-12 19:11:11 [main] DEBUG o.a.c.i.c.BaseTypeConverterRegistry - Loading file META-INF/services/org/apache/camel/TypeConverterLoader to retrieve list of type converters, from url: jar:file:/C:/Users/omard/.m2/repository/org/apache/camel/camel-base/4.4.0/camel-base-4.4.0.jar!/META-INF/services/org/apache/camel/TypeConverterLoader
2025-10-12 19:11:11 [main] DEBUG o.a.c.i.c.BaseTypeConverterRegistry - Loading file META-INF/services/org/apache/camel/TypeConverterLoader to retrieve list of type converters, from url: jar:file:/C:/Users/omard/.m2/repository/org/apache/camel/camel-spring/4.4.0/camel-spring-4.4.0.jar!/META-INF/services/org/apache/camel/TypeConverterLoader
2025-10-12 19:11:11 [main] DEBUG o.a.c.i.c.BaseTypeConverterRegistry - Loading file META-INF/services/org/apache/camel/TypeConverterLoader to retrieve list of type converters, from url: jar:file:/C:/Users/omard/.m2/repository/org/apache/camel/camel-xml-jaxp/4.4.0/camel-xml-jaxp-4.4.0.jar!/META-INF/services/org/apache/camel/TypeConverterLoader
2025-10-12 19:11:11 [main] DEBUG o.a.c.i.c.BaseTypeConverterRegistry - Loading file META-INF/services/org/apache/camel/TypeConverterLoader to retrieve list of type converters, from url: jar:file:/C:/Users/omard/.m2/repository/org/apache/camel/camel-http/4.4.0/camel-http-4.4.0.jar!/META-INF/services/org/apache/camel/TypeConverterLoader
2025-10-12 19:11:11 [main] DEBUG o.a.c.i.c.BaseTypeConverterRegistry - Loading file META-INF/services/org/apache/camel/TypeConverterLoader to retrieve list of type converters, from url: jar:file:/C:/Users/omard/.m2/repository/org/apache/camel/camel-http-common/4.4.0/camel-http-common-4.4.0.jar!/META-INF/services/org/apache/camel/TypeConverterLoader
2025-10-12 19:11:11 [main] DEBUG o.a.c.i.c.BaseTypeConverterRegistry - Loading file META-INF/services/org/apache/camel/TypeConverterLoader to retrieve list of type converters, from url: jar:file:/C:/Users/omard/.m2/repository/org/apache/camel/camel-attachments/4.4.0/camel-attachments-4.4.0.jar!/META-INF/services/org/apache/camel/TypeConverterLoader
2025-10-12 19:11:11 [main] DEBUG o.a.c.i.c.BaseTypeConverterRegistry - Loading file META-INF/services/org/apache/camel/TypeConverterLoader to retrieve list of type converters, from url: jar:file:/C:/Users/omard/.m2/repository/org/apache/camel/camel-jackson/4.4.0/camel-jackson-4.4.0.jar!/META-INF/services/org/apache/camel/TypeConverterLoader
2025-10-12 19:11:11 [main] DEBUG o.a.c.i.c.BaseTypeConverterRegistry - Loading file META-INF/services/org/apache/camel/TypeConverterLoader to retrieve list of type converters, from url: jar:file:/C:/Users/omard/.m2/repository/org/apache/camel/camel-support/4.4.0/camel-support-4.4.0.jar!/META-INF/services/org/apache/camel/TypeConverterLoader
2025-10-12 19:11:11 [main] DEBUG o.a.c.i.c.BaseTypeConverterRegistry - Loading file META-INF/services/org/apache/camel/TypeConverterLoader to retrieve list of type converters, from url: jar:file:/C:/Users/omard/.m2/repository/org/apache/camel/camel-file/4.4.0/camel-file-4.4.0.jar!/META-INF/services/org/apache/camel/TypeConverterLoader
2025-10-12 19:11:11 [main] DEBUG o.a.c.i.c.BaseTypeConverterRegistry - Loading file META-INF/services/org/apache/camel/TypeConverterLoader to retrieve list of type converters, from url: jar:file:/C:/Users/omard/.m2/repository/org/apache/camel/camel-base/4.4.0/camel-base-4.4.0.jar!/META-INF/services/org/apache/camel/TypeConverterLoader
2025-10-12 19:11:11 [main] DEBUG o.a.c.i.c.BaseTypeConverterRegistry - Resolving TypeConverterLoader: org.apache.camel.spring.converter.ResourceConverterLoader
2025-10-12 19:11:11 [main] DEBUG o.a.c.i.c.BaseTypeConverterRegistry - TypeConverterLoader: org.apache.camel.spring.converter.ResourceConverterLoader loading converters
2025-10-12 19:11:11 [main] DEBUG o.a.c.i.c.BaseTypeConverterRegistry - Resolving TypeConverterLoader: org.apache.camel.converter.jaxp.CamelXmlJaxpBulkConverterLoader
2025-10-12 19:11:11 [main] DEBUG o.a.c.i.c.BaseTypeConverterRegistry - TypeConverterLoader: org.apache.camel.converter.jaxp.CamelXmlJaxpBulkConverterLoader loading converters
2025-10-12 19:11:11 [main] DEBUG o.a.c.i.c.BaseTypeConverterRegistry - Resolving TypeConverterLoader: org.apache.camel.component.http.HttpConvertersLoader
2025-10-12 19:11:11 [main] DEBUG o.a.c.i.c.BaseTypeConverterRegistry - TypeConverterLoader: org.apache.camel.component.http.HttpConvertersLoader loading converters
2025-10-12 19:11:11 [main] DEBUG o.a.c.i.c.BaseTypeConverterRegistry - Resolving TypeConverterLoader: org.apache.camel.component.http.HttpEntityConverterLoader
2025-10-12 19:11:11 [main] DEBUG o.a.c.i.c.BaseTypeConverterRegistry - TypeConverterLoader: org.apache.camel.component.http.HttpEntityConverterLoader loading converters
2025-10-12 19:11:11 [main] DEBUG o.a.c.i.c.BaseTypeConverterRegistry - Resolving TypeConverterLoader: org.apache.camel.http.common.HttpConverterLoader
2025-10-12 19:11:11 [main] DEBUG o.a.c.i.c.BaseTypeConverterRegistry - TypeConverterLoader: org.apache.camel.http.common.HttpConverterLoader loading converters
2025-10-12 19:11:12 [main] DEBUG o.a.c.i.c.BaseTypeConverterRegistry - Resolving TypeConverterLoader: org.apache.camel.attachment.AttachmentConverterLoader
2025-10-12 19:11:12 [main] DEBUG o.a.c.i.c.BaseTypeConverterRegistry - TypeConverterLoader: org.apache.camel.attachment.AttachmentConverterLoader loading converters
2025-10-12 19:11:12 [main] DEBUG o.a.c.i.c.BaseTypeConverterRegistry - Resolving TypeConverterLoader: org.apache.camel.component.jackson.converter.JacksonTypeConvertersLoader
2025-10-12 19:11:12 [main] DEBUG o.a.c.i.c.BaseTypeConverterRegistry - TypeConverterLoader: org.apache.camel.component.jackson.converter.JacksonTypeConvertersLoader loading converters
2025-10-12 19:11:12 [main] DEBUG o.a.c.i.c.BaseTypeConverterRegistry - Resolving TypeConverterLoader: org.apache.camel.converter.stream.StreamCacheBulkConverterLoader
2025-10-12 19:11:12 [main] DEBUG o.a.c.i.c.BaseTypeConverterRegistry - TypeConverterLoader: org.apache.camel.converter.stream.StreamCacheBulkConverterLoader loading converters
2025-10-12 19:11:12 [main] DEBUG o.a.c.i.c.BaseTypeConverterRegistry - Resolving TypeConverterLoader: org.apache.camel.component.file.GenericFileConverterLoader
2025-10-12 19:11:12 [main] DEBUG o.a.c.i.c.BaseTypeConverterRegistry - TypeConverterLoader: org.apache.camel.component.file.GenericFileConverterLoader loading converters
2025-10-12 19:11:12 [main] DEBUG o.a.c.i.c.BaseTypeConverterRegistry - Resolving TypeConverterLoader: org.apache.camel.converter.CamelBaseBulkConverterLoader
2025-10-12 19:11:12 [main] DEBUG o.a.c.i.c.BaseTypeConverterRegistry - TypeConverterLoader: org.apache.camel.converter.CamelBaseBulkConverterLoader loading converters
2025-10-12 19:11:12 [main] DEBUG o.a.c.i.c.DefaultTypeConverter - Loaded 259 type converters in 203ms
2025-10-12 19:11:12 [main] DEBUG o.a.c.i.engine.AbstractCamelContext - Apache Camel 4.4.0 (camel-1) built in 398ms
2025-10-12 19:11:12 [main] INFO  o.a.camel.util.concurrent.ThreadType - The type of thread detected is PLATFORM
2025-10-12 19:11:12 [main] DEBUG o.a.c.i.e.BaseExecutorServiceManager - Created new ScheduledThreadPool for source: ErrorHandlerRedeliveryThreadPool with name: ErrorHandlerRedeliveryTask -> org.apache.camel.util.concurrent.SizedScheduledExecutorService@3033bb96[ErrorHandlerRedeliveryTask]
2025-10-12 19:11:12 [main] DEBUG o.a.c.i.e.DefaultConfigurerResolver - Found configurer: spring-event-component via type: org.apache.camel.component.event.EventComponentConfigurer via: META-INF/services/org/apache/camel/configurer/spring-event-component
2025-10-12 19:11:12 [main] DEBUG o.a.c.i.e.DefaultConfigurerResolver - Found configurer: spring-event-endpoint via type: org.apache.camel.component.event.EventEndpointConfigurer via: META-INF/services/org/apache/camel/configurer/spring-event-endpoint
2025-10-12 19:11:12 [main] DEBUG o.a.c.i.e.DefaultConfigurerResolver - Found configurer: spring-event-component via type: org.apache.camel.component.event.EventComponentConfigurer via: META-INF/services/org/apache/camel/configurer/spring-event-component
2025-10-12 19:11:13 [main] DEBUG o.a.camel.spring.SpringCamelContext - Set the application context classloader to: TomcatEmbeddedWebappClassLoader
  context: ROOT
  delegate: true
----------> Parent Classloader:
jdk.internal.loader.ClassLoaders$AppClassLoader@5451c3a8

2025-10-12 19:11:20 [main] DEBUG o.s.w.f.ServerHttpObservationFilter - Filter 'webMvcObservationFilter' configured for use
2025-10-12 19:11:20 [main] DEBUG o.s.w.f.CommonsRequestLoggingFilter - Filter 'logFilter' configured for use
2025-10-12 19:11:20 [main] DEBUG c.m.b.users.config.JwtRequestFilter - Filter 'jwtRequestFilter' configured for use
2025-10-12 19:11:22 [main] INFO  c.m.b.config.RestTemplateConfig - Creating RestTemplate with SSL trust-all configuration
2025-10-12 19:11:23 [main] INFO  c.m.b.config.RestTemplateConfig - RestTemplate configured with connect-timeout: 10000ms, read-timeout: 30000ms
2025-10-12 19:11:29 [main] INFO  org.quartz.impl.StdSchedulerFactory - Using default implementation for ThreadExecutor
2025-10-12 19:11:29 [main] INFO  o.quartz.core.SchedulerSignalerImpl - Initialized Scheduler Signaller of type: class org.quartz.core.SchedulerSignalerImpl
2025-10-12 19:11:29 [main] INFO  org.quartz.core.QuartzScheduler - Quartz Scheduler v.2.3.2 created.
2025-10-12 19:11:29 [main] INFO  org.quartz.simpl.RAMJobStore - RAMJobStore initialized.
2025-10-12 19:11:29 [main] INFO  org.quartz.core.QuartzScheduler - Scheduler meta-data: Quartz Scheduler (v2.3.2) 'quartzScheduler' with instanceId 'NON_CLUSTERED'
  Scheduler class: 'org.quartz.core.QuartzScheduler' - running locally.
  NOT STARTED.
  Currently in standby mode.
  Number of jobs executed: 0
  Using thread pool 'org.quartz.simpl.SimpleThreadPool' - with 10 threads.
  Using job-store 'org.quartz.simpl.RAMJobStore' - which does not support persistence. and is not clustered.

2025-10-12 19:11:29 [main] INFO  org.quartz.impl.StdSchedulerFactory - Quartz scheduler 'quartzScheduler' initialized from an externally provided properties instance.
2025-10-12 19:11:29 [main] INFO  org.quartz.impl.StdSchedulerFactory - Quartz scheduler version: 2.3.2
2025-10-12 19:11:29 [main] INFO  org.quartz.core.QuartzScheduler - JobFactory set to: org.springframework.scheduling.quartz.SpringBeanJobFactory@3dc55c7e
2025-10-12 19:11:32 [main] INFO  c.m.b.k.i.Dhis2HeaderFilterConfig - === Configuring DHIS2 Header Filter (Static Test) ===
2025-10-12 19:11:32 [main] INFO  c.m.b.k.i.Dhis2HeaderFilterConfig - DHIS2 Header Filter configured - allowing most headers for testing
2025-10-12 19:11:33 [main] DEBUG o.s.w.s.m.m.a.RequestMappingHandlerMapping - 163 mappings in 'requestMappingHandlerMapping'
2025-10-12 19:11:34 [main] DEBUG o.s.w.s.h.SimpleUrlHandlerMapping - Patterns [/webjars/**, /**, /swagger-ui*/*swagger-initializer.js, /swagger-ui*/**] in 'resourceHandlerMapping'
2025-10-12 19:11:34 [main] DEBUG o.a.c.i.h.DefaultHealthCheckRegistry - HealthCheck with id context successfully registered
2025-10-12 19:11:34 [main] DEBUG o.a.c.i.h.DefaultHealthCheckRegistry - HealthCheckRepository with id routes successfully registered
2025-10-12 19:11:34 [main] DEBUG o.a.c.i.h.DefaultHealthCheckRegistry - HealthCheckRepository with id producers successfully registered
2025-10-12 19:11:34 [main] DEBUG o.a.c.i.h.DefaultHealthCheckRegistry - HealthCheckRepository with id consumers successfully registered
2025-10-12 19:11:35 [main] DEBUG o.s.w.s.m.m.a.RequestMappingHandlerAdapter - ControllerAdvice beans: 0 @ModelAttribute, 0 @InitBinder, 1 RequestBodyAdvice, 1 ResponseBodyAdvice
2025-10-12 19:11:35 [main] DEBUG o.s.w.s.m.m.a.ExceptionHandlerExceptionResolver - ControllerAdvice beans: 2 @ExceptionHandler, 1 ResponseBodyAdvice
2025-10-12 19:11:37 [main] INFO  o.a.coyote.http11.Http11NioProtocol - Starting ProtocolHandler ["http-nio-8081"]
2025-10-12 19:11:37 [main] DEBUG o.a.c.h.common.DefaultHttpRegistry - Registering CamelServlet with name CamelServlet consumers present: 0
2025-10-12 19:11:37 [main] INFO  o.a.c.c.s.CamelHttpTransportServlet - Initialized CamelHttpTransportServlet[name=CamelServlet, contextPath=]
2025-10-12 19:11:37 [main] DEBUG o.a.camel.spring.SpringCamelContext - onApplicationEvent: org.springframework.boot.web.servlet.context.ServletWebServerInitializedEvent[source=org.springframework.boot.web.embedded.tomcat.TomcatWebServer@319c75fc]
2025-10-12 19:11:37 [main] INFO  org.quartz.core.QuartzScheduler - Scheduler quartzScheduler_$_NON_CLUSTERED started.
2025-10-12 19:11:37 [main] DEBUG o.a.c.s.b.CamelSpringBootApplicationListener - Post-processing CamelContext bean: camel-1
2025-10-12 19:11:37 [main] DEBUG o.apache.camel.main.RoutesConfigurer - RoutesCollectorEnabled: org.apache.camel.spring.boot.CamelSpringBootRoutesCollector@5f26bcdc
2025-10-12 19:11:37 [main] DEBUG o.a.c.s.b.CamelSpringBootRoutesCollector - Finding additional routes from: classpath:camel/*
2025-10-12 19:11:37 [main] DEBUG o.a.c.s.b.CamelSpringBootRoutesCollector - Finding additional routes from: classpath:camel-template/*
2025-10-12 19:11:37 [main] DEBUG o.a.c.s.b.CamelSpringBootRoutesCollector - Finding additional routes from: classpath:camel-rest/*
2025-10-12 19:11:37 [main] DEBUG o.a.c.s.b.CamelSpringBootRoutesCollector - No additional RoutesBuilder discovered from: classpath:camel/*,classpath:camel-template/*,classpath:camel-rest/*
2025-10-12 19:11:37 [main] DEBUG o.a.camel.spring.SpringCamelContext - onApplicationEvent: org.springframework.context.event.ContextRefreshedEvent[source=org.springframework.boot.web.servlet.context.AnnotationConfigServletWebServerApplicationContext@4e28bdd1, started on Sun Oct 12 19:10:56 EEST 2025]
2025-10-12 19:11:37 [main] DEBUG o.a.c.i.engine.AbstractCamelContext - Resolving language: simple
2025-10-12 19:11:37 [main] DEBUG o.a.camel.support.ResolverHelper - Lookup Language with name simple in registry. Found: null
2025-10-12 19:11:37 [main] DEBUG o.a.camel.support.ResolverHelper - Lookup Language with name simple-language in registry. Found: null
2025-10-12 19:11:37 [main] DEBUG o.a.c.language.simple.SimpleLanguage - Simple language predicate/expression cache size: 1000
2025-10-12 19:11:38 [main] DEBUG o.a.c.i.engine.AbstractCamelContext - Apache Camel 4.4.0 (camel-1) initialized in 171ms
2025-10-12 19:11:38 [main] INFO  o.a.c.i.engine.AbstractCamelContext - Apache Camel 4.4.0 (camel-1) is starting
2025-10-12 19:11:38 [main] DEBUG o.a.c.i.engine.AbstractCamelContext - Using ClassResolver=org.apache.camel.impl.engine.DefaultClassResolver@43a3a90e, PackageScanClassResolver=org.apache.camel.spring.boot.FatJarPackageScanClassResolver@300f7994, ApplicationContextClassLoader=TomcatEmbeddedWebappClassLoader
  context: ROOT
  delegate: true
----------> Parent Classloader:
jdk.internal.loader.ClassLoaders$AppClassLoader@5451c3a8
, RouteController=org.apache.camel.impl.engine.DefaultRouteController@5ee16a6d
2025-10-12 19:11:38 [main] DEBUG o.a.c.i.engine.AbstractCamelContext - StreamCaching is disabled on CamelContext: camel-1
2025-10-12 19:11:38 [main] DEBUG o.a.c.i.engine.AbstractCamelContext - Using HeadersMapFactory: org.apache.camel.impl.engine.DefaultHeadersMapFactory@71675354
2025-10-12 19:11:38 [main] DEBUG o.a.c.i.engine.AbstractCamelContext - Using ReactiveExecutor: org.apache.camel.impl.engine.DefaultReactiveExecutor@33d394e7
2025-10-12 19:11:38 [main] DEBUG o.a.c.i.engine.AbstractCamelContext - Using ThreadPoolFactory: org.apache.camel.support.DefaultThreadPoolFactory@3becd5bf
2025-10-12 19:11:38 [main] DEBUG o.a.c.i.engine.AbstractCamelContext - Using HealthCheck: camel-spring-boot
2025-10-12 19:11:38 [main] DEBUG o.a.c.i.e.DefaultStreamCachingStrategy - StreamCaching configuration DefaultStreamCachingStrategy[spoolDirectoryEnabled=false, spoolDirectory=null, spoolCipher=null, spoolThreshold=131072, spoolUsedHeapMemoryThreshold=0, bufferSize=0, anySpoolRules=false]
2025-10-12 19:11:38 [main] DEBUG o.a.c.i.e.DefaultStreamCachingStrategy - StreamCaching in use
2025-10-12 19:11:38 [main] DEBUG o.a.c.i.engine.AbstractCamelContext - Clearing BeanIntrospection cache with 1 objects using during starting Camel
2025-10-12 19:11:38 [main] DEBUG o.a.c.i.engine.AbstractCamelContext - BeanIntrospection invoked 4 times during starting Camel
2025-10-12 19:11:38 [main] INFO  o.a.c.i.engine.AbstractCamelContext - Routes startup (started:0)
2025-10-12 19:11:38 [main] INFO  o.a.c.i.engine.AbstractCamelContext - Apache Camel 4.4.0 (camel-1) started in 610ms (build:398ms init:171ms start:41ms)
2025-10-12 19:11:38 [main] DEBUG o.a.camel.support.ResolverHelper - Found ProcessorFactory: org.apache.camel.processor.DefaultProcessorFactory via: META-INF/services/org/apache/camel/processor-factory
2025-10-12 19:11:38 [main] DEBUG o.a.camel.support.ResolverHelper - Detected and using ProcessorFactory: org.apache.camel.processor.DefaultProcessorFactory@326c66f1
2025-10-12 19:11:38 [main] DEBUG o.a.camel.impl.DefaultCamelContext - start() took 231 millis
2025-10-12 19:11:38 [main] INFO  c.middleware.MiddlewareApplication - Started MiddlewareApplication in 42.55 seconds (process running for 44.995)
2025-10-12 19:11:38 [main] DEBUG o.a.camel.spring.SpringCamelContext - onApplicationEvent: org.springframework.boot.context.event.ApplicationStartedEvent[source=org.springframework.boot.SpringApplication@36b9420a]
2025-10-12 19:11:38 [main] DEBUG o.a.camel.spring.SpringCamelContext - onApplicationEvent: org.springframework.boot.availability.AvailabilityChangeEvent[source=org.springframework.boot.web.servlet.context.AnnotationConfigServletWebServerApplicationContext@4e28bdd1, started on Sun Oct 12 19:10:56 EEST 2025]
2025-10-12 19:11:38 [scheduling-1] INFO  c.m.b.k.service.DynamicRouteService - Starting route status sync with Camel context
2025-10-12 19:11:38 [scheduling-1] INFO  c.m.b.k.service.DynamicRouteService - Completed route status sync
2025-10-12 19:11:38 [main] DEBUG o.a.camel.spring.SpringCamelContext - onApplicationEvent: org.springframework.boot.context.event.ApplicationReadyEvent[source=org.springframework.boot.SpringApplication@36b9420a]
2025-10-12 19:11:38 [main] INFO  c.m.b.k.service.SequenceFixService - Fixing sequence for integration_mapping.id ...
2025-10-12 19:11:38 [main] INFO  c.m.b.k.service.SequenceFixService - Sequence public.integration_mapping_id_seq synced to 11. setval returned 11
2025-10-12 19:11:38 [main] INFO  c.m.b.k.service.SequenceFixService - Sequence fix done.
2025-10-12 19:11:38 [main] DEBUG o.a.camel.spring.SpringCamelContext - onApplicationEvent: org.springframework.boot.availability.AvailabilityChangeEvent[source=org.springframework.boot.web.servlet.context.AnnotationConfigServletWebServerApplicationContext@4e28bdd1, started on Sun Oct 12 19:10:56 EEST 2025]
2025-10-12 19:11:39 [RMI TCP Connection(1)-192.168.2.21] DEBUG o.a.c.i.health.AbstractHealthCheck - Invoke health-check (LIVENESS) camel/context
2025-10-12 19:11:39 [RMI TCP Connection(2)-192.168.2.21] INFO  o.a.c.c.C.[Tomcat].[localhost].[/] - Initializing Spring DispatcherServlet 'dispatcherServlet'
2025-10-12 19:11:39 [RMI TCP Connection(2)-192.168.2.21] INFO  o.s.web.servlet.DispatcherServlet - Initializing Servlet 'dispatcherServlet'
2025-10-12 19:11:39 [RMI TCP Connection(2)-192.168.2.21] DEBUG o.s.web.servlet.DispatcherServlet - Detected StandardServletMultipartResolver
2025-10-12 19:11:39 [RMI TCP Connection(2)-192.168.2.21] DEBUG o.s.web.servlet.DispatcherServlet - Detected AcceptHeaderLocaleResolver
2025-10-12 19:11:39 [RMI TCP Connection(2)-192.168.2.21] DEBUG o.s.web.servlet.DispatcherServlet - Detected FixedThemeResolver
2025-10-12 19:11:39 [RMI TCP Connection(2)-192.168.2.21] DEBUG o.s.web.servlet.DispatcherServlet - Detected org.springframework.web.servlet.view.DefaultRequestToViewNameTranslator@5759370a
2025-10-12 19:11:39 [RMI TCP Connection(1)-192.168.2.21] DEBUG o.a.c.i.health.AbstractHealthCheck - Invoke health-check (READINESS) camel/context
2025-10-12 19:11:39 [RMI TCP Connection(2)-192.168.2.21] DEBUG o.s.web.servlet.DispatcherServlet - Detected org.springframework.web.servlet.support.SessionFlashMapManager@6a50888c
2025-10-12 19:11:39 [RMI TCP Connection(2)-192.168.2.21] DEBUG o.s.web.servlet.DispatcherServlet - enableLoggingRequestDetails='false': request parameters and headers will be masked to prevent unsafe logging of potentially sensitive data
2025-10-12 19:11:39 [RMI TCP Connection(2)-192.168.2.21] INFO  o.s.web.servlet.DispatcherServlet - Completed initialization in 9 ms
2025-10-12 19:11:39 [RMI TCP Connection(1)-192.168.2.21] DEBUG o.a.c.i.health.AbstractHealthCheck - Invoke health-check (ALL) camel/context
2025-10-12 19:12:08 [scheduling-1] INFO  c.m.b.k.service.DynamicRouteService - Starting route status sync with Camel context
2025-10-12 19:12:08 [scheduling-1] INFO  c.m.b.k.service.DynamicRouteService - Completed route status sync
2025-10-12 19:12:30 [http-nio-8081-exec-4] INFO  c.m.b.k.service.DynamicRouteService - Fetching active routes with pagination
2025-10-12 19:12:30 [http-nio-8081-exec-6] INFO  c.m.b.k.service.DynamicRouteService - Fetching active routes with pagination
2025-10-12 19:12:30 [http-nio-8081-exec-5] INFO  c.m.b.k.service.DynamicRouteService - Fetching active routes with pagination
2025-10-12 19:12:31 [http-nio-8081-exec-4] DEBUG o.s.w.f.CommonsRequestLoggingFilter - Before request [GET /api/integrated-apis/systems, client=0:0:0:0:0:0:0:1, user=admin@mail.com]
2025-10-12 19:12:31 [http-nio-8081-exec-5] DEBUG o.s.w.f.CommonsRequestLoggingFilter - Before request [GET /api/integration-mappings/middleware-apis, client=0:0:0:0:0:0:0:1, user=admin@mail.com]
2025-10-12 19:12:31 [http-nio-8081-exec-4] DEBUG o.s.web.servlet.DispatcherServlet - GET "/api/integrated-apis/systems", parameters={}
2025-10-12 19:12:31 [http-nio-8081-exec-5] DEBUG o.s.web.servlet.DispatcherServlet - GET "/api/integration-mappings/middleware-apis", parameters={}
2025-10-12 19:12:31 [http-nio-8081-exec-5] DEBUG o.s.w.s.m.m.a.RequestMappingHandlerMapping - Mapped to com.middleware.backend.kaotocamel.controller.IntegrationMappingAdminController#getMiddlewareApis()
2025-10-12 19:12:31 [http-nio-8081-exec-4] DEBUG o.s.w.s.m.m.a.RequestMappingHandlerMapping - Mapped to com.middleware.backend.kaotocamel.controller.IntegratedApiController#getIntegratedSystems()
2025-10-12 19:12:31 [http-nio-8081-exec-6] DEBUG o.s.w.f.CommonsRequestLoggingFilter - Before request [GET /api/integrated-apis?page=0&size=10, client=0:0:0:0:0:0:0:1, user=admin@mail.com]
2025-10-12 19:12:31 [http-nio-8081-exec-5] INFO  c.m.b.k.c.IntegrationMappingAdminController - Found 2 distinct middleware APIs
2025-10-12 19:12:31 [http-nio-8081-exec-6] DEBUG o.s.web.servlet.DispatcherServlet - GET "/api/integrated-apis?page=0&size=10", parameters={masked}
2025-10-12 19:12:31 [http-nio-8081-exec-6] DEBUG o.s.w.s.m.m.a.RequestMappingHandlerMapping - Mapped to com.middleware.backend.kaotocamel.controller.IntegratedApiController#findAll(String, String, String, String, String, Boolean, String, LocalDateTime, LocalDateTime, LocalDateTime, LocalDateTime, String, Long, Long, int, int, String[])
2025-10-12 19:12:31 [http-nio-8081-exec-5] DEBUG o.s.w.s.m.m.a.HttpEntityMethodProcessor - Using 'application/json', given [application/json] and supported [application/json, application/*+json, application/yaml]
2025-10-12 19:12:31 [http-nio-8081-exec-5] DEBUG o.s.w.s.m.m.a.HttpEntityMethodProcessor - Writing [[/healthmap, /healthmapATTR]]
2025-10-12 19:12:31 [http-nio-8081-exec-6] INFO  c.m.b.k.c.IntegratedApiController - === SORTING DEBUG ===
2025-10-12 19:12:31 [http-nio-8081-exec-6] INFO  c.m.b.k.c.IntegratedApiController - Received sort array: [id, desc]
2025-10-12 19:12:31 [http-nio-8081-exec-6] INFO  c.m.b.k.c.IntegratedApiController - Sort array length: 2
2025-10-12 19:12:31 [http-nio-8081-exec-6] INFO  c.m.b.k.c.IntegratedApiController - sort[0] = 'id'
2025-10-12 19:12:31 [http-nio-8081-exec-6] INFO  c.m.b.k.c.IntegratedApiController - sort[1] = 'desc'
2025-10-12 19:12:31 [http-nio-8081-exec-6] DEBUG c.m.b.k.c.IntegratedApiController - Received sort params: [id, desc]
2025-10-12 19:12:31 [http-nio-8081-exec-6] DEBUG c.m.b.k.c.IntegratedApiController - Handling separated params - field: 'id', direction: 'desc'
2025-10-12 19:12:31 [http-nio-8081-exec-6] DEBUG c.m.b.k.c.IntegratedApiController - Added separated sort order: id DESC
2025-10-12 19:12:31 [http-nio-8081-exec-6] DEBUG c.m.b.k.c.IntegratedApiController - Final sort object: id: DESC
2025-10-12 19:12:31 [http-nio-8081-exec-6] INFO  c.m.b.k.c.IntegratedApiController - Final Sort object: id: DESC
2025-10-12 19:12:31 [http-nio-8081-exec-6] INFO  c.m.b.k.c.IntegratedApiController - === END SORTING DEBUG ===
2025-10-12 19:12:31 [http-nio-8081-exec-6] INFO  c.m.b.k.c.IntegratedApiController - Pageable: Page request [number: 0, size 10, sort: id: DESC]
2025-10-12 19:12:31 [http-nio-8081-exec-5] DEBUG o.s.web.servlet.DispatcherServlet - Completed 200 OK
2025-10-12 19:12:31 [http-nio-8081-exec-5] DEBUG o.a.camel.spring.SpringCamelContext - onApplicationEvent: ServletRequestHandledEvent: url=[/api/integration-mappings/middleware-apis]; client=[0:0:0:0:0:0:0:1]; method=[GET]; status=[200]; servlet=[dispatcherServlet]; session=[null]; user=[admin@mail.com]; time=[129ms]
2025-10-12 19:12:31 [http-nio-8081-exec-5] DEBUG o.s.w.f.CommonsRequestLoggingFilter - After request [GET /api/integration-mappings/middleware-apis, client=0:0:0:0:0:0:0:1, user=admin@mail.com]
2025-10-12 19:12:31 [http-nio-8081-exec-4] DEBUG o.s.w.s.m.m.a.HttpEntityMethodProcessor - Using 'application/json', given [application/json] and supported [application/json, application/*+json, application/yaml]
2025-10-12 19:12:31 [http-nio-8081-exec-4] DEBUG o.s.w.s.m.m.a.HttpEntityMethodProcessor - Writing [[DHIS2.2]]
2025-10-12 19:12:31 [http-nio-8081-exec-4] DEBUG o.s.web.servlet.DispatcherServlet - Completed 200 OK
2025-10-12 19:12:31 [http-nio-8081-exec-4] DEBUG o.a.camel.spring.SpringCamelContext - onApplicationEvent: ServletRequestHandledEvent: url=[/api/integrated-apis/systems]; client=[0:0:0:0:0:0:0:1]; method=[GET]; status=[200]; servlet=[dispatcherServlet]; session=[null]; user=[admin@mail.com]; time=[229ms]
2025-10-12 19:12:31 [http-nio-8081-exec-4] DEBUG o.s.w.f.CommonsRequestLoggingFilter - After request [GET /api/integrated-apis/systems, client=0:0:0:0:0:0:0:1, user=admin@mail.com]
2025-10-12 19:12:31 [http-nio-8081-exec-6] WARN  o.s.d.w.c.SpringDataJacksonConfiguration$PageModule$WarningLoggingModifier - Serializing PageImpl instances as-is is not supported, meaning that there is no guarantee about the stability of the resulting JSON structure!
	For a stable JSON structure, please use Spring Data's PagedModel (globally via @EnableSpringDataWebSupport(pageSerializationMode = VIA_DTO))
	or Spring HATEOAS and Spring Data's PagedResourcesAssembler as documented in https://docs.spring.io/spring-data/commons/reference/repositories/core-extensions.html#core.web.pageables.

2025-10-12 19:12:31 [http-nio-8081-exec-6] DEBUG o.s.w.s.m.m.a.HttpEntityMethodProcessor - Using 'application/json', given [application/json] and supported [application/json, application/*+json, application/yaml]
2025-10-12 19:12:31 [http-nio-8081-exec-6] DEBUG o.s.w.s.m.m.a.HttpEntityMethodProcessor - Writing [Page 1 of 1 containing com.middleware.backend.kaotocamel.dto.IntegratedApiDto instances]
2025-10-12 19:12:31 [http-nio-8081-exec-6] DEBUG o.s.web.servlet.DispatcherServlet - Completed 200 OK
2025-10-12 19:12:31 [http-nio-8081-exec-6] DEBUG o.a.camel.spring.SpringCamelContext - onApplicationEvent: ServletRequestHandledEvent: url=[/api/integrated-apis]; client=[0:0:0:0:0:0:0:1]; method=[GET]; status=[200]; servlet=[dispatcherServlet]; session=[null]; user=[admin@mail.com]; time=[166ms]
2025-10-12 19:12:31 [http-nio-8081-exec-6] DEBUG o.s.w.f.CommonsRequestLoggingFilter - After request [GET /api/integrated-apis?page=0&size=10, client=0:0:0:0:0:0:0:1, user=admin@mail.com]
2025-10-12 19:12:34 [http-nio-8081-exec-1] INFO  c.m.b.k.service.DynamicRouteService - Fetching active routes with pagination
2025-10-12 19:12:34 [http-nio-8081-exec-10] INFO  c.m.b.k.service.DynamicRouteService - Fetching active routes with pagination
2025-10-12 19:12:34 [http-nio-8081-exec-8] INFO  c.m.b.k.service.DynamicRouteService - Fetching active routes with pagination
2025-10-12 19:12:34 [http-nio-8081-exec-1] DEBUG o.s.w.f.CommonsRequestLoggingFilter - Before request [GET /api/integration-mappings/middleware-apis, client=0:0:0:0:0:0:0:1, user=admin@mail.com]
2025-10-12 19:12:34 [http-nio-8081-exec-1] DEBUG o.s.web.servlet.DispatcherServlet - GET "/api/integration-mappings/middleware-apis", parameters={}
2025-10-12 19:12:34 [http-nio-8081-exec-1] DEBUG o.s.w.s.m.m.a.RequestMappingHandlerMapping - Mapped to com.middleware.backend.kaotocamel.controller.IntegrationMappingAdminController#getMiddlewareApis()
2025-10-12 19:12:34 [http-nio-8081-exec-8] DEBUG o.s.w.f.CommonsRequestLoggingFilter - Before request [GET /api/integrated-apis/systems, client=0:0:0:0:0:0:0:1, user=admin@mail.com]
2025-10-12 19:12:34 [http-nio-8081-exec-8] DEBUG o.s.web.servlet.DispatcherServlet - GET "/api/integrated-apis/systems", parameters={}
2025-10-12 19:12:34 [http-nio-8081-exec-8] DEBUG o.s.w.s.m.m.a.RequestMappingHandlerMapping - Mapped to com.middleware.backend.kaotocamel.controller.IntegratedApiController#getIntegratedSystems()
2025-10-12 19:12:34 [http-nio-8081-exec-1] INFO  c.m.b.k.c.IntegrationMappingAdminController - Found 2 distinct middleware APIs
2025-10-12 19:12:34 [http-nio-8081-exec-1] DEBUG o.s.w.s.m.m.a.HttpEntityMethodProcessor - Using 'application/json', given [application/json] and supported [application/json, application/*+json, application/yaml]
2025-10-12 19:12:34 [http-nio-8081-exec-1] DEBUG o.s.w.s.m.m.a.HttpEntityMethodProcessor - Writing [[/healthmap, /healthmapATTR]]
2025-10-12 19:12:34 [http-nio-8081-exec-1] DEBUG o.s.web.servlet.DispatcherServlet - Completed 200 OK
2025-10-12 19:12:34 [http-nio-8081-exec-1] DEBUG o.a.camel.spring.SpringCamelContext - onApplicationEvent: ServletRequestHandledEvent: url=[/api/integration-mappings/middleware-apis]; client=[0:0:0:0:0:0:0:1]; method=[GET]; status=[200]; servlet=[dispatcherServlet]; session=[null]; user=[admin@mail.com]; time=[87ms]
2025-10-12 19:12:34 [http-nio-8081-exec-1] DEBUG o.s.w.f.CommonsRequestLoggingFilter - After request [GET /api/integration-mappings/middleware-apis, client=0:0:0:0:0:0:0:1, user=admin@mail.com]
2025-10-12 19:12:34 [http-nio-8081-exec-10] DEBUG o.s.w.f.CommonsRequestLoggingFilter - Before request [GET /api/integrated-apis?page=0&size=10, client=0:0:0:0:0:0:0:1, user=admin@mail.com]
2025-10-12 19:12:34 [http-nio-8081-exec-10] DEBUG o.s.web.servlet.DispatcherServlet - GET "/api/integrated-apis?page=0&size=10", parameters={masked}
2025-10-12 19:12:34 [http-nio-8081-exec-10] DEBUG o.s.w.s.m.m.a.RequestMappingHandlerMapping - Mapped to com.middleware.backend.kaotocamel.controller.IntegratedApiController#findAll(String, String, String, String, String, Boolean, String, LocalDateTime, LocalDateTime, LocalDateTime, LocalDateTime, String, Long, Long, int, int, String[])
2025-10-12 19:12:34 [http-nio-8081-exec-10] INFO  c.m.b.k.c.IntegratedApiController - === SORTING DEBUG ===
2025-10-12 19:12:34 [http-nio-8081-exec-10] INFO  c.m.b.k.c.IntegratedApiController - Received sort array: [id, desc]
2025-10-12 19:12:34 [http-nio-8081-exec-10] INFO  c.m.b.k.c.IntegratedApiController - Sort array length: 2
2025-10-12 19:12:34 [http-nio-8081-exec-10] INFO  c.m.b.k.c.IntegratedApiController - sort[0] = 'id'
2025-10-12 19:12:34 [http-nio-8081-exec-10] INFO  c.m.b.k.c.IntegratedApiController - sort[1] = 'desc'
2025-10-12 19:12:34 [http-nio-8081-exec-10] DEBUG c.m.b.k.c.IntegratedApiController - Received sort params: [id, desc]
2025-10-12 19:12:34 [http-nio-8081-exec-10] DEBUG c.m.b.k.c.IntegratedApiController - Handling separated params - field: 'id', direction: 'desc'
2025-10-12 19:12:34 [http-nio-8081-exec-10] DEBUG c.m.b.k.c.IntegratedApiController - Added separated sort order: id DESC
2025-10-12 19:12:34 [http-nio-8081-exec-10] DEBUG c.m.b.k.c.IntegratedApiController - Final sort object: id: DESC
2025-10-12 19:12:34 [http-nio-8081-exec-10] INFO  c.m.b.k.c.IntegratedApiController - Final Sort object: id: DESC
2025-10-12 19:12:34 [http-nio-8081-exec-10] INFO  c.m.b.k.c.IntegratedApiController - === END SORTING DEBUG ===
2025-10-12 19:12:34 [http-nio-8081-exec-10] INFO  c.m.b.k.c.IntegratedApiController - Pageable: Page request [number: 0, size 10, sort: id: DESC]
2025-10-12 19:12:34 [http-nio-8081-exec-10] DEBUG o.s.w.s.m.m.a.HttpEntityMethodProcessor - Using 'application/json', given [application/json] and supported [application/json, application/*+json, application/yaml]
2025-10-12 19:12:34 [http-nio-8081-exec-10] DEBUG o.s.w.s.m.m.a.HttpEntityMethodProcessor - Writing [Page 1 of 1 containing com.middleware.backend.kaotocamel.dto.IntegratedApiDto instances]
2025-10-12 19:12:34 [http-nio-8081-exec-10] DEBUG o.s.web.servlet.DispatcherServlet - Completed 200 OK
2025-10-12 19:12:34 [http-nio-8081-exec-10] DEBUG o.a.camel.spring.SpringCamelContext - onApplicationEvent: ServletRequestHandledEvent: url=[/api/integrated-apis]; client=[0:0:0:0:0:0:0:1]; method=[GET]; status=[200]; servlet=[dispatcherServlet]; session=[null]; user=[admin@mail.com]; time=[79ms]
2025-10-12 19:12:34 [http-nio-8081-exec-10] DEBUG o.s.w.f.CommonsRequestLoggingFilter - After request [GET /api/integrated-apis?page=0&size=10, client=0:0:0:0:0:0:0:1, user=admin@mail.com]
2025-10-12 19:12:34 [http-nio-8081-exec-8] DEBUG o.s.w.s.m.m.a.HttpEntityMethodProcessor - Using 'application/json', given [application/json] and supported [application/json, application/*+json, application/yaml]
2025-10-12 19:12:34 [http-nio-8081-exec-8] DEBUG o.s.w.s.m.m.a.HttpEntityMethodProcessor - Writing [[DHIS2.2]]
2025-10-12 19:12:34 [http-nio-8081-exec-8] DEBUG o.s.web.servlet.DispatcherServlet - Completed 200 OK
2025-10-12 19:12:34 [http-nio-8081-exec-8] DEBUG o.a.camel.spring.SpringCamelContext - onApplicationEvent: ServletRequestHandledEvent: url=[/api/integrated-apis/systems]; client=[0:0:0:0:0:0:0:1]; method=[GET]; status=[200]; servlet=[dispatcherServlet]; session=[null]; user=[admin@mail.com]; time=[183ms]
2025-10-12 19:12:34 [http-nio-8081-exec-8] DEBUG o.s.w.f.CommonsRequestLoggingFilter - After request [GET /api/integrated-apis/systems, client=0:0:0:0:0:0:0:1, user=admin@mail.com]
2025-10-12 19:12:38 [scheduling-1] INFO  c.m.b.k.service.DynamicRouteService - Starting route status sync with Camel context
2025-10-12 19:12:38 [scheduling-1] INFO  c.m.b.k.service.DynamicRouteService - Completed route status sync
2025-10-12 19:13:08 [scheduling-1] INFO  c.m.b.k.service.DynamicRouteService - Starting route status sync with Camel context
2025-10-12 19:13:08 [scheduling-1] INFO  c.m.b.k.service.DynamicRouteService - Completed route status sync
2025-10-12 19:13:38 [scheduling-1] INFO  c.m.b.k.service.DynamicRouteService - Starting route status sync with Camel context
2025-10-12 19:13:38 [scheduling-1] INFO  c.m.b.k.service.DynamicRouteService - Completed route status sync
2025-10-12 19:14:08 [scheduling-1] INFO  c.m.b.k.service.DynamicRouteService - Starting route status sync with Camel context
2025-10-12 19:14:08 [scheduling-1] INFO  c.m.b.k.service.DynamicRouteService - Completed route status sync
2025-10-12 19:14:38 [scheduling-1] INFO  c.m.b.k.service.DynamicRouteService - Starting route status sync with Camel context
2025-10-12 19:14:38 [scheduling-1] INFO  c.m.b.k.service.DynamicRouteService - Completed route status sync
2025-10-12 19:15:08 [scheduling-1] INFO  c.m.b.k.service.DynamicRouteService - Starting route status sync with Camel context
2025-10-12 19:15:08 [scheduling-1] INFO  c.m.b.k.service.DynamicRouteService - Completed route status sync
2025-10-12 19:15:38 [scheduling-1] INFO  c.m.b.k.service.DynamicRouteService - Starting route status sync with Camel context
2025-10-12 19:15:38 [scheduling-1] INFO  c.m.b.k.service.DynamicRouteService - Completed route status sync
2025-10-12 19:16:08 [scheduling-1] INFO  c.m.b.k.service.DynamicRouteService - Starting route status sync with Camel context
2025-10-12 19:16:08 [scheduling-1] INFO  c.m.b.k.service.DynamicRouteService - Completed route status sync
2025-10-12 19:16:38 [scheduling-1] INFO  c.m.b.k.service.DynamicRouteService - Starting route status sync with Camel context
2025-10-12 19:16:38 [scheduling-1] INFO  c.m.b.k.service.DynamicRouteService - Completed route status sync
2025-10-12 19:17:08 [scheduling-1] INFO  c.m.b.k.service.DynamicRouteService - Starting route status sync with Camel context
2025-10-12 19:17:08 [scheduling-1] INFO  c.m.b.k.service.DynamicRouteService - Completed route status sync
2025-10-12 19:17:38 [scheduling-1] INFO  c.m.b.k.service.DynamicRouteService - Starting route status sync with Camel context
2025-10-12 19:17:38 [scheduling-1] INFO  c.m.b.k.service.DynamicRouteService - Completed route status sync
2025-10-12 19:18:08 [scheduling-1] INFO  c.m.b.k.service.DynamicRouteService - Starting route status sync with Camel context
2025-10-12 19:18:08 [scheduling-1] INFO  c.m.b.k.service.DynamicRouteService - Completed route status sync
2025-10-12 19:18:38 [scheduling-1] INFO  c.m.b.k.service.DynamicRouteService - Starting route status sync with Camel context
2025-10-12 19:18:38 [scheduling-1] INFO  c.m.b.k.service.DynamicRouteService - Completed route status sync
2025-10-12 19:19:08 [scheduling-1] INFO  c.m.b.k.service.DynamicRouteService - Starting route status sync with Camel context
2025-10-12 19:19:08 [scheduling-1] INFO  c.m.b.k.service.DynamicRouteService - Completed route status sync
2025-10-12 19:19:38 [scheduling-1] INFO  c.m.b.k.service.DynamicRouteService - Starting route status sync with Camel context
2025-10-12 19:19:38 [scheduling-1] INFO  c.m.b.k.service.DynamicRouteService - Completed route status sync
2025-10-12 19:20:08 [scheduling-1] INFO  c.m.b.k.service.DynamicRouteService - Starting route status sync with Camel context
2025-10-12 19:20:08 [scheduling-1] INFO  c.m.b.k.service.DynamicRouteService - Completed route status sync
2025-10-12 19:20:38 [scheduling-1] INFO  c.m.b.k.service.DynamicRouteService - Starting route status sync with Camel context
2025-10-12 19:20:38 [scheduling-1] INFO  c.m.b.k.service.DynamicRouteService - Completed route status sync
2025-10-12 19:21:08 [scheduling-1] INFO  c.m.b.k.service.DynamicRouteService - Starting route status sync with Camel context
2025-10-12 19:21:08 [scheduling-1] INFO  c.m.b.k.service.DynamicRouteService - Completed route status sync
2025-10-12 19:21:38 [scheduling-1] INFO  c.m.b.k.service.DynamicRouteService - Starting route status sync with Camel context
2025-10-12 19:21:38 [scheduling-1] INFO  c.m.b.k.service.DynamicRouteService - Completed route status sync
2025-10-12 19:21:59 [http-nio-8081-exec-4] INFO  c.m.b.k.service.DynamicRouteService - Fetching active routes with pagination
2025-10-12 19:21:59 [http-nio-8081-exec-4] DEBUG o.s.w.f.CommonsRequestLoggingFilter - Before request [GET /api/integration-mappings/middleware-apis, client=0:0:0:0:0:0:0:1, user=admin@mail.com]
2025-10-12 19:21:59 [http-nio-8081-exec-4] DEBUG o.s.web.servlet.DispatcherServlet - GET "/api/integration-mappings/middleware-apis", parameters={}
2025-10-12 19:21:59 [http-nio-8081-exec-4] DEBUG o.s.w.s.m.m.a.RequestMappingHandlerMapping - Mapped to com.middleware.backend.kaotocamel.controller.IntegrationMappingAdminController#getMiddlewareApis()
2025-10-12 19:21:59 [http-nio-8081-exec-4] INFO  c.m.b.k.c.IntegrationMappingAdminController - Found 2 distinct middleware APIs
2025-10-12 19:21:59 [http-nio-8081-exec-4] DEBUG o.s.w.s.m.m.a.HttpEntityMethodProcessor - Using 'application/json', given [application/json] and supported [application/json, application/*+json, application/yaml]
2025-10-12 19:21:59 [http-nio-8081-exec-4] DEBUG o.s.w.s.m.m.a.HttpEntityMethodProcessor - Writing [[/healthmap, /healthmapATTR]]
2025-10-12 19:21:59 [http-nio-8081-exec-4] DEBUG o.s.web.servlet.DispatcherServlet - Completed 200 OK
2025-10-12 19:21:59 [http-nio-8081-exec-4] DEBUG o.a.camel.spring.SpringCamelContext - onApplicationEvent: ServletRequestHandledEvent: url=[/api/integration-mappings/middleware-apis]; client=[0:0:0:0:0:0:0:1]; method=[GET]; status=[200]; servlet=[dispatcherServlet]; session=[null]; user=[admin@mail.com]; time=[78ms]
2025-10-12 19:21:59 [http-nio-8081-exec-4] DEBUG o.s.w.f.CommonsRequestLoggingFilter - After request [GET /api/integration-mappings/middleware-apis, client=0:0:0:0:0:0:0:1, user=admin@mail.com]
2025-10-12 19:22:08 [http-nio-8081-exec-9] INFO  c.m.b.k.service.DynamicRouteService - Fetching active routes with pagination
2025-10-12 19:22:08 [scheduling-1] INFO  c.m.b.k.service.DynamicRouteService - Starting route status sync with Camel context
2025-10-12 19:22:08 [scheduling-1] INFO  c.m.b.k.service.DynamicRouteService - Completed route status sync
2025-10-12 19:22:08 [http-nio-8081-exec-9] DEBUG o.s.w.f.CommonsRequestLoggingFilter - Before request [GET /api/integrated-apis/1, client=0:0:0:0:0:0:0:1, user=admin@mail.com]
2025-10-12 19:22:08 [http-nio-8081-exec-9] DEBUG o.s.web.servlet.DispatcherServlet - GET "/api/integrated-apis/1", parameters={}
2025-10-12 19:22:08 [http-nio-8081-exec-9] DEBUG o.s.w.s.m.m.a.RequestMappingHandlerMapping - Mapped to com.middleware.backend.kaotocamel.controller.IntegratedApiController#findById(Long)
2025-10-12 19:22:08 [http-nio-8081-exec-9] DEBUG o.s.w.s.m.m.a.HttpEntityMethodProcessor - Using 'application/json', given [application/json] and supported [application/json, application/*+json, application/yaml]
2025-10-12 19:22:08 [http-nio-8081-exec-9] DEBUG o.s.w.s.m.m.a.HttpEntityMethodProcessor - Writing [IntegratedApiDto(id=1, code=HEALTH_ANALYTICS, name=Health Analytics API, apiUrl=/api/analytics.json? (truncated)...]
2025-10-12 19:22:08 [http-nio-8081-exec-9] DEBUG o.s.web.servlet.DispatcherServlet - Completed 200 OK
2025-10-12 19:22:08 [http-nio-8081-exec-9] DEBUG o.a.camel.spring.SpringCamelContext - onApplicationEvent: ServletRequestHandledEvent: url=[/api/integrated-apis/1]; client=[0:0:0:0:0:0:0:1]; method=[GET]; status=[200]; servlet=[dispatcherServlet]; session=[null]; user=[admin@mail.com]; time=[96ms]
2025-10-12 19:22:08 [http-nio-8081-exec-9] DEBUG o.s.w.f.CommonsRequestLoggingFilter - After request [GET /api/integrated-apis/1, client=0:0:0:0:0:0:0:1, user=admin@mail.com]
2025-10-12 19:22:38 [scheduling-1] INFO  c.m.b.k.service.DynamicRouteService - Starting route status sync with Camel context
2025-10-12 19:22:38 [scheduling-1] INFO  c.m.b.k.service.DynamicRouteService - Completed route status sync
2025-10-12 19:23:08 [scheduling-1] INFO  c.m.b.k.service.DynamicRouteService - Starting route status sync with Camel context
2025-10-12 19:23:08 [scheduling-1] INFO  c.m.b.k.service.DynamicRouteService - Completed route status sync
2025-10-12 19:23:38 [scheduling-1] INFO  c.m.b.k.service.DynamicRouteService - Starting route status sync with Camel context
2025-10-12 19:23:38 [scheduling-1] INFO  c.m.b.k.service.DynamicRouteService - Completed route status sync
2025-10-12 19:24:08 [scheduling-1] INFO  c.m.b.k.service.DynamicRouteService - Starting route status sync with Camel context
2025-10-12 19:24:08 [scheduling-1] INFO  c.m.b.k.service.DynamicRouteService - Completed route status sync
2025-10-12 19:24:38 [scheduling-1] INFO  c.m.b.k.service.DynamicRouteService - Starting route status sync with Camel context
2025-10-12 19:24:38 [scheduling-1] INFO  c.m.b.k.service.DynamicRouteService - Completed route status sync
2025-10-12 19:25:08 [scheduling-1] INFO  c.m.b.k.service.DynamicRouteService - Starting route status sync with Camel context
2025-10-12 19:25:08 [scheduling-1] INFO  c.m.b.k.service.DynamicRouteService - Completed route status sync
2025-10-12 19:25:38 [scheduling-1] INFO  c.m.b.k.service.DynamicRouteService - Starting route status sync with Camel context
2025-10-12 19:25:38 [scheduling-1] INFO  c.m.b.k.service.DynamicRouteService - Completed route status sync
2025-10-12 19:26:08 [scheduling-1] INFO  c.m.b.k.service.DynamicRouteService - Starting route status sync with Camel context
2025-10-12 19:26:08 [scheduling-1] INFO  c.m.b.k.service.DynamicRouteService - Completed route status sync
2025-10-12 19:26:09 [http-nio-8081-exec-1] INFO  c.m.b.k.service.DynamicRouteService - Fetching active routes with pagination
2025-10-12 19:26:09 [http-nio-8081-exec-1] DEBUG o.s.w.f.CommonsRequestLoggingFilter - Before request [GET /api/integration-mappings/middleware-apis, client=0:0:0:0:0:0:0:1, user=admin@mail.com]
2025-10-12 19:26:09 [http-nio-8081-exec-1] DEBUG o.s.web.servlet.DispatcherServlet - GET "/api/integration-mappings/middleware-apis", parameters={}
2025-10-12 19:26:09 [http-nio-8081-exec-1] DEBUG o.s.w.s.m.m.a.RequestMappingHandlerMapping - Mapped to com.middleware.backend.kaotocamel.controller.IntegrationMappingAdminController#getMiddlewareApis()
2025-10-12 19:26:09 [http-nio-8081-exec-1] INFO  c.m.b.k.c.IntegrationMappingAdminController - Found 2 distinct middleware APIs
2025-10-12 19:26:09 [http-nio-8081-exec-1] DEBUG o.s.w.s.m.m.a.HttpEntityMethodProcessor - Using 'application/json', given [application/json] and supported [application/json, application/*+json, application/yaml]
2025-10-12 19:26:09 [http-nio-8081-exec-1] DEBUG o.s.w.s.m.m.a.HttpEntityMethodProcessor - Writing [[/healthmap, /healthmapATTR]]
2025-10-12 19:26:09 [http-nio-8081-exec-1] DEBUG o.s.web.servlet.DispatcherServlet - Completed 200 OK
2025-10-12 19:26:09 [http-nio-8081-exec-1] DEBUG o.a.camel.spring.SpringCamelContext - onApplicationEvent: ServletRequestHandledEvent: url=[/api/integration-mappings/middleware-apis]; client=[0:0:0:0:0:0:0:1]; method=[GET]; status=[200]; servlet=[dispatcherServlet]; session=[null]; user=[admin@mail.com]; time=[125ms]
2025-10-12 19:26:09 [http-nio-8081-exec-1] DEBUG o.s.w.f.CommonsRequestLoggingFilter - After request [GET /api/integration-mappings/middleware-apis, client=0:0:0:0:0:0:0:1, user=admin@mail.com]
2025-10-12 19:26:17 [http-nio-8081-exec-10] INFO  c.m.b.k.service.DynamicRouteService - Fetching active routes with pagination
2025-10-12 19:26:17 [http-nio-8081-exec-10] DEBUG o.s.w.f.CommonsRequestLoggingFilter - Before request [GET /api/integration-mappings/middleware-apis, client=0:0:0:0:0:0:0:1, user=admin@mail.com]
2025-10-12 19:26:17 [http-nio-8081-exec-10] DEBUG o.s.web.servlet.DispatcherServlet - GET "/api/integration-mappings/middleware-apis", parameters={}
2025-10-12 19:26:17 [http-nio-8081-exec-10] DEBUG o.s.w.s.m.m.a.RequestMappingHandlerMapping - Mapped to com.middleware.backend.kaotocamel.controller.IntegrationMappingAdminController#getMiddlewareApis()
2025-10-12 19:26:17 [http-nio-8081-exec-10] INFO  c.m.b.k.c.IntegrationMappingAdminController - Found 2 distinct middleware APIs
2025-10-12 19:26:17 [http-nio-8081-exec-10] DEBUG o.s.w.s.m.m.a.HttpEntityMethodProcessor - Using 'application/json', given [application/json] and supported [application/json, application/*+json, application/yaml]
2025-10-12 19:26:17 [http-nio-8081-exec-10] DEBUG o.s.w.s.m.m.a.HttpEntityMethodProcessor - Writing [[/healthmap, /healthmapATTR]]
2025-10-12 19:26:17 [http-nio-8081-exec-10] DEBUG o.s.web.servlet.DispatcherServlet - Completed 200 OK
2025-10-12 19:26:17 [http-nio-8081-exec-10] DEBUG o.a.camel.spring.SpringCamelContext - onApplicationEvent: ServletRequestHandledEvent: url=[/api/integration-mappings/middleware-apis]; client=[0:0:0:0:0:0:0:1]; method=[GET]; status=[200]; servlet=[dispatcherServlet]; session=[null]; user=[admin@mail.com]; time=[172ms]
2025-10-12 19:26:17 [http-nio-8081-exec-10] DEBUG o.s.w.f.CommonsRequestLoggingFilter - After request [GET /api/integration-mappings/middleware-apis, client=0:0:0:0:0:0:0:1, user=admin@mail.com]
2025-10-12 19:26:38 [scheduling-1] INFO  c.m.b.k.service.DynamicRouteService - Starting route status sync with Camel context
2025-10-12 19:26:38 [scheduling-1] INFO  c.m.b.k.service.DynamicRouteService - Completed route status sync
2025-10-12 19:26:57 [http-nio-8081-exec-4] INFO  c.m.b.k.service.DynamicRouteService - Fetching active routes with pagination
2025-10-12 19:26:57 [http-nio-8081-exec-9] INFO  c.m.b.k.service.DynamicRouteService - Fetching active routes with pagination
2025-10-12 19:26:57 [http-nio-8081-exec-4] DEBUG o.s.w.f.CommonsRequestLoggingFilter - Before request [GET /api/integrated-apis?size=1000&isActive=true, client=0:0:0:0:0:0:0:1, user=admin@mail.com]
2025-10-12 19:26:57 [http-nio-8081-exec-4] DEBUG o.s.web.servlet.DispatcherServlet - GET "/api/integrated-apis?size=1000&isActive=true", parameters={masked}
2025-10-12 19:26:57 [http-nio-8081-exec-4] DEBUG o.s.w.s.m.m.a.RequestMappingHandlerMapping - Mapped to com.middleware.backend.kaotocamel.controller.IntegratedApiController#findAll(String, String, String, String, String, Boolean, String, LocalDateTime, LocalDateTime, LocalDateTime, LocalDateTime, String, Long, Long, int, int, String[])
2025-10-12 19:26:57 [http-nio-8081-exec-4] INFO  c.m.b.k.c.IntegratedApiController - === SORTING DEBUG ===
2025-10-12 19:26:57 [http-nio-8081-exec-4] INFO  c.m.b.k.c.IntegratedApiController - Received sort array: [id, desc]
2025-10-12 19:26:57 [http-nio-8081-exec-4] INFO  c.m.b.k.c.IntegratedApiController - Sort array length: 2
2025-10-12 19:26:57 [http-nio-8081-exec-4] INFO  c.m.b.k.c.IntegratedApiController - sort[0] = 'id'
2025-10-12 19:26:57 [http-nio-8081-exec-4] INFO  c.m.b.k.c.IntegratedApiController - sort[1] = 'desc'
2025-10-12 19:26:57 [http-nio-8081-exec-4] DEBUG c.m.b.k.c.IntegratedApiController - Received sort params: [id, desc]
2025-10-12 19:26:57 [http-nio-8081-exec-4] DEBUG c.m.b.k.c.IntegratedApiController - Handling separated params - field: 'id', direction: 'desc'
2025-10-12 19:26:57 [http-nio-8081-exec-4] DEBUG c.m.b.k.c.IntegratedApiController - Added separated sort order: id DESC
2025-10-12 19:26:57 [http-nio-8081-exec-4] DEBUG c.m.b.k.c.IntegratedApiController - Final sort object: id: DESC
2025-10-12 19:26:57 [http-nio-8081-exec-4] INFO  c.m.b.k.c.IntegratedApiController - Final Sort object: id: DESC
2025-10-12 19:26:57 [http-nio-8081-exec-4] INFO  c.m.b.k.c.IntegratedApiController - === END SORTING DEBUG ===
2025-10-12 19:26:57 [http-nio-8081-exec-4] INFO  c.m.b.k.c.IntegratedApiController - Pageable: Page request [number: 0, size 1000, sort: id: DESC]
2025-10-12 19:26:57 [http-nio-8081-exec-8] INFO  c.m.b.k.service.DynamicRouteService - Fetching active routes with pagination
2025-10-12 19:26:57 [http-nio-8081-exec-7] INFO  c.m.b.k.service.DynamicRouteService - Fetching active routes with pagination
2025-10-12 19:26:57 [http-nio-8081-exec-9] DEBUG o.s.w.f.CommonsRequestLoggingFilter - Before request [GET /api/integration-mappings?page=0&size=10, client=0:0:0:0:0:0:0:1, user=admin@mail.com]
2025-10-12 19:26:57 [http-nio-8081-exec-9] DEBUG o.s.web.servlet.DispatcherServlet - GET "/api/integration-mappings?page=0&size=10", parameters={masked}
2025-10-12 19:26:57 [http-nio-8081-exec-9] DEBUG o.s.w.s.m.m.a.RequestMappingHandlerMapping - Mapped to com.middleware.backend.kaotocamel.controller.IntegrationMappingAdminController#findAll(String, Long, String, String, String, String, String, Boolean, String, LocalDateTime, LocalDateTime, LocalDateTime, LocalDateTime, String, Long, Long, String, String, int, int)
2025-10-12 19:26:57 [http-nio-8081-exec-9] INFO  c.m.b.k.c.IntegrationMappingAdminController - Final sort: id: ASC
2025-10-12 19:26:57 [http-nio-8081-exec-8] DEBUG o.s.w.f.CommonsRequestLoggingFilter - Before request [GET /api/integration-mappings/middleware-apis, client=0:0:0:0:0:0:0:1, user=admin@mail.com]
2025-10-12 19:26:57 [http-nio-8081-exec-8] DEBUG o.s.web.servlet.DispatcherServlet - GET "/api/integration-mappings/middleware-apis", parameters={}
2025-10-12 19:26:57 [http-nio-8081-exec-8] DEBUG o.s.w.s.m.m.a.RequestMappingHandlerMapping - Mapped to com.middleware.backend.kaotocamel.controller.IntegrationMappingAdminController#getMiddlewareApis()
2025-10-12 19:26:57 [http-nio-8081-exec-7] DEBUG o.s.w.f.CommonsRequestLoggingFilter - Before request [GET /api/integration-mappings/mapping-types, client=0:0:0:0:0:0:0:1, user=admin@mail.com]
2025-10-12 19:26:57 [http-nio-8081-exec-7] DEBUG o.s.web.servlet.DispatcherServlet - GET "/api/integration-mappings/mapping-types", parameters={}
2025-10-12 19:26:57 [http-nio-8081-exec-7] DEBUG o.s.w.s.m.m.a.RequestMappingHandlerMapping - Mapped to com.middleware.backend.kaotocamel.controller.IntegrationMappingAdminController#getMappingTypes()
2025-10-12 19:26:57 [http-nio-8081-exec-7] DEBUG o.s.w.s.m.m.a.HttpEntityMethodProcessor - Using 'application/json', given [application/json] and supported [application/json, application/*+json, application/yaml]
2025-10-12 19:26:57 [http-nio-8081-exec-7] DEBUG o.s.w.s.m.m.a.HttpEntityMethodProcessor - Writing [[DATA_ELEMENT, DATA_ELEMENT_WITH_DISAGGREGATION, INDICATOR]]
2025-10-12 19:26:57 [http-nio-8081-exec-7] DEBUG o.s.web.servlet.DispatcherServlet - Completed 200 OK
2025-10-12 19:26:57 [http-nio-8081-exec-7] DEBUG o.a.camel.spring.SpringCamelContext - onApplicationEvent: ServletRequestHandledEvent: url=[/api/integration-mappings/mapping-types]; client=[0:0:0:0:0:0:0:1]; method=[GET]; status=[200]; servlet=[dispatcherServlet]; session=[null]; user=[admin@mail.com]; time=[9ms]
2025-10-12 19:26:57 [http-nio-8081-exec-7] DEBUG o.s.w.f.CommonsRequestLoggingFilter - After request [GET /api/integration-mappings/mapping-types, client=0:0:0:0:0:0:0:1, user=admin@mail.com]
2025-10-12 19:26:57 [http-nio-8081-exec-4] DEBUG o.s.w.s.m.m.a.HttpEntityMethodProcessor - Using 'application/json', given [application/json] and supported [application/json, application/*+json, application/yaml]
2025-10-12 19:26:57 [http-nio-8081-exec-4] DEBUG o.s.w.s.m.m.a.HttpEntityMethodProcessor - Writing [Page 1 of 1 containing com.middleware.backend.kaotocamel.dto.IntegratedApiDto instances]
2025-10-12 19:26:57 [http-nio-8081-exec-4] DEBUG o.s.web.servlet.DispatcherServlet - Completed 200 OK
2025-10-12 19:26:57 [http-nio-8081-exec-4] DEBUG o.a.camel.spring.SpringCamelContext - onApplicationEvent: ServletRequestHandledEvent: url=[/api/integrated-apis]; client=[0:0:0:0:0:0:0:1]; method=[GET]; status=[200]; servlet=[dispatcherServlet]; session=[null]; user=[admin@mail.com]; time=[193ms]
2025-10-12 19:26:57 [http-nio-8081-exec-4] DEBUG o.s.w.f.CommonsRequestLoggingFilter - After request [GET /api/integrated-apis?size=1000&isActive=true, client=0:0:0:0:0:0:0:1, user=admin@mail.com]
2025-10-12 19:26:57 [http-nio-8081-exec-8] INFO  c.m.b.k.c.IntegrationMappingAdminController - Found 2 distinct middleware APIs
2025-10-12 19:26:57 [http-nio-8081-exec-8] DEBUG o.s.w.s.m.m.a.HttpEntityMethodProcessor - Using 'application/json', given [application/json] and supported [application/json, application/*+json, application/yaml]
2025-10-12 19:26:57 [http-nio-8081-exec-8] DEBUG o.s.w.s.m.m.a.HttpEntityMethodProcessor - Writing [[/healthmap, /healthmapATTR]]
2025-10-12 19:26:57 [http-nio-8081-exec-8] DEBUG o.s.web.servlet.DispatcherServlet - Completed 200 OK
2025-10-12 19:26:57 [http-nio-8081-exec-8] DEBUG o.a.camel.spring.SpringCamelContext - onApplicationEvent: ServletRequestHandledEvent: url=[/api/integration-mappings/middleware-apis]; client=[0:0:0:0:0:0:0:1]; method=[GET]; status=[200]; servlet=[dispatcherServlet]; session=[null]; user=[admin@mail.com]; time=[73ms]
2025-10-12 19:26:57 [http-nio-8081-exec-8] DEBUG o.s.w.f.CommonsRequestLoggingFilter - After request [GET /api/integration-mappings/middleware-apis, client=0:0:0:0:0:0:0:1, user=admin@mail.com]
2025-10-12 19:26:57 [http-nio-8081-exec-9] DEBUG c.m.b.k.s.IntegrationMappingService - Searching with advanced filters - middlewareApi: null, integratedApiId: null, mappingType: null
2025-10-12 19:26:57 [http-nio-8081-exec-9] DEBUG c.m.b.k.s.IntegrationMappingService - Found 10 results out of 11 total
2025-10-12 19:26:57 [http-nio-8081-exec-9] DEBUG o.s.w.s.m.m.a.HttpEntityMethodProcessor - Using 'application/json', given [application/json] and supported [application/json, application/*+json, application/yaml]
2025-10-12 19:26:57 [http-nio-8081-exec-9] DEBUG o.s.w.s.m.m.a.HttpEntityMethodProcessor - Writing [Page 1 of 2 containing com.middleware.backend.kaotocamel.dto.IntegrationMappingDto instances]
2025-10-12 19:26:57 [http-nio-8081-exec-9] DEBUG o.s.web.servlet.DispatcherServlet - Completed 200 OK
2025-10-12 19:26:57 [http-nio-8081-exec-9] DEBUG o.a.camel.spring.SpringCamelContext - onApplicationEvent: ServletRequestHandledEvent: url=[/api/integration-mappings]; client=[0:0:0:0:0:0:0:1]; method=[GET]; status=[200]; servlet=[dispatcherServlet]; session=[null]; user=[admin@mail.com]; time=[221ms]
2025-10-12 19:26:57 [http-nio-8081-exec-9] DEBUG o.s.w.f.CommonsRequestLoggingFilter - After request [GET /api/integration-mappings?page=0&size=10, client=0:0:0:0:0:0:0:1, user=admin@mail.com]
2025-10-12 19:27:02 [http-nio-8081-exec-1] INFO  c.m.b.k.service.DynamicRouteService - Fetching active routes with pagination
2025-10-12 19:27:02 [http-nio-8081-exec-1] DEBUG o.s.w.f.CommonsRequestLoggingFilter - Before request [POST /api/integration-mappings/import-excel, client=0:0:0:0:0:0:0:1, user=admin@mail.com]
2025-10-12 19:27:02 [http-nio-8081-exec-1] DEBUG o.s.web.servlet.DispatcherServlet - POST "/api/integration-mappings/import-excel", parameters={multipart}
2025-10-12 19:27:02 [http-nio-8081-exec-1] DEBUG o.s.w.s.m.m.a.RequestMappingHandlerMapping - Mapped to com.middleware.backend.kaotocamel.controller.IntegrationMappingAdminController#importFromExcel(MultipartFile, boolean)
2025-10-12 19:27:03 [http-nio-8081-exec-1] INFO  c.m.b.k.s.IntegrationMappingService - Processing 11 data rows from Excel (updateExisting=true)
2025-10-12 19:27:03 [http-nio-8081-exec-1] ERROR c.m.b.k.s.IntegrationMappingService - Unexpected error processing row 2: Query did not return a unique result: 2 results were returned
org.springframework.dao.IncorrectResultSizeDataAccessException: Query did not return a unique result: 2 results were returned
	at org.springframework.orm.jpa.vendor.HibernateJpaDialect.convertHibernateAccessException(HibernateJpaDialect.java:301)
	at org.springframework.orm.jpa.vendor.HibernateJpaDialect.translateExceptionIfPossible(HibernateJpaDialect.java:244)
	at org.springframework.orm.jpa.AbstractEntityManagerFactoryBean.translateExceptionIfPossible(AbstractEntityManagerFactoryBean.java:560)
	at org.springframework.dao.support.ChainedPersistenceExceptionTranslator.translateExceptionIfPossible(ChainedPersistenceExceptionTranslator.java:61)
	at org.springframework.dao.support.DataAccessUtils.translateIfNecessary(DataAccessUtils.java:343)
	at org.springframework.dao.support.PersistenceExceptionTranslationInterceptor.invoke(PersistenceExceptionTranslationInterceptor.java:160)
	at org.springframework.aop.framework.ReflectiveMethodInvocation.proceed(ReflectiveMethodInvocation.java:184)
	at org.springframework.data.jpa.repository.support.CrudMethodMetadataPostProcessor$CrudMethodMetadataPopulatingMethodInterceptor.invoke(CrudMethodMetadataPostProcessor.java:136)
	at org.springframework.aop.framework.ReflectiveMethodInvocation.proceed(ReflectiveMethodInvocation.java:184)
	at org.springframework.aop.framework.JdkDynamicAopProxy.invoke(JdkDynamicAopProxy.java:223)
	at jdk.proxy2/jdk.proxy2.$Proxy229.findByMiddlewareApiNameAndExternalKey(Unknown Source)
	at com.middleware.backend.kaotocamel.service.IntegrationMappingService.importFromExcel(IntegrationMappingService.java:208)
	at java.base/jdk.internal.reflect.DirectMethodHandleAccessor.invoke(DirectMethodHandleAccessor.java:103)
	at java.base/java.lang.reflect.Method.invoke(Method.java:580)
	at org.springframework.aop.support.AopUtils.invokeJoinpointUsingReflection(AopUtils.java:359)
	at org.springframework.aop.framework.ReflectiveMethodInvocation.invokeJoinpoint(ReflectiveMethodInvocation.java:196)
	at org.springframework.aop.framework.ReflectiveMethodInvocation.proceed(ReflectiveMethodInvocation.java:163)
	at org.springframework.transaction.interceptor.TransactionAspectSupport.invokeWithinTransaction(TransactionAspectSupport.java:380)
	at org.springframework.transaction.interceptor.TransactionInterceptor.invoke(TransactionInterceptor.java:119)
	at org.springframework.aop.framework.ReflectiveMethodInvocation.proceed(ReflectiveMethodInvocation.java:184)
	at org.springframework.aop.framework.CglibAopProxy$DynamicAdvisedInterceptor.intercept(CglibAopProxy.java:727)
	at com.middleware.backend.kaotocamel.service.IntegrationMappingService$$SpringCGLIB$$0.importFromExcel(<generated>)
	at com.middleware.backend.kaotocamel.controller.IntegrationMappingAdminController.importFromExcel(IntegrationMappingAdminController.java:78)
	at java.base/jdk.internal.reflect.DirectMethodHandleAccessor.invoke(DirectMethodHandleAccessor.java:103)
	at java.base/java.lang.reflect.Method.invoke(Method.java:580)
	at org.springframework.aop.support.AopUtils.invokeJoinpointUsingReflection(AopUtils.java:359)
	at org.springframework.aop.framework.ReflectiveMethodInvocation.invokeJoinpoint(ReflectiveMethodInvocation.java:196)
	at org.springframework.aop.framework.ReflectiveMethodInvocation.proceed(ReflectiveMethodInvocation.java:163)
	at org.springframework.security.authorization.method.AuthorizationManagerBeforeMethodInterceptor.proceed(AuthorizationManagerBeforeMethodInterceptor.java:268)
	at org.springframework.security.authorization.method.AuthorizationManagerBeforeMethodInterceptor.attemptAuthorization(AuthorizationManagerBeforeMethodInterceptor.java:263)
	at org.springframework.security.authorization.method.AuthorizationManagerBeforeMethodInterceptor.invoke(AuthorizationManagerBeforeMethodInterceptor.java:196)
	at org.springframework.security.config.annotation.method.configuration.DeferringMethodInterceptor.invoke(DeferringMethodInterceptor.java:44)
	at org.springframework.aop.framework.ReflectiveMethodInvocation.proceed(ReflectiveMethodInvocation.java:184)
	at org.springframework.aop.framework.CglibAopProxy$DynamicAdvisedInterceptor.intercept(CglibAopProxy.java:727)
	at com.middleware.backend.kaotocamel.controller.IntegrationMappingAdminController$$SpringCGLIB$$0.importFromExcel(<generated>)
	at java.base/jdk.internal.reflect.DirectMethodHandleAccessor.invoke(DirectMethodHandleAccessor.java:103)
	at java.base/java.lang.reflect.Method.invoke(Method.java:580)
	at org.springframework.web.method.support.InvocableHandlerMethod.doInvoke(InvocableHandlerMethod.java:258)
	at org.springframework.web.method.support.InvocableHandlerMethod.invokeForRequest(InvocableHandlerMethod.java:191)
	at org.springframework.web.servlet.mvc.method.annotation.ServletInvocableHandlerMethod.invokeAndHandle(ServletInvocableHandlerMethod.java:118)
	at org.springframework.web.servlet.mvc.method.annotation.RequestMappingHandlerAdapter.invokeHandlerMethod(RequestMappingHandlerAdapter.java:986)
	at org.springframework.web.servlet.mvc.method.annotation.RequestMappingHandlerAdapter.handleInternal(RequestMappingHandlerAdapter.java:891)
	at org.springframework.web.servlet.mvc.method.AbstractHandlerMethodAdapter.handle(AbstractHandlerMethodAdapter.java:87)
	at org.springframework.web.servlet.DispatcherServlet.doDispatch(DispatcherServlet.java:1089)
	at org.springframework.web.servlet.DispatcherServlet.doService(DispatcherServlet.java:979)
	at org.springframework.web.servlet.FrameworkServlet.processRequest(FrameworkServlet.java:1014)
	at org.springframework.web.servlet.FrameworkServlet.doPost(FrameworkServlet.java:914)
	at jakarta.servlet.http.HttpServlet.service(HttpServlet.java:590)
	at org.springframework.web.servlet.FrameworkServlet.service(FrameworkServlet.java:885)
	at jakarta.servlet.http.HttpServlet.service(HttpServlet.java:658)
	at org.apache.catalina.core.ApplicationFilterChain.internalDoFilter(ApplicationFilterChain.java:195)
	at org.apache.catalina.core.ApplicationFilterChain.doFilter(ApplicationFilterChain.java:140)
	at org.apache.tomcat.websocket.server.WsFilter.doFilter(WsFilter.java:51)
	at org.apache.catalina.core.ApplicationFilterChain.internalDoFilter(ApplicationFilterChain.java:164)
	at org.apache.catalina.core.ApplicationFilterChain.doFilter(ApplicationFilterChain.java:140)
	at org.springframework.web.filter.AbstractRequestLoggingFilter.doFilterInternal(AbstractRequestLoggingFilter.java:289)
	at org.springframework.web.filter.OncePerRequestFilter.doFilter(OncePerRequestFilter.java:116)
	at org.apache.catalina.core.ApplicationFilterChain.internalDoFilter(ApplicationFilterChain.java:164)
	at org.apache.catalina.core.ApplicationFilterChain.doFilter(ApplicationFilterChain.java:140)
	at org.springframework.web.filter.OncePerRequestFilter.doFilter(OncePerRequestFilter.java:110)
	at org.apache.catalina.core.ApplicationFilterChain.internalDoFilter(ApplicationFilterChain.java:164)
	at org.apache.catalina.core.ApplicationFilterChain.doFilter(ApplicationFilterChain.java:140)
	at com.middleware.backend.throttling.config.GlobalRateLimitFilter.doFilter(GlobalRateLimitFilter.java:169)
	at org.apache.catalina.core.ApplicationFilterChain.internalDoFilter(ApplicationFilterChain.java:164)
	at org.apache.catalina.core.ApplicationFilterChain.doFilter(ApplicationFilterChain.java:140)
	at com.middleware.backend.audit_logs_interceptor.config.RequestLoggingFilter.doFilter(RequestLoggingFilter.java:71)
	at org.apache.catalina.core.ApplicationFilterChain.internalDoFilter(ApplicationFilterChain.java:164)
	at org.apache.catalina.core.ApplicationFilterChain.doFilter(ApplicationFilterChain.java:140)
	at org.springframework.web.filter.CompositeFilter$VirtualFilterChain.doFilter(CompositeFilter.java:108)
	at org.springframework.security.web.FilterChainProxy.lambda$doFilterInternal$3(FilterChainProxy.java:231)
	at org.springframework.security.web.ObservationFilterChainDecorator$FilterObservation$SimpleFilterObservation.lambda$wrap$1(ObservationFilterChainDecorator.java:479)
	at org.springframework.security.web.ObservationFilterChainDecorator$AroundFilterObservation$SimpleAroundFilterObservation.lambda$wrap$1(ObservationFilterChainDecorator.java:340)
	at org.springframework.security.web.ObservationFilterChainDecorator.lambda$wrapSecured$0(ObservationFilterChainDecorator.java:82)
	at org.springframework.security.web.ObservationFilterChainDecorator$VirtualFilterChain.doFilter(ObservationFilterChainDecorator.java:128)
	at org.springframework.security.web.access.intercept.AuthorizationFilter.doFilter(AuthorizationFilter.java:101)
	at org.springframework.security.web.ObservationFilterChainDecorator$ObservationFilter.wrapFilter(ObservationFilterChainDecorator.java:240)
	at org.springframework.security.web.ObservationFilterChainDecorator$ObservationFilter.doFilter(ObservationFilterChainDecorator.java:227)
	at org.springframework.security.web.ObservationFilterChainDecorator$VirtualFilterChain.doFilter(ObservationFilterChainDecorator.java:137)
	at org.springframework.security.web.access.ExceptionTranslationFilter.doFilter(ExceptionTranslationFilter.java:126)
	at org.springframework.security.web.access.ExceptionTranslationFilter.doFilter(ExceptionTranslationFilter.java:120)
	at org.springframework.security.web.ObservationFilterChainDecorator$ObservationFilter.wrapFilter(ObservationFilterChainDecorator.java:240)
	at org.springframework.security.web.ObservationFilterChainDecorator$ObservationFilter.doFilter(ObservationFilterChainDecorator.java:227)
	at org.springframework.security.web.ObservationFilterChainDecorator$VirtualFilterChain.doFilter(ObservationFilterChainDecorator.java:137)
	at org.springframework.security.web.session.SessionManagementFilter.doFilter(SessionManagementFilter.java:131)
	at org.springframework.security.web.session.SessionManagementFilter.doFilter(SessionManagementFilter.java:85)
	at org.springframework.security.web.ObservationFilterChainDecorator$ObservationFilter.wrapFilter(ObservationFilterChainDecorator.java:240)
	at org.springframework.security.web.ObservationFilterChainDecorator$ObservationFilter.doFilter(ObservationFilterChainDecorator.java:227)
	at org.springframework.security.web.ObservationFilterChainDecorator$VirtualFilterChain.doFilter(ObservationFilterChainDecorator.java:137)
	at org.springframework.security.web.authentication.AnonymousAuthenticationFilter.doFilter(AnonymousAuthenticationFilter.java:100)
	at org.springframework.security.web.ObservationFilterChainDecorator$ObservationFilter.wrapFilter(ObservationFilterChainDecorator.java:240)
	at org.springframework.security.web.ObservationFilterChainDecorator$ObservationFilter.doFilter(ObservationFilterChainDecorator.java:227)
	at org.springframework.security.web.ObservationFilterChainDecorator$VirtualFilterChain.doFilter(ObservationFilterChainDecorator.java:137)
	at org.springframework.security.web.servletapi.SecurityContextHolderAwareRequestFilter.doFilter(SecurityContextHolderAwareRequestFilter.java:179)
	at org.springframework.security.web.ObservationFilterChainDecorator$ObservationFilter.wrapFilter(ObservationFilterChainDecorator.java:240)
	at org.springframework.security.web.ObservationFilterChainDecorator$ObservationFilter.doFilter(ObservationFilterChainDecorator.java:227)
	at org.springframework.security.web.ObservationFilterChainDecorator$VirtualFilterChain.doFilter(ObservationFilterChainDecorator.java:137)
	at org.springframework.security.web.savedrequest.RequestCacheAwareFilter.doFilter(RequestCacheAwareFilter.java:63)
	at org.springframework.security.web.ObservationFilterChainDecorator$ObservationFilter.wrapFilter(ObservationFilterChainDecorator.java:240)
	at org.springframework.security.web.ObservationFilterChainDecorator$ObservationFilter.doFilter(ObservationFilterChainDecorator.java:227)
	at org.springframework.security.web.ObservationFilterChainDecorator$VirtualFilterChain.doFilter(ObservationFilterChainDecorator.java:137)
	at com.middleware.backend.users.config.JwtRequestFilter.doFilterInternal(JwtRequestFilter.java:120)
	at org.springframework.web.filter.OncePerRequestFilter.doFilter(OncePerRequestFilter.java:116)
	at org.springframework.security.web.ObservationFilterChainDecorator$ObservationFilter.wrapFilter(ObservationFilterChainDecorator.java:240)
	at org.springframework.security.web.ObservationFilterChainDecorator$ObservationFilter.doFilter(ObservationFilterChainDecorator.java:227)
	at org.springframework.security.web.ObservationFilterChainDecorator$VirtualFilterChain.doFilter(ObservationFilterChainDecorator.java:137)
	at org.springframework.security.web.authentication.logout.LogoutFilter.doFilter(LogoutFilter.java:107)
	at org.springframework.security.web.authentication.logout.LogoutFilter.doFilter(LogoutFilter.java:93)
	at org.springframework.security.web.ObservationFilterChainDecorator$ObservationFilter.wrapFilter(ObservationFilterChainDecorator.java:240)
	at org.springframework.security.web.ObservationFilterChainDecorator$ObservationFilter.doFilter(ObservationFilterChainDecorator.java:227)
	at org.springframework.security.web.ObservationFilterChainDecorator$VirtualFilterChain.doFilter(ObservationFilterChainDecorator.java:137)
	at org.springframework.web.filter.CorsFilter.doFilterInternal(CorsFilter.java:91)
	at org.springframework.web.filter.OncePerRequestFilter.doFilter(OncePerRequestFilter.java:116)
	at org.springframework.security.web.ObservationFilterChainDecorator$ObservationFilter.wrapFilter(ObservationFilterChainDecorator.java:240)
	at org.springframework.security.web.ObservationFilterChainDecorator$ObservationFilter.doFilter(ObservationFilterChainDecorator.java:227)
	at org.springframework.security.web.ObservationFilterChainDecorator$VirtualFilterChain.doFilter(ObservationFilterChainDecorator.java:137)
	at org.springframework.security.web.header.HeaderWriterFilter.doHeadersAfter(HeaderWriterFilter.java:90)
	at org.springframework.security.web.header.HeaderWriterFilter.doFilterInternal(HeaderWriterFilter.java:75)
	at org.springframework.web.filter.OncePerRequestFilter.doFilter(OncePerRequestFilter.java:116)
	at org.springframework.security.web.ObservationFilterChainDecorator$ObservationFilter.wrapFilter(ObservationFilterChainDecorator.java:240)
	at org.springframework.security.web.ObservationFilterChainDecorator$ObservationFilter.doFilter(ObservationFilterChainDecorator.java:227)
	at org.springframework.security.web.ObservationFilterChainDecorator$VirtualFilterChain.doFilter(ObservationFilterChainDecorator.java:137)
	at org.springframework.security.web.context.SecurityContextHolderFilter.doFilter(SecurityContextHolderFilter.java:82)
	at org.springframework.security.web.context.SecurityContextHolderFilter.doFilter(SecurityContextHolderFilter.java:69)
	at org.springframework.security.web.ObservationFilterChainDecorator$ObservationFilter.wrapFilter(ObservationFilterChainDecorator.java:240)
	at org.springframework.security.web.ObservationFilterChainDecorator$ObservationFilter.doFilter(ObservationFilterChainDecorator.java:227)
	at org.springframework.security.web.ObservationFilterChainDecorator$VirtualFilterChain.doFilter(ObservationFilterChainDecorator.java:137)
	at org.springframework.security.web.context.request.async.WebAsyncManagerIntegrationFilter.doFilterInternal(WebAsyncManagerIntegrationFilter.java:62)
	at org.springframework.web.filter.OncePerRequestFilter.doFilter(OncePerRequestFilter.java:116)
	at org.springframework.security.web.ObservationFilterChainDecorator$ObservationFilter.wrapFilter(ObservationFilterChainDecorator.java:240)
	at org.springframework.security.web.ObservationFilterChainDecorator$ObservationFilter.doFilter(ObservationFilterChainDecorator.java:227)
	at org.springframework.security.web.ObservationFilterChainDecorator$VirtualFilterChain.doFilter(ObservationFilterChainDecorator.java:137)
	at org.springframework.security.web.session.DisableEncodeUrlFilter.doFilterInternal(DisableEncodeUrlFilter.java:42)
	at org.springframework.web.filter.OncePerRequestFilter.doFilter(OncePerRequestFilter.java:116)
	at org.springframework.security.web.ObservationFilterChainDecorator$ObservationFilter.wrapFilter(ObservationFilterChainDecorator.java:240)
	at org.springframework.security.web.ObservationFilterChainDecorator$AroundFilterObservation$SimpleAroundFilterObservation.lambda$wrap$0(ObservationFilterChainDecorator.java:323)
	at org.springframework.security.web.ObservationFilterChainDecorator$ObservationFilter.doFilter(ObservationFilterChainDecorator.java:224)
	at org.springframework.security.web.ObservationFilterChainDecorator$VirtualFilterChain.doFilter(ObservationFilterChainDecorator.java:137)
	at org.springframework.security.web.FilterChainProxy.doFilterInternal(FilterChainProxy.java:233)
	at org.springframework.security.web.FilterChainProxy.doFilter(FilterChainProxy.java:191)
	at org.springframework.web.filter.CompositeFilter$VirtualFilterChain.doFilter(CompositeFilter.java:113)
	at org.springframework.web.servlet.handler.HandlerMappingIntrospector.lambda$createCacheFilter$3(HandlerMappingIntrospector.java:243)
	at org.springframework.web.filter.CompositeFilter$VirtualFilterChain.doFilter(CompositeFilter.java:113)
	at org.springframework.web.filter.CompositeFilter.doFilter(CompositeFilter.java:74)
	at org.springframework.security.config.annotation.web.configuration.WebMvcSecurityConfiguration$CompositeFilterChainProxy.doFilter(WebMvcSecurityConfiguration.java:238)
	at org.springframework.web.filter.DelegatingFilterProxy.invokeDelegate(DelegatingFilterProxy.java:362)
	at org.springframework.web.filter.DelegatingFilterProxy.doFilter(DelegatingFilterProxy.java:278)
	at org.apache.catalina.core.ApplicationFilterChain.internalDoFilter(ApplicationFilterChain.java:164)
	at org.apache.catalina.core.ApplicationFilterChain.doFilter(ApplicationFilterChain.java:140)
	at org.springframework.web.filter.RequestContextFilter.doFilterInternal(RequestContextFilter.java:100)
	at org.springframework.web.filter.OncePerRequestFilter.doFilter(OncePerRequestFilter.java:116)
	at org.apache.catalina.core.ApplicationFilterChain.internalDoFilter(ApplicationFilterChain.java:164)
	at org.apache.catalina.core.ApplicationFilterChain.doFilter(ApplicationFilterChain.java:140)
	at org.springframework.web.filter.FormContentFilter.doFilterInternal(FormContentFilter.java:93)
	at org.springframework.web.filter.OncePerRequestFilter.doFilter(OncePerRequestFilter.java:116)
	at org.apache.catalina.core.ApplicationFilterChain.internalDoFilter(ApplicationFilterChain.java:164)
	at org.apache.catalina.core.ApplicationFilterChain.doFilter(ApplicationFilterChain.java:140)
	at org.springframework.web.filter.ServerHttpObservationFilter.doFilterInternal(ServerHttpObservationFilter.java:114)
	at org.springframework.web.filter.OncePerRequestFilter.doFilter(OncePerRequestFilter.java:116)
	at org.apache.catalina.core.ApplicationFilterChain.internalDoFilter(ApplicationFilterChain.java:164)
	at org.apache.catalina.core.ApplicationFilterChain.doFilter(ApplicationFilterChain.java:140)
	at org.springframework.web.filter.CharacterEncodingFilter.doFilterInternal(CharacterEncodingFilter.java:201)
	at org.springframework.web.filter.OncePerRequestFilter.doFilter(OncePerRequestFilter.java:116)
	at org.apache.catalina.core.ApplicationFilterChain.internalDoFilter(ApplicationFilterChain.java:164)
	at org.apache.catalina.core.ApplicationFilterChain.doFilter(ApplicationFilterChain.java:140)
	at org.apache.catalina.core.StandardWrapperValve.invoke(StandardWrapperValve.java:167)
	at org.apache.catalina.core.StandardContextValve.invoke(StandardContextValve.java:90)
	at org.apache.catalina.authenticator.AuthenticatorBase.invoke(AuthenticatorBase.java:483)
	at org.apache.catalina.core.StandardHostValve.invoke(StandardHostValve.java:115)
	at org.apache.catalina.valves.ErrorReportValve.invoke(ErrorReportValve.java:93)
	at org.apache.catalina.core.StandardEngineValve.invoke(StandardEngineValve.java:74)
	at org.apache.catalina.connector.CoyoteAdapter.service(CoyoteAdapter.java:344)
	at org.apache.coyote.http11.Http11Processor.service(Http11Processor.java:397)
	at org.apache.coyote.AbstractProcessorLight.process(AbstractProcessorLight.java:63)
	at org.apache.coyote.AbstractProtocol$ConnectionHandler.process(AbstractProtocol.java:905)
	at org.apache.tomcat.util.net.NioEndpoint$SocketProcessor.doRun(NioEndpoint.java:1743)
	at org.apache.tomcat.util.net.SocketProcessorBase.run(SocketProcessorBase.java:52)
	at org.apache.tomcat.util.threads.ThreadPoolExecutor.runWorker(ThreadPoolExecutor.java:1190)
	at org.apache.tomcat.util.threads.ThreadPoolExecutor$Worker.run(ThreadPoolExecutor.java:659)
	at org.apache.tomcat.util.threads.TaskThread$WrappingRunnable.run(TaskThread.java:63)
	at java.base/java.lang.Thread.run(Thread.java:1575)
Caused by: org.hibernate.NonUniqueResultException: Query did not return a unique result: 2 results were returned
	at org.hibernate.query.spi.AbstractSelectionQuery.uniqueElement(AbstractSelectionQuery.java:298)
	at org.hibernate.query.spi.AbstractSelectionQuery.getSingleResult(AbstractSelectionQuery.java:281)
	at org.springframework.data.jpa.repository.query.JpaQueryExecution$SingleEntityExecution.doExecute(JpaQueryExecution.java:224)
	at org.springframework.data.jpa.repository.query.JpaQueryExecution.execute(JpaQueryExecution.java:93)
	at org.springframework.data.jpa.repository.query.AbstractJpaQuery.doExecute(AbstractJpaQuery.java:152)
	at org.springframework.data.jpa.repository.query.AbstractJpaQuery.execute(AbstractJpaQuery.java:140)
	at org.springframework.data.repository.core.support.RepositoryMethodInvoker.doInvoke(RepositoryMethodInvoker.java:170)
	at org.springframework.data.repository.core.support.RepositoryMethodInvoker.invoke(RepositoryMethodInvoker.java:158)
	at org.springframework.data.repository.core.support.QueryExecutorMethodInterceptor.doInvoke(QueryExecutorMethodInterceptor.java:170)
	at org.springframework.data.repository.core.support.QueryExecutorMethodInterceptor.invoke(QueryExecutorMethodInterceptor.java:149)
	at org.springframework.aop.framework.ReflectiveMethodInvocation.proceed(ReflectiveMethodInvocation.java:184)
	at org.springframework.data.projection.DefaultMethodInvokingMethodInterceptor.invoke(DefaultMethodInvokingMethodInterceptor.java:69)
	at org.springframework.aop.framework.ReflectiveMethodInvocation.proceed(ReflectiveMethodInvocation.java:184)
	at org.springframework.transaction.interceptor.TransactionAspectSupport.invokeWithinTransaction(TransactionAspectSupport.java:380)
	at org.springframework.transaction.interceptor.TransactionInterceptor.invoke(TransactionInterceptor.java:119)
	at org.springframework.aop.framework.ReflectiveMethodInvocation.proceed(ReflectiveMethodInvocation.java:184)
	at org.springframework.dao.support.PersistenceExceptionTranslationInterceptor.invoke(PersistenceExceptionTranslationInterceptor.java:138)
	... 174 common frames omitted
2025-10-12 19:27:03 [http-nio-8081-exec-1] INFO  c.m.b.k.s.IntegrationMappingService - Updating integration mapping: 10
2025-10-12 19:27:03 [http-nio-8081-exec-1] INFO  c.m.b.k.s.IntegrationMappingService - Updated integration mapping: 10
2025-10-12 19:27:03 [http-nio-8081-exec-1] INFO  c.m.b.k.s.IntegrationMappingService - Row 3: Updated existing mapping - API: '/healthmapATTR', Key: 'المشافي البيان الشهري الدخول إناث'
2025-10-12 19:27:03 [http-nio-8081-exec-1] ERROR c.m.b.k.s.IntegrationMappingService - Unexpected error processing row 4: Query did not return a unique result: 2 results were returned
org.springframework.dao.IncorrectResultSizeDataAccessException: Query did not return a unique result: 2 results were returned
	at org.springframework.orm.jpa.vendor.HibernateJpaDialect.convertHibernateAccessException(HibernateJpaDialect.java:301)
	at org.springframework.orm.jpa.vendor.HibernateJpaDialect.translateExceptionIfPossible(HibernateJpaDialect.java:244)
	at org.springframework.orm.jpa.AbstractEntityManagerFactoryBean.translateExceptionIfPossible(AbstractEntityManagerFactoryBean.java:560)
	at org.springframework.dao.support.ChainedPersistenceExceptionTranslator.translateExceptionIfPossible(ChainedPersistenceExceptionTranslator.java:61)
	at org.springframework.dao.support.DataAccessUtils.translateIfNecessary(DataAccessUtils.java:343)
	at org.springframework.dao.support.PersistenceExceptionTranslationInterceptor.invoke(PersistenceExceptionTranslationInterceptor.java:160)
	at org.springframework.aop.framework.ReflectiveMethodInvocation.proceed(ReflectiveMethodInvocation.java:184)
	at org.springframework.data.jpa.repository.support.CrudMethodMetadataPostProcessor$CrudMethodMetadataPopulatingMethodInterceptor.invoke(CrudMethodMetadataPostProcessor.java:136)
	at org.springframework.aop.framework.ReflectiveMethodInvocation.proceed(ReflectiveMethodInvocation.java:184)
	at org.springframework.aop.framework.JdkDynamicAopProxy.invoke(JdkDynamicAopProxy.java:223)
	at jdk.proxy2/jdk.proxy2.$Proxy229.findByMiddlewareApiNameAndExternalKey(Unknown Source)
	at com.middleware.backend.kaotocamel.service.IntegrationMappingService.importFromExcel(IntegrationMappingService.java:208)
	at java.base/jdk.internal.reflect.DirectMethodHandleAccessor.invoke(DirectMethodHandleAccessor.java:103)
	at java.base/java.lang.reflect.Method.invoke(Method.java:580)
	at org.springframework.aop.support.AopUtils.invokeJoinpointUsingReflection(AopUtils.java:359)
	at org.springframework.aop.framework.ReflectiveMethodInvocation.invokeJoinpoint(ReflectiveMethodInvocation.java:196)
	at org.springframework.aop.framework.ReflectiveMethodInvocation.proceed(ReflectiveMethodInvocation.java:163)
	at org.springframework.transaction.interceptor.TransactionAspectSupport.invokeWithinTransaction(TransactionAspectSupport.java:380)
	at org.springframework.transaction.interceptor.TransactionInterceptor.invoke(TransactionInterceptor.java:119)
	at org.springframework.aop.framework.ReflectiveMethodInvocation.proceed(ReflectiveMethodInvocation.java:184)
	at org.springframework.aop.framework.CglibAopProxy$DynamicAdvisedInterceptor.intercept(CglibAopProxy.java:727)
	at com.middleware.backend.kaotocamel.service.IntegrationMappingService$$SpringCGLIB$$0.importFromExcel(<generated>)
	at com.middleware.backend.kaotocamel.controller.IntegrationMappingAdminController.importFromExcel(IntegrationMappingAdminController.java:78)
	at java.base/jdk.internal.reflect.DirectMethodHandleAccessor.invoke(DirectMethodHandleAccessor.java:103)
	at java.base/java.lang.reflect.Method.invoke(Method.java:580)
	at org.springframework.aop.support.AopUtils.invokeJoinpointUsingReflection(AopUtils.java:359)
	at org.springframework.aop.framework.ReflectiveMethodInvocation.invokeJoinpoint(ReflectiveMethodInvocation.java:196)
	at org.springframework.aop.framework.ReflectiveMethodInvocation.proceed(ReflectiveMethodInvocation.java:163)
	at org.springframework.security.authorization.method.AuthorizationManagerBeforeMethodInterceptor.proceed(AuthorizationManagerBeforeMethodInterceptor.java:268)
	at org.springframework.security.authorization.method.AuthorizationManagerBeforeMethodInterceptor.attemptAuthorization(AuthorizationManagerBeforeMethodInterceptor.java:263)
	at org.springframework.security.authorization.method.AuthorizationManagerBeforeMethodInterceptor.invoke(AuthorizationManagerBeforeMethodInterceptor.java:196)
	at org.springframework.security.config.annotation.method.configuration.DeferringMethodInterceptor.invoke(DeferringMethodInterceptor.java:44)
	at org.springframework.aop.framework.ReflectiveMethodInvocation.proceed(ReflectiveMethodInvocation.java:184)
	at org.springframework.aop.framework.CglibAopProxy$DynamicAdvisedInterceptor.intercept(CglibAopProxy.java:727)
	at com.middleware.backend.kaotocamel.controller.IntegrationMappingAdminController$$SpringCGLIB$$0.importFromExcel(<generated>)
	at java.base/jdk.internal.reflect.DirectMethodHandleAccessor.invoke(DirectMethodHandleAccessor.java:103)
	at java.base/java.lang.reflect.Method.invoke(Method.java:580)
	at org.springframework.web.method.support.InvocableHandlerMethod.doInvoke(InvocableHandlerMethod.java:258)
	at org.springframework.web.method.support.InvocableHandlerMethod.invokeForRequest(InvocableHandlerMethod.java:191)
	at org.springframework.web.servlet.mvc.method.annotation.ServletInvocableHandlerMethod.invokeAndHandle(ServletInvocableHandlerMethod.java:118)
	at org.springframework.web.servlet.mvc.method.annotation.RequestMappingHandlerAdapter.invokeHandlerMethod(RequestMappingHandlerAdapter.java:986)
	at org.springframework.web.servlet.mvc.method.annotation.RequestMappingHandlerAdapter.handleInternal(RequestMappingHandlerAdapter.java:891)
	at org.springframework.web.servlet.mvc.method.AbstractHandlerMethodAdapter.handle(AbstractHandlerMethodAdapter.java:87)
	at org.springframework.web.servlet.DispatcherServlet.doDispatch(DispatcherServlet.java:1089)
	at org.springframework.web.servlet.DispatcherServlet.doService(DispatcherServlet.java:979)
	at org.springframework.web.servlet.FrameworkServlet.processRequest(FrameworkServlet.java:1014)
	at org.springframework.web.servlet.FrameworkServlet.doPost(FrameworkServlet.java:914)
	at jakarta.servlet.http.HttpServlet.service(HttpServlet.java:590)
	at org.springframework.web.servlet.FrameworkServlet.service(FrameworkServlet.java:885)
	at jakarta.servlet.http.HttpServlet.service(HttpServlet.java:658)
	at org.apache.catalina.core.ApplicationFilterChain.internalDoFilter(ApplicationFilterChain.java:195)
	at org.apache.catalina.core.ApplicationFilterChain.doFilter(ApplicationFilterChain.java:140)
	at org.apache.tomcat.websocket.server.WsFilter.doFilter(WsFilter.java:51)
	at org.apache.catalina.core.ApplicationFilterChain.internalDoFilter(ApplicationFilterChain.java:164)
	at org.apache.catalina.core.ApplicationFilterChain.doFilter(ApplicationFilterChain.java:140)
	at org.springframework.web.filter.AbstractRequestLoggingFilter.doFilterInternal(AbstractRequestLoggingFilter.java:289)
	at org.springframework.web.filter.OncePerRequestFilter.doFilter(OncePerRequestFilter.java:116)
	at org.apache.catalina.core.ApplicationFilterChain.internalDoFilter(ApplicationFilterChain.java:164)
	at org.apache.catalina.core.ApplicationFilterChain.doFilter(ApplicationFilterChain.java:140)
	at org.springframework.web.filter.OncePerRequestFilter.doFilter(OncePerRequestFilter.java:110)
	at org.apache.catalina.core.ApplicationFilterChain.internalDoFilter(ApplicationFilterChain.java:164)
	at org.apache.catalina.core.ApplicationFilterChain.doFilter(ApplicationFilterChain.java:140)
	at com.middleware.backend.throttling.config.GlobalRateLimitFilter.doFilter(GlobalRateLimitFilter.java:169)
	at org.apache.catalina.core.ApplicationFilterChain.internalDoFilter(ApplicationFilterChain.java:164)
	at org.apache.catalina.core.ApplicationFilterChain.doFilter(ApplicationFilterChain.java:140)
	at com.middleware.backend.audit_logs_interceptor.config.RequestLoggingFilter.doFilter(RequestLoggingFilter.java:71)
	at org.apache.catalina.core.ApplicationFilterChain.internalDoFilter(ApplicationFilterChain.java:164)
	at org.apache.catalina.core.ApplicationFilterChain.doFilter(ApplicationFilterChain.java:140)
	at org.springframework.web.filter.CompositeFilter$VirtualFilterChain.doFilter(CompositeFilter.java:108)
	at org.springframework.security.web.FilterChainProxy.lambda$doFilterInternal$3(FilterChainProxy.java:231)
	at org.springframework.security.web.ObservationFilterChainDecorator$FilterObservation$SimpleFilterObservation.lambda$wrap$1(ObservationFilterChainDecorator.java:479)
	at org.springframework.security.web.ObservationFilterChainDecorator$AroundFilterObservation$SimpleAroundFilterObservation.lambda$wrap$1(ObservationFilterChainDecorator.java:340)
	at org.springframework.security.web.ObservationFilterChainDecorator.lambda$wrapSecured$0(ObservationFilterChainDecorator.java:82)
	at org.springframework.security.web.ObservationFilterChainDecorator$VirtualFilterChain.doFilter(ObservationFilterChainDecorator.java:128)
	at org.springframework.security.web.access.intercept.AuthorizationFilter.doFilter(AuthorizationFilter.java:101)
	at org.springframework.security.web.ObservationFilterChainDecorator$ObservationFilter.wrapFilter(ObservationFilterChainDecorator.java:240)
	at org.springframework.security.web.ObservationFilterChainDecorator$ObservationFilter.doFilter(ObservationFilterChainDecorator.java:227)
	at org.springframework.security.web.ObservationFilterChainDecorator$VirtualFilterChain.doFilter(ObservationFilterChainDecorator.java:137)
	at org.springframework.security.web.access.ExceptionTranslationFilter.doFilter(ExceptionTranslationFilter.java:126)
	at org.springframework.security.web.access.ExceptionTranslationFilter.doFilter(ExceptionTranslationFilter.java:120)
	at org.springframework.security.web.ObservationFilterChainDecorator$ObservationFilter.wrapFilter(ObservationFilterChainDecorator.java:240)
	at org.springframework.security.web.ObservationFilterChainDecorator$ObservationFilter.doFilter(ObservationFilterChainDecorator.java:227)
	at org.springframework.security.web.ObservationFilterChainDecorator$VirtualFilterChain.doFilter(ObservationFilterChainDecorator.java:137)
	at org.springframework.security.web.session.SessionManagementFilter.doFilter(SessionManagementFilter.java:131)
	at org.springframework.security.web.session.SessionManagementFilter.doFilter(SessionManagementFilter.java:85)
	at org.springframework.security.web.ObservationFilterChainDecorator$ObservationFilter.wrapFilter(ObservationFilterChainDecorator.java:240)
	at org.springframework.security.web.ObservationFilterChainDecorator$ObservationFilter.doFilter(ObservationFilterChainDecorator.java:227)
	at org.springframework.security.web.ObservationFilterChainDecorator$VirtualFilterChain.doFilter(ObservationFilterChainDecorator.java:137)
	at org.springframework.security.web.authentication.AnonymousAuthenticationFilter.doFilter(AnonymousAuthenticationFilter.java:100)
	at org.springframework.security.web.ObservationFilterChainDecorator$ObservationFilter.wrapFilter(ObservationFilterChainDecorator.java:240)
	at org.springframework.security.web.ObservationFilterChainDecorator$ObservationFilter.doFilter(ObservationFilterChainDecorator.java:227)
	at org.springframework.security.web.ObservationFilterChainDecorator$VirtualFilterChain.doFilter(ObservationFilterChainDecorator.java:137)
	at org.springframework.security.web.servletapi.SecurityContextHolderAwareRequestFilter.doFilter(SecurityContextHolderAwareRequestFilter.java:179)
	at org.springframework.security.web.ObservationFilterChainDecorator$ObservationFilter.wrapFilter(ObservationFilterChainDecorator.java:240)
	at org.springframework.security.web.ObservationFilterChainDecorator$ObservationFilter.doFilter(ObservationFilterChainDecorator.java:227)
	at org.springframework.security.web.ObservationFilterChainDecorator$VirtualFilterChain.doFilter(ObservationFilterChainDecorator.java:137)
	at org.springframework.security.web.savedrequest.RequestCacheAwareFilter.doFilter(RequestCacheAwareFilter.java:63)
	at org.springframework.security.web.ObservationFilterChainDecorator$ObservationFilter.wrapFilter(ObservationFilterChainDecorator.java:240)
	at org.springframework.security.web.ObservationFilterChainDecorator$ObservationFilter.doFilter(ObservationFilterChainDecorator.java:227)
	at org.springframework.security.web.ObservationFilterChainDecorator$VirtualFilterChain.doFilter(ObservationFilterChainDecorator.java:137)
	at com.middleware.backend.users.config.JwtRequestFilter.doFilterInternal(JwtRequestFilter.java:120)
	at org.springframework.web.filter.OncePerRequestFilter.doFilter(OncePerRequestFilter.java:116)
	at org.springframework.security.web.ObservationFilterChainDecorator$ObservationFilter.wrapFilter(ObservationFilterChainDecorator.java:240)
	at org.springframework.security.web.ObservationFilterChainDecorator$ObservationFilter.doFilter(ObservationFilterChainDecorator.java:227)
	at org.springframework.security.web.ObservationFilterChainDecorator$VirtualFilterChain.doFilter(ObservationFilterChainDecorator.java:137)
	at org.springframework.security.web.authentication.logout.LogoutFilter.doFilter(LogoutFilter.java:107)
	at org.springframework.security.web.authentication.logout.LogoutFilter.doFilter(LogoutFilter.java:93)
	at org.springframework.security.web.ObservationFilterChainDecorator$ObservationFilter.wrapFilter(ObservationFilterChainDecorator.java:240)
	at org.springframework.security.web.ObservationFilterChainDecorator$ObservationFilter.doFilter(ObservationFilterChainDecorator.java:227)
	at org.springframework.security.web.ObservationFilterChainDecorator$VirtualFilterChain.doFilter(ObservationFilterChainDecorator.java:137)
	at org.springframework.web.filter.CorsFilter.doFilterInternal(CorsFilter.java:91)
	at org.springframework.web.filter.OncePerRequestFilter.doFilter(OncePerRequestFilter.java:116)
	at org.springframework.security.web.ObservationFilterChainDecorator$ObservationFilter.wrapFilter(ObservationFilterChainDecorator.java:240)
	at org.springframework.security.web.ObservationFilterChainDecorator$ObservationFilter.doFilter(ObservationFilterChainDecorator.java:227)
	at org.springframework.security.web.ObservationFilterChainDecorator$VirtualFilterChain.doFilter(ObservationFilterChainDecorator.java:137)
	at org.springframework.security.web.header.HeaderWriterFilter.doHeadersAfter(HeaderWriterFilter.java:90)
	at org.springframework.security.web.header.HeaderWriterFilter.doFilterInternal(HeaderWriterFilter.java:75)
	at org.springframework.web.filter.OncePerRequestFilter.doFilter(OncePerRequestFilter.java:116)
	at org.springframework.security.web.ObservationFilterChainDecorator$ObservationFilter.wrapFilter(ObservationFilterChainDecorator.java:240)
	at org.springframework.security.web.ObservationFilterChainDecorator$ObservationFilter.doFilter(ObservationFilterChainDecorator.java:227)
	at org.springframework.security.web.ObservationFilterChainDecorator$VirtualFilterChain.doFilter(ObservationFilterChainDecorator.java:137)
	at org.springframework.security.web.context.SecurityContextHolderFilter.doFilter(SecurityContextHolderFilter.java:82)
	at org.springframework.security.web.context.SecurityContextHolderFilter.doFilter(SecurityContextHolderFilter.java:69)
	at org.springframework.security.web.ObservationFilterChainDecorator$ObservationFilter.wrapFilter(ObservationFilterChainDecorator.java:240)
	at org.springframework.security.web.ObservationFilterChainDecorator$ObservationFilter.doFilter(ObservationFilterChainDecorator.java:227)
	at org.springframework.security.web.ObservationFilterChainDecorator$VirtualFilterChain.doFilter(ObservationFilterChainDecorator.java:137)
	at org.springframework.security.web.context.request.async.WebAsyncManagerIntegrationFilter.doFilterInternal(WebAsyncManagerIntegrationFilter.java:62)
	at org.springframework.web.filter.OncePerRequestFilter.doFilter(OncePerRequestFilter.java:116)
	at org.springframework.security.web.ObservationFilterChainDecorator$ObservationFilter.wrapFilter(ObservationFilterChainDecorator.java:240)
	at org.springframework.security.web.ObservationFilterChainDecorator$ObservationFilter.doFilter(ObservationFilterChainDecorator.java:227)
	at org.springframework.security.web.ObservationFilterChainDecorator$VirtualFilterChain.doFilter(ObservationFilterChainDecorator.java:137)
	at org.springframework.security.web.session.DisableEncodeUrlFilter.doFilterInternal(DisableEncodeUrlFilter.java:42)
	at org.springframework.web.filter.OncePerRequestFilter.doFilter(OncePerRequestFilter.java:116)
	at org.springframework.security.web.ObservationFilterChainDecorator$ObservationFilter.wrapFilter(ObservationFilterChainDecorator.java:240)
	at org.springframework.security.web.ObservationFilterChainDecorator$AroundFilterObservation$SimpleAroundFilterObservation.lambda$wrap$0(ObservationFilterChainDecorator.java:323)
	at org.springframework.security.web.ObservationFilterChainDecorator$ObservationFilter.doFilter(ObservationFilterChainDecorator.java:224)
	at org.springframework.security.web.ObservationFilterChainDecorator$VirtualFilterChain.doFilter(ObservationFilterChainDecorator.java:137)
	at org.springframework.security.web.FilterChainProxy.doFilterInternal(FilterChainProxy.java:233)
	at org.springframework.security.web.FilterChainProxy.doFilter(FilterChainProxy.java:191)
	at org.springframework.web.filter.CompositeFilter$VirtualFilterChain.doFilter(CompositeFilter.java:113)
	at org.springframework.web.servlet.handler.HandlerMappingIntrospector.lambda$createCacheFilter$3(HandlerMappingIntrospector.java:243)
	at org.springframework.web.filter.CompositeFilter$VirtualFilterChain.doFilter(CompositeFilter.java:113)
	at org.springframework.web.filter.CompositeFilter.doFilter(CompositeFilter.java:74)
	at org.springframework.security.config.annotation.web.configuration.WebMvcSecurityConfiguration$CompositeFilterChainProxy.doFilter(WebMvcSecurityConfiguration.java:238)
	at org.springframework.web.filter.DelegatingFilterProxy.invokeDelegate(DelegatingFilterProxy.java:362)
	at org.springframework.web.filter.DelegatingFilterProxy.doFilter(DelegatingFilterProxy.java:278)
	at org.apache.catalina.core.ApplicationFilterChain.internalDoFilter(ApplicationFilterChain.java:164)
	at org.apache.catalina.core.ApplicationFilterChain.doFilter(ApplicationFilterChain.java:140)
	at org.springframework.web.filter.RequestContextFilter.doFilterInternal(RequestContextFilter.java:100)
	at org.springframework.web.filter.OncePerRequestFilter.doFilter(OncePerRequestFilter.java:116)
	at org.apache.catalina.core.ApplicationFilterChain.internalDoFilter(ApplicationFilterChain.java:164)
	at org.apache.catalina.core.ApplicationFilterChain.doFilter(ApplicationFilterChain.java:140)
	at org.springframework.web.filter.FormContentFilter.doFilterInternal(FormContentFilter.java:93)
	at org.springframework.web.filter.OncePerRequestFilter.doFilter(OncePerRequestFilter.java:116)
	at org.apache.catalina.core.ApplicationFilterChain.internalDoFilter(ApplicationFilterChain.java:164)
	at org.apache.catalina.core.ApplicationFilterChain.doFilter(ApplicationFilterChain.java:140)
	at org.springframework.web.filter.ServerHttpObservationFilter.doFilterInternal(ServerHttpObservationFilter.java:114)
	at org.springframework.web.filter.OncePerRequestFilter.doFilter(OncePerRequestFilter.java:116)
	at org.apache.catalina.core.ApplicationFilterChain.internalDoFilter(ApplicationFilterChain.java:164)
	at org.apache.catalina.core.ApplicationFilterChain.doFilter(ApplicationFilterChain.java:140)
	at org.springframework.web.filter.CharacterEncodingFilter.doFilterInternal(CharacterEncodingFilter.java:201)
	at org.springframework.web.filter.OncePerRequestFilter.doFilter(OncePerRequestFilter.java:116)
	at org.apache.catalina.core.ApplicationFilterChain.internalDoFilter(ApplicationFilterChain.java:164)
	at org.apache.catalina.core.ApplicationFilterChain.doFilter(ApplicationFilterChain.java:140)
	at org.apache.catalina.core.StandardWrapperValve.invoke(StandardWrapperValve.java:167)
	at org.apache.catalina.core.StandardContextValve.invoke(StandardContextValve.java:90)
	at org.apache.catalina.authenticator.AuthenticatorBase.invoke(AuthenticatorBase.java:483)
	at org.apache.catalina.core.StandardHostValve.invoke(StandardHostValve.java:115)
	at org.apache.catalina.valves.ErrorReportValve.invoke(ErrorReportValve.java:93)
	at org.apache.catalina.core.StandardEngineValve.invoke(StandardEngineValve.java:74)
	at org.apache.catalina.connector.CoyoteAdapter.service(CoyoteAdapter.java:344)
	at org.apache.coyote.http11.Http11Processor.service(Http11Processor.java:397)
	at org.apache.coyote.AbstractProcessorLight.process(AbstractProcessorLight.java:63)
	at org.apache.coyote.AbstractProtocol$ConnectionHandler.process(AbstractProtocol.java:905)
	at org.apache.tomcat.util.net.NioEndpoint$SocketProcessor.doRun(NioEndpoint.java:1743)
	at org.apache.tomcat.util.net.SocketProcessorBase.run(SocketProcessorBase.java:52)
	at org.apache.tomcat.util.threads.ThreadPoolExecutor.runWorker(ThreadPoolExecutor.java:1190)
	at org.apache.tomcat.util.threads.ThreadPoolExecutor$Worker.run(ThreadPoolExecutor.java:659)
	at org.apache.tomcat.util.threads.TaskThread$WrappingRunnable.run(TaskThread.java:63)
	at java.base/java.lang.Thread.run(Thread.java:1575)
Caused by: org.hibernate.NonUniqueResultException: Query did not return a unique result: 2 results were returned
	at org.hibernate.query.spi.AbstractSelectionQuery.uniqueElement(AbstractSelectionQuery.java:298)
	at org.hibernate.query.spi.AbstractSelectionQuery.getSingleResult(AbstractSelectionQuery.java:281)
	at org.springframework.data.jpa.repository.query.JpaQueryExecution$SingleEntityExecution.doExecute(JpaQueryExecution.java:224)
	at org.springframework.data.jpa.repository.query.JpaQueryExecution.execute(JpaQueryExecution.java:93)
	at org.springframework.data.jpa.repository.query.AbstractJpaQuery.doExecute(AbstractJpaQuery.java:152)
	at org.springframework.data.jpa.repository.query.AbstractJpaQuery.execute(AbstractJpaQuery.java:140)
	at org.springframework.data.repository.core.support.RepositoryMethodInvoker.doInvoke(RepositoryMethodInvoker.java:170)
	at org.springframework.data.repository.core.support.RepositoryMethodInvoker.invoke(RepositoryMethodInvoker.java:158)
	at org.springframework.data.repository.core.support.QueryExecutorMethodInterceptor.doInvoke(QueryExecutorMethodInterceptor.java:170)
	at org.springframework.data.repository.core.support.QueryExecutorMethodInterceptor.invoke(QueryExecutorMethodInterceptor.java:149)
	at org.springframework.aop.framework.ReflectiveMethodInvocation.proceed(ReflectiveMethodInvocation.java:184)
	at org.springframework.data.projection.DefaultMethodInvokingMethodInterceptor.invoke(DefaultMethodInvokingMethodInterceptor.java:69)
	at org.springframework.aop.framework.ReflectiveMethodInvocation.proceed(ReflectiveMethodInvocation.java:184)
	at org.springframework.transaction.interceptor.TransactionAspectSupport.invokeWithinTransaction(TransactionAspectSupport.java:380)
	at org.springframework.transaction.interceptor.TransactionInterceptor.invoke(TransactionInterceptor.java:119)
	at org.springframework.aop.framework.ReflectiveMethodInvocation.proceed(ReflectiveMethodInvocation.java:184)
	at org.springframework.dao.support.PersistenceExceptionTranslationInterceptor.invoke(PersistenceExceptionTranslationInterceptor.java:138)
	... 174 common frames omitted
2025-10-12 19:27:03 [http-nio-8081-exec-1] INFO  c.m.b.k.s.IntegrationMappingService - Updating integration mapping: 8
2025-10-12 19:27:03 [http-nio-8081-exec-1] INFO  c.m.b.k.s.IntegrationMappingService - Updated integration mapping: 8
2025-10-12 19:27:03 [http-nio-8081-exec-1] INFO  c.m.b.k.s.IntegrationMappingService - Row 5: Updated existing mapping - API: '/healthmap', Key: 'HI TEST'
2025-10-12 19:27:03 [http-nio-8081-exec-1] INFO  c.m.b.k.s.IntegrationMappingService - Updating integration mapping: 7
2025-10-12 19:27:03 [http-nio-8081-exec-1] INFO  c.m.b.k.s.IntegrationMappingService - Updated integration mapping: 7
2025-10-12 19:27:03 [http-nio-8081-exec-1] INFO  c.m.b.k.s.IntegrationMappingService - Row 6: Updated existing mapping - API: '/healthmap', Key: 'icu_patient_days'
2025-10-12 19:27:03 [http-nio-8081-exec-1] INFO  c.m.b.k.s.IntegrationMappingService - Updating integration mapping: 6
2025-10-12 19:27:03 [http-nio-8081-exec-1] INFO  c.m.b.k.s.IntegrationMappingService - Updated integration mapping: 6
2025-10-12 19:27:03 [http-nio-8081-exec-1] INFO  c.m.b.k.s.IntegrationMappingService - Row 7: Updated existing mapping - API: '/healthmap', Key: 'تست'
2025-10-12 19:27:03 [http-nio-8081-exec-1] INFO  c.m.b.k.s.IntegrationMappingService - Updating integration mapping: 5
2025-10-12 19:27:03 [http-nio-8081-exec-1] INFO  c.m.b.k.s.IntegrationMappingService - Updated integration mapping: 5
2025-10-12 19:27:03 [http-nio-8081-exec-1] INFO  c.m.b.k.s.IntegrationMappingService - Row 8: Updated existing mapping - API: '/healthmap', Key: 'gp_0_1_female_indicator'
2025-10-12 19:27:03 [http-nio-8081-exec-1] INFO  c.m.b.k.s.IntegrationMappingService - Updating integration mapping: 4
2025-10-12 19:27:03 [http-nio-8081-exec-1] INFO  c.m.b.k.s.IntegrationMappingService - Updated integration mapping: 4
2025-10-12 19:27:03 [http-nio-8081-exec-1] INFO  c.m.b.k.s.IntegrationMappingService - Row 9: Updated existing mapping - API: '/healthmap', Key: 'gp_general_visits'
2025-10-12 19:27:03 [http-nio-8081-exec-1] INFO  c.m.b.k.s.IntegrationMappingService - Updating integration mapping: 3
2025-10-12 19:27:03 [http-nio-8081-exec-1] INFO  c.m.b.k.s.IntegrationMappingService - Updated integration mapping: 3
2025-10-12 19:27:03 [http-nio-8081-exec-1] INFO  c.m.b.k.s.IntegrationMappingService - Row 10: Updated existing mapping - API: '/healthmap', Key: 'urogenital_1_4_male'
2025-10-12 19:27:03 [http-nio-8081-exec-1] INFO  c.m.b.k.s.IntegrationMappingService - Updating integration mapping: 2
2025-10-12 19:27:03 [http-nio-8081-exec-1] INFO  c.m.b.k.s.IntegrationMappingService - Updated integration mapping: 2
2025-10-12 19:27:03 [http-nio-8081-exec-1] INFO  c.m.b.k.s.IntegrationMappingService - Row 11: Updated existing mapping - API: '/healthmap', Key: 'urogenital_0_1_male'
2025-10-12 19:27:03 [http-nio-8081-exec-1] INFO  c.m.b.k.s.IntegrationMappingService - Updating integration mapping: 1
2025-10-12 19:27:03 [http-nio-8081-exec-1] INFO  c.m.b.k.s.IntegrationMappingService - Updated integration mapping: 1
2025-10-12 19:27:03 [http-nio-8081-exec-1] INFO  c.m.b.k.s.IntegrationMappingService - Row 12: Updated existing mapping - API: '/healthmap', Key: 'respiratory_group_total'
2025-10-12 19:27:03 [http-nio-8081-exec-1] INFO  c.m.b.k.s.IntegrationMappingService - Import completed: 11 total, 0 new, 9 updated, 0 ignored, 2 failed
2025-10-12 19:27:03 [http-nio-8081-exec-1] DEBUG o.s.w.s.m.m.a.HttpEntityMethodProcessor - Using 'application/json', given [*/*] and supported [application/json, application/*+json, application/yaml]
2025-10-12 19:27:03 [http-nio-8081-exec-1] DEBUG o.s.w.s.m.m.a.HttpEntityMethodProcessor - Writing [{ignored=0, updatedMappings=[IntegrationMappingDto(id=10, middlewareApiName=/healthmapATTR, integrat (truncated)...]
2025-10-12 19:27:03 [http-nio-8081-exec-1] DEBUG o.s.web.servlet.DispatcherServlet - Completed 200 OK
2025-10-12 19:27:03 [http-nio-8081-exec-1] DEBUG o.a.camel.spring.SpringCamelContext - onApplicationEvent: ServletRequestHandledEvent: url=[/api/integration-mappings/import-excel]; client=[0:0:0:0:0:0:0:1]; method=[POST]; status=[200]; servlet=[dispatcherServlet]; session=[null]; user=[admin@mail.com]; time=[1367ms]
2025-10-12 19:27:03 [http-nio-8081-exec-1] DEBUG o.s.w.f.CommonsRequestLoggingFilter - After request [POST /api/integration-mappings/import-excel, client=0:0:0:0:0:0:0:1, user=admin@mail.com]
2025-10-12 19:27:03 [http-nio-8081-exec-10] INFO  c.m.b.k.service.DynamicRouteService - Fetching active routes with pagination
2025-10-12 19:27:04 [http-nio-8081-exec-10] DEBUG o.s.w.f.CommonsRequestLoggingFilter - Before request [GET /api/integration-mappings?page=0&size=10, client=0:0:0:0:0:0:0:1, user=admin@mail.com]
2025-10-12 19:27:04 [http-nio-8081-exec-10] DEBUG o.s.web.servlet.DispatcherServlet - GET "/api/integration-mappings?page=0&size=10", parameters={masked}
2025-10-12 19:27:04 [http-nio-8081-exec-10] DEBUG o.s.w.s.m.m.a.RequestMappingHandlerMapping - Mapped to com.middleware.backend.kaotocamel.controller.IntegrationMappingAdminController#findAll(String, Long, String, String, String, String, String, Boolean, String, LocalDateTime, LocalDateTime, LocalDateTime, LocalDateTime, String, Long, Long, String, String, int, int)
2025-10-12 19:27:04 [http-nio-8081-exec-10] INFO  c.m.b.k.c.IntegrationMappingAdminController - Final sort: id: ASC
2025-10-12 19:27:04 [http-nio-8081-exec-10] DEBUG c.m.b.k.s.IntegrationMappingService - Searching with advanced filters - middlewareApi: null, integratedApiId: null, mappingType: null
2025-10-12 19:27:04 [http-nio-8081-exec-10] DEBUG c.m.b.k.s.IntegrationMappingService - Found 10 results out of 11 total
2025-10-12 19:27:04 [http-nio-8081-exec-10] DEBUG o.s.w.s.m.m.a.HttpEntityMethodProcessor - Using 'application/json', given [application/json] and supported [application/json, application/*+json, application/yaml]
2025-10-12 19:27:04 [http-nio-8081-exec-10] DEBUG o.s.w.s.m.m.a.HttpEntityMethodProcessor - Writing [Page 1 of 2 containing com.middleware.backend.kaotocamel.dto.IntegrationMappingDto instances]
2025-10-12 19:27:04 [http-nio-8081-exec-10] DEBUG o.s.web.servlet.DispatcherServlet - Completed 200 OK
2025-10-12 19:27:04 [http-nio-8081-exec-10] DEBUG o.a.camel.spring.SpringCamelContext - onApplicationEvent: ServletRequestHandledEvent: url=[/api/integration-mappings]; client=[0:0:0:0:0:0:0:1]; method=[GET]; status=[200]; servlet=[dispatcherServlet]; session=[null]; user=[admin@mail.com]; time=[90ms]
2025-10-12 19:27:04 [http-nio-8081-exec-10] DEBUG o.s.w.f.CommonsRequestLoggingFilter - After request [GET /api/integration-mappings?page=0&size=10, client=0:0:0:0:0:0:0:1, user=admin@mail.com]
2025-10-12 19:27:08 [scheduling-1] INFO  c.m.b.k.service.DynamicRouteService - Starting route status sync with Camel context
2025-10-12 19:27:08 [scheduling-1] INFO  c.m.b.k.service.DynamicRouteService - Completed route status sync
2025-10-12 19:27:38 [scheduling-1] INFO  c.m.b.k.service.DynamicRouteService - Starting route status sync with Camel context
2025-10-12 19:27:38 [scheduling-1] INFO  c.m.b.k.service.DynamicRouteService - Completed route status sync
2025-10-12 19:27:46 [http-nio-8081-exec-5] INFO  c.m.b.k.service.DynamicRouteService - Fetching active routes with pagination
2025-10-12 19:27:46 [http-nio-8081-exec-2] INFO  c.m.b.k.service.DynamicRouteService - Fetching active routes with pagination
2025-10-12 19:27:46 [http-nio-8081-exec-6] INFO  c.m.b.k.service.DynamicRouteService - Fetching active routes with pagination
2025-10-12 19:27:46 [http-nio-8081-exec-5] DEBUG o.s.w.f.CommonsRequestLoggingFilter - Before request [GET /api/integrated-apis?page=0&size=10, client=0:0:0:0:0:0:0:1, user=admin@mail.com]
2025-10-12 19:27:46 [http-nio-8081-exec-5] DEBUG o.s.web.servlet.DispatcherServlet - GET "/api/integrated-apis?page=0&size=10", parameters={masked}
2025-10-12 19:27:46 [http-nio-8081-exec-5] DEBUG o.s.w.s.m.m.a.RequestMappingHandlerMapping - Mapped to com.middleware.backend.kaotocamel.controller.IntegratedApiController#findAll(String, String, String, String, String, Boolean, String, LocalDateTime, LocalDateTime, LocalDateTime, LocalDateTime, String, Long, Long, int, int, String[])
2025-10-12 19:27:46 [http-nio-8081-exec-5] INFO  c.m.b.k.c.IntegratedApiController - === SORTING DEBUG ===
2025-10-12 19:27:46 [http-nio-8081-exec-5] INFO  c.m.b.k.c.IntegratedApiController - Received sort array: [id, desc]
2025-10-12 19:27:46 [http-nio-8081-exec-5] INFO  c.m.b.k.c.IntegratedApiController - Sort array length: 2
2025-10-12 19:27:46 [http-nio-8081-exec-5] INFO  c.m.b.k.c.IntegratedApiController - sort[0] = 'id'
2025-10-12 19:27:46 [http-nio-8081-exec-5] INFO  c.m.b.k.c.IntegratedApiController - sort[1] = 'desc'
2025-10-12 19:27:46 [http-nio-8081-exec-5] DEBUG c.m.b.k.c.IntegratedApiController - Received sort params: [id, desc]
2025-10-12 19:27:46 [http-nio-8081-exec-5] DEBUG c.m.b.k.c.IntegratedApiController - Handling separated params - field: 'id', direction: 'desc'
2025-10-12 19:27:46 [http-nio-8081-exec-5] DEBUG c.m.b.k.c.IntegratedApiController - Added separated sort order: id DESC
2025-10-12 19:27:46 [http-nio-8081-exec-5] DEBUG c.m.b.k.c.IntegratedApiController - Final sort object: id: DESC
2025-10-12 19:27:46 [http-nio-8081-exec-5] INFO  c.m.b.k.c.IntegratedApiController - Final Sort object: id: DESC
2025-10-12 19:27:46 [http-nio-8081-exec-5] INFO  c.m.b.k.c.IntegratedApiController - === END SORTING DEBUG ===
2025-10-12 19:27:46 [http-nio-8081-exec-5] INFO  c.m.b.k.c.IntegratedApiController - Pageable: Page request [number: 0, size 10, sort: id: DESC]
2025-10-12 19:27:46 [http-nio-8081-exec-2] DEBUG o.s.w.f.CommonsRequestLoggingFilter - Before request [GET /api/integrated-apis/systems, client=0:0:0:0:0:0:0:1, user=admin@mail.com]
2025-10-12 19:27:46 [http-nio-8081-exec-2] DEBUG o.s.web.servlet.DispatcherServlet - GET "/api/integrated-apis/systems", parameters={}
2025-10-12 19:27:46 [http-nio-8081-exec-2] DEBUG o.s.w.s.m.m.a.RequestMappingHandlerMapping - Mapped to com.middleware.backend.kaotocamel.controller.IntegratedApiController#getIntegratedSystems()
2025-10-12 19:27:46 [http-nio-8081-exec-5] DEBUG o.s.w.s.m.m.a.HttpEntityMethodProcessor - Using 'application/json', given [application/json] and supported [application/json, application/*+json, application/yaml]
2025-10-12 19:27:46 [http-nio-8081-exec-5] DEBUG o.s.w.s.m.m.a.HttpEntityMethodProcessor - Writing [Page 1 of 1 containing com.middleware.backend.kaotocamel.dto.IntegratedApiDto instances]
2025-10-12 19:27:46 [http-nio-8081-exec-5] DEBUG o.s.web.servlet.DispatcherServlet - Completed 200 OK
2025-10-12 19:27:46 [http-nio-8081-exec-5] DEBUG o.a.camel.spring.SpringCamelContext - onApplicationEvent: ServletRequestHandledEvent: url=[/api/integrated-apis]; client=[0:0:0:0:0:0:0:1]; method=[GET]; status=[200]; servlet=[dispatcherServlet]; session=[null]; user=[admin@mail.com]; time=[85ms]
2025-10-12 19:27:46 [http-nio-8081-exec-5] DEBUG o.s.w.f.CommonsRequestLoggingFilter - After request [GET /api/integrated-apis?page=0&size=10, client=0:0:0:0:0:0:0:1, user=admin@mail.com]
2025-10-12 19:27:46 [http-nio-8081-exec-2] DEBUG o.s.w.s.m.m.a.HttpEntityMethodProcessor - Using 'application/json', given [application/json] and supported [application/json, application/*+json, application/yaml]
2025-10-12 19:27:46 [http-nio-8081-exec-2] DEBUG o.s.w.s.m.m.a.HttpEntityMethodProcessor - Writing [[DHIS2.2]]
2025-10-12 19:27:46 [http-nio-8081-exec-2] DEBUG o.s.web.servlet.DispatcherServlet - Completed 200 OK
2025-10-12 19:27:46 [http-nio-8081-exec-2] DEBUG o.a.camel.spring.SpringCamelContext - onApplicationEvent: ServletRequestHandledEvent: url=[/api/integrated-apis/systems]; client=[0:0:0:0:0:0:0:1]; method=[GET]; status=[200]; servlet=[dispatcherServlet]; session=[null]; user=[admin@mail.com]; time=[82ms]
2025-10-12 19:27:46 [http-nio-8081-exec-2] DEBUG o.s.w.f.CommonsRequestLoggingFilter - After request [GET /api/integrated-apis/systems, client=0:0:0:0:0:0:0:1, user=admin@mail.com]
2025-10-12 19:27:46 [http-nio-8081-exec-6] DEBUG o.s.w.f.CommonsRequestLoggingFilter - Before request [GET /api/integration-mappings/middleware-apis, client=0:0:0:0:0:0:0:1, user=admin@mail.com]
2025-10-12 19:27:46 [http-nio-8081-exec-6] DEBUG o.s.web.servlet.DispatcherServlet - GET "/api/integration-mappings/middleware-apis", parameters={}
2025-10-12 19:27:46 [http-nio-8081-exec-6] DEBUG o.s.w.s.m.m.a.RequestMappingHandlerMapping - Mapped to com.middleware.backend.kaotocamel.controller.IntegrationMappingAdminController#getMiddlewareApis()
2025-10-12 19:27:46 [http-nio-8081-exec-6] INFO  c.m.b.k.c.IntegrationMappingAdminController - Found 2 distinct middleware APIs
2025-10-12 19:27:46 [http-nio-8081-exec-6] DEBUG o.s.w.s.m.m.a.HttpEntityMethodProcessor - Using 'application/json', given [application/json] and supported [application/json, application/*+json, application/yaml]
2025-10-12 19:27:46 [http-nio-8081-exec-6] DEBUG o.s.w.s.m.m.a.HttpEntityMethodProcessor - Writing [[/healthmap, /healthmapATTR]]
2025-10-12 19:27:46 [http-nio-8081-exec-6] DEBUG o.s.web.servlet.DispatcherServlet - Completed 200 OK
2025-10-12 19:27:46 [http-nio-8081-exec-6] DEBUG o.a.camel.spring.SpringCamelContext - onApplicationEvent: ServletRequestHandledEvent: url=[/api/integration-mappings/middleware-apis]; client=[0:0:0:0:0:0:0:1]; method=[GET]; status=[200]; servlet=[dispatcherServlet]; session=[null]; user=[admin@mail.com]; time=[66ms]
2025-10-12 19:27:46 [http-nio-8081-exec-6] DEBUG o.s.w.f.CommonsRequestLoggingFilter - After request [GET /api/integration-mappings/middleware-apis, client=0:0:0:0:0:0:0:1, user=admin@mail.com]
2025-10-12 19:28:08 [scheduling-1] INFO  c.m.b.k.service.DynamicRouteService - Starting route status sync with Camel context
2025-10-12 19:28:08 [scheduling-1] INFO  c.m.b.k.service.DynamicRouteService - Completed route status sync
2025-10-12 19:28:38 [scheduling-1] INFO  c.m.b.k.service.DynamicRouteService - Starting route status sync with Camel context
2025-10-12 19:28:38 [scheduling-1] INFO  c.m.b.k.service.DynamicRouteService - Completed route status sync
2025-10-12 19:28:47 [http-nio-8081-exec-3] INFO  c.m.b.k.service.DynamicRouteService - Fetching active routes with pagination
2025-10-12 19:28:48 [http-nio-8081-exec-3] DEBUG o.s.w.f.CommonsRequestLoggingFilter - Before request [POST /api/integration-mappings/import-excel, client=0:0:0:0:0:0:0:1, user=admin@mail.com]
2025-10-12 19:28:48 [http-nio-8081-exec-3] DEBUG o.s.web.servlet.DispatcherServlet - POST "/api/integration-mappings/import-excel", parameters={multipart}
2025-10-12 19:28:48 [http-nio-8081-exec-3] DEBUG o.s.w.s.m.m.a.RequestMappingHandlerMapping - Mapped to com.middleware.backend.kaotocamel.controller.IntegrationMappingAdminController#importFromExcel(MultipartFile, boolean)
2025-10-12 19:28:48 [http-nio-8081-exec-3] INFO  c.m.b.k.s.IntegrationMappingService - Processing 11 data rows from Excel (updateExisting=true)
2025-10-12 19:28:48 [http-nio-8081-exec-3] ERROR c.m.b.k.s.IntegrationMappingService - Unexpected error processing row 2: Query did not return a unique result: 2 results were returned
org.springframework.dao.IncorrectResultSizeDataAccessException: Query did not return a unique result: 2 results were returned
	at org.springframework.orm.jpa.vendor.HibernateJpaDialect.convertHibernateAccessException(HibernateJpaDialect.java:301)
	at org.springframework.orm.jpa.vendor.HibernateJpaDialect.translateExceptionIfPossible(HibernateJpaDialect.java:244)
	at org.springframework.orm.jpa.AbstractEntityManagerFactoryBean.translateExceptionIfPossible(AbstractEntityManagerFactoryBean.java:560)
	at org.springframework.dao.support.ChainedPersistenceExceptionTranslator.translateExceptionIfPossible(ChainedPersistenceExceptionTranslator.java:61)
	at org.springframework.dao.support.DataAccessUtils.translateIfNecessary(DataAccessUtils.java:343)
	at org.springframework.dao.support.PersistenceExceptionTranslationInterceptor.invoke(PersistenceExceptionTranslationInterceptor.java:160)
	at org.springframework.aop.framework.ReflectiveMethodInvocation.proceed(ReflectiveMethodInvocation.java:184)
	at org.springframework.data.jpa.repository.support.CrudMethodMetadataPostProcessor$CrudMethodMetadataPopulatingMethodInterceptor.invoke(CrudMethodMetadataPostProcessor.java:136)
	at org.springframework.aop.framework.ReflectiveMethodInvocation.proceed(ReflectiveMethodInvocation.java:184)
	at org.springframework.aop.framework.JdkDynamicAopProxy.invoke(JdkDynamicAopProxy.java:223)
	at jdk.proxy2/jdk.proxy2.$Proxy229.findByMiddlewareApiNameAndExternalKey(Unknown Source)
	at com.middleware.backend.kaotocamel.service.IntegrationMappingService.importFromExcel(IntegrationMappingService.java:208)
	at java.base/jdk.internal.reflect.DirectMethodHandleAccessor.invoke(DirectMethodHandleAccessor.java:103)
	at java.base/java.lang.reflect.Method.invoke(Method.java:580)
	at org.springframework.aop.support.AopUtils.invokeJoinpointUsingReflection(AopUtils.java:359)
	at org.springframework.aop.framework.ReflectiveMethodInvocation.invokeJoinpoint(ReflectiveMethodInvocation.java:196)
	at org.springframework.aop.framework.ReflectiveMethodInvocation.proceed(ReflectiveMethodInvocation.java:163)
	at org.springframework.transaction.interceptor.TransactionAspectSupport.invokeWithinTransaction(TransactionAspectSupport.java:380)
	at org.springframework.transaction.interceptor.TransactionInterceptor.invoke(TransactionInterceptor.java:119)
	at org.springframework.aop.framework.ReflectiveMethodInvocation.proceed(ReflectiveMethodInvocation.java:184)
	at org.springframework.aop.framework.CglibAopProxy$DynamicAdvisedInterceptor.intercept(CglibAopProxy.java:727)
	at com.middleware.backend.kaotocamel.service.IntegrationMappingService$$SpringCGLIB$$0.importFromExcel(<generated>)
	at com.middleware.backend.kaotocamel.controller.IntegrationMappingAdminController.importFromExcel(IntegrationMappingAdminController.java:78)
	at java.base/jdk.internal.reflect.DirectMethodHandleAccessor.invoke(DirectMethodHandleAccessor.java:103)
	at java.base/java.lang.reflect.Method.invoke(Method.java:580)
	at org.springframework.aop.support.AopUtils.invokeJoinpointUsingReflection(AopUtils.java:359)
	at org.springframework.aop.framework.ReflectiveMethodInvocation.invokeJoinpoint(ReflectiveMethodInvocation.java:196)
	at org.springframework.aop.framework.ReflectiveMethodInvocation.proceed(ReflectiveMethodInvocation.java:163)
	at org.springframework.security.authorization.method.AuthorizationManagerBeforeMethodInterceptor.proceed(AuthorizationManagerBeforeMethodInterceptor.java:268)
	at org.springframework.security.authorization.method.AuthorizationManagerBeforeMethodInterceptor.attemptAuthorization(AuthorizationManagerBeforeMethodInterceptor.java:263)
	at org.springframework.security.authorization.method.AuthorizationManagerBeforeMethodInterceptor.invoke(AuthorizationManagerBeforeMethodInterceptor.java:196)
	at org.springframework.security.config.annotation.method.configuration.DeferringMethodInterceptor.invoke(DeferringMethodInterceptor.java:44)
	at org.springframework.aop.framework.ReflectiveMethodInvocation.proceed(ReflectiveMethodInvocation.java:184)
	at org.springframework.aop.framework.CglibAopProxy$DynamicAdvisedInterceptor.intercept(CglibAopProxy.java:727)
	at com.middleware.backend.kaotocamel.controller.IntegrationMappingAdminController$$SpringCGLIB$$0.importFromExcel(<generated>)
	at java.base/jdk.internal.reflect.DirectMethodHandleAccessor.invoke(DirectMethodHandleAccessor.java:103)
	at java.base/java.lang.reflect.Method.invoke(Method.java:580)
	at org.springframework.web.method.support.InvocableHandlerMethod.doInvoke(InvocableHandlerMethod.java:258)
	at org.springframework.web.method.support.InvocableHandlerMethod.invokeForRequest(InvocableHandlerMethod.java:191)
	at org.springframework.web.servlet.mvc.method.annotation.ServletInvocableHandlerMethod.invokeAndHandle(ServletInvocableHandlerMethod.java:118)
	at org.springframework.web.servlet.mvc.method.annotation.RequestMappingHandlerAdapter.invokeHandlerMethod(RequestMappingHandlerAdapter.java:986)
	at org.springframework.web.servlet.mvc.method.annotation.RequestMappingHandlerAdapter.handleInternal(RequestMappingHandlerAdapter.java:891)
	at org.springframework.web.servlet.mvc.method.AbstractHandlerMethodAdapter.handle(AbstractHandlerMethodAdapter.java:87)
	at org.springframework.web.servlet.DispatcherServlet.doDispatch(DispatcherServlet.java:1089)
	at org.springframework.web.servlet.DispatcherServlet.doService(DispatcherServlet.java:979)
	at org.springframework.web.servlet.FrameworkServlet.processRequest(FrameworkServlet.java:1014)
	at org.springframework.web.servlet.FrameworkServlet.doPost(FrameworkServlet.java:914)
	at jakarta.servlet.http.HttpServlet.service(HttpServlet.java:590)
	at org.springframework.web.servlet.FrameworkServlet.service(FrameworkServlet.java:885)
	at jakarta.servlet.http.HttpServlet.service(HttpServlet.java:658)
	at org.apache.catalina.core.ApplicationFilterChain.internalDoFilter(ApplicationFilterChain.java:195)
	at org.apache.catalina.core.ApplicationFilterChain.doFilter(ApplicationFilterChain.java:140)
	at org.apache.tomcat.websocket.server.WsFilter.doFilter(WsFilter.java:51)
	at org.apache.catalina.core.ApplicationFilterChain.internalDoFilter(ApplicationFilterChain.java:164)
	at org.apache.catalina.core.ApplicationFilterChain.doFilter(ApplicationFilterChain.java:140)
	at org.springframework.web.filter.AbstractRequestLoggingFilter.doFilterInternal(AbstractRequestLoggingFilter.java:289)
	at org.springframework.web.filter.OncePerRequestFilter.doFilter(OncePerRequestFilter.java:116)
	at org.apache.catalina.core.ApplicationFilterChain.internalDoFilter(ApplicationFilterChain.java:164)
	at org.apache.catalina.core.ApplicationFilterChain.doFilter(ApplicationFilterChain.java:140)
	at org.springframework.web.filter.OncePerRequestFilter.doFilter(OncePerRequestFilter.java:110)
	at org.apache.catalina.core.ApplicationFilterChain.internalDoFilter(ApplicationFilterChain.java:164)
	at org.apache.catalina.core.ApplicationFilterChain.doFilter(ApplicationFilterChain.java:140)
	at com.middleware.backend.throttling.config.GlobalRateLimitFilter.doFilter(GlobalRateLimitFilter.java:169)
	at org.apache.catalina.core.ApplicationFilterChain.internalDoFilter(ApplicationFilterChain.java:164)
	at org.apache.catalina.core.ApplicationFilterChain.doFilter(ApplicationFilterChain.java:140)
	at com.middleware.backend.audit_logs_interceptor.config.RequestLoggingFilter.doFilter(RequestLoggingFilter.java:71)
	at org.apache.catalina.core.ApplicationFilterChain.internalDoFilter(ApplicationFilterChain.java:164)
	at org.apache.catalina.core.ApplicationFilterChain.doFilter(ApplicationFilterChain.java:140)
	at org.springframework.web.filter.CompositeFilter$VirtualFilterChain.doFilter(CompositeFilter.java:108)
	at org.springframework.security.web.FilterChainProxy.lambda$doFilterInternal$3(FilterChainProxy.java:231)
	at org.springframework.security.web.ObservationFilterChainDecorator$FilterObservation$SimpleFilterObservation.lambda$wrap$1(ObservationFilterChainDecorator.java:479)
	at org.springframework.security.web.ObservationFilterChainDecorator$AroundFilterObservation$SimpleAroundFilterObservation.lambda$wrap$1(ObservationFilterChainDecorator.java:340)
	at org.springframework.security.web.ObservationFilterChainDecorator.lambda$wrapSecured$0(ObservationFilterChainDecorator.java:82)
	at org.springframework.security.web.ObservationFilterChainDecorator$VirtualFilterChain.doFilter(ObservationFilterChainDecorator.java:128)
	at org.springframework.security.web.access.intercept.AuthorizationFilter.doFilter(AuthorizationFilter.java:101)
	at org.springframework.security.web.ObservationFilterChainDecorator$ObservationFilter.wrapFilter(ObservationFilterChainDecorator.java:240)
	at org.springframework.security.web.ObservationFilterChainDecorator$ObservationFilter.doFilter(ObservationFilterChainDecorator.java:227)
	at org.springframework.security.web.ObservationFilterChainDecorator$VirtualFilterChain.doFilter(ObservationFilterChainDecorator.java:137)
	at org.springframework.security.web.access.ExceptionTranslationFilter.doFilter(ExceptionTranslationFilter.java:126)
	at org.springframework.security.web.access.ExceptionTranslationFilter.doFilter(ExceptionTranslationFilter.java:120)
	at org.springframework.security.web.ObservationFilterChainDecorator$ObservationFilter.wrapFilter(ObservationFilterChainDecorator.java:240)
	at org.springframework.security.web.ObservationFilterChainDecorator$ObservationFilter.doFilter(ObservationFilterChainDecorator.java:227)
	at org.springframework.security.web.ObservationFilterChainDecorator$VirtualFilterChain.doFilter(ObservationFilterChainDecorator.java:137)
	at org.springframework.security.web.session.SessionManagementFilter.doFilter(SessionManagementFilter.java:131)
	at org.springframework.security.web.session.SessionManagementFilter.doFilter(SessionManagementFilter.java:85)
	at org.springframework.security.web.ObservationFilterChainDecorator$ObservationFilter.wrapFilter(ObservationFilterChainDecorator.java:240)
	at org.springframework.security.web.ObservationFilterChainDecorator$ObservationFilter.doFilter(ObservationFilterChainDecorator.java:227)
	at org.springframework.security.web.ObservationFilterChainDecorator$VirtualFilterChain.doFilter(ObservationFilterChainDecorator.java:137)
	at org.springframework.security.web.authentication.AnonymousAuthenticationFilter.doFilter(AnonymousAuthenticationFilter.java:100)
	at org.springframework.security.web.ObservationFilterChainDecorator$ObservationFilter.wrapFilter(ObservationFilterChainDecorator.java:240)
	at org.springframework.security.web.ObservationFilterChainDecorator$ObservationFilter.doFilter(ObservationFilterChainDecorator.java:227)
	at org.springframework.security.web.ObservationFilterChainDecorator$VirtualFilterChain.doFilter(ObservationFilterChainDecorator.java:137)
	at org.springframework.security.web.servletapi.SecurityContextHolderAwareRequestFilter.doFilter(SecurityContextHolderAwareRequestFilter.java:179)
	at org.springframework.security.web.ObservationFilterChainDecorator$ObservationFilter.wrapFilter(ObservationFilterChainDecorator.java:240)
	at org.springframework.security.web.ObservationFilterChainDecorator$ObservationFilter.doFilter(ObservationFilterChainDecorator.java:227)
	at org.springframework.security.web.ObservationFilterChainDecorator$VirtualFilterChain.doFilter(ObservationFilterChainDecorator.java:137)
	at org.springframework.security.web.savedrequest.RequestCacheAwareFilter.doFilter(RequestCacheAwareFilter.java:63)
	at org.springframework.security.web.ObservationFilterChainDecorator$ObservationFilter.wrapFilter(ObservationFilterChainDecorator.java:240)
	at org.springframework.security.web.ObservationFilterChainDecorator$ObservationFilter.doFilter(ObservationFilterChainDecorator.java:227)
	at org.springframework.security.web.ObservationFilterChainDecorator$VirtualFilterChain.doFilter(ObservationFilterChainDecorator.java:137)
	at com.middleware.backend.users.config.JwtRequestFilter.doFilterInternal(JwtRequestFilter.java:120)
	at org.springframework.web.filter.OncePerRequestFilter.doFilter(OncePerRequestFilter.java:116)
	at org.springframework.security.web.ObservationFilterChainDecorator$ObservationFilter.wrapFilter(ObservationFilterChainDecorator.java:240)
	at org.springframework.security.web.ObservationFilterChainDecorator$ObservationFilter.doFilter(ObservationFilterChainDecorator.java:227)
	at org.springframework.security.web.ObservationFilterChainDecorator$VirtualFilterChain.doFilter(ObservationFilterChainDecorator.java:137)
	at org.springframework.security.web.authentication.logout.LogoutFilter.doFilter(LogoutFilter.java:107)
	at org.springframework.security.web.authentication.logout.LogoutFilter.doFilter(LogoutFilter.java:93)
	at org.springframework.security.web.ObservationFilterChainDecorator$ObservationFilter.wrapFilter(ObservationFilterChainDecorator.java:240)
	at org.springframework.security.web.ObservationFilterChainDecorator$ObservationFilter.doFilter(ObservationFilterChainDecorator.java:227)
	at org.springframework.security.web.ObservationFilterChainDecorator$VirtualFilterChain.doFilter(ObservationFilterChainDecorator.java:137)
	at org.springframework.web.filter.CorsFilter.doFilterInternal(CorsFilter.java:91)
	at org.springframework.web.filter.OncePerRequestFilter.doFilter(OncePerRequestFilter.java:116)
	at org.springframework.security.web.ObservationFilterChainDecorator$ObservationFilter.wrapFilter(ObservationFilterChainDecorator.java:240)
	at org.springframework.security.web.ObservationFilterChainDecorator$ObservationFilter.doFilter(ObservationFilterChainDecorator.java:227)
	at org.springframework.security.web.ObservationFilterChainDecorator$VirtualFilterChain.doFilter(ObservationFilterChainDecorator.java:137)
	at org.springframework.security.web.header.HeaderWriterFilter.doHeadersAfter(HeaderWriterFilter.java:90)
	at org.springframework.security.web.header.HeaderWriterFilter.doFilterInternal(HeaderWriterFilter.java:75)
	at org.springframework.web.filter.OncePerRequestFilter.doFilter(OncePerRequestFilter.java:116)
	at org.springframework.security.web.ObservationFilterChainDecorator$ObservationFilter.wrapFilter(ObservationFilterChainDecorator.java:240)
	at org.springframework.security.web.ObservationFilterChainDecorator$ObservationFilter.doFilter(ObservationFilterChainDecorator.java:227)
	at org.springframework.security.web.ObservationFilterChainDecorator$VirtualFilterChain.doFilter(ObservationFilterChainDecorator.java:137)
	at org.springframework.security.web.context.SecurityContextHolderFilter.doFilter(SecurityContextHolderFilter.java:82)
	at org.springframework.security.web.context.SecurityContextHolderFilter.doFilter(SecurityContextHolderFilter.java:69)
	at org.springframework.security.web.ObservationFilterChainDecorator$ObservationFilter.wrapFilter(ObservationFilterChainDecorator.java:240)
	at org.springframework.security.web.ObservationFilterChainDecorator$ObservationFilter.doFilter(ObservationFilterChainDecorator.java:227)
	at org.springframework.security.web.ObservationFilterChainDecorator$VirtualFilterChain.doFilter(ObservationFilterChainDecorator.java:137)
	at org.springframework.security.web.context.request.async.WebAsyncManagerIntegrationFilter.doFilterInternal(WebAsyncManagerIntegrationFilter.java:62)
	at org.springframework.web.filter.OncePerRequestFilter.doFilter(OncePerRequestFilter.java:116)
	at org.springframework.security.web.ObservationFilterChainDecorator$ObservationFilter.wrapFilter(ObservationFilterChainDecorator.java:240)
	at org.springframework.security.web.ObservationFilterChainDecorator$ObservationFilter.doFilter(ObservationFilterChainDecorator.java:227)
	at org.springframework.security.web.ObservationFilterChainDecorator$VirtualFilterChain.doFilter(ObservationFilterChainDecorator.java:137)
	at org.springframework.security.web.session.DisableEncodeUrlFilter.doFilterInternal(DisableEncodeUrlFilter.java:42)
	at org.springframework.web.filter.OncePerRequestFilter.doFilter(OncePerRequestFilter.java:116)
	at org.springframework.security.web.ObservationFilterChainDecorator$ObservationFilter.wrapFilter(ObservationFilterChainDecorator.java:240)
	at org.springframework.security.web.ObservationFilterChainDecorator$AroundFilterObservation$SimpleAroundFilterObservation.lambda$wrap$0(ObservationFilterChainDecorator.java:323)
	at org.springframework.security.web.ObservationFilterChainDecorator$ObservationFilter.doFilter(ObservationFilterChainDecorator.java:224)
	at org.springframework.security.web.ObservationFilterChainDecorator$VirtualFilterChain.doFilter(ObservationFilterChainDecorator.java:137)
	at org.springframework.security.web.FilterChainProxy.doFilterInternal(FilterChainProxy.java:233)
	at org.springframework.security.web.FilterChainProxy.doFilter(FilterChainProxy.java:191)
	at org.springframework.web.filter.CompositeFilter$VirtualFilterChain.doFilter(CompositeFilter.java:113)
	at org.springframework.web.servlet.handler.HandlerMappingIntrospector.lambda$createCacheFilter$3(HandlerMappingIntrospector.java:243)
	at org.springframework.web.filter.CompositeFilter$VirtualFilterChain.doFilter(CompositeFilter.java:113)
	at org.springframework.web.filter.CompositeFilter.doFilter(CompositeFilter.java:74)
	at org.springframework.security.config.annotation.web.configuration.WebMvcSecurityConfiguration$CompositeFilterChainProxy.doFilter(WebMvcSecurityConfiguration.java:238)
	at org.springframework.web.filter.DelegatingFilterProxy.invokeDelegate(DelegatingFilterProxy.java:362)
	at org.springframework.web.filter.DelegatingFilterProxy.doFilter(DelegatingFilterProxy.java:278)
	at org.apache.catalina.core.ApplicationFilterChain.internalDoFilter(ApplicationFilterChain.java:164)
	at org.apache.catalina.core.ApplicationFilterChain.doFilter(ApplicationFilterChain.java:140)
	at org.springframework.web.filter.RequestContextFilter.doFilterInternal(RequestContextFilter.java:100)
	at org.springframework.web.filter.OncePerRequestFilter.doFilter(OncePerRequestFilter.java:116)
	at org.apache.catalina.core.ApplicationFilterChain.internalDoFilter(ApplicationFilterChain.java:164)
	at org.apache.catalina.core.ApplicationFilterChain.doFilter(ApplicationFilterChain.java:140)
	at org.springframework.web.filter.FormContentFilter.doFilterInternal(FormContentFilter.java:93)
	at org.springframework.web.filter.OncePerRequestFilter.doFilter(OncePerRequestFilter.java:116)
	at org.apache.catalina.core.ApplicationFilterChain.internalDoFilter(ApplicationFilterChain.java:164)
	at org.apache.catalina.core.ApplicationFilterChain.doFilter(ApplicationFilterChain.java:140)
	at org.springframework.web.filter.ServerHttpObservationFilter.doFilterInternal(ServerHttpObservationFilter.java:114)
	at org.springframework.web.filter.OncePerRequestFilter.doFilter(OncePerRequestFilter.java:116)
	at org.apache.catalina.core.ApplicationFilterChain.internalDoFilter(ApplicationFilterChain.java:164)
	at org.apache.catalina.core.ApplicationFilterChain.doFilter(ApplicationFilterChain.java:140)
	at org.springframework.web.filter.CharacterEncodingFilter.doFilterInternal(CharacterEncodingFilter.java:201)
	at org.springframework.web.filter.OncePerRequestFilter.doFilter(OncePerRequestFilter.java:116)
	at org.apache.catalina.core.ApplicationFilterChain.internalDoFilter(ApplicationFilterChain.java:164)
	at org.apache.catalina.core.ApplicationFilterChain.doFilter(ApplicationFilterChain.java:140)
	at org.apache.catalina.core.StandardWrapperValve.invoke(StandardWrapperValve.java:167)
	at org.apache.catalina.core.StandardContextValve.invoke(StandardContextValve.java:90)
	at org.apache.catalina.authenticator.AuthenticatorBase.invoke(AuthenticatorBase.java:483)
	at org.apache.catalina.core.StandardHostValve.invoke(StandardHostValve.java:115)
	at org.apache.catalina.valves.ErrorReportValve.invoke(ErrorReportValve.java:93)
	at org.apache.catalina.core.StandardEngineValve.invoke(StandardEngineValve.java:74)
	at org.apache.catalina.connector.CoyoteAdapter.service(CoyoteAdapter.java:344)
	at org.apache.coyote.http11.Http11Processor.service(Http11Processor.java:397)
	at org.apache.coyote.AbstractProcessorLight.process(AbstractProcessorLight.java:63)
	at org.apache.coyote.AbstractProtocol$ConnectionHandler.process(AbstractProtocol.java:905)
	at org.apache.tomcat.util.net.NioEndpoint$SocketProcessor.doRun(NioEndpoint.java:1743)
	at org.apache.tomcat.util.net.SocketProcessorBase.run(SocketProcessorBase.java:52)
	at org.apache.tomcat.util.threads.ThreadPoolExecutor.runWorker(ThreadPoolExecutor.java:1190)
	at org.apache.tomcat.util.threads.ThreadPoolExecutor$Worker.run(ThreadPoolExecutor.java:659)
	at org.apache.tomcat.util.threads.TaskThread$WrappingRunnable.run(TaskThread.java:63)
	at java.base/java.lang.Thread.run(Thread.java:1575)
Caused by: org.hibernate.NonUniqueResultException: Query did not return a unique result: 2 results were returned
	at org.hibernate.query.spi.AbstractSelectionQuery.uniqueElement(AbstractSelectionQuery.java:298)
	at org.hibernate.query.spi.AbstractSelectionQuery.getSingleResult(AbstractSelectionQuery.java:281)
	at org.springframework.data.jpa.repository.query.JpaQueryExecution$SingleEntityExecution.doExecute(JpaQueryExecution.java:224)
	at org.springframework.data.jpa.repository.query.JpaQueryExecution.execute(JpaQueryExecution.java:93)
	at org.springframework.data.jpa.repository.query.AbstractJpaQuery.doExecute(AbstractJpaQuery.java:152)
	at org.springframework.data.jpa.repository.query.AbstractJpaQuery.execute(AbstractJpaQuery.java:140)
	at org.springframework.data.repository.core.support.RepositoryMethodInvoker.doInvoke(RepositoryMethodInvoker.java:170)
	at org.springframework.data.repository.core.support.RepositoryMethodInvoker.invoke(RepositoryMethodInvoker.java:158)
	at org.springframework.data.repository.core.support.QueryExecutorMethodInterceptor.doInvoke(QueryExecutorMethodInterceptor.java:170)
	at org.springframework.data.repository.core.support.QueryExecutorMethodInterceptor.invoke(QueryExecutorMethodInterceptor.java:149)
	at org.springframework.aop.framework.ReflectiveMethodInvocation.proceed(ReflectiveMethodInvocation.java:184)
	at org.springframework.data.projection.DefaultMethodInvokingMethodInterceptor.invoke(DefaultMethodInvokingMethodInterceptor.java:69)
	at org.springframework.aop.framework.ReflectiveMethodInvocation.proceed(ReflectiveMethodInvocation.java:184)
	at org.springframework.transaction.interceptor.TransactionAspectSupport.invokeWithinTransaction(TransactionAspectSupport.java:380)
	at org.springframework.transaction.interceptor.TransactionInterceptor.invoke(TransactionInterceptor.java:119)
	at org.springframework.aop.framework.ReflectiveMethodInvocation.proceed(ReflectiveMethodInvocation.java:184)
	at org.springframework.dao.support.PersistenceExceptionTranslationInterceptor.invoke(PersistenceExceptionTranslationInterceptor.java:138)
	... 174 common frames omitted
2025-10-12 19:28:48 [http-nio-8081-exec-3] INFO  c.m.b.k.s.IntegrationMappingService - Updating integration mapping: 10
2025-10-12 19:28:48 [http-nio-8081-exec-3] INFO  c.m.b.k.s.IntegrationMappingService - Updated integration mapping: 10
2025-10-12 19:28:48 [http-nio-8081-exec-3] INFO  c.m.b.k.s.IntegrationMappingService - Row 3: Updated existing mapping - API: '/healthmapATTR', Key: 'المشافي البيان الشهري الدخول إناث'
2025-10-12 19:28:48 [http-nio-8081-exec-3] ERROR c.m.b.k.s.IntegrationMappingService - Unexpected error processing row 4: Query did not return a unique result: 2 results were returned
org.springframework.dao.IncorrectResultSizeDataAccessException: Query did not return a unique result: 2 results were returned
	at org.springframework.orm.jpa.vendor.HibernateJpaDialect.convertHibernateAccessException(HibernateJpaDialect.java:301)
	at org.springframework.orm.jpa.vendor.HibernateJpaDialect.translateExceptionIfPossible(HibernateJpaDialect.java:244)
	at org.springframework.orm.jpa.AbstractEntityManagerFactoryBean.translateExceptionIfPossible(AbstractEntityManagerFactoryBean.java:560)
	at org.springframework.dao.support.ChainedPersistenceExceptionTranslator.translateExceptionIfPossible(ChainedPersistenceExceptionTranslator.java:61)
	at org.springframework.dao.support.DataAccessUtils.translateIfNecessary(DataAccessUtils.java:343)
	at org.springframework.dao.support.PersistenceExceptionTranslationInterceptor.invoke(PersistenceExceptionTranslationInterceptor.java:160)
	at org.springframework.aop.framework.ReflectiveMethodInvocation.proceed(ReflectiveMethodInvocation.java:184)
	at org.springframework.data.jpa.repository.support.CrudMethodMetadataPostProcessor$CrudMethodMetadataPopulatingMethodInterceptor.invoke(CrudMethodMetadataPostProcessor.java:136)
	at org.springframework.aop.framework.ReflectiveMethodInvocation.proceed(ReflectiveMethodInvocation.java:184)
	at org.springframework.aop.framework.JdkDynamicAopProxy.invoke(JdkDynamicAopProxy.java:223)
	at jdk.proxy2/jdk.proxy2.$Proxy229.findByMiddlewareApiNameAndExternalKey(Unknown Source)
	at com.middleware.backend.kaotocamel.service.IntegrationMappingService.importFromExcel(IntegrationMappingService.java:208)
	at java.base/jdk.internal.reflect.DirectMethodHandleAccessor.invoke(DirectMethodHandleAccessor.java:103)
	at java.base/java.lang.reflect.Method.invoke(Method.java:580)
	at org.springframework.aop.support.AopUtils.invokeJoinpointUsingReflection(AopUtils.java:359)
	at org.springframework.aop.framework.ReflectiveMethodInvocation.invokeJoinpoint(ReflectiveMethodInvocation.java:196)
	at org.springframework.aop.framework.ReflectiveMethodInvocation.proceed(ReflectiveMethodInvocation.java:163)
	at org.springframework.transaction.interceptor.TransactionAspectSupport.invokeWithinTransaction(TransactionAspectSupport.java:380)
	at org.springframework.transaction.interceptor.TransactionInterceptor.invoke(TransactionInterceptor.java:119)
	at org.springframework.aop.framework.ReflectiveMethodInvocation.proceed(ReflectiveMethodInvocation.java:184)
	at org.springframework.aop.framework.CglibAopProxy$DynamicAdvisedInterceptor.intercept(CglibAopProxy.java:727)
	at com.middleware.backend.kaotocamel.service.IntegrationMappingService$$SpringCGLIB$$0.importFromExcel(<generated>)
	at com.middleware.backend.kaotocamel.controller.IntegrationMappingAdminController.importFromExcel(IntegrationMappingAdminController.java:78)
	at java.base/jdk.internal.reflect.DirectMethodHandleAccessor.invoke(DirectMethodHandleAccessor.java:103)
	at java.base/java.lang.reflect.Method.invoke(Method.java:580)
	at org.springframework.aop.support.AopUtils.invokeJoinpointUsingReflection(AopUtils.java:359)
	at org.springframework.aop.framework.ReflectiveMethodInvocation.invokeJoinpoint(ReflectiveMethodInvocation.java:196)
	at org.springframework.aop.framework.ReflectiveMethodInvocation.proceed(ReflectiveMethodInvocation.java:163)
	at org.springframework.security.authorization.method.AuthorizationManagerBeforeMethodInterceptor.proceed(AuthorizationManagerBeforeMethodInterceptor.java:268)
	at org.springframework.security.authorization.method.AuthorizationManagerBeforeMethodInterceptor.attemptAuthorization(AuthorizationManagerBeforeMethodInterceptor.java:263)
	at org.springframework.security.authorization.method.AuthorizationManagerBeforeMethodInterceptor.invoke(AuthorizationManagerBeforeMethodInterceptor.java:196)
	at org.springframework.security.config.annotation.method.configuration.DeferringMethodInterceptor.invoke(DeferringMethodInterceptor.java:44)
	at org.springframework.aop.framework.ReflectiveMethodInvocation.proceed(ReflectiveMethodInvocation.java:184)
	at org.springframework.aop.framework.CglibAopProxy$DynamicAdvisedInterceptor.intercept(CglibAopProxy.java:727)
	at com.middleware.backend.kaotocamel.controller.IntegrationMappingAdminController$$SpringCGLIB$$0.importFromExcel(<generated>)
	at java.base/jdk.internal.reflect.DirectMethodHandleAccessor.invoke(DirectMethodHandleAccessor.java:103)
	at java.base/java.lang.reflect.Method.invoke(Method.java:580)
	at org.springframework.web.method.support.InvocableHandlerMethod.doInvoke(InvocableHandlerMethod.java:258)
	at org.springframework.web.method.support.InvocableHandlerMethod.invokeForRequest(InvocableHandlerMethod.java:191)
	at org.springframework.web.servlet.mvc.method.annotation.ServletInvocableHandlerMethod.invokeAndHandle(ServletInvocableHandlerMethod.java:118)
	at org.springframework.web.servlet.mvc.method.annotation.RequestMappingHandlerAdapter.invokeHandlerMethod(RequestMappingHandlerAdapter.java:986)
	at org.springframework.web.servlet.mvc.method.annotation.RequestMappingHandlerAdapter.handleInternal(RequestMappingHandlerAdapter.java:891)
	at org.springframework.web.servlet.mvc.method.AbstractHandlerMethodAdapter.handle(AbstractHandlerMethodAdapter.java:87)
	at org.springframework.web.servlet.DispatcherServlet.doDispatch(DispatcherServlet.java:1089)
	at org.springframework.web.servlet.DispatcherServlet.doService(DispatcherServlet.java:979)
	at org.springframework.web.servlet.FrameworkServlet.processRequest(FrameworkServlet.java:1014)
	at org.springframework.web.servlet.FrameworkServlet.doPost(FrameworkServlet.java:914)
	at jakarta.servlet.http.HttpServlet.service(HttpServlet.java:590)
	at org.springframework.web.servlet.FrameworkServlet.service(FrameworkServlet.java:885)
	at jakarta.servlet.http.HttpServlet.service(HttpServlet.java:658)
	at org.apache.catalina.core.ApplicationFilterChain.internalDoFilter(ApplicationFilterChain.java:195)
	at org.apache.catalina.core.ApplicationFilterChain.doFilter(ApplicationFilterChain.java:140)
	at org.apache.tomcat.websocket.server.WsFilter.doFilter(WsFilter.java:51)
	at org.apache.catalina.core.ApplicationFilterChain.internalDoFilter(ApplicationFilterChain.java:164)
	at org.apache.catalina.core.ApplicationFilterChain.doFilter(ApplicationFilterChain.java:140)
	at org.springframework.web.filter.AbstractRequestLoggingFilter.doFilterInternal(AbstractRequestLoggingFilter.java:289)
	at org.springframework.web.filter.OncePerRequestFilter.doFilter(OncePerRequestFilter.java:116)
	at org.apache.catalina.core.ApplicationFilterChain.internalDoFilter(ApplicationFilterChain.java:164)
	at org.apache.catalina.core.ApplicationFilterChain.doFilter(ApplicationFilterChain.java:140)
	at org.springframework.web.filter.OncePerRequestFilter.doFilter(OncePerRequestFilter.java:110)
	at org.apache.catalina.core.ApplicationFilterChain.internalDoFilter(ApplicationFilterChain.java:164)
	at org.apache.catalina.core.ApplicationFilterChain.doFilter(ApplicationFilterChain.java:140)
	at com.middleware.backend.throttling.config.GlobalRateLimitFilter.doFilter(GlobalRateLimitFilter.java:169)
	at org.apache.catalina.core.ApplicationFilterChain.internalDoFilter(ApplicationFilterChain.java:164)
	at org.apache.catalina.core.ApplicationFilterChain.doFilter(ApplicationFilterChain.java:140)
	at com.middleware.backend.audit_logs_interceptor.config.RequestLoggingFilter.doFilter(RequestLoggingFilter.java:71)
	at org.apache.catalina.core.ApplicationFilterChain.internalDoFilter(ApplicationFilterChain.java:164)
	at org.apache.catalina.core.ApplicationFilterChain.doFilter(ApplicationFilterChain.java:140)
	at org.springframework.web.filter.CompositeFilter$VirtualFilterChain.doFilter(CompositeFilter.java:108)
	at org.springframework.security.web.FilterChainProxy.lambda$doFilterInternal$3(FilterChainProxy.java:231)
	at org.springframework.security.web.ObservationFilterChainDecorator$FilterObservation$SimpleFilterObservation.lambda$wrap$1(ObservationFilterChainDecorator.java:479)
	at org.springframework.security.web.ObservationFilterChainDecorator$AroundFilterObservation$SimpleAroundFilterObservation.lambda$wrap$1(ObservationFilterChainDecorator.java:340)
	at org.springframework.security.web.ObservationFilterChainDecorator.lambda$wrapSecured$0(ObservationFilterChainDecorator.java:82)
	at org.springframework.security.web.ObservationFilterChainDecorator$VirtualFilterChain.doFilter(ObservationFilterChainDecorator.java:128)
	at org.springframework.security.web.access.intercept.AuthorizationFilter.doFilter(AuthorizationFilter.java:101)
	at org.springframework.security.web.ObservationFilterChainDecorator$ObservationFilter.wrapFilter(ObservationFilterChainDecorator.java:240)
	at org.springframework.security.web.ObservationFilterChainDecorator$ObservationFilter.doFilter(ObservationFilterChainDecorator.java:227)
	at org.springframework.security.web.ObservationFilterChainDecorator$VirtualFilterChain.doFilter(ObservationFilterChainDecorator.java:137)
	at org.springframework.security.web.access.ExceptionTranslationFilter.doFilter(ExceptionTranslationFilter.java:126)
	at org.springframework.security.web.access.ExceptionTranslationFilter.doFilter(ExceptionTranslationFilter.java:120)
	at org.springframework.security.web.ObservationFilterChainDecorator$ObservationFilter.wrapFilter(ObservationFilterChainDecorator.java:240)
	at org.springframework.security.web.ObservationFilterChainDecorator$ObservationFilter.doFilter(ObservationFilterChainDecorator.java:227)
	at org.springframework.security.web.ObservationFilterChainDecorator$VirtualFilterChain.doFilter(ObservationFilterChainDecorator.java:137)
	at org.springframework.security.web.session.SessionManagementFilter.doFilter(SessionManagementFilter.java:131)
	at org.springframework.security.web.session.SessionManagementFilter.doFilter(SessionManagementFilter.java:85)
	at org.springframework.security.web.ObservationFilterChainDecorator$ObservationFilter.wrapFilter(ObservationFilterChainDecorator.java:240)
	at org.springframework.security.web.ObservationFilterChainDecorator$ObservationFilter.doFilter(ObservationFilterChainDecorator.java:227)
	at org.springframework.security.web.ObservationFilterChainDecorator$VirtualFilterChain.doFilter(ObservationFilterChainDecorator.java:137)
	at org.springframework.security.web.authentication.AnonymousAuthenticationFilter.doFilter(AnonymousAuthenticationFilter.java:100)
	at org.springframework.security.web.ObservationFilterChainDecorator$ObservationFilter.wrapFilter(ObservationFilterChainDecorator.java:240)
	at org.springframework.security.web.ObservationFilterChainDecorator$ObservationFilter.doFilter(ObservationFilterChainDecorator.java:227)
	at org.springframework.security.web.ObservationFilterChainDecorator$VirtualFilterChain.doFilter(ObservationFilterChainDecorator.java:137)
	at org.springframework.security.web.servletapi.SecurityContextHolderAwareRequestFilter.doFilter(SecurityContextHolderAwareRequestFilter.java:179)
	at org.springframework.security.web.ObservationFilterChainDecorator$ObservationFilter.wrapFilter(ObservationFilterChainDecorator.java:240)
	at org.springframework.security.web.ObservationFilterChainDecorator$ObservationFilter.doFilter(ObservationFilterChainDecorator.java:227)
	at org.springframework.security.web.ObservationFilterChainDecorator$VirtualFilterChain.doFilter(ObservationFilterChainDecorator.java:137)
	at org.springframework.security.web.savedrequest.RequestCacheAwareFilter.doFilter(RequestCacheAwareFilter.java:63)
	at org.springframework.security.web.ObservationFilterChainDecorator$ObservationFilter.wrapFilter(ObservationFilterChainDecorator.java:240)
	at org.springframework.security.web.ObservationFilterChainDecorator$ObservationFilter.doFilter(ObservationFilterChainDecorator.java:227)
	at org.springframework.security.web.ObservationFilterChainDecorator$VirtualFilterChain.doFilter(ObservationFilterChainDecorator.java:137)
	at com.middleware.backend.users.config.JwtRequestFilter.doFilterInternal(JwtRequestFilter.java:120)
	at org.springframework.web.filter.OncePerRequestFilter.doFilter(OncePerRequestFilter.java:116)
	at org.springframework.security.web.ObservationFilterChainDecorator$ObservationFilter.wrapFilter(ObservationFilterChainDecorator.java:240)
	at org.springframework.security.web.ObservationFilterChainDecorator$ObservationFilter.doFilter(ObservationFilterChainDecorator.java:227)
	at org.springframework.security.web.ObservationFilterChainDecorator$VirtualFilterChain.doFilter(ObservationFilterChainDecorator.java:137)
	at org.springframework.security.web.authentication.logout.LogoutFilter.doFilter(LogoutFilter.java:107)
	at org.springframework.security.web.authentication.logout.LogoutFilter.doFilter(LogoutFilter.java:93)
	at org.springframework.security.web.ObservationFilterChainDecorator$ObservationFilter.wrapFilter(ObservationFilterChainDecorator.java:240)
	at org.springframework.security.web.ObservationFilterChainDecorator$ObservationFilter.doFilter(ObservationFilterChainDecorator.java:227)
	at org.springframework.security.web.ObservationFilterChainDecorator$VirtualFilterChain.doFilter(ObservationFilterChainDecorator.java:137)
	at org.springframework.web.filter.CorsFilter.doFilterInternal(CorsFilter.java:91)
	at org.springframework.web.filter.OncePerRequestFilter.doFilter(OncePerRequestFilter.java:116)
	at org.springframework.security.web.ObservationFilterChainDecorator$ObservationFilter.wrapFilter(ObservationFilterChainDecorator.java:240)
	at org.springframework.security.web.ObservationFilterChainDecorator$ObservationFilter.doFilter(ObservationFilterChainDecorator.java:227)
	at org.springframework.security.web.ObservationFilterChainDecorator$VirtualFilterChain.doFilter(ObservationFilterChainDecorator.java:137)
	at org.springframework.security.web.header.HeaderWriterFilter.doHeadersAfter(HeaderWriterFilter.java:90)
	at org.springframework.security.web.header.HeaderWriterFilter.doFilterInternal(HeaderWriterFilter.java:75)
	at org.springframework.web.filter.OncePerRequestFilter.doFilter(OncePerRequestFilter.java:116)
	at org.springframework.security.web.ObservationFilterChainDecorator$ObservationFilter.wrapFilter(ObservationFilterChainDecorator.java:240)
	at org.springframework.security.web.ObservationFilterChainDecorator$ObservationFilter.doFilter(ObservationFilterChainDecorator.java:227)
	at org.springframework.security.web.ObservationFilterChainDecorator$VirtualFilterChain.doFilter(ObservationFilterChainDecorator.java:137)
	at org.springframework.security.web.context.SecurityContextHolderFilter.doFilter(SecurityContextHolderFilter.java:82)
	at org.springframework.security.web.context.SecurityContextHolderFilter.doFilter(SecurityContextHolderFilter.java:69)
	at org.springframework.security.web.ObservationFilterChainDecorator$ObservationFilter.wrapFilter(ObservationFilterChainDecorator.java:240)
	at org.springframework.security.web.ObservationFilterChainDecorator$ObservationFilter.doFilter(ObservationFilterChainDecorator.java:227)
	at org.springframework.security.web.ObservationFilterChainDecorator$VirtualFilterChain.doFilter(ObservationFilterChainDecorator.java:137)
	at org.springframework.security.web.context.request.async.WebAsyncManagerIntegrationFilter.doFilterInternal(WebAsyncManagerIntegrationFilter.java:62)
	at org.springframework.web.filter.OncePerRequestFilter.doFilter(OncePerRequestFilter.java:116)
	at org.springframework.security.web.ObservationFilterChainDecorator$ObservationFilter.wrapFilter(ObservationFilterChainDecorator.java:240)
	at org.springframework.security.web.ObservationFilterChainDecorator$ObservationFilter.doFilter(ObservationFilterChainDecorator.java:227)
	at org.springframework.security.web.ObservationFilterChainDecorator$VirtualFilterChain.doFilter(ObservationFilterChainDecorator.java:137)
	at org.springframework.security.web.session.DisableEncodeUrlFilter.doFilterInternal(DisableEncodeUrlFilter.java:42)
	at org.springframework.web.filter.OncePerRequestFilter.doFilter(OncePerRequestFilter.java:116)
	at org.springframework.security.web.ObservationFilterChainDecorator$ObservationFilter.wrapFilter(ObservationFilterChainDecorator.java:240)
	at org.springframework.security.web.ObservationFilterChainDecorator$AroundFilterObservation$SimpleAroundFilterObservation.lambda$wrap$0(ObservationFilterChainDecorator.java:323)
	at org.springframework.security.web.ObservationFilterChainDecorator$ObservationFilter.doFilter(ObservationFilterChainDecorator.java:224)
	at org.springframework.security.web.ObservationFilterChainDecorator$VirtualFilterChain.doFilter(ObservationFilterChainDecorator.java:137)
	at org.springframework.security.web.FilterChainProxy.doFilterInternal(FilterChainProxy.java:233)
	at org.springframework.security.web.FilterChainProxy.doFilter(FilterChainProxy.java:191)
	at org.springframework.web.filter.CompositeFilter$VirtualFilterChain.doFilter(CompositeFilter.java:113)
	at org.springframework.web.servlet.handler.HandlerMappingIntrospector.lambda$createCacheFilter$3(HandlerMappingIntrospector.java:243)
	at org.springframework.web.filter.CompositeFilter$VirtualFilterChain.doFilter(CompositeFilter.java:113)
	at org.springframework.web.filter.CompositeFilter.doFilter(CompositeFilter.java:74)
	at org.springframework.security.config.annotation.web.configuration.WebMvcSecurityConfiguration$CompositeFilterChainProxy.doFilter(WebMvcSecurityConfiguration.java:238)
	at org.springframework.web.filter.DelegatingFilterProxy.invokeDelegate(DelegatingFilterProxy.java:362)
	at org.springframework.web.filter.DelegatingFilterProxy.doFilter(DelegatingFilterProxy.java:278)
	at org.apache.catalina.core.ApplicationFilterChain.internalDoFilter(ApplicationFilterChain.java:164)
	at org.apache.catalina.core.ApplicationFilterChain.doFilter(ApplicationFilterChain.java:140)
	at org.springframework.web.filter.RequestContextFilter.doFilterInternal(RequestContextFilter.java:100)
	at org.springframework.web.filter.OncePerRequestFilter.doFilter(OncePerRequestFilter.java:116)
	at org.apache.catalina.core.ApplicationFilterChain.internalDoFilter(ApplicationFilterChain.java:164)
	at org.apache.catalina.core.ApplicationFilterChain.doFilter(ApplicationFilterChain.java:140)
	at org.springframework.web.filter.FormContentFilter.doFilterInternal(FormContentFilter.java:93)
	at org.springframework.web.filter.OncePerRequestFilter.doFilter(OncePerRequestFilter.java:116)
	at org.apache.catalina.core.ApplicationFilterChain.internalDoFilter(ApplicationFilterChain.java:164)
	at org.apache.catalina.core.ApplicationFilterChain.doFilter(ApplicationFilterChain.java:140)
	at org.springframework.web.filter.ServerHttpObservationFilter.doFilterInternal(ServerHttpObservationFilter.java:114)
	at org.springframework.web.filter.OncePerRequestFilter.doFilter(OncePerRequestFilter.java:116)
	at org.apache.catalina.core.ApplicationFilterChain.internalDoFilter(ApplicationFilterChain.java:164)
	at org.apache.catalina.core.ApplicationFilterChain.doFilter(ApplicationFilterChain.java:140)
	at org.springframework.web.filter.CharacterEncodingFilter.doFilterInternal(CharacterEncodingFilter.java:201)
	at org.springframework.web.filter.OncePerRequestFilter.doFilter(OncePerRequestFilter.java:116)
	at org.apache.catalina.core.ApplicationFilterChain.internalDoFilter(ApplicationFilterChain.java:164)
	at org.apache.catalina.core.ApplicationFilterChain.doFilter(ApplicationFilterChain.java:140)
	at org.apache.catalina.core.StandardWrapperValve.invoke(StandardWrapperValve.java:167)
	at org.apache.catalina.core.StandardContextValve.invoke(StandardContextValve.java:90)
	at org.apache.catalina.authenticator.AuthenticatorBase.invoke(AuthenticatorBase.java:483)
	at org.apache.catalina.core.StandardHostValve.invoke(StandardHostValve.java:115)
	at org.apache.catalina.valves.ErrorReportValve.invoke(ErrorReportValve.java:93)
	at org.apache.catalina.core.StandardEngineValve.invoke(StandardEngineValve.java:74)
	at org.apache.catalina.connector.CoyoteAdapter.service(CoyoteAdapter.java:344)
	at org.apache.coyote.http11.Http11Processor.service(Http11Processor.java:397)
	at org.apache.coyote.AbstractProcessorLight.process(AbstractProcessorLight.java:63)
	at org.apache.coyote.AbstractProtocol$ConnectionHandler.process(AbstractProtocol.java:905)
	at org.apache.tomcat.util.net.NioEndpoint$SocketProcessor.doRun(NioEndpoint.java:1743)
	at org.apache.tomcat.util.net.SocketProcessorBase.run(SocketProcessorBase.java:52)
	at org.apache.tomcat.util.threads.ThreadPoolExecutor.runWorker(ThreadPoolExecutor.java:1190)
	at org.apache.tomcat.util.threads.ThreadPoolExecutor$Worker.run(ThreadPoolExecutor.java:659)
	at org.apache.tomcat.util.threads.TaskThread$WrappingRunnable.run(TaskThread.java:63)
	at java.base/java.lang.Thread.run(Thread.java:1575)
Caused by: org.hibernate.NonUniqueResultException: Query did not return a unique result: 2 results were returned
	at org.hibernate.query.spi.AbstractSelectionQuery.uniqueElement(AbstractSelectionQuery.java:298)
	at org.hibernate.query.spi.AbstractSelectionQuery.getSingleResult(AbstractSelectionQuery.java:281)
	at org.springframework.data.jpa.repository.query.JpaQueryExecution$SingleEntityExecution.doExecute(JpaQueryExecution.java:224)
	at org.springframework.data.jpa.repository.query.JpaQueryExecution.execute(JpaQueryExecution.java:93)
	at org.springframework.data.jpa.repository.query.AbstractJpaQuery.doExecute(AbstractJpaQuery.java:152)
	at org.springframework.data.jpa.repository.query.AbstractJpaQuery.execute(AbstractJpaQuery.java:140)
	at org.springframework.data.repository.core.support.RepositoryMethodInvoker.doInvoke(RepositoryMethodInvoker.java:170)
	at org.springframework.data.repository.core.support.RepositoryMethodInvoker.invoke(RepositoryMethodInvoker.java:158)
	at org.springframework.data.repository.core.support.QueryExecutorMethodInterceptor.doInvoke(QueryExecutorMethodInterceptor.java:170)
	at org.springframework.data.repository.core.support.QueryExecutorMethodInterceptor.invoke(QueryExecutorMethodInterceptor.java:149)
	at org.springframework.aop.framework.ReflectiveMethodInvocation.proceed(ReflectiveMethodInvocation.java:184)
	at org.springframework.data.projection.DefaultMethodInvokingMethodInterceptor.invoke(DefaultMethodInvokingMethodInterceptor.java:69)
	at org.springframework.aop.framework.ReflectiveMethodInvocation.proceed(ReflectiveMethodInvocation.java:184)
	at org.springframework.transaction.interceptor.TransactionAspectSupport.invokeWithinTransaction(TransactionAspectSupport.java:380)
	at org.springframework.transaction.interceptor.TransactionInterceptor.invoke(TransactionInterceptor.java:119)
	at org.springframework.aop.framework.ReflectiveMethodInvocation.proceed(ReflectiveMethodInvocation.java:184)
	at org.springframework.dao.support.PersistenceExceptionTranslationInterceptor.invoke(PersistenceExceptionTranslationInterceptor.java:138)
	... 174 common frames omitted
2025-10-12 19:28:48 [http-nio-8081-exec-3] INFO  c.m.b.k.s.IntegrationMappingService - Updating integration mapping: 8
2025-10-12 19:28:48 [http-nio-8081-exec-3] INFO  c.m.b.k.s.IntegrationMappingService - Updated integration mapping: 8
2025-10-12 19:28:48 [http-nio-8081-exec-3] INFO  c.m.b.k.s.IntegrationMappingService - Row 5: Updated existing mapping - API: '/healthmap', Key: 'HI TEST'
2025-10-12 19:28:48 [http-nio-8081-exec-3] INFO  c.m.b.k.s.IntegrationMappingService - Updating integration mapping: 7
2025-10-12 19:28:48 [http-nio-8081-exec-3] INFO  c.m.b.k.s.IntegrationMappingService - Updated integration mapping: 7
2025-10-12 19:28:48 [http-nio-8081-exec-3] INFO  c.m.b.k.s.IntegrationMappingService - Row 6: Updated existing mapping - API: '/healthmap', Key: 'icu_patient_days'
2025-10-12 19:28:48 [http-nio-8081-exec-3] INFO  c.m.b.k.s.IntegrationMappingService - Updating integration mapping: 6
2025-10-12 19:28:48 [http-nio-8081-exec-3] INFO  c.m.b.k.s.IntegrationMappingService - Updated integration mapping: 6
2025-10-12 19:28:48 [http-nio-8081-exec-3] INFO  c.m.b.k.s.IntegrationMappingService - Row 7: Updated existing mapping - API: '/healthmap', Key: 'تست'
2025-10-12 19:28:48 [http-nio-8081-exec-3] INFO  c.m.b.k.s.IntegrationMappingService - Updating integration mapping: 5
2025-10-12 19:28:48 [http-nio-8081-exec-3] INFO  c.m.b.k.s.IntegrationMappingService - Updated integration mapping: 5
2025-10-12 19:28:48 [http-nio-8081-exec-3] INFO  c.m.b.k.s.IntegrationMappingService - Row 8: Updated existing mapping - API: '/healthmap', Key: 'gp_0_1_female_indicator'
2025-10-12 19:28:48 [http-nio-8081-exec-3] INFO  c.m.b.k.s.IntegrationMappingService - Updating integration mapping: 4
2025-10-12 19:28:48 [http-nio-8081-exec-3] INFO  c.m.b.k.s.IntegrationMappingService - Updated integration mapping: 4
2025-10-12 19:28:48 [http-nio-8081-exec-3] INFO  c.m.b.k.s.IntegrationMappingService - Row 9: Updated existing mapping - API: '/healthmap', Key: 'gp_general_visits'
2025-10-12 19:28:48 [http-nio-8081-exec-3] INFO  c.m.b.k.s.IntegrationMappingService - Updating integration mapping: 3
2025-10-12 19:28:48 [http-nio-8081-exec-3] INFO  c.m.b.k.s.IntegrationMappingService - Updated integration mapping: 3
2025-10-12 19:28:48 [http-nio-8081-exec-3] INFO  c.m.b.k.s.IntegrationMappingService - Row 10: Updated existing mapping - API: '/healthmap', Key: 'urogenital_1_4_male'
2025-10-12 19:28:48 [http-nio-8081-exec-3] INFO  c.m.b.k.s.IntegrationMappingService - Updating integration mapping: 2
2025-10-12 19:28:48 [http-nio-8081-exec-3] INFO  c.m.b.k.s.IntegrationMappingService - Updated integration mapping: 2
2025-10-12 19:28:48 [http-nio-8081-exec-3] INFO  c.m.b.k.s.IntegrationMappingService - Row 11: Updated existing mapping - API: '/healthmap', Key: 'urogenital_0_1_male'
2025-10-12 19:28:48 [http-nio-8081-exec-3] INFO  c.m.b.k.s.IntegrationMappingService - Updating integration mapping: 1
2025-10-12 19:28:48 [http-nio-8081-exec-3] INFO  c.m.b.k.s.IntegrationMappingService - Updated integration mapping: 1
2025-10-12 19:28:48 [http-nio-8081-exec-3] INFO  c.m.b.k.s.IntegrationMappingService - Row 12: Updated existing mapping - API: '/healthmap', Key: 'respiratory_group_total'
2025-10-12 19:28:48 [http-nio-8081-exec-3] INFO  c.m.b.k.s.IntegrationMappingService - Import completed: 11 total, 0 new, 9 updated, 0 ignored, 2 failed
2025-10-12 19:28:48 [http-nio-8081-exec-3] DEBUG o.s.w.s.m.m.a.HttpEntityMethodProcessor - Using 'application/json', given [*/*] and supported [application/json, application/*+json, application/yaml]
2025-10-12 19:28:48 [http-nio-8081-exec-3] DEBUG o.s.w.s.m.m.a.HttpEntityMethodProcessor - Writing [{ignored=0, updatedMappings=[IntegrationMappingDto(id=10, middlewareApiName=/healthmapATTR, integrat (truncated)...]
2025-10-12 19:28:48 [http-nio-8081-exec-3] DEBUG o.s.web.servlet.DispatcherServlet - Completed 200 OK
2025-10-12 19:28:48 [http-nio-8081-exec-3] DEBUG o.a.camel.spring.SpringCamelContext - onApplicationEvent: ServletRequestHandledEvent: url=[/api/integration-mappings/import-excel]; client=[0:0:0:0:0:0:0:1]; method=[POST]; status=[200]; servlet=[dispatcherServlet]; session=[null]; user=[admin@mail.com]; time=[186ms]
2025-10-12 19:28:48 [http-nio-8081-exec-3] DEBUG o.s.w.f.CommonsRequestLoggingFilter - After request [POST /api/integration-mappings/import-excel, client=0:0:0:0:0:0:0:1, user=admin@mail.com]
2025-10-12 19:28:48 [http-nio-8081-exec-1] INFO  c.m.b.k.service.DynamicRouteService - Fetching active routes with pagination
2025-10-12 19:28:48 [http-nio-8081-exec-1] DEBUG o.s.w.f.CommonsRequestLoggingFilter - Before request [GET /api/integration-mappings?page=0&size=10, client=0:0:0:0:0:0:0:1, user=admin@mail.com]
2025-10-12 19:28:48 [http-nio-8081-exec-1] DEBUG o.s.web.servlet.DispatcherServlet - GET "/api/integration-mappings?page=0&size=10", parameters={masked}
2025-10-12 19:28:48 [http-nio-8081-exec-1] DEBUG o.s.w.s.m.m.a.RequestMappingHandlerMapping - Mapped to com.middleware.backend.kaotocamel.controller.IntegrationMappingAdminController#findAll(String, Long, String, String, String, String, String, Boolean, String, LocalDateTime, LocalDateTime, LocalDateTime, LocalDateTime, String, Long, Long, String, String, int, int)
2025-10-12 19:28:48 [http-nio-8081-exec-1] INFO  c.m.b.k.c.IntegrationMappingAdminController - Final sort: id: ASC
2025-10-12 19:28:48 [http-nio-8081-exec-1] DEBUG c.m.b.k.s.IntegrationMappingService - Searching with advanced filters - middlewareApi: null, integratedApiId: null, mappingType: null
2025-10-12 19:28:48 [http-nio-8081-exec-1] DEBUG c.m.b.k.s.IntegrationMappingService - Found 10 results out of 11 total
2025-10-12 19:28:48 [http-nio-8081-exec-1] DEBUG o.s.w.s.m.m.a.HttpEntityMethodProcessor - Using 'application/json', given [application/json] and supported [application/json, application/*+json, application/yaml]
2025-10-12 19:28:48 [http-nio-8081-exec-1] DEBUG o.s.w.s.m.m.a.HttpEntityMethodProcessor - Writing [Page 1 of 2 containing com.middleware.backend.kaotocamel.dto.IntegrationMappingDto instances]
2025-10-12 19:28:48 [http-nio-8081-exec-1] DEBUG o.s.web.servlet.DispatcherServlet - Completed 200 OK
2025-10-12 19:28:48 [http-nio-8081-exec-1] DEBUG o.a.camel.spring.SpringCamelContext - onApplicationEvent: ServletRequestHandledEvent: url=[/api/integration-mappings]; client=[0:0:0:0:0:0:0:1]; method=[GET]; status=[200]; servlet=[dispatcherServlet]; session=[null]; user=[admin@mail.com]; time=[62ms]
2025-10-12 19:28:48 [http-nio-8081-exec-1] DEBUG o.s.w.f.CommonsRequestLoggingFilter - After request [GET /api/integration-mappings?page=0&size=10, client=0:0:0:0:0:0:0:1, user=admin@mail.com]
2025-10-12 19:29:08 [scheduling-1] INFO  c.m.b.k.service.DynamicRouteService - Starting route status sync with Camel context
2025-10-12 19:29:08 [scheduling-1] INFO  c.m.b.k.service.DynamicRouteService - Completed route status sync
2025-10-12 19:29:22 [http-nio-8081-exec-2] INFO  c.m.b.k.service.DynamicRouteService - Fetching active routes with pagination
2025-10-12 19:29:22 [http-nio-8081-exec-2] DEBUG o.s.w.f.CommonsRequestLoggingFilter - Before request [GET /api/integration-mappings/1, client=0:0:0:0:0:0:0:1, user=admin@mail.com]
2025-10-12 19:29:22 [http-nio-8081-exec-2] DEBUG o.s.web.servlet.DispatcherServlet - GET "/api/integration-mappings/1", parameters={}
2025-10-12 19:29:22 [http-nio-8081-exec-2] DEBUG o.s.w.s.m.m.a.RequestMappingHandlerMapping - Mapped to com.middleware.backend.kaotocamel.controller.IntegrationMappingAdminController#findById(Long)
2025-10-12 19:29:22 [http-nio-8081-exec-2] DEBUG o.s.w.s.m.m.a.HttpEntityMethodProcessor - Using 'application/json', given [application/json] and supported [application/json, application/*+json, application/yaml]
2025-10-12 19:29:22 [http-nio-8081-exec-2] DEBUG o.s.w.s.m.m.a.HttpEntityMethodProcessor - Writing [IntegrationMappingDto(id=1, middlewareApiName=/healthmap, integratedApiId=1, integratedApiCode=HEALT (truncated)...]
2025-10-12 19:29:22 [http-nio-8081-exec-2] DEBUG o.s.web.servlet.DispatcherServlet - Completed 200 OK
2025-10-12 19:29:22 [http-nio-8081-exec-2] DEBUG o.a.camel.spring.SpringCamelContext - onApplicationEvent: ServletRequestHandledEvent: url=[/api/integration-mappings/1]; client=[0:0:0:0:0:0:0:1]; method=[GET]; status=[200]; servlet=[dispatcherServlet]; session=[null]; user=[admin@mail.com]; time=[69ms]
2025-10-12 19:29:22 [http-nio-8081-exec-2] DEBUG o.s.w.f.CommonsRequestLoggingFilter - After request [GET /api/integration-mappings/1, client=0:0:0:0:0:0:0:1, user=admin@mail.com]
2025-10-12 19:29:32 [http-nio-8081-exec-6] INFO  c.m.b.k.service.DynamicRouteService - Fetching active routes with pagination
2025-10-12 19:29:32 [http-nio-8081-exec-6] DEBUG o.s.w.f.CommonsRequestLoggingFilter - Before request [GET /api/integrated-apis/1, client=0:0:0:0:0:0:0:1, user=admin@mail.com]
2025-10-12 19:29:32 [http-nio-8081-exec-6] DEBUG o.s.web.servlet.DispatcherServlet - GET "/api/integrated-apis/1", parameters={}
2025-10-12 19:29:32 [http-nio-8081-exec-6] DEBUG o.s.w.s.m.m.a.RequestMappingHandlerMapping - Mapped to com.middleware.backend.kaotocamel.controller.IntegratedApiController#findById(Long)
2025-10-12 19:29:32 [http-nio-8081-exec-6] DEBUG o.s.w.s.m.m.a.HttpEntityMethodProcessor - Using 'application/json', given [application/json] and supported [application/json, application/*+json, application/yaml]
2025-10-12 19:29:32 [http-nio-8081-exec-6] DEBUG o.s.w.s.m.m.a.HttpEntityMethodProcessor - Writing [IntegratedApiDto(id=1, code=HEALTH_ANALYTICS, name=Health Analytics API, apiUrl=/api/analytics.json? (truncated)...]
2025-10-12 19:29:32 [http-nio-8081-exec-6] DEBUG o.s.web.servlet.DispatcherServlet - Completed 200 OK
2025-10-12 19:29:32 [http-nio-8081-exec-6] DEBUG o.a.camel.spring.SpringCamelContext - onApplicationEvent: ServletRequestHandledEvent: url=[/api/integrated-apis/1]; client=[0:0:0:0:0:0:0:1]; method=[GET]; status=[200]; servlet=[dispatcherServlet]; session=[null]; user=[admin@mail.com]; time=[72ms]
2025-10-12 19:29:32 [http-nio-8081-exec-6] DEBUG o.s.w.f.CommonsRequestLoggingFilter - After request [GET /api/integrated-apis/1, client=0:0:0:0:0:0:0:1, user=admin@mail.com]
2025-10-12 19:29:38 [scheduling-1] INFO  c.m.b.k.service.DynamicRouteService - Starting route status sync with Camel context
2025-10-12 19:29:38 [scheduling-1] INFO  c.m.b.k.service.DynamicRouteService - Completed route status sync
2025-10-12 19:30:08 [scheduling-1] INFO  c.m.b.k.service.DynamicRouteService - Starting route status sync with Camel context
2025-10-12 19:30:08 [scheduling-1] INFO  c.m.b.k.service.DynamicRouteService - Completed route status sync
2025-10-12 19:30:38 [scheduling-1] INFO  c.m.b.k.service.DynamicRouteService - Starting route status sync with Camel context
2025-10-12 19:30:38 [scheduling-1] INFO  c.m.b.k.service.DynamicRouteService - Completed route status sync
2025-10-12 19:31:08 [scheduling-1] INFO  c.m.b.k.service.DynamicRouteService - Starting route status sync with Camel context
2025-10-12 19:31:08 [scheduling-1] INFO  c.m.b.k.service.DynamicRouteService - Completed route status sync
2025-10-12 19:31:38 [scheduling-1] INFO  c.m.b.k.service.DynamicRouteService - Starting route status sync with Camel context
2025-10-12 19:31:38 [scheduling-1] INFO  c.m.b.k.service.DynamicRouteService - Completed route status sync
2025-10-12 19:32:08 [scheduling-1] INFO  c.m.b.k.service.DynamicRouteService - Starting route status sync with Camel context
2025-10-12 19:32:08 [scheduling-1] INFO  c.m.b.k.service.DynamicRouteService - Completed route status sync
2025-10-12 19:32:38 [scheduling-1] INFO  c.m.b.k.service.DynamicRouteService - Starting route status sync with Camel context
2025-10-12 19:32:38 [scheduling-1] INFO  c.m.b.k.service.DynamicRouteService - Completed route status sync
2025-10-12 19:33:08 [scheduling-1] INFO  c.m.b.k.service.DynamicRouteService - Starting route status sync with Camel context
2025-10-12 19:33:08 [scheduling-1] INFO  c.m.b.k.service.DynamicRouteService - Completed route status sync
2025-10-12 19:33:14 [http-nio-8081-exec-9] INFO  c.m.b.k.service.DynamicRouteService - Fetching active routes with pagination
2025-10-12 19:33:14 [http-nio-8081-exec-9] DEBUG o.s.w.f.CommonsRequestLoggingFilter - Before request [GET /api/routes/latest?page=0&size=10, client=0:0:0:0:0:0:0:1, user=admin@mail.com]
2025-10-12 19:33:14 [http-nio-8081-exec-9] DEBUG o.s.web.servlet.DispatcherServlet - GET "/api/routes/latest?page=0&size=10", parameters={masked}
2025-10-12 19:33:14 [http-nio-8081-exec-9] DEBUG o.s.w.s.m.m.a.RequestMappingHandlerMapping - Mapped to com.middleware.backend.kaotocamel.controller.DynamicRouteController#getRoutes(String, String, String, String, Boolean, String, String, LocalDateTime, LocalDateTime, String, String, int, int)
2025-10-12 19:33:14 [http-nio-8081-exec-9] DEBUG o.s.w.s.m.m.a.HttpEntityMethodProcessor - Using 'application/json', given [*/*] and supported [application/json, application/*+json, application/yaml]
2025-10-12 19:33:14 [http-nio-8081-exec-9] DEBUG o.s.w.s.m.m.a.HttpEntityMethodProcessor - Writing [Page 1 of 0 containing UNKNOWN instances]
2025-10-12 19:33:14 [http-nio-8081-exec-9] DEBUG o.s.web.servlet.DispatcherServlet - Completed 200 OK
2025-10-12 19:33:14 [http-nio-8081-exec-9] DEBUG o.a.camel.spring.SpringCamelContext - onApplicationEvent: ServletRequestHandledEvent: url=[/api/routes/latest]; client=[0:0:0:0:0:0:0:1]; method=[GET]; status=[200]; servlet=[dispatcherServlet]; session=[null]; user=[admin@mail.com]; time=[77ms]
2025-10-12 19:33:14 [http-nio-8081-exec-9] DEBUG o.s.w.f.CommonsRequestLoggingFilter - After request [GET /api/routes/latest?page=0&size=10, client=0:0:0:0:0:0:0:1, user=admin@mail.com]
2025-10-12 19:33:38 [scheduling-1] INFO  c.m.b.k.service.DynamicRouteService - Starting route status sync with Camel context
2025-10-12 19:33:38 [scheduling-1] INFO  c.m.b.k.service.DynamicRouteService - Completed route status sync
2025-10-12 19:33:44 [http-nio-8081-exec-8] INFO  c.m.b.k.service.DynamicRouteService - Fetching active routes with pagination
2025-10-12 19:33:44 [http-nio-8081-exec-8] DEBUG o.s.w.f.CommonsRequestLoggingFilter - Before request [GET /api/routes/latest?page=0&size=10, client=0:0:0:0:0:0:0:1, user=admin@mail.com]
2025-10-12 19:33:44 [http-nio-8081-exec-8] DEBUG o.s.web.servlet.DispatcherServlet - GET "/api/routes/latest?page=0&size=10", parameters={masked}
2025-10-12 19:33:44 [http-nio-8081-exec-8] DEBUG o.s.w.s.m.m.a.RequestMappingHandlerMapping - Mapped to com.middleware.backend.kaotocamel.controller.DynamicRouteController#getRoutes(String, String, String, String, Boolean, String, String, LocalDateTime, LocalDateTime, String, String, int, int)
2025-10-12 19:33:44 [http-nio-8081-exec-8] DEBUG o.s.w.s.m.m.a.HttpEntityMethodProcessor - Using 'application/json', given [*/*] and supported [application/json, application/*+json, application/yaml]
2025-10-12 19:33:44 [http-nio-8081-exec-8] DEBUG o.s.w.s.m.m.a.HttpEntityMethodProcessor - Writing [Page 1 of 0 containing UNKNOWN instances]
2025-10-12 19:33:44 [http-nio-8081-exec-8] DEBUG o.s.web.servlet.DispatcherServlet - Completed 200 OK
2025-10-12 19:33:44 [http-nio-8081-exec-8] DEBUG o.a.camel.spring.SpringCamelContext - onApplicationEvent: ServletRequestHandledEvent: url=[/api/routes/latest]; client=[0:0:0:0:0:0:0:1]; method=[GET]; status=[200]; servlet=[dispatcherServlet]; session=[null]; user=[admin@mail.com]; time=[74ms]
2025-10-12 19:33:44 [http-nio-8081-exec-8] DEBUG o.s.w.f.CommonsRequestLoggingFilter - After request [GET /api/routes/latest?page=0&size=10, client=0:0:0:0:0:0:0:1, user=admin@mail.com]
2025-10-12 19:34:08 [scheduling-1] INFO  c.m.b.k.service.DynamicRouteService - Starting route status sync with Camel context
2025-10-12 19:34:08 [scheduling-1] INFO  c.m.b.k.service.DynamicRouteService - Completed route status sync
2025-10-12 19:34:14 [http-nio-8081-exec-3] INFO  c.m.b.k.service.DynamicRouteService - Fetching active routes with pagination
2025-10-12 19:34:14 [http-nio-8081-exec-3] DEBUG o.s.w.f.CommonsRequestLoggingFilter - Before request [GET /api/routes/latest?page=0&size=10, client=0:0:0:0:0:0:0:1, user=admin@mail.com]
2025-10-12 19:34:14 [http-nio-8081-exec-3] DEBUG o.s.web.servlet.DispatcherServlet - GET "/api/routes/latest?page=0&size=10", parameters={masked}
2025-10-12 19:34:14 [http-nio-8081-exec-3] DEBUG o.s.w.s.m.m.a.RequestMappingHandlerMapping - Mapped to com.middleware.backend.kaotocamel.controller.DynamicRouteController#getRoutes(String, String, String, String, Boolean, String, String, LocalDateTime, LocalDateTime, String, String, int, int)
2025-10-12 19:34:14 [http-nio-8081-exec-3] DEBUG o.s.w.s.m.m.a.HttpEntityMethodProcessor - Using 'application/json', given [*/*] and supported [application/json, application/*+json, application/yaml]
2025-10-12 19:34:14 [http-nio-8081-exec-3] DEBUG o.s.w.s.m.m.a.HttpEntityMethodProcessor - Writing [Page 1 of 0 containing UNKNOWN instances]
2025-10-12 19:34:14 [http-nio-8081-exec-3] DEBUG o.s.web.servlet.DispatcherServlet - Completed 200 OK
2025-10-12 19:34:14 [http-nio-8081-exec-3] DEBUG o.a.camel.spring.SpringCamelContext - onApplicationEvent: ServletRequestHandledEvent: url=[/api/routes/latest]; client=[0:0:0:0:0:0:0:1]; method=[GET]; status=[200]; servlet=[dispatcherServlet]; session=[null]; user=[admin@mail.com]; time=[67ms]
2025-10-12 19:34:14 [http-nio-8081-exec-3] DEBUG o.s.w.f.CommonsRequestLoggingFilter - After request [GET /api/routes/latest?page=0&size=10, client=0:0:0:0:0:0:0:1, user=admin@mail.com]
2025-10-12 19:34:38 [scheduling-1] INFO  c.m.b.k.service.DynamicRouteService - Starting route status sync with Camel context
2025-10-12 19:34:38 [scheduling-1] INFO  c.m.b.k.service.DynamicRouteService - Completed route status sync
2025-10-12 19:34:44 [http-nio-8081-exec-1] INFO  c.m.b.k.service.DynamicRouteService - Fetching active routes with pagination
2025-10-12 19:34:44 [http-nio-8081-exec-1] DEBUG o.s.w.f.CommonsRequestLoggingFilter - Before request [GET /api/routes/latest?page=0&size=10, client=0:0:0:0:0:0:0:1, user=admin@mail.com]
2025-10-12 19:34:44 [http-nio-8081-exec-1] DEBUG o.s.web.servlet.DispatcherServlet - GET "/api/routes/latest?page=0&size=10", parameters={masked}
2025-10-12 19:34:44 [http-nio-8081-exec-1] DEBUG o.s.w.s.m.m.a.RequestMappingHandlerMapping - Mapped to com.middleware.backend.kaotocamel.controller.DynamicRouteController#getRoutes(String, String, String, String, Boolean, String, String, LocalDateTime, LocalDateTime, String, String, int, int)
2025-10-12 19:34:44 [http-nio-8081-exec-1] DEBUG o.s.w.s.m.m.a.HttpEntityMethodProcessor - Using 'application/json', given [*/*] and supported [application/json, application/*+json, application/yaml]
2025-10-12 19:34:44 [http-nio-8081-exec-1] DEBUG o.s.w.s.m.m.a.HttpEntityMethodProcessor - Writing [Page 1 of 0 containing UNKNOWN instances]
2025-10-12 19:34:44 [http-nio-8081-exec-1] DEBUG o.s.web.servlet.DispatcherServlet - Completed 200 OK
2025-10-12 19:34:44 [http-nio-8081-exec-1] DEBUG o.a.camel.spring.SpringCamelContext - onApplicationEvent: ServletRequestHandledEvent: url=[/api/routes/latest]; client=[0:0:0:0:0:0:0:1]; method=[GET]; status=[200]; servlet=[dispatcherServlet]; session=[null]; user=[admin@mail.com]; time=[48ms]
2025-10-12 19:34:44 [http-nio-8081-exec-1] DEBUG o.s.w.f.CommonsRequestLoggingFilter - After request [GET /api/routes/latest?page=0&size=10, client=0:0:0:0:0:0:0:1, user=admin@mail.com]
2025-10-12 19:35:08 [scheduling-1] INFO  c.m.b.k.service.DynamicRouteService - Starting route status sync with Camel context
2025-10-12 19:35:08 [scheduling-1] INFO  c.m.b.k.service.DynamicRouteService - Completed route status sync
2025-10-12 19:35:14 [http-nio-8081-exec-10] INFO  c.m.b.k.service.DynamicRouteService - Fetching active routes with pagination
2025-10-12 19:35:14 [http-nio-8081-exec-10] DEBUG o.s.w.f.CommonsRequestLoggingFilter - Before request [GET /api/routes/latest?page=0&size=10, client=0:0:0:0:0:0:0:1, user=admin@mail.com]
2025-10-12 19:35:14 [http-nio-8081-exec-10] DEBUG o.s.web.servlet.DispatcherServlet - GET "/api/routes/latest?page=0&size=10", parameters={masked}
2025-10-12 19:35:14 [http-nio-8081-exec-10] DEBUG o.s.w.s.m.m.a.RequestMappingHandlerMapping - Mapped to com.middleware.backend.kaotocamel.controller.DynamicRouteController#getRoutes(String, String, String, String, Boolean, String, String, LocalDateTime, LocalDateTime, String, String, int, int)
2025-10-12 19:35:14 [http-nio-8081-exec-10] DEBUG o.s.w.s.m.m.a.HttpEntityMethodProcessor - Using 'application/json', given [*/*] and supported [application/json, application/*+json, application/yaml]
2025-10-12 19:35:14 [http-nio-8081-exec-10] DEBUG o.s.w.s.m.m.a.HttpEntityMethodProcessor - Writing [Page 1 of 0 containing UNKNOWN instances]
2025-10-12 19:35:14 [http-nio-8081-exec-10] DEBUG o.s.web.servlet.DispatcherServlet - Completed 200 OK
2025-10-12 19:35:14 [http-nio-8081-exec-10] DEBUG o.a.camel.spring.SpringCamelContext - onApplicationEvent: ServletRequestHandledEvent: url=[/api/routes/latest]; client=[0:0:0:0:0:0:0:1]; method=[GET]; status=[200]; servlet=[dispatcherServlet]; session=[null]; user=[admin@mail.com]; time=[71ms]
2025-10-12 19:35:14 [http-nio-8081-exec-10] DEBUG o.s.w.f.CommonsRequestLoggingFilter - After request [GET /api/routes/latest?page=0&size=10, client=0:0:0:0:0:0:0:1, user=admin@mail.com]
2025-10-12 19:35:38 [scheduling-1] INFO  c.m.b.k.service.DynamicRouteService - Starting route status sync with Camel context
2025-10-12 19:35:38 [scheduling-1] INFO  c.m.b.k.service.DynamicRouteService - Completed route status sync
2025-10-12 19:35:44 [http-nio-8081-exec-5] INFO  c.m.b.k.service.DynamicRouteService - Fetching active routes with pagination
2025-10-12 19:35:44 [http-nio-8081-exec-5] DEBUG o.s.w.f.CommonsRequestLoggingFilter - Before request [GET /api/routes/latest?page=0&size=10, client=0:0:0:0:0:0:0:1, user=admin@mail.com]
2025-10-12 19:35:44 [http-nio-8081-exec-5] DEBUG o.s.web.servlet.DispatcherServlet - GET "/api/routes/latest?page=0&size=10", parameters={masked}
2025-10-12 19:35:44 [http-nio-8081-exec-5] DEBUG o.s.w.s.m.m.a.RequestMappingHandlerMapping - Mapped to com.middleware.backend.kaotocamel.controller.DynamicRouteController#getRoutes(String, String, String, String, Boolean, String, String, LocalDateTime, LocalDateTime, String, String, int, int)
2025-10-12 19:35:44 [http-nio-8081-exec-5] DEBUG o.s.w.s.m.m.a.HttpEntityMethodProcessor - Using 'application/json', given [*/*] and supported [application/json, application/*+json, application/yaml]
2025-10-12 19:35:44 [http-nio-8081-exec-5] DEBUG o.s.w.s.m.m.a.HttpEntityMethodProcessor - Writing [Page 1 of 0 containing UNKNOWN instances]
2025-10-12 19:35:44 [http-nio-8081-exec-5] DEBUG o.s.web.servlet.DispatcherServlet - Completed 200 OK
2025-10-12 19:35:44 [http-nio-8081-exec-5] DEBUG o.a.camel.spring.SpringCamelContext - onApplicationEvent: ServletRequestHandledEvent: url=[/api/routes/latest]; client=[0:0:0:0:0:0:0:1]; method=[GET]; status=[200]; servlet=[dispatcherServlet]; session=[null]; user=[admin@mail.com]; time=[67ms]
2025-10-12 19:35:44 [http-nio-8081-exec-5] DEBUG o.s.w.f.CommonsRequestLoggingFilter - After request [GET /api/routes/latest?page=0&size=10, client=0:0:0:0:0:0:0:1, user=admin@mail.com]
2025-10-12 19:36:08 [scheduling-1] INFO  c.m.b.k.service.DynamicRouteService - Starting route status sync with Camel context
2025-10-12 19:36:08 [scheduling-1] INFO  c.m.b.k.service.DynamicRouteService - Completed route status sync
2025-10-12 19:36:14 [http-nio-8081-exec-2] INFO  c.m.b.k.service.DynamicRouteService - Fetching active routes with pagination
2025-10-12 19:36:14 [http-nio-8081-exec-2] DEBUG o.s.w.f.CommonsRequestLoggingFilter - Before request [GET /api/routes/latest?page=0&size=10, client=0:0:0:0:0:0:0:1, user=admin@mail.com]
2025-10-12 19:36:14 [http-nio-8081-exec-2] DEBUG o.s.web.servlet.DispatcherServlet - GET "/api/routes/latest?page=0&size=10", parameters={masked}
2025-10-12 19:36:14 [http-nio-8081-exec-2] DEBUG o.s.w.s.m.m.a.RequestMappingHandlerMapping - Mapped to com.middleware.backend.kaotocamel.controller.DynamicRouteController#getRoutes(String, String, String, String, Boolean, String, String, LocalDateTime, LocalDateTime, String, String, int, int)
2025-10-12 19:36:14 [http-nio-8081-exec-2] DEBUG o.s.w.s.m.m.a.HttpEntityMethodProcessor - Using 'application/json', given [*/*] and supported [application/json, application/*+json, application/yaml]
2025-10-12 19:36:14 [http-nio-8081-exec-2] DEBUG o.s.w.s.m.m.a.HttpEntityMethodProcessor - Writing [Page 1 of 0 containing UNKNOWN instances]
2025-10-12 19:36:14 [http-nio-8081-exec-2] DEBUG o.s.web.servlet.DispatcherServlet - Completed 200 OK
2025-10-12 19:36:14 [http-nio-8081-exec-2] DEBUG o.a.camel.spring.SpringCamelContext - onApplicationEvent: ServletRequestHandledEvent: url=[/api/routes/latest]; client=[0:0:0:0:0:0:0:1]; method=[GET]; status=[200]; servlet=[dispatcherServlet]; session=[null]; user=[admin@mail.com]; time=[79ms]
2025-10-12 19:36:14 [http-nio-8081-exec-2] DEBUG o.s.w.f.CommonsRequestLoggingFilter - After request [GET /api/routes/latest?page=0&size=10, client=0:0:0:0:0:0:0:1, user=admin@mail.com]
2025-10-12 19:36:38 [scheduling-1] INFO  c.m.b.k.service.DynamicRouteService - Starting route status sync with Camel context
2025-10-12 19:36:38 [scheduling-1] INFO  c.m.b.k.service.DynamicRouteService - Completed route status sync
2025-10-12 19:36:38 [http-nio-8081-exec-6] INFO  c.m.b.k.service.DynamicRouteService - Fetching active routes with pagination
2025-10-12 19:36:39 [http-nio-8081-exec-6] DEBUG o.s.w.f.CommonsRequestLoggingFilter - Before request [GET /api/integration-mappings/1, client=0:0:0:0:0:0:0:1, user=admin@mail.com]
2025-10-12 19:36:39 [http-nio-8081-exec-6] DEBUG o.s.web.servlet.DispatcherServlet - GET "/api/integration-mappings/1", parameters={}
2025-10-12 19:36:39 [http-nio-8081-exec-6] DEBUG o.s.w.s.m.m.a.RequestMappingHandlerMapping - Mapped to com.middleware.backend.kaotocamel.controller.IntegrationMappingAdminController#findById(Long)
2025-10-12 19:36:39 [http-nio-8081-exec-6] DEBUG o.s.w.s.m.m.a.HttpEntityMethodProcessor - Using 'application/json', given [application/json] and supported [application/json, application/*+json, application/yaml]
2025-10-12 19:36:39 [http-nio-8081-exec-6] DEBUG o.s.w.s.m.m.a.HttpEntityMethodProcessor - Writing [IntegrationMappingDto(id=1, middlewareApiName=/healthmap, integratedApiId=1, integratedApiCode=HEALT (truncated)...]
2025-10-12 19:36:39 [http-nio-8081-exec-6] DEBUG o.s.web.servlet.DispatcherServlet - Completed 200 OK
2025-10-12 19:36:39 [http-nio-8081-exec-6] DEBUG o.a.camel.spring.SpringCamelContext - onApplicationEvent: ServletRequestHandledEvent: url=[/api/integration-mappings/1]; client=[0:0:0:0:0:0:0:1]; method=[GET]; status=[200]; servlet=[dispatcherServlet]; session=[null]; user=[admin@mail.com]; time=[56ms]
2025-10-12 19:36:39 [http-nio-8081-exec-6] DEBUG o.s.w.f.CommonsRequestLoggingFilter - After request [GET /api/integration-mappings/1, client=0:0:0:0:0:0:0:1, user=admin@mail.com]
2025-10-12 19:37:08 [scheduling-1] INFO  c.m.b.k.service.DynamicRouteService - Starting route status sync with Camel context
2025-10-12 19:37:08 [scheduling-1] INFO  c.m.b.k.service.DynamicRouteService - Completed route status sync
2025-10-12 19:37:15 [http-nio-8081-exec-7] INFO  c.m.b.k.service.DynamicRouteService - Fetching active routes with pagination
2025-10-12 19:37:15 [http-nio-8081-exec-7] DEBUG o.s.w.f.CommonsRequestLoggingFilter - Before request [GET /api/routes/latest?page=0&size=10, client=0:0:0:0:0:0:0:1, user=admin@mail.com]
2025-10-12 19:37:15 [http-nio-8081-exec-7] DEBUG o.s.web.servlet.DispatcherServlet - GET "/api/routes/latest?page=0&size=10", parameters={masked}
2025-10-12 19:37:15 [http-nio-8081-exec-7] DEBUG o.s.w.s.m.m.a.RequestMappingHandlerMapping - Mapped to com.middleware.backend.kaotocamel.controller.DynamicRouteController#getRoutes(String, String, String, String, Boolean, String, String, LocalDateTime, LocalDateTime, String, String, int, int)
2025-10-12 19:37:15 [http-nio-8081-exec-7] DEBUG o.s.w.s.m.m.a.HttpEntityMethodProcessor - Using 'application/json', given [*/*] and supported [application/json, application/*+json, application/yaml]
2025-10-12 19:37:15 [http-nio-8081-exec-7] DEBUG o.s.w.s.m.m.a.HttpEntityMethodProcessor - Writing [Page 1 of 0 containing UNKNOWN instances]
2025-10-12 19:37:15 [http-nio-8081-exec-7] DEBUG o.s.web.servlet.DispatcherServlet - Completed 200 OK
2025-10-12 19:37:15 [http-nio-8081-exec-7] DEBUG o.a.camel.spring.SpringCamelContext - onApplicationEvent: ServletRequestHandledEvent: url=[/api/routes/latest]; client=[0:0:0:0:0:0:0:1]; method=[GET]; status=[200]; servlet=[dispatcherServlet]; session=[null]; user=[admin@mail.com]; time=[61ms]
2025-10-12 19:37:15 [http-nio-8081-exec-7] DEBUG o.s.w.f.CommonsRequestLoggingFilter - After request [GET /api/routes/latest?page=0&size=10, client=0:0:0:0:0:0:0:1, user=admin@mail.com]
2025-10-12 19:37:38 [scheduling-1] INFO  c.m.b.k.service.DynamicRouteService - Starting route status sync with Camel context
2025-10-12 19:37:38 [scheduling-1] INFO  c.m.b.k.service.DynamicRouteService - Completed route status sync
2025-10-12 19:37:59 [http-nio-8081-exec-9] INFO  c.m.b.k.service.DynamicRouteService - Fetching active routes with pagination
2025-10-12 19:38:00 [http-nio-8081-exec-9] DEBUG o.s.w.f.CommonsRequestLoggingFilter - Before request [GET /api/middleware/healthmap?pe=202509&ou=FKE8yFr2PKg&_dhis2Code=DHIS2.2, client=0:0:0:0:0:0:0:1, user=admin@mail.com]
2025-10-12 19:38:00 [http-nio-8081-exec-9] DEBUG o.s.web.servlet.DispatcherServlet - GET "/api/middleware/healthmap?pe=202509&ou=FKE8yFr2PKg&_dhis2Code=DHIS2.2", parameters={masked}
2025-10-12 19:38:00 [http-nio-8081-exec-9] DEBUG o.s.w.s.m.m.a.RequestMappingHandlerMapping - Mapped to com.middleware.backend.kaotocamel.controller.MiddlewareController#processMiddlewareRequest(String, String, String, String)
2025-10-12 19:38:00 [http-nio-8081-exec-9] INFO  c.m.b.k.c.MiddlewareController - Processing middleware request - API: /healthmap, Period: 202509, OU: FKE8yFr2PKg, DHIS2: DHIS2.2
2025-10-12 19:38:00 [http-nio-8081-exec-9] INFO  c.m.b.k.s.MiddlewareProcessorService - Processing middleware request for API: /healthmap with period: 202509, ou: FKE8yFr2PKg
2025-10-12 19:38:00 [http-nio-8081-exec-9] INFO  c.m.b.k.s.MiddlewareProcessorService - Note: _dhis2Code parameter (DHIS2.2) is ignored - each API uses its own integratedSystem
2025-10-12 19:38:00 [http-nio-8081-exec-9] DEBUG c.m.b.k.s.MiddlewareProcessorService - Request parameters - ou: FKE8yFr2PKg, pe: 202509
2025-10-12 19:38:00 [http-nio-8081-exec-9] INFO  c.m.b.k.s.MiddlewareProcessorService - Grouped 8 mappings into 2 API calls
2025-10-12 19:38:00 [http-nio-8081-exec-9] INFO  c.m.b.k.s.MiddlewareProcessorService - Fetching org units metadata using integratedSystem: DHIS2.2
2025-10-12 19:38:00 [http-nio-8081-exec-9] INFO  c.m.b.k.service.Dhis2ClientService - Fetching metadata using integratedSystem: DHIS2.2 (from metadata API)
2025-10-12 19:38:00 [http-nio-8081-exec-9] DEBUG o.s.web.client.RestTemplate - HTTP GET https://hmis-dev.moh.gov.jo/dwh/api/metadata.json?organisationUnits=true&fields=id,code,name,displayName,shortName,description,openingDate,closedDate,level,phoneNumber,email,address,url,parent%5Bid,code,name,displayName,level%5D,ancestors%5Bid,code,name,displayName,level%5D,translations,organisationUnitGroups%5Bid,code,name%5D,lastUpdated,lastUpdatedBy%5Bid,displayName,username%5D,attributeValues%5Bvalue,attribute%5Bid,code,name%5D%5D
2025-10-12 19:38:00 [http-nio-8081-exec-9] DEBUG o.s.web.client.RestTemplate - Accept=[text/plain, application/json, application/yaml, application/*+json, */*]
2025-10-12 19:38:02 [http-nio-8081-exec-9] DEBUG o.s.web.client.RestTemplate - Response 200 OK
2025-10-12 19:38:02 [http-nio-8081-exec-9] DEBUG o.s.web.client.RestTemplate - Reading to [java.lang.String] as "application/json;charset=UTF-8"
2025-10-12 19:38:02 [http-nio-8081-exec-8] INFO  c.m.b.k.service.DynamicRouteService - Fetching active routes with pagination
2025-10-12 19:38:03 [http-nio-8081-exec-8] DEBUG o.s.w.f.CommonsRequestLoggingFilter - Before request [GET /api/routes/latest?page=0&size=10, client=0:0:0:0:0:0:0:1, user=admin@mail.com]
2025-10-12 19:38:03 [http-nio-8081-exec-8] DEBUG o.s.web.servlet.DispatcherServlet - GET "/api/routes/latest?page=0&size=10", parameters={masked}
2025-10-12 19:38:03 [http-nio-8081-exec-8] DEBUG o.s.w.s.m.m.a.RequestMappingHandlerMapping - Mapped to com.middleware.backend.kaotocamel.controller.DynamicRouteController#getRoutes(String, String, String, String, Boolean, String, String, LocalDateTime, LocalDateTime, String, String, int, int)
2025-10-12 19:38:03 [http-nio-8081-exec-8] DEBUG o.s.w.s.m.m.a.HttpEntityMethodProcessor - Using 'application/json', given [*/*] and supported [application/json, application/*+json, application/yaml]
2025-10-12 19:38:03 [http-nio-8081-exec-8] DEBUG o.s.w.s.m.m.a.HttpEntityMethodProcessor - Writing [Page 1 of 0 containing UNKNOWN instances]
2025-10-12 19:38:03 [http-nio-8081-exec-8] DEBUG o.s.web.servlet.DispatcherServlet - Completed 200 OK
2025-10-12 19:38:03 [http-nio-8081-exec-8] DEBUG o.a.camel.spring.SpringCamelContext - onApplicationEvent: ServletRequestHandledEvent: url=[/api/routes/latest]; client=[0:0:0:0:0:0:0:1]; method=[GET]; status=[200]; servlet=[dispatcherServlet]; session=[null]; user=[admin@mail.com]; time=[79ms]
2025-10-12 19:38:03 [http-nio-8081-exec-8] DEBUG o.s.w.f.CommonsRequestLoggingFilter - After request [GET /api/routes/latest?page=0&size=10, client=0:0:0:0:0:0:0:1, user=admin@mail.com]
2025-10-12 19:38:03 [http-nio-8081-exec-9] INFO  c.m.b.k.service.Dhis2ClientService - Fetched 2201 org units from metadata API (integratedSystem: DHIS2.2)
2025-10-12 19:38:03 [http-nio-8081-exec-9] INFO  c.m.b.k.s.MiddlewareProcessorService - Executing call for API: HEALTH_ANALYTICS (ANALYTICS) using integratedSystem: DHIS2.2
2025-10-12 19:38:03 [http-nio-8081-exec-9] DEBUG c.m.b.k.s.MiddlewareProcessorService - API flags - useOuFromRequest: false, usePeFromRequest: true
2025-10-12 19:38:03 [http-nio-8081-exec-9] INFO  c.m.b.k.service.Dhis2ClientService - Using DHIS2 settings: integratedSystem=DHIS2.2, baseUrl=HTTPS://hmis-dev.moh.gov.jo/dwh
2025-10-12 19:38:03 [http-nio-8081-exec-9] DEBUG c.m.b.k.service.Dhis2ClientService - Built Analytics URL with flags (useOu=false, usePe=true): /api/analytics.json?dimension=dx:Km0qVQob9MY;mCKqwPcYW7t.tsWtbszbNxf;mCKqwPcYW7t.btKH0SkeKBO;TrtkNB5aAds;XT0h5EGwdf9;xvHA0fLRcyX&dimension=ou:FKE8yFr2PKg;fcAX51tsDmQ&dimension=pe:202509
2025-10-12 19:38:03 [http-nio-8081-exec-9] DEBUG o.s.web.client.RestTemplate - HTTP GET https://hmis-dev.moh.gov.jo/dwh/api/analytics.json?dimension=dx:Km0qVQob9MY;mCKqwPcYW7t.tsWtbszbNxf;mCKqwPcYW7t.btKH0SkeKBO;TrtkNB5aAds;XT0h5EGwdf9;xvHA0fLRcyX&dimension=ou:FKE8yFr2PKg;fcAX51tsDmQ&dimension=pe:202509
2025-10-12 19:38:03 [http-nio-8081-exec-9] DEBUG o.s.web.client.RestTemplate - Accept=[text/plain, application/json, application/yaml, application/*+json, */*]
2025-10-12 19:38:03 [http-nio-8081-exec-9] DEBUG o.s.web.client.RestTemplate - Response 200 OK
2025-10-12 19:38:03 [http-nio-8081-exec-9] DEBUG o.s.web.client.RestTemplate - Reading to [java.lang.String] as "application/json;charset=UTF-8"
2025-10-12 19:38:03 [http-nio-8081-exec-9] INFO  c.m.b.k.s.MiddlewareProcessorService - Executing call for API: ATTR (ANALYTICS) using integratedSystem: DHIS2.2
2025-10-12 19:38:03 [http-nio-8081-exec-9] DEBUG c.m.b.k.s.MiddlewareProcessorService - API flags - useOuFromRequest: false, usePeFromRequest: false
2025-10-12 19:38:03 [http-nio-8081-exec-9] INFO  c.m.b.k.service.Dhis2ClientService - Using DHIS2 settings: integratedSystem=DHIS2.2, baseUrl=HTTPS://hmis-dev.moh.gov.jo/dwh
2025-10-12 19:38:03 [http-nio-8081-exec-9] DEBUG c.m.b.k.service.Dhis2ClientService - Built Analytics URL with flags (useOu=false, usePe=false): /api/analytics.json?dimension=dx:mCryL70xgcR;mCryL70xgcR.koh0tliu6RV;mCryL70xgcR.n7l9dA920vy;eeGloPJ7lGX&dimension=ou:CI1vsTW2OMP&dimension=pe:202507&dimension=UedUhlkhYWX:M0TzDNQdeju
2025-10-12 19:38:03 [http-nio-8081-exec-9] DEBUG o.s.web.client.RestTemplate - HTTP GET https://hmis-dev.moh.gov.jo/dwh/api/analytics.json?dimension=dx:mCryL70xgcR;mCryL70xgcR.koh0tliu6RV;mCryL70xgcR.n7l9dA920vy;eeGloPJ7lGX&dimension=ou:CI1vsTW2OMP&dimension=pe:202507&dimension=UedUhlkhYWX:M0TzDNQdeju
2025-10-12 19:38:03 [http-nio-8081-exec-9] DEBUG o.s.web.client.RestTemplate - Accept=[text/plain, application/json, application/yaml, application/*+json, */*]
2025-10-12 19:38:04 [http-nio-8081-exec-9] DEBUG o.s.web.client.RestTemplate - Response 200 OK
2025-10-12 19:38:04 [http-nio-8081-exec-9] DEBUG o.s.web.client.RestTemplate - Reading to [java.lang.String] as "application/json;charset=UTF-8"
2025-10-12 19:38:04 [http-nio-8081-exec-9] INFO  c.m.b.k.s.MiddlewareProcessorService - Detected attribute dimension: UedUhlkhYWX at index 3
2025-10-12 19:38:04 [http-nio-8081-exec-9] INFO  c.m.b.k.s.MiddlewareProcessorService - Built middleware response with 3 rows
2025-10-12 19:38:04 [http-nio-8081-exec-9] INFO  c.m.b.k.c.MiddlewareController - Middleware request processed - API: /healthmap, Time: 4613ms, Rows: 3
2025-10-12 19:38:04 [http-nio-8081-exec-9] DEBUG o.s.w.s.m.m.a.HttpEntityMethodProcessor - Using 'application/json', given [*/*] and supported [application/json, application/*+json, application/yaml]
2025-10-12 19:38:04 [http-nio-8081-exec-9] DEBUG o.s.w.s.m.m.a.HttpEntityMethodProcessor - Writing [MiddlewareResponseDto(rows=[MiddlewareRowDto(ou=FKE8yFr2PKg, ouName=اربد, ouDetails={code=21, name=I (truncated)...]
2025-10-12 19:38:04 [http-nio-8081-exec-9] DEBUG o.s.web.servlet.DispatcherServlet - Completed 200 OK
2025-10-12 19:38:04 [http-nio-8081-exec-9] DEBUG o.a.camel.spring.SpringCamelContext - onApplicationEvent: ServletRequestHandledEvent: url=[/api/middleware/healthmap]; client=[0:0:0:0:0:0:0:1]; method=[GET]; status=[200]; servlet=[dispatcherServlet]; session=[null]; user=[admin@mail.com]; time=[4626ms]
2025-10-12 19:38:04 [http-nio-8081-exec-9] DEBUG o.s.w.f.CommonsRequestLoggingFilter - After request [GET /api/middleware/healthmap?pe=202509&ou=FKE8yFr2PKg&_dhis2Code=DHIS2.2, client=0:0:0:0:0:0:0:1, user=admin@mail.com]
2025-10-12 19:38:06 [http-nio-8081-exec-3] INFO  c.m.b.k.service.DynamicRouteService - Fetching active routes with pagination
2025-10-12 19:38:06 [http-nio-8081-exec-10] INFO  c.m.b.k.service.DynamicRouteService - Fetching active routes with pagination
2025-10-12 19:38:06 [http-nio-8081-exec-1] INFO  c.m.b.k.service.DynamicRouteService - Fetching active routes with pagination
2025-10-12 19:38:06 [http-nio-8081-exec-10] DEBUG o.s.w.f.CommonsRequestLoggingFilter - Before request [GET /api/integration-mappings/middleware-apis, client=0:0:0:0:0:0:0:1, user=admin@mail.com]
2025-10-12 19:38:06 [http-nio-8081-exec-10] DEBUG o.s.web.servlet.DispatcherServlet - GET "/api/integration-mappings/middleware-apis", parameters={}
2025-10-12 19:38:06 [http-nio-8081-exec-10] DEBUG o.s.w.s.m.m.a.RequestMappingHandlerMapping - Mapped to com.middleware.backend.kaotocamel.controller.IntegrationMappingAdminController#getMiddlewareApis()
2025-10-12 19:38:06 [http-nio-8081-exec-10] INFO  c.m.b.k.c.IntegrationMappingAdminController - Found 2 distinct middleware APIs
2025-10-12 19:38:06 [http-nio-8081-exec-10] DEBUG o.s.w.s.m.m.a.HttpEntityMethodProcessor - Using 'application/json', given [application/json] and supported [application/json, application/*+json, application/yaml]
2025-10-12 19:38:06 [http-nio-8081-exec-10] DEBUG o.s.w.s.m.m.a.HttpEntityMethodProcessor - Writing [[/healthmap, /healthmapATTR]]
2025-10-12 19:38:06 [http-nio-8081-exec-10] DEBUG o.s.web.servlet.DispatcherServlet - Completed 200 OK
2025-10-12 19:38:06 [http-nio-8081-exec-10] DEBUG o.a.camel.spring.SpringCamelContext - onApplicationEvent: ServletRequestHandledEvent: url=[/api/integration-mappings/middleware-apis]; client=[0:0:0:0:0:0:0:1]; method=[GET]; status=[200]; servlet=[dispatcherServlet]; session=[null]; user=[admin@mail.com]; time=[70ms]
2025-10-12 19:38:06 [http-nio-8081-exec-10] DEBUG o.s.w.f.CommonsRequestLoggingFilter - After request [GET /api/integration-mappings/middleware-apis, client=0:0:0:0:0:0:0:1, user=admin@mail.com]
2025-10-12 19:38:06 [http-nio-8081-exec-3] DEBUG o.s.w.f.CommonsRequestLoggingFilter - Before request [GET /api/integrated-apis?page=0&size=10, client=0:0:0:0:0:0:0:1, user=admin@mail.com]
2025-10-12 19:38:06 [http-nio-8081-exec-1] DEBUG o.s.w.f.CommonsRequestLoggingFilter - Before request [GET /api/integrated-apis/systems, client=0:0:0:0:0:0:0:1, user=admin@mail.com]
2025-10-12 19:38:06 [http-nio-8081-exec-1] DEBUG o.s.web.servlet.DispatcherServlet - GET "/api/integrated-apis/systems", parameters={}
2025-10-12 19:38:06 [http-nio-8081-exec-3] DEBUG o.s.web.servlet.DispatcherServlet - GET "/api/integrated-apis?page=0&size=10", parameters={masked}
2025-10-12 19:38:06 [http-nio-8081-exec-3] DEBUG o.s.w.s.m.m.a.RequestMappingHandlerMapping - Mapped to com.middleware.backend.kaotocamel.controller.IntegratedApiController#findAll(String, String, String, String, String, Boolean, String, LocalDateTime, LocalDateTime, LocalDateTime, LocalDateTime, String, Long, Long, int, int, String[])
2025-10-12 19:38:06 [http-nio-8081-exec-1] DEBUG o.s.w.s.m.m.a.RequestMappingHandlerMapping - Mapped to com.middleware.backend.kaotocamel.controller.IntegratedApiController#getIntegratedSystems()
2025-10-12 19:38:06 [http-nio-8081-exec-3] INFO  c.m.b.k.c.IntegratedApiController - === SORTING DEBUG ===
2025-10-12 19:38:06 [http-nio-8081-exec-3] INFO  c.m.b.k.c.IntegratedApiController - Received sort array: [id, desc]
2025-10-12 19:38:06 [http-nio-8081-exec-3] INFO  c.m.b.k.c.IntegratedApiController - Sort array length: 2
2025-10-12 19:38:06 [http-nio-8081-exec-3] INFO  c.m.b.k.c.IntegratedApiController - sort[0] = 'id'
2025-10-12 19:38:06 [http-nio-8081-exec-3] INFO  c.m.b.k.c.IntegratedApiController - sort[1] = 'desc'
2025-10-12 19:38:06 [http-nio-8081-exec-3] DEBUG c.m.b.k.c.IntegratedApiController - Received sort params: [id, desc]
2025-10-12 19:38:06 [http-nio-8081-exec-3] DEBUG c.m.b.k.c.IntegratedApiController - Handling separated params - field: 'id', direction: 'desc'
2025-10-12 19:38:06 [http-nio-8081-exec-3] DEBUG c.m.b.k.c.IntegratedApiController - Added separated sort order: id DESC
2025-10-12 19:38:06 [http-nio-8081-exec-3] DEBUG c.m.b.k.c.IntegratedApiController - Final sort object: id: DESC
2025-10-12 19:38:06 [http-nio-8081-exec-3] INFO  c.m.b.k.c.IntegratedApiController - Final Sort object: id: DESC
2025-10-12 19:38:06 [http-nio-8081-exec-3] INFO  c.m.b.k.c.IntegratedApiController - === END SORTING DEBUG ===
2025-10-12 19:38:06 [http-nio-8081-exec-3] INFO  c.m.b.k.c.IntegratedApiController - Pageable: Page request [number: 0, size 10, sort: id: DESC]
2025-10-12 19:38:06 [http-nio-8081-exec-1] DEBUG o.s.w.s.m.m.a.HttpEntityMethodProcessor - Using 'application/json', given [application/json] and supported [application/json, application/*+json, application/yaml]
2025-10-12 19:38:06 [http-nio-8081-exec-1] DEBUG o.s.w.s.m.m.a.HttpEntityMethodProcessor - Writing [[DHIS2.2]]
2025-10-12 19:38:06 [http-nio-8081-exec-1] DEBUG o.s.web.servlet.DispatcherServlet - Completed 200 OK
2025-10-12 19:38:06 [http-nio-8081-exec-1] DEBUG o.a.camel.spring.SpringCamelContext - onApplicationEvent: ServletRequestHandledEvent: url=[/api/integrated-apis/systems]; client=[0:0:0:0:0:0:0:1]; method=[GET]; status=[200]; servlet=[dispatcherServlet]; session=[null]; user=[admin@mail.com]; time=[77ms]
2025-10-12 19:38:06 [http-nio-8081-exec-1] DEBUG o.s.w.f.CommonsRequestLoggingFilter - After request [GET /api/integrated-apis/systems, client=0:0:0:0:0:0:0:1, user=admin@mail.com]
2025-10-12 19:38:06 [http-nio-8081-exec-3] DEBUG o.s.w.s.m.m.a.HttpEntityMethodProcessor - Using 'application/json', given [application/json] and supported [application/json, application/*+json, application/yaml]
2025-10-12 19:38:06 [http-nio-8081-exec-3] DEBUG o.s.w.s.m.m.a.HttpEntityMethodProcessor - Writing [Page 1 of 1 containing com.middleware.backend.kaotocamel.dto.IntegratedApiDto instances]
2025-10-12 19:38:06 [http-nio-8081-exec-3] DEBUG o.s.web.servlet.DispatcherServlet - Completed 200 OK
2025-10-12 19:38:06 [http-nio-8081-exec-3] DEBUG o.a.camel.spring.SpringCamelContext - onApplicationEvent: ServletRequestHandledEvent: url=[/api/integrated-apis]; client=[0:0:0:0:0:0:0:1]; method=[GET]; status=[200]; servlet=[dispatcherServlet]; session=[null]; user=[admin@mail.com]; time=[91ms]
2025-10-12 19:38:06 [http-nio-8081-exec-3] DEBUG o.s.w.f.CommonsRequestLoggingFilter - After request [GET /api/integrated-apis?page=0&size=10, client=0:0:0:0:0:0:0:1, user=admin@mail.com]
2025-10-12 19:38:08 [scheduling-1] INFO  c.m.b.k.service.DynamicRouteService - Starting route status sync with Camel context
2025-10-12 19:38:08 [scheduling-1] INFO  c.m.b.k.service.DynamicRouteService - Completed route status sync
2025-10-12 19:38:09 [http-nio-8081-exec-5] INFO  c.m.b.k.service.DynamicRouteService - Fetching active routes with pagination
2025-10-12 19:38:09 [http-nio-8081-exec-5] DEBUG o.s.w.f.CommonsRequestLoggingFilter - Before request [GET /api/integrated-apis/1, client=0:0:0:0:0:0:0:1, user=admin@mail.com]
2025-10-12 19:38:09 [http-nio-8081-exec-5] DEBUG o.s.web.servlet.DispatcherServlet - GET "/api/integrated-apis/1", parameters={}
2025-10-12 19:38:09 [http-nio-8081-exec-5] DEBUG o.s.w.s.m.m.a.RequestMappingHandlerMapping - Mapped to com.middleware.backend.kaotocamel.controller.IntegratedApiController#findById(Long)
2025-10-12 19:38:09 [http-nio-8081-exec-5] DEBUG o.s.w.s.m.m.a.HttpEntityMethodProcessor - Using 'application/json', given [application/json] and supported [application/json, application/*+json, application/yaml]
2025-10-12 19:38:09 [http-nio-8081-exec-5] DEBUG o.s.w.s.m.m.a.HttpEntityMethodProcessor - Writing [IntegratedApiDto(id=1, code=HEALTH_ANALYTICS, name=Health Analytics API, apiUrl=/api/analytics.json? (truncated)...]
2025-10-12 19:38:09 [http-nio-8081-exec-5] DEBUG o.s.web.servlet.DispatcherServlet - Completed 200 OK
2025-10-12 19:38:09 [http-nio-8081-exec-5] DEBUG o.a.camel.spring.SpringCamelContext - onApplicationEvent: ServletRequestHandledEvent: url=[/api/integrated-apis/1]; client=[0:0:0:0:0:0:0:1]; method=[GET]; status=[200]; servlet=[dispatcherServlet]; session=[null]; user=[admin@mail.com]; time=[59ms]
2025-10-12 19:38:09 [http-nio-8081-exec-5] DEBUG o.s.w.f.CommonsRequestLoggingFilter - After request [GET /api/integrated-apis/1, client=0:0:0:0:0:0:0:1, user=admin@mail.com]
2025-10-12 19:38:38 [scheduling-1] INFO  c.m.b.k.service.DynamicRouteService - Starting route status sync with Camel context
2025-10-12 19:38:38 [scheduling-1] INFO  c.m.b.k.service.DynamicRouteService - Completed route status sync
2025-10-12 19:39:08 [scheduling-1] INFO  c.m.b.k.service.DynamicRouteService - Starting route status sync with Camel context
2025-10-12 19:39:08 [scheduling-1] INFO  c.m.b.k.service.DynamicRouteService - Completed route status sync
2025-10-12 19:39:38 [scheduling-1] INFO  c.m.b.k.service.DynamicRouteService - Starting route status sync with Camel context
2025-10-12 19:39:38 [scheduling-1] INFO  c.m.b.k.service.DynamicRouteService - Completed route status sync
2025-10-12 19:40:08 [scheduling-1] INFO  c.m.b.k.service.DynamicRouteService - Starting route status sync with Camel context
2025-10-12 19:40:08 [scheduling-1] INFO  c.m.b.k.service.DynamicRouteService - Completed route status sync
2025-10-12 19:40:38 [scheduling-1] INFO  c.m.b.k.service.DynamicRouteService - Starting route status sync with Camel context
2025-10-12 19:40:38 [scheduling-1] INFO  c.m.b.k.service.DynamicRouteService - Completed route status sync
2025-10-12 19:40:52 [http-nio-8081-exec-9] INFO  c.m.b.k.service.DynamicRouteService - Fetching active routes with pagination
2025-10-12 19:40:52 [http-nio-8081-exec-8] INFO  c.m.b.k.service.DynamicRouteService - Fetching active routes with pagination
2025-10-12 19:40:52 [http-nio-8081-exec-10] INFO  c.m.b.k.service.DynamicRouteService - Fetching active routes with pagination
2025-10-12 19:40:52 [http-nio-8081-exec-8] DEBUG o.s.w.f.CommonsRequestLoggingFilter - Before request [GET /api/integrated-apis?page=0&size=10, client=0:0:0:0:0:0:0:1, user=admin@mail.com]
2025-10-12 19:40:52 [http-nio-8081-exec-8] DEBUG o.s.web.servlet.DispatcherServlet - GET "/api/integrated-apis?page=0&size=10", parameters={masked}
2025-10-12 19:40:52 [http-nio-8081-exec-8] DEBUG o.s.w.s.m.m.a.RequestMappingHandlerMapping - Mapped to com.middleware.backend.kaotocamel.controller.IntegratedApiController#findAll(String, String, String, String, String, Boolean, String, LocalDateTime, LocalDateTime, LocalDateTime, LocalDateTime, String, Long, Long, int, int, String[])
2025-10-12 19:40:52 [http-nio-8081-exec-8] INFO  c.m.b.k.c.IntegratedApiController - === SORTING DEBUG ===
2025-10-12 19:40:52 [http-nio-8081-exec-8] INFO  c.m.b.k.c.IntegratedApiController - Received sort array: [id, desc]
2025-10-12 19:40:52 [http-nio-8081-exec-8] INFO  c.m.b.k.c.IntegratedApiController - Sort array length: 2
2025-10-12 19:40:52 [http-nio-8081-exec-8] INFO  c.m.b.k.c.IntegratedApiController - sort[0] = 'id'
2025-10-12 19:40:52 [http-nio-8081-exec-8] INFO  c.m.b.k.c.IntegratedApiController - sort[1] = 'desc'
2025-10-12 19:40:52 [http-nio-8081-exec-8] DEBUG c.m.b.k.c.IntegratedApiController - Received sort params: [id, desc]
2025-10-12 19:40:52 [http-nio-8081-exec-8] DEBUG c.m.b.k.c.IntegratedApiController - Handling separated params - field: 'id', direction: 'desc'
2025-10-12 19:40:52 [http-nio-8081-exec-8] DEBUG c.m.b.k.c.IntegratedApiController - Added separated sort order: id DESC
2025-10-12 19:40:52 [http-nio-8081-exec-8] DEBUG c.m.b.k.c.IntegratedApiController - Final sort object: id: DESC
2025-10-12 19:40:52 [http-nio-8081-exec-8] INFO  c.m.b.k.c.IntegratedApiController - Final Sort object: id: DESC
2025-10-12 19:40:52 [http-nio-8081-exec-8] INFO  c.m.b.k.c.IntegratedApiController - === END SORTING DEBUG ===
2025-10-12 19:40:52 [http-nio-8081-exec-8] INFO  c.m.b.k.c.IntegratedApiController - Pageable: Page request [number: 0, size 10, sort: id: DESC]
2025-10-12 19:40:52 [http-nio-8081-exec-10] DEBUG o.s.w.f.CommonsRequestLoggingFilter - Before request [GET /api/integration-mappings/middleware-apis, client=0:0:0:0:0:0:0:1, user=admin@mail.com]
2025-10-12 19:40:52 [http-nio-8081-exec-10] DEBUG o.s.web.servlet.DispatcherServlet - GET "/api/integration-mappings/middleware-apis", parameters={}
2025-10-12 19:40:52 [http-nio-8081-exec-10] DEBUG o.s.w.s.m.m.a.RequestMappingHandlerMapping - Mapped to com.middleware.backend.kaotocamel.controller.IntegrationMappingAdminController#getMiddlewareApis()
2025-10-12 19:40:52 [http-nio-8081-exec-8] DEBUG o.s.w.s.m.m.a.HttpEntityMethodProcessor - Using 'application/json', given [application/json] and supported [application/json, application/*+json, application/yaml]
2025-10-12 19:40:52 [http-nio-8081-exec-8] DEBUG o.s.w.s.m.m.a.HttpEntityMethodProcessor - Writing [Page 1 of 1 containing com.middleware.backend.kaotocamel.dto.IntegratedApiDto instances]
2025-10-12 19:40:52 [http-nio-8081-exec-8] DEBUG o.s.web.servlet.DispatcherServlet - Completed 200 OK
2025-10-12 19:40:52 [http-nio-8081-exec-8] DEBUG o.a.camel.spring.SpringCamelContext - onApplicationEvent: ServletRequestHandledEvent: url=[/api/integrated-apis]; client=[0:0:0:0:0:0:0:1]; method=[GET]; status=[200]; servlet=[dispatcherServlet]; session=[null]; user=[admin@mail.com]; time=[68ms]
2025-10-12 19:40:52 [http-nio-8081-exec-8] DEBUG o.s.w.f.CommonsRequestLoggingFilter - After request [GET /api/integrated-apis?page=0&size=10, client=0:0:0:0:0:0:0:1, user=admin@mail.com]
2025-10-12 19:40:52 [http-nio-8081-exec-9] DEBUG o.s.w.f.CommonsRequestLoggingFilter - Before request [GET /api/integrated-apis/systems, client=0:0:0:0:0:0:0:1, user=admin@mail.com]
2025-10-12 19:40:52 [http-nio-8081-exec-9] DEBUG o.s.web.servlet.DispatcherServlet - GET "/api/integrated-apis/systems", parameters={}
2025-10-12 19:40:52 [http-nio-8081-exec-9] DEBUG o.s.w.s.m.m.a.RequestMappingHandlerMapping - Mapped to com.middleware.backend.kaotocamel.controller.IntegratedApiController#getIntegratedSystems()
2025-10-12 19:40:53 [http-nio-8081-exec-9] DEBUG o.s.w.s.m.m.a.HttpEntityMethodProcessor - Using 'application/json', given [application/json] and supported [application/json, application/*+json, application/yaml]
2025-10-12 19:40:53 [http-nio-8081-exec-9] DEBUG o.s.w.s.m.m.a.HttpEntityMethodProcessor - Writing [[DHIS2.2]]
2025-10-12 19:40:53 [http-nio-8081-exec-9] DEBUG o.s.web.servlet.DispatcherServlet - Completed 200 OK
2025-10-12 19:40:53 [http-nio-8081-exec-9] DEBUG o.a.camel.spring.SpringCamelContext - onApplicationEvent: ServletRequestHandledEvent: url=[/api/integrated-apis/systems]; client=[0:0:0:0:0:0:0:1]; method=[GET]; status=[200]; servlet=[dispatcherServlet]; session=[null]; user=[admin@mail.com]; time=[110ms]
2025-10-12 19:40:53 [http-nio-8081-exec-9] DEBUG o.s.w.f.CommonsRequestLoggingFilter - After request [GET /api/integrated-apis/systems, client=0:0:0:0:0:0:0:1, user=admin@mail.com]
2025-10-12 19:40:53 [http-nio-8081-exec-10] INFO  c.m.b.k.c.IntegrationMappingAdminController - Found 2 distinct middleware APIs
2025-10-12 19:40:53 [http-nio-8081-exec-10] DEBUG o.s.w.s.m.m.a.HttpEntityMethodProcessor - Using 'application/json', given [application/json] and supported [application/json, application/*+json, application/yaml]
2025-10-12 19:40:53 [http-nio-8081-exec-10] DEBUG o.s.w.s.m.m.a.HttpEntityMethodProcessor - Writing [[/healthmap, /healthmapATTR]]
2025-10-12 19:40:53 [http-nio-8081-exec-10] DEBUG o.s.web.servlet.DispatcherServlet - Completed 200 OK
2025-10-12 19:40:53 [http-nio-8081-exec-10] DEBUG o.a.camel.spring.SpringCamelContext - onApplicationEvent: ServletRequestHandledEvent: url=[/api/integration-mappings/middleware-apis]; client=[0:0:0:0:0:0:0:1]; method=[GET]; status=[200]; servlet=[dispatcherServlet]; session=[null]; user=[admin@mail.com]; time=[193ms]
2025-10-12 19:40:53 [http-nio-8081-exec-10] DEBUG o.s.w.f.CommonsRequestLoggingFilter - After request [GET /api/integration-mappings/middleware-apis, client=0:0:0:0:0:0:0:1, user=admin@mail.com]
2025-10-12 19:40:54 [http-nio-8081-exec-1] INFO  c.m.b.k.service.DynamicRouteService - Fetching active routes with pagination
2025-10-12 19:40:54 [http-nio-8081-exec-1] DEBUG o.s.w.f.CommonsRequestLoggingFilter - Before request [GET /api/integration-mappings/middleware-apis, client=0:0:0:0:0:0:0:1, user=admin@mail.com]
2025-10-12 19:40:54 [http-nio-8081-exec-1] DEBUG o.s.web.servlet.DispatcherServlet - GET "/api/integration-mappings/middleware-apis", parameters={}
2025-10-12 19:40:54 [http-nio-8081-exec-1] DEBUG o.s.w.s.m.m.a.RequestMappingHandlerMapping - Mapped to com.middleware.backend.kaotocamel.controller.IntegrationMappingAdminController#getMiddlewareApis()
2025-10-12 19:40:54 [http-nio-8081-exec-1] INFO  c.m.b.k.c.IntegrationMappingAdminController - Found 2 distinct middleware APIs
2025-10-12 19:40:54 [http-nio-8081-exec-1] DEBUG o.s.w.s.m.m.a.HttpEntityMethodProcessor - Using 'application/json', given [application/json] and supported [application/json, application/*+json, application/yaml]
2025-10-12 19:40:54 [http-nio-8081-exec-1] DEBUG o.s.w.s.m.m.a.HttpEntityMethodProcessor - Writing [[/healthmap, /healthmapATTR]]
2025-10-12 19:40:54 [http-nio-8081-exec-1] DEBUG o.s.web.servlet.DispatcherServlet - Completed 200 OK
2025-10-12 19:40:54 [http-nio-8081-exec-1] DEBUG o.a.camel.spring.SpringCamelContext - onApplicationEvent: ServletRequestHandledEvent: url=[/api/integration-mappings/middleware-apis]; client=[0:0:0:0:0:0:0:1]; method=[GET]; status=[200]; servlet=[dispatcherServlet]; session=[null]; user=[admin@mail.com]; time=[103ms]
2025-10-12 19:40:54 [http-nio-8081-exec-1] DEBUG o.s.w.f.CommonsRequestLoggingFilter - After request [GET /api/integration-mappings/middleware-apis, client=0:0:0:0:0:0:0:1, user=admin@mail.com]
2025-10-12 19:41:08 [scheduling-1] INFO  c.m.b.k.service.DynamicRouteService - Starting route status sync with Camel context
2025-10-12 19:41:08 [scheduling-1] INFO  c.m.b.k.service.DynamicRouteService - Completed route status sync
2025-10-12 19:41:11 [http-nio-8081-exec-5] INFO  c.m.b.k.service.DynamicRouteService - Fetching active routes with pagination
2025-10-12 19:41:11 [http-nio-8081-exec-5] DEBUG o.s.w.f.CommonsRequestLoggingFilter - Before request [GET /api/integrated-apis/2, client=0:0:0:0:0:0:0:1, user=admin@mail.com]
2025-10-12 19:41:11 [http-nio-8081-exec-5] DEBUG o.s.web.servlet.DispatcherServlet - GET "/api/integrated-apis/2", parameters={}
2025-10-12 19:41:11 [http-nio-8081-exec-5] DEBUG o.s.w.s.m.m.a.RequestMappingHandlerMapping - Mapped to com.middleware.backend.kaotocamel.controller.IntegratedApiController#findById(Long)
2025-10-12 19:41:11 [http-nio-8081-exec-5] DEBUG o.s.w.s.m.m.a.HttpEntityMethodProcessor - Using 'application/json', given [application/json] and supported [application/json, application/*+json, application/yaml]
2025-10-12 19:41:11 [http-nio-8081-exec-5] DEBUG o.s.w.s.m.m.a.HttpEntityMethodProcessor - Writing [IntegratedApiDto(id=2, code=METADATA, name=metadata url, apiUrl=/api/metadata.json?organisationUnits (truncated)...]
2025-10-12 19:41:11 [http-nio-8081-exec-5] DEBUG o.s.web.servlet.DispatcherServlet - Completed 200 OK
2025-10-12 19:41:11 [http-nio-8081-exec-5] DEBUG o.a.camel.spring.SpringCamelContext - onApplicationEvent: ServletRequestHandledEvent: url=[/api/integrated-apis/2]; client=[0:0:0:0:0:0:0:1]; method=[GET]; status=[200]; servlet=[dispatcherServlet]; session=[null]; user=[admin@mail.com]; time=[76ms]
2025-10-12 19:41:11 [http-nio-8081-exec-5] DEBUG o.s.w.f.CommonsRequestLoggingFilter - After request [GET /api/integrated-apis/2, client=0:0:0:0:0:0:0:1, user=admin@mail.com]
2025-10-12 19:41:38 [scheduling-1] INFO  c.m.b.k.service.DynamicRouteService - Starting route status sync with Camel context
2025-10-12 19:41:38 [scheduling-1] INFO  c.m.b.k.service.DynamicRouteService - Completed route status sync
2025-10-12 19:42:08 [scheduling-1] INFO  c.m.b.k.service.DynamicRouteService - Starting route status sync with Camel context
2025-10-12 19:42:08 [scheduling-1] INFO  c.m.b.k.service.DynamicRouteService - Completed route status sync
2025-10-12 19:42:38 [scheduling-1] INFO  c.m.b.k.service.DynamicRouteService - Starting route status sync with Camel context
2025-10-12 19:42:38 [scheduling-1] INFO  c.m.b.k.service.DynamicRouteService - Completed route status sync
2025-10-12 19:43:08 [scheduling-1] INFO  c.m.b.k.service.DynamicRouteService - Starting route status sync with Camel context
2025-10-12 19:43:08 [scheduling-1] INFO  c.m.b.k.service.DynamicRouteService - Completed route status sync
2025-10-12 19:43:38 [scheduling-1] INFO  c.m.b.k.service.DynamicRouteService - Starting route status sync with Camel context
2025-10-12 19:43:38 [scheduling-1] INFO  c.m.b.k.service.DynamicRouteService - Completed route status sync
2025-10-12 19:44:08 [scheduling-1] INFO  c.m.b.k.service.DynamicRouteService - Starting route status sync with Camel context
2025-10-12 19:44:08 [scheduling-1] INFO  c.m.b.k.service.DynamicRouteService - Completed route status sync
2025-10-12 19:44:38 [scheduling-1] INFO  c.m.b.k.service.DynamicRouteService - Starting route status sync with Camel context
2025-10-12 19:44:38 [scheduling-1] INFO  c.m.b.k.service.DynamicRouteService - Completed route status sync
2025-10-12 19:44:40 [http-nio-8081-exec-8] INFO  c.m.b.k.service.DynamicRouteService - Fetching active routes with pagination
2025-10-12 19:44:41 [http-nio-8081-exec-8] DEBUG o.s.w.f.CommonsRequestLoggingFilter - Before request [PUT /api/integrated-apis/2, client=0:0:0:0:0:0:0:1, user=admin@mail.com]
2025-10-12 19:44:41 [http-nio-8081-exec-8] DEBUG o.s.web.servlet.DispatcherServlet - PUT "/api/integrated-apis/2", parameters={}
2025-10-12 19:44:41 [http-nio-8081-exec-8] DEBUG o.s.w.s.m.m.a.RequestMappingHandlerMapping - Mapped to com.middleware.backend.kaotocamel.controller.IntegratedApiController#update(Long, IntegratedApiRequestDto)
2025-10-12 19:44:41 [http-nio-8081-exec-8] DEBUG o.s.w.s.m.m.a.RequestResponseBodyMethodProcessor - Read "application/json;charset=UTF-8" to [IntegratedApiRequestDto(code=METADATA, name=metadata url, apiUrl=/api/metadata.json?organisationUnit (truncated)...]
2025-10-12 19:44:41 [http-nio-8081-exec-8] INFO  c.m.b.k.service.IntegratedApiService - Updating integrated API: 2
2025-10-12 19:44:41 [http-nio-8081-exec-8] INFO  c.m.b.k.service.IntegratedApiService - Updated integrated API: METADATA
2025-10-12 19:44:41 [http-nio-8081-exec-8] INFO  c.m.b.k.c.IntegratedApiController - Updated integrated API: METADATA
2025-10-12 19:44:41 [http-nio-8081-exec-8] DEBUG o.s.w.s.m.m.a.HttpEntityMethodProcessor - Using 'application/json', given [application/json] and supported [application/json, application/*+json, application/yaml]
2025-10-12 19:44:41 [http-nio-8081-exec-8] DEBUG o.s.w.s.m.m.a.HttpEntityMethodProcessor - Writing [IntegratedApiDto(id=2, code=METADATA, name=metadata url, apiUrl=/api/metadata.json?organisationUnits (truncated)...]
2025-10-12 19:44:41 [http-nio-8081-exec-8] DEBUG o.s.web.servlet.DispatcherServlet - Completed 200 OK
2025-10-12 19:44:41 [http-nio-8081-exec-8] DEBUG o.a.camel.spring.SpringCamelContext - onApplicationEvent: ServletRequestHandledEvent: url=[/api/integrated-apis/2]; client=[0:0:0:0:0:0:0:1]; method=[PUT]; status=[200]; servlet=[dispatcherServlet]; session=[null]; user=[admin@mail.com]; time=[425ms]
2025-10-12 19:44:41 [http-nio-8081-exec-8] DEBUG o.s.w.f.CommonsRequestLoggingFilter - After request [PUT /api/integrated-apis/2, client=0:0:0:0:0:0:0:1, user=admin@mail.com, payload={"code":"METADATA","name":"metadata url","type":"METADATA","integratedSystem":"DHIS2.2","apiUrl":"/api/metadata.json?organisationUnits=true&fields=id,code,name,displayName,shortName,description,openingDate,closedDate,level,phoneNumber,email,address,url,parent[id,code,name,displayName,level],translations,organisationUnitGroups[id,code,name],lastUpdated,lastUpdatedBy[id,displayName,username],attributeValues[value,attribute[id,code,name]]","description":null,"isActive":true,"boundApiCode":"/healthmap"}]
2025-10-12 19:44:41 [http-nio-8081-exec-9] INFO  c.m.b.k.service.DynamicRouteService - Fetching active routes with pagination
2025-10-12 19:44:42 [http-nio-8081-exec-10] INFO  c.m.b.k.service.DynamicRouteService - Fetching active routes with pagination
2025-10-12 19:44:42 [http-nio-8081-exec-9] DEBUG o.s.w.f.CommonsRequestLoggingFilter - Before request [GET /api/integrated-apis?page=0&size=10, client=0:0:0:0:0:0:0:1, user=admin@mail.com]
2025-10-12 19:44:42 [http-nio-8081-exec-9] DEBUG o.s.web.servlet.DispatcherServlet - GET "/api/integrated-apis?page=0&size=10", parameters={masked}
2025-10-12 19:44:42 [http-nio-8081-exec-9] DEBUG o.s.w.s.m.m.a.RequestMappingHandlerMapping - Mapped to com.middleware.backend.kaotocamel.controller.IntegratedApiController#findAll(String, String, String, String, String, Boolean, String, LocalDateTime, LocalDateTime, LocalDateTime, LocalDateTime, String, Long, Long, int, int, String[])
2025-10-12 19:44:42 [http-nio-8081-exec-9] INFO  c.m.b.k.c.IntegratedApiController - === SORTING DEBUG ===
2025-10-12 19:44:42 [http-nio-8081-exec-9] INFO  c.m.b.k.c.IntegratedApiController - Received sort array: [id, desc]
2025-10-12 19:44:42 [http-nio-8081-exec-9] INFO  c.m.b.k.c.IntegratedApiController - Sort array length: 2
2025-10-12 19:44:42 [http-nio-8081-exec-9] INFO  c.m.b.k.c.IntegratedApiController - sort[0] = 'id'
2025-10-12 19:44:42 [http-nio-8081-exec-9] INFO  c.m.b.k.c.IntegratedApiController - sort[1] = 'desc'
2025-10-12 19:44:42 [http-nio-8081-exec-9] DEBUG c.m.b.k.c.IntegratedApiController - Received sort params: [id, desc]
2025-10-12 19:44:42 [http-nio-8081-exec-9] DEBUG c.m.b.k.c.IntegratedApiController - Handling separated params - field: 'id', direction: 'desc'
2025-10-12 19:44:42 [http-nio-8081-exec-9] DEBUG c.m.b.k.c.IntegratedApiController - Added separated sort order: id DESC
2025-10-12 19:44:42 [http-nio-8081-exec-9] DEBUG c.m.b.k.c.IntegratedApiController - Final sort object: id: DESC
2025-10-12 19:44:42 [http-nio-8081-exec-9] INFO  c.m.b.k.c.IntegratedApiController - Final Sort object: id: DESC
2025-10-12 19:44:42 [http-nio-8081-exec-9] INFO  c.m.b.k.c.IntegratedApiController - === END SORTING DEBUG ===
2025-10-12 19:44:42 [http-nio-8081-exec-9] INFO  c.m.b.k.c.IntegratedApiController - Pageable: Page request [number: 0, size 10, sort: id: DESC]
2025-10-12 19:44:42 [http-nio-8081-exec-9] DEBUG o.s.w.s.m.m.a.HttpEntityMethodProcessor - Using 'application/json', given [application/json] and supported [application/json, application/*+json, application/yaml]
2025-10-12 19:44:42 [http-nio-8081-exec-9] DEBUG o.s.w.s.m.m.a.HttpEntityMethodProcessor - Writing [Page 1 of 1 containing com.middleware.backend.kaotocamel.dto.IntegratedApiDto instances]
2025-10-12 19:44:42 [http-nio-8081-exec-9] DEBUG o.s.web.servlet.DispatcherServlet - Completed 200 OK
2025-10-12 19:44:42 [http-nio-8081-exec-9] DEBUG o.a.camel.spring.SpringCamelContext - onApplicationEvent: ServletRequestHandledEvent: url=[/api/integrated-apis]; client=[0:0:0:0:0:0:0:1]; method=[GET]; status=[200]; servlet=[dispatcherServlet]; session=[null]; user=[admin@mail.com]; time=[90ms]
2025-10-12 19:44:42 [http-nio-8081-exec-9] DEBUG o.s.w.f.CommonsRequestLoggingFilter - After request [GET /api/integrated-apis?page=0&size=10, client=0:0:0:0:0:0:0:1, user=admin@mail.com]
2025-10-12 19:44:42 [http-nio-8081-exec-10] DEBUG o.s.w.f.CommonsRequestLoggingFilter - Before request [GET /api/integrated-apis/systems, client=0:0:0:0:0:0:0:1, user=admin@mail.com]
2025-10-12 19:44:42 [http-nio-8081-exec-10] DEBUG o.s.web.servlet.DispatcherServlet - GET "/api/integrated-apis/systems", parameters={}
2025-10-12 19:44:42 [http-nio-8081-exec-10] DEBUG o.s.w.s.m.m.a.RequestMappingHandlerMapping - Mapped to com.middleware.backend.kaotocamel.controller.IntegratedApiController#getIntegratedSystems()
2025-10-12 19:44:42 [http-nio-8081-exec-10] DEBUG o.s.w.s.m.m.a.HttpEntityMethodProcessor - Using 'application/json', given [application/json] and supported [application/json, application/*+json, application/yaml]
2025-10-12 19:44:42 [http-nio-8081-exec-10] DEBUG o.s.w.s.m.m.a.HttpEntityMethodProcessor - Writing [[DHIS2.2]]
2025-10-12 19:44:42 [http-nio-8081-exec-10] DEBUG o.s.web.servlet.DispatcherServlet - Completed 200 OK
2025-10-12 19:44:42 [http-nio-8081-exec-10] DEBUG o.a.camel.spring.SpringCamelContext - onApplicationEvent: ServletRequestHandledEvent: url=[/api/integrated-apis/systems]; client=[0:0:0:0:0:0:0:1]; method=[GET]; status=[200]; servlet=[dispatcherServlet]; session=[null]; user=[admin@mail.com]; time=[76ms]
2025-10-12 19:44:42 [http-nio-8081-exec-10] DEBUG o.s.w.f.CommonsRequestLoggingFilter - After request [GET /api/integrated-apis/systems, client=0:0:0:0:0:0:0:1, user=admin@mail.com]
2025-10-12 19:44:47 [http-nio-8081-exec-3] INFO  c.m.b.k.service.DynamicRouteService - Fetching active routes with pagination
2025-10-12 19:44:47 [http-nio-8081-exec-3] DEBUG o.s.w.f.CommonsRequestLoggingFilter - Before request [GET /api/middleware/healthmap?pe=202509&ou=FKE8yFr2PKg&_dhis2Code=DHIS2.2, client=0:0:0:0:0:0:0:1, user=admin@mail.com]
2025-10-12 19:44:47 [http-nio-8081-exec-3] DEBUG o.s.web.servlet.DispatcherServlet - GET "/api/middleware/healthmap?pe=202509&ou=FKE8yFr2PKg&_dhis2Code=DHIS2.2", parameters={masked}
2025-10-12 19:44:47 [http-nio-8081-exec-3] DEBUG o.s.w.s.m.m.a.RequestMappingHandlerMapping - Mapped to com.middleware.backend.kaotocamel.controller.MiddlewareController#processMiddlewareRequest(String, String, String, String)
2025-10-12 19:44:47 [http-nio-8081-exec-3] INFO  c.m.b.k.c.MiddlewareController - Processing middleware request - API: /healthmap, Period: 202509, OU: FKE8yFr2PKg, DHIS2: DHIS2.2
2025-10-12 19:44:47 [http-nio-8081-exec-3] INFO  c.m.b.k.s.MiddlewareProcessorService - Processing middleware request for API: /healthmap with period: 202509, ou: FKE8yFr2PKg
2025-10-12 19:44:47 [http-nio-8081-exec-3] INFO  c.m.b.k.s.MiddlewareProcessorService - Note: _dhis2Code parameter (DHIS2.2) is ignored - each API uses its own integratedSystem
2025-10-12 19:44:47 [http-nio-8081-exec-3] DEBUG c.m.b.k.s.MiddlewareProcessorService - Request parameters - ou: FKE8yFr2PKg, pe: 202509
2025-10-12 19:44:47 [http-nio-8081-exec-3] INFO  c.m.b.k.s.MiddlewareProcessorService - Grouped 8 mappings into 2 API calls
2025-10-12 19:44:47 [http-nio-8081-exec-3] INFO  c.m.b.k.s.MiddlewareProcessorService - Fetching org units metadata using integratedSystem: DHIS2.2
2025-10-12 19:44:47 [http-nio-8081-exec-3] INFO  c.m.b.k.service.Dhis2ClientService - Fetching metadata using integratedSystem: DHIS2.2 (from metadata API)
2025-10-12 19:44:47 [http-nio-8081-exec-3] DEBUG o.s.web.client.RestTemplate - HTTP GET https://hmis-dev.moh.gov.jo/dwh/api/metadata.json?organisationUnits=true&fields=id,code,name,displayName,shortName,description,openingDate,closedDate,level,phoneNumber,email,address,url,parent%5Bid,code,name,displayName,level%5D,translations,organisationUnitGroups%5Bid,code,name%5D,lastUpdated,lastUpdatedBy%5Bid,displayName,username%5D,attributeValues%5Bvalue,attribute%5Bid,code,name%5D%5D
2025-10-12 19:44:47 [http-nio-8081-exec-3] DEBUG o.s.web.client.RestTemplate - Accept=[text/plain, application/json, application/yaml, application/*+json, */*]
2025-10-12 19:44:48 [http-nio-8081-exec-3] DEBUG o.s.web.client.RestTemplate - Response 200 OK
2025-10-12 19:44:48 [http-nio-8081-exec-3] DEBUG o.s.web.client.RestTemplate - Reading to [java.lang.String] as "application/json;charset=UTF-8"
2025-10-12 19:44:49 [http-nio-8081-exec-3] INFO  c.m.b.k.service.Dhis2ClientService - Fetched 2201 org units from metadata API (integratedSystem: DHIS2.2)
2025-10-12 19:44:50 [http-nio-8081-exec-3] INFO  c.m.b.k.s.MiddlewareProcessorService - Executing call for API: HEALTH_ANALYTICS (ANALYTICS) using integratedSystem: DHIS2.2
2025-10-12 19:44:50 [http-nio-8081-exec-3] DEBUG c.m.b.k.s.MiddlewareProcessorService - API flags - useOuFromRequest: false, usePeFromRequest: true
2025-10-12 19:44:50 [http-nio-8081-exec-3] INFO  c.m.b.k.service.Dhis2ClientService - Using DHIS2 settings: integratedSystem=DHIS2.2, baseUrl=HTTPS://hmis-dev.moh.gov.jo/dwh
2025-10-12 19:44:50 [http-nio-8081-exec-3] DEBUG c.m.b.k.service.Dhis2ClientService - Built Analytics URL with flags (useOu=false, usePe=true): /api/analytics.json?dimension=dx:Km0qVQob9MY;mCKqwPcYW7t.tsWtbszbNxf;mCKqwPcYW7t.btKH0SkeKBO;TrtkNB5aAds;XT0h5EGwdf9;xvHA0fLRcyX&dimension=ou:FKE8yFr2PKg;fcAX51tsDmQ&dimension=pe:202509
2025-10-12 19:44:50 [http-nio-8081-exec-3] DEBUG o.s.web.client.RestTemplate - HTTP GET https://hmis-dev.moh.gov.jo/dwh/api/analytics.json?dimension=dx:Km0qVQob9MY;mCKqwPcYW7t.tsWtbszbNxf;mCKqwPcYW7t.btKH0SkeKBO;TrtkNB5aAds;XT0h5EGwdf9;xvHA0fLRcyX&dimension=ou:FKE8yFr2PKg;fcAX51tsDmQ&dimension=pe:202509
2025-10-12 19:44:50 [http-nio-8081-exec-3] DEBUG o.s.web.client.RestTemplate - Accept=[text/plain, application/json, application/yaml, application/*+json, */*]
2025-10-12 19:44:50 [http-nio-8081-exec-3] DEBUG o.s.web.client.RestTemplate - Response 200 OK
2025-10-12 19:44:50 [http-nio-8081-exec-3] DEBUG o.s.web.client.RestTemplate - Reading to [java.lang.String] as "application/json;charset=UTF-8"
2025-10-12 19:44:50 [http-nio-8081-exec-3] INFO  c.m.b.k.s.MiddlewareProcessorService - Executing call for API: ATTR (ANALYTICS) using integratedSystem: DHIS2.2
2025-10-12 19:44:50 [http-nio-8081-exec-3] DEBUG c.m.b.k.s.MiddlewareProcessorService - API flags - useOuFromRequest: false, usePeFromRequest: false
2025-10-12 19:44:50 [http-nio-8081-exec-3] INFO  c.m.b.k.service.Dhis2ClientService - Using DHIS2 settings: integratedSystem=DHIS2.2, baseUrl=HTTPS://hmis-dev.moh.gov.jo/dwh
2025-10-12 19:44:50 [http-nio-8081-exec-3] DEBUG c.m.b.k.service.Dhis2ClientService - Built Analytics URL with flags (useOu=false, usePe=false): /api/analytics.json?dimension=dx:mCryL70xgcR;mCryL70xgcR.koh0tliu6RV;mCryL70xgcR.n7l9dA920vy;eeGloPJ7lGX&dimension=ou:CI1vsTW2OMP&dimension=pe:202507&dimension=UedUhlkhYWX:M0TzDNQdeju
2025-10-12 19:44:50 [http-nio-8081-exec-3] DEBUG o.s.web.client.RestTemplate - HTTP GET https://hmis-dev.moh.gov.jo/dwh/api/analytics.json?dimension=dx:mCryL70xgcR;mCryL70xgcR.koh0tliu6RV;mCryL70xgcR.n7l9dA920vy;eeGloPJ7lGX&dimension=ou:CI1vsTW2OMP&dimension=pe:202507&dimension=UedUhlkhYWX:M0TzDNQdeju
2025-10-12 19:44:50 [http-nio-8081-exec-3] DEBUG o.s.web.client.RestTemplate - Accept=[text/plain, application/json, application/yaml, application/*+json, */*]
2025-10-12 19:44:51 [http-nio-8081-exec-3] DEBUG o.s.web.client.RestTemplate - Response 200 OK
2025-10-12 19:44:51 [http-nio-8081-exec-3] DEBUG o.s.web.client.RestTemplate - Reading to [java.lang.String] as "application/json;charset=UTF-8"
2025-10-12 19:44:51 [http-nio-8081-exec-3] INFO  c.m.b.k.s.MiddlewareProcessorService - Detected attribute dimension: UedUhlkhYWX at index 3
2025-10-12 19:44:51 [http-nio-8081-exec-3] INFO  c.m.b.k.s.MiddlewareProcessorService - Built middleware response with 3 rows
2025-10-12 19:44:51 [http-nio-8081-exec-3] INFO  c.m.b.k.c.MiddlewareController - Middleware request processed - API: /healthmap, Time: 3675ms, Rows: 3
2025-10-12 19:44:51 [http-nio-8081-exec-3] DEBUG o.s.w.s.m.m.a.HttpEntityMethodProcessor - Using 'application/json', given [*/*] and supported [application/json, application/*+json, application/yaml]
2025-10-12 19:44:51 [http-nio-8081-exec-3] DEBUG o.s.w.s.m.m.a.HttpEntityMethodProcessor - Writing [MiddlewareResponseDto(rows=[MiddlewareRowDto(ou=FKE8yFr2PKg, ouName=اربد, ouDetails={code=21, name=I (truncated)...]
2025-10-12 19:44:51 [http-nio-8081-exec-3] DEBUG o.s.web.servlet.DispatcherServlet - Completed 200 OK
2025-10-12 19:44:51 [http-nio-8081-exec-3] DEBUG o.a.camel.spring.SpringCamelContext - onApplicationEvent: ServletRequestHandledEvent: url=[/api/middleware/healthmap]; client=[0:0:0:0:0:0:0:1]; method=[GET]; status=[200]; servlet=[dispatcherServlet]; session=[null]; user=[admin@mail.com]; time=[3678ms]
2025-10-12 19:44:51 [http-nio-8081-exec-3] DEBUG o.s.w.f.CommonsRequestLoggingFilter - After request [GET /api/middleware/healthmap?pe=202509&ou=FKE8yFr2PKg&_dhis2Code=DHIS2.2, client=0:0:0:0:0:0:0:1, user=admin@mail.com]
2025-10-12 19:45:08 [scheduling-1] INFO  c.m.b.k.service.DynamicRouteService - Starting route status sync with Camel context
2025-10-12 19:45:08 [scheduling-1] INFO  c.m.b.k.service.DynamicRouteService - Completed route status sync
2025-10-12 19:45:18 [http-nio-8081-exec-2] INFO  c.m.b.k.service.DynamicRouteService - Fetching active routes with pagination
2025-10-12 19:45:18 [http-nio-8081-exec-2] DEBUG o.s.w.f.CommonsRequestLoggingFilter - Before request [GET /api/integrated-apis/4, client=0:0:0:0:0:0:0:1, user=admin@mail.com]
2025-10-12 19:45:18 [http-nio-8081-exec-2] DEBUG o.s.web.servlet.DispatcherServlet - GET "/api/integrated-apis/4", parameters={}
2025-10-12 19:45:18 [http-nio-8081-exec-2] DEBUG o.s.w.s.m.m.a.RequestMappingHandlerMapping - Mapped to com.middleware.backend.kaotocamel.controller.IntegratedApiController#findById(Long)
2025-10-12 19:45:18 [http-nio-8081-exec-2] DEBUG o.s.w.s.m.m.a.HttpEntityMethodProcessor - Using 'application/json', given [application/json] and supported [application/json, application/*+json, application/yaml]
2025-10-12 19:45:18 [http-nio-8081-exec-2] DEBUG o.s.w.s.m.m.a.HttpEntityMethodProcessor - Writing [IntegratedApiDto(id=4, code=Kadomi, name=Kadomi, apiUrl=/api/analytics.json?dimension=dx:k5A4Y81dCWK (truncated)...]
2025-10-12 19:45:18 [http-nio-8081-exec-2] DEBUG o.s.web.servlet.DispatcherServlet - Completed 200 OK
2025-10-12 19:45:18 [http-nio-8081-exec-2] DEBUG o.a.camel.spring.SpringCamelContext - onApplicationEvent: ServletRequestHandledEvent: url=[/api/integrated-apis/4]; client=[0:0:0:0:0:0:0:1]; method=[GET]; status=[200]; servlet=[dispatcherServlet]; session=[null]; user=[admin@mail.com]; time=[73ms]
2025-10-12 19:45:18 [http-nio-8081-exec-2] DEBUG o.s.w.f.CommonsRequestLoggingFilter - After request [GET /api/integrated-apis/4, client=0:0:0:0:0:0:0:1, user=admin@mail.com]
2025-10-12 19:45:38 [scheduling-1] INFO  c.m.b.k.service.DynamicRouteService - Starting route status sync with Camel context
2025-10-12 19:45:38 [scheduling-1] INFO  c.m.b.k.service.DynamicRouteService - Completed route status sync
2025-10-12 19:46:08 [scheduling-1] INFO  c.m.b.k.service.DynamicRouteService - Starting route status sync with Camel context
2025-10-12 19:46:08 [scheduling-1] INFO  c.m.b.k.service.DynamicRouteService - Completed route status sync
2025-10-12 19:46:32 [http-nio-8081-exec-9] INFO  c.m.b.k.service.DynamicRouteService - Fetching active routes with pagination
2025-10-12 19:46:32 [http-nio-8081-exec-9] DEBUG o.s.w.f.CommonsRequestLoggingFilter - Before request [GET /api/integrated-apis/3, client=0:0:0:0:0:0:0:1, user=admin@mail.com]
2025-10-12 19:46:32 [http-nio-8081-exec-9] DEBUG o.s.web.servlet.DispatcherServlet - GET "/api/integrated-apis/3", parameters={}
2025-10-12 19:46:32 [http-nio-8081-exec-9] DEBUG o.s.w.s.m.m.a.RequestMappingHandlerMapping - Mapped to com.middleware.backend.kaotocamel.controller.IntegratedApiController#findById(Long)
2025-10-12 19:46:32 [http-nio-8081-exec-9] DEBUG o.s.w.s.m.m.a.HttpEntityMethodProcessor - Using 'application/json', given [application/json] and supported [application/json, application/*+json, application/yaml]
2025-10-12 19:46:32 [http-nio-8081-exec-9] DEBUG o.s.w.s.m.m.a.HttpEntityMethodProcessor - Writing [IntegratedApiDto(id=3, code=ATTR, name=Hospital Monthly Report API, apiUrl=/api/analytics.json?dimen (truncated)...]
2025-10-12 19:46:32 [http-nio-8081-exec-9] DEBUG o.s.web.servlet.DispatcherServlet - Completed 200 OK
2025-10-12 19:46:32 [http-nio-8081-exec-9] DEBUG o.a.camel.spring.SpringCamelContext - onApplicationEvent: ServletRequestHandledEvent: url=[/api/integrated-apis/3]; client=[0:0:0:0:0:0:0:1]; method=[GET]; status=[200]; servlet=[dispatcherServlet]; session=[null]; user=[admin@mail.com]; time=[55ms]
2025-10-12 19:46:32 [http-nio-8081-exec-9] DEBUG o.s.w.f.CommonsRequestLoggingFilter - After request [GET /api/integrated-apis/3, client=0:0:0:0:0:0:0:1, user=admin@mail.com]
2025-10-12 19:46:38 [scheduling-1] INFO  c.m.b.k.service.DynamicRouteService - Starting route status sync with Camel context
2025-10-12 19:46:38 [scheduling-1] INFO  c.m.b.k.service.DynamicRouteService - Completed route status sync
2025-10-12 19:47:08 [scheduling-1] INFO  c.m.b.k.service.DynamicRouteService - Starting route status sync with Camel context
2025-10-12 19:47:08 [scheduling-1] INFO  c.m.b.k.service.DynamicRouteService - Completed route status sync
2025-10-12 19:47:38 [scheduling-1] INFO  c.m.b.k.service.DynamicRouteService - Starting route status sync with Camel context
2025-10-12 19:47:38 [scheduling-1] INFO  c.m.b.k.service.DynamicRouteService - Completed route status sync
2025-10-12 19:48:08 [scheduling-1] INFO  c.m.b.k.service.DynamicRouteService - Starting route status sync with Camel context
2025-10-12 19:48:08 [scheduling-1] INFO  c.m.b.k.service.DynamicRouteService - Completed route status sync
2025-10-12 19:48:38 [scheduling-1] INFO  c.m.b.k.service.DynamicRouteService - Starting route status sync with Camel context
2025-10-12 19:48:38 [scheduling-1] INFO  c.m.b.k.service.DynamicRouteService - Completed route status sync
2025-10-12 19:49:08 [scheduling-1] INFO  c.m.b.k.service.DynamicRouteService - Starting route status sync with Camel context
2025-10-12 19:49:08 [scheduling-1] INFO  c.m.b.k.service.DynamicRouteService - Completed route status sync
2025-10-12 19:49:38 [scheduling-1] INFO  c.m.b.k.service.DynamicRouteService - Starting route status sync with Camel context
2025-10-12 19:49:38 [scheduling-1] INFO  c.m.b.k.service.DynamicRouteService - Completed route status sync
2025-10-12 19:50:08 [scheduling-1] INFO  c.m.b.k.service.DynamicRouteService - Starting route status sync with Camel context
2025-10-12 19:50:08 [scheduling-1] INFO  c.m.b.k.service.DynamicRouteService - Completed route status sync
2025-10-12 19:50:38 [scheduling-1] INFO  c.m.b.k.service.DynamicRouteService - Starting route status sync with Camel context
2025-10-12 19:50:38 [scheduling-1] INFO  c.m.b.k.service.DynamicRouteService - Completed route status sync
2025-10-12 19:51:08 [scheduling-1] INFO  c.m.b.k.service.DynamicRouteService - Starting route status sync with Camel context
2025-10-12 19:51:08 [scheduling-1] INFO  c.m.b.k.service.DynamicRouteService - Completed route status sync
2025-10-12 19:51:38 [scheduling-1] INFO  c.m.b.k.service.DynamicRouteService - Starting route status sync with Camel context
2025-10-12 19:51:38 [scheduling-1] INFO  c.m.b.k.service.DynamicRouteService - Completed route status sync
2025-10-12 19:52:08 [scheduling-1] INFO  c.m.b.k.service.DynamicRouteService - Starting route status sync with Camel context
2025-10-12 19:52:08 [scheduling-1] INFO  c.m.b.k.service.DynamicRouteService - Completed route status sync
2025-10-12 19:52:38 [scheduling-1] INFO  c.m.b.k.service.DynamicRouteService - Starting route status sync with Camel context
2025-10-12 19:52:38 [scheduling-1] INFO  c.m.b.k.service.DynamicRouteService - Completed route status sync
2025-10-12 19:53:08 [scheduling-1] INFO  c.m.b.k.service.DynamicRouteService - Starting route status sync with Camel context
2025-10-12 19:53:08 [scheduling-1] INFO  c.m.b.k.service.DynamicRouteService - Completed route status sync
2025-10-12 19:53:38 [scheduling-1] INFO  c.m.b.k.service.DynamicRouteService - Starting route status sync with Camel context
2025-10-12 19:53:38 [scheduling-1] INFO  c.m.b.k.service.DynamicRouteService - Completed route status sync
2025-10-12 19:54:08 [scheduling-1] INFO  c.m.b.k.service.DynamicRouteService - Starting route status sync with Camel context
2025-10-12 19:54:08 [scheduling-1] INFO  c.m.b.k.service.DynamicRouteService - Completed route status sync
2025-10-12 19:54:38 [scheduling-1] INFO  c.m.b.k.service.DynamicRouteService - Starting route status sync with Camel context
2025-10-12 19:54:38 [scheduling-1] INFO  c.m.b.k.service.DynamicRouteService - Completed route status sync
2025-10-12 19:55:08 [scheduling-1] INFO  c.m.b.k.service.DynamicRouteService - Starting route status sync with Camel context
2025-10-12 19:55:08 [scheduling-1] INFO  c.m.b.k.service.DynamicRouteService - Completed route status sync
2025-10-12 19:55:26 [http-nio-8081-exec-3] INFO  c.m.b.k.service.DynamicRouteService - Fetching active routes with pagination
2025-10-12 19:55:27 [http-nio-8081-exec-3] DEBUG o.s.w.f.CommonsRequestLoggingFilter - Before request [GET /api/integrated-apis?page=0&size=10&sort=id%2Casc, client=0:0:0:0:0:0:0:1, user=admin@mail.com]
2025-10-12 19:55:27 [http-nio-8081-exec-3] DEBUG o.s.web.servlet.DispatcherServlet - GET "/api/integrated-apis?page=0&size=10&sort=id%2Casc", parameters={masked}
2025-10-12 19:55:27 [http-nio-8081-exec-3] DEBUG o.s.w.s.m.m.a.RequestMappingHandlerMapping - Mapped to com.middleware.backend.kaotocamel.controller.IntegratedApiController#findAll(String, String, String, String, String, Boolean, String, LocalDateTime, LocalDateTime, LocalDateTime, LocalDateTime, String, Long, Long, int, int, String[])
2025-10-12 19:55:27 [http-nio-8081-exec-3] INFO  c.m.b.k.c.IntegratedApiController - === SORTING DEBUG ===
2025-10-12 19:55:27 [http-nio-8081-exec-3] INFO  c.m.b.k.c.IntegratedApiController - Received sort array: [id, asc]
2025-10-12 19:55:27 [http-nio-8081-exec-3] INFO  c.m.b.k.c.IntegratedApiController - Sort array length: 2
2025-10-12 19:55:27 [http-nio-8081-exec-3] INFO  c.m.b.k.c.IntegratedApiController - sort[0] = 'id'
2025-10-12 19:55:27 [http-nio-8081-exec-3] INFO  c.m.b.k.c.IntegratedApiController - sort[1] = 'asc'
2025-10-12 19:55:27 [http-nio-8081-exec-3] DEBUG c.m.b.k.c.IntegratedApiController - Received sort params: [id, asc]
2025-10-12 19:55:27 [http-nio-8081-exec-3] DEBUG c.m.b.k.c.IntegratedApiController - Handling separated params - field: 'id', direction: 'asc'
2025-10-12 19:55:27 [http-nio-8081-exec-3] DEBUG c.m.b.k.c.IntegratedApiController - Added separated sort order: id ASC
2025-10-12 19:55:27 [http-nio-8081-exec-3] DEBUG c.m.b.k.c.IntegratedApiController - Final sort object: id: ASC
2025-10-12 19:55:27 [http-nio-8081-exec-3] INFO  c.m.b.k.c.IntegratedApiController - Final Sort object: id: ASC
2025-10-12 19:55:27 [http-nio-8081-exec-3] INFO  c.m.b.k.c.IntegratedApiController - === END SORTING DEBUG ===
2025-10-12 19:55:27 [http-nio-8081-exec-3] INFO  c.m.b.k.c.IntegratedApiController - Pageable: Page request [number: 0, size 10, sort: id: ASC]
2025-10-12 19:55:27 [http-nio-8081-exec-3] DEBUG o.s.w.s.m.m.a.HttpEntityMethodProcessor - Using 'application/json', given [application/json] and supported [application/json, application/*+json, application/yaml]
2025-10-12 19:55:27 [http-nio-8081-exec-3] DEBUG o.s.w.s.m.m.a.HttpEntityMethodProcessor - Writing [Page 1 of 1 containing com.middleware.backend.kaotocamel.dto.IntegratedApiDto instances]
2025-10-12 19:55:27 [http-nio-8081-exec-3] DEBUG o.s.web.servlet.DispatcherServlet - Completed 200 OK
2025-10-12 19:55:27 [http-nio-8081-exec-3] DEBUG o.a.camel.spring.SpringCamelContext - onApplicationEvent: ServletRequestHandledEvent: url=[/api/integrated-apis]; client=[0:0:0:0:0:0:0:1]; method=[GET]; status=[200]; servlet=[dispatcherServlet]; session=[null]; user=[admin@mail.com]; time=[194ms]
2025-10-12 19:55:27 [http-nio-8081-exec-3] DEBUG o.s.w.f.CommonsRequestLoggingFilter - After request [GET /api/integrated-apis?page=0&size=10&sort=id%2Casc, client=0:0:0:0:0:0:0:1, user=admin@mail.com]
2025-10-12 19:55:38 [scheduling-1] INFO  c.m.b.k.service.DynamicRouteService - Starting route status sync with Camel context
2025-10-12 19:55:38 [scheduling-1] INFO  c.m.b.k.service.DynamicRouteService - Completed route status sync
2025-10-12 19:56:08 [scheduling-1] INFO  c.m.b.k.service.DynamicRouteService - Starting route status sync with Camel context
2025-10-12 19:56:08 [scheduling-1] INFO  c.m.b.k.service.DynamicRouteService - Completed route status sync
2025-10-12 19:56:38 [scheduling-1] INFO  c.m.b.k.service.DynamicRouteService - Starting route status sync with Camel context
2025-10-12 19:56:38 [scheduling-1] INFO  c.m.b.k.service.DynamicRouteService - Completed route status sync
2025-10-12 19:57:08 [scheduling-1] INFO  c.m.b.k.service.DynamicRouteService - Starting route status sync with Camel context
2025-10-12 19:57:08 [scheduling-1] INFO  c.m.b.k.service.DynamicRouteService - Completed route status sync
2025-10-12 19:57:38 [scheduling-1] INFO  c.m.b.k.service.DynamicRouteService - Starting route status sync with Camel context
2025-10-12 19:57:38 [scheduling-1] INFO  c.m.b.k.service.DynamicRouteService - Completed route status sync
2025-10-12 19:58:08 [scheduling-1] INFO  c.m.b.k.service.DynamicRouteService - Starting route status sync with Camel context
2025-10-12 19:58:08 [scheduling-1] INFO  c.m.b.k.service.DynamicRouteService - Completed route status sync
2025-10-12 19:58:38 [scheduling-1] INFO  c.m.b.k.service.DynamicRouteService - Starting route status sync with Camel context
2025-10-12 19:58:38 [scheduling-1] INFO  c.m.b.k.service.DynamicRouteService - Completed route status sync
2025-10-12 19:59:08 [scheduling-1] INFO  c.m.b.k.service.DynamicRouteService - Starting route status sync with Camel context
2025-10-12 19:59:08 [scheduling-1] INFO  c.m.b.k.service.DynamicRouteService - Completed route status sync
2025-10-12 19:59:38 [scheduling-1] INFO  c.m.b.k.service.DynamicRouteService - Starting route status sync with Camel context
2025-10-12 19:59:38 [scheduling-1] INFO  c.m.b.k.service.DynamicRouteService - Completed route status sync
2025-10-12 20:00:08 [scheduling-1] INFO  c.m.b.k.service.DynamicRouteService - Starting route status sync with Camel context
2025-10-12 20:00:08 [scheduling-1] INFO  c.m.b.k.service.DynamicRouteService - Completed route status sync
2025-10-12 20:00:38 [scheduling-1] INFO  c.m.b.k.service.DynamicRouteService - Starting route status sync with Camel context
2025-10-12 20:00:38 [scheduling-1] INFO  c.m.b.k.service.DynamicRouteService - Completed route status sync
2025-10-12 20:01:08 [scheduling-1] INFO  c.m.b.k.service.DynamicRouteService - Starting route status sync with Camel context
2025-10-12 20:01:08 [scheduling-1] INFO  c.m.b.k.service.DynamicRouteService - Completed route status sync
2025-10-12 20:01:38 [scheduling-1] INFO  c.m.b.k.service.DynamicRouteService - Starting route status sync with Camel context
2025-10-12 20:01:38 [scheduling-1] INFO  c.m.b.k.service.DynamicRouteService - Completed route status sync
2025-10-12 20:02:08 [scheduling-1] INFO  c.m.b.k.service.DynamicRouteService - Starting route status sync with Camel context
2025-10-12 20:02:08 [scheduling-1] INFO  c.m.b.k.service.DynamicRouteService - Completed route status sync
2025-10-12 20:02:38 [scheduling-1] INFO  c.m.b.k.service.DynamicRouteService - Starting route status sync with Camel context
2025-10-12 20:02:38 [scheduling-1] INFO  c.m.b.k.service.DynamicRouteService - Completed route status sync
2025-10-12 20:03:08 [scheduling-1] INFO  c.m.b.k.service.DynamicRouteService - Starting route status sync with Camel context
2025-10-12 20:03:08 [scheduling-1] INFO  c.m.b.k.service.DynamicRouteService - Completed route status sync
2025-10-12 20:03:38 [scheduling-1] INFO  c.m.b.k.service.DynamicRouteService - Starting route status sync with Camel context
2025-10-12 20:03:38 [scheduling-1] INFO  c.m.b.k.service.DynamicRouteService - Completed route status sync
2025-10-12 20:04:08 [scheduling-1] INFO  c.m.b.k.service.DynamicRouteService - Starting route status sync with Camel context
2025-10-12 20:04:08 [scheduling-1] INFO  c.m.b.k.service.DynamicRouteService - Completed route status sync
2025-10-12 20:04:38 [scheduling-1] INFO  c.m.b.k.service.DynamicRouteService - Starting route status sync with Camel context
2025-10-12 20:04:38 [scheduling-1] INFO  c.m.b.k.service.DynamicRouteService - Completed route status sync
2025-10-12 20:05:08 [scheduling-1] INFO  c.m.b.k.service.DynamicRouteService - Starting route status sync with Camel context
2025-10-12 20:05:08 [scheduling-1] INFO  c.m.b.k.service.DynamicRouteService - Completed route status sync
2025-10-12 20:05:38 [scheduling-1] INFO  c.m.b.k.service.DynamicRouteService - Starting route status sync with Camel context
2025-10-12 20:05:38 [scheduling-1] INFO  c.m.b.k.service.DynamicRouteService - Completed route status sync
2025-10-12 20:06:08 [scheduling-1] INFO  c.m.b.k.service.DynamicRouteService - Starting route status sync with Camel context
2025-10-12 20:06:08 [scheduling-1] INFO  c.m.b.k.service.DynamicRouteService - Completed route status sync
2025-10-12 20:06:38 [scheduling-1] INFO  c.m.b.k.service.DynamicRouteService - Starting route status sync with Camel context
2025-10-12 20:06:38 [scheduling-1] INFO  c.m.b.k.service.DynamicRouteService - Completed route status sync
2025-10-12 20:07:08 [scheduling-1] INFO  c.m.b.k.service.DynamicRouteService - Starting route status sync with Camel context
2025-10-12 20:07:08 [scheduling-1] INFO  c.m.b.k.service.DynamicRouteService - Completed route status sync
2025-10-12 20:07:38 [scheduling-1] INFO  c.m.b.k.service.DynamicRouteService - Starting route status sync with Camel context
2025-10-12 20:07:38 [scheduling-1] INFO  c.m.b.k.service.DynamicRouteService - Completed route status sync
2025-10-12 20:08:08 [scheduling-1] INFO  c.m.b.k.service.DynamicRouteService - Starting route status sync with Camel context
2025-10-12 20:08:08 [scheduling-1] INFO  c.m.b.k.service.DynamicRouteService - Completed route status sync
2025-10-12 20:08:38 [scheduling-1] INFO  c.m.b.k.service.DynamicRouteService - Starting route status sync with Camel context
2025-10-12 20:08:38 [scheduling-1] INFO  c.m.b.k.service.DynamicRouteService - Completed route status sync
2025-10-12 20:09:08 [scheduling-1] INFO  c.m.b.k.service.DynamicRouteService - Starting route status sync with Camel context
2025-10-12 20:09:08 [scheduling-1] INFO  c.m.b.k.service.DynamicRouteService - Completed route status sync
2025-10-12 20:09:38 [scheduling-1] INFO  c.m.b.k.service.DynamicRouteService - Starting route status sync with Camel context
2025-10-12 20:09:38 [scheduling-1] INFO  c.m.b.k.service.DynamicRouteService - Completed route status sync
2025-10-12 20:10:08 [scheduling-1] INFO  c.m.b.k.service.DynamicRouteService - Starting route status sync with Camel context
2025-10-12 20:10:08 [scheduling-1] INFO  c.m.b.k.service.DynamicRouteService - Completed route status sync
2025-10-12 20:10:38 [scheduling-1] INFO  c.m.b.k.service.DynamicRouteService - Starting route status sync with Camel context
2025-10-12 20:10:38 [scheduling-1] INFO  c.m.b.k.service.DynamicRouteService - Completed route status sync
2025-10-12 20:11:08 [scheduling-1] INFO  c.m.b.k.service.DynamicRouteService - Starting route status sync with Camel context
2025-10-12 20:11:08 [scheduling-1] INFO  c.m.b.k.service.DynamicRouteService - Completed route status sync
2025-10-12 20:11:38 [scheduling-1] INFO  c.m.b.k.service.DynamicRouteService - Starting route status sync with Camel context
2025-10-12 20:11:38 [scheduling-1] INFO  c.m.b.k.service.DynamicRouteService - Completed route status sync
2025-10-12 20:12:08 [scheduling-1] INFO  c.m.b.k.service.DynamicRouteService - Starting route status sync with Camel context
2025-10-12 20:12:08 [scheduling-1] INFO  c.m.b.k.service.DynamicRouteService - Completed route status sync
2025-10-12 20:12:38 [scheduling-1] INFO  c.m.b.k.service.DynamicRouteService - Starting route status sync with Camel context
2025-10-12 20:12:38 [scheduling-1] INFO  c.m.b.k.service.DynamicRouteService - Completed route status sync
2025-10-12 20:13:08 [scheduling-1] INFO  c.m.b.k.service.DynamicRouteService - Starting route status sync with Camel context
2025-10-12 20:13:08 [scheduling-1] INFO  c.m.b.k.service.DynamicRouteService - Completed route status sync
2025-10-12 20:13:38 [scheduling-1] INFO  c.m.b.k.service.DynamicRouteService - Starting route status sync with Camel context
2025-10-12 20:13:38 [scheduling-1] INFO  c.m.b.k.service.DynamicRouteService - Completed route status sync
2025-10-12 20:14:08 [scheduling-1] INFO  c.m.b.k.service.DynamicRouteService - Starting route status sync with Camel context
2025-10-12 20:14:08 [scheduling-1] INFO  c.m.b.k.service.DynamicRouteService - Completed route status sync
2025-10-12 20:14:34 [SpringApplicationShutdownHook] DEBUG o.a.camel.spring.SpringCamelContext - onApplicationEvent: org.springframework.boot.availability.AvailabilityChangeEvent[source=org.springframework.boot.web.servlet.context.AnnotationConfigServletWebServerApplicationContext@4e28bdd1, started on Sun Oct 12 19:10:56 EEST 2025]
2025-10-12 20:14:34 [SpringApplicationShutdownHook] DEBUG o.a.camel.spring.SpringCamelContext - onApplicationEvent: org.springframework.context.event.ContextClosedEvent[source=org.springframework.boot.web.servlet.context.AnnotationConfigServletWebServerApplicationContext@4e28bdd1, started on Sun Oct 12 19:10:56 EEST 2025]
2025-10-12 20:14:34 [SpringApplicationShutdownHook] INFO  org.quartz.core.QuartzScheduler - Scheduler quartzScheduler_$_NON_CLUSTERED paused.
2025-10-12 20:14:34 [SpringApplicationShutdownHook] INFO  o.a.c.i.engine.AbstractCamelContext - Apache Camel 4.4.0 (camel-1) is shutting down (timeout:45s)
2025-10-12 20:14:34 [SpringApplicationShutdownHook] DEBUG o.a.c.i.e.DefaultAsyncProcessorAwaitManager - Shutting down with no inflight threads.
2025-10-12 20:14:34 [SpringApplicationShutdownHook] INFO  o.a.c.i.engine.AbstractCamelContext - Routes stopped (stopped:0)
2025-10-12 20:14:34 [SpringApplicationShutdownHook] DEBUG o.a.c.i.e.BaseExecutorServiceManager - Forcing shutdown of ExecutorService: org.apache.camel.util.concurrent.SizedScheduledExecutorService@3033bb96[ErrorHandlerRedeliveryTask]
2025-10-12 20:14:34 [SpringApplicationShutdownHook] DEBUG o.a.c.i.e.DefaultInflightRepository - Shutting down with no inflight exchanges.
2025-10-12 20:14:34 [SpringApplicationShutdownHook] DEBUG o.a.c.i.e.DefaultBeanIntrospection - Stopping BeanIntrospection which was invoked: 4 times
2025-10-12 20:14:34 [SpringApplicationShutdownHook] INFO  o.a.c.i.engine.AbstractCamelContext - Apache Camel 4.4.0 (camel-1) shutdown in 13ms (uptime:1h2m)
2025-10-12 20:14:34 [SpringApplicationShutdownHook] DEBUG o.a.c.m.SimpleMainShutdownStrategy - Shutdown called
2025-10-12 20:14:34 [SpringApplicationShutdownHook] INFO  org.quartz.core.QuartzScheduler - Scheduler quartzScheduler_$_NON_CLUSTERED shutting down.
2025-10-12 20:14:34 [SpringApplicationShutdownHook] INFO  org.quartz.core.QuartzScheduler - Scheduler quartzScheduler_$_NON_CLUSTERED paused.
2025-10-12 20:14:34 [SpringApplicationShutdownHook] INFO  org.quartz.core.QuartzScheduler - Scheduler quartzScheduler_$_NON_CLUSTERED shutdown complete.
2025-10-12 20:14:34 [SpringApplicationShutdownHook] DEBUG o.a.c.h.common.DefaultHttpRegistry - Unregistering CamelServlet with name CamelServlet
2025-10-12 20:14:34 [SpringApplicationShutdownHook] INFO  o.a.c.c.s.CamelHttpTransportServlet - Destroyed CamelHttpTransportServlet[CamelServlet]
